{"type":"FeatureCollection","features":[{"type":"Feature","properties":{"modulo":2,"idparcela":"560","productor":"FAUDOA RODRIGUEZ EDUARDO","cultivo":null,"superficie_fisica_ha":20.47,"superficie_riego_ha":20.47,"hectareas":21.631},"geometry":{"type":"Polygon","coordinates":[[[-105.330954,28.037935],[-105.330933,28.035384],[-105.331185,28.035406],[-105.334932,28.035327],[-105.339359,28.035309],[-105.339946,28.035313],[-105.340055,28.035459],[-105.339704,28.03581],[-105.338792,28.036557],[-105.338189,28.03711],[-105.337607,28.036816],[-105.337602,28.036909],[-105.337925,28.037262],[-105.337307,28.037954],[-105.336906,28.037929],[-105.334326,28.037894],[-105.330954,28.037935]]]}},{"type":"Feature","properties":{"modulo":2,"idparcela":"559","productor":"ALVARADO PALOMINO ALONSO","cultivo":null,"superficie_fisica_ha":30.15,"superficie_riego_ha":19.65,"hectareas":19.545},"geometry":{"type":"Polygon","coordinates":[[[-105.331025,28.033669],[-105.330975,28.032167],[-105.330944,28.029983],[-105.330999,28.029204],[-105.332361,28.029807],[-105.333865,28.030421],[-105.335237,28.031009],[-105.335709,28.031352],[-105.336354,28.032166],[-105.337147,28.033612],[-105.335659,28.033624],[-105.331025,28.033669]]]}},{"type":"Feature","properties":{"modulo":2,"idparcela":"************","productor":null,"cultivo":null,"superficie_fisica_ha":null,"superficie_riego_ha":null,"hectareas":0.699},"geometry":{"type":"Polygon","coordinates":[[[-105.336381,28.032029],[-105.335957,28.031462],[-105.335652,28.031143],[-105.335437,28.031012],[-105.33542,28.030352],[-105.335666,28.030617],[-105.336198,28.030994],[-105.336402,28.031237],[-105.336394,28.03163],[-105.3364,28.031884],[-105.336381,28.032029]]]}},{"type":"Feature","properties":{"modulo":2,"idparcela":"************","productor":null,"cultivo":null,"superficie_fisica_ha":null,"superficie_riego_ha":null,"hectareas":1.112},"geometry":{"type":"Polygon","coordinates":[[[-105.335437,28.031012],[-105.335294,28.030925],[-105.334664,28.030612],[-105.333938,28.030339],[-105.333762,28.030277],[-105.333738,28.030268],[-105.333714,28.029881],[-105.333749,28.029592],[-105.333776,28.029611],[-105.333993,28.029762],[-105.33455,28.030001],[-105.334991,28.030167],[-105.335391,28.030334],[-105.33542,28.030352],[-105.335437,28.031012]]]}},{"type":"Feature","properties":{"modulo":2,"idparcela":"673","productor":"MARQUEZ MARTINEZ ALONSO","cultivo":null,"superficie_fisica_ha":25.45,"superficie_riego_ha":25.45,"hectareas":26.327},"geometry":{"type":"Polygon","coordinates":[[[-105.33398,28.042328],[-105.332531,28.04235],[-105.331487,28.042347],[-105.331133,28.042304],[-105.331163,28.041314],[-105.331111,28.040389],[-105.331051,28.039188],[-105.331036,28.038378],[-105.331021,28.038158],[-105.331241,28.038129],[-105.331587,28.038088],[-105.333398,28.038035],[-105.335141,28.038032],[-105.337188,28.038047],[-105.337094,28.03825],[-105.336708,28.039109],[-105.336545,28.040427],[-105.336751,28.041324],[-105.337123,28.042055],[-105.337028,28.042195],[-105.336649,28.042278],[-105.336493,28.042218],[-105.336233,28.041998],[-105.336135,28.042026],[-105.336098,28.042227],[-105.336002,28.042341],[-105.33397,28.042358],[-105.33398,28.042328]]]}},{"type":"Feature","properties":{"modulo":2,"idparcela":"674","productor":"ESPARZA LICON EDUARDO","cultivo":null,"superficie_fisica_ha":22.9,"superficie_riego_ha":22.9,"hectareas":16.89},"geometry":{"type":"Polygon","coordinates":[[[-105.335963,28.04571],[-105.335638,28.045753],[-105.334609,28.045725],[-105.332987,28.045746],[-105.331999,28.045754],[-105.331181,28.045759],[-105.33108,28.045684],[-105.331083,28.045247],[-105.331044,28.043783],[-105.331086,28.042668],[-105.331109,28.04248],[-105.33141,28.042455],[-105.332463,28.042452],[-105.333753,28.042448],[-105.334648,28.042454],[-105.335045,28.04247],[-105.335483,28.042991],[-105.335657,28.043175],[-105.335829,28.043259],[-105.33593,28.043357],[-105.335951,28.043978],[-105.335945,28.044524],[-105.335946,28.044564],[-105.335941,28.045434],[-105.335963,28.04571]]]}},{"type":"Feature","properties":{"modulo":2,"idparcela":"************","productor":null,"cultivo":null,"superficie_fisica_ha":null,"superficie_riego_ha":null,"hectareas":16.766},"geometry":{"type":"Polygon","coordinates":[[[-105.336057,28.047131],[-105.335978,28.045795],[-105.335963,28.04571],[-105.335941,28.045434],[-105.335946,28.044564],[-105.335945,28.044524],[-105.335951,28.043978],[-105.335957,28.043311],[-105.336063,28.043153],[-105.335886,28.043117],[-105.335456,28.042666],[-105.335285,28.042465],[-105.335361,28.042443],[-105.336397,28.042422],[-105.336854,28.042435],[-105.337304,28.042927],[-105.338014,28.043574],[-105.338572,28.04391],[-105.339158,28.044132],[-105.339206,28.045044],[-105.339208,28.045337],[-105.339205,28.045609],[-105.339198,28.04566],[-105.339157,28.045945],[-105.339159,28.046502],[-105.33916,28.046884],[-105.339188,28.047959],[-105.339187,28.048016],[-105.339174,28.048744],[-105.339127,28.048716],[-105.336057,28.047131]]]}},{"type":"Feature","properties":{"modulo":2,"idparcela":"635","productor":"ALARCON N. FERNANDO","cultivo":null,"superficie_fisica_ha":10,"superficie_riego_ha":10,"hectareas":15.041},"geometry":{"type":"Polygon","coordinates":[[[-105.336022,28.051374],[-105.335905,28.051411],[-105.334163,28.051408],[-105.332405,28.051449],[-105.331958,28.051454],[-105.331728,28.051028],[-105.331279,28.049903],[-105.331088,28.049359],[-105.331095,28.048814],[-105.33113,28.048463],[-105.333535,28.048467],[-105.336064,28.048466],[-105.336067,28.049158],[-105.336053,28.051154],[-105.336022,28.051374]]]}},{"type":"Feature","properties":{"modulo":2,"idparcela":"675","productor":"RIVERA CORONADO DIZAN ALBERTO","cultivo":null,"superficie_fisica_ha":13.5,"superficie_riego_ha":13.5,"hectareas":14.562},"geometry":{"type":"Polygon","coordinates":[[[-105.331121,28.048092],[-105.331108,28.046717],[-105.33108,28.045684],[-105.331181,28.045759],[-105.331999,28.045754],[-105.332987,28.045746],[-105.334609,28.045725],[-105.335638,28.045753],[-105.335963,28.04571],[-105.335978,28.045795],[-105.336058,28.047144],[-105.336064,28.048466],[-105.333535,28.048467],[-105.33113,28.048463],[-105.331105,28.048326],[-105.331121,28.048092]]]}},{"type":"Feature","properties":{"modulo":2,"idparcela":"666","productor":"RIVERA CORONADO DIZAN ALBERTO","cultivo":null,"superficie_fisica_ha":11,"superficie_riego_ha":10.9,"hectareas":13.596},"geometry":{"type":"Polygon","coordinates":[[[-105.339153,28.051415],[-105.339164,28.050385],[-105.339161,28.049446],[-105.339174,28.048744],[-105.339187,28.048016],[-105.339188,28.047959],[-105.33916,28.046884],[-105.339159,28.046502],[-105.339157,28.045945],[-105.339198,28.04566],[-105.339205,28.045609],[-105.339208,28.045337],[-105.339206,28.045044],[-105.339158,28.044132],[-105.340406,28.04462],[-105.341229,28.044997],[-105.34094,28.045478],[-105.340944,28.04648],[-105.340976,28.048858],[-105.340984,28.050588],[-105.340998,28.051384],[-105.340996,28.051464],[-105.340946,28.051462],[-105.339742,28.05143],[-105.339153,28.051415]]]}},{"type":"Feature","properties":{"modulo":2,"idparcela":"679","productor":"VAZQUEZ JAQUEZ LEOPOLDO","cultivo":null,"superficie_fisica_ha":16,"superficie_riego_ha":16,"hectareas":16.104},"geometry":{"type":"Polygon","coordinates":[[[-105.346168,28.05604],[-105.346198,28.058789],[-105.346199,28.058967],[-105.34117,28.058908],[-105.34117,28.058756],[-105.341135,28.05593],[-105.346168,28.05604]]]}},{"type":"Feature","properties":{"modulo":2,"idparcela":"678","productor":"FAUDOA RODRIGUEZ EDUARDO","cultivo":null,"superficie_fisica_ha":8.55,"superficie_riego_ha":8.55,"hectareas":8.935},"geometry":{"type":"Polygon","coordinates":[[[-105.346148,28.054351],[-105.346149,28.054408],[-105.346149,28.054408],[-105.346168,28.05604],[-105.346168,28.05604],[-105.341135,28.05593],[-105.341115,28.054344],[-105.346148,28.054351]]]}},{"type":"Feature","properties":{"modulo":2,"idparcela":"677","productor":"BERJES TERRAZAS JUAN CARLOS","cultivo":null,"superficie_fisica_ha":14.3,"superficie_riego_ha":13.4,"hectareas":15.959},"geometry":{"type":"Polygon","coordinates":[[[-105.345101,28.051436],[-105.34576,28.051485],[-105.346205,28.051492],[-105.346206,28.051508],[-105.346245,28.052176],[-105.346229,28.052394],[-105.346196,28.052842],[-105.346186,28.053026],[-105.346136,28.053919],[-105.346148,28.054351],[-105.341115,28.054344],[-105.341111,28.054003],[-105.341124,28.051969],[-105.341178,28.051459],[-105.341573,28.051451],[-105.343116,28.051438],[-105.344461,28.051411],[-105.345101,28.051436]]]}},{"type":"Feature","properties":{"modulo":2,"idparcela":"696","productor":"LOYA CHAPARRO SILVIA MARGAR","cultivo":null,"superficie_fisica_ha":9,"superficie_riego_ha":9,"hectareas":8.795},"geometry":{"type":"Polygon","coordinates":[[[-105.339168,28.059579],[-105.338046,28.05896],[-105.33676,28.058253],[-105.335808,28.057685],[-105.335276,28.057379],[-105.335245,28.057257],[-105.335956,28.057047],[-105.336389,28.05672],[-105.336969,28.056234],[-105.337721,28.056008],[-105.338685,28.055988],[-105.339122,28.055971],[-105.339168,28.059579]]]}},{"type":"Feature","properties":{"modulo":2,"idparcela":"672","productor":"RIVERA CORONADO DIZAN ALBERTO","cultivo":null,"superficie_fisica_ha":8.75,"superficie_riego_ha":8.75,"hectareas":8.416},"geometry":{"type":"Polygon","coordinates":[[[-105.340844,28.06054],[-105.339753,28.059903],[-105.339168,28.059579],[-105.339122,28.055971],[-105.340062,28.055935],[-105.340891,28.056015],[-105.341002,28.056038],[-105.341046,28.058775],[-105.34101,28.060537],[-105.340844,28.06054]]]}},{"type":"Feature","properties":{"modulo":2,"idparcela":"684","productor":"LICON MATA RAFAEL ARTURO","cultivo":null,"superficie_fisica_ha":9,"superficie_riego_ha":9,"hectareas":10.815},"geometry":{"type":"Polygon","coordinates":[[[-105.348975,28.055914],[-105.34866,28.055189],[-105.348124,28.05435],[-105.347197,28.053383],[-105.346186,28.053026],[-105.346196,28.052842],[-105.346229,28.052394],[-105.346236,28.052296],[-105.346245,28.052176],[-105.346216,28.051685],[-105.346205,28.051492],[-105.346729,28.051502],[-105.347511,28.051515],[-105.347613,28.051695],[-105.347783,28.051863],[-105.347977,28.051883],[-105.348389,28.05185],[-105.348611,28.051919],[-105.34921,28.052664],[-105.349957,28.053823],[-105.350677,28.054754],[-105.351047,28.055248],[-105.350757,28.055406],[-105.349542,28.055761],[-105.348975,28.055914]]]}},{"type":"Feature","properties":{"modulo":2,"idparcela":"683","productor":"FAUDOA RODRIGUEZ EDUARDO","cultivo":null,"superficie_fisica_ha":7.46,"superficie_riego_ha":7.46,"hectareas":18.228},"geometry":{"type":"Polygon","coordinates":[[[-105.346186,28.053026],[-105.347197,28.053383],[-105.348124,28.05435],[-105.34866,28.055189],[-105.348975,28.055914],[-105.348444,28.05603],[-105.348228,28.056206],[-105.348238,28.056522],[-105.348335,28.059449],[-105.348318,28.061061],[-105.347205,28.061338],[-105.346382,28.061453],[-105.346229,28.061477],[-105.34622,28.060368],[-105.346199,28.058967],[-105.346198,28.058789],[-105.346168,28.05604],[-105.346149,28.054408],[-105.346148,28.054351],[-105.346136,28.053919],[-105.346186,28.053026]]]}},{"type":"Feature","properties":{"modulo":2,"idparcela":"682","productor":"CAMPOS CHAVARRIA JOSEFA","cultivo":null,"superficie_fisica_ha":26.44,"superficie_riego_ha":26.44,"hectareas":29.211},"geometry":{"type":"Polygon","coordinates":[[[-105.348619,28.05642],[-105.348921,28.056346],[-105.349116,28.056031],[-105.349455,28.055969],[-105.350308,28.055769],[-105.351324,28.05541],[-105.352157,28.055604],[-105.352939,28.055672],[-105.353967,28.055667],[-105.35509,28.055644],[-105.355944,28.055808],[-105.356115,28.055995],[-105.356036,28.056767],[-105.35569,28.057217],[-105.35525,28.057648],[-105.354311,28.058153],[-105.353208,28.058725],[-105.351746,28.059496],[-105.350282,28.060287],[-105.348644,28.060979],[-105.348318,28.061061],[-105.348335,28.059449],[-105.348238,28.056522],[-105.348619,28.05642]]]}},{"type":"Feature","properties":{"modulo":2,"idparcela":"710","productor":"NUNEZ VILLA JESUS MARIO","cultivo":null,"superficie_fisica_ha":23.67,"superficie_riego_ha":23.67,"hectareas":25.243},"geometry":{"type":"Polygon","coordinates":[[[-105.348892,28.066296],[-105.348584,28.066881],[-105.348448,28.067301],[-105.348282,28.067778],[-105.348241,28.068011],[-105.348002,28.067974],[-105.347489,28.067478],[-105.347081,28.067359],[-105.345781,28.065866],[-105.343889,28.063605],[-105.343326,28.063025],[-105.343105,28.06272],[-105.343035,28.062632],[-105.343337,28.062539],[-105.344591,28.062224],[-105.346743,28.06173],[-105.348445,28.061294],[-105.349164,28.061028],[-105.348892,28.066296]]]}},{"type":"Feature","properties":{"modulo":2,"idparcela":"709","productor":"NU¥EZ VILLA JESUS MARIO","cultivo":null,"superficie_fisica_ha":14.5,"superficie_riego_ha":10.4,"hectareas":10.782},"geometry":{"type":"Polygon","coordinates":[[[-105.351092,28.063616],[-105.350776,28.063825],[-105.350603,28.064016],[-105.350291,28.064312],[-105.349834,28.064822],[-105.349623,28.064975],[-105.349533,28.06512],[-105.349667,28.065094],[-105.350129,28.0647],[-105.35103,28.063784],[-105.351188,28.063771],[-105.351178,28.063876],[-105.350454,28.064612],[-105.349849,28.065325],[-105.349588,28.06568],[-105.34936,28.065965],[-105.349214,28.066302],[-105.348892,28.066296],[-105.349164,28.061028],[-105.349293,28.060981],[-105.350069,28.060627],[-105.350985,28.060164],[-105.351355,28.059976],[-105.351349,28.063428],[-105.351092,28.063616]]]}},{"type":"Feature","properties":{"modulo":2,"idparcela":"707","productor":"DURAN DE GALLEGOS MA.DEL CARMEN","cultivo":null,"superficie_fisica_ha":21.05,"superficie_riego_ha":19.18,"hectareas":17.115},"geometry":{"type":"Polygon","coordinates":[[[-105.355159,28.062316],[-105.354503,28.062478],[-105.354547,28.058399],[-105.355026,28.058181],[-105.35554,28.057811],[-105.3564,28.057033],[-105.356651,28.056627],[-105.356818,28.056483],[-105.357004,28.05652],[-105.35718,28.056629],[-105.357622,28.057204],[-105.357899,28.057639],[-105.358205,28.058278],[-105.358301,28.058829],[-105.35829,28.059301],[-105.358133,28.059939],[-105.357371,28.061257],[-105.357024,28.061749],[-105.355159,28.062316]]]}},{"type":"Feature","properties":{"modulo":2,"idparcela":"715","productor":"PEREZ RANGEL REFUGIO","cultivo":null,"superficie_fisica_ha":13.75,"superficie_riego_ha":13.75,"hectareas":12.968},"geometry":{"type":"Polygon","coordinates":[[[-105.348689,28.071558],[-105.346775,28.071639],[-105.346253,28.071607],[-105.346217,28.071246],[-105.346117,28.071015],[-105.345855,28.07084],[-105.34587,28.070026],[-105.345925,28.066939],[-105.346748,28.067884],[-105.348272,28.069196],[-105.349906,28.070148],[-105.350457,28.070409],[-105.3504,28.070956],[-105.350474,28.071059],[-105.350783,28.071137],[-105.350779,28.071497],[-105.349729,28.071536],[-105.348689,28.071558]]]}},{"type":"Feature","properties":{"modulo":2,"idparcela":"731","productor":"SALAS VALENCIA TIBURCIO","cultivo":null,"superficie_fisica_ha":3.81,"superficie_riego_ha":3.81,"hectareas":3.865},"geometry":{"type":"Polygon","coordinates":[[[-105.338874,28.066585],[-105.338879,28.066369],[-105.338881,28.066234],[-105.338898,28.065023],[-105.341177,28.064976],[-105.341134,28.065073],[-105.341123,28.06569],[-105.341101,28.066606],[-105.338874,28.066585]]]}},{"type":"Feature","properties":{"modulo":2,"idparcela":"742","productor":"RUVALCABA PLACENCIA PEDRO","cultivo":null,"superficie_fisica_ha":10.65,"superficie_riego_ha":9.65,"hectareas":10.091},"geometry":{"type":"Polygon","coordinates":[[[-105.331243,28.065216],[-105.331177,28.06495],[-105.331194,28.063779],[-105.331401,28.063523],[-105.332087,28.06355],[-105.33313,28.063613],[-105.334977,28.063722],[-105.336026,28.063765],[-105.336125,28.065903],[-105.331243,28.065216]]]}},{"type":"Feature","properties":{"modulo":2,"idparcela":"687","productor":"ESPARZA PORTILLO VICTOR MANUEL","cultivo":null,"superficie_fisica_ha":22.25,"superficie_riego_ha":22.25,"hectareas":21.1},"geometry":{"type":"Polygon","coordinates":[[[-105.341473,28.063378],[-105.340777,28.063896],[-105.340164,28.063971],[-105.338832,28.063705],[-105.337528,28.063585],[-105.336758,28.063535],[-105.336242,28.063234],[-105.336065,28.062818],[-105.336082,28.060335],[-105.336092,28.05871],[-105.336721,28.058965],[-105.33809,28.059755],[-105.339531,28.060585],[-105.340708,28.061295],[-105.341772,28.062155],[-105.342305,28.062663],[-105.341473,28.063378]]]}},{"type":"Feature","properties":{"modulo":2,"idparcela":"689","productor":"VILLANUEVA LOPEZ ABEL","cultivo":null,"superficie_fisica_ha":16.4,"superficie_riego_ha":16.4,"hectareas":16.144},"geometry":{"type":"Polygon","coordinates":[[[-105.336758,28.063535],[-105.335537,28.063437],[-105.335264,28.063365],[-105.334941,28.063356],[-105.334613,28.063351],[-105.332601,28.063288],[-105.331441,28.063249],[-105.33116,28.063187],[-105.331119,28.061808],[-105.331144,28.060344],[-105.333091,28.060341],[-105.333189,28.060341],[-105.333196,28.060341],[-105.336082,28.060335],[-105.336065,28.062818],[-105.336242,28.063234],[-105.336758,28.063535]]]}},{"type":"Feature","properties":{"modulo":2,"idparcela":"688","productor":"VAZQUEZ JAQUEZ LEOPOLDO","cultivo":null,"superficie_fisica_ha":8.75,"superficie_riego_ha":8.35,"hectareas":7.914},"geometry":{"type":"Polygon","coordinates":[[[-105.333159,28.056926],[-105.333442,28.057241],[-105.33369,28.057395],[-105.334318,28.057535],[-105.334294,28.057531],[-105.335932,28.058645],[-105.336092,28.05871],[-105.336082,28.060335],[-105.333196,28.060341],[-105.333189,28.060341],[-105.333182,28.059628],[-105.333159,28.056926]]]}},{"type":"Feature","properties":{"modulo":2,"idparcela":"699","productor":"CHAVERO MONTES GERONIMO","cultivo":null,"superficie_fisica_ha":10.33,"superficie_riego_ha":10.33,"hectareas":10.338},"geometry":{"type":"Polygon","coordinates":[[[-105.325942,28.058002],[-105.325938,28.057952],[-105.325941,28.056287],[-105.325966,28.056052],[-105.326445,28.056071],[-105.329039,28.056059],[-105.330801,28.056125],[-105.330849,28.057953],[-105.330852,28.05805],[-105.325942,28.058002]]]}},{"type":"Feature","properties":{"modulo":2,"idparcela":"700","productor":"MALTOS VARGAS JOSE GERARDO","cultivo":null,"superficie_fisica_ha":10.33,"superficie_riego_ha":10.33,"hectareas":8.992},"geometry":{"type":"Polygon","coordinates":[[[-105.328915,28.059735],[-105.328594,28.0597],[-105.328428,28.059722],[-105.328308,28.059718],[-105.328306,28.059718],[-105.327859,28.059702],[-105.325993,28.059638],[-105.326016,28.059363],[-105.325942,28.058002],[-105.330852,28.05805],[-105.330871,28.058795],[-105.330919,28.059808],[-105.328915,28.059735]]]}},{"type":"Feature","properties":{"modulo":2,"idparcela":"691","productor":"PEREZ CAMPOS LUIS","cultivo":null,"superficie_fisica_ha":10.13,"superficie_riego_ha":9.48,"hectareas":9.856},"geometry":{"type":"Polygon","coordinates":[[[-105.332378,28.055872],[-105.330152,28.055861],[-105.328478,28.055865],[-105.32639,28.055853],[-105.32611,28.055859],[-105.32593,28.055876],[-105.325957,28.055461],[-105.325995,28.054429],[-105.332,28.054402],[-105.33233,28.055282],[-105.3324,28.055768],[-105.332378,28.055872]]]}},{"type":"Feature","properties":{"modulo":2,"idparcela":"694","productor":"HERRERA ESPINOZA JESUS","cultivo":null,"superficie_fisica_ha":9.8,"superficie_riego_ha":9.5,"hectareas":9.064},"geometry":{"type":"Polygon","coordinates":[[[-105.325987,28.052902],[-105.326013,28.051949],[-105.326062,28.051167],[-105.326152,28.051063],[-105.327382,28.051161],[-105.329727,28.05138],[-105.331126,28.051595],[-105.331405,28.052372],[-105.331489,28.05284],[-105.325987,28.052902]]]}},{"type":"Feature","properties":{"modulo":2,"idparcela":"693","productor":"DELGADO VELAZQUEZ LUIS","cultivo":null,"superficie_fisica_ha":10.1,"superficie_riego_ha":9.9,"hectareas":9.695},"geometry":{"type":"Polygon","coordinates":[[[-105.325995,28.054429],[-105.325987,28.052902],[-105.331489,28.05284],[-105.331716,28.053353],[-105.331961,28.054287],[-105.332,28.054402],[-105.325995,28.054429]]]}},{"type":"Feature","properties":{"modulo":2,"idparcela":"698","productor":"TAPIA ORTEGA SALVADOR","cultivo":null,"superficie_fisica_ha":19.55,"superficie_riego_ha":19.4,"hectareas":17.738},"geometry":{"type":"Polygon","coordinates":[[[-105.330487,28.051179],[-105.328248,28.050948],[-105.326047,28.05066],[-105.326042,28.050407],[-105.325972,28.048621],[-105.326014,28.04734],[-105.326083,28.04692],[-105.329046,28.046978],[-105.32928,28.047566],[-105.329781,28.048111],[-105.330596,28.050067],[-105.331037,28.050983],[-105.331107,28.051271],[-105.330487,28.051179]]]}},{"type":"Feature","properties":{"modulo":2,"idparcela":"695","productor":"ARRIETA HURTADO RAMON ARTURO","cultivo":null,"superficie_fisica_ha":19.15,"superficie_riego_ha":18.4,"hectareas":9.929},"geometry":{"type":"Polygon","coordinates":[[[-105.326145,28.042619],[-105.325905,28.042782],[-105.3252,28.043006],[-105.323905,28.043115],[-105.323659,28.042544],[-105.324053,28.041673],[-105.324689,28.040303],[-105.325546,28.038539],[-105.325719,28.038042],[-105.326409,28.039631],[-105.327123,28.04124],[-105.326881,28.041738],[-105.326521,28.042136],[-105.326455,28.042408],[-105.326145,28.042619]]]}},{"type":"Feature","properties":{"modulo":2,"idparcela":"561","productor":"VARGAS MALTOS JOSE ANGEL","cultivo":null,"superficie_fisica_ha":17.85,"superficie_riego_ha":17.85,"hectareas":13.487},"geometry":{"type":"Polygon","coordinates":[[[-105.325492,28.03576],[-105.325473,28.035725],[-105.324899,28.034154],[-105.324607,28.033626],[-105.325,28.033597],[-105.326849,28.033592],[-105.328755,28.033599],[-105.330037,28.033588],[-105.330326,28.033549],[-105.330695,28.033574],[-105.330661,28.034236],[-105.330669,28.035881],[-105.325492,28.03576]]]}},{"type":"Feature","properties":{"modulo":2,"idparcela":"562","productor":"SAENZ RAMOS LEOPOLDO","cultivo":null,"superficie_fisica_ha":8,"superficie_riego_ha":8,"hectareas":10.639},"geometry":{"type":"Polygon","coordinates":[[[-105.330745,28.037861],[-105.328174,28.03787],[-105.326853,28.037875],[-105.326355,28.037886],[-105.326021,28.037053],[-105.325761,28.036413],[-105.325492,28.03576],[-105.330669,28.035881],[-105.330713,28.036249],[-105.330751,28.037694],[-105.330745,28.037861]]]}},{"type":"Feature","properties":{"modulo":2,"idparcela":"555","productor":"SANTOS N. GUERRERO","cultivo":null,"superficie_fisica_ha":26,"superficie_riego_ha":26,"hectareas":28.552},"geometry":{"type":"Polygon","coordinates":[[[-105.329078,28.033361],[-105.327345,28.033351],[-105.326153,28.033409],[-105.325922,28.033288],[-105.325914,28.02955],[-105.325941,28.028831],[-105.325707,28.028753],[-105.325779,28.027066],[-105.32578,28.026926],[-105.325785,28.025895],[-105.325787,28.025587],[-105.325755,28.024358],[-105.325745,28.023984],[-105.326696,28.024931],[-105.327171,28.025394],[-105.328835,28.02612],[-105.329199,28.026258],[-105.329078,28.033361]]]}},{"type":"Feature","properties":{"modulo":2,"idparcela":"556","productor":"FAUDOA RODRIGUEZ EDUARDO","cultivo":null,"superficie_fisica_ha":11.05,"superficie_riego_ha":11.05,"hectareas":10.809},"geometry":{"type":"Polygon","coordinates":[[[-105.330747,28.03335],[-105.330738,28.033356],[-105.330738,28.03335],[-105.330747,28.03335]],[[-105.330793,28.03335],[-105.330747,28.03335],[-105.330759,28.033342],[-105.330738,28.033342],[-105.330738,28.03335],[-105.329078,28.033361],[-105.329199,28.026258],[-105.329911,28.026529],[-105.330799,28.02684],[-105.33085,28.027003],[-105.330767,28.027395],[-105.330327,28.027384],[-105.329913,28.027495],[-105.329857,28.02801],[-105.330003,28.028295],[-105.330744,28.029143],[-105.330741,28.031691],[-105.330793,28.03335]]]}},{"type":"Feature","properties":{"modulo":2,"idparcela":"569","productor":"SANTOS N. GUERRERO","cultivo":null,"superficie_fisica_ha":11.15,"superficie_riego_ha":11.15,"hectareas":9.523},"geometry":{"type":"Polygon","coordinates":[[[-105.325576,28.033462],[-105.324789,28.033478],[-105.324508,28.033361],[-105.323712,28.03126],[-105.323095,28.029834],[-105.322944,28.029344],[-105.323056,28.029042],[-105.323557,28.028985],[-105.324834,28.029018],[-105.325481,28.029007],[-105.32564,28.029096],[-105.325678,28.030572],[-105.325661,28.033232],[-105.325576,28.033462]]]}},{"type":"Feature","properties":{"modulo":2,"idparcela":"554","productor":"LICON GARCIA EVELIN MARISA","cultivo":null,"superficie_fisica_ha":18.7,"superficie_riego_ha":17.9,"hectareas":19.637},"geometry":{"type":"Polygon","coordinates":[[[-105.325222,28.028784],[-105.324249,28.028783],[-105.323299,28.028782],[-105.323067,28.028746],[-105.322914,28.028215],[-105.322759,28.027581],[-105.322674,28.026103],[-105.322592,28.025853],[-105.322515,28.024917],[-105.322424,28.023642],[-105.322416,28.023334],[-105.322871,28.023016],[-105.323785,28.022545],[-105.324153,28.022435],[-105.324316,28.022472],[-105.325459,28.023682],[-105.325745,28.023984],[-105.325787,28.025587],[-105.325779,28.027066],[-105.325707,28.028753],[-105.325222,28.028784]]]}},{"type":"Feature","properties":{"modulo":2,"idparcela":"570","productor":"TERRAZAS MARQUEZ RUBEN","cultivo":null,"superficie_fisica_ha":5.4,"superficie_riego_ha":1.5,"hectareas":5.381},"geometry":{"type":"Polygon","coordinates":[[[-105.322281,28.028142],[-105.321442,28.026071],[-105.32062,28.024013],[-105.320497,28.023604],[-105.32056,28.023546],[-105.320941,28.023438],[-105.321421,28.0234],[-105.322107,28.023329],[-105.322251,28.023312],[-105.322256,28.023497],[-105.322273,28.024056],[-105.322312,28.024672],[-105.322404,28.026417],[-105.322454,28.027715],[-105.322635,28.028209],[-105.322562,28.028277],[-105.322414,28.02833],[-105.322281,28.028142]]]}},{"type":"Feature","properties":{"modulo":2,"idparcela":"718","productor":"LICON PEREZ JUAN","cultivo":null,"superficie_fisica_ha":24.1,"superficie_riego_ha":24.1,"hectareas":23.79},"geometry":{"type":"Polygon","coordinates":[[[-105.354646,28.082972],[-105.352512,28.082965],[-105.351691,28.082971],[-105.351496,28.08299],[-105.351433,28.082636],[-105.35147,28.079983],[-105.351468,28.07836],[-105.351839,28.07838],[-105.351877,28.078383],[-105.352044,28.078392],[-105.352274,28.078405],[-105.352449,28.078415],[-105.352592,28.078423],[-105.352776,28.078433],[-105.352911,28.078441],[-105.353019,28.078447],[-105.353218,28.078459],[-105.353588,28.078469],[-105.353779,28.078474],[-105.353943,28.078478],[-105.354141,28.078484],[-105.354351,28.07849],[-105.354584,28.078496],[-105.354747,28.0785],[-105.354907,28.078504],[-105.355074,28.078508],[-105.355195,28.078511],[-105.355293,28.078566],[-105.355358,28.078602],[-105.355538,28.07861],[-105.3556,28.078612],[-105.355934,28.078627],[-105.356101,28.078634],[-105.35624,28.07864],[-105.356242,28.078692],[-105.356242,28.078724],[-105.356358,28.080095],[-105.356403,28.081799],[-105.356405,28.082285],[-105.3564,28.082442],[-105.356394,28.082633],[-105.356385,28.082928],[-105.35622,28.082963],[-105.354646,28.082972]]]}},{"type":"Feature","properties":{"modulo":2,"idparcela":"705","productor":"HERNANDEZ N. MARIO","cultivo":null,"superficie_fisica_ha":11.23,"superficie_riego_ha":11.23,"hectareas":10.279},"geometry":{"type":"Polygon","coordinates":[[[-105.323875,28.061637],[-105.323623,28.061761],[-105.323436,28.061765],[-105.32272,28.062049],[-105.321722,28.062261],[-105.32119,28.062378],[-105.320988,28.062477],[-105.320959,28.06165],[-105.320963,28.060015],[-105.321727,28.060013],[-105.323803,28.060005],[-105.325583,28.059995],[-105.325636,28.060229],[-105.325873,28.060349],[-105.325832,28.061765],[-105.325584,28.061804],[-105.325165,28.061854],[-105.324627,28.061803],[-105.323875,28.061637]]]}},{"type":"Feature","properties":{"modulo":2,"idparcela":"703","productor":"JIMENEZ GOMEZ JOSE","cultivo":null,"superficie_fisica_ha":10.3,"superficie_riego_ha":10.3,"hectareas":9.647},"geometry":{"type":"Polygon","coordinates":[[[-105.320992,28.058012],[-105.320979,28.057033],[-105.32096,28.05633],[-105.321026,28.056183],[-105.322285,28.056137],[-105.323895,28.056124],[-105.325015,28.056101],[-105.32525,28.056159],[-105.32537,28.05628],[-105.32565,28.056295],[-105.325814,28.056313],[-105.325827,28.057699],[-105.325796,28.057968],[-105.320992,28.058012]]]}},{"type":"Feature","properties":{"modulo":2,"idparcela":"704","productor":"REYES JAQUEZ LAZARO","cultivo":null,"superficie_fisica_ha":10.06,"superficie_riego_ha":10.06,"hectareas":9.725},"geometry":{"type":"Polygon","coordinates":[[[-105.325608,28.059833],[-105.324243,28.059869],[-105.322473,28.059866],[-105.321127,28.059859],[-105.320954,28.059845],[-105.321006,28.058979],[-105.320992,28.058012],[-105.325796,28.057968],[-105.325789,28.058032],[-105.325786,28.058782],[-105.3258,28.059356],[-105.325787,28.05975],[-105.325608,28.059833]]]}},{"type":"Feature","properties":{"modulo":2,"idparcela":"701","productor":"SANTOS N. ANGEL","cultivo":null,"superficie_fisica_ha":11,"superficie_riego_ha":9.25,"hectareas":10.552},"geometry":{"type":"Polygon","coordinates":[[[-105.325127,28.055933],[-105.321863,28.055993],[-105.32127,28.055958],[-105.321034,28.055982],[-105.32096,28.055419],[-105.320983,28.053998],[-105.321068,28.053958],[-105.3211,28.053956],[-105.321714,28.053912],[-105.322153,28.05392],[-105.322335,28.053923],[-105.323348,28.053941],[-105.323852,28.053931],[-105.324655,28.053914],[-105.324926,28.053928],[-105.325519,28.053958],[-105.32579,28.053985],[-105.325796,28.054739],[-105.325754,28.055796],[-105.325733,28.055914],[-105.325127,28.055933]]]}},{"type":"Feature","properties":{"modulo":2,"idparcela":"702","productor":"LICON MARQUEZ RAUL","cultivo":null,"superficie_fisica_ha":15.9,"superficie_riego_ha":12.4,"hectareas":15.003},"geometry":{"type":"Polygon","coordinates":[[[-105.323348,28.053941],[-105.322335,28.053923],[-105.322153,28.05392],[-105.321714,28.053912],[-105.3211,28.053956],[-105.321068,28.053958],[-105.320982,28.05396],[-105.320965,28.052934],[-105.321053,28.052746],[-105.322339,28.051022],[-105.322668,28.050576],[-105.322861,28.050473],[-105.323845,28.050618],[-105.325509,28.050894],[-105.325745,28.050972],[-105.325794,28.052876],[-105.32579,28.053985],[-105.325519,28.053958],[-105.324926,28.053928],[-105.324655,28.053914],[-105.323852,28.053931],[-105.323348,28.053941]]]}},{"type":"Feature","properties":{"modulo":2,"idparcela":"706","productor":"SANTOS VALDEZ ROBERTO","cultivo":null,"superficie_fisica_ha":12.3,"superficie_riego_ha":12.3,"hectareas":11.995},"geometry":{"type":"Polygon","coordinates":[[[-105.320786,28.062438],[-105.320131,28.062573],[-105.319794,28.062555],[-105.319559,28.062569],[-105.319257,28.062596],[-105.318882,28.062542],[-105.318599,28.062444],[-105.318088,28.062517],[-105.317764,28.062648],[-105.317508,28.062653],[-105.317528,28.062549],[-105.317584,28.061989],[-105.317591,28.061368],[-105.317724,28.061096],[-105.318134,28.060715],[-105.3185,28.060417],[-105.318742,28.059853],[-105.31887,28.059395],[-105.318994,28.058792],[-105.319055,28.05846],[-105.319145,28.058334],[-105.319541,28.058284],[-105.319819,28.058196],[-105.320182,28.057816],[-105.320452,28.057625],[-105.320684,28.05762],[-105.320811,28.057782],[-105.320782,28.059335],[-105.320785,28.06124],[-105.320789,28.062296],[-105.320786,28.062438]]]}},{"type":"Feature","properties":{"modulo":2,"idparcela":"615","productor":"REYES LOPEZ JOSE","cultivo":null,"superficie_fisica_ha":10.05,"superficie_riego_ha":10.05,"hectareas":15.9},"geometry":{"type":"Polygon","coordinates":[[[-105.316041,28.060159],[-105.315219,28.059621],[-105.315339,28.059469],[-105.315384,28.05931],[-105.315432,28.059003],[-105.315456,28.058098],[-105.315514,28.057542],[-105.315605,28.057358],[-105.31581,28.057266],[-105.316085,28.05732],[-105.316376,28.05739],[-105.316561,28.057509],[-105.316715,28.057519],[-105.316762,28.057327],[-105.316587,28.056875],[-105.316529,28.056462],[-105.316312,28.056123],[-105.316544,28.05613],[-105.317057,28.05612],[-105.317408,28.056133],[-105.317319,28.056322],[-105.317392,28.056424],[-105.317601,28.056399],[-105.317992,28.056183],[-105.318042,28.056286],[-105.317957,28.056598],[-105.318196,28.056842],[-105.318382,28.056817],[-105.318613,28.056709],[-105.318802,28.056788],[-105.318954,28.05683],[-105.319219,28.056676],[-105.319327,28.056363],[-105.319322,28.056156],[-105.319344,28.056075],[-105.31995,28.05606],[-105.320347,28.056094],[-105.320377,28.056342],[-105.320476,28.056547],[-105.320436,28.056796],[-105.320343,28.057136],[-105.320287,28.057358],[-105.320175,28.057547],[-105.319698,28.058033],[-105.319621,28.058098],[-105.319279,28.058083],[-105.319084,28.058116],[-105.318904,28.058291],[-105.318823,28.058506],[-105.318697,28.058672],[-105.318644,28.0591],[-105.318437,28.059818],[-105.318171,28.060341],[-105.317785,28.060763],[-105.317338,28.061022],[-105.316933,28.060745],[-105.31624,28.060289],[-105.316041,28.060159]]]}},{"type":"Feature","properties":{"modulo":2,"idparcela":"625","productor":"VILLALOBOS JAQUEZ HUMBERTO","cultivo":null,"superficie_fisica_ha":13.3,"superficie_riego_ha":13.3,"hectareas":13.129},"geometry":{"type":"Polygon","coordinates":[[[-105.314703,28.062419],[-105.314656,28.062848],[-105.314602,28.063023],[-105.313635,28.063623],[-105.313308,28.063838],[-105.313139,28.063995],[-105.313017,28.064387],[-105.312736,28.064689],[-105.312456,28.06493],[-105.311033,28.06496],[-105.309563,28.064969],[-105.309194,28.064273],[-105.308505,28.0629],[-105.308292,28.062417],[-105.309285,28.062416],[-105.312157,28.062411],[-105.314703,28.062419]]]}},{"type":"Feature","properties":{"modulo":2,"idparcela":"624","productor":"RAMOS N. ROSALIO","cultivo":null,"superficie_fisica_ha":13.95,"superficie_riego_ha":13.45,"hectareas":13.295},"geometry":{"type":"Polygon","coordinates":[[[-105.314576,28.061202],[-105.3147,28.061911],[-105.314703,28.062419],[-105.312157,28.062411],[-105.309285,28.062416],[-105.308292,28.062417],[-105.307617,28.060828],[-105.307564,28.060678],[-105.30917,28.060612],[-105.309657,28.060597],[-105.310428,28.060562],[-105.312124,28.060569],[-105.31454,28.060579],[-105.314576,28.061202]]]}},{"type":"Feature","properties":{"modulo":2,"idparcela":"622","productor":"RAMOS N. ROSALIO","cultivo":null,"superficie_fisica_ha":12.3,"superficie_riego_ha":9.6,"hectareas":11.983},"geometry":{"type":"Polygon","coordinates":[[[-105.309627,28.056137],[-105.312168,28.056135],[-105.312124,28.060569],[-105.310428,28.060562],[-105.309657,28.060597],[-105.30968,28.060452],[-105.309627,28.056137]]]}},{"type":"Feature","properties":{"modulo":2,"idparcela":"621","productor":"RAMOS N. ROSALIO","cultivo":null,"superficie_fisica_ha":14.6,"superficie_riego_ha":12.75,"hectareas":15.321},"geometry":{"type":"Polygon","coordinates":[[[-105.312168,28.056135],[-105.312273,28.056135],[-105.31483,28.056051],[-105.316042,28.056119],[-105.315969,28.056737],[-105.315929,28.0569],[-105.315867,28.057014],[-105.31562,28.056994],[-105.315404,28.057025],[-105.315327,28.057302],[-105.315266,28.058144],[-105.315234,28.059015],[-105.315227,28.059309],[-105.314682,28.060164],[-105.314534,28.060478],[-105.31454,28.060579],[-105.312124,28.060569],[-105.312168,28.056135]]]}},{"type":"Feature","properties":{"modulo":2,"idparcela":"623","productor":"RAMOS N. ROSALIO","cultivo":null,"superficie_fisica_ha":16.3,"superficie_riego_ha":15.9,"hectareas":13.101},"geometry":{"type":"Polygon","coordinates":[[[-105.30741,28.060479],[-105.306274,28.058261],[-105.306629,28.058052],[-105.306995,28.057775],[-105.307036,28.057547],[-105.306928,28.05699],[-105.306866,28.056139],[-105.309627,28.056137],[-105.30968,28.060452],[-105.309305,28.06044],[-105.30741,28.060479]]]}},{"type":"Feature","properties":{"modulo":2,"idparcela":"623","productor":"RAMOS N. ROSALIO","cultivo":null,"superficie_fisica_ha":16.3,"superficie_riego_ha":15.9,"hectareas":2.863},"geometry":{"type":"Polygon","coordinates":[[[-105.306274,28.058261],[-105.306162,28.058041],[-105.304969,28.05614],[-105.306866,28.056139],[-105.306928,28.05699],[-105.307036,28.057547],[-105.306995,28.057775],[-105.306629,28.058052],[-105.306274,28.058261]]]}},{"type":"Feature","properties":{"modulo":2,"idparcela":"630","productor":"LICON MARQUEZ RAUL","cultivo":null,"superficie_fisica_ha":9.3,"superficie_riego_ha":8.8,"hectareas":10.478},"geometry":{"type":"Polygon","coordinates":[[[-105.318033,28.055933],[-105.317239,28.05593],[-105.316162,28.055977],[-105.31602,28.055865],[-105.315784,28.055608],[-105.315767,28.054966],[-105.315771,28.05242],[-105.315773,28.051612],[-105.316005,28.051566],[-105.317941,28.051546],[-105.318033,28.055933]]]}},{"type":"Feature","properties":{"modulo":2,"idparcela":"618","productor":"LICON MARQUEZ RAUL","cultivo":null,"superficie_fisica_ha":23.23,"superficie_riego_ha":22.33,"hectareas":22.526},"geometry":{"type":"Polygon","coordinates":[[[-105.312758,28.055939],[-105.311451,28.055924],[-105.31083,28.055917],[-105.310826,28.05577],[-105.31082,28.053577],[-105.310791,28.051941],[-105.310779,28.051611],[-105.311478,28.051576],[-105.314302,28.05158],[-105.315559,28.05157],[-105.315551,28.051764],[-105.315582,28.053231],[-105.315625,28.054886],[-105.315595,28.055549],[-105.315816,28.055938],[-105.314904,28.055895],[-105.312758,28.055939]]]}},{"type":"Feature","properties":{"modulo":2,"idparcela":"568","productor":"CHAVERO MONTES JOSE PRUDENCI","cultivo":null,"superficie_fisica_ha":10.1,"superficie_riego_ha":9.2,"hectareas":9.264},"geometry":{"type":"Polygon","coordinates":[[[-105.321059,28.042434],[-105.321093,28.040302],[-105.321017,28.040045],[-105.320879,28.039904],[-105.320509,28.039773],[-105.320089,28.039572],[-105.32033,28.039579],[-105.323568,28.039606],[-105.323587,28.039571],[-105.324789,28.039579],[-105.323571,28.041789],[-105.323286,28.042419],[-105.321059,28.042434]]]}},{"type":"Feature","properties":{"modulo":2,"idparcela":"567","productor":"RODRIGUEZ DIAZ JUAN JOSE","cultivo":null,"superficie_fisica_ha":10.1,"superficie_riego_ha":9.2,"hectareas":9.651},"geometry":{"type":"Polygon","coordinates":[[[-105.320014,28.039345],[-105.319587,28.038957],[-105.319562,28.0388],[-105.319456,28.038187],[-105.319411,28.037961],[-105.325494,28.037971],[-105.324833,28.039499],[-105.324789,28.039579],[-105.323587,28.039571],[-105.323568,28.039606],[-105.32033,28.039579],[-105.320089,28.039572],[-105.320014,28.039345]]]}},{"type":"Feature","properties":{"modulo":2,"idparcela":"578","productor":"ALVAREZ RODRIGUEZ ALVARO","cultivo":null,"superficie_fisica_ha":6,"superficie_riego_ha":6,"hectareas":6.291},"geometry":{"type":"Polygon","coordinates":[[[-105.314992,28.051434],[-105.312891,28.051443],[-105.311207,28.051445],[-105.31087,28.051412],[-105.310799,28.051255],[-105.310831,28.050243],[-105.315602,28.050215],[-105.315596,28.050441],[-105.315644,28.051414],[-105.314992,28.051434]]]}},{"type":"Feature","properties":{"modulo":2,"idparcela":"577","productor":"RAMOS ARMENDARIZ J.DE LA LUZ","cultivo":null,"superficie_fisica_ha":7.7,"superficie_riego_ha":6.8,"hectareas":6.074},"geometry":{"type":"Polygon","coordinates":[[[-105.310831,28.050243],[-105.310861,28.049325],[-105.310832,28.049067],[-105.310966,28.049044],[-105.31509,28.049059],[-105.315628,28.049088],[-105.315602,28.050215],[-105.310831,28.050243]]]}},{"type":"Feature","properties":{"modulo":2,"idparcela":"576","productor":"RAMOS RANGEL HUMBERTO","cultivo":null,"superficie_fisica_ha":10.26,"superficie_riego_ha":9.13,"hectareas":10.896},"geometry":{"type":"Polygon","coordinates":[[[-105.314662,28.049008],[-105.312107,28.048981],[-105.310874,28.048967],[-105.310825,28.048809],[-105.310801,28.04702],[-105.310866,28.046939],[-105.312991,28.04693],[-105.315026,28.046854],[-105.315547,28.046843],[-105.315662,28.04694],[-105.315625,28.048969],[-105.314662,28.049008]]]}},{"type":"Feature","properties":{"modulo":2,"idparcela":"575","productor":"RODRIGUEZ RAMIREZ GUADALUPE","cultivo":null,"superficie_fisica_ha":13.45,"superficie_riego_ha":13.45,"hectareas":12.176},"geometry":{"type":"Polygon","coordinates":[[[-105.31748,28.051356],[-105.316315,28.051361],[-105.315845,28.05139],[-105.315771,28.051133],[-105.315758,28.049761],[-105.315765,28.049185],[-105.315764,28.049066],[-105.320772,28.049021],[-105.320765,28.049261],[-105.320739,28.049997],[-105.320757,28.050693],[-105.320686,28.05139],[-105.319879,28.051367],[-105.319624,28.051054],[-105.319503,28.050718],[-105.319348,28.049926],[-105.319123,28.049911],[-105.31917,28.050042],[-105.319221,28.050207],[-105.319231,28.050605],[-105.319423,28.051098],[-105.319543,28.051374],[-105.31748,28.051356]]]}},{"type":"Feature","properties":{"modulo":2,"idparcela":"540","productor":"RODRIGUEZ CHAVEZ ALVARO","cultivo":null,"superficie_fisica_ha":10.36,"superficie_riego_ha":8.86,"hectareas":8.506},"geometry":{"type":"Polygon","coordinates":[[[-105.312469,28.037899],[-105.313297,28.037882],[-105.313774,28.038131],[-105.314298,28.038371],[-105.314287,28.039468],[-105.314287,28.039552],[-105.314343,28.040568],[-105.314351,28.040632],[-105.314275,28.040696],[-105.314258,28.042443],[-105.314258,28.042491],[-105.312526,28.042475],[-105.31254,28.041569],[-105.312547,28.04117],[-105.312537,28.040791],[-105.312514,28.040011],[-105.312512,28.039568],[-105.312552,28.038554],[-105.312469,28.037899]]]}},{"type":"Feature","properties":{"modulo":2,"idparcela":"************","productor":null,"cultivo":null,"superficie_fisica_ha":null,"superficie_riego_ha":null,"hectareas":1.061},"geometry":{"type":"Polygon","coordinates":[[[-105.315365,28.038588],[-105.315043,28.038494],[-105.314508,28.038318],[-105.314262,28.038234],[-105.313793,28.037991],[-105.313367,28.037765],[-105.314617,28.037815],[-105.315671,28.037817],[-105.315559,28.038099],[-105.315465,28.038336],[-105.315365,28.038588]]]}},{"type":"Feature","properties":{"modulo":2,"idparcela":"552","productor":"DURAN MU¥OZ MIGUEL","cultivo":null,"superficie_fisica_ha":23.95,"superficie_riego_ha":22.5,"hectareas":11.337},"geometry":{"type":"Polygon","coordinates":[[[-105.300606,28.033271],[-105.300593,28.032774],[-105.300587,28.032535],[-105.300646,28.032236],[-105.300631,28.030805],[-105.300549,28.03023],[-105.300503,28.029316],[-105.300541,28.029057],[-105.300628,28.028955],[-105.302287,28.028961],[-105.302318,28.029299],[-105.302369,28.029556],[-105.302375,28.029776],[-105.302668,28.029828],[-105.302888,28.029743],[-105.303031,28.029732],[-105.303176,28.031289],[-105.303251,28.033296],[-105.300606,28.033271]]]}},{"type":"Feature","properties":{"modulo":2,"idparcela":"545","productor":"RIVERA CORONADO DIZAN ALBERTO","cultivo":null,"superficie_fisica_ha":14,"superficie_riego_ha":10.5,"hectareas":16.389},"geometry":{"type":"Polygon","coordinates":[[[-105.30323,28.029631],[-105.30333,28.029457],[-105.303586,28.029086],[-105.304823,28.029076],[-105.306971,28.029025],[-105.308539,28.028992],[-105.308973,28.029302],[-105.309523,28.029788],[-105.310127,28.030386],[-105.310861,28.031103],[-105.31102,28.031328],[-105.308756,28.031314],[-105.308197,28.03136],[-105.307906,28.031358],[-105.303334,28.031326],[-105.30323,28.029631]]]}},{"type":"Feature","properties":{"modulo":2,"idparcela":"546","productor":"DURAN MUNOZ LUIS CARLOS","cultivo":null,"superficie_fisica_ha":13.8,"superficie_riego_ha":13.3,"hectareas":17.911},"geometry":{"type":"Polygon","coordinates":[[[-105.311135,28.031464],[-105.311541,28.032391],[-105.311621,28.032906],[-105.311691,28.033399],[-105.310065,28.033416],[-105.310021,28.033416],[-105.308035,28.033403],[-105.305606,28.033387],[-105.305606,28.033399],[-105.303354,28.033438],[-105.303334,28.031326],[-105.307906,28.031358],[-105.308197,28.03136],[-105.308756,28.031314],[-105.30876,28.031453],[-105.309589,28.031437],[-105.311135,28.031464]]]}},{"type":"Feature","properties":{"modulo":2,"idparcela":"9831","productor":"URUETA ARMENDARIZ SOCORRO","cultivo":null,"superficie_fisica_ha":4,"superficie_riego_ha":4,"hectareas":4.697},"geometry":{"type":"Polygon","coordinates":[[[-105.310065,28.033416],[-105.310092,28.035541],[-105.30867,28.035555],[-105.308647,28.035662],[-105.3086,28.035668],[-105.308135,28.035669],[-105.308035,28.033403],[-105.310021,28.033416],[-105.310065,28.033416]]]}},{"type":"Feature","properties":{"modulo":2,"idparcela":"627","productor":"ESPARZA PORTILLO VICTOR MANUEL","cultivo":null,"superficie_fisica_ha":10.6,"superficie_riego_ha":9.6,"hectareas":9.185},"geometry":{"type":"Polygon","coordinates":[[[-105.307424,28.024507],[-105.3074,28.024357],[-105.308194,28.024327],[-105.310343,28.024263],[-105.310419,28.024328],[-105.310511,28.024586],[-105.310569,28.025398],[-105.310558,28.025631],[-105.309711,28.025774],[-105.309379,28.025973],[-105.309085,28.026166],[-105.308725,28.026662],[-105.308635,28.027195],[-105.308496,28.02748],[-105.308463,28.027801],[-105.308494,28.028138],[-105.308701,28.028756],[-105.308354,28.028758],[-105.307637,28.028772],[-105.30748,28.028756],[-105.30738,28.028756],[-105.307363,28.028577],[-105.307436,28.027133],[-105.307415,28.024522],[-105.307424,28.024507]]]}},{"type":"Feature","properties":{"modulo":2,"idparcela":"608","productor":"GOMEZ ADAME OSCAR RENE","cultivo":null,"superficie_fisica_ha":10.2,"superficie_riego_ha":10.2,"hectareas":9.277},"geometry":{"type":"Polygon","coordinates":[[[-105.309902,28.046834],[-105.308903,28.046843],[-105.307614,28.046846],[-105.307256,28.046854],[-105.307164,28.046796],[-105.307117,28.046678],[-105.307066,28.04646],[-105.306743,28.046089],[-105.306404,28.045977],[-105.306323,28.045974],[-105.306334,28.044716],[-105.310557,28.044678],[-105.310549,28.045076],[-105.310605,28.046368],[-105.310569,28.046726],[-105.310427,28.046823],[-105.309923,28.046859],[-105.309902,28.046834]]]}},{"type":"Feature","properties":{"modulo":2,"idparcela":"603","productor":"GOMEZ ROMERO RUBEN","cultivo":null,"superficie_fisica_ha":10.25,"superficie_riego_ha":10.05,"hectareas":10.435},"geometry":{"type":"Polygon","coordinates":[[[-105.310591,28.040619],[-105.310595,28.040821],[-105.310597,28.042489],[-105.306354,28.04249],[-105.305533,28.04249],[-105.305528,28.040557],[-105.309539,28.040611],[-105.310591,28.040619]]]}},{"type":"Feature","properties":{"modulo":2,"idparcela":"604","productor":"SAENZ RAMOS LEOPOLDO","cultivo":null,"superficie_fisica_ha":11,"superficie_riego_ha":11,"hectareas":10.349},"geometry":{"type":"Polygon","coordinates":[[[-105.301474,28.039946],[-105.301462,28.039516],[-105.301434,28.039278],[-105.301141,28.039205],[-105.300713,28.039114],[-105.300553,28.038998],[-105.300525,28.037945],[-105.300682,28.037922],[-105.303706,28.0379],[-105.30552,28.037919],[-105.305526,28.040003],[-105.301474,28.039946]]]}},{"type":"Feature","properties":{"modulo":2,"idparcela":"605","productor":"RAMOS RANGEL ROSA ISELA","cultivo":null,"superficie_fisica_ha":13.7,"superficie_riego_ha":10.75,"hectareas":11.107},"geometry":{"type":"Polygon","coordinates":[[[-105.303021,28.04249],[-105.302976,28.042432],[-105.302972,28.042428],[-105.30198,28.042448],[-105.301942,28.042449],[-105.301802,28.042253],[-105.30153,28.041245],[-105.301588,28.040905],[-105.301223,28.040654],[-105.300763,28.040187],[-105.300645,28.03995],[-105.301474,28.039973],[-105.301474,28.039946],[-105.305526,28.040003],[-105.305528,28.040557],[-105.305533,28.04249],[-105.304584,28.04249],[-105.303021,28.04249]]]}},{"type":"Feature","properties":{"modulo":2,"idparcela":"611","productor":"RAMOS ARMENDARIZ CARLOS","cultivo":null,"superficie_fisica_ha":8.34,"superficie_riego_ha":7.5,"hectareas":6.936},"geometry":{"type":"Polygon","coordinates":[[[-105.306323,28.045974],[-105.305977,28.045965],[-105.305376,28.046117],[-105.304936,28.046424],[-105.304637,28.046737],[-105.304604,28.04408],[-105.304693,28.043964],[-105.304668,28.043865],[-105.304601,28.043856],[-105.304584,28.04249],[-105.305533,28.04249],[-105.306354,28.04249],[-105.306364,28.043159],[-105.306334,28.044716],[-105.306323,28.045974]]]}},{"type":"Feature","properties":{"modulo":2,"idparcela":"612","productor":"FLORES CHAVEZ FRANCISCO","cultivo":null,"superficie_fisica_ha":8.34,"superficie_riego_ha":7.5,"hectareas":6.768},"geometry":{"type":"Polygon","coordinates":[[[-105.304637,28.046737],[-105.304587,28.046789],[-105.304446,28.046866],[-105.304088,28.046885],[-105.303156,28.046898],[-105.303086,28.04682],[-105.303098,28.046422],[-105.30311,28.046024],[-105.303183,28.045551],[-105.303154,28.044938],[-105.303096,28.044593],[-105.303077,28.044403],[-105.303515,28.044326],[-105.304048,28.044176],[-105.30436,28.04409],[-105.304604,28.04408],[-105.304637,28.046737]],[[-105.304601,28.043856],[-105.304398,28.04383],[-105.303953,28.043959],[-105.303575,28.044066],[-105.303285,28.044112],[-105.303128,28.044095],[-105.303055,28.043878],[-105.303062,28.043301],[-105.303065,28.042545],[-105.303077,28.04249],[-105.304584,28.04249],[-105.304601,28.043856]]]}},{"type":"Feature","properties":{"modulo":2,"idparcela":"547","productor":"MOLINA HERNANDEZ FRANCISCO","cultivo":null,"superficie_fisica_ha":11.1779,"superficie_riego_ha":7.7977,"hectareas":4.66},"geometry":{"type":"Polygon","coordinates":[[[-105.307543,28.046997],[-105.308806,28.047001],[-105.310307,28.04701],[-105.310496,28.047004],[-105.310517,28.047333],[-105.310464,28.047842],[-105.310332,28.047944],[-105.310021,28.04807],[-105.309913,28.048231],[-105.309942,28.048469],[-105.309956,28.048496],[-105.307627,28.048691],[-105.307543,28.046997]]]}},{"type":"Feature","properties":{"modulo":2,"idparcela":"550","productor":"NU¥EZ ALVIDREZ ROSARIO","cultivo":null,"superficie_fisica_ha":4.7543,"superficie_riego_ha":4.7543,"hectareas":6.857},"geometry":{"type":"Polygon","coordinates":[[[-105.3086,28.050184],[-105.308552,28.050409],[-105.308467,28.050643],[-105.30821,28.050846],[-105.308126,28.051138],[-105.308011,28.05143],[-105.307419,28.051404],[-105.305834,28.051451],[-105.305649,28.05144],[-105.305616,28.051043],[-105.30563,28.050928],[-105.305819,28.049369],[-105.305857,28.048839],[-105.307584,28.048695],[-105.307736,28.049264],[-105.307821,28.049506],[-105.308292,28.049961],[-105.3086,28.050184]]]}},{"type":"Feature","properties":{"modulo":2,"idparcela":"551","productor":"ARROYO ESPARZA MAXIMILIANO","cultivo":null,"superficie_fisica_ha":23.1,"superficie_riego_ha":9.3,"hectareas":17.99},"geometry":{"type":"Polygon","coordinates":[[[-105.30563,28.050928],[-105.305408,28.050769],[-105.30509,28.050616],[-105.30475,28.050484],[-105.304065,28.050419],[-105.303713,28.050247],[-105.301545,28.05045],[-105.301141,28.049583],[-105.300725,28.04822],[-105.300361,28.047154],[-105.300611,28.047126],[-105.304375,28.047061],[-105.305982,28.047079],[-105.305857,28.048839],[-105.305819,28.049369],[-105.30563,28.050928]]]}},{"type":"Feature","properties":{"modulo":2,"idparcela":"619","productor":"PAYAN N. HALIL","cultivo":null,"superficie_fisica_ha":17.22,"superficie_riego_ha":17.22,"hectareas":16.606},"geometry":{"type":"Polygon","coordinates":[[[-105.30923,28.05595],[-105.307706,28.055981],[-105.307116,28.055959],[-105.30711,28.053714],[-105.307108,28.051588],[-105.309777,28.051594],[-105.310461,28.051573],[-105.310629,28.051616],[-105.310604,28.054102],[-105.310617,28.055474],[-105.310619,28.055954],[-105.310375,28.055951],[-105.30923,28.05595]]]}},{"type":"Feature","properties":{"modulo":2,"idparcela":"************","productor":null,"cultivo":null,"superficie_fisica_ha":null,"superficie_riego_ha":null,"hectareas":1.259},"geometry":{"type":"Polygon","coordinates":[[[-105.303223,28.051596],[-105.30507,28.051591],[-105.305617,28.05159],[-105.305548,28.051879],[-105.305311,28.052222],[-105.30509,28.052366],[-105.3048,28.052412],[-105.304792,28.052407],[-105.304483,28.052259],[-105.303223,28.051596]]]}},{"type":"Feature","properties":{"modulo":2,"idparcela":"626","productor":"GARCIA N TOMASA","cultivo":null,"superficie_fisica_ha":17,"superficie_riego_ha":17,"hectareas":16.58},"geometry":{"type":"Polygon","coordinates":[[[-105.314413,28.067104],[-105.314137,28.06746],[-105.313831,28.067874],[-105.313789,28.068086],[-105.313768,28.06848],[-105.313726,28.068706],[-105.313636,28.068876],[-105.313423,28.069218],[-105.313368,28.069542],[-105.313341,28.069711],[-105.313158,28.069996],[-105.313023,28.07028],[-105.312866,28.070325],[-105.312606,28.070078],[-105.312362,28.069844],[-105.312122,28.068528],[-105.311984,28.068109],[-105.311923,28.067576],[-105.311895,28.067141],[-105.311755,28.067228],[-105.311631,28.067315],[-105.311476,28.067445],[-105.311041,28.067187],[-105.31051,28.066874],[-105.31033,28.066639],[-105.309965,28.066028],[-105.309632,28.065375],[-105.30955,28.065113],[-105.310514,28.065109],[-105.312642,28.065075],[-105.314281,28.065042],[-105.315483,28.065002],[-105.316037,28.064976],[-105.315979,28.06516],[-105.315604,28.065393],[-105.315173,28.065851],[-105.314978,28.066263],[-105.314782,28.06666],[-105.314583,28.066945],[-105.314413,28.067104]]]}},{"type":"Feature","properties":{"modulo":2,"idparcela":"839","productor":"BEJARANO ORONA RICARDO","cultivo":null,"superficie_fisica_ha":2,"superficie_riego_ha":2,"hectareas":12.397},"geometry":{"type":"Polygon","coordinates":[[[-105.324884,28.069488],[-105.322412,28.069483],[-105.321035,28.069511],[-105.320955,28.06945],[-105.320969,28.068588],[-105.320974,28.067785],[-105.3268,28.067746],[-105.326843,28.068085],[-105.327009,28.068376],[-105.327217,28.068442],[-105.327377,28.068495],[-105.327652,28.068517],[-105.327919,28.068606],[-105.328199,28.068769],[-105.328246,28.068938],[-105.328243,28.069239],[-105.328273,28.069447],[-105.327529,28.069462],[-105.324884,28.069488]]]}},{"type":"Feature","properties":{"modulo":2,"idparcela":"844","productor":"CERECERES CHAVEZ ALFREDO","cultivo":null,"superficie_fisica_ha":11.05,"superficie_riego_ha":9.2,"hectareas":10.948},"geometry":{"type":"Polygon","coordinates":[[[-105.320974,28.067785],[-105.321002,28.067025],[-105.320993,28.066519],[-105.321031,28.065926],[-105.32305,28.065985],[-105.325458,28.065991],[-105.32574,28.065873],[-105.325881,28.065801],[-105.326033,28.065804],[-105.326037,28.065954],[-105.326171,28.065991],[-105.326446,28.066224],[-105.326533,28.066503],[-105.326673,28.067034],[-105.326784,28.067622],[-105.3268,28.067746],[-105.320974,28.067785]]]}},{"type":"Feature","properties":{"modulo":2,"idparcela":"845","productor":"CERECERES CHAVEZ ALFREDO","cultivo":null,"superficie_fisica_ha":11.05,"superficie_riego_ha":9.75,"hectareas":9.89},"geometry":{"type":"Polygon","coordinates":[[[-105.321031,28.065926],[-105.321009,28.065479],[-105.321013,28.06419],[-105.323714,28.064116],[-105.323746,28.064117],[-105.325631,28.064147],[-105.326002,28.06413],[-105.326024,28.064603],[-105.326047,28.065487],[-105.326036,28.06567],[-105.326033,28.065804],[-105.325881,28.065801],[-105.32574,28.065873],[-105.325458,28.065991],[-105.32305,28.065985],[-105.321031,28.065926]]]}},{"type":"Feature","properties":{"modulo":2,"idparcela":"743","productor":"LOPEZ DE AVILA HORACIO","cultivo":null,"superficie_fisica_ha":13.472,"superficie_riego_ha":13.472,"hectareas":9.502},"geometry":{"type":"Polygon","coordinates":[[[-105.325972,28.062056],[-105.32648,28.062064],[-105.326828,28.062051],[-105.327054,28.062192],[-105.327628,28.062349],[-105.328206,28.062457],[-105.329431,28.062846],[-105.330213,28.063069],[-105.330728,28.063299],[-105.330967,28.063495],[-105.331018,28.064781],[-105.330961,28.064993],[-105.33051,28.064707],[-105.33016,28.064658],[-105.329759,28.06447],[-105.3296,28.064473],[-105.329427,28.064504],[-105.329303,28.064619],[-105.329145,28.064637],[-105.328592,28.064662],[-105.328416,28.064596],[-105.328315,28.064373],[-105.328275,28.064078],[-105.328068,28.064013],[-105.327754,28.064145],[-105.327626,28.064106],[-105.327539,28.063784],[-105.327378,28.063703],[-105.327015,28.063725],[-105.326581,28.064127],[-105.326364,28.064286],[-105.326144,28.064306],[-105.326002,28.06413],[-105.325972,28.062056]]]}},{"type":"Feature","properties":{"modulo":2,"idparcela":"846","productor":"CERECERES CHAVEZ ALFREDO","cultivo":null,"superficie_fisica_ha":10.9,"superficie_riego_ha":9.65,"hectareas":10.019},"geometry":{"type":"Polygon","coordinates":[[[-105.321004,28.064088],[-105.320986,28.062767],[-105.322103,28.062491],[-105.32267,28.062381],[-105.323128,28.062301],[-105.323616,28.062179],[-105.324056,28.062043],[-105.324309,28.062052],[-105.324756,28.062155],[-105.325167,28.062133],[-105.325783,28.062078],[-105.325972,28.062056],[-105.326002,28.06413],[-105.325631,28.064147],[-105.323746,28.064117],[-105.323714,28.064116],[-105.321013,28.06419],[-105.321004,28.064088]]]}},{"type":"Feature","properties":{"modulo":2,"idparcela":"794","productor":"DE AVILA FLORES GUSTAVO ALONS","cultivo":null,"superficie_fisica_ha":9.6,"superficie_riego_ha":9.1,"hectareas":9.431},"geometry":{"type":"Polygon","coordinates":[[[-105.320448,28.082972],[-105.318811,28.083035],[-105.317265,28.083018],[-105.317245,28.082953],[-105.316057,28.080997],[-105.318259,28.080904],[-105.320085,28.080921],[-105.320816,28.080834],[-105.320821,28.081839],[-105.320815,28.0828],[-105.320758,28.082993],[-105.320448,28.082972]]]}},{"type":"Feature","properties":{"modulo":2,"idparcela":"793","productor":"SALAS SOTO HUGO ARTURO","cultivo":null,"superficie_fisica_ha":14.4,"superficie_riego_ha":14.2168,"hectareas":13.83},"geometry":{"type":"Polygon","coordinates":[[[-105.316057,28.080997],[-105.315741,28.080461],[-105.314932,28.079106],[-105.314576,28.078495],[-105.315815,28.078566],[-105.317921,28.078633],[-105.320802,28.078626],[-105.320808,28.078958],[-105.320816,28.080834],[-105.320085,28.080921],[-105.318259,28.080904],[-105.316057,28.080997]]]}},{"type":"Feature","properties":{"modulo":2,"idparcela":"792","productor":"SALAS SOTO HUGO ARTURO","cultivo":null,"superficie_fisica_ha":9.9,"superficie_riego_ha":9.9,"hectareas":15.675},"geometry":{"type":"Polygon","coordinates":[[[-105.314576,28.078495],[-105.314219,28.077885],[-105.313963,28.077398],[-105.313877,28.076908],[-105.313912,28.076492],[-105.315698,28.076455],[-105.317584,28.076389],[-105.320762,28.07643],[-105.320802,28.078626],[-105.317921,28.078633],[-105.315815,28.078566],[-105.314576,28.078495]]]}},{"type":"Feature","properties":{"modulo":2,"idparcela":"791","productor":"SALAS SOTO FRANCISCO ALFREDO","cultivo":null,"superficie_fisica_ha":22.2,"superficie_riego_ha":22.2,"hectareas":17.594},"geometry":{"type":"Polygon","coordinates":[[[-105.313912,28.076492],[-105.313964,28.075228],[-105.314055,28.074122],[-105.315667,28.074068],[-105.317058,28.074012],[-105.31876,28.074005],[-105.319335,28.074001],[-105.320743,28.073991],[-105.320738,28.075117],[-105.320762,28.07643],[-105.317584,28.076389],[-105.315698,28.076455],[-105.313912,28.076492]]]}},{"type":"Feature","properties":{"modulo":2,"idparcela":"789","productor":"MAGALLANEZ DOMINGUEZ LEOPOLDO","cultivo":null,"superficie_fisica_ha":11.1,"superficie_riego_ha":10.34,"hectareas":10.584},"geometry":{"type":"Polygon","coordinates":[[[-105.314055,28.074122],[-105.314082,28.073799],[-105.314064,28.073113],[-105.313888,28.072293],[-105.313913,28.072073],[-105.314127,28.071959],[-105.315179,28.071965],[-105.316285,28.072024],[-105.317543,28.072031],[-105.318211,28.071987],[-105.319335,28.074001],[-105.31876,28.074005],[-105.317058,28.074012],[-105.315667,28.074068],[-105.314055,28.074122]]]}},{"type":"Feature","properties":{"modulo":2,"idparcela":"788","productor":"RODRIGUEZ GUERRERO URBANO","cultivo":null,"superficie_fisica_ha":12.8,"superficie_riego_ha":11.15,"hectareas":11.194},"geometry":{"type":"Polygon","coordinates":[[[-105.318211,28.071987],[-105.318243,28.071984],[-105.319104,28.071774],[-105.319965,28.071592],[-105.320427,28.0715],[-105.320423,28.071336],[-105.320298,28.071283],[-105.319545,28.071432],[-105.318482,28.071677],[-105.318081,28.071733],[-105.317064,28.069627],[-105.317841,28.069632],[-105.319574,28.069624],[-105.320183,28.069655],[-105.320295,28.069993],[-105.320757,28.071082],[-105.320743,28.073991],[-105.319335,28.074001],[-105.318211,28.071987]]]}},{"type":"Feature","properties":{"modulo":2,"idparcela":"787","productor":"RODRIGUEZ PAYAN MAGDALENO","cultivo":null,"superficie_fisica_ha":24.25,"superficie_riego_ha":24.25,"hectareas":24.492},"geometry":{"type":"Polygon","coordinates":[[[-105.320995,28.078702],[-105.320964,28.074336],[-105.321003,28.074194],[-105.321528,28.074211],[-105.325502,28.074218],[-105.326072,28.074213],[-105.326021,28.076495],[-105.325975,28.078576],[-105.325941,28.078576],[-105.325919,28.078686],[-105.320995,28.078702]]]}},{"type":"Feature","properties":{"modulo":2,"idparcela":"765","productor":"RODRIGUEZ GUERRERO URBANO","cultivo":null,"superficie_fisica_ha":23.5,"superficie_riego_ha":20.69,"hectareas":22.655},"geometry":{"type":"Polygon","coordinates":[[[-105.325897,28.078799],[-105.325876,28.081814],[-105.325931,28.083],[-105.325807,28.08299],[-105.323182,28.082977],[-105.321308,28.083016],[-105.321107,28.082954],[-105.321054,28.082844],[-105.321025,28.080783],[-105.320995,28.078702],[-105.325919,28.078686],[-105.325909,28.078738],[-105.325897,28.078799]]]}},{"type":"Feature","properties":{"modulo":2,"idparcela":"764","productor":"SALAS SOTO FRANCISCO ALFREDO","cultivo":null,"superficie_fisica_ha":13,"superficie_riego_ha":13,"hectareas":13.065},"geometry":{"type":"Polygon","coordinates":[[[-105.325931,28.083],[-105.325876,28.081814],[-105.325897,28.078799],[-105.32657,28.07874],[-105.3281,28.078751],[-105.32875,28.078776],[-105.328699,28.078918],[-105.328702,28.079019],[-105.328718,28.079642],[-105.32873,28.080092],[-105.328717,28.080363],[-105.328702,28.080662],[-105.328715,28.081146],[-105.32871,28.081651],[-105.32871,28.0817],[-105.328739,28.08208],[-105.328746,28.082357],[-105.328816,28.083016],[-105.328682,28.08302],[-105.327556,28.082998],[-105.326282,28.083002],[-105.325931,28.083]]]}},{"type":"Feature","properties":{"modulo":2,"idparcela":"763","productor":"PE¥A MARTINEZ CELIA","cultivo":null,"superficie_fisica_ha":3.45,"superficie_riego_ha":3.45,"hectareas":3.383},"geometry":{"type":"Polygon","coordinates":[[[-105.32871,28.081651],[-105.330996,28.081645],[-105.331044,28.082206],[-105.331037,28.082673],[-105.331064,28.083007],[-105.330754,28.083025],[-105.330152,28.082998],[-105.329611,28.083018],[-105.329032,28.083034],[-105.328816,28.083016],[-105.328746,28.082357],[-105.328739,28.08208],[-105.32871,28.0817],[-105.32871,28.081651]]]}},{"type":"Feature","properties":{"modulo":2,"idparcela":"************","productor":null,"cultivo":null,"superficie_fisica_ha":null,"superficie_riego_ha":null,"hectareas":53.146},"geometry":{"type":"Polygon","coordinates":[[[-105.340106,28.075491],[-105.339712,28.075698],[-105.338992,28.075869],[-105.338269,28.07595],[-105.336968,28.075888],[-105.335687,28.075649],[-105.33513,28.07551],[-105.33451,28.075562],[-105.334135,28.075548],[-105.333422,28.075285],[-105.332764,28.074733],[-105.332402,28.074275],[-105.33221,28.074114],[-105.332007,28.074052],[-105.331852,28.073811],[-105.331664,28.073542],[-105.331415,28.073312],[-105.3312,28.073204],[-105.331161,28.069429],[-105.331917,28.06968],[-105.33271,28.069791],[-105.332859,28.069812],[-105.33385,28.069951],[-105.334921,28.070255],[-105.336475,28.070445],[-105.337454,28.070624],[-105.338533,28.070757],[-105.341169,28.071213],[-105.341088,28.072899],[-105.341134,28.073696],[-105.341069,28.074074],[-105.340997,28.074457],[-105.340912,28.074765],[-105.340525,28.07526],[-105.340106,28.075491]]]}},{"type":"Feature","properties":{"modulo":2,"idparcela":"837","productor":"LOZANO LOPEZ JESUS","cultivo":null,"superficie_fisica_ha":27.5,"superficie_riego_ha":17.2,"hectareas":17.451},"geometry":{"type":"Polygon","coordinates":[[[-105.331096,28.078496],[-105.331157,28.074456],[-105.331151,28.074235],[-105.331724,28.074156],[-105.332075,28.074193],[-105.332439,28.074762],[-105.333256,28.075388],[-105.333801,28.07565],[-105.334234,28.075791],[-105.334763,28.07575],[-105.335173,28.075712],[-105.33608,28.075907],[-105.336061,28.075943],[-105.335993,28.076072],[-105.335955,28.076969],[-105.336052,28.078565],[-105.334262,28.078515],[-105.332663,28.078526],[-105.331096,28.078496]]]}},{"type":"Feature","properties":{"modulo":2,"idparcela":"838","productor":"LICON CONDE DAGOBERTO","cultivo":null,"superficie_fisica_ha":24.15,"superficie_riego_ha":24.15,"hectareas":23.884},"geometry":{"type":"Polygon","coordinates":[[[-105.3361,28.082969],[-105.335754,28.082962],[-105.33298,28.082997],[-105.331256,28.083011],[-105.331176,28.082008],[-105.331106,28.079338],[-105.33111,28.078689],[-105.331096,28.078496],[-105.332663,28.078526],[-105.334262,28.078515],[-105.336052,28.078565],[-105.336053,28.07857],[-105.336063,28.078734],[-105.336105,28.081934],[-105.3361,28.082969]]]}},{"type":"Feature","properties":{"modulo":2,"idparcela":"747","productor":"ALARCON MADRID JAIME ALEJO","cultivo":null,"superficie_fisica_ha":22.7,"superficie_riego_ha":12.6,"hectareas":12.529},"geometry":{"type":"Polygon","coordinates":[[[-105.336052,28.078565],[-105.335955,28.076969],[-105.335993,28.076072],[-105.336061,28.075943],[-105.33608,28.075907],[-105.336634,28.075977],[-105.338017,28.076139],[-105.339179,28.076033],[-105.340092,28.075797],[-105.340634,28.075432],[-105.34091,28.075151],[-105.340937,28.07529],[-105.340954,28.077084],[-105.340745,28.077305],[-105.339927,28.077676],[-105.339151,28.078453],[-105.339093,28.078586],[-105.336088,28.078566],[-105.336052,28.078565]]]}},{"type":"Feature","properties":{"modulo":2,"idparcela":"744","productor":"LICON MARQUEZ RAUL","cultivo":null,"superficie_fisica_ha":23.35,"superficie_riego_ha":12.92,"hectareas":12.536},"geometry":{"type":"Polygon","coordinates":[[[-105.338442,28.08298],[-105.337032,28.082982],[-105.3361,28.082969],[-105.336105,28.081934],[-105.336063,28.078734],[-105.336053,28.07857],[-105.336052,28.078565],[-105.336088,28.078566],[-105.339093,28.078586],[-105.338833,28.079193],[-105.338336,28.080101],[-105.338479,28.080886],[-105.338914,28.08229],[-105.339111,28.082776],[-105.339207,28.082952],[-105.338442,28.08298]]]}},{"type":"Feature","properties":{"modulo":2,"idparcela":"749","productor":"GALLEGOS N. ROQUE","cultivo":null,"superficie_fisica_ha":11.53,"superficie_riego_ha":11,"hectareas":11.205},"geometry":{"type":"Polygon","coordinates":[[[-105.338418,28.083166],[-105.338715,28.083179],[-105.33945,28.08317],[-105.339778,28.083693],[-105.340054,28.083923],[-105.340411,28.083962],[-105.340768,28.083992],[-105.34105,28.084023],[-105.341109,28.084286],[-105.341082,28.085293],[-105.341089,28.08756],[-105.338547,28.08756],[-105.338543,28.08736],[-105.338418,28.083166]]]}},{"type":"Feature","properties":{"modulo":2,"idparcela":"748","productor":"PE¥A VALLES ALFREDO","cultivo":null,"superficie_fisica_ha":11.52,"superficie_riego_ha":10.8,"hectareas":11.322},"geometry":{"type":"Polygon","coordinates":[[[-105.336109,28.087544],[-105.336097,28.085542],[-105.336083,28.083514],[-105.336106,28.08323],[-105.336285,28.083182],[-105.338418,28.083166],[-105.338543,28.08736],[-105.338547,28.08756],[-105.336109,28.087544]]]}},{"type":"Feature","properties":{"modulo":2,"idparcela":"797","productor":"SALAS SOTO JUAN EDUARDO","cultivo":null,"superficie_fisica_ha":12.15,"superficie_riego_ha":12.15,"hectareas":12.112},"geometry":{"type":"Polygon","coordinates":[[[-105.340241,28.092025],[-105.338742,28.092056],[-105.33862,28.092058],[-105.338547,28.08756],[-105.341089,28.08756],[-105.341094,28.087748],[-105.34106,28.089902],[-105.3411,28.091431],[-105.34109,28.091894],[-105.34109,28.092004],[-105.340241,28.092025]]]}},{"type":"Feature","properties":{"modulo":2,"idparcela":"798","productor":"LARA GONZALEZ ISABEL","cultivo":null,"superficie_fisica_ha":1.946,"superficie_riego_ha":1.946,"hectareas":12.086},"geometry":{"type":"Polygon","coordinates":[[[-105.33862,28.092058],[-105.337443,28.092083],[-105.336238,28.092078],[-105.336141,28.091999],[-105.33611,28.089871],[-105.336112,28.088054],[-105.336109,28.087544],[-105.338547,28.08756],[-105.33862,28.092058]]]}},{"type":"Feature","properties":{"modulo":2,"idparcela":"750","productor":"CARDENAS CHACON CONSEPCION","cultivo":null,"superficie_fisica_ha":21.5,"superficie_riego_ha":21.5,"hectareas":20.975},"geometry":{"type":"Polygon","coordinates":[[[-105.335073,28.087521],[-105.33342,28.087502],[-105.332424,28.087531],[-105.331468,28.087495],[-105.331469,28.087329],[-105.33143,28.085845],[-105.331394,28.084471],[-105.331359,28.084095],[-105.331306,28.083963],[-105.331169,28.08388],[-105.331163,28.08366],[-105.331163,28.083279],[-105.333586,28.083229],[-105.33516,28.083196],[-105.33581,28.083205],[-105.335912,28.083292],[-105.335887,28.085176],[-105.335931,28.08686],[-105.335897,28.087459],[-105.335073,28.087521]]]}},{"type":"Feature","properties":{"modulo":2,"idparcela":"800","productor":"LICON SALCIDO OSCAR ALBERTO","cultivo":null,"superficie_fisica_ha":16,"superficie_riego_ha":9.63,"hectareas":9.059},"geometry":{"type":"Polygon","coordinates":[[[-105.333446,28.092054],[-105.332343,28.092077],[-105.331669,28.092091],[-105.331541,28.091983],[-105.33146,28.089856],[-105.331488,28.089013],[-105.33165,28.088522],[-105.331666,28.088167],[-105.331568,28.087681],[-105.331703,28.087657],[-105.333402,28.087662],[-105.333446,28.092054]]]}},{"type":"Feature","properties":{"modulo":2,"idparcela":"799","productor":"PE¥A VALLES ALFREDO","cultivo":null,"superficie_fisica_ha":11.6,"superficie_riego_ha":11.6,"hectareas":11.711},"geometry":{"type":"Polygon","coordinates":[[[-105.334867,28.092025],[-105.333446,28.092054],[-105.333402,28.087662],[-105.333657,28.087666],[-105.334823,28.087651],[-105.335402,28.087865],[-105.33582,28.088054],[-105.335972,28.088433],[-105.335933,28.089808],[-105.335982,28.091669],[-105.335941,28.092003],[-105.334867,28.092025]]]}},{"type":"Feature","properties":{"modulo":2,"idparcela":"816","productor":"RODRIGUEZ SALAS SERGIO","cultivo":null,"superficie_fisica_ha":7.1,"superficie_riego_ha":6.65,"hectareas":7.081},"geometry":{"type":"Polygon","coordinates":[[[-105.318336,28.085467],[-105.317947,28.084346],[-105.317357,28.083277],[-105.317636,28.083188],[-105.319885,28.08317],[-105.320666,28.083182],[-105.320808,28.083339],[-105.320781,28.085137],[-105.320778,28.085375],[-105.318336,28.085467]]]}},{"type":"Feature","properties":{"modulo":2,"idparcela":"817","productor":"QUI¥ONEZ OROZCO TOMAS HOMERO","cultivo":null,"superficie_fisica_ha":7.1,"superficie_riego_ha":6.65,"hectareas":6.763},"geometry":{"type":"Polygon","coordinates":[[[-105.320687,28.089661],[-105.319937,28.088593],[-105.319217,28.087534],[-105.318862,28.08707],[-105.318454,28.085804],[-105.318336,28.085467],[-105.320778,28.085375],[-105.32079,28.087917],[-105.320817,28.089346],[-105.320798,28.089667],[-105.320687,28.089661]]]}},{"type":"Feature","properties":{"modulo":2,"idparcela":"812","productor":"ARMENDARIZ RODRIGUEZ VICTOR MANUEL","cultivo":null,"superficie_fisica_ha":10.18,"superficie_riego_ha":8.38,"hectareas":12.041},"geometry":{"type":"Polygon","coordinates":[[[-105.323815,28.084888],[-105.323895,28.084659],[-105.323902,28.084394],[-105.323735,28.083993],[-105.323255,28.083599],[-105.322927,28.083568],[-105.3226,28.0836],[-105.322462,28.083742],[-105.322426,28.08402],[-105.32252,28.084334],[-105.32284,28.084592],[-105.323131,28.084851],[-105.323447,28.084946],[-105.323691,28.085017],[-105.323815,28.084888]],[[-105.326023,28.083984],[-105.325984,28.083985],[-105.325917,28.08415],[-105.3259,28.084593],[-105.325936,28.085525],[-105.325935,28.085727],[-105.323077,28.085744],[-105.322988,28.085742],[-105.320973,28.085749],[-105.320985,28.085133],[-105.320995,28.084115],[-105.32098,28.083533],[-105.321026,28.083254],[-105.32165,28.08319],[-105.32296,28.083189],[-105.325095,28.083208],[-105.325981,28.083228],[-105.326023,28.083984]]]}},{"type":"Feature","properties":{"modulo":2,"idparcela":"751","productor":"HERRERA GANDARA FERMIN","cultivo":null,"superficie_fisica_ha":13.8,"superficie_riego_ha":13.8,"hectareas":13.618},"geometry":{"type":"Polygon","coordinates":[[[-105.32833,28.092066],[-105.327992,28.092062],[-105.327965,28.089614],[-105.32805,28.089535],[-105.328067,28.089092],[-105.32808,28.088486],[-105.328147,28.087772],[-105.329271,28.087767],[-105.330851,28.08776],[-105.330912,28.08791],[-105.330919,28.089274],[-105.330974,28.090812],[-105.331004,28.091961],[-105.330864,28.092064],[-105.32833,28.092066]]]}},{"type":"Feature","properties":{"modulo":2,"idparcela":"752","productor":"DURAN MU¥OZ MIGUEL","cultivo":null,"superficie_fisica_ha":9,"superficie_riego_ha":9,"hectareas":8.967},"geometry":{"type":"Polygon","coordinates":[[[-105.327992,28.092062],[-105.326053,28.092039],[-105.326007,28.090038],[-105.325955,28.087804],[-105.326098,28.08782],[-105.326566,28.08776],[-105.327777,28.087773],[-105.327891,28.087808],[-105.32789,28.088313],[-105.327883,28.089134],[-105.327865,28.089513],[-105.327953,28.089625],[-105.327965,28.089614],[-105.327992,28.092062]]]}},{"type":"Feature","properties":{"modulo":2,"idparcela":"753","productor":"PE¥A VALLES ALFREDO","cultivo":null,"superficie_fisica_ha":14.1,"superficie_riego_ha":14.1,"hectareas":14.717},"geometry":{"type":"Polygon","coordinates":[[[-105.3259,28.094894],[-105.325879,28.093308],[-105.3258,28.092817],[-105.326071,28.092191],[-105.32852,28.092228],[-105.3309,28.092238],[-105.330965,28.092345],[-105.330972,28.094804],[-105.331011,28.094895],[-105.330073,28.094895],[-105.32856,28.094894],[-105.327215,28.094894],[-105.3259,28.094894]]]}},{"type":"Feature","properties":{"modulo":2,"idparcela":"756","productor":"RODRIGUEZ FIERRO OSCAR ROSARIO","cultivo":null,"superficie_fisica_ha":2.28,"superficie_riego_ha":2.28,"hectareas":2.567},"geometry":{"type":"Polygon","coordinates":[[[-105.327288,28.096636],[-105.327215,28.094894],[-105.32856,28.094894],[-105.328629,28.096673],[-105.328279,28.09667],[-105.327288,28.096636]]]}},{"type":"Feature","properties":{"modulo":2,"idparcela":"806","productor":"MARTINEZ ANTA ARTURO","cultivo":null,"superficie_fisica_ha":17.7,"superficie_riego_ha":17.7,"hectareas":17.808},"geometry":{"type":"Polygon","coordinates":[[[-105.334348,28.107756],[-105.333366,28.10748],[-105.332905,28.1073],[-105.332498,28.106877],[-105.33114,28.105015],[-105.331123,28.10415],[-105.331177,28.103259],[-105.333084,28.103679],[-105.336012,28.104228],[-105.336017,28.107533],[-105.33584,28.107753],[-105.334348,28.107756]]]}},{"type":"Feature","properties":{"modulo":2,"idparcela":"805","productor":"VILLALOBOS JAQUEZ HECTOR","cultivo":null,"superficie_fisica_ha":13.75,"superficie_riego_ha":13.75,"hectareas":13.775},"geometry":{"type":"Polygon","coordinates":[[[-105.331177,28.103259],[-105.331183,28.103178],[-105.331282,28.102312],[-105.331252,28.101152],[-105.331267,28.101053],[-105.333199,28.101111],[-105.335999,28.101106],[-105.336012,28.103861],[-105.336012,28.104228],[-105.333084,28.103679],[-105.331177,28.103259]]]}},{"type":"Feature","properties":{"modulo":2,"idparcela":"804","productor":"MONTA¥EZ GAMBOA VICTOR MANUEL","cultivo":null,"superficie_fisica_ha":11.85,"superficie_riego_ha":11.85,"hectareas":11.309},"geometry":{"type":"Polygon","coordinates":[[[-105.331267,28.101053],[-105.331319,28.100488],[-105.331323,28.099206],[-105.331327,28.098884],[-105.333445,28.098865],[-105.335979,28.098862],[-105.335993,28.09965],[-105.335999,28.101106],[-105.333199,28.101111],[-105.331267,28.101053]]]}},{"type":"Feature","properties":{"modulo":2,"idparcela":"803","productor":"GONZALEZ N. GILBERTO","cultivo":null,"superficie_fisica_ha":11.85,"superficie_riego_ha":11.01,"hectareas":11.569},"geometry":{"type":"Polygon","coordinates":[[[-105.331327,28.098884],[-105.331319,28.097978],[-105.331332,28.097621],[-105.331389,28.097072],[-105.331365,28.096562],[-105.333391,28.096553],[-105.335754,28.096543],[-105.335847,28.096784],[-105.335964,28.096883],[-105.335979,28.098862],[-105.333445,28.098865],[-105.331327,28.098884]]]}},{"type":"Feature","properties":{"modulo":2,"idparcela":"801","productor":"PE¥A VALLES ALFREDO","cultivo":null,"superficie_fisica_ha":11.54,"superficie_riego_ha":11.54,"hectareas":12.001},"geometry":{"type":"Polygon","coordinates":[[[-105.333389,28.092165],[-105.333909,28.09216],[-105.33531,28.092212],[-105.3359,28.092264],[-105.335919,28.093012],[-105.335961,28.09569],[-105.335963,28.096299],[-105.335837,28.096403],[-105.335769,28.096543],[-105.333391,28.096553],[-105.333389,28.092165]]]}},{"type":"Feature","properties":{"modulo":2,"idparcela":"802","productor":"PE¥A MARTINEZ FELICIANO","cultivo":null,"superficie_fisica_ha":11.66,"superficie_riego_ha":9.05,"hectareas":9.103},"geometry":{"type":"Polygon","coordinates":[[[-105.331365,28.096562],[-105.331395,28.096154],[-105.331417,28.095829],[-105.331631,28.095531],[-105.331682,28.095348],[-105.331672,28.095122],[-105.331553,28.094959],[-105.331457,28.094703],[-105.331437,28.092245],[-105.331681,28.09218],[-105.333389,28.092165],[-105.333391,28.096553],[-105.331365,28.096562]]]}},{"type":"Feature","properties":{"modulo":2,"idparcela":"774","productor":"ORNELAS PAYAN JAVIER","cultivo":null,"superficie_fisica_ha":3,"superficie_riego_ha":3,"hectareas":3.057},"geometry":{"type":"Polygon","coordinates":[[[-105.339465,28.092197],[-105.341069,28.092175],[-105.341074,28.092385],[-105.341097,28.093908],[-105.339442,28.093924],[-105.339465,28.092197]]]}},{"type":"Feature","properties":{"modulo":2,"idparcela":"773","productor":"MONTA¥EZ HOLGUIN SOCORRO","cultivo":null,"superficie_fisica_ha":4.086,"superficie_riego_ha":4,"hectareas":20.154},"geometry":{"type":"Polygon","coordinates":[[[-105.340113,28.096528],[-105.337433,28.096537],[-105.336156,28.09651],[-105.336133,28.095658],[-105.336134,28.093119],[-105.336169,28.092247],[-105.336556,28.09222],[-105.339465,28.092197],[-105.339442,28.093924],[-105.341097,28.093908],[-105.341089,28.09617],[-105.341087,28.096527],[-105.340113,28.096528]]]}},{"type":"Feature","properties":{"modulo":2,"idparcela":"776","productor":"MONTA¥EZ GAMBOA VICTOR MANUEL","cultivo":null,"superficie_fisica_ha":12,"superficie_riego_ha":12,"hectareas":11.653},"geometry":{"type":"Polygon","coordinates":[[[-105.338613,28.101191],[-105.338585,28.101215],[-105.337429,28.10116],[-105.337094,28.101148],[-105.336571,28.101134],[-105.336539,28.101132],[-105.336298,28.101146],[-105.336162,28.101121],[-105.336177,28.098916],[-105.336168,28.097393],[-105.336152,28.096764],[-105.336213,28.096707],[-105.336694,28.096692],[-105.338537,28.0967],[-105.338613,28.101191]]]}},{"type":"Feature","properties":{"modulo":2,"idparcela":"775","productor":"MONTA¥EZ GAMBOA MANUEL","cultivo":null,"superficie_fisica_ha":11.45,"superficie_riego_ha":11.45,"hectareas":12.313},"geometry":{"type":"Polygon","coordinates":[[[-105.339764,28.101194],[-105.339704,28.101191],[-105.338645,28.101213],[-105.338613,28.101191],[-105.338537,28.0967],[-105.339133,28.096678],[-105.34017,28.096703],[-105.340296,28.096766],[-105.340481,28.096817],[-105.340898,28.096848],[-105.341103,28.096844],[-105.341121,28.098642],[-105.341097,28.100527],[-105.341127,28.10126],[-105.341,28.101253],[-105.340935,28.10125],[-105.339764,28.101194]]]}},{"type":"Feature","properties":{"modulo":2,"idparcela":"777","productor":"AGUAYO URIBE ENRIQUE","cultivo":null,"superficie_fisica_ha":8.95,"superficie_riego_ha":8.95,"hectareas":9.563},"geometry":{"type":"Polygon","coordinates":[[[-105.336162,28.101121],[-105.336298,28.101146],[-105.336539,28.101132],[-105.336571,28.101134],[-105.337094,28.101148],[-105.337429,28.10116],[-105.338585,28.101215],[-105.338613,28.101191],[-105.338645,28.101213],[-105.339704,28.101191],[-105.339764,28.101194],[-105.340935,28.10125],[-105.341,28.101253],[-105.341127,28.10126],[-105.341193,28.10176],[-105.341184,28.103041],[-105.338126,28.102929],[-105.336176,28.102866],[-105.336168,28.102201],[-105.336162,28.101121]]]}},{"type":"Feature","properties":{"modulo":2,"idparcela":"768","productor":"DE SANTIAGO VALDEZ MANUEL","cultivo":null,"superficie_fisica_ha":23.85,"superficie_riego_ha":12.3,"hectareas":16.787},"geometry":{"type":"Polygon","coordinates":[[[-105.341302,28.087583],[-105.341276,28.086936],[-105.341249,28.084856],[-105.341233,28.08418],[-105.341792,28.084527],[-105.342042,28.08457],[-105.342377,28.084735],[-105.342682,28.084777],[-105.3431,28.084916],[-105.343428,28.084811],[-105.343705,28.08483],[-105.343794,28.085073],[-105.344016,28.085142],[-105.344514,28.08518],[-105.344843,28.0851],[-105.344945,28.08478],[-105.345339,28.084013],[-105.345509,28.083153],[-105.346115,28.083091],[-105.34618,28.083457],[-105.346405,28.083624],[-105.346653,28.083594],[-105.346955,28.083563],[-105.346832,28.084065],[-105.346543,28.084476],[-105.346219,28.084949],[-105.346174,28.085317],[-105.346179,28.085513],[-105.346132,28.087189],[-105.346115,28.087502],[-105.341302,28.087583]]]}},{"type":"Feature","properties":{"modulo":2,"idparcela":"664","productor":"ORNELAS PAYAN JAVIER","cultivo":null,"superficie_fisica_ha":11.575,"superficie_riego_ha":11.575,"hectareas":12.098},"geometry":{"type":"Polygon","coordinates":[[[-105.341306,28.089778],[-105.341302,28.087583],[-105.346115,28.087502],[-105.346102,28.089513],[-105.346101,28.089952],[-105.341306,28.089778]]]}},{"type":"Feature","properties":{"modulo":2,"idparcela":"771","productor":"ORNELAS PAYAN JAVIER","cultivo":null,"superficie_fisica_ha":11.575,"superficie_riego_ha":11.575,"hectareas":11.284},"geometry":{"type":"Polygon","coordinates":[[[-105.341437,28.091999],[-105.341344,28.091991],[-105.341313,28.090435],[-105.341306,28.089778],[-105.346101,28.089952],[-105.346126,28.09142],[-105.346154,28.092023],[-105.345936,28.092028],[-105.345081,28.092046],[-105.342818,28.092044],[-105.341437,28.091999]]]}},{"type":"Feature","properties":{"modulo":2,"idparcela":"767","productor":"DELGADO MARTINEZ JOSE LUIS","cultivo":null,"superficie_fisica_ha":23.05,"superficie_riego_ha":22.45,"hectareas":22.042},"geometry":{"type":"Polygon","coordinates":[[[-105.349709,28.08752],[-105.349582,28.08752],[-105.348344,28.087525],[-105.347418,28.087519],[-105.346597,28.087512],[-105.34631,28.087509],[-105.346277,28.087151],[-105.346323,28.085755],[-105.346387,28.085044],[-105.346771,28.084528],[-105.347054,28.084173],[-105.34714,28.084037],[-105.347111,28.083759],[-105.347109,28.083416],[-105.347305,28.083238],[-105.347349,28.083213],[-105.348302,28.083193],[-105.348535,28.083253],[-105.348766,28.083251],[-105.350067,28.083303],[-105.351115,28.083281],[-105.351282,28.083327],[-105.351316,28.083571],[-105.351391,28.087485],[-105.351132,28.087491],[-105.350533,28.087503],[-105.349709,28.08752]]]}},{"type":"Feature","properties":{"modulo":2,"idparcela":"828","productor":"SOTO MONTES GUADALUPE","cultivo":null,"superficie_fisica_ha":22.85,"superficie_riego_ha":22.85,"hectareas":23.094},"geometry":{"type":"Polygon","coordinates":[[[-105.341253,28.0966],[-105.341193,28.094296],[-105.341204,28.092506],[-105.341228,28.092257],[-105.342552,28.092248],[-105.344427,28.09226],[-105.345775,28.092256],[-105.346117,28.092272],[-105.346122,28.093095],[-105.346149,28.096291],[-105.346143,28.096569],[-105.341253,28.0966]]]}},{"type":"Feature","properties":{"modulo":2,"idparcela":"832","productor":"VILLALOBOS JAQUEZ HECTOR","cultivo":null,"superficie_fisica_ha":25.6,"superficie_riego_ha":24.6,"hectareas":25.559},"geometry":{"type":"Polygon","coordinates":[[[-105.341352,28.101433],[-105.341288,28.100997],[-105.341287,28.097875],[-105.341253,28.0966],[-105.346143,28.096569],[-105.346096,28.098697],[-105.34616,28.101125],[-105.346152,28.101478],[-105.341352,28.101433]]]}},{"type":"Feature","properties":{"modulo":2,"idparcela":"831","productor":"VILLALOBOS JAQUEZ HECTOR","cultivo":null,"superficie_fisica_ha":10.9,"superficie_riego_ha":10.9,"hectareas":9.778},"geometry":{"type":"Polygon","coordinates":[[[-105.349304,28.099999],[-105.349316,28.100466],[-105.349311,28.101808],[-105.349309,28.102515],[-105.349046,28.102629],[-105.348617,28.102638],[-105.348354,28.102752],[-105.347948,28.102833],[-105.3475,28.102933],[-105.347112,28.102923],[-105.346848,28.103001],[-105.346696,28.103457],[-105.346599,28.103658],[-105.346565,28.103895],[-105.346327,28.104172],[-105.346318,28.103827],[-105.346329,28.101162],[-105.346307,28.099946],[-105.347176,28.09993],[-105.348443,28.099922],[-105.349166,28.099922],[-105.349304,28.099999]]]}},{"type":"Feature","properties":{"modulo":2,"idparcela":"721","productor":"MORIEL FIERRO JOSE","cultivo":null,"superficie_fisica_ha":18.25,"superficie_riego_ha":18.25,"hectareas":18.554},"geometry":{"type":"Polygon","coordinates":[[[-105.356491,28.088406],[-105.356497,28.087535],[-105.356506,28.086285],[-105.356444,28.083911],[-105.356296,28.083164],[-105.356425,28.083186],[-105.359225,28.083164],[-105.360901,28.083166],[-105.36135,28.083156],[-105.361345,28.08349],[-105.361163,28.083813],[-105.361091,28.084159],[-105.360425,28.085279],[-105.360208,28.085555],[-105.359866,28.085762],[-105.359754,28.086163],[-105.359676,28.086328],[-105.359338,28.086679],[-105.35922,28.086863],[-105.359187,28.087154],[-105.359128,28.087245],[-105.359007,28.08732],[-105.35881,28.087596],[-105.358545,28.087602],[-105.357706,28.087601],[-105.357315,28.087664],[-105.357059,28.087954],[-105.356764,28.088211],[-105.356491,28.088406]]]}},{"type":"Feature","properties":{"modulo":2,"idparcela":"720","productor":"LICON PEREZ JUAN","cultivo":null,"superficie_fisica_ha":25.45,"superficie_riego_ha":24,"hectareas":22.986},"geometry":{"type":"Polygon","coordinates":[[[-105.356296,28.083164],[-105.356444,28.083911],[-105.356506,28.086285],[-105.356497,28.087535],[-105.355432,28.087543],[-105.35517,28.087545],[-105.354719,28.087601],[-105.354456,28.08761],[-105.354328,28.087614],[-105.353912,28.087629],[-105.353261,28.08764],[-105.352965,28.087645],[-105.352165,28.087641],[-105.351683,28.087606],[-105.351702,28.086257],[-105.351679,28.084626],[-105.351666,28.083339],[-105.35167,28.083179],[-105.35256,28.083158],[-105.354798,28.083172],[-105.356062,28.083157],[-105.356296,28.083164]]]}},{"type":"Feature","properties":{"modulo":2,"idparcela":"725","productor":"MOLINA MARTINEZ UBALDO","cultivo":null,"superficie_fisica_ha":23.45,"superficie_riego_ha":22.21,"hectareas":22.068},"geometry":{"type":"Polygon","coordinates":[[[-105.356497,28.087535],[-105.356491,28.088406],[-105.356461,28.088425],[-105.356284,28.088498],[-105.356271,28.08977],[-105.356226,28.091149],[-105.356226,28.091929],[-105.356204,28.092008],[-105.355552,28.09201],[-105.35353,28.092021],[-105.352222,28.092048],[-105.351794,28.092075],[-105.351729,28.091949],[-105.35169,28.089702],[-105.351683,28.087606],[-105.352165,28.087641],[-105.352965,28.087645],[-105.353261,28.08764],[-105.353912,28.087629],[-105.354328,28.087614],[-105.354456,28.08761],[-105.354719,28.087601],[-105.35517,28.087545],[-105.355432,28.087543],[-105.356497,28.087535]]]}},{"type":"Feature","properties":{"modulo":2,"idparcela":"187","productor":"PARCELA ESCOLAR TACUBAYA","cultivo":null,"superficie_fisica_ha":0.3,"superficie_riego_ha":0.3,"hectareas":1.26},"geometry":{"type":"Polygon","coordinates":[[[-105.356439,28.08857],[-105.356808,28.08841],[-105.357067,28.08824],[-105.357366,28.08788],[-105.357548,28.087786],[-105.358386,28.087787],[-105.358503,28.087788],[-105.358689,28.088433],[-105.358692,28.088524],[-105.356439,28.08857]]]}},{"type":"Feature","properties":{"modulo":2,"idparcela":"722","productor":"SAENZ RAMOS LEOPOLDO","cultivo":null,"superficie_fisica_ha":8.9,"superficie_riego_ha":8.9,"hectareas":8.719},"geometry":{"type":"Polygon","coordinates":[[[-105.35877,28.092044],[-105.35813,28.092034],[-105.357026,28.092039],[-105.356426,28.092034],[-105.356422,28.091888],[-105.356472,28.089818],[-105.356442,28.088675],[-105.356439,28.08857],[-105.358692,28.088524],[-105.358713,28.088577],[-105.358743,28.088921],[-105.358746,28.08928],[-105.35877,28.092044]]]}},{"type":"Feature","properties":{"modulo":2,"idparcela":"724","productor":"BERMUDEZ QUI¥ONEZ RODOLFO","cultivo":null,"superficie_fisica_ha":10.2,"superficie_riego_ha":8.05,"hectareas":9.715},"geometry":{"type":"Polygon","coordinates":[[[-105.358746,28.08928],[-105.358743,28.088921],[-105.358713,28.088577],[-105.358692,28.088524],[-105.358689,28.088433],[-105.358503,28.087788],[-105.358999,28.087792],[-105.359244,28.087751],[-105.359342,28.087622],[-105.359413,28.087185],[-105.359446,28.086912],[-105.359645,28.086691],[-105.359884,28.08645],[-105.359961,28.086285],[-105.360016,28.086049],[-105.360135,28.085883],[-105.360357,28.085788],[-105.360594,28.085475],[-105.361003,28.084723],[-105.361515,28.083969],[-105.361508,28.086036],[-105.361494,28.087033],[-105.361505,28.088229],[-105.361504,28.089277],[-105.358746,28.08928]]]}},{"type":"Feature","properties":{"modulo":2,"idparcela":"723","productor":"PAYAN N. HALIL","cultivo":null,"superficie_fisica_ha":10.4,"superficie_riego_ha":8.25,"hectareas":8.255},"geometry":{"type":"Polygon","coordinates":[[[-105.359132,28.09205],[-105.35877,28.092044],[-105.358746,28.08928],[-105.361504,28.089277],[-105.361503,28.089716],[-105.361528,28.091438],[-105.361542,28.091858],[-105.361546,28.092013],[-105.361135,28.092026],[-105.359132,28.09205]]]}},{"type":"Feature","properties":{"modulo":2,"idparcela":"727","productor":"LICON PEREZ JUAN","cultivo":null,"superficie_fisica_ha":17.1,"superficie_riego_ha":14.81,"hectareas":15.364},"geometry":{"type":"Polygon","coordinates":[[[-105.353175,28.099479],[-105.352875,28.099721],[-105.35264,28.100143],[-105.352465,28.100473],[-105.352288,28.100749],[-105.352231,28.100895],[-105.352048,28.100953],[-105.351824,28.100976],[-105.35171,28.101002],[-105.351635,28.100001],[-105.351621,28.097916],[-105.351605,28.094998],[-105.351603,28.094146],[-105.351716,28.093327],[-105.351834,28.09285],[-105.351787,28.092583],[-105.351617,28.092351],[-105.351633,28.092187],[-105.351961,28.092198],[-105.353368,28.092217],[-105.353391,28.09371],[-105.353427,28.095866],[-105.353368,28.099365],[-105.353175,28.099479]]]}},{"type":"Feature","properties":{"modulo":2,"idparcela":"728","productor":"PEREZ RANGEL REFUGIO","cultivo":null,"superficie_fisica_ha":13.9,"superficie_riego_ha":13.25,"hectareas":14.303},"geometry":{"type":"Polygon","coordinates":[[[-105.356469,28.092189],[-105.356986,28.092196],[-105.359698,28.092174],[-105.360872,28.09214],[-105.36128,28.092078],[-105.361161,28.092243],[-105.3609,28.092412],[-105.360785,28.092686],[-105.360586,28.09289],[-105.360262,28.093041],[-105.359677,28.093326],[-105.359523,28.093691],[-105.359549,28.09389],[-105.359614,28.094016],[-105.359905,28.094209],[-105.359969,28.094317],[-105.359913,28.094499],[-105.359771,28.094574],[-105.359548,28.094615],[-105.35939,28.094836],[-105.358987,28.095062],[-105.358809,28.095283],[-105.358348,28.095637],[-105.35805,28.095952],[-105.357808,28.096084],[-105.357522,28.096108],[-105.357404,28.096292],[-105.357348,28.096474],[-105.357329,28.096547],[-105.35719,28.096677],[-105.356991,28.096882],[-105.356915,28.097099],[-105.356612,28.097407],[-105.356439,28.097516],[-105.35645,28.095749],[-105.356448,28.094136],[-105.356469,28.092189]]]}},{"type":"Feature","properties":{"modulo":2,"idparcela":"726","productor":"ARMENDARIZ CHAVIRA LADISLAO","cultivo":null,"superficie_fisica_ha":21.1586,"superficie_riego_ha":21.1586,"hectareas":21.603},"geometry":{"type":"Polygon","coordinates":[[[-105.353368,28.092217],[-105.354723,28.092201],[-105.356469,28.092189],[-105.356448,28.094136],[-105.35645,28.095749],[-105.356439,28.097516],[-105.356215,28.097712],[-105.355752,28.097976],[-105.355581,28.098024],[-105.355536,28.098165],[-105.355639,28.098341],[-105.355666,28.098576],[-105.35565,28.098775],[-105.355552,28.098991],[-105.355391,28.099035],[-105.355187,28.099021],[-105.354999,28.098898],[-105.354569,28.098852],[-105.354266,28.099004],[-105.353974,28.099292],[-105.353744,28.099359],[-105.353396,28.099348],[-105.353368,28.099365],[-105.353427,28.095866],[-105.353391,28.09371],[-105.353368,28.092217]]]}},{"type":"Feature","properties":{"modulo":2,"idparcela":"972","productor":"RODRIGUEZ DEL BOSQUE RAFAEL","cultivo":null,"superficie_fisica_ha":15.05,"superficie_riego_ha":15.05,"hectareas":14.761},"geometry":{"type":"Polygon","coordinates":[[[-105.360135,28.101384],[-105.358712,28.101685],[-105.357435,28.101974],[-105.356514,28.10218],[-105.35651,28.101894],[-105.356497,28.099084],[-105.356479,28.098854],[-105.357419,28.098856],[-105.358695,28.09886],[-105.358845,28.09886],[-105.361389,28.098867],[-105.361387,28.099218],[-105.36142,28.100487],[-105.361447,28.101053],[-105.361291,28.101104],[-105.360826,28.101224],[-105.360135,28.101384]]]}},{"type":"Feature","properties":{"modulo":2,"idparcela":"952","productor":"TORRES HERMOSILLO SANTIAGO","cultivo":null,"superficie_fisica_ha":21.8,"superficie_riego_ha":20.85,"hectareas":20.343},"geometry":{"type":"Polygon","coordinates":[[[-105.353762,28.103927],[-105.352704,28.10461],[-105.351966,28.105093],[-105.351657,28.105292],[-105.351454,28.105409],[-105.351488,28.1045],[-105.351466,28.102409],[-105.351454,28.101691],[-105.351469,28.101473],[-105.351607,28.101289],[-105.351832,28.101284],[-105.352117,28.101224],[-105.352379,28.101091],[-105.352519,28.10098],[-105.352596,28.100779],[-105.352733,28.100558],[-105.352893,28.100428],[-105.35309,28.100134],[-105.353166,28.099915],[-105.353404,28.099656],[-105.353541,28.099602],[-105.353711,28.09965],[-105.353917,28.099642],[-105.354078,28.099569],[-105.354291,28.099382],[-105.354643,28.099322],[-105.355073,28.099349],[-105.355402,28.099433],[-105.355629,28.099501],[-105.35571,28.099481],[-105.355787,28.099316],[-105.355943,28.099023],[-105.355991,28.098496],[-105.355982,28.09817],[-105.35604,28.09806],[-105.356301,28.097999],[-105.356313,28.098308],[-105.35634,28.099323],[-105.356348,28.10119],[-105.356351,28.102097],[-105.356345,28.102211],[-105.356153,28.102336],[-105.354586,28.103384],[-105.35425,28.103605],[-105.35404,28.102834],[-105.353064,28.103035],[-105.353936,28.103543],[-105.354064,28.103739],[-105.353762,28.103927]]]}},{"type":"Feature","properties":{"modulo":2,"idparcela":"948","productor":"FUENTES G ALVARO HUMBER","cultivo":null,"superficie_fisica_ha":12.3,"superficie_riego_ha":12.3,"hectareas":12.555},"geometry":{"type":"Polygon","coordinates":[[[-105.356579,28.104152],[-105.356593,28.103488],[-105.356568,28.102358],[-105.356682,28.102318],[-105.35768,28.102087],[-105.358697,28.101867],[-105.360099,28.101547],[-105.361116,28.101345],[-105.36152,28.101241],[-105.361523,28.1013],[-105.361508,28.103023],[-105.361556,28.104073],[-105.361556,28.104126],[-105.359094,28.104125],[-105.359083,28.104125],[-105.356579,28.104152]]]}},{"type":"Feature","properties":{"modulo":2,"idparcela":"951","productor":"CORRALES RUIZ JUAN","cultivo":null,"superficie_fisica_ha":21.4,"superficie_riego_ha":21.4,"hectareas":20.241},"geometry":{"type":"Polygon","coordinates":[[[-105.355151,28.107723],[-105.354375,28.107794],[-105.353317,28.107979],[-105.352752,28.108168],[-105.352431,28.108324],[-105.352017,28.108621],[-105.351519,28.108796],[-105.351441,28.108181],[-105.351436,28.106405],[-105.351421,28.105843],[-105.351539,28.105677],[-105.352325,28.105244],[-105.352846,28.104887],[-105.35314,28.105155],[-105.35351,28.105219],[-105.353649,28.105053],[-105.353601,28.104782],[-105.353332,28.104555],[-105.353992,28.104104],[-105.355759,28.102888],[-105.356322,28.102514],[-105.356402,28.102458],[-105.356424,28.102596],[-105.356385,28.104546],[-105.35636,28.106336],[-105.356389,28.107201],[-105.356351,28.107517],[-105.355619,28.107641],[-105.355151,28.107723]]]}},{"type":"Feature","properties":{"modulo":2,"idparcela":"957","productor":"CUETO LICON TOMAS","cultivo":null,"superficie_fisica_ha":7.6289,"superficie_riego_ha":7.6289,"hectareas":27.941},"geometry":{"type":"Polygon","coordinates":[[[-105.34631,28.109738],[-105.346208,28.109758],[-105.346143,28.109632],[-105.346175,28.109287],[-105.346129,28.109159],[-105.346043,28.109163],[-105.34598,28.109383],[-105.345982,28.109708],[-105.345986,28.109853],[-105.345794,28.109945],[-105.345541,28.11004],[-105.344682,28.110047],[-105.342565,28.110091],[-105.341148,28.110088],[-105.340125,28.110082],[-105.339901,28.110092],[-105.339845,28.109581],[-105.33976,28.108713],[-105.339508,28.108265],[-105.339597,28.107955],[-105.339772,28.107607],[-105.34035,28.107033],[-105.340633,28.106918],[-105.341092,28.106492],[-105.341248,28.106198],[-105.341306,28.10607],[-105.341714,28.106026],[-105.342245,28.106015],[-105.34243,28.106047],[-105.342478,28.106318],[-105.342627,28.106551],[-105.342938,28.106689],[-105.343325,28.106645],[-105.343505,28.106478],[-105.343601,28.106259],[-105.343617,28.106077],[-105.343717,28.105984],[-105.34394,28.105925],[-105.344061,28.10585],[-105.344138,28.105667],[-105.344339,28.105554],[-105.344686,28.105547],[-105.344894,28.10567],[-105.345182,28.105718],[-105.345322,28.105607],[-105.345479,28.105368],[-105.345673,28.104965],[-105.345953,28.104723],[-105.34627,28.104526],[-105.346275,28.10557],[-105.34631,28.109738]]]}},{"type":"Feature","properties":{"modulo":2,"idparcela":"953","productor":"MARTINEZ PRIETO ALFREDO ELOY","cultivo":null,"superficie_fisica_ha":14,"superficie_riego_ha":13.85,"hectareas":13.909},"geometry":{"type":"Polygon","coordinates":[[[-105.346275,28.10557],[-105.34627,28.104526],[-105.346315,28.104498],[-105.346575,28.104293],[-105.346813,28.103998],[-105.347033,28.103831],[-105.347478,28.103622],[-105.3478,28.103434],[-105.348081,28.103229],[-105.348382,28.103023],[-105.348767,28.102888],[-105.349256,28.102824],[-105.349498,28.10271],[-105.349843,28.102594],[-105.350125,28.102461],[-105.350328,28.102385],[-105.350526,28.102163],[-105.350951,28.101991],[-105.351319,28.101902],[-105.351328,28.10231],[-105.351345,28.10334],[-105.351357,28.104194],[-105.351326,28.104576],[-105.351307,28.105122],[-105.35128,28.105466],[-105.35092,28.105565],[-105.350228,28.105577],[-105.349712,28.105593],[-105.34947,28.105521],[-105.346275,28.10557]]]}},{"type":"Feature","properties":{"modulo":2,"idparcela":"954","productor":"AVILA SANTOS EVELIA","cultivo":null,"superficie_fisica_ha":9.85,"superficie_riego_ha":9.85,"hectareas":12.007},"geometry":{"type":"Polygon","coordinates":[[[-105.347376,28.109132],[-105.346762,28.109494],[-105.34631,28.109738],[-105.346275,28.10557],[-105.34947,28.105521],[-105.349712,28.105593],[-105.34997,28.105891],[-105.35039,28.106232],[-105.350071,28.106614],[-105.349367,28.107458],[-105.348654,28.108312],[-105.348402,28.108569],[-105.347817,28.108892],[-105.347376,28.109132]]]}},{"type":"Feature","properties":{"modulo":2,"idparcela":"959","productor":"SALAS DOMINGUEZ JUAN CARLOS","cultivo":null,"superficie_fisica_ha":9.7,"superficie_riego_ha":9.7,"hectareas":9.734},"geometry":{"type":"Polygon","coordinates":[[[-105.346313,28.112185],[-105.345523,28.112491],[-105.344589,28.112728],[-105.344186,28.112936],[-105.34382,28.113034],[-105.343575,28.113057],[-105.343438,28.11303],[-105.343437,28.111221],[-105.343437,28.11122],[-105.343442,28.110698],[-105.343437,28.110219],[-105.343644,28.110228],[-105.344625,28.110208],[-105.345442,28.110191],[-105.34579,28.110183],[-105.346053,28.110069],[-105.346257,28.110083],[-105.346478,28.109915],[-105.346638,28.109785],[-105.34672,28.109802],[-105.346892,28.110106],[-105.346958,28.110286],[-105.34697,28.110739],[-105.347285,28.111077],[-105.347722,28.11134],[-105.347785,28.111429],[-105.34692,28.111937],[-105.346313,28.112185]]]}},{"type":"Feature","properties":{"modulo":2,"idparcela":"956","productor":"LARRAZOLO FLACO FRANCISCO JAVIER","cultivo":null,"superficie_fisica_ha":11.65,"superficie_riego_ha":11,"hectareas":11.35},"geometry":{"type":"Polygon","coordinates":[[[-105.349861,28.11028],[-105.349377,28.110526],[-105.348812,28.11081],[-105.348428,28.110999],[-105.348107,28.111223],[-105.348007,28.111298],[-105.347884,28.111282],[-105.347716,28.111141],[-105.347673,28.111033],[-105.347465,28.110892],[-105.347318,28.110768],[-105.347234,28.110679],[-105.347182,28.110263],[-105.347172,28.109865],[-105.347025,28.109723],[-105.346941,28.109652],[-105.34698,28.109561],[-105.347666,28.10922],[-105.347949,28.109105],[-105.348194,28.1091],[-105.34848,28.109058],[-105.348723,28.108981],[-105.348842,28.108851],[-105.348798,28.108725],[-105.348733,28.1086],[-105.34895,28.108305],[-105.349348,28.107862],[-105.350063,28.107086],[-105.350837,28.106181],[-105.351138,28.105894],[-105.351234,28.105882],[-105.351284,28.105923],[-105.351261,28.106906],[-105.351282,28.108385],[-105.35136,28.108962],[-105.35102,28.109259],[-105.350903,28.109461],[-105.350305,28.110054],[-105.349861,28.11028]]]}},{"type":"Feature","properties":{"modulo":2,"idparcela":"1057","productor":"ROMERO GUEVARA ALFONSO","cultivo":null,"superficie_fisica_ha":3.6099,"superficie_riego_ha":3.6099,"hectareas":3.633},"geometry":{"type":"Polygon","coordinates":[[[-105.352125,28.108887],[-105.352144,28.109585],[-105.352156,28.109769],[-105.352167,28.110474],[-105.352181,28.110699],[-105.352194,28.110911],[-105.352198,28.111031],[-105.352201,28.111151],[-105.352196,28.111264],[-105.352207,28.111383],[-105.351884,28.11149],[-105.351424,28.111656],[-105.35117,28.111778],[-105.350789,28.11206],[-105.35075,28.109937],[-105.350931,28.109769],[-105.351288,28.109344],[-105.351749,28.108972],[-105.352125,28.108887]]]}},{"type":"Feature","properties":{"modulo":2,"idparcela":"1078","productor":"MOLINA GONZALEZ MIGUEL","cultivo":null,"superficie_fisica_ha":4.5753,"superficie_riego_ha":4.4077,"hectareas":4.628},"geometry":{"type":"Polygon","coordinates":[[[-105.350789,28.11206],[-105.350747,28.112093],[-105.349663,28.112713],[-105.348808,28.113176],[-105.348709,28.111351],[-105.348705,28.111287],[-105.348667,28.111133],[-105.348815,28.111016],[-105.349199,28.110817],[-105.349442,28.11067],[-105.35011,28.110402],[-105.350452,28.110214],[-105.35075,28.109937],[-105.350789,28.11206]]]}},{"type":"Feature","properties":{"modulo":2,"idparcela":"1079","productor":"ALVARADO LOPEZ J. GUADALUPE","cultivo":null,"superficie_fisica_ha":2.112,"superficie_riego_ha":2.112,"hectareas":3.743},"geometry":{"type":"Polygon","coordinates":[[[-105.344069,28.114028],[-105.343448,28.114118],[-105.343148,28.114201],[-105.34275,28.114307],[-105.342347,28.114551],[-105.342226,28.114608],[-105.34188,28.114688],[-105.341493,28.114887],[-105.341274,28.114954],[-105.341215,28.115064],[-105.341052,28.115049],[-105.340947,28.114979],[-105.340961,28.114707],[-105.340913,28.114436],[-105.340987,28.114144],[-105.341206,28.113922],[-105.341567,28.113661],[-105.341988,28.113344],[-105.342319,28.113153],[-105.342811,28.1131],[-105.343169,28.113156],[-105.343804,28.113198],[-105.343941,28.11318],[-105.344069,28.114028]]]}},{"type":"Feature","properties":{"modulo":2,"idparcela":"1080","productor":"MOLINA N. UBALDO","cultivo":null,"superficie_fisica_ha":5.584,"superficie_riego_ha":5.311,"hectareas":4.203},"geometry":{"type":"Polygon","coordinates":[[[-105.346367,28.112318],[-105.346548,28.113581],[-105.346374,28.114482],[-105.346191,28.114562],[-105.34603,28.114638],[-105.345737,28.114556],[-105.345474,28.114421],[-105.345084,28.114365],[-105.344993,28.114098],[-105.3448,28.114013],[-105.344356,28.114099],[-105.344069,28.114028],[-105.343941,28.11318],[-105.34415,28.113154],[-105.344736,28.11287],[-105.345528,28.112654],[-105.346114,28.112407],[-105.346367,28.112318]]]}},{"type":"Feature","properties":{"modulo":2,"idparcela":"1081","productor":"LARRAZOLO VALLES FRANCISCO","cultivo":null,"superficie_fisica_ha":4.8,"superficie_riego_ha":4.8,"hectareas":5.333},"geometry":{"type":"Polygon","coordinates":[[[-105.346374,28.114482],[-105.346548,28.113581],[-105.346367,28.112318],[-105.346722,28.112195],[-105.347388,28.111855],[-105.347951,28.111517],[-105.348447,28.111254],[-105.348667,28.111133],[-105.348705,28.111287],[-105.348709,28.111351],[-105.348808,28.113176],[-105.348558,28.113353],[-105.347509,28.113917],[-105.346838,28.114277],[-105.346374,28.114482]]]}},{"type":"Feature","properties":{"modulo":2,"idparcela":"1049","productor":"ROMERO GUEVARA ALFONSO","cultivo":null,"superficie_fisica_ha":4.416,"superficie_riego_ha":4.416,"hectareas":4.552},"geometry":{"type":"Polygon","coordinates":[[[-105.352207,28.111383],[-105.352196,28.111264],[-105.352201,28.111151],[-105.352198,28.111031],[-105.352194,28.110911],[-105.352181,28.110699],[-105.352167,28.110474],[-105.352156,28.109769],[-105.352144,28.109585],[-105.352125,28.108887],[-105.35239,28.108652],[-105.352722,28.108445],[-105.352997,28.108312],[-105.353436,28.108191],[-105.353622,28.108174],[-105.353814,28.110793],[-105.35337,28.110942],[-105.352841,28.111134],[-105.352324,28.111309],[-105.352207,28.111383]]]}},{"type":"Feature","properties":{"modulo":2,"idparcela":"1048","productor":"LARRAZOLO VALLES FRANCISCO","cultivo":null,"superficie_fisica_ha":3.952,"superficie_riego_ha":3.952,"hectareas":4.726},"geometry":{"type":"Polygon","coordinates":[[[-105.355445,28.110258],[-105.355138,28.110392],[-105.354312,28.110649],[-105.353814,28.110793],[-105.353622,28.108174],[-105.353736,28.10812],[-105.354107,28.108017],[-105.355274,28.107873],[-105.355343,28.107867],[-105.355445,28.110258]]]}},{"type":"Feature","properties":{"modulo":2,"idparcela":"1047","productor":"LARRAZOLO FLACO RENE","cultivo":null,"superficie_fisica_ha":4.5641,"superficie_riego_ha":4.064,"hectareas":4.529},"geometry":{"type":"Polygon","coordinates":[[[-105.356282,28.109986],[-105.355445,28.110258],[-105.355343,28.107867],[-105.356128,28.107795],[-105.356755,28.107642],[-105.357136,28.107521],[-105.357242,28.109992],[-105.35711,28.109992],[-105.356614,28.109982],[-105.356282,28.109986]]]}},{"type":"Feature","properties":{"modulo":2,"idparcela":"1037","productor":"HERNANDEZ HIDALGO ISRAEL","cultivo":null,"superficie_fisica_ha":4.4361,"superficie_riego_ha":4.288,"hectareas":5.947},"geometry":{"type":"Polygon","coordinates":[[[-105.359909,28.106552],[-105.360035,28.106496],[-105.360272,28.106375],[-105.360641,28.106403],[-105.360847,28.106285],[-105.361508,28.106173],[-105.361521,28.107304],[-105.36152,28.108976],[-105.361475,28.109724],[-105.361489,28.110027],[-105.361179,28.110018],[-105.360242,28.110015],[-105.360148,28.110011],[-105.359909,28.106552]]]}},{"type":"Feature","properties":{"modulo":2,"idparcela":"1045","productor":"CERECERES ARROYO ANTONIO","cultivo":null,"superficie_fisica_ha":4.7116,"superficie_riego_ha":4.5479,"hectareas":4.914},"geometry":{"type":"Polygon","coordinates":[[[-105.358581,28.106841],[-105.358805,28.106821],[-105.359075,28.106795],[-105.359657,28.106664],[-105.359909,28.106552],[-105.360148,28.110011],[-105.358814,28.109984],[-105.358709,28.109985],[-105.358581,28.106841]]]}},{"type":"Feature","properties":{"modulo":2,"idparcela":"1046","productor":"HIDALGO MONTES FRANCISCO ANTONIO","cultivo":null,"superficie_fisica_ha":4.336,"superficie_riego_ha":4.336,"hectareas":4.61},"geometry":{"type":"Polygon","coordinates":[[[-105.358524,28.10686],[-105.358581,28.106841],[-105.358709,28.109985],[-105.357921,28.109995],[-105.357242,28.109992],[-105.357136,28.107521],[-105.357489,28.107308],[-105.357709,28.107103],[-105.358132,28.106915],[-105.358524,28.10686]]]}},{"type":"Feature","properties":{"modulo":2,"idparcela":"1005","productor":"HIDALGO CERECERES GUADALUPE","cultivo":null,"superficie_fisica_ha":10.69,"superficie_riego_ha":10.29,"hectareas":11.503},"geometry":{"type":"Polygon","coordinates":[[[-105.361681,28.10742],[-105.361705,28.106127],[-105.361917,28.106117],[-105.362388,28.106028],[-105.363061,28.105934],[-105.363421,28.105926],[-105.363849,28.105917],[-105.364071,28.105813],[-105.364273,28.105789],[-105.3643,28.105948],[-105.36428,28.106907],[-105.364265,28.108026],[-105.364319,28.110033],[-105.363759,28.110034],[-105.36323,28.110031],[-105.362634,28.110032],[-105.362163,28.110042],[-105.361956,28.110052],[-105.361648,28.11003],[-105.361664,28.108903],[-105.361686,28.108459],[-105.361676,28.108079],[-105.361681,28.10742]]]}},{"type":"Feature","properties":{"modulo":2,"idparcela":"945","productor":"FUENTES GUTIERREZ LUIS ERNESTO","cultivo":null,"superficie_fisica_ha":10.79,"superficie_riego_ha":10.79,"hectareas":8.34},"geometry":{"type":"Polygon","coordinates":[[[-105.363191,28.105731],[-105.362808,28.105719],[-105.362471,28.105787],[-105.362142,28.105879],[-105.36174,28.105921],[-105.361778,28.104424],[-105.361757,28.102626],[-105.361726,28.101295],[-105.362037,28.101282],[-105.362292,28.101299],[-105.362602,28.101394],[-105.362856,28.101437],[-105.363185,28.101377],[-105.363533,28.101295],[-105.363541,28.101621],[-105.363549,28.101914],[-105.363459,28.102251],[-105.363471,28.103569],[-105.363488,28.105046],[-105.363521,28.105425],[-105.363529,28.105696],[-105.363191,28.105731]]]}},{"type":"Feature","properties":{"modulo":2,"idparcela":"971","productor":"MODESTO N. RICARDO","cultivo":null,"superficie_fisica_ha":10.2057,"superficie_riego_ha":9.32,"hectareas":10.135},"geometry":{"type":"Polygon","coordinates":[[[-105.365869,28.104776],[-105.365895,28.103168],[-105.365891,28.101208],[-105.366301,28.101205],[-105.367508,28.101208],[-105.368703,28.101187],[-105.36871,28.101443],[-105.368711,28.103067],[-105.36871,28.104408],[-105.368495,28.104463],[-105.368206,28.104477],[-105.367794,28.104357],[-105.367361,28.104388],[-105.367055,28.104453],[-105.366696,28.104546],[-105.366358,28.104745],[-105.366119,28.104798],[-105.365869,28.104776]]]}},{"type":"Feature","properties":{"modulo":2,"idparcela":"946","productor":"SOLIS QUI¥ONEZ SALVADOR","cultivo":null,"superficie_fisica_ha":11.15,"superficie_riego_ha":11.15,"hectareas":9.09},"geometry":{"type":"Polygon","coordinates":[[[-105.365891,28.101208],[-105.365895,28.103168],[-105.365869,28.104776],[-105.365698,28.104817],[-105.365511,28.104904],[-105.365266,28.105009],[-105.364933,28.105068],[-105.364643,28.105282],[-105.364333,28.105488],[-105.363911,28.105696],[-105.363759,28.105739],[-105.363722,28.105381],[-105.363702,28.104622],[-105.36381,28.10444],[-105.363813,28.103701],[-105.363817,28.102144],[-105.363731,28.101953],[-105.363707,28.101275],[-105.363996,28.101261],[-105.364447,28.101272],[-105.364628,28.101256],[-105.36479,28.101258],[-105.364965,28.10126],[-105.36523,28.101254],[-105.365684,28.101226],[-105.365891,28.101208]]]}},{"type":"Feature","properties":{"modulo":2,"idparcela":"998","productor":"MELENDEZ OLIVAS ABELARDO","cultivo":null,"superficie_fisica_ha":16.8,"superficie_riego_ha":16,"hectareas":15.886},"geometry":{"type":"Polygon","coordinates":[[[-105.371405,28.109938],[-105.371073,28.109961],[-105.370821,28.109956],[-105.370633,28.10996],[-105.370282,28.109962],[-105.370056,28.109972],[-105.369662,28.110294],[-105.369274,28.110662],[-105.369174,28.110763],[-105.369112,28.110827],[-105.36911,28.110661],[-105.369087,28.108993],[-105.369065,28.107287],[-105.369073,28.105888],[-105.36904,28.104506],[-105.369194,28.104488],[-105.37023,28.104506],[-105.370747,28.104476],[-105.37122,28.104446],[-105.371693,28.104456],[-105.371695,28.104536],[-105.371738,28.105417],[-105.37172,28.106333],[-105.371715,28.106972],[-105.371713,28.107751],[-105.371673,28.10879],[-105.371682,28.109129],[-105.371616,28.109191],[-105.371481,28.109193],[-105.371484,28.109367],[-105.371495,28.109486],[-105.371449,28.109693],[-105.371408,28.109854],[-105.371405,28.109938]]]}},{"type":"Feature","properties":{"modulo":2,"idparcela":"992","productor":"TORRES CAMARILLO FERNANDO","cultivo":null,"superficie_fisica_ha":8.8,"superficie_riego_ha":8.8,"hectareas":8.261},"geometry":{"type":"Polygon","coordinates":[[[-105.381593,28.110052],[-105.380865,28.110047],[-105.379566,28.110023],[-105.378568,28.110016],[-105.377048,28.110006],[-105.376865,28.109988],[-105.376964,28.107294],[-105.376995,28.107341],[-105.377453,28.107651],[-105.378205,28.107975],[-105.378866,28.10826],[-105.379528,28.108586],[-105.38019,28.108912],[-105.380325,28.108909],[-105.380528,28.108945],[-105.380894,28.109137],[-105.381463,28.109364],[-105.381729,28.10947],[-105.38185,28.109517],[-105.38186,28.109895],[-105.381863,28.110059],[-105.381593,28.110052]]]}},{"type":"Feature","properties":{"modulo":2,"idparcela":"993","productor":"MENDOZA MOLINA LEONARDO","cultivo":null,"superficie_fisica_ha":12.65,"superficie_riego_ha":12.65,"hectareas":12.314},"geometry":{"type":"Polygon","coordinates":[[[-105.376865,28.109988],[-105.376021,28.109978],[-105.37454,28.109959],[-105.374054,28.109941],[-105.374023,28.105097],[-105.374373,28.105319],[-105.374811,28.105507],[-105.375171,28.105661],[-105.375585,28.105992],[-105.376301,28.106656],[-105.376877,28.107164],[-105.376964,28.107294],[-105.376865,28.109988]]]}},{"type":"Feature","properties":{"modulo":2,"idparcela":"994","productor":"MELENDEZ MARTINEZ SAUL","cultivo":null,"superficie_fisica_ha":12.65,"superficie_riego_ha":12.65,"hectareas":12.602},"geometry":{"type":"Polygon","coordinates":[[[-105.374054,28.109941],[-105.373147,28.109953],[-105.372264,28.109964],[-105.371827,28.109974],[-105.371824,28.109882],[-105.371834,28.109785],[-105.371828,28.108707],[-105.371849,28.106949],[-105.371858,28.10516],[-105.371836,28.104632],[-105.371863,28.104455],[-105.37207,28.104429],[-105.372345,28.104422],[-105.372662,28.104476],[-105.372936,28.10463],[-105.373323,28.104781],[-105.373915,28.105029],[-105.374023,28.105097],[-105.374054,28.109941]]]}},{"type":"Feature","properties":{"modulo":2,"idparcela":"1024","productor":"BAEZA MORALES REYES","cultivo":null,"superficie_fisica_ha":15.2,"superficie_riego_ha":14.6,"hectareas":14.547},"geometry":{"type":"Polygon","coordinates":[[[-105.378387,28.105603],[-105.378397,28.105356],[-105.378571,28.105027],[-105.379002,28.104764],[-105.379698,28.104609],[-105.380045,28.10451],[-105.380213,28.104513],[-105.380609,28.104448],[-105.380767,28.104417],[-105.381385,28.104312],[-105.381814,28.104262],[-105.381803,28.104365],[-105.381607,28.104608],[-105.381546,28.104849],[-105.381324,28.105012],[-105.381288,28.105334],[-105.381558,28.106167],[-105.381637,28.106605],[-105.381823,28.106801],[-105.381867,28.108457],[-105.381842,28.109237],[-105.381617,28.109221],[-105.38002,28.108456],[-105.378514,28.107748],[-105.377565,28.107292],[-105.377898,28.106947],[-105.378096,28.106611],[-105.378155,28.106451],[-105.378252,28.106191],[-105.378287,28.10604],[-105.378387,28.105603]]]}},{"type":"Feature","properties":{"modulo":2,"idparcela":"9764","productor":"BAEZA TERRAZAS HECTOR","cultivo":null,"superficie_fisica_ha":13,"superficie_riego_ha":13,"hectareas":17.964},"geometry":{"type":"Polygon","coordinates":[[[-105.381814,28.104262],[-105.381385,28.104312],[-105.380767,28.104417],[-105.380609,28.104448],[-105.380213,28.104513],[-105.380045,28.10451],[-105.379698,28.104609],[-105.379002,28.104764],[-105.378571,28.105027],[-105.378397,28.105356],[-105.378387,28.105603],[-105.378287,28.10604],[-105.378252,28.106191],[-105.378155,28.106451],[-105.378096,28.106611],[-105.377898,28.106947],[-105.377565,28.107292],[-105.37735,28.107154],[-105.375872,28.105787],[-105.375505,28.105515],[-105.374383,28.104984],[-105.373278,28.104558],[-105.372775,28.10433],[-105.372966,28.10434],[-105.373701,28.104416],[-105.37421,28.10442],[-105.374595,28.104335],[-105.375087,28.104205],[-105.376271,28.103841],[-105.376926,28.103629],[-105.377189,28.103642],[-105.377636,28.103513],[-105.378242,28.103421],[-105.378709,28.103211],[-105.379156,28.103062],[-105.379625,28.102912],[-105.380289,28.102499],[-105.3812,28.102021],[-105.381399,28.101897],[-105.381645,28.101823],[-105.381861,28.101847],[-105.381851,28.101948],[-105.381875,28.103684],[-105.381814,28.104262]]]}},{"type":"Feature","properties":{"modulo":2,"idparcela":"990","productor":"CARRILLO SANCHEZ FRANCISCO ALFREDO","cultivo":null,"superficie_fisica_ha":11.7,"superficie_riego_ha":11.7,"hectareas":12.409},"geometry":{"type":"Polygon","coordinates":[[[-105.37685,28.111666],[-105.376863,28.111505],[-105.376865,28.110349],[-105.376847,28.110291],[-105.376843,28.110152],[-105.377373,28.110171],[-105.378598,28.110176],[-105.379874,28.110164],[-105.381,28.110161],[-105.38114,28.110424],[-105.381487,28.110673],[-105.381761,28.110743],[-105.381817,28.112359],[-105.38182,28.112498],[-105.376882,28.11261],[-105.37685,28.111666]]]}},{"type":"Feature","properties":{"modulo":2,"idparcela":"991","productor":"MELENDEZ MARTINEZ SAUL","cultivo":null,"superficie_fisica_ha":12,"superficie_riego_ha":12,"hectareas":10.816},"geometry":{"type":"Polygon","coordinates":[[[-105.376795,28.114548],[-105.376813,28.113977],[-105.376811,28.113919],[-105.376833,28.112858],[-105.376882,28.11261],[-105.38182,28.112498],[-105.381807,28.113544],[-105.381814,28.114114],[-105.381769,28.11459],[-105.381323,28.11457],[-105.379904,28.114541],[-105.378848,28.114549],[-105.377521,28.114562],[-105.377084,28.114556],[-105.376795,28.114548]]]}},{"type":"Feature","properties":{"modulo":2,"idparcela":"1001","productor":"MELENDEZ MARTINEZ SAUL","cultivo":null,"superficie_fisica_ha":13.2,"superficie_riego_ha":13.2,"hectareas":15.111},"geometry":{"type":"Polygon","coordinates":[[[-105.376882,28.11261],[-105.376833,28.112858],[-105.376811,28.113919],[-105.376813,28.113977],[-105.376795,28.114548],[-105.37657,28.114548],[-105.375954,28.114551],[-105.373703,28.114576],[-105.372615,28.114584],[-105.372262,28.114412],[-105.372006,28.114387],[-105.371718,28.114453],[-105.371585,28.114598],[-105.371098,28.114601],[-105.369911,28.114596],[-105.369704,28.114586],[-105.369275,28.114588],[-105.369426,28.112705],[-105.371816,28.11271],[-105.374054,28.112715],[-105.376882,28.11261]]]}},{"type":"Feature","properties":{"modulo":2,"idparcela":"995","productor":"BAEZA CISNEROS FRANCISCO","cultivo":null,"superficie_fisica_ha":16.35,"superficie_riego_ha":13.4,"hectareas":16.527},"geometry":{"type":"Polygon","coordinates":[[[-105.371816,28.11271],[-105.369426,28.112705],[-105.369275,28.114588],[-105.368244,28.11458],[-105.366842,28.11458],[-105.366787,28.113733],[-105.366803,28.113411],[-105.366902,28.11315],[-105.36688,28.111687],[-105.366884,28.111471],[-105.366855,28.110722],[-105.36704,28.110729],[-105.368171,28.110951],[-105.369057,28.11116],[-105.369213,28.111111],[-105.369596,28.110786],[-105.370125,28.110201],[-105.370294,28.110153],[-105.370601,28.110176],[-105.370791,28.110293],[-105.371863,28.110271],[-105.372135,28.110265],[-105.371816,28.11271]]]}},{"type":"Feature","properties":{"modulo":2,"idparcela":"1002","productor":"BAEZA MORALES REYES","cultivo":null,"superficie_fisica_ha":16.8,"superficie_riego_ha":16.8,"hectareas":13.321},"geometry":{"type":"Polygon","coordinates":[[[-105.376843,28.110152],[-105.376847,28.110291],[-105.376865,28.110349],[-105.376863,28.111505],[-105.37685,28.111666],[-105.376882,28.112602],[-105.374054,28.112715],[-105.371816,28.11271],[-105.372135,28.110265],[-105.372679,28.110254],[-105.372847,28.11016],[-105.373816,28.11014],[-105.376027,28.110155],[-105.376843,28.110152]]]}},{"type":"Feature","properties":{"modulo":2,"idparcela":"1023","productor":"MELENDEZ PEREZ ROGELIO","cultivo":null,"superficie_fisica_ha":13.5,"superficie_riego_ha":13.3,"hectareas":14.241},"geometry":{"type":"Polygon","coordinates":[[[-105.364569,28.119021],[-105.363876,28.119021],[-105.362688,28.119002],[-105.362053,28.119022],[-105.361847,28.119012],[-105.361728,28.119014],[-105.361694,28.118268],[-105.361704,28.116998],[-105.363658,28.116518],[-105.366708,28.11577],[-105.366655,28.116656],[-105.366667,28.11691],[-105.366671,28.117449],[-105.366678,28.117705],[-105.36668,28.1178],[-105.366672,28.117953],[-105.366692,28.118722],[-105.36673,28.118842],[-105.366827,28.11896],[-105.366854,28.11905],[-105.365952,28.119039],[-105.365113,28.119032],[-105.364569,28.119021]]]}},{"type":"Feature","properties":{"modulo":2,"idparcela":"1022","productor":"ESPARZA PORTILLO VICTOR MANUEL","cultivo":null,"superficie_fisica_ha":8.05,"superficie_riego_ha":8.05,"hectareas":7.295},"geometry":{"type":"Polygon","coordinates":[[[-105.363559,28.123117],[-105.363206,28.123134],[-105.362187,28.123234],[-105.361892,28.123253],[-105.361866,28.120958],[-105.361863,28.120412],[-105.361798,28.120257],[-105.361725,28.120062],[-105.361728,28.119305],[-105.361734,28.119203],[-105.363218,28.119219],[-105.363537,28.119227],[-105.363512,28.120719],[-105.363559,28.123117]]]}},{"type":"Feature","properties":{"modulo":2,"idparcela":"1021","productor":"ESPARZA PORTILLO VICTOR MANUEL","cultivo":null,"superficie_fisica_ha":10.1,"superficie_riego_ha":10.1,"hectareas":9.79},"geometry":{"type":"Polygon","coordinates":[[[-105.365991,28.119596],[-105.365979,28.120049],[-105.365971,28.121225],[-105.366007,28.121855],[-105.36598,28.122872],[-105.365289,28.12293],[-105.364577,28.12302],[-105.363559,28.123117],[-105.363512,28.120719],[-105.363537,28.119227],[-105.365481,28.11926],[-105.365488,28.119501],[-105.365644,28.119604],[-105.365991,28.119596]]]}},{"type":"Feature","properties":{"modulo":2,"idparcela":"1019","productor":"ESPARZA PORTILLO VICTOR MANUEL","cultivo":null,"superficie_fisica_ha":10,"superficie_riego_ha":10,"hectareas":8.009},"geometry":{"type":"Polygon","coordinates":[[[-105.366007,28.121855],[-105.367764,28.121779],[-105.36907,28.121788],[-105.369095,28.121792],[-105.369454,28.121838],[-105.370199,28.121784],[-105.370277,28.121789],[-105.371739,28.121893],[-105.371758,28.123011],[-105.371766,28.123932],[-105.370849,28.123578],[-105.36964,28.12315],[-105.369,28.12296],[-105.36861,28.122849],[-105.368261,28.122753],[-105.367844,28.122759],[-105.366502,28.12279],[-105.36598,28.122872],[-105.366007,28.121855]]]}},{"type":"Feature","properties":{"modulo":2,"idparcela":"1012","productor":"ESPARZA PORTILLO VICTOR MANUEL","cultivo":null,"superficie_fisica_ha":5.5,"superficie_riego_ha":5.5,"hectareas":6.729},"geometry":{"type":"Polygon","coordinates":[[[-105.371739,28.121893],[-105.370199,28.121784],[-105.369454,28.121838],[-105.36933,28.119219],[-105.369856,28.119208],[-105.371215,28.119201],[-105.371785,28.119209],[-105.371759,28.11967],[-105.371759,28.119975],[-105.37175,28.120881],[-105.371761,28.121396],[-105.371739,28.121893]]]}},{"type":"Feature","properties":{"modulo":2,"idparcela":"1020","productor":"ESPARZA PORTILLO VICTOR MANUEL","cultivo":null,"superficie_fisica_ha":10,"superficie_riego_ha":10,"hectareas":9.499},"geometry":{"type":"Polygon","coordinates":[[[-105.369454,28.121838],[-105.369095,28.121792],[-105.36907,28.121788],[-105.367764,28.121779],[-105.366007,28.121855],[-105.365971,28.121225],[-105.365979,28.120049],[-105.365991,28.119596],[-105.365991,28.119248],[-105.366094,28.119247],[-105.368895,28.119223],[-105.36933,28.119219],[-105.369454,28.121838]]]}},{"type":"Feature","properties":{"modulo":2,"idparcela":"1011","productor":"ESPARZA PORTILLO VICTOR MANUEL","cultivo":null,"superficie_fisica_ha":14.5,"superficie_riego_ha":14.5,"hectareas":13.786},"geometry":{"type":"Polygon","coordinates":[[[-105.372274,28.119658],[-105.372353,28.119444],[-105.372338,28.1192],[-105.372955,28.119187],[-105.374329,28.119196],[-105.374351,28.119194],[-105.374374,28.119445],[-105.374373,28.119726],[-105.374373,28.120647],[-105.374373,28.121561],[-105.374394,28.123553],[-105.37443,28.124596],[-105.374417,28.124725],[-105.374089,28.12467],[-105.3736,28.124548],[-105.372592,28.124218],[-105.372061,28.124026],[-105.371889,28.123977],[-105.371863,28.122997],[-105.371888,28.121835],[-105.371905,28.120914],[-105.371935,28.120046],[-105.37193,28.119699],[-105.372274,28.119658]]]}},{"type":"Feature","properties":{"modulo":2,"idparcela":"986","productor":"ESPARZA PORTILLO VICTOR MANUEL","cultivo":null,"superficie_fisica_ha":25,"superficie_riego_ha":25,"hectareas":24.836},"geometry":{"type":"Polygon","coordinates":[[[-105.378218,28.125446],[-105.378219,28.125272],[-105.37824,28.124873],[-105.378231,28.1232],[-105.378239,28.119235],[-105.378907,28.11922],[-105.379657,28.119233],[-105.380201,28.119207],[-105.380828,28.119201],[-105.381364,28.119227],[-105.381377,28.119336],[-105.381553,28.119543],[-105.381861,28.119634],[-105.381881,28.120382],[-105.381878,28.121166],[-105.381904,28.122153],[-105.381882,28.123454],[-105.381898,28.1244],[-105.381886,28.125145],[-105.381895,28.125792],[-105.381782,28.125795],[-105.381615,28.125713],[-105.381358,28.125658],[-105.38011,28.125498],[-105.378623,28.125422],[-105.378218,28.125446]]]}},{"type":"Feature","properties":{"modulo":2,"idparcela":"987","productor":"SOLIS QUI¥ONEZ SALVADOR","cultivo":null,"superficie_fisica_ha":9.35,"superficie_riego_ha":9.35,"hectareas":11.897},"geometry":{"type":"Polygon","coordinates":[[[-105.376475,28.125215],[-105.376436,28.120086],[-105.376388,28.119195],[-105.37737,28.11921],[-105.378239,28.119235],[-105.378231,28.1232],[-105.37824,28.124873],[-105.378219,28.125272],[-105.378218,28.125446],[-105.377663,28.125414],[-105.377386,28.125394],[-105.377121,28.125345],[-105.376475,28.125215]]]}},{"type":"Feature","properties":{"modulo":2,"idparcela":"1010","productor":"SOLIS QUI¥ONEZ SALVADOR","cultivo":null,"superficie_fisica_ha":15.65,"superficie_riego_ha":14.45,"hectareas":11.698},"geometry":{"type":"Polygon","coordinates":[[[-105.376388,28.119195],[-105.376436,28.120086],[-105.376475,28.125215],[-105.376343,28.125189],[-105.375554,28.124979],[-105.374973,28.124871],[-105.374555,28.124751],[-105.374536,28.124457],[-105.37454,28.123311],[-105.374539,28.122013],[-105.374499,28.120505],[-105.374714,28.120275],[-105.374778,28.120107],[-105.374789,28.119866],[-105.374768,28.119715],[-105.374729,28.119535],[-105.374811,28.119413],[-105.37496,28.11921],[-105.375763,28.119186],[-105.376274,28.119183],[-105.376388,28.119195]]]}},{"type":"Feature","properties":{"modulo":2,"idparcela":"1098","productor":"BACA RODRIGUEZ JESUS MANUEL","cultivo":null,"superficie_fisica_ha":8,"superficie_riego_ha":8,"hectareas":7.867},"geometry":{"type":"Polygon","coordinates":[[[-105.366779,28.124171],[-105.366803,28.123422],[-105.366849,28.123137],[-105.366927,28.123092],[-105.367419,28.123037],[-105.36815,28.123006],[-105.368905,28.123217],[-105.369677,28.123457],[-105.370947,28.123883],[-105.371653,28.12417],[-105.371656,28.124291],[-105.371539,28.125018],[-105.371496,28.125305],[-105.371367,28.125618],[-105.369617,28.125043],[-105.367026,28.124267],[-105.366779,28.124171]]]}},{"type":"Feature","properties":{"modulo":2,"idparcela":"1097","productor":"FLORES GARCIA ISIDRO","cultivo":null,"superficie_fisica_ha":8.05,"superficie_riego_ha":8.05,"hectareas":7.556},"geometry":{"type":"Polygon","coordinates":[[[-105.366483,28.126075],[-105.366674,28.125583],[-105.366763,28.125238],[-105.366788,28.124905],[-105.36678,28.124565],[-105.366779,28.124171],[-105.367026,28.124267],[-105.369617,28.125043],[-105.371367,28.125618],[-105.371357,28.125748],[-105.371357,28.125933],[-105.371185,28.126174],[-105.370941,28.126474],[-105.370782,28.12667],[-105.366483,28.126075]]]}},{"type":"Feature","properties":{"modulo":2,"idparcela":"1096","productor":"GUDI¥O MENDOZA MANUEL","cultivo":null,"superficie_fisica_ha":8.25,"superficie_riego_ha":8,"hectareas":8.081},"geometry":{"type":"Polygon","coordinates":[[[-105.369883,28.12806],[-105.36901,28.128079],[-105.367351,28.128102],[-105.366589,28.128074],[-105.366421,28.127778],[-105.366277,28.127379],[-105.366202,28.126893],[-105.366229,28.126569],[-105.36633,28.126309],[-105.366483,28.126075],[-105.370782,28.12667],[-105.370632,28.127149],[-105.370595,28.127625],[-105.370601,28.127868],[-105.370631,28.128034],[-105.369883,28.12806]]]}},{"type":"Feature","properties":{"modulo":2,"idparcela":"1100","productor":"FLORES GARCIA ISIDRO","cultivo":null,"superficie_fisica_ha":10.6,"superficie_riego_ha":10.3,"hectareas":10.163},"geometry":{"type":"Polygon","coordinates":[[[-105.365819,28.128092],[-105.364543,28.128116],[-105.364506,28.123249],[-105.364787,28.123227],[-105.366129,28.123139],[-105.366452,28.123132],[-105.366618,28.123119],[-105.366672,28.123165],[-105.366655,28.12438],[-105.366649,28.124803],[-105.366656,28.125044],[-105.366619,28.12519],[-105.366614,28.125309],[-105.366437,28.125788],[-105.366161,28.126334],[-105.366071,28.126628],[-105.366037,28.126762],[-105.366175,28.127453],[-105.366287,28.127828],[-105.366401,28.127993],[-105.366447,28.128085],[-105.36616,28.128085],[-105.365819,28.128092]]]}},{"type":"Feature","properties":{"modulo":2,"idparcela":"************","productor":null,"cultivo":null,"superficie_fisica_ha":null,"superficie_riego_ha":null,"hectareas":13.791},"geometry":{"type":"Polygon","coordinates":[[[-105.364543,28.128116],[-105.364075,28.128111],[-105.363726,28.128133],[-105.363427,28.128116],[-105.362733,28.128119],[-105.361878,28.128154],[-105.36176,28.128139],[-105.361742,28.127802],[-105.361753,28.127545],[-105.362089,28.127402],[-105.362211,28.127505],[-105.3623,28.127669],[-105.362404,28.127727],[-105.362556,28.127664],[-105.362604,28.127557],[-105.362701,28.127374],[-105.3628,28.127251],[-105.362569,28.126894],[-105.362313,28.126972],[-105.362085,28.127166],[-105.361736,28.127225],[-105.361717,28.125539],[-105.361765,28.123505],[-105.361815,28.123485],[-105.36207,28.123465],[-105.363154,28.123417],[-105.363949,28.123314],[-105.364317,28.123272],[-105.364506,28.123249],[-105.364543,28.128116]]]}},{"type":"Feature","properties":{"modulo":2,"idparcela":"1093","productor":"MARTINEZ GONZALEZ GUADALUPE ALFREDO","cultivo":null,"superficie_fisica_ha":17.35,"superficie_riego_ha":17.35,"hectareas":17.582},"geometry":{"type":"Polygon","coordinates":[[[-105.376148,28.128105],[-105.373936,28.128136],[-105.371979,28.128116],[-105.371823,28.128044],[-105.371632,28.127867],[-105.371236,28.127725],[-105.370912,28.127686],[-105.370744,28.12763],[-105.370828,28.127103],[-105.370964,28.126718],[-105.3713,28.126237],[-105.371625,28.125964],[-105.371919,28.12587],[-105.371852,28.125268],[-105.371855,28.124725],[-105.371931,28.124406],[-105.371936,28.124202],[-105.37232,28.124307],[-105.374019,28.12483],[-105.374666,28.12495],[-105.37561,28.125144],[-105.376791,28.125421],[-105.376862,28.125525],[-105.376798,28.125677],[-105.376598,28.125848],[-105.375895,28.12627],[-105.375748,28.126529],[-105.375788,28.126724],[-105.375932,28.127023],[-105.376285,28.12755],[-105.376514,28.127811],[-105.376787,28.128086],[-105.376675,28.128079],[-105.376519,28.128085],[-105.376148,28.128105]]]}},{"type":"Feature","properties":{"modulo":2,"idparcela":"1090","productor":"FLORES GARCIA ISIDRO","cultivo":null,"superficie_fisica_ha":14.35,"superficie_riego_ha":14.35,"hectareas":14.029},"geometry":{"type":"Polygon","coordinates":[[[-105.38064,28.128013],[-105.37831,28.128018],[-105.377021,28.128053],[-105.37688,28.127955],[-105.376457,28.12757],[-105.37614,28.12717],[-105.37589,28.126716],[-105.375885,28.126526],[-105.375982,28.126343],[-105.37635,28.126094],[-105.376735,28.12586],[-105.376868,28.125736],[-105.376966,28.125599],[-105.377068,28.125596],[-105.377699,28.125659],[-105.378532,28.125611],[-105.379248,28.125641],[-105.379878,28.125673],[-105.380716,28.125822],[-105.381244,28.125841],[-105.381569,28.12591],[-105.381862,28.126039],[-105.381931,28.126083],[-105.381915,28.127411],[-105.381902,28.127547],[-105.381765,28.12752],[-105.381768,28.127625],[-105.381892,28.127804],[-105.381878,28.12794],[-105.38189,28.128052],[-105.38064,28.128013]]]}},{"type":"Feature","properties":{"modulo":2,"idparcela":"1091","productor":"TERRAZAS GONZALEZ OSCAR HUMBERTO","cultivo":null,"superficie_fisica_ha":11.7,"superficie_riego_ha":11.7,"hectareas":11.775},"geometry":{"type":"Polygon","coordinates":[[[-105.376925,28.130446],[-105.376908,28.129809],[-105.37694,28.128481],[-105.376924,28.128258],[-105.377257,28.128218],[-105.380524,28.128231],[-105.381856,28.128268],[-105.381856,28.128363],[-105.381899,28.128709],[-105.381877,28.129796],[-105.381862,28.129887],[-105.381692,28.129905],[-105.381573,28.129908],[-105.38154,28.129923],[-105.381518,28.130376],[-105.381535,28.130479],[-105.379512,28.130465],[-105.379494,28.130465],[-105.37895,28.130461],[-105.376925,28.130446]]]}},{"type":"Feature","properties":{"modulo":2,"idparcela":"1092","productor":"TERRAZAS GONZALEZ OSCAR HUMBERTO","cultivo":null,"superficie_fisica_ha":11.2,"superficie_riego_ha":11.2,"hectareas":11.185},"geometry":{"type":"Polygon","coordinates":[[[-105.380217,28.132539],[-105.378887,28.132559],[-105.377866,28.132565],[-105.377253,28.132563],[-105.376921,28.132573],[-105.376928,28.132452],[-105.376922,28.131129],[-105.376925,28.130446],[-105.37895,28.130461],[-105.379494,28.130465],[-105.379512,28.130465],[-105.381535,28.130479],[-105.381624,28.130525],[-105.381847,28.130581],[-105.38187,28.130837],[-105.381878,28.131138],[-105.381915,28.131243],[-105.381908,28.132296],[-105.381791,28.132347],[-105.381739,28.132516],[-105.380715,28.132546],[-105.380217,28.132539]]]}},{"type":"Feature","properties":{"modulo":2,"idparcela":"1094","productor":"FLORES GARCIA ISIDRO","cultivo":null,"superficie_fisica_ha":11.53,"superficie_riego_ha":11.38,"hectareas":11.978},"geometry":{"type":"Polygon","coordinates":[[[-105.371784,28.130477],[-105.37178,28.130263],[-105.371792,28.128784],[-105.371813,28.128295],[-105.371969,28.128266],[-105.372646,28.128253],[-105.373718,28.128261],[-105.374892,28.128252],[-105.375726,28.12825],[-105.376323,28.128282],[-105.376799,28.128272],[-105.376801,28.128399],[-105.376819,28.128736],[-105.376767,28.13028],[-105.37676,28.13046],[-105.371784,28.130477]]]}},{"type":"Feature","properties":{"modulo":2,"idparcela":"1095","productor":"RAMIREZ ORNELAS LORENZO","cultivo":null,"superficie_fisica_ha":11.52,"superficie_riego_ha":11.52,"hectareas":12.006},"geometry":{"type":"Polygon","coordinates":[[[-105.375461,28.132675],[-105.373786,28.132702],[-105.373581,28.1327],[-105.373019,28.132711],[-105.372634,28.132735],[-105.372289,28.132757],[-105.372058,28.132758],[-105.371756,28.132759],[-105.37179,28.132576],[-105.371804,28.131816],[-105.371784,28.130477],[-105.37676,28.13046],[-105.376761,28.131323],[-105.376766,28.13223],[-105.376765,28.132559],[-105.376762,28.132648],[-105.376426,28.132655],[-105.375503,28.132675],[-105.375461,28.132675]]]}},{"type":"Feature","properties":{"modulo":2,"idparcela":"1099","productor":"SOLIS QUI¥ONEZ SALVADOR","cultivo":null,"superficie_fisica_ha":23.25,"superficie_riego_ha":23.15,"hectareas":23.197},"geometry":{"type":"Polygon","coordinates":[[[-105.370104,28.132611],[-105.369001,28.132609],[-105.368329,28.132631],[-105.367665,28.132619],[-105.367168,28.132638],[-105.366817,28.132619],[-105.366818,28.132448],[-105.366769,28.131257],[-105.366747,28.131077],[-105.366702,28.130866],[-105.366724,28.129554],[-105.36673,28.128482],[-105.366721,28.128263],[-105.367439,28.128224],[-105.369461,28.128249],[-105.370943,28.12821],[-105.371364,28.128197],[-105.371375,28.128476],[-105.371377,28.128652],[-105.371624,28.128683],[-105.371654,28.128904],[-105.371652,28.130552],[-105.371656,28.131985],[-105.371652,28.132483],[-105.371604,28.132605],[-105.371153,28.132611],[-105.370105,28.132633],[-105.370104,28.132611]]]}},{"type":"Feature","properties":{"modulo":2,"idparcela":"1111","productor":"VILLALOBOS CHAVEZ OSCAR","cultivo":null,"superficie_fisica_ha":25.2,"superficie_riego_ha":25.2,"hectareas":24.372},"geometry":{"type":"Polygon","coordinates":[[[-105.365681,28.132578],[-105.364337,28.13259],[-105.363945,28.132599],[-105.363828,28.132646],[-105.36326,28.13308],[-105.36256,28.133608],[-105.36216,28.133948],[-105.361927,28.134134],[-105.361877,28.134165],[-105.361824,28.134189],[-105.361746,28.131799],[-105.361706,28.129628],[-105.361707,28.128406],[-105.361739,28.128315],[-105.362163,28.128276],[-105.364137,28.12825],[-105.365805,28.12826],[-105.366497,28.128268],[-105.366524,28.128426],[-105.366528,28.128577],[-105.366526,28.129784],[-105.366541,28.130357],[-105.366515,28.130659],[-105.366558,28.131005],[-105.366531,28.131277],[-105.366548,28.131911],[-105.36654,28.132228],[-105.36653,28.1325],[-105.366379,28.132593],[-105.365681,28.132578]]]}},{"type":"Feature","properties":{"modulo":2,"idparcela":"1108","productor":"DIAZ FEMERLING CESAR","cultivo":null,"superficie_fisica_ha":19.6,"superficie_riego_ha":19.25,"hectareas":17.549},"geometry":{"type":"Polygon","coordinates":[[[-105.366477,28.134909],[-105.365405,28.135027],[-105.364252,28.135197],[-105.363412,28.135305],[-105.362675,28.135394],[-105.362386,28.135392],[-105.362248,28.135349],[-105.362125,28.135186],[-105.361744,28.135194],[-105.361739,28.134819],[-105.361721,28.134453],[-105.362015,28.134253],[-105.362615,28.133773],[-105.363467,28.133152],[-105.363917,28.132795],[-105.364034,28.132748],[-105.364528,28.132737],[-105.364805,28.13278],[-105.365279,28.132806],[-105.365957,28.13281],[-105.366553,28.132798],[-105.366821,28.132766],[-105.367907,28.132715],[-105.369609,28.132726],[-105.371079,28.132707],[-105.371573,28.132711],[-105.371474,28.132849],[-105.371089,28.133083],[-105.370485,28.133413],[-105.369845,28.133668],[-105.369376,28.133949],[-105.368839,28.134232],[-105.36826,28.134366],[-105.36802,28.134645],[-105.367245,28.134798],[-105.366477,28.134909]]]}},{"type":"Feature","properties":{"modulo":2,"idparcela":"1107","productor":"DIAZ FEMERLING CESAR","cultivo":null,"superficie_fisica_ha":8.9,"superficie_riego_ha":8.9,"hectareas":8.535},"geometry":{"type":"Polygon","coordinates":[[[-105.371177,28.135737],[-105.370701,28.135792],[-105.370241,28.135756],[-105.369557,28.135635],[-105.368947,28.1355],[-105.368449,28.13531],[-105.368175,28.135042],[-105.368124,28.134679],[-105.368287,28.13459],[-105.368369,28.134468],[-105.368957,28.134315],[-105.369448,28.134083],[-105.36995,28.133756],[-105.370606,28.133486],[-105.371552,28.132949],[-105.371756,28.132759],[-105.372058,28.132758],[-105.372289,28.132757],[-105.372634,28.132735],[-105.373019,28.132711],[-105.373581,28.1327],[-105.373786,28.132702],[-105.373508,28.132866],[-105.373179,28.133061],[-105.372922,28.133207],[-105.372429,28.133488],[-105.372226,28.133603],[-105.372202,28.13362],[-105.371864,28.133854],[-105.37177,28.134202],[-105.371844,28.13524],[-105.371865,28.135644],[-105.371702,28.135666],[-105.371177,28.135737]]]}},{"type":"Feature","properties":{"modulo":2,"idparcela":"1106","productor":"TERRAZAS GONZALEZ OSCAR HUMBERTO","cultivo":null,"superficie_fisica_ha":24.7,"superficie_riego_ha":24,"hectareas":23.874},"geometry":{"type":"Polygon","coordinates":[[[-105.376261,28.137502],[-105.375799,28.137391],[-105.375286,28.137311],[-105.37447,28.137343],[-105.373704,28.137359],[-105.37287,28.137346],[-105.372139,28.137361],[-105.372025,28.137362],[-105.371954,28.136807],[-105.371889,28.135912],[-105.371865,28.135644],[-105.371844,28.13524],[-105.37177,28.134202],[-105.371864,28.133854],[-105.372202,28.13362],[-105.372226,28.133603],[-105.372429,28.133488],[-105.372922,28.133207],[-105.373179,28.133061],[-105.373508,28.132866],[-105.373786,28.132702],[-105.375461,28.132675],[-105.375503,28.132675],[-105.376426,28.132655],[-105.376762,28.132648],[-105.376791,28.1331],[-105.376776,28.133825],[-105.376782,28.134051],[-105.376789,28.134322],[-105.376795,28.134549],[-105.376786,28.135469],[-105.376819,28.136736],[-105.376871,28.137398],[-105.376868,28.137564],[-105.376261,28.137502]]]}},{"type":"Feature","properties":{"modulo":2,"idparcela":"1105","productor":"TERRAZAS GONZALES OSCAR HUMBERTO","cultivo":null,"superficie_fisica_ha":14.6,"superficie_riego_ha":14.6,"hectareas":17.871},"geometry":{"type":"Polygon","coordinates":[[[-105.380748,28.138142],[-105.379415,28.13796],[-105.377888,28.137755],[-105.377193,28.137598],[-105.377015,28.137569],[-105.377022,28.137374],[-105.37693,28.135278],[-105.37691,28.134531],[-105.376982,28.13448],[-105.377747,28.134531],[-105.378995,28.134525],[-105.380331,28.134515],[-105.3807,28.134508],[-105.380911,28.134685],[-105.381142,28.134863],[-105.381414,28.135058],[-105.381664,28.13518],[-105.38189,28.135193],[-105.381904,28.135722],[-105.381893,28.136387],[-105.381915,28.137857],[-105.381922,28.13815],[-105.381935,28.138313],[-105.381499,28.138263],[-105.380748,28.138142]]]}},{"type":"Feature","properties":{"modulo":2,"idparcela":"1104","productor":"TERRAZAS GONZALES OSCAR HUMBERTO","cultivo":null,"superficie_fisica_ha":14.55,"superficie_riego_ha":14.55,"hectareas":9.73},"geometry":{"type":"Polygon","coordinates":[[[-105.381838,28.134981],[-105.381598,28.134937],[-105.381412,28.134811],[-105.381038,28.134542],[-105.38085,28.134383],[-105.380684,28.134338],[-105.379951,28.13437],[-105.378631,28.134397],[-105.377584,28.13437],[-105.37707,28.134348],[-105.376958,28.134286],[-105.376916,28.134059],[-105.37692,28.132839],[-105.376917,28.132709],[-105.377071,28.1327],[-105.378368,28.132673],[-105.379645,28.132655],[-105.381167,28.132657],[-105.381781,28.132636],[-105.381904,28.132638],[-105.381938,28.133239],[-105.381941,28.134702],[-105.381965,28.134913],[-105.381838,28.134981]]]}},{"type":"Feature","properties":{"modulo":2,"idparcela":"1103","productor":"NORTE S.P.R. DE R.L.DE C.V GRANJA DE","cultivo":null,"superficie_fisica_ha":23.6,"superficie_riego_ha":23.6,"hectareas":22.685},"geometry":{"type":"Polygon","coordinates":[[[-105.386576,28.136498],[-105.385847,28.136804],[-105.385447,28.136995],[-105.384928,28.137225],[-105.384007,28.137601],[-105.382713,28.138141],[-105.382443,28.138252],[-105.382254,28.138341],[-105.38208,28.138388],[-105.382058,28.137666],[-105.382072,28.135598],[-105.382085,28.134045],[-105.382076,28.132936],[-105.382058,28.132761],[-105.382075,28.132651],[-105.382533,28.132836],[-105.382886,28.133007],[-105.383182,28.133099],[-105.383515,28.133206],[-105.383812,28.133313],[-105.383977,28.133406],[-105.38425,28.133493],[-105.384594,28.133478],[-105.384873,28.133435],[-105.385151,28.133314],[-105.38553,28.133082],[-105.385871,28.132815],[-105.386161,28.132679],[-105.386629,28.132647],[-105.386903,28.132658],[-105.386901,28.133687],[-105.386908,28.135062],[-105.386918,28.136152],[-105.386935,28.136345],[-105.386576,28.136498]]]}},{"type":"Feature","properties":{"modulo":2,"idparcela":"1084","productor":"VALENZUELA ANDUJO GERARDO","cultivo":null,"superficie_fisica_ha":19.45,"superficie_riego_ha":13,"hectareas":19.396},"geometry":{"type":"Polygon","coordinates":[[[-105.390292,28.131359],[-105.389076,28.131918],[-105.38855,28.132141],[-105.388241,28.132277],[-105.387916,28.132447],[-105.387566,28.132653],[-105.387355,28.132735],[-105.387172,28.132755],[-105.387041,28.13266],[-105.387066,28.131521],[-105.387101,28.130106],[-105.38704,28.129863],[-105.386705,28.129708],[-105.386262,28.129603],[-105.38615,28.129524],[-105.385978,28.129235],[-105.385956,28.128994],[-105.386128,28.128695],[-105.386509,28.128525],[-105.386634,28.128408],[-105.386667,28.128277],[-105.387657,28.12824],[-105.38916,28.128209],[-105.390609,28.128211],[-105.392296,28.128248],[-105.392518,28.128236],[-105.392397,28.128531],[-105.392237,28.128941],[-105.391756,28.129565],[-105.391288,28.130301],[-105.390956,28.130903],[-105.390816,28.131134],[-105.39029,28.131373],[-105.390292,28.131359]]]}},{"type":"Feature","properties":{"modulo":2,"idparcela":"1208","productor":"VILLALOBOS MAYNEZ JESUS ANTONIO","cultivo":null,"superficie_fisica_ha":45,"superficie_riego_ha":40.1,"hectareas":43.918},"geometry":{"type":"Polygon","coordinates":[[[-105.390609,28.141936],[-105.390379,28.142314],[-105.390166,28.142547],[-105.38985,28.142869],[-105.389664,28.142981],[-105.389183,28.143204],[-105.388639,28.143418],[-105.388321,28.143612],[-105.387981,28.143828],[-105.38782,28.143994],[-105.387639,28.144079],[-105.387529,28.144098],[-105.387244,28.144005],[-105.387072,28.143978],[-105.386779,28.140715],[-105.386491,28.137501],[-105.386415,28.136698],[-105.386941,28.136467],[-105.387016,28.136531],[-105.387044,28.136888],[-105.387085,28.137082],[-105.387271,28.13716],[-105.388169,28.137141],[-105.390004,28.137168],[-105.391305,28.137108],[-105.391874,28.137112],[-105.392063,28.137303],[-105.39225,28.137462],[-105.392661,28.13773],[-105.393291,28.137977],[-105.393808,28.13808],[-105.394273,28.13833],[-105.394592,28.1386],[-105.394727,28.138841],[-105.394922,28.139292],[-105.394953,28.139763],[-105.394925,28.140089],[-105.395025,28.140379],[-105.395086,28.140606],[-105.395109,28.140784],[-105.39504,28.140965],[-105.39485,28.141408],[-105.394742,28.141475],[-105.394118,28.141472],[-105.392669,28.14147],[-105.391129,28.141518],[-105.390808,28.141543],[-105.390739,28.141586],[-105.390668,28.141798],[-105.390609,28.141936]]]}},{"type":"Feature","properties":{"modulo":2,"idparcela":"1209","productor":"VILLALOBOS PAYAN HEBERTO","cultivo":null,"superficie_fisica_ha":33.15,"superficie_riego_ha":33.15,"hectareas":29.875},"geometry":{"type":"Polygon","coordinates":[[[-105.387072,28.143978],[-105.386779,28.144136],[-105.386565,28.144166],[-105.386332,28.14418],[-105.385998,28.144118],[-105.385771,28.144019],[-105.385582,28.143884],[-105.385348,28.143863],[-105.385036,28.14387],[-105.384754,28.143919],[-105.38453,28.143949],[-105.384166,28.143819],[-105.384065,28.143674],[-105.383912,28.143435],[-105.383586,28.142923],[-105.383287,28.142696],[-105.38304,28.142554],[-105.382826,28.142576],[-105.382101,28.142824],[-105.382104,28.141142],[-105.382082,28.139201],[-105.38212,28.138688],[-105.382106,28.138572],[-105.382558,28.13837],[-105.383541,28.137926],[-105.384998,28.137325],[-105.386155,28.136833],[-105.386415,28.136698],[-105.386491,28.137501],[-105.386779,28.140715],[-105.387072,28.143978]]]}},{"type":"Feature","properties":{"modulo":2,"idparcela":"1212","productor":"DELGADO PONCE BLANCA SILVIA","cultivo":null,"superficie_fisica_ha":29.7,"superficie_riego_ha":29.7,"hectareas":30.562},"geometry":{"type":"Polygon","coordinates":[[[-105.381152,28.142995],[-105.38057,28.143154],[-105.380386,28.143141],[-105.380275,28.143111],[-105.380202,28.143129],[-105.380186,28.143227],[-105.380152,28.143309],[-105.380116,28.143358],[-105.379464,28.143649],[-105.378845,28.14384],[-105.377586,28.144111],[-105.377002,28.14422],[-105.376851,28.144266],[-105.376831,28.14398],[-105.376781,28.141428],[-105.376712,28.139527],[-105.376697,28.138243],[-105.376687,28.137885],[-105.376679,28.137767],[-105.377033,28.137797],[-105.378856,28.138051],[-105.379979,28.138207],[-105.381177,28.138409],[-105.381928,28.138468],[-105.381914,28.13854],[-105.381943,28.13893],[-105.381917,28.14002],[-105.381932,28.141255],[-105.381909,28.142459],[-105.381897,28.14272],[-105.381809,28.142835],[-105.381152,28.142995]]]}},{"type":"Feature","properties":{"modulo":2,"idparcela":"1213","productor":"DELMAR DEL NORTE DE DELICIAS S.P.R. DE R.L.","cultivo":null,"superficie_fisica_ha":35.5,"superficie_riego_ha":30.2,"hectareas":30.616},"geometry":{"type":"Polygon","coordinates":[[[-105.37593,28.144449],[-105.375496,28.144269],[-105.375005,28.144132],[-105.374761,28.144104],[-105.374504,28.144077],[-105.374219,28.144041],[-105.373933,28.143992],[-105.373577,28.143739],[-105.372086,28.142518],[-105.37211,28.141713],[-105.372101,28.140546],[-105.372068,28.139367],[-105.37205,28.137595],[-105.372499,28.137581],[-105.373044,28.137569],[-105.373524,28.137577],[-105.374257,28.137546],[-105.374678,28.13752],[-105.375357,28.137523],[-105.375965,28.13764],[-105.376462,28.137711],[-105.376485,28.137814],[-105.376509,28.138141],[-105.376594,28.140473],[-105.376643,28.142343],[-105.376659,28.143791],[-105.376692,28.144276],[-105.376581,28.144366],[-105.37593,28.144449]]]}},{"type":"Feature","properties":{"modulo":2,"idparcela":"1216","productor":"DELMAR DEL NORTE DE DELICIAS S.P.R. DE R","cultivo":null,"superficie_fisica_ha":21.2,"superficie_riego_ha":20.45,"hectareas":21.065},"geometry":{"type":"Polygon","coordinates":[[[-105.366866,28.141208],[-105.366877,28.139549],[-105.366735,28.138008],[-105.36759,28.137848],[-105.368796,28.137733],[-105.369222,28.137754],[-105.370836,28.13766],[-105.371185,28.137648],[-105.371501,28.137581],[-105.371886,28.137573],[-105.371906,28.139182],[-105.371963,28.140449],[-105.371963,28.141334],[-105.37195,28.141676],[-105.371957,28.141938],[-105.37194,28.142179],[-105.371926,28.142475],[-105.371376,28.141979],[-105.370721,28.141675],[-105.369697,28.141546],[-105.369509,28.14152],[-105.367937,28.141281],[-105.366866,28.141208]]]}},{"type":"Feature","properties":{"modulo":2,"idparcela":"1214","productor":"DELMAR DEL NORTE DE DELICIAS S.P.R. DE R.L.","cultivo":null,"superficie_fisica_ha":16,"superficie_riego_ha":16,"hectareas":15.84},"geometry":{"type":"Polygon","coordinates":[[[-105.366735,28.138008],[-105.366877,28.139549],[-105.366866,28.141208],[-105.366672,28.141243],[-105.365197,28.141293],[-105.364295,28.141311],[-105.363584,28.141334],[-105.363311,28.141367],[-105.362544,28.141393],[-105.361737,28.141407],[-105.361746,28.141083],[-105.361718,28.140159],[-105.361734,28.139032],[-105.361757,28.138622],[-105.361962,28.138635],[-105.362404,28.138616],[-105.363245,28.138679],[-105.363791,28.138707],[-105.364377,28.138554],[-105.365617,28.138247],[-105.366565,28.138046],[-105.366735,28.138008]]]}},{"type":"Feature","properties":{"modulo":2,"idparcela":"1210","productor":"SALGADO MARTINEZ RUBEN","cultivo":null,"superficie_fisica_ha":12.9,"superficie_riego_ha":8.9,"hectareas":11.855},"geometry":{"type":"Polygon","coordinates":[[[-105.380654,28.146215],[-105.380237,28.146216],[-105.37957,28.146214],[-105.378487,28.14621],[-105.378066,28.146209],[-105.377655,28.146206],[-105.376824,28.146199],[-105.376616,28.146198],[-105.376594,28.145936],[-105.376567,28.145597],[-105.376567,28.144916],[-105.37661,28.144659],[-105.376623,28.14453],[-105.376699,28.144435],[-105.376988,28.144382],[-105.37746,28.144302],[-105.378038,28.144196],[-105.378535,28.144069],[-105.379112,28.143963],[-105.3793,28.143927],[-105.37948,28.143846],[-105.37967,28.143765],[-105.379935,28.143654],[-105.380114,28.143763],[-105.38045,28.143988],[-105.380733,28.144136],[-105.381077,28.14433],[-105.38136,28.144501],[-105.381555,28.144628],[-105.381766,28.144709],[-105.381874,28.144838],[-105.38195,28.14506],[-105.38198,28.145545],[-105.38195,28.146047],[-105.381962,28.146155],[-105.381886,28.146213],[-105.381278,28.146214],[-105.380654,28.146215]]]}},{"type":"Feature","properties":{"modulo":2,"idparcela":"1222","productor":"DELGADO MARQUEZ FELIX","cultivo":null,"superficie_fisica_ha":40.9,"superficie_riego_ha":40.9,"hectareas":41.814},"geometry":{"type":"Polygon","coordinates":[[[-105.360222,28.146966],[-105.358826,28.147241],[-105.35786,28.14743],[-105.357117,28.147523],[-105.355824,28.147764],[-105.354938,28.147976],[-105.353519,28.148306],[-105.353494,28.148151],[-105.353509,28.147936],[-105.353479,28.147797],[-105.35329,28.147539],[-105.353248,28.147262],[-105.353237,28.146942],[-105.353257,28.146645],[-105.353399,28.146395],[-105.353529,28.146214],[-105.353643,28.146066],[-105.353997,28.145642],[-105.3543,28.145265],[-105.35445,28.144977],[-105.354688,28.144131],[-105.354793,28.143804],[-105.355209,28.143537],[-105.356048,28.14312],[-105.35704,28.142623],[-105.35798,28.142143],[-105.358528,28.141901],[-105.359136,28.141568],[-105.359593,28.141526],[-105.360304,28.141542],[-105.360824,28.141531],[-105.361466,28.141548],[-105.361572,28.141623],[-105.361561,28.142514],[-105.361583,28.144004],[-105.361607,28.145601],[-105.361629,28.1464],[-105.361638,28.146768],[-105.361397,28.146819],[-105.360843,28.146846],[-105.360222,28.146966]]]}},{"type":"Feature","properties":{"modulo":2,"idparcela":"1220","productor":"DELGADO CALDERON FELIX","cultivo":null,"superficie_fisica_ha":14.45,"superficie_riego_ha":13.85,"hectareas":14.441},"geometry":{"type":"Polygon","coordinates":[[[-105.361497,28.141425],[-105.361144,28.141404],[-105.360997,28.141402],[-105.360927,28.141334],[-105.360832,28.141108],[-105.360723,28.140995],[-105.360653,28.140966],[-105.360513,28.140911],[-105.360282,28.140883],[-105.359996,28.14101],[-105.359586,28.141249],[-105.359296,28.141424],[-105.359002,28.141446],[-105.358543,28.141652],[-105.35767,28.142112],[-105.356748,28.142574],[-105.356511,28.142721],[-105.356313,28.142669],[-105.356046,28.142398],[-105.356016,28.142247],[-105.356312,28.141333],[-105.356558,28.14079],[-105.356897,28.139861],[-105.357034,28.139389],[-105.357469,28.139245],[-105.358153,28.139078],[-105.358589,28.13895],[-105.359092,28.13897],[-105.359561,28.139007],[-105.360168,28.139025],[-105.360598,28.138878],[-105.361235,28.138711],[-105.361571,28.1386],[-105.361594,28.138729],[-105.361613,28.139917],[-105.361606,28.140961],[-105.361618,28.141407],[-105.361497,28.141425]]]}},{"type":"Feature","properties":{"modulo":2,"idparcela":"1221","productor":"DELMAR DEL NORTE DE DELICIAS, SPR DE RL","cultivo":null,"superficie_fisica_ha":17.3,"superficie_riego_ha":16.54,"hectareas":16.971},"geometry":{"type":"Polygon","coordinates":[[[-105.35624,28.142827],[-105.355923,28.143015],[-105.355102,28.143401],[-105.354503,28.143721],[-105.35346,28.144234],[-105.352604,28.144651],[-105.351869,28.14502],[-105.351647,28.145178],[-105.351544,28.145211],[-105.351457,28.145182],[-105.351454,28.145059],[-105.35155,28.144765],[-105.351556,28.144335],[-105.351505,28.143737],[-105.351378,28.143494],[-105.351137,28.142899],[-105.350986,28.142426],[-105.350864,28.142026],[-105.35094,28.142012],[-105.351267,28.141929],[-105.351972,28.141714],[-105.352608,28.141517],[-105.353177,28.141413],[-105.353556,28.141298],[-105.353761,28.141201],[-105.35396,28.140874],[-105.354263,28.14053],[-105.354656,28.140307],[-105.35536,28.140046],[-105.356441,28.139625],[-105.356668,28.139522],[-105.35678,28.139506],[-105.356602,28.14008],[-105.356228,28.141144],[-105.355881,28.142048],[-105.355872,28.142371],[-105.356023,28.142532],[-105.356142,28.142749],[-105.35624,28.142827]]]}},{"type":"Feature","properties":{"modulo":2,"idparcela":"1226","productor":"GOMEZ RAMOS LUIS ALONSO","cultivo":null,"superficie_fisica_ha":9.84,"superficie_riego_ha":9.84,"hectareas":9.647},"geometry":{"type":"Polygon","coordinates":[[[-105.348265,28.148461],[-105.347812,28.148439],[-105.347513,28.148338],[-105.346756,28.148006],[-105.346499,28.147849],[-105.346367,28.14776],[-105.346284,28.147731],[-105.346406,28.147648],[-105.346453,28.14756],[-105.346489,28.14742],[-105.346411,28.147214],[-105.346273,28.146768],[-105.346178,28.146681],[-105.345816,28.14674],[-105.345666,28.147084],[-105.345655,28.14733],[-105.345649,28.14743],[-105.345299,28.147305],[-105.345176,28.147323],[-105.345129,28.147376],[-105.344319,28.147038],[-105.343342,28.146603],[-105.342981,28.146464],[-105.342726,28.146353],[-105.34255,28.146295],[-105.342627,28.146232],[-105.342747,28.14616],[-105.3429,28.146018],[-105.343095,28.14557],[-105.343327,28.145109],[-105.349446,28.14745],[-105.349442,28.147666],[-105.34944,28.147847],[-105.349396,28.148102],[-105.349369,28.148372],[-105.349313,28.14847],[-105.349188,28.148525],[-105.348265,28.148461]]]}},{"type":"Feature","properties":{"modulo":2,"idparcela":"1225","productor":"GOMEZ RAMOS LUIS ALONSO","cultivo":null,"superficie_fisica_ha":10.44,"superficie_riego_ha":10.44,"hectareas":10.029},"geometry":{"type":"Polygon","coordinates":[[[-105.343327,28.145109],[-105.343448,28.144927],[-105.343665,28.144803],[-105.343865,28.144732],[-105.344359,28.144568],[-105.345056,28.144223],[-105.350396,28.146071],[-105.350226,28.146313],[-105.350063,28.14654],[-105.349949,28.14667],[-105.349868,28.14672],[-105.349477,28.14702],[-105.349396,28.147222],[-105.349446,28.14745],[-105.343327,28.145109]]]}},{"type":"Feature","properties":{"modulo":2,"idparcela":"1228","productor":"DELMAR DEL NORTE DE DELICIAS SPR DE RL","cultivo":null,"superficie_fisica_ha":5,"superficie_riego_ha":4.94,"hectareas":5.338},"geometry":{"type":"Polygon","coordinates":[[[-105.348304,28.143159],[-105.34826,28.143093],[-105.348124,28.143051],[-105.347937,28.142995],[-105.347783,28.142938],[-105.347673,28.142903],[-105.347604,28.14286],[-105.347644,28.142776],[-105.34801,28.142574],[-105.348449,28.142274],[-105.348825,28.142146],[-105.349551,28.142139],[-105.350517,28.14208],[-105.350555,28.142163],[-105.350736,28.142608],[-105.350972,28.143143],[-105.35123,28.143693],[-105.351242,28.143876],[-105.351298,28.144092],[-105.351292,28.144386],[-105.351294,28.144479],[-105.351273,28.14468],[-105.348304,28.143159]]]}},{"type":"Feature","properties":{"modulo":2,"idparcela":"1227","productor":"GOMEZ RAMOS LUIS ALONSO","cultivo":null,"superficie_fisica_ha":10,"superficie_riego_ha":10,"hectareas":9.818},"geometry":{"type":"Polygon","coordinates":[[[-105.345056,28.144223],[-105.346138,28.14369],[-105.347172,28.143058],[-105.347361,28.143073],[-105.347994,28.143248],[-105.348147,28.143282],[-105.34823,28.143258],[-105.348304,28.143159],[-105.351273,28.14468],[-105.351229,28.144983],[-105.351037,28.145069],[-105.350676,28.145144],[-105.350424,28.145164],[-105.350118,28.145166],[-105.349584,28.145128],[-105.349621,28.145235],[-105.350855,28.145363],[-105.350834,28.145507],[-105.350522,28.145907],[-105.350396,28.146071],[-105.345056,28.144223]]]}},{"type":"Feature","properties":{"modulo":2,"idparcela":"1230","productor":"DELMAR DEL NORTE DE DELICIAS S.P.R. DE R.L.","cultivo":null,"superficie_fisica_ha":5,"superficie_riego_ha":5,"hectareas":5.174},"geometry":{"type":"Polygon","coordinates":[[[-105.346616,28.142812],[-105.34648,28.142007],[-105.346279,28.140893],[-105.346637,28.140932],[-105.347548,28.140914],[-105.34816,28.140837],[-105.348522,28.140794],[-105.348641,28.140821],[-105.348785,28.140859],[-105.34894,28.140964],[-105.349237,28.141155],[-105.349505,28.141271],[-105.34972,28.141311],[-105.349956,28.141355],[-105.350307,28.141374],[-105.350378,28.141435],[-105.350425,28.141549],[-105.35049,28.141725],[-105.350537,28.141864],[-105.350449,28.141886],[-105.350157,28.141903],[-105.349776,28.141898],[-105.34936,28.141907],[-105.348965,28.141917],[-105.348637,28.141893],[-105.348393,28.14196],[-105.348025,28.142216],[-105.347508,28.142559],[-105.346856,28.142911],[-105.346643,28.143055],[-105.346637,28.142919],[-105.346616,28.142812]]]}},{"type":"Feature","properties":{"modulo":2,"idparcela":"1233","productor":"PARRA AMEZCUA ALFREDO","cultivo":null,"superficie_fisica_ha":24.87,"superficie_riego_ha":24.87,"hectareas":16.072},"geometry":{"type":"Polygon","coordinates":[[[-105.354462,28.140188],[-105.354139,28.14041],[-105.353547,28.140975],[-105.353361,28.141148],[-105.353154,28.141183],[-105.35274,28.141268],[-105.351724,28.14152],[-105.35102,28.14175],[-105.350847,28.141784],[-105.350758,28.141693],[-105.350575,28.141329],[-105.350417,28.141224],[-105.349931,28.141204],[-105.349476,28.141059],[-105.348915,28.140794],[-105.348686,28.140661],[-105.348391,28.140652],[-105.34815,28.140733],[-105.347865,28.14075],[-105.349057,28.138813],[-105.350355,28.138906],[-105.351536,28.138989],[-105.351953,28.139026],[-105.35211,28.139069],[-105.352304,28.139173],[-105.352445,28.139277],[-105.352638,28.139381],[-105.352707,28.139364],[-105.35274,28.139302],[-105.352738,28.13921],[-105.352731,28.139148],[-105.352843,28.139145],[-105.353222,28.139154],[-105.35355,28.139131],[-105.353861,28.139079],[-105.354396,28.138991],[-105.355009,28.138872],[-105.355777,28.138793],[-105.356215,28.138833],[-105.356831,28.138991],[-105.356893,28.139031],[-105.356896,28.139139],[-105.356881,28.139247],[-105.356623,28.139298],[-105.356005,28.139526],[-105.35537,28.13977],[-105.354462,28.140188]]]}},{"type":"Feature","properties":{"modulo":2,"idparcela":"1234","productor":"PARRA ARANDILLA ALFREDO","cultivo":null,"superficie_fisica_ha":10,"superficie_riego_ha":10,"hectareas":14.811},"geometry":{"type":"Polygon","coordinates":[[[-105.347865,28.14075],[-105.347718,28.140758],[-105.346679,28.140795],[-105.346089,28.140761],[-105.345585,28.14071],[-105.344504,28.140486],[-105.344312,28.14032],[-105.344285,28.140061],[-105.344464,28.139611],[-105.34456,28.139302],[-105.344557,28.139179],[-105.344255,28.138924],[-105.343864,28.138589],[-105.343782,28.13852],[-105.343795,28.138405],[-105.343819,28.138165],[-105.343812,28.137889],[-105.343894,28.137718],[-105.344081,28.137576],[-105.344217,28.137466],[-105.344333,28.137279],[-105.344547,28.137034],[-105.344752,28.136859],[-105.345009,28.13662],[-105.345178,28.136463],[-105.345361,28.136147],[-105.345565,28.135957],[-105.34582,28.135819],[-105.346167,28.135843],[-105.346469,28.135881],[-105.346478,28.136466],[-105.346409,28.137789],[-105.346398,28.13868],[-105.346572,28.138723],[-105.347961,28.138802],[-105.348897,28.138813],[-105.349057,28.138813],[-105.347865,28.14075]]]}},{"type":"Feature","properties":{"modulo":2,"idparcela":"1235","productor":"GONZALEZ HIDALGO ABEL","cultivo":null,"superficie_fisica_ha":10,"superficie_riego_ha":10,"hectareas":12.173},"geometry":{"type":"Polygon","coordinates":[[[-105.349532,28.138751],[-105.348204,28.138704],[-105.347265,28.138628],[-105.346923,28.138595],[-105.346585,28.138558],[-105.346556,28.138421],[-105.34657,28.138119],[-105.346588,28.137052],[-105.346632,28.136146],[-105.346663,28.135862],[-105.346919,28.135858],[-105.347276,28.13582],[-105.34758,28.135945],[-105.347888,28.136166],[-105.348201,28.136254],[-105.34868,28.136365],[-105.349205,28.136475],[-105.349752,28.136564],[-105.350122,28.136606],[-105.3504,28.136662],[-105.350889,28.136641],[-105.351161,28.136616],[-105.351209,28.136735],[-105.351168,28.136897],[-105.351176,28.137179],[-105.351164,28.137601],[-105.351408,28.13822],[-105.351695,28.138448],[-105.351689,28.138523],[-105.351653,28.138605],[-105.351469,28.138582],[-105.351333,28.138532],[-105.351161,28.138582],[-105.351095,28.138675],[-105.351236,28.138765],[-105.351478,28.138744],[-105.351566,28.138819],[-105.351499,28.138897],[-105.350769,28.138828],[-105.350223,28.138778],[-105.349532,28.138751]]]}},{"type":"Feature","properties":{"modulo":2,"idparcela":"1232","productor":"RAMIREZ ORNELAS LORENZO","cultivo":null,"superficie_fisica_ha":11.73,"superficie_riego_ha":11.73,"hectareas":11.015},"geometry":{"type":"Polygon","coordinates":[[[-105.343383,28.140482],[-105.342724,28.140667],[-105.342334,28.140737],[-105.342118,28.140795],[-105.341642,28.140882],[-105.341243,28.140965],[-105.341015,28.141016],[-105.340927,28.140747],[-105.340574,28.139542],[-105.340225,28.138507],[-105.340165,28.137929],[-105.340137,28.137749],[-105.340342,28.137745],[-105.341219,28.137774],[-105.342444,28.13782],[-105.343639,28.137892],[-105.343694,28.138014],[-105.34363,28.138231],[-105.343559,28.138624],[-105.343903,28.138845],[-105.344383,28.139168],[-105.344405,28.139351],[-105.344264,28.139708],[-105.344144,28.140067],[-105.344152,28.140338],[-105.343757,28.14041],[-105.343383,28.140482]]]}},{"type":"Feature","properties":{"modulo":2,"idparcela":"1113","productor":"SANCHEZ BERNAL ROBERTO","cultivo":null,"superficie_fisica_ha":19.6579,"superficie_riego_ha":19.305,"hectareas":21.208},"geometry":{"type":"Polygon","coordinates":[[[-105.361202,28.138476],[-105.360755,28.138624],[-105.360292,28.138802],[-105.36012,28.138836],[-105.359719,28.138825],[-105.358922,28.138754],[-105.35852,28.138782],[-105.358042,28.138895],[-105.357732,28.138994],[-105.357474,28.139045],[-105.357301,28.139079],[-105.357038,28.138962],[-105.35681,28.138844],[-105.356286,28.138716],[-105.355489,28.138717],[-105.35414,28.13889],[-105.353348,28.139023],[-105.352967,28.139031],[-105.352532,28.138979],[-105.352112,28.138818],[-105.351683,28.138335],[-105.351447,28.13791],[-105.351337,28.13731],[-105.35134,28.137051],[-105.351343,28.136551],[-105.351679,28.136501],[-105.352096,28.136421],[-105.352449,28.1364],[-105.353171,28.136314],[-105.353701,28.13626],[-105.354246,28.136177],[-105.354097,28.137265],[-105.354187,28.137316],[-105.354482,28.137325],[-105.355141,28.137342],[-105.356303,28.137379],[-105.357221,28.137314],[-105.358131,28.13705],[-105.35901,28.136832],[-105.359355,28.136778],[-105.359762,28.136619],[-105.360097,28.136527],[-105.360353,28.13645],[-105.360634,28.136644],[-105.360983,28.136744],[-105.361241,28.136843],[-105.361423,28.137012],[-105.361502,28.137123],[-105.361519,28.137348],[-105.361518,28.137978],[-105.361542,28.138223],[-105.361512,28.138377],[-105.361202,28.138476]]]}},{"type":"Feature","properties":{"modulo":2,"idparcela":"1115","productor":"GUERRERO MADRID JOSE","cultivo":null,"superficie_fisica_ha":4.5,"superficie_riego_ha":4.5,"hectareas":4.432},"geometry":{"type":"Polygon","coordinates":[[[-105.360207,28.134477],[-105.359808,28.13456],[-105.359474,28.132331],[-105.359699,28.132316],[-105.360164,28.13228],[-105.360735,28.132281],[-105.361336,28.132268],[-105.36151,28.132237],[-105.361513,28.132712],[-105.361541,28.13289],[-105.361572,28.133223],[-105.361569,28.13369],[-105.361593,28.134036],[-105.361614,28.134224],[-105.360791,28.134399],[-105.360851,28.134384],[-105.360475,28.134437],[-105.360207,28.134477]]]}},{"type":"Feature","properties":{"modulo":2,"idparcela":"1116","productor":"MARTINEZ RICO JAIME","cultivo":null,"superficie_fisica_ha":4.4661,"superficie_riego_ha":4.4661,"hectareas":4.474},"geometry":{"type":"Polygon","coordinates":[[[-105.359808,28.13456],[-105.359613,28.134646],[-105.358984,28.134832],[-105.358625,28.134934],[-105.358237,28.135003],[-105.357956,28.135061],[-105.357942,28.134931],[-105.357885,28.134586],[-105.357789,28.134008],[-105.357772,28.133915],[-105.358525,28.132241],[-105.358643,28.13227],[-105.359172,28.132355],[-105.359474,28.132331],[-105.359808,28.13456]]]}},{"type":"Feature","properties":{"modulo":2,"idparcela":"1118","productor":"GUEVARA REYES VICTOR MANUEL","cultivo":null,"superficie_fisica_ha":4.464,"superficie_riego_ha":4.464,"hectareas":4.198},"geometry":{"type":"Polygon","coordinates":[[[-105.357231,28.135259],[-105.356048,28.135555],[-105.355151,28.13573],[-105.354911,28.135778],[-105.354713,28.134778],[-105.354649,28.134382],[-105.35584,28.134208],[-105.356725,28.13411],[-105.357369,28.134043],[-105.357534,28.134027],[-105.357611,28.134092],[-105.3577,28.134609],[-105.357789,28.135062],[-105.357808,28.135162],[-105.35752,28.135225],[-105.357231,28.135259]]]}},{"type":"Feature","properties":{"modulo":2,"idparcela":"1124","productor":"HERNANDEZ PEREZ VICTOR","cultivo":null,"superficie_fisica_ha":4.416,"superficie_riego_ha":4.416,"hectareas":3.988},"geometry":{"type":"Polygon","coordinates":[[[-105.354471,28.135862],[-105.353962,28.135953],[-105.353363,28.136019],[-105.352703,28.136086],[-105.35241,28.136142],[-105.352334,28.135774],[-105.352173,28.134804],[-105.352216,28.134723],[-105.353039,28.134586],[-105.353952,28.134434],[-105.354649,28.134382],[-105.354713,28.134778],[-105.354911,28.135778],[-105.354471,28.135862]]]}},{"type":"Feature","properties":{"modulo":2,"idparcela":"1119","productor":"GUEVARA REYES VICTOR MANUEL","cultivo":null,"superficie_fisica_ha":4.4115,"superficie_riego_ha":4.4115,"hectareas":2.853},"geometry":{"type":"Polygon","coordinates":[[[-105.356617,28.134019],[-105.355852,28.134088],[-105.355147,28.134156],[-105.354847,28.134162],[-105.354741,28.134124],[-105.354641,28.13378],[-105.354667,28.133606],[-105.355244,28.133274],[-105.35618,28.132855],[-105.356803,28.132523],[-105.356969,28.132532],[-105.357017,28.132651],[-105.357142,28.133422],[-105.357197,28.133767],[-105.35714,28.133901],[-105.356617,28.134019]]]}},{"type":"Feature","properties":{"modulo":2,"idparcela":"1122","productor":"GUDINO MENDOZA MANUEL","cultivo":null,"superficie_fisica_ha":4.32,"superficie_riego_ha":4.32,"hectareas":4.02},"geometry":{"type":"Polygon","coordinates":[[[-105.354262,28.134201],[-105.354068,28.134272],[-105.353935,28.134341],[-105.353291,28.134461],[-105.352482,28.134558],[-105.352228,28.134603],[-105.352122,28.134565],[-105.352048,28.13406],[-105.351926,28.133055],[-105.354377,28.132769],[-105.354403,28.133292],[-105.354508,28.133849],[-105.354543,28.134049],[-105.354262,28.134201]]]}},{"type":"Feature","properties":{"modulo":2,"idparcela":"1121","productor":"VALENZUELA SOTO ALFREDO","cultivo":null,"superficie_fisica_ha":4.256,"superficie_riego_ha":4.256,"hectareas":4.204},"geometry":{"type":"Polygon","coordinates":[[[-105.351926,28.133055],[-105.351914,28.132957],[-105.351736,28.131949],[-105.351728,28.131635],[-105.351727,28.131562],[-105.352894,28.131378],[-105.353733,28.131267],[-105.354195,28.131213],[-105.354235,28.131496],[-105.35437,28.132626],[-105.354377,28.132769],[-105.351926,28.133055]]]}},{"type":"Feature","properties":{"modulo":2,"idparcela":"1120","productor":"CHAVARRIA GUEVARA FRANCISCO","cultivo":null,"superficie_fisica_ha":4.432,"superficie_riego_ha":4.432,"hectareas":5.089},"geometry":{"type":"Polygon","coordinates":[[[-105.356518,28.132542],[-105.355643,28.133],[-105.355064,28.133265],[-105.354593,28.133459],[-105.354571,28.133395],[-105.354506,28.132623],[-105.354346,28.131438],[-105.354371,28.131167],[-105.354382,28.131143],[-105.356676,28.130869],[-105.356731,28.130952],[-105.356857,28.131722],[-105.356946,28.132253],[-105.356518,28.132542]]]}},{"type":"Feature","properties":{"modulo":2,"idparcela":"1126","productor":"CHAVARRIA RAMIREZ SANTOS","cultivo":null,"superficie_fisica_ha":5.114,"superficie_riego_ha":4.9419,"hectareas":3.889},"geometry":{"type":"Polygon","coordinates":[[[-105.354094,28.12954],[-105.354391,28.129401],[-105.354656,28.129209],[-105.355102,28.129013],[-105.355413,28.12886],[-105.355675,28.129371],[-105.356091,28.129993],[-105.356615,28.130777],[-105.356676,28.130869],[-105.354382,28.131143],[-105.354094,28.12954]]]}},{"type":"Feature","properties":{"modulo":2,"idparcela":"1207","productor":"MARTINEZ BELTRAN ANTONIO","cultivo":null,"superficie_fisica_ha":22.15,"superficie_riego_ha":18.75,"hectareas":12.584},"geometry":{"type":"Polygon","coordinates":[[[-105.387226,28.146805],[-105.386964,28.14666],[-105.386416,28.146381],[-105.386117,28.146229],[-105.385884,28.146127],[-105.385448,28.146133],[-105.383343,28.146158],[-105.38285,28.146169],[-105.382323,28.14618],[-105.382128,28.146183],[-105.382164,28.145046],[-105.382229,28.144837],[-105.382506,28.144686],[-105.383132,28.144424],[-105.383617,28.144186],[-105.38413,28.144092],[-105.384577,28.144186],[-105.384719,28.144204],[-105.385231,28.14411],[-105.385536,28.144125],[-105.386033,28.144301],[-105.386503,28.144354],[-105.386806,28.144326],[-105.387023,28.144202],[-105.387167,28.144169],[-105.387401,28.144204],[-105.387649,28.144288],[-105.387835,28.144193],[-105.38787,28.144945],[-105.387848,28.145093],[-105.387859,28.145156],[-105.387867,28.145438],[-105.387882,28.146011],[-105.387905,28.146857],[-105.38791,28.147044],[-105.387951,28.147206],[-105.387602,28.147013],[-105.387226,28.146805]]]}},{"type":"Feature","properties":{"modulo":2,"idparcela":"1102","productor":"GARCIA CHAPARRO RAMON","cultivo":null,"superficie_fisica_ha":21.5,"superficie_riego_ha":18.75,"hectareas":18.7},"geometry":{"type":"Polygon","coordinates":[[[-105.392555,28.136902],[-105.392208,28.136967],[-105.391778,28.136984],[-105.390629,28.137042],[-105.38978,28.13706],[-105.38903,28.137067],[-105.387971,28.137056],[-105.387316,28.13707],[-105.387202,28.136958],[-105.387138,28.136534],[-105.38718,28.136367],[-105.387434,28.136216],[-105.388747,28.135758],[-105.389893,28.135355],[-105.391064,28.134937],[-105.391999,28.13457],[-105.39261,28.134446],[-105.393449,28.134325],[-105.394732,28.134111],[-105.395578,28.134383],[-105.395582,28.134384],[-105.396599,28.134736],[-105.39727,28.13513],[-105.397133,28.13535],[-105.39685,28.135627],[-105.396593,28.1358],[-105.396309,28.13605],[-105.395938,28.136316],[-105.395617,28.136232],[-105.395352,28.136135],[-105.395003,28.136103],[-105.394551,28.136087],[-105.394104,28.136174],[-105.393932,28.136267],[-105.393545,28.136456],[-105.393028,28.136686],[-105.392555,28.136902]]]}},{"type":"Feature","properties":{"modulo":2,"idparcela":"1085","productor":"FLORES GARCIA ISIDRO","cultivo":null,"superficie_fisica_ha":10.0509,"superficie_riego_ha":9.1633,"hectareas":10.392},"geometry":{"type":"Polygon","coordinates":[[[-105.387978,28.125321],[-105.387367,28.127707],[-105.387339,28.127816],[-105.387285,28.128044],[-105.386738,28.128054],[-105.384732,28.128079],[-105.382971,28.128094],[-105.38224,28.128106],[-105.382098,28.128109],[-105.382054,28.127245],[-105.38206,28.126127],[-105.382197,28.126187],[-105.383009,28.126492],[-105.38349,28.126609],[-105.384081,28.126621],[-105.384979,28.126628],[-105.385541,28.126616],[-105.385874,28.126391],[-105.387072,28.125801],[-105.387332,28.12567],[-105.387978,28.125321]]]}},{"type":"Feature","properties":{"modulo":2,"idparcela":"1132","productor":"MIRELES VALENZUELA JOSE LUIS","cultivo":null,"superficie_fisica_ha":4.3937,"superficie_riego_ha":4.3937,"hectareas":4.019},"geometry":{"type":"Polygon","coordinates":[[[-105.348951,28.131929],[-105.350025,28.131794],[-105.351484,28.131604],[-105.351746,28.132996],[-105.351756,28.133063],[-105.349243,28.133346],[-105.349231,28.133268],[-105.348951,28.131929]]]}},{"type":"Feature","properties":{"modulo":2,"idparcela":"1123","productor":"CARRILLO SANCHEZ FRANCISCO ALFREDO","cultivo":null,"superficie_fisica_ha":4.56,"superficie_riego_ha":4.56,"hectareas":4.576},"geometry":{"type":"Polygon","coordinates":[[[-105.349243,28.133346],[-105.351756,28.133063],[-105.351991,28.134608],[-105.352005,28.134695],[-105.34949,28.135014],[-105.349243,28.133346]]]}},{"type":"Feature","properties":{"modulo":2,"idparcela":"1128","productor":"RODRIGUEZ QUEZADA NESTOR","cultivo":null,"superficie_fisica_ha":3.952,"superficie_riego_ha":3.952,"hectareas":3.614},"geometry":{"type":"Polygon","coordinates":[[[-105.347778,28.13523],[-105.347557,28.134659],[-105.347436,28.134363],[-105.347204,28.134068],[-105.347081,28.133671],[-105.347031,28.133595],[-105.349243,28.133346],[-105.34949,28.135014],[-105.349245,28.135045],[-105.347778,28.13523]]]}},{"type":"Feature","properties":{"modulo":2,"idparcela":"1125","productor":"TORRES CAMARILLO FERNANDO","cultivo":null,"superficie_fisica_ha":4.4448,"superficie_riego_ha":4.32,"hectareas":4.327},"geometry":{"type":"Polygon","coordinates":[[[-105.351718,28.13623],[-105.351225,28.13632],[-105.350787,28.136348],[-105.349597,28.136273],[-105.34939,28.136152],[-105.349245,28.135045],[-105.34949,28.135014],[-105.352005,28.134695],[-105.352205,28.1359],[-105.352241,28.136138],[-105.351718,28.13623]]]}},{"type":"Feature","properties":{"modulo":2,"idparcela":"1129","productor":"MENDOZA MOLINA LEONARDO","cultivo":null,"superficie_fisica_ha":3.263,"superficie_riego_ha":3.263,"hectareas":1.391},"geometry":{"type":"Polygon","coordinates":[[[-105.34939,28.136152],[-105.349058,28.136105],[-105.348651,28.136034],[-105.348403,28.135999],[-105.348154,28.135944],[-105.347925,28.135809],[-105.347871,28.135471],[-105.347778,28.13523],[-105.349245,28.135045],[-105.34939,28.136152]]]}},{"type":"Feature","properties":{"modulo":2,"idparcela":"1131","productor":"MIRELES VALENZUELA JOSE LUIS","cultivo":null,"superficie_fisica_ha":4.2339,"superficie_riego_ha":4.2339,"hectareas":3.935},"geometry":{"type":"Polygon","coordinates":[[[-105.347031,28.133595],[-105.34694,28.133455],[-105.346465,28.133003],[-105.346367,28.132229],[-105.347557,28.132105],[-105.348951,28.131929],[-105.349231,28.133268],[-105.349243,28.133346],[-105.347031,28.133595]]]}},{"type":"Feature","properties":{"modulo":2,"idparcela":"1135","productor":"MARTINEZ AMPARAN JESUS RAFAEL","cultivo":null,"superficie_fisica_ha":4.28,"superficie_riego_ha":4.28,"hectareas":3.384},"geometry":{"type":"Polygon","coordinates":[[[-105.345902,28.128247],[-105.346463,28.128176],[-105.346915,28.128246],[-105.347387,28.128216],[-105.347613,28.128252],[-105.347442,28.128594],[-105.347166,28.129219],[-105.347273,28.129855],[-105.347351,28.130253],[-105.347312,28.130473],[-105.346941,28.130502],[-105.346661,28.130566],[-105.346179,28.130781],[-105.345862,28.128364],[-105.345902,28.128247]]]}},{"type":"Feature","properties":{"modulo":2,"idparcela":"1129","productor":"MENDOZA MOLINA LEONARDO","cultivo":null,"superficie_fisica_ha":3.263,"superficie_riego_ha":3.263,"hectareas":2.241},"geometry":{"type":"Polygon","coordinates":[[[-105.346465,28.133003],[-105.346385,28.132927],[-105.345928,28.132637],[-105.345921,28.132398],[-105.34594,28.132258],[-105.345685,28.131964],[-105.345655,28.131705],[-105.345481,28.13107],[-105.345586,28.12993],[-105.345723,28.129129],[-105.345797,28.128549],[-105.345862,28.128364],[-105.346179,28.130781],[-105.346217,28.131535],[-105.346367,28.132229],[-105.346465,28.133003]]]}},{"type":"Feature","properties":{"modulo":2,"idparcela":"1128","productor":"RODRIGUEZ QUEZADA NESTOR","cultivo":null,"superficie_fisica_ha":3.952,"superficie_riego_ha":3.952,"hectareas":0.953},"geometry":{"type":"Polygon","coordinates":[[[-105.346821,28.133718],[-105.347189,28.134368],[-105.34743,28.134981],[-105.347529,28.135319],[-105.347587,28.135576],[-105.347401,28.135581],[-105.347107,28.135547],[-105.34694,28.135543],[-105.346637,28.133736],[-105.346821,28.133718]]]}},{"type":"Feature","properties":{"modulo":2,"idparcela":"1159","productor":"GUEVARA REYES VICTOR MANUEL","cultivo":null,"superficie_fisica_ha":4.4148,"superficie_riego_ha":4.4148,"hectareas":4.394},"geometry":{"type":"Polygon","coordinates":[[[-105.34003,28.134302],[-105.339894,28.133521],[-105.339804,28.132975],[-105.339786,28.132775],[-105.342441,28.132539],[-105.342618,28.134057],[-105.34003,28.134302]]]}},{"type":"Feature","properties":{"modulo":2,"idparcela":"1160","productor":"MOLINA MONTANEZ GREGORIO","cultivo":null,"superficie_fisica_ha":4.096,"superficie_riego_ha":4.096,"hectareas":4.261},"geometry":{"type":"Polygon","coordinates":[[[-105.342441,28.132539],[-105.345041,28.132316],[-105.345074,28.132695],[-105.345197,28.13381],[-105.342618,28.134057],[-105.342441,28.132539]]]}},{"type":"Feature","properties":{"modulo":2,"idparcela":"1161","productor":"CARRILLO ROMERO VICTOR SAMUEL","cultivo":null,"superficie_fisica_ha":4.2982,"superficie_riego_ha":4.2982,"hectareas":6.304},"geometry":{"type":"Polygon","coordinates":[[[-105.345344,28.135524],[-105.344561,28.13546],[-105.343752,28.135401],[-105.34289,28.135295],[-105.341917,28.135075],[-105.341273,28.134905],[-105.34083,28.134722],[-105.340622,28.134663],[-105.340354,28.134748],[-105.34009,28.134791],[-105.340054,28.134435],[-105.34003,28.134302],[-105.342618,28.134057],[-105.345197,28.13381],[-105.345204,28.133883],[-105.345204,28.133883],[-105.345344,28.135524]]]}},{"type":"Feature","properties":{"modulo":2,"idparcela":"1154","productor":"RODRIGUEZ CARRILLO RITO CRUZ","cultivo":null,"superficie_fisica_ha":4.6507,"superficie_riego_ha":4.6507,"hectareas":2.837},"geometry":{"type":"Polygon","coordinates":[[[-105.345204,28.133883],[-105.345197,28.13381],[-105.345204,28.133883],[-105.346637,28.133736],[-105.34694,28.135543],[-105.346229,28.135525],[-105.345344,28.135524],[-105.345204,28.133883]]]}},{"type":"Feature","properties":{"modulo":2,"idparcela":"1153","productor":"SEGOVIA PORRAS MARCOS","cultivo":null,"superficie_fisica_ha":4.5,"superficie_riego_ha":4,"hectareas":4.447},"geometry":{"type":"Polygon","coordinates":[[[-105.344612,28.132265],[-105.343297,28.132368],[-105.342443,28.132447],[-105.342274,28.130869],[-105.342282,28.130868],[-105.344859,28.130653],[-105.345002,28.132012],[-105.345022,28.132221],[-105.344612,28.132265]]]}},{"type":"Feature","properties":{"modulo":2,"idparcela":"1157","productor":"PARRA GALLEGOS IGNACIO","cultivo":null,"superficie_fisica_ha":4.4072,"superficie_riego_ha":4.4072,"hectareas":4.303},"geometry":{"type":"Polygon","coordinates":[[[-105.339621,28.131178],[-105.339576,28.130833],[-105.339437,28.129838],[-105.339434,28.129683],[-105.339815,28.12965],[-105.341724,28.129471],[-105.342126,28.12943],[-105.342274,28.130869],[-105.339621,28.131178]]]}},{"type":"Feature","properties":{"modulo":2,"idparcela":"1158","productor":"RUIZ N RITA","cultivo":null,"superficie_fisica_ha":4.668,"superficie_riego_ha":4.668,"hectareas":4.44},"geometry":{"type":"Polygon","coordinates":[[[-105.342443,28.132447],[-105.341489,28.13253],[-105.340147,28.132634],[-105.339814,28.132669],[-105.339802,28.132564],[-105.339621,28.131178],[-105.342274,28.130869],[-105.342443,28.132447]]]}},{"type":"Feature","properties":{"modulo":2,"idparcela":"1152","productor":"HIDALGO CERECERES GUADALUPE","cultivo":null,"superficie_fisica_ha":4.8,"superficie_riego_ha":4.3,"hectareas":4.346},"geometry":{"type":"Polygon","coordinates":[[[-105.342274,28.130869],[-105.342126,28.12943],[-105.3426,28.12938],[-105.34326,28.129311],[-105.343323,28.129133],[-105.344691,28.129062],[-105.344852,28.130589],[-105.344859,28.130653],[-105.342282,28.130868],[-105.342274,28.130869]]]}},{"type":"Feature","properties":{"modulo":2,"idparcela":"1135","productor":"MARTINEZ AMPARAN JESUS RAFAEL","cultivo":null,"superficie_fisica_ha":4.28,"superficie_riego_ha":4.28,"hectareas":1.254},"geometry":{"type":"Polygon","coordinates":[[[-105.343323,28.129133],[-105.34325,28.128607],[-105.343246,28.128282],[-105.343768,28.128255],[-105.344605,28.128254],[-105.344691,28.129062],[-105.343323,28.129133]]]}},{"type":"Feature","properties":{"modulo":2,"idparcela":"1155","productor":"MENDOZA LERMA ALVARO","cultivo":null,"superficie_fisica_ha":4.1926,"superficie_riego_ha":4.1926,"hectareas":2.397},"geometry":{"type":"Polygon","coordinates":[[[-105.3413,28.128175],[-105.341334,28.129257],[-105.340651,28.129318],[-105.339991,28.129387],[-105.339805,28.129415],[-105.33955,28.129436],[-105.339555,28.129251],[-105.339481,28.12922],[-105.339394,28.129074],[-105.33935,28.128774],[-105.339343,28.128529],[-105.339327,28.128199],[-105.340091,28.128208],[-105.341055,28.128196],[-105.3413,28.128175]]]}},{"type":"Feature","properties":{"modulo":2,"idparcela":"1181","productor":"CERECERES ARROYO ANTONIO","cultivo":null,"superficie_fisica_ha":4.778,"superficie_riego_ha":4.656,"hectareas":4.646},"geometry":{"type":"Polygon","coordinates":[[[-105.343409,28.123671],[-105.345997,28.123617],[-105.346473,28.123607],[-105.346782,28.123647],[-105.346848,28.123774],[-105.34666,28.124087],[-105.346492,28.124342],[-105.346298,28.124423],[-105.346125,28.124504],[-105.345689,28.124513],[-105.345564,28.124709],[-105.345622,28.125173],[-105.343461,28.125233],[-105.343447,28.12491],[-105.343409,28.123671]]]}},{"type":"Feature","properties":{"modulo":2,"idparcela":"1182","productor":"MOLINA GONZALEZ MIGUEL","cultivo":null,"superficie_fisica_ha":4.5619,"superficie_riego_ha":4.112,"hectareas":4.324},"geometry":{"type":"Polygon","coordinates":[[[-105.343362,28.122163],[-105.344906,28.122112],[-105.345909,28.122072],[-105.345999,28.122012],[-105.345997,28.123617],[-105.343411,28.123671],[-105.343362,28.122163]]]}},{"type":"Feature","properties":{"modulo":2,"idparcela":"1147","productor":"HIDALGO MONTES NOE","cultivo":null,"superficie_fisica_ha":4.352,"superficie_riego_ha":4.352,"hectareas":4.22},"geometry":{"type":"Polygon","coordinates":[[[-105.340906,28.123702],[-105.342554,28.12369],[-105.343409,28.123671],[-105.343457,28.125234],[-105.343026,28.125245],[-105.342481,28.125251],[-105.341128,28.125265],[-105.340975,28.125272],[-105.340912,28.123705],[-105.340906,28.123702]]]}},{"type":"Feature","properties":{"modulo":2,"idparcela":"1143","productor":"GARCIA LARA LEONARDO","cultivo":null,"superficie_fisica_ha":5.776,"superficie_riego_ha":5.776,"hectareas":3.117},"geometry":{"type":"Polygon","coordinates":[[[-105.33945,28.123656],[-105.339468,28.12343],[-105.339435,28.123095],[-105.339259,28.123022],[-105.339279,28.121887],[-105.339434,28.121876],[-105.340282,28.121807],[-105.340568,28.12178],[-105.340746,28.121797],[-105.340782,28.122043],[-105.340808,28.122197],[-105.340852,28.122211],[-105.340912,28.123705],[-105.339697,28.123717],[-105.33948,28.123719],[-105.33945,28.123656]]]}},{"type":"Feature","properties":{"modulo":2,"idparcela":"1186","productor":"NU¥EZ RODRIGUEZ VICTOR","cultivo":null,"superficie_fisica_ha":4.3239,"superficie_riego_ha":4.32,"hectareas":4.058},"geometry":{"type":"Polygon","coordinates":[[[-105.340852,28.122211],[-105.340918,28.122233],[-105.341179,28.122228],[-105.342465,28.122182],[-105.343362,28.122163],[-105.343411,28.123671],[-105.342554,28.12369],[-105.342517,28.12369],[-105.340912,28.123702],[-105.340852,28.122211]]]}},{"type":"Feature","properties":{"modulo":2,"idparcela":"1180","productor":"CARRILLO ONTIVEROS FRANCISCO","cultivo":null,"superficie_fisica_ha":4.528,"superficie_riego_ha":4.528,"hectareas":4.588},"geometry":{"type":"Polygon","coordinates":[[[-105.346062,28.120414],[-105.34605,28.119149],[-105.345991,28.117731],[-105.346056,28.117737],[-105.346857,28.118339],[-105.348131,28.119473],[-105.349156,28.120286],[-105.348588,28.120315],[-105.346062,28.120414]]]}},{"type":"Feature","properties":{"modulo":2,"idparcela":"1179","productor":"HERNANDEZ PEREZ VICTOR","cultivo":null,"superficie_fisica_ha":4.848,"superficie_riego_ha":4.848,"hectareas":4.388},"geometry":{"type":"Polygon","coordinates":[[[-105.345999,28.122012],[-105.346059,28.121972],[-105.346094,28.121619],[-105.346079,28.12108],[-105.346072,28.120816],[-105.346062,28.120414],[-105.348588,28.120315],[-105.348624,28.121911],[-105.34862,28.121919],[-105.345999,28.122012]]]}},{"type":"Feature","properties":{"modulo":2,"idparcela":"1178","productor":"HOLGUIN NAVARRO ALBERTO ALBERTO","cultivo":null,"superficie_fisica_ha":4.4694,"superficie_riego_ha":4.4694,"hectareas":4.817},"geometry":{"type":"Polygon","coordinates":[[[-105.345999,28.122012],[-105.34862,28.121919],[-105.348653,28.123539],[-105.348663,28.123593],[-105.348675,28.123685],[-105.347783,28.123658],[-105.346782,28.123647],[-105.346473,28.123607],[-105.345997,28.123617],[-105.345999,28.122012]]]}},{"type":"Feature","properties":{"modulo":2,"idparcela":"1177","productor":"GUEVARA REYES VICTOR MANUEL","cultivo":null,"superficie_fisica_ha":4.5,"superficie_riego_ha":4.5,"hectareas":3.649},"geometry":{"type":"Polygon","coordinates":[[[-105.348588,28.120315],[-105.349156,28.120286],[-105.349207,28.120284],[-105.350498,28.120759],[-105.351028,28.12098],[-105.351207,28.121132],[-105.351214,28.12183],[-105.348624,28.121911],[-105.348588,28.120315]]]}},{"type":"Feature","properties":{"modulo":2,"idparcela":"1176","productor":"RANGEL HERRERA FELIPA","cultivo":null,"superficie_fisica_ha":4.0541,"superficie_riego_ha":3.92,"hectareas":4.982},"geometry":{"type":"Polygon","coordinates":[[[-105.351214,28.12183],[-105.351248,28.122664],[-105.351218,28.123341],[-105.351177,28.123585],[-105.350844,28.123613],[-105.349641,28.12367],[-105.348902,28.123664],[-105.348675,28.123685],[-105.348663,28.123593],[-105.348653,28.123539],[-105.34862,28.121919],[-105.348624,28.121911],[-105.351214,28.12183]]]}},{"type":"Feature","properties":{"modulo":2,"idparcela":"1196","productor":"GARCIA GARCIA ANTONIO","cultivo":null,"superficie_fisica_ha":5.456,"superficie_riego_ha":5.456,"hectareas":4.239},"geometry":{"type":"Polygon","coordinates":[[[-105.345826,28.120432],[-105.34421,28.12049],[-105.344165,28.118242],[-105.344341,28.118165],[-105.345044,28.117983],[-105.345741,28.117824],[-105.345735,28.117976],[-105.345812,28.119976],[-105.34582,28.120293],[-105.345826,28.120432]]]}},{"type":"Feature","properties":{"modulo":2,"idparcela":"1183","productor":"HERNANDEZ PEREZ VICTOR","cultivo":null,"superficie_fisica_ha":4.4344,"superficie_riego_ha":4.4344,"hectareas":4.128},"geometry":{"type":"Polygon","coordinates":[[[-105.343345,28.122025],[-105.343327,28.120946],[-105.343253,28.12058],[-105.343253,28.120578],[-105.343651,28.120566],[-105.34397,28.120526],[-105.34421,28.12049],[-105.345826,28.120432],[-105.34584,28.120599],[-105.345875,28.121539],[-105.34586,28.121908],[-105.34569,28.121955],[-105.344322,28.122005],[-105.343557,28.122033],[-105.343345,28.122025]]]}},{"type":"Feature","properties":{"modulo":2,"idparcela":"1185","productor":"HIDALGO MONTES NOE","cultivo":null,"superficie_fisica_ha":4.27,"superficie_riego_ha":4.27,"hectareas":4.157},"geometry":{"type":"Polygon","coordinates":[[[-105.343253,28.12058],[-105.343327,28.120946],[-105.343345,28.122025],[-105.342906,28.122067],[-105.341439,28.122086],[-105.34095,28.122107],[-105.340918,28.121804],[-105.340914,28.121674],[-105.340771,28.121634],[-105.340748,28.120767],[-105.340787,28.120573],[-105.340895,28.120551],[-105.341913,28.120555],[-105.342488,28.120557],[-105.343054,28.120526],[-105.34323,28.12058],[-105.343253,28.12058]],[[-105.343651,28.120566],[-105.343601,28.120573],[-105.343253,28.12058],[-105.343253,28.120578],[-105.343651,28.120566]]]}},{"type":"Feature","properties":{"modulo":2,"idparcela":"1184","productor":"GARCIA FLORES ALFREDO","cultivo":null,"superficie_fisica_ha":4.4459,"superficie_riego_ha":4.4459,"hectareas":4.681},"geometry":{"type":"Polygon","coordinates":[[[-105.34421,28.12049],[-105.34397,28.120526],[-105.343651,28.120566],[-105.343601,28.120573],[-105.34323,28.12058],[-105.343054,28.120526],[-105.342488,28.120557],[-105.341913,28.120555],[-105.342044,28.118971],[-105.342184,28.11892],[-105.343931,28.118284],[-105.344165,28.118242],[-105.34421,28.12049]]]}},{"type":"Feature","properties":{"modulo":2,"idparcela":"1187","productor":"HIDALGO MONTES FRANCISCO ANTONIO","cultivo":null,"superficie_fisica_ha":5.664,"superficie_riego_ha":5.664,"hectareas":4.655},"geometry":{"type":"Polygon","coordinates":[[[-105.341913,28.120555],[-105.340895,28.120551],[-105.340787,28.120573],[-105.340748,28.120767],[-105.340771,28.121634],[-105.340727,28.121618],[-105.339639,28.121735],[-105.339394,28.121732],[-105.339333,28.121705],[-105.339344,28.120448],[-105.339351,28.120081],[-105.339398,28.120021],[-105.339852,28.119886],[-105.340566,28.119579],[-105.34192,28.119009],[-105.342044,28.118971],[-105.341913,28.120555]]]}},{"type":"Feature","properties":{"modulo":2,"idparcela":"1076","productor":"SALGADO GUEVARA JOEL","cultivo":null,"superficie_fisica_ha":5.232,"superficie_riego_ha":4.942,"hectareas":5.869},"geometry":{"type":"Polygon","coordinates":[[[-105.343863,28.118025],[-105.343199,28.118237],[-105.342928,28.116762],[-105.343082,28.116681],[-105.343238,28.116585],[-105.343569,28.116516],[-105.343972,28.116461],[-105.344076,28.116428],[-105.344196,28.116316],[-105.344423,28.116265],[-105.344755,28.116227],[-105.345154,28.116047],[-105.345465,28.115854],[-105.34579,28.115536],[-105.345838,28.11538],[-105.345924,28.1153],[-105.346099,28.115281],[-105.346263,28.115283],[-105.346279,28.115433],[-105.346243,28.116741],[-105.346237,28.117192],[-105.34622,28.117401],[-105.345562,28.117548],[-105.344492,28.117836],[-105.343863,28.118025]]]}},{"type":"Feature","properties":{"modulo":2,"idparcela":"1077","productor":"CHAVEZ AMAYA RITA","cultivo":null,"superficie_fisica_ha":6.256,"superficie_riego_ha":5.783,"hectareas":6.236},"geometry":{"type":"Polygon","coordinates":[[[-105.343199,28.118237],[-105.342342,28.118564],[-105.341092,28.119088],[-105.340051,28.119529],[-105.339635,28.119725],[-105.339438,28.119783],[-105.339356,28.11977],[-105.339376,28.119248],[-105.33944,28.118344],[-105.339634,28.118355],[-105.339823,28.118211],[-105.340014,28.118145],[-105.340154,28.118111],[-105.340185,28.117955],[-105.340322,28.117828],[-105.340668,28.117649],[-105.341032,28.117471],[-105.341223,28.117373],[-105.341451,28.117369],[-105.341679,28.117395],[-105.34175,28.117394],[-105.341832,28.11719],[-105.341951,28.117032],[-105.342297,28.116869],[-105.342612,28.116831],[-105.342805,28.116827],[-105.342928,28.116762],[-105.343199,28.118237]]]}},{"type":"Feature","properties":{"modulo":2,"idparcela":"1075","productor":"GARCIA RASCON ALFREDO","cultivo":null,"superficie_fisica_ha":5.5982,"superficie_riego_ha":3.984,"hectareas":5.641},"geometry":{"type":"Polygon","coordinates":[[[-105.347856,28.117429],[-105.347672,28.117547],[-105.347363,28.117776],[-105.347031,28.118052],[-105.346925,28.117987],[-105.34653,28.117653],[-105.346386,28.117517],[-105.346392,28.11708],[-105.346402,28.116115],[-105.34641,28.115544],[-105.346404,28.115078],[-105.346412,28.114938],[-105.346408,28.114793],[-105.3464,28.1147],[-105.346555,28.114618],[-105.347423,28.114227],[-105.347596,28.114145],[-105.347727,28.114103],[-105.347872,28.114048],[-105.34801,28.113968],[-105.347856,28.117429]]]}},{"type":"Feature","properties":{"modulo":2,"idparcela":"1074","productor":"MOLINA GONZALEZ MIGUEL","cultivo":null,"superficie_fisica_ha":3.664,"superficie_riego_ha":3.664,"hectareas":4.281},"geometry":{"type":"Polygon","coordinates":[[[-105.349182,28.11615],[-105.34916,28.116213],[-105.348508,28.116787],[-105.348098,28.1172],[-105.347924,28.117361],[-105.347856,28.117429],[-105.34801,28.113968],[-105.34827,28.113859],[-105.348896,28.113511],[-105.349266,28.113281],[-105.349182,28.11615]]]}},{"type":"Feature","properties":{"modulo":2,"idparcela":"1073","productor":"HIDALGO CERECERES SALVADOR","cultivo":null,"superficie_fisica_ha":4.32,"superficie_riego_ha":3.82,"hectareas":4.199},"geometry":{"type":"Polygon","coordinates":[[[-105.350324,28.1151],[-105.349644,28.115699],[-105.34936,28.115949],[-105.34916,28.116213],[-105.349182,28.11615],[-105.349266,28.113281],[-105.349569,28.113093],[-105.350605,28.112465],[-105.350693,28.112407],[-105.350737,28.1135],[-105.350796,28.114661],[-105.350687,28.114741],[-105.350487,28.11491],[-105.350324,28.1151]]]}},{"type":"Feature","properties":{"modulo":2,"idparcela":"1058","productor":"MOLINA MONTA¥EZ RAMON RODOLFO","cultivo":null,"superficie_fisica_ha":3.5564,"superficie_riego_ha":2.992,"hectareas":3.447},"geometry":{"type":"Polygon","coordinates":[[[-105.353595,28.113831],[-105.353503,28.113867],[-105.353082,28.113876],[-105.351968,28.113917],[-105.351522,28.113955],[-105.351431,28.113948],[-105.351449,28.113291],[-105.35146,28.112819],[-105.351451,28.112483],[-105.351478,28.112389],[-105.353485,28.112371],[-105.353595,28.113831]]]}},{"type":"Feature","properties":{"modulo":2,"idparcela":"1054","productor":"CHAVIRA DOMINGUEZ PRECILIANO","cultivo":null,"superficie_fisica_ha":4.3939,"superficie_riego_ha":4.252,"hectareas":4.139},"geometry":{"type":"Polygon","coordinates":[[[-105.354764,28.113779],[-105.354168,28.113791],[-105.353688,28.113829],[-105.353595,28.113831],[-105.353485,28.112371],[-105.354604,28.112355],[-105.35623,28.112332],[-105.356205,28.112504],[-105.356238,28.113095],[-105.356213,28.113484],[-105.356188,28.113834],[-105.356069,28.113754],[-105.355917,28.113736],[-105.355395,28.11375],[-105.354764,28.113779]]]}},{"type":"Feature","properties":{"modulo":2,"idparcela":"1056","productor":"ARMENDARIZ RODRIGUEZ THOMAS","cultivo":null,"superficie_fisica_ha":3.3531,"superficie_riego_ha":3.3531,"hectareas":3.446},"geometry":{"type":"Polygon","coordinates":[[[-105.351478,28.112389],[-105.351476,28.112094],[-105.351483,28.111907],[-105.351916,28.111738],[-105.352628,28.111475],[-105.353398,28.111226],[-105.354115,28.110973],[-105.354555,28.110824],[-105.354604,28.112355],[-105.353485,28.112371],[-105.351478,28.112389]]]}},{"type":"Feature","properties":{"modulo":2,"idparcela":"1055","productor":"ARMENDARIZ N. JOSE LUIS","cultivo":null,"superficie_fisica_ha":4.044,"superficie_riego_ha":4.044,"hectareas":3.41},"geometry":{"type":"Polygon","coordinates":[[[-105.354555,28.110824],[-105.354914,28.110692],[-105.355475,28.110509],[-105.355944,28.110344],[-105.35617,28.110262],[-105.356274,28.110249],[-105.356336,28.112128],[-105.356234,28.112301],[-105.35623,28.112332],[-105.354604,28.112355],[-105.354555,28.110824]]]}},{"type":"Feature","properties":{"modulo":2,"idparcela":"1069","productor":"MONTES HERNANDEZ SOCORRO","cultivo":null,"superficie_fisica_ha":4.9096,"superficie_riego_ha":4.2,"hectareas":5.572},"geometry":{"type":"Polygon","coordinates":[[[-105.350427,28.1185],[-105.349289,28.118467],[-105.348149,28.118475],[-105.347428,28.118489],[-105.347321,28.118409],[-105.347312,28.11829],[-105.347677,28.117878],[-105.348911,28.116763],[-105.350381,28.115429],[-105.350427,28.1185]]]}},{"type":"Feature","properties":{"modulo":2,"idparcela":"1070","productor":"SANCHEZ HOLGUIN REYNALDA","cultivo":null,"superficie_fisica_ha":3.7982,"superficie_riego_ha":3.2982,"hectareas":3.419},"geometry":{"type":"Polygon","coordinates":[[[-105.351148,28.118475],[-105.350827,28.118481],[-105.350658,28.118486],[-105.350532,28.118496],[-105.350427,28.1185],[-105.350381,28.115429],[-105.350669,28.115155],[-105.350943,28.114913],[-105.351174,28.114706],[-105.351291,28.114599],[-105.351284,28.114759],[-105.351287,28.114899],[-105.351289,28.114956],[-105.351298,28.115738],[-105.351316,28.117332],[-105.351329,28.118274],[-105.351317,28.118481],[-105.351148,28.118475]]]}},{"type":"Feature","properties":{"modulo":2,"idparcela":"1053","productor":"RODRIGUEZ GARAY JUANA","cultivo":null,"superficie_fisica_ha":4.0392,"superficie_riego_ha":4,"hectareas":4.206},"geometry":{"type":"Polygon","coordinates":[[[-105.355021,28.115547],[-105.353654,28.115591],[-105.353604,28.115591],[-105.353614,28.114752],[-105.353566,28.114065],[-105.354021,28.114045],[-105.354324,28.114033],[-105.355025,28.114014],[-105.355632,28.114012],[-105.356076,28.114007],[-105.356112,28.114295],[-105.356142,28.114777],[-105.356174,28.115321],[-105.356179,28.115502],[-105.355946,28.115527],[-105.355021,28.115547]]]}},{"type":"Feature","properties":{"modulo":2,"idparcela":"1059","productor":"GUEVARA CALDERON ALFREDO","cultivo":null,"superficie_fisica_ha":3.568,"superficie_riego_ha":3.568,"hectareas":3.356},"geometry":{"type":"Polygon","coordinates":[[[-105.353604,28.115591],[-105.352548,28.115583],[-105.351583,28.115603],[-105.351451,28.115589],[-105.351417,28.115295],[-105.351436,28.114787],[-105.35152,28.114531],[-105.351657,28.114291],[-105.351857,28.114147],[-105.352446,28.114109],[-105.352995,28.114108],[-105.353357,28.114116],[-105.353566,28.114065],[-105.353614,28.114752],[-105.353604,28.115591]]]}},{"type":"Feature","properties":{"modulo":2,"idparcela":"1050","productor":"FLORES GARCIA ISIDRO","cultivo":null,"superficie_fisica_ha":4.3939,"superficie_riego_ha":4.3939,"hectareas":4.074},"geometry":{"type":"Polygon","coordinates":[[[-105.358967,28.116518],[-105.358948,28.11578],[-105.358926,28.115372],[-105.358916,28.115003],[-105.36145,28.114933],[-105.361449,28.11504],[-105.361469,28.115802],[-105.361482,28.1163],[-105.361485,28.116395],[-105.358967,28.116518]]]}},{"type":"Feature","properties":{"modulo":2,"idparcela":"1044","productor":"HERNANDEZ CANTERO MIGUEL","cultivo":null,"superficie_fisica_ha":4.272,"superficie_riego_ha":4.272,"hectareas":5.308},"geometry":{"type":"Polygon","coordinates":[[[-105.358916,28.115003],[-105.358861,28.113414],[-105.358853,28.113102],[-105.361466,28.113033],[-105.36146,28.114122],[-105.36145,28.114933],[-105.358916,28.115003]]]}},{"type":"Feature","properties":{"modulo":2,"idparcela":"1061","productor":"SEGOVIA GARCIA JOSE AMADO","cultivo":null,"superficie_fisica_ha":6.2081,"superficie_riego_ha":5.1885,"hectareas":6.201},"geometry":{"type":"Polygon","coordinates":[[[-105.359841,28.117283],[-105.359073,28.117611],[-105.358366,28.117921],[-105.358,28.118022],[-105.357334,28.118067],[-105.355865,28.11818],[-105.355024,28.118244],[-105.354605,28.11722],[-105.356523,28.117146],[-105.358844,28.117056],[-105.358937,28.117078],[-105.35896,28.117086],[-105.35898,28.117006],[-105.358967,28.116518],[-105.361485,28.116395],[-105.361495,28.116798],[-105.361484,28.116888],[-105.360884,28.116904],[-105.359841,28.117283]]]}},{"type":"Feature","properties":{"modulo":2,"idparcela":"1062","productor":"MATA MARTINEZ JESUS NOEL","cultivo":null,"superficie_fisica_ha":4.576,"superficie_riego_ha":3.9593,"hectareas":3.989},"geometry":{"type":"Polygon","coordinates":[[[-105.355024,28.118244],[-105.354671,28.118246],[-105.353515,28.118333],[-105.351992,28.118458],[-105.351431,28.118485],[-105.351432,28.117862],[-105.351425,28.117344],[-105.35366,28.117257],[-105.354605,28.11722],[-105.355024,28.118244]]]}},{"type":"Feature","properties":{"modulo":2,"idparcela":"1060","productor":"GUDINO MENDOZA JOSE MARIA","cultivo":null,"superficie_fisica_ha":3.9805,"superficie_riego_ha":3.9805,"hectareas":3.91},"geometry":{"type":"Polygon","coordinates":[[[-105.351425,28.117344],[-105.351414,28.116509],[-105.351418,28.11589],[-105.351408,28.115704],[-105.351533,28.115697],[-105.352146,28.115669],[-105.353094,28.115665],[-105.353603,28.115655],[-105.35366,28.117257],[-105.351425,28.117344]]]}},{"type":"Feature","properties":{"modulo":2,"idparcela":"1052","productor":"FLORES GARCIA ISIDRO","cultivo":null,"superficie_fisica_ha":4.6534,"superficie_riego_ha":4.6534,"hectareas":4.875},"geometry":{"type":"Polygon","coordinates":[[[-105.356403,28.115577],[-105.356495,28.116379],[-105.356523,28.117146],[-105.354605,28.11722],[-105.35366,28.117257],[-105.353603,28.115655],[-105.35441,28.115638],[-105.355164,28.115622],[-105.355727,28.115615],[-105.356359,28.115584],[-105.356403,28.115577]]]}},{"type":"Feature","properties":{"modulo":2,"idparcela":"1051","productor":"HIDALGO HERNANDEZ JORGE LUIS","cultivo":null,"superficie_fisica_ha":4.2781,"superficie_riego_ha":4.2781,"hectareas":4.039},"geometry":{"type":"Polygon","coordinates":[[[-105.356523,28.117146],[-105.356495,28.116379],[-105.356403,28.115577],[-105.356494,28.115563],[-105.356567,28.115542],[-105.358793,28.115469],[-105.358798,28.115656],[-105.358817,28.116387],[-105.358832,28.116978],[-105.358844,28.117056],[-105.356523,28.117146]]]}},{"type":"Feature","properties":{"modulo":2,"idparcela":"1043","productor":"MENDEZ MAGALLANES MIGUEL","cultivo":null,"superficie_fisica_ha":4.224,"superficie_riego_ha":4.224,"hectareas":3.754},"geometry":{"type":"Polygon","coordinates":[[[-105.356567,28.115542],[-105.356587,28.115523],[-105.356547,28.11519],[-105.356526,28.114707],[-105.35649,28.113977],[-105.358752,28.113948],[-105.358781,28.115018],[-105.358793,28.115469],[-105.356567,28.115542]]]}},{"type":"Feature","properties":{"modulo":2,"idparcela":"1042","productor":"HIDALGO HERNANDEZ JORGE LUIS","cultivo":null,"superficie_fisica_ha":4.24,"superficie_riego_ha":4.24,"hectareas":4.056},"geometry":{"type":"Polygon","coordinates":[[[-105.35649,28.113977],[-105.35645,28.113153],[-105.356445,28.112414],[-105.356466,28.112359],[-105.356703,28.112355],[-105.35677,28.112348],[-105.356864,28.112319],[-105.356885,28.112291],[-105.35871,28.112324],[-105.358741,28.11351],[-105.358752,28.113948],[-105.35649,28.113977]]]}},{"type":"Feature","properties":{"modulo":2,"idparcela":"************","productor":null,"cultivo":null,"superficie_fisica_ha":null,"superficie_riego_ha":null,"hectareas":0.138},"geometry":{"type":"Polygon","coordinates":[[[-105.356346,28.11551],[-105.356314,28.115455],[-105.356274,28.115131],[-105.356255,28.114445],[-105.356192,28.11401],[-105.356264,28.11399],[-105.356307,28.114017],[-105.356341,28.114508],[-105.356346,28.115111],[-105.356396,28.115416],[-105.356399,28.115485],[-105.356346,28.11551]]]}},{"type":"Feature","properties":{"modulo":2,"idparcela":"1063","productor":"VILLALOBOS N. GILDARDO","cultivo":null,"superficie_fisica_ha":4.4,"superficie_riego_ha":4.2215,"hectareas":4.438},"geometry":{"type":"Polygon","coordinates":[[[-105.36089,28.120384],[-105.360266,28.120639],[-105.360034,28.120732],[-105.36037,28.117397],[-105.360993,28.117142],[-105.361515,28.117111],[-105.36152,28.117224],[-105.361524,28.118155],[-105.361535,28.118564],[-105.361389,28.118623],[-105.361277,28.118731],[-105.361338,28.118935],[-105.361399,28.119014],[-105.361491,28.119019],[-105.361495,28.119394],[-105.361499,28.12022],[-105.36089,28.120384]]]}},{"type":"Feature","properties":{"modulo":2,"idparcela":"1067","productor":"MARTINEZ ARMENDARIZ LUIS CARLOS","cultivo":null,"superficie_fisica_ha":4.2772,"superficie_riego_ha":3.488,"hectareas":4.391},"geometry":{"type":"Polygon","coordinates":[[[-105.353309,28.120598],[-105.352833,28.120687],[-105.351682,28.120892],[-105.351445,28.120926],[-105.351473,28.11935],[-105.35148,28.118829],[-105.351479,28.118694],[-105.351733,28.118678],[-105.351988,28.118668],[-105.353425,28.118541],[-105.353416,28.118581],[-105.353309,28.120598]]]}},{"type":"Feature","properties":{"modulo":2,"idparcela":"1066","productor":"RAMIREZ ORNELAS LORENZO","cultivo":null,"superficie_fisica_ha":4.976,"superficie_riego_ha":4.976,"hectareas":4.579},"geometry":{"type":"Polygon","coordinates":[[[-105.355514,28.120439],[-105.354231,28.120392],[-105.353309,28.120598],[-105.353416,28.118581],[-105.353425,28.118541],[-105.353869,28.118506],[-105.355291,28.118377],[-105.355459,28.11837],[-105.355514,28.120439]]]}},{"type":"Feature","properties":{"modulo":2,"idparcela":"1065","productor":"SANDOVAL GUERRA JOSE MARIA","cultivo":null,"superficie_fisica_ha":3.648,"superficie_riego_ha":3.648,"hectareas":4.093},"geometry":{"type":"Polygon","coordinates":[[[-105.357283,28.12062],[-105.357157,28.120611],[-105.356691,28.12049],[-105.355967,28.120381],[-105.355514,28.120439],[-105.355459,28.11837],[-105.356215,28.11834],[-105.357221,28.118288],[-105.357283,28.12062]]]}},{"type":"Feature","properties":{"modulo":2,"idparcela":"1064","productor":"CHAIREZ ROBLES JOSE CRUZ","cultivo":null,"superficie_fisica_ha":4.1329,"superficie_riego_ha":4.1329,"hectareas":4.098},"geometry":{"type":"Polygon","coordinates":[[[-105.35894,28.120637],[-105.358753,28.120596],[-105.358391,28.120436],[-105.358035,28.120462],[-105.357536,28.12064],[-105.357283,28.12062],[-105.357221,28.118288],[-105.357452,28.118277],[-105.358249,28.118241],[-105.358814,28.118039],[-105.35894,28.120637]]]}},{"type":"Feature","properties":{"modulo":2,"idparcela":"1072","productor":"CARRILLO N. GUADALUPE","cultivo":null,"superficie_fisica_ha":4.07,"superficie_riego_ha":4.07,"hectareas":4.35},"geometry":{"type":"Polygon","coordinates":[[[-105.360034,28.120732],[-105.35958,28.120914],[-105.359262,28.120809],[-105.35894,28.120637],[-105.358814,28.118039],[-105.359352,28.117846],[-105.36037,28.117397],[-105.360371,28.117396],[-105.360034,28.120732]]]}},{"type":"Feature","properties":{"modulo":2,"idparcela":"1068","productor":"TORRES CAMARILLO FERNANDO","cultivo":null,"superficie_fisica_ha":3.9,"superficie_riego_ha":3.9,"hectareas":4.098},"geometry":{"type":"Polygon","coordinates":[[[-105.349513,28.119979],[-105.349473,28.119969],[-105.349308,28.119965],[-105.349027,28.119827],[-105.348745,28.119631],[-105.348376,28.119346],[-105.348282,28.119302],[-105.347977,28.119071],[-105.347894,28.118983],[-105.347811,28.118908],[-105.347734,28.118847],[-105.347544,28.118662],[-105.348545,28.118657],[-105.349598,28.118666],[-105.349824,28.118672],[-105.35027,28.118693],[-105.350866,28.118696],[-105.351317,28.118677],[-105.351324,28.119379],[-105.351319,28.119877],[-105.349513,28.119979]]]}},{"type":"Feature","properties":{"modulo":2,"idparcela":"1177","productor":"GUEVARA REYES VICTOR MANUEL","cultivo":null,"superficie_fisica_ha":4.5,"superficie_riego_ha":4.5,"hectareas":0.846},"geometry":{"type":"Polygon","coordinates":[[[-105.351237,28.120733],[-105.350675,28.120465],[-105.34988,28.120132],[-105.349513,28.119979],[-105.351319,28.119877],[-105.351311,28.120378],[-105.351308,28.120764],[-105.351237,28.120733]]]}},{"type":"Feature","properties":{"modulo":2,"idparcela":"1136","productor":"FLORES GARCIA ISIDRO","cultivo":null,"superficie_fisica_ha":5.2044,"superficie_riego_ha":5.02,"hectareas":5.187},"geometry":{"type":"Polygon","coordinates":[[[-105.361529,28.123018],[-105.36157,28.12375],[-105.361542,28.125836],[-105.361448,28.125924],[-105.361188,28.125973],[-105.360842,28.125864],[-105.360231,28.125602],[-105.360147,28.125372],[-105.359846,28.124611],[-105.359462,28.123678],[-105.359078,28.123353],[-105.359038,28.123324],[-105.361529,28.123018]]]}},{"type":"Feature","properties":{"modulo":2,"idparcela":"1172","productor":"MATA MARTINEZ NARCISO","cultivo":null,"superficie_fisica_ha":4.0149,"superficie_riego_ha":4.0149,"hectareas":4.001},"geometry":{"type":"Polygon","coordinates":[[[-105.353844,28.123374],[-105.353803,28.123361],[-105.353412,28.123369],[-105.352204,28.123394],[-105.351665,28.123406],[-105.35155,28.12335],[-105.351481,28.123236],[-105.351452,28.122121],[-105.351451,28.121832],[-105.353779,28.121784],[-105.353844,28.123374]]]}},{"type":"Feature","properties":{"modulo":2,"idparcela":"1140","productor":"RODRIGUEZ GONZALEZ MARCOS AURELIO","cultivo":null,"superficie_fisica_ha":3.8285,"superficie_riego_ha":3.28,"hectareas":5.322},"geometry":{"type":"Polygon","coordinates":[[[-105.354001,28.127335],[-105.353879,28.127863],[-105.353802,28.12838],[-105.353856,28.128975],[-105.353675,28.128967],[-105.353168,28.128852],[-105.352588,28.128656],[-105.351944,28.12838],[-105.351514,28.128201],[-105.351443,28.12669],[-105.353976,28.126575],[-105.354005,28.127295],[-105.354001,28.127335]]]}},{"type":"Feature","properties":{"modulo":2,"idparcela":"1169","productor":"NAVARRO MELENDEZ JUANA","cultivo":null,"superficie_fisica_ha":3.936,"superficie_riego_ha":3.936,"hectareas":3.795},"geometry":{"type":"Polygon","coordinates":[[[-105.351422,28.125123],[-105.351412,28.124308],[-105.351416,28.12386],[-105.351461,28.123714],[-105.351557,28.123625],[-105.351932,28.123588],[-105.352993,28.123581],[-105.353482,28.123571],[-105.353792,28.123564],[-105.353851,28.123531],[-105.353893,28.124568],[-105.353901,28.124766],[-105.353901,28.124766],[-105.353917,28.124894],[-105.351422,28.125123]]]}},{"type":"Feature","properties":{"modulo":2,"idparcela":"1141","productor":"MOLINA MONTANEZ GREGORIO","cultivo":null,"superficie_fisica_ha":4.3309,"superficie_riego_ha":3.872,"hectareas":4.424},"geometry":{"type":"Polygon","coordinates":[[[-105.351443,28.12669],[-105.35144,28.126639],[-105.351422,28.125123],[-105.353907,28.124895],[-105.353976,28.126575],[-105.351443,28.12669]]]}},{"type":"Feature","properties":{"modulo":2,"idparcela":"1138","productor":"FLORES GARCIA ISIDRO","cultivo":null,"superficie_fisica_ha":4.3263,"superficie_riego_ha":4,"hectareas":4.134},"geometry":{"type":"Polygon","coordinates":[[[-105.358933,28.121679],[-105.361545,28.121721],[-105.361509,28.122651],[-105.361529,28.123018],[-105.359038,28.123324],[-105.358947,28.123257],[-105.358933,28.121679]]]}},{"type":"Feature","properties":{"modulo":2,"idparcela":"1166","productor":"VALDEZ MUELA RAMON","cultivo":null,"superficie_fisica_ha":3.0008,"superficie_riego_ha":2.8581,"hectareas":2.917},"geometry":{"type":"Polygon","coordinates":[[[-105.353893,28.124568],[-105.353851,28.123531],[-105.353902,28.123495],[-105.353913,28.123443],[-105.356302,28.123357],[-105.356394,28.123354],[-105.35637,28.123555],[-105.356346,28.123644],[-105.356313,28.123772],[-105.356286,28.12399],[-105.356273,28.124106],[-105.35626,28.124251],[-105.356165,28.124369],[-105.355972,28.12446],[-105.355966,28.12448],[-105.353893,28.124568]]]}},{"type":"Feature","properties":{"modulo":2,"idparcela":"1170","productor":"MATA MARTINEZ NARCISO","cultivo":null,"superficie_fisica_ha":4.629,"superficie_riego_ha":4.629,"hectareas":4.587},"geometry":{"type":"Polygon","coordinates":[[[-105.353913,28.123443],[-105.353935,28.123402],[-105.353844,28.123374],[-105.353779,28.121784],[-105.356387,28.12173],[-105.356394,28.123254],[-105.356394,28.123354],[-105.353913,28.123443]]]}},{"type":"Feature","properties":{"modulo":2,"idparcela":"1137","productor":"VILLALOBOS ESVCALANTE GILDARDO","cultivo":null,"superficie_fisica_ha":4.8574,"superficie_riego_ha":4.666,"hectareas":4.773},"geometry":{"type":"Polygon","coordinates":[[[-105.356408,28.12073],[-105.356789,28.120795],[-105.35738,28.120913],[-105.357609,28.120922],[-105.358127,28.120738],[-105.358388,28.120718],[-105.358735,28.12087],[-105.35923,28.121077],[-105.359592,28.121171],[-105.359835,28.121093],[-105.36019,28.120941],[-105.360626,28.120758],[-105.361225,28.120558],[-105.361565,28.120464],[-105.361554,28.120667],[-105.361567,28.121159],[-105.361545,28.121721],[-105.358933,28.121679],[-105.35887,28.121678],[-105.357592,28.121705],[-105.356407,28.121729],[-105.356408,28.12073]]]}},{"type":"Feature","properties":{"modulo":2,"idparcela":"1171","productor":"VALDEZ MUELA RAMON","cultivo":null,"superficie_fisica_ha":5.4073,"superficie_riego_ha":5.4073,"hectareas":5.047},"geometry":{"type":"Polygon","coordinates":[[[-105.351451,28.121832],[-105.351448,28.121369],[-105.351479,28.121281],[-105.351835,28.121173],[-105.353086,28.120915],[-105.353703,28.120801],[-105.353947,28.120738],[-105.354631,28.120695],[-105.355104,28.120656],[-105.355887,28.12064],[-105.35633,28.120717],[-105.356408,28.12073],[-105.356407,28.121729],[-105.356387,28.12173],[-105.353779,28.121784],[-105.351451,28.121832]]]}},{"type":"Feature","properties":{"modulo":2,"idparcela":"1140","productor":"RODRIGUEZ GONZALEZ MARCOS AURELIO","cultivo":null,"superficie_fisica_ha":3.8285,"superficie_riego_ha":3.28,"hectareas":0.712},"geometry":{"type":"Polygon","coordinates":[[[-105.350989,28.12811],[-105.35066,28.128001],[-105.350633,28.128],[-105.350724,28.126776],[-105.350972,28.126851],[-105.351228,28.127043],[-105.351222,28.127609],[-105.351176,28.12818],[-105.350989,28.12811]]]}},{"type":"Feature","properties":{"modulo":2,"idparcela":"1174","productor":"CARRILLO ROMERO MARIO","cultivo":null,"superficie_fisica_ha":3.488,"superficie_riego_ha":3.488,"hectareas":4.703},"geometry":{"type":"Polygon","coordinates":[[[-105.347449,28.123826],[-105.348883,28.123796],[-105.349,28.123795],[-105.349152,28.126609],[-105.347617,28.126629],[-105.347449,28.123826]]]}},{"type":"Feature","properties":{"modulo":2,"idparcela":"1173","productor":"RODRIGUEZ ARMENDARIZ JORGE LUIS","cultivo":null,"superficie_fisica_ha":4.512,"superficie_riego_ha":4.512,"hectareas":4.985},"geometry":{"type":"Polygon","coordinates":[[[-105.349,28.123795],[-105.350042,28.123787],[-105.350642,28.123781],[-105.350682,28.124445],[-105.350728,28.125348],[-105.350747,28.125726],[-105.350741,28.126266],[-105.350737,28.126595],[-105.349725,28.126602],[-105.349152,28.126609],[-105.349,28.123795]]]}},{"type":"Feature","properties":{"modulo":2,"idparcela":"9484","productor":"AGRICOLA GANADERA LOS LUJAN SPR RL","cultivo":"Alfalfa","superficie_fisica_ha":180,"superficie_riego_ha":180,"hectareas":73.461},"geometry":{"type":"Polygon","coordinates":[[[-105.397821,28.118406],[-105.396816,28.119996],[-105.396526,28.120477],[-105.396125,28.121166],[-105.395972,28.121541],[-105.395818,28.121874],[-105.39541,28.122275],[-105.393889,28.121673],[-105.392677,28.121167],[-105.392477,28.121127],[-105.391594,28.120792],[-105.390888,28.120519],[-105.390052,28.120028],[-105.388986,28.119386],[-105.38863,28.119106],[-105.388623,28.118863],[-105.388685,28.118375],[-105.389095,28.117857],[-105.389799,28.11709],[-105.390188,28.116728],[-105.390431,28.11648],[-105.390868,28.116006],[-105.391273,28.115289],[-105.39187,28.114303],[-105.392324,28.113519],[-105.392464,28.113091],[-105.392762,28.112899],[-105.393245,28.112682],[-105.393589,28.112489],[-105.394486,28.112099],[-105.394757,28.111763],[-105.395469,28.111418],[-105.395724,28.111371],[-105.39639,28.111914],[-105.396914,28.112337],[-105.397291,28.112515],[-105.397623,28.112755],[-105.397815,28.112958],[-105.398291,28.11334],[-105.398811,28.114505],[-105.39902,28.115368],[-105.398985,28.115802],[-105.398823,28.116693],[-105.398358,28.11759],[-105.397821,28.118406]]]}},{"type":"Feature","properties":{"modulo":2,"idparcela":"983","productor":"SOTO VALENZUELA ARMANDO","cultivo":null,"superficie_fisica_ha":16.65,"superficie_riego_ha":15.6,"hectareas":16.939},"geometry":{"type":"Polygon","coordinates":[[[-105.386904,28.118987],[-105.384825,28.119008],[-105.382858,28.118988],[-105.382053,28.118988],[-105.382035,28.118868],[-105.382094,28.116987],[-105.382105,28.116456],[-105.384172,28.116431],[-105.387238,28.116404],[-105.388008,28.116398],[-105.389585,28.116305],[-105.389481,28.116411],[-105.388941,28.116732],[-105.388466,28.11672],[-105.388221,28.116902],[-105.388056,28.11726],[-105.387947,28.117837],[-105.387862,28.118414],[-105.387798,28.118814],[-105.38775,28.118924],[-105.386904,28.118987]]]}},{"type":"Feature","properties":{"modulo":2,"idparcela":"1016","productor":"DELGADO CALDERON FELIX","cultivo":null,"superficie_fisica_ha":11.8,"superficie_riego_ha":11.1,"hectareas":10.738},"geometry":{"type":"Polygon","coordinates":[[[-105.371661,28.118149],[-105.371699,28.11895],[-105.371636,28.119023],[-105.370442,28.119019],[-105.368795,28.11901],[-105.367273,28.119016],[-105.367059,28.119021],[-105.366921,28.118782],[-105.366865,28.118635],[-105.366822,28.118207],[-105.366806,28.117607],[-105.366774,28.117035],[-105.366864,28.116956],[-105.367112,28.116958],[-105.368305,28.11696],[-105.369226,28.11697],[-105.370855,28.11695],[-105.371485,28.11698],[-105.371615,28.11702],[-105.371634,28.117134],[-105.371658,28.117405],[-105.371661,28.118149]]]}},{"type":"Feature","properties":{"modulo":2,"idparcela":"1013","productor":"GOMEZ TERRAZAS HECTOR MARIO","cultivo":null,"superficie_fisica_ha":8.95,"superficie_riego_ha":8.45,"hectareas":8.236},"geometry":{"type":"Polygon","coordinates":[[[-105.374508,28.11902],[-105.373572,28.118996],[-105.372765,28.118999],[-105.372699,28.118943],[-105.372663,28.118815],[-105.372596,28.118731],[-105.372415,28.118591],[-105.372135,28.118354],[-105.371887,28.118145],[-105.371878,28.117816],[-105.371866,28.117344],[-105.371867,28.117173],[-105.376475,28.117147],[-105.37662,28.117137],[-105.376732,28.11713],[-105.376741,28.117428],[-105.376169,28.117769],[-105.376144,28.118013],[-105.376148,28.118184],[-105.376202,28.118384],[-105.376236,28.11844],[-105.376221,28.118498],[-105.375997,28.118574],[-105.375762,28.118822],[-105.375717,28.11898],[-105.375347,28.119017],[-105.374508,28.11902]]]}},{"type":"Feature","properties":{"modulo":2,"idparcela":"988","productor":"GONZALEZ DELGADO MIGUEL","cultivo":null,"superficie_fisica_ha":11.75,"superficie_riego_ha":11.75,"hectareas":11.555},"geometry":{"type":"Polygon","coordinates":[[[-105.380856,28.119033],[-105.379751,28.119026],[-105.378943,28.119036],[-105.378135,28.119038],[-105.377532,28.119022],[-105.377171,28.119034],[-105.377164,28.118764],[-105.377143,28.118564],[-105.377075,28.118451],[-105.377026,28.118424],[-105.376945,28.118411],[-105.376909,28.118269],[-105.376899,28.11731],[-105.376923,28.116885],[-105.377001,28.116879],[-105.377178,28.116861],[-105.381811,28.11679],[-105.381825,28.117638],[-105.381816,28.118552],[-105.381828,28.119005],[-105.381673,28.119013],[-105.381318,28.119006],[-105.380856,28.119033]]]}},{"type":"Feature","properties":{"modulo":2,"idparcela":"989","productor":"SOLIS QUI¥ONEZ SALVADOR","cultivo":null,"superficie_fisica_ha":11.65,"superficie_riego_ha":11.65,"hectareas":11.171},"geometry":{"type":"Polygon","coordinates":[[[-105.377178,28.116861],[-105.377223,28.116731],[-105.377106,28.116591],[-105.376959,28.116522],[-105.376929,28.115979],[-105.376904,28.115064],[-105.376895,28.114707],[-105.37707,28.114666],[-105.377582,28.11467],[-105.378695,28.114669],[-105.379644,28.114686],[-105.38098,28.114694],[-105.381517,28.11472],[-105.381756,28.114744],[-105.381753,28.114934],[-105.381756,28.115958],[-105.381811,28.11679],[-105.377178,28.116861]]]}},{"type":"Feature","properties":{"modulo":2,"idparcela":"977","productor":"GONZALEZ REYES LAZARO","cultivo":null,"superficie_fisica_ha":14.15,"superficie_riego_ha":14.15,"hectareas":14.96},"geometry":{"type":"Polygon","coordinates":[[[-105.385775,28.114581],[-105.385109,28.114585],[-105.384741,28.114577],[-105.384092,28.114597],[-105.383974,28.114601],[-105.38252,28.114572],[-105.382436,28.114569],[-105.382195,28.114553],[-105.382032,28.114549],[-105.382071,28.114236],[-105.382118,28.112872],[-105.382362,28.112718],[-105.38238,28.112483],[-105.382419,28.112226],[-105.382369,28.112079],[-105.382102,28.111978],[-105.382075,28.110935],[-105.382037,28.109508],[-105.382207,28.10959],[-105.383302,28.110121],[-105.383585,28.110129],[-105.38505,28.111223],[-105.385762,28.1145],[-105.385775,28.114581]]]}},{"type":"Feature","properties":{"modulo":2,"idparcela":"976","productor":"GONZALEZ FERNANDEZ BRAULIO/LUIS","cultivo":null,"superficie_fisica_ha":11.45,"superficie_riego_ha":10.55,"hectareas":10.997},"geometry":{"type":"Polygon","coordinates":[[[-105.386089,28.114585],[-105.385775,28.114581],[-105.385762,28.1145],[-105.38505,28.111223],[-105.387001,28.112657],[-105.390634,28.113033],[-105.390529,28.11359],[-105.390205,28.11469],[-105.389836,28.114669],[-105.389629,28.114657],[-105.38888,28.114625],[-105.388226,28.114597],[-105.386788,28.114631],[-105.386121,28.114586],[-105.386089,28.114585]]]}},{"type":"Feature","properties":{"modulo":2,"idparcela":"1008","productor":"ESPARZA PORTILLO VICTOR MANUEL","cultivo":null,"superficie_fisica_ha":32.1,"superficie_riego_ha":28,"hectareas":26.162},"geometry":{"type":"Polygon","coordinates":[[[-105.390673,28.107169],[-105.389883,28.1074],[-105.389144,28.107585],[-105.388841,28.107882],[-105.388658,28.108178],[-105.388584,28.108639],[-105.388392,28.108677],[-105.387608,28.108687],[-105.387236,28.108683],[-105.387079,28.10864],[-105.386987,28.108412],[-105.387042,28.107874],[-105.387178,28.106422],[-105.387105,28.105817],[-105.38711,28.104674],[-105.387158,28.103529],[-105.387198,28.103361],[-105.387368,28.10325],[-105.387395,28.102958],[-105.387414,28.102475],[-105.387591,28.102509],[-105.388007,28.102547],[-105.388824,28.102714],[-105.389311,28.102811],[-105.390125,28.102886],[-105.390948,28.103033],[-105.391532,28.103158],[-105.391902,28.103312],[-105.392077,28.103414],[-105.392089,28.104262],[-105.392109,28.105025],[-105.392108,28.105835],[-105.392054,28.106419],[-105.392048,28.106833],[-105.391999,28.106942],[-105.391344,28.107048],[-105.390673,28.107169]]]}},{"type":"Feature","properties":{"modulo":2,"idparcela":"1007","productor":"GONZALEZ REYES ARTURO","cultivo":null,"superficie_fisica_ha":21.5,"superficie_riego_ha":17,"hectareas":16.884},"geometry":{"type":"Polygon","coordinates":[[[-105.384136,28.106687],[-105.384175,28.106686],[-105.385806,28.107924],[-105.38689,28.108594],[-105.386909,28.108736],[-105.386984,28.108791],[-105.387101,28.108809],[-105.388138,28.108787],[-105.388706,28.108782],[-105.388713,28.108821],[-105.388713,28.108913],[-105.388733,28.109094],[-105.388787,28.109466],[-105.388853,28.109816],[-105.388887,28.109937],[-105.388921,28.110037],[-105.387011,28.110038],[-105.385508,28.110054],[-105.384262,28.110034],[-105.383477,28.110026],[-105.383257,28.109978],[-105.382274,28.109446],[-105.382046,28.109313],[-105.382022,28.109084],[-105.382067,28.107518],[-105.382102,28.106888],[-105.382084,28.106512],[-105.383188,28.1066],[-105.384136,28.106687]]]}},{"type":"Feature","properties":{"modulo":2,"idparcela":"968","productor":"RODRIGUEZ PAYAN LUIS","cultivo":null,"superficie_fisica_ha":28.7,"superficie_riego_ha":28.7,"hectareas":29.16},"geometry":{"type":"Polygon","coordinates":[[[-105.37623,28.101017],[-105.374581,28.101012],[-105.372485,28.100994],[-105.371912,28.100995],[-105.371896,28.100125],[-105.371776,28.099187],[-105.371362,28.09825],[-105.370853,28.09686],[-105.370848,28.096678],[-105.371195,28.096616],[-105.372733,28.096603],[-105.373902,28.096615],[-105.374517,28.096602],[-105.374762,28.09656],[-105.375345,28.096112],[-105.376253,28.095565],[-105.376509,28.095419],[-105.376618,28.095412],[-105.376644,28.09563],[-105.376656,28.096066],[-105.376656,28.096198],[-105.376896,28.096248],[-105.377733,28.09646],[-105.378347,28.09662],[-105.378493,28.096678],[-105.378589,28.096726],[-105.378567,28.097008],[-105.378412,28.097405],[-105.378114,28.097709],[-105.377464,28.09819],[-105.376704,28.098647],[-105.376603,28.098722],[-105.376629,28.099704],[-105.376576,28.100796],[-105.376576,28.100998],[-105.37623,28.101017]]]}},{"type":"Feature","properties":{"modulo":2,"idparcela":"935","productor":"TORRES HERMOSILLO SANTIAGO","cultivo":null,"superficie_fisica_ha":22.05,"superficie_riego_ha":22.05,"hectareas":21.202},"geometry":{"type":"Polygon","coordinates":[[[-105.369518,28.096599],[-105.36972,28.096393],[-105.370316,28.095944],[-105.371269,28.093996],[-105.371478,28.093616],[-105.371697,28.093349],[-105.371987,28.093236],[-105.374454,28.092672],[-105.375514,28.092435],[-105.376031,28.092367],[-105.376507,28.092267],[-105.376509,28.092579],[-105.376555,28.09305],[-105.376557,28.093644],[-105.376583,28.094413],[-105.3766,28.095027],[-105.376551,28.095195],[-105.375924,28.095536],[-105.374815,28.09625],[-105.374512,28.09642],[-105.373487,28.096441],[-105.372257,28.096431],[-105.370885,28.096514],[-105.370707,28.096584],[-105.369518,28.096599]]]}},{"type":"Feature","properties":{"modulo":2,"idparcela":"941","productor":"HERMANOS CHAVEROS SPR DE RL DE CV","cultivo":null,"superficie_fisica_ha":9,"superficie_riego_ha":9,"hectareas":8.234},"geometry":{"type":"Polygon","coordinates":[[[-105.371455,28.100993],[-105.37004,28.100987],[-105.36959,28.100977],[-105.369585,28.100804],[-105.369584,28.09925],[-105.369573,28.097305],[-105.369518,28.096599],[-105.370707,28.096584],[-105.370683,28.096645],[-105.370669,28.096864],[-105.371068,28.098019],[-105.371375,28.098758],[-105.371594,28.099299],[-105.3717,28.099856],[-105.371691,28.100966],[-105.371455,28.100993]]]}},{"type":"Feature","properties":{"modulo":2,"idparcela":"940","productor":"MODESTO M. RICARDO","cultivo":null,"superficie_fisica_ha":9.2,"superficie_riego_ha":9.2,"hectareas":8.589},"geometry":{"type":"Polygon","coordinates":[[[-105.369228,28.10102],[-105.36856,28.101029],[-105.367595,28.101011],[-105.367341,28.101015],[-105.367236,28.101017],[-105.367259,28.098149],[-105.367484,28.09802],[-105.368024,28.097627],[-105.368961,28.096966],[-105.369375,28.096662],[-105.369384,28.096762],[-105.369427,28.097191],[-105.369448,28.098457],[-105.369442,28.099417],[-105.369455,28.100622],[-105.369436,28.100885],[-105.369422,28.101011],[-105.369228,28.10102]]]}},{"type":"Feature","properties":{"modulo":2,"idparcela":"************","productor":null,"cultivo":null,"superficie_fisica_ha":null,"superficie_riego_ha":null,"hectareas":0.91},"geometry":{"type":"Polygon","coordinates":[[[-105.363617,28.099603],[-105.363326,28.09986],[-105.363108,28.100049],[-105.362932,28.100132],[-105.362694,28.100123],[-105.362153,28.099911],[-105.361808,28.099799],[-105.362146,28.099647],[-105.362826,28.099514],[-105.363682,28.099259],[-105.363903,28.099189],[-105.36392,28.099281],[-105.363762,28.099468],[-105.363617,28.099603]]]}},{"type":"Feature","properties":{"modulo":2,"idparcela":"938","productor":"AVILA SANTOS EVELIA","cultivo":null,"superficie_fisica_ha":36.15,"superficie_riego_ha":32.9,"hectareas":33.791},"geometry":{"type":"Polygon","coordinates":[[[-105.371723,28.093105],[-105.371575,28.093141],[-105.371271,28.093609],[-105.37053,28.095075],[-105.370142,28.095857],[-105.369595,28.096264],[-105.368736,28.096826],[-105.367859,28.097408],[-105.367514,28.097675],[-105.36728,28.097816],[-105.36713,28.097914],[-105.366873,28.097989],[-105.366747,28.097997],[-105.366736,28.097774],[-105.366805,28.094757],[-105.366831,28.092219],[-105.36677,28.09133],[-105.366772,28.09072],[-105.366784,28.08964],[-105.366882,28.089633],[-105.367228,28.089689],[-105.367771,28.089843],[-105.368259,28.09003],[-105.368522,28.09014],[-105.368839,28.090183],[-105.369062,28.090162],[-105.369263,28.090042],[-105.369498,28.089807],[-105.369698,28.089654],[-105.369977,28.089649],[-105.370294,28.089708],[-105.37059,28.089652],[-105.371055,28.089676],[-105.371485,28.089749],[-105.371652,28.089746],[-105.371704,28.089724],[-105.371713,28.091333],[-105.371723,28.093105]]]}},{"type":"Feature","properties":{"modulo":2,"idparcela":"943","productor":"NAJERA HERNANDEZ FELIPA","cultivo":null,"superficie_fisica_ha":14.2,"superficie_riego_ha":9.04,"hectareas":8.778},"geometry":{"type":"Polygon","coordinates":[[[-105.362888,28.098397],[-105.362632,28.098551],[-105.362122,28.098957],[-105.361939,28.09906],[-105.361884,28.099094],[-105.361753,28.099047],[-105.361785,28.098849],[-105.361837,28.097991],[-105.361814,28.097843],[-105.361905,28.097759],[-105.361972,28.097477],[-105.361916,28.094677],[-105.361956,28.094341],[-105.36241,28.094317],[-105.363276,28.094314],[-105.3639,28.094315],[-105.36392,28.094553],[-105.363987,28.096175],[-105.363979,28.097469],[-105.363946,28.09765],[-105.363817,28.097686],[-105.363614,28.09774],[-105.363483,28.097726],[-105.363351,28.097646],[-105.363202,28.097633],[-105.363132,28.097783],[-105.363098,28.097899],[-105.363139,28.098063],[-105.363086,28.098146],[-105.362888,28.098397]]]}},{"type":"Feature","properties":{"modulo":2,"idparcela":"944","productor":"FUENTES GUTIERREZ ALVARO","cultivo":null,"superficie_fisica_ha":19.85,"superficie_riego_ha":19.85,"hectareas":18.031},"geometry":{"type":"Polygon","coordinates":[[[-105.365315,28.094145],[-105.365301,28.094113],[-105.365152,28.094083],[-105.363983,28.09414],[-105.363363,28.094118],[-105.362333,28.094105],[-105.361781,28.094136],[-105.36176,28.093961],[-105.361778,28.09295],[-105.3618,28.092389],[-105.362105,28.092084],[-105.36244,28.091722],[-105.363032,28.091117],[-105.363413,28.090873],[-105.36369,28.090801],[-105.364028,28.090909],[-105.364196,28.090955],[-105.364503,28.090636],[-105.364875,28.090645],[-105.364999,28.090411],[-105.364956,28.090125],[-105.365174,28.089996],[-105.365484,28.089759],[-105.36592,28.089726],[-105.366153,28.08961],[-105.366522,28.08949],[-105.366624,28.089619],[-105.366623,28.090691],[-105.366654,28.092568],[-105.366615,28.094118],[-105.365315,28.094145]]]}},{"type":"Feature","properties":{"modulo":2,"idparcela":"852","productor":"LICON PEREZ JUAN","cultivo":null,"superficie_fisica_ha":11.15,"superficie_riego_ha":11.15,"hectareas":9.747},"geometry":{"type":"Polygon","coordinates":[[[-105.364607,28.088228],[-105.363842,28.088804],[-105.363042,28.089463],[-105.362699,28.08985],[-105.362585,28.090462],[-105.362669,28.090839],[-105.36258,28.090989],[-105.362269,28.091279],[-105.362075,28.09156],[-105.361842,28.091861],[-105.361695,28.09193],[-105.361683,28.09076],[-105.361671,28.088932],[-105.361675,28.087299],[-105.362073,28.087276],[-105.362499,28.087201],[-105.36283,28.087095],[-105.363068,28.086925],[-105.363321,28.086673],[-105.36356,28.086569],[-105.363835,28.086432],[-105.364354,28.086404],[-105.36486,28.086438],[-105.364746,28.087863],[-105.364607,28.088228]]]}},{"type":"Feature","properties":{"modulo":2,"idparcela":"851","productor":"LICON PEREZ JUAN","cultivo":null,"superficie_fisica_ha":12.45,"superficie_riego_ha":11.65,"hectareas":13.301},"geometry":{"type":"Polygon","coordinates":[[[-105.361675,28.087299],[-105.361677,28.086345],[-105.361661,28.084318],[-105.361686,28.083147],[-105.361816,28.083145],[-105.36241,28.083133],[-105.363804,28.08317],[-105.364528,28.083138],[-105.364931,28.083155],[-105.365235,28.083155],[-105.365156,28.083702],[-105.365038,28.084841],[-105.36486,28.086438],[-105.364354,28.086404],[-105.363835,28.086432],[-105.36356,28.086569],[-105.363321,28.086673],[-105.363068,28.086925],[-105.36283,28.087095],[-105.362499,28.087201],[-105.362073,28.087276],[-105.361675,28.087299]]]}},{"type":"Feature","properties":{"modulo":2,"idparcela":"849","productor":"SALAZAR MU¥OZ ALFREDO","cultivo":null,"superficie_fisica_ha":11.3,"superficie_riego_ha":11.3,"hectareas":10.866},"geometry":{"type":"Polygon","coordinates":[[[-105.367774,28.085048],[-105.367087,28.085771],[-105.366709,28.086207],[-105.36604,28.086929],[-105.365696,28.08725],[-105.36528,28.08767],[-105.364973,28.088023],[-105.364898,28.088008],[-105.364976,28.087797],[-105.365052,28.087477],[-105.365188,28.085629],[-105.365463,28.083366],[-105.365513,28.083134],[-105.366158,28.083126],[-105.367853,28.083116],[-105.368891,28.083095],[-105.369225,28.082991],[-105.369525,28.0831],[-105.368602,28.084042],[-105.368025,28.084713],[-105.367774,28.085048]]]}},{"type":"Feature","properties":{"modulo":2,"idparcela":"************","productor":null,"cultivo":null,"superficie_fisica_ha":null,"superficie_riego_ha":null,"hectareas":0.791},"geometry":{"type":"Polygon","coordinates":[[[-105.370987,28.081488],[-105.370462,28.082009],[-105.370194,28.082394],[-105.369758,28.082782],[-105.369632,28.082949],[-105.369427,28.082921],[-105.369405,28.082773],[-105.370164,28.081999],[-105.37058,28.081562],[-105.371069,28.08109],[-105.371445,28.080642],[-105.371616,28.080684],[-105.371474,28.080934],[-105.371132,28.081336],[-105.370987,28.081488]]]}},{"type":"Feature","properties":{"modulo":2,"idparcela":"848","productor":"ARMENDARIZ N. GABRIEL","cultivo":null,"superficie_fisica_ha":21.2,"superficie_riego_ha":14.61,"hectareas":20.691},"geometry":{"type":"Polygon","coordinates":[[[-105.368535,28.082923],[-105.367049,28.082921],[-105.365936,28.082977],[-105.365496,28.082946],[-105.365504,28.082805],[-105.365565,28.081617],[-105.365612,28.079177],[-105.365641,28.078155],[-105.365655,28.077974],[-105.365764,28.077905],[-105.367794,28.078786],[-105.369489,28.07964],[-105.370542,28.080129],[-105.371314,28.080492],[-105.371227,28.080672],[-105.370232,28.081734],[-105.369688,28.082256],[-105.369127,28.082812],[-105.368907,28.082915],[-105.368535,28.082923]]]}},{"type":"Feature","properties":{"modulo":2,"idparcela":"719","productor":"VALLES N.CARLOS AARON","cultivo":null,"superficie_fisica_ha":14.1,"superficie_riego_ha":14.1,"hectareas":11.166},"geometry":{"type":"Polygon","coordinates":[[[-105.360716,28.08302],[-105.359434,28.082997],[-105.358337,28.082987],[-105.357706,28.083],[-105.35698,28.082949],[-105.356991,28.082669],[-105.357091,28.082282],[-105.357168,28.081982],[-105.357294,28.081492],[-105.357333,28.081473],[-105.357365,28.081355],[-105.357863,28.0812],[-105.358606,28.080775],[-105.359329,28.080428],[-105.360044,28.080175],[-105.360693,28.080005],[-105.361337,28.079992],[-105.361376,28.080567],[-105.361355,28.081869],[-105.361395,28.082676],[-105.361367,28.082985],[-105.361087,28.082995],[-105.360716,28.08302]]]}},{"type":"Feature","properties":{"modulo":2,"idparcela":"853","productor":"CARRASCO CHACON ROBERTO","cultivo":null,"superficie_fisica_ha":30.05,"superficie_riego_ha":28.65,"hectareas":29.675},"geometry":{"type":"Polygon","coordinates":[[[-105.36006,28.080001],[-105.359433,28.080179],[-105.358514,28.080553],[-105.357916,28.080859],[-105.357746,28.080989],[-105.35754,28.081023],[-105.357519,28.080862],[-105.357541,28.080268],[-105.357135,28.079667],[-105.356457,28.078643],[-105.356419,28.077885],[-105.356457,28.075792],[-105.356481,28.075314],[-105.356471,28.074918],[-105.356428,28.073996],[-105.356456,28.07365],[-105.356565,28.073565],[-105.356976,28.073655],[-105.358688,28.07446],[-105.360005,28.075092],[-105.361154,28.075678],[-105.361379,28.075772],[-105.36146,28.076034],[-105.361426,28.077534],[-105.361445,28.078951],[-105.361446,28.079692],[-105.361412,28.079808],[-105.361375,28.079842],[-105.361115,28.079848],[-105.360503,28.07986],[-105.36006,28.080001]]]}},{"type":"Feature","properties":{"modulo":2,"idparcela":"************","productor":null,"cultivo":null,"superficie_fisica_ha":null,"superficie_riego_ha":null,"hectareas":2.876},"geometry":{"type":"Polygon","coordinates":[[[-105.357168,28.081982],[-105.357091,28.082282],[-105.356735,28.082303],[-105.356397,28.082535],[-105.3564,28.082442],[-105.356405,28.082285],[-105.356403,28.081799],[-105.356358,28.080095],[-105.356242,28.078724],[-105.356242,28.078692],[-105.356967,28.079637],[-105.357348,28.080485],[-105.357382,28.081293],[-105.357333,28.081473],[-105.357294,28.081492],[-105.357168,28.081982]]]}},{"type":"Feature","properties":{"modulo":2,"idparcela":"926","productor":"CARDENAS RODRIGUEZ ALONSO","cultivo":null,"superficie_fisica_ha":15,"superficie_riego_ha":15,"hectareas":15.233},"geometry":{"type":"Polygon","coordinates":[[[-105.370404,28.087935],[-105.370399,28.087941],[-105.369472,28.088886],[-105.369106,28.089287],[-105.368733,28.089436],[-105.368383,28.089488],[-105.367976,28.089281],[-105.367648,28.089229],[-105.366995,28.089227],[-105.366252,28.089222],[-105.365811,28.089408],[-105.36549,28.089382],[-105.365073,28.089431],[-105.364788,28.089667],[-105.36423,28.090046],[-105.363773,28.090344],[-105.363378,28.090453],[-105.363059,28.090544],[-105.36294,28.090444],[-105.36291,28.090177],[-105.363084,28.089741],[-105.363858,28.089148],[-105.364402,28.088663],[-105.364788,28.088325],[-105.365495,28.087816],[-105.365698,28.087585],[-105.36581,28.087478],[-105.36622,28.087121],[-105.366739,28.086554],[-105.367282,28.086028],[-105.367415,28.085851],[-105.367769,28.085977],[-105.368291,28.086313],[-105.368671,28.08672],[-105.368912,28.087045],[-105.369807,28.08752],[-105.370404,28.087935]]]}},{"type":"Feature","properties":{"modulo":2,"idparcela":"924","productor":"CHAVEZ N. OSCAR","cultivo":null,"superficie_fisica_ha":16.9,"superficie_riego_ha":16.3,"hectareas":13.3},"geometry":{"type":"Polygon","coordinates":[[[-105.372096,28.0862],[-105.37197,28.085889],[-105.371568,28.08563],[-105.371302,28.085224],[-105.371146,28.084609],[-105.371113,28.084239],[-105.37108,28.083848],[-105.370748,28.083587],[-105.370275,28.083268],[-105.369818,28.08306],[-105.370325,28.082546],[-105.370937,28.081977],[-105.371478,28.081348],[-105.371813,28.080902],[-105.372262,28.081125],[-105.37325,28.081599],[-105.373415,28.081719],[-105.37349,28.081924],[-105.373727,28.082083],[-105.373894,28.082245],[-105.373901,28.082512],[-105.373652,28.082765],[-105.373519,28.083015],[-105.373595,28.08324],[-105.373881,28.083522],[-105.374097,28.083765],[-105.374354,28.083821],[-105.374378,28.083882],[-105.374085,28.084218],[-105.373339,28.084975],[-105.372096,28.0862]]]}},{"type":"Feature","properties":{"modulo":2,"idparcela":"927","productor":"MEDRANO RODRIGUEZ MANUEL OCTAVIO","cultivo":null,"superficie_fisica_ha":11.9,"superficie_riego_ha":11.9,"hectareas":12.079},"geometry":{"type":"Polygon","coordinates":[[[-105.375304,28.087881],[-105.375752,28.088005],[-105.375328,28.088167],[-105.375027,28.088174],[-105.374728,28.088303],[-105.374413,28.088701],[-105.374144,28.089057],[-105.37387,28.089228],[-105.373201,28.089406],[-105.372807,28.089435],[-105.372246,28.089282],[-105.371666,28.089335],[-105.37092,28.089227],[-105.370549,28.089235],[-105.370435,28.089299],[-105.370204,28.089345],[-105.369923,28.089289],[-105.369739,28.089334],[-105.369523,28.089249],[-105.369437,28.089132],[-105.36973,28.088814],[-105.370798,28.087738],[-105.371573,28.087001],[-105.372654,28.08595],[-105.375304,28.087881]]]}},{"type":"Feature","properties":{"modulo":2,"idparcela":"922","productor":"TERRAZAS BAEZA ARMANDO","cultivo":null,"superficie_fisica_ha":15.8,"superficie_riego_ha":12.65,"hectareas":12.474},"geometry":{"type":"Polygon","coordinates":[[[-105.376816,28.084093],[-105.377295,28.084017],[-105.377669,28.084473],[-105.377652,28.0847],[-105.377479,28.085198],[-105.377954,28.085579],[-105.378372,28.085591],[-105.379124,28.085753],[-105.379719,28.085583],[-105.380313,28.085221],[-105.381347,28.085693],[-105.382358,28.086146],[-105.383348,28.086681],[-105.384063,28.087052],[-105.38387,28.087103],[-105.383088,28.087387],[-105.382487,28.087503],[-105.381977,28.087534],[-105.381139,28.087469],[-105.380368,28.0873],[-105.379997,28.087308],[-105.379413,28.087196],[-105.378573,28.087049],[-105.378013,28.086937],[-105.37757,28.086885],[-105.377438,28.087135],[-105.377145,28.08747],[-105.376836,28.08756],[-105.376816,28.084093]]]}},{"type":"Feature","properties":{"modulo":2,"idparcela":"923","productor":"CARDENAS RODRIGUEZ ALONSO","cultivo":null,"superficie_fisica_ha":12.85,"superficie_riego_ha":12.05,"hectareas":12.525},"geometry":{"type":"Polygon","coordinates":[[[-105.376771,28.087635],[-105.376551,28.087853],[-105.376369,28.088001],[-105.375858,28.087991],[-105.375752,28.088005],[-105.375304,28.087881],[-105.372654,28.08595],[-105.373099,28.085536],[-105.37425,28.084276],[-105.37461,28.083836],[-105.374942,28.084097],[-105.37513,28.084196],[-105.375735,28.084225],[-105.376336,28.08413],[-105.37673,28.084101],[-105.376816,28.084093],[-105.376836,28.08756],[-105.376771,28.087635]]]}},{"type":"Feature","properties":{"modulo":2,"idparcela":"934","productor":"TORRES HERMOSILLO SANTIAGO","cultivo":null,"superficie_fisica_ha":23.05,"superficie_riego_ha":23.05,"hectareas":23.039},"geometry":{"type":"Polygon","coordinates":[[[-105.381273,28.096592],[-105.379058,28.096555],[-105.378547,28.096545],[-105.377237,28.096201],[-105.376822,28.09606],[-105.376759,28.094811],[-105.376772,28.092261],[-105.377086,28.09225],[-105.378752,28.092214],[-105.380544,28.092178],[-105.381735,28.092202],[-105.381757,28.092358],[-105.381762,28.092988],[-105.381742,28.094418],[-105.381764,28.095678],[-105.381746,28.096313],[-105.381738,28.096588],[-105.381273,28.096592]]]}},{"type":"Feature","properties":{"modulo":2,"idparcela":"933","productor":"ESPARZA TERRAZAS LUIS IGNACIO","cultivo":null,"superficie_fisica_ha":24.15,"superficie_riego_ha":24.15,"hectareas":23.769},"geometry":{"type":"Polygon","coordinates":[[[-105.381865,28.091984],[-105.380697,28.091976],[-105.378917,28.091991],[-105.377427,28.091975],[-105.376917,28.092006],[-105.376863,28.091719],[-105.376927,28.089782],[-105.376935,28.08834],[-105.37709,28.088028],[-105.377154,28.08782],[-105.377539,28.087462],[-105.377697,28.087294],[-105.378091,28.087245],[-105.378443,28.087381],[-105.378695,28.087366],[-105.379065,28.087413],[-105.379446,28.087566],[-105.379808,28.087615],[-105.380167,28.087592],[-105.380514,28.087544],[-105.380913,28.0877],[-105.381215,28.087694],[-105.381543,28.08779],[-105.381767,28.087868],[-105.381891,28.087887],[-105.381865,28.091984]]]}},{"type":"Feature","properties":{"modulo":2,"idparcela":"962","productor":"ESPARZA PORTILLO VICTOR MANUEL","cultivo":null,"superficie_fisica_ha":20.75,"superficie_riego_ha":15.1,"hectareas":25.879},"geometry":{"type":"Polygon","coordinates":[[[-105.398976,28.1047],[-105.397622,28.104799],[-105.396629,28.104765],[-105.396244,28.104747],[-105.395513,28.104561],[-105.395006,28.104325],[-105.39459,28.104048],[-105.393719,28.103754],[-105.392344,28.103316],[-105.391466,28.10295],[-105.390571,28.102789],[-105.390819,28.101919],[-105.39091,28.101138],[-105.391759,28.101157],[-105.39335,28.101135],[-105.395609,28.101088],[-105.396909,28.101051],[-105.398042,28.10196],[-105.398957,28.102572],[-105.399594,28.103191],[-105.399669,28.103684],[-105.399624,28.104345],[-105.399533,28.104612],[-105.398976,28.1047]]]}},{"type":"Feature","properties":{"modulo":2,"idparcela":"963","productor":"ESPARZA PORTILLO VICTOR MANUEL","cultivo":null,"superficie_fisica_ha":13,"superficie_riego_ha":13,"hectareas":9.791},"geometry":{"type":"Polygon","coordinates":[[[-105.390571,28.102789],[-105.390096,28.102704],[-105.388883,28.102564],[-105.387729,28.102286],[-105.38515,28.102038],[-105.383689,28.101876],[-105.382848,28.101728],[-105.382381,28.101628],[-105.382621,28.101348],[-105.382967,28.101124],[-105.385108,28.101126],[-105.388616,28.10112],[-105.39091,28.101138],[-105.390819,28.101919],[-105.390571,28.102789]]]}},{"type":"Feature","properties":{"modulo":2,"idparcela":"965","productor":"TORRES VALENZUELA FRANCISCO","cultivo":null,"superficie_fisica_ha":18.56,"superficie_riego_ha":18.56,"hectareas":18.095},"geometry":{"type":"Polygon","coordinates":[[[-105.386227,28.099404],[-105.385463,28.099832],[-105.384758,28.100122],[-105.383776,28.100472],[-105.38307,28.100734],[-105.38255,28.100993],[-105.382053,28.100975],[-105.382033,28.100206],[-105.382048,28.098548],[-105.382168,28.09828],[-105.382159,28.09795],[-105.382031,28.097815],[-105.381979,28.097019],[-105.381988,28.09675],[-105.382173,28.096742],[-105.383273,28.096745],[-105.384852,28.096772],[-105.386279,28.096709],[-105.386884,28.09671],[-105.386945,28.097357],[-105.386909,28.098446],[-105.3869,28.099088],[-105.386441,28.09929],[-105.386227,28.099404]]]}},{"type":"Feature","properties":{"modulo":2,"idparcela":"947","productor":"CHAVERO MONTES GERONIMO","cultivo":null,"superficie_fisica_ha":12.75,"superficie_riego_ha":12.75,"hectareas":9.538},"geometry":{"type":"Polygon","coordinates":[[[-105.374857,28.104026],[-105.374481,28.104129],[-105.373903,28.104214],[-105.373065,28.104178],[-105.372159,28.104205],[-105.37188,28.104219],[-105.371884,28.103194],[-105.371879,28.101484],[-105.371925,28.101242],[-105.373692,28.10126],[-105.374838,28.101321],[-105.374965,28.101313],[-105.374857,28.104026]]]}},{"type":"Feature","properties":{"modulo":2,"idparcela":"************","productor":null,"cultivo":null,"superficie_fisica_ha":null,"superficie_riego_ha":null,"hectareas":64.767},"geometry":{"type":"Polygon","coordinates":[[[-105.395473,28.100942],[-105.394031,28.100935],[-105.387226,28.098977],[-105.387195,28.098678],[-105.387147,28.097901],[-105.387111,28.095373],[-105.387062,28.09246],[-105.387117,28.092102],[-105.388513,28.091001],[-105.388696,28.090887],[-105.390124,28.092121],[-105.391522,28.093411],[-105.393106,28.094697],[-105.395711,28.097089],[-105.396994,28.098187],[-105.396798,28.09833],[-105.396379,28.098889],[-105.396245,28.099661],[-105.396387,28.100345],[-105.396564,28.100609],[-105.39699,28.100882],[-105.395473,28.100942]]]}},{"type":"Feature","properties":{"modulo":2,"idparcela":"************","productor":null,"cultivo":null,"superficie_fisica_ha":null,"superficie_riego_ha":null,"hectareas":10.699},"geometry":{"type":"Polygon","coordinates":[[[-105.394031,28.100935],[-105.392249,28.100927],[-105.389892,28.100969],[-105.387213,28.100977],[-105.385524,28.100958],[-105.383082,28.101007],[-105.383539,28.100797],[-105.385354,28.100272],[-105.386085,28.099902],[-105.386967,28.099408],[-105.387179,28.09928],[-105.387239,28.099025],[-105.387226,28.098977],[-105.394031,28.100935]]]}},{"type":"Feature","properties":{"modulo":2,"idparcela":"916","productor":"CHAVEZ PONCE PALEMON","cultivo":null,"superficie_fisica_ha":7.4,"superficie_riego_ha":7.4,"hectareas":5.648},"geometry":{"type":"Polygon","coordinates":[[[-105.397719,28.096455],[-105.39746,28.09704],[-105.397122,28.097375],[-105.396583,28.096919],[-105.394736,28.095378],[-105.393306,28.09414],[-105.392766,28.09367],[-105.393025,28.093623],[-105.393254,28.093646],[-105.393453,28.093756],[-105.394584,28.094336],[-105.395996,28.094994],[-105.39697,28.095468],[-105.397362,28.095751],[-105.39759,28.096018],[-105.397745,28.096224],[-105.397719,28.096455]]]}},{"type":"Feature","properties":{"modulo":2,"idparcela":"929","productor":"ARMANDARIZ URQUIDE JESUS","cultivo":null,"superficie_fisica_ha":16.05,"superficie_riego_ha":12.2,"hectareas":12.474},"geometry":{"type":"Polygon","coordinates":[[[-105.386237,28.087864],[-105.386029,28.08773],[-105.38546,28.087279],[-105.385927,28.086987],[-105.386878,28.08661],[-105.387424,28.086186],[-105.388395,28.085396],[-105.389127,28.084806],[-105.390408,28.0842],[-105.392576,28.083285],[-105.392742,28.083322],[-105.392584,28.083605],[-105.392203,28.084001],[-105.391817,28.084209],[-105.391796,28.084544],[-105.391686,28.084934],[-105.391631,28.085162],[-105.391487,28.085392],[-105.391282,28.085583],[-105.391074,28.085721],[-105.390916,28.085783],[-105.391083,28.086055],[-105.391398,28.08646],[-105.391517,28.086523],[-105.386237,28.087864]]]}},{"type":"Feature","properties":{"modulo":2,"idparcela":"928","productor":"CHAVARRIA N. ALFONSO","cultivo":null,"superficie_fisica_ha":19.05,"superficie_riego_ha":11.75,"hectareas":22.25},"geometry":{"type":"Polygon","coordinates":[[[-105.391731,28.090796],[-105.39147,28.091461],[-105.39108,28.091964],[-105.390936,28.092178],[-105.389089,28.090494],[-105.386994,28.088641],[-105.386237,28.087864],[-105.391517,28.086523],[-105.391708,28.086454],[-105.392048,28.086419],[-105.392386,28.086302],[-105.392665,28.086296],[-105.392789,28.086294],[-105.392922,28.086671],[-105.392665,28.08665],[-105.392553,28.086766],[-105.392718,28.086916],[-105.392868,28.086952],[-105.392904,28.087143],[-105.392794,28.087668],[-105.392521,28.089048],[-105.392382,28.089655],[-105.392136,28.089715],[-105.391971,28.090488],[-105.391731,28.090796]]]}},{"type":"Feature","properties":{"modulo":2,"idparcela":"921","productor":"ESPARZA TERRAZAS LAURA CRISTINA","cultivo":null,"superficie_fisica_ha":29.6,"superficie_riego_ha":25.85,"hectareas":34.214},"geometry":{"type":"Polygon","coordinates":[[[-105.390331,28.083853],[-105.389434,28.084316],[-105.388848,28.084549],[-105.388257,28.085152],[-105.387611,28.085794],[-105.386872,28.08633],[-105.386368,28.086635],[-105.385712,28.086902],[-105.385076,28.087098],[-105.384702,28.086854],[-105.383659,28.086184],[-105.382865,28.08576],[-105.382285,28.085491],[-105.382178,28.085413],[-105.38261,28.084669],[-105.382812,28.084345],[-105.38333,28.083986],[-105.384307,28.083365],[-105.385047,28.082855],[-105.385979,28.08166],[-105.386211,28.081321],[-105.386885,28.081721],[-105.387506,28.081868],[-105.388757,28.081882],[-105.389282,28.081791],[-105.390077,28.081681],[-105.390873,28.08157],[-105.391971,28.081521],[-105.392802,28.08161],[-105.393322,28.081893],[-105.393632,28.082221],[-105.39376,28.082499],[-105.393628,28.082648],[-105.393209,28.082751],[-105.392356,28.082969],[-105.390932,28.083591],[-105.390331,28.083853]]]}},{"type":"Feature","properties":{"modulo":2,"idparcela":"920","productor":"KENDEL RAMIREZ JORGE","cultivo":null,"superficie_fisica_ha":55.55,"superficie_riego_ha":53.75,"hectareas":53.283},"geometry":{"type":"Polygon","coordinates":[[[-105.384452,28.082831],[-105.383673,28.083395],[-105.382865,28.084012],[-105.38249,28.084281],[-105.382116,28.084914],[-105.381859,28.084894],[-105.380148,28.083989],[-105.380009,28.083915],[-105.379279,28.083534],[-105.379144,28.083464],[-105.378759,28.083394],[-105.377506,28.082715],[-105.377018,28.082595],[-105.376754,28.082574],[-105.375873,28.082175],[-105.374966,28.081739],[-105.374713,28.081607],[-105.374629,28.081475],[-105.374697,28.081104],[-105.374388,28.080536],[-105.374145,28.080254],[-105.373852,28.080286],[-105.373336,28.080793],[-105.373072,28.080825],[-105.372297,28.080449],[-105.372116,28.080297],[-105.372454,28.079742],[-105.372826,28.079342],[-105.374031,28.078678],[-105.374228,28.078506],[-105.379526,28.078532],[-105.382773,28.078517],[-105.382713,28.078907],[-105.383104,28.079702],[-105.383805,28.080626],[-105.384881,28.081256],[-105.385524,28.081696],[-105.384987,28.082443],[-105.384778,28.082595],[-105.384452,28.082831]]]}},{"type":"Feature","properties":{"modulo":2,"idparcela":"919","productor":"MAYNEZ DEL REAL JUAN FRANCISCO","cultivo":null,"superficie_fisica_ha":20.24,"superficie_riego_ha":19.57,"hectareas":14.912},"geometry":{"type":"Polygon","coordinates":[[[-105.379526,28.078532],[-105.378976,28.077152],[-105.378877,28.076737],[-105.378957,28.076422],[-105.379621,28.075965],[-105.38011,28.075537],[-105.380394,28.075166],[-105.380489,28.074303],[-105.382595,28.073739],[-105.382602,28.074102],[-105.382721,28.07637],[-105.382773,28.078517],[-105.379526,28.078532]]]}},{"type":"Feature","properties":{"modulo":2,"idparcela":"918","productor":"MAYNEZ DEL REAL JUAN FRANCISCO","cultivo":null,"superficie_fisica_ha":22.96,"superficie_riego_ha":20.14,"hectareas":28.296},"geometry":{"type":"Polygon","coordinates":[[[-105.382595,28.073739],[-105.380489,28.074303],[-105.380394,28.075166],[-105.38011,28.075537],[-105.379621,28.075965],[-105.378957,28.076422],[-105.378877,28.076737],[-105.378976,28.077152],[-105.379526,28.078532],[-105.374228,28.078506],[-105.375704,28.077844],[-105.376476,28.077179],[-105.376485,28.076396],[-105.376955,28.074959],[-105.377272,28.074427],[-105.377389,28.073898],[-105.377788,28.073394],[-105.378455,28.07304],[-105.379121,28.072635],[-105.379583,28.072171],[-105.380219,28.071908],[-105.381046,28.070899],[-105.381465,28.070081],[-105.381632,28.069712],[-105.382167,28.06991],[-105.382537,28.070554],[-105.382595,28.073739]]]}},{"type":"Feature","properties":{"modulo":2,"idparcela":"************","productor":null,"cultivo":null,"superficie_fisica_ha":null,"superficie_riego_ha":null,"hectareas":17.436},"geometry":{"type":"Polygon","coordinates":[[[-105.376817,28.07451],[-105.376624,28.07501],[-105.37638,28.075798],[-105.376214,28.076166],[-105.376169,28.076689],[-105.376064,28.077161],[-105.375381,28.077725],[-105.374589,28.078131],[-105.373518,28.078806],[-105.372845,28.079092],[-105.372391,28.079586],[-105.371992,28.080038],[-105.371813,28.079964],[-105.371718,28.076365],[-105.371702,28.075765],[-105.372304,28.076274],[-105.372735,28.0759],[-105.373218,28.075237],[-105.373449,28.075076],[-105.37398,28.075143],[-105.374683,28.075024],[-105.374946,28.07494],[-105.375149,28.074832],[-105.375364,28.074071],[-105.375596,28.073961],[-105.376799,28.073936],[-105.376773,28.073963],[-105.376817,28.07451]]]}},{"type":"Feature","properties":{"modulo":2,"idparcela":"858","productor":"MAGALLANES NU¥EZ LEOPOLDO","cultivo":null,"superficie_fisica_ha":16.0313,"superficie_riego_ha":10.0613,"hectareas":29.755},"geometry":{"type":"Polygon","coordinates":[[[-105.371702,28.075765],[-105.371698,28.075634],[-105.371748,28.075268],[-105.371755,28.074637],[-105.371753,28.07409],[-105.371734,28.07365],[-105.371683,28.071721],[-105.371609,28.071174],[-105.372155,28.070667],[-105.372329,28.070559],[-105.373019,28.071066],[-105.37379,28.071311],[-105.374763,28.071395],[-105.375438,28.071407],[-105.376098,28.071267],[-105.376984,28.070827],[-105.377307,28.07082],[-105.377548,28.071024],[-105.377759,28.071202],[-105.377963,28.071146],[-105.37816,28.070802],[-105.378094,28.070517],[-105.378477,28.070535],[-105.379011,28.070706],[-105.379244,28.070623],[-105.37953,28.07033],[-105.380227,28.069976],[-105.380691,28.069732],[-105.380855,28.069259],[-105.381024,28.068968],[-105.381288,28.068937],[-105.381441,28.069168],[-105.381332,28.06951],[-105.380802,28.070591],[-105.38032,28.071279],[-105.379976,28.0716],[-105.379367,28.071951],[-105.379113,28.072348],[-105.378242,28.072784],[-105.377346,28.073377],[-105.376799,28.073936],[-105.375596,28.073961],[-105.375364,28.074071],[-105.375149,28.074832],[-105.374946,28.07494],[-105.374683,28.075024],[-105.37398,28.075143],[-105.373449,28.075076],[-105.373218,28.075237],[-105.372735,28.0759],[-105.372304,28.076274],[-105.371702,28.075765]]]}},{"type":"Feature","properties":{"modulo":2,"idparcela":"712","productor":"VALLES N.CARLOS AARON","cultivo":null,"superficie_fisica_ha":15.45,"superficie_riego_ha":11.1,"hectareas":17.504},"geometry":{"type":"Polygon","coordinates":[[[-105.369272,28.066716],[-105.368587,28.068132],[-105.367987,28.06926],[-105.366923,28.07195],[-105.3663,28.073605],[-105.363967,28.069186],[-105.364719,28.068708],[-105.366043,28.067611],[-105.366582,28.067219],[-105.366899,28.067117],[-105.367253,28.067078],[-105.367828,28.06726],[-105.368063,28.067229],[-105.368118,28.067072],[-105.367876,28.066855],[-105.367823,28.066657],[-105.368046,28.066568],[-105.368517,28.066453],[-105.368779,28.06651],[-105.369272,28.066716]]]}},{"type":"Feature","properties":{"modulo":2,"idparcela":"711","productor":"SALAZAR SERRATOS RAUL NICOLAS","cultivo":null,"superficie_fisica_ha":26.3,"superficie_riego_ha":26.3,"hectareas":27.768},"geometry":{"type":"Polygon","coordinates":[[[-105.366252,28.074016],[-105.365849,28.074907],[-105.36568,28.075257],[-105.365762,28.076097],[-105.365827,28.077199],[-105.364931,28.076715],[-105.362459,28.075566],[-105.361593,28.075114],[-105.361623,28.072896],[-105.361674,28.069843],[-105.361769,28.069526],[-105.362201,28.069612],[-105.362688,28.069644],[-105.363054,28.069615],[-105.363617,28.069362],[-105.363967,28.069186],[-105.3663,28.073605],[-105.366267,28.073843],[-105.366252,28.074016]]]}},{"type":"Feature","properties":{"modulo":2,"idparcela":"857","productor":"RIVERA CORONADO DIZAN ALBERTO","cultivo":null,"superficie_fisica_ha":27.6,"superficie_riego_ha":27.08,"hectareas":29.809},"geometry":{"type":"Polygon","coordinates":[[[-105.371487,28.074094],[-105.37085,28.073994],[-105.366252,28.074016],[-105.366267,28.073843],[-105.3663,28.073605],[-105.366923,28.07195],[-105.367987,28.06926],[-105.368587,28.068132],[-105.369272,28.066716],[-105.369313,28.066681],[-105.369639,28.066753],[-105.370363,28.067276],[-105.370755,28.067762],[-105.370941,28.068135],[-105.371216,28.068521],[-105.371508,28.068462],[-105.371749,28.068666],[-105.372061,28.069338],[-105.372522,28.070085],[-105.372002,28.070435],[-105.37184,28.069891],[-105.371606,28.069922],[-105.371582,28.070131],[-105.371648,28.070417],[-105.371685,28.070677],[-105.371335,28.070814],[-105.371372,28.071101],[-105.371436,28.071282],[-105.371445,28.071621],[-105.371457,28.073187],[-105.371487,28.074094]]]}},{"type":"Feature","properties":{"modulo":2,"idparcela":"859","productor":"MORALES CASTRO CRISTINA","cultivo":null,"superficie_fisica_ha":8.243,"superficie_riego_ha":8.243,"hectareas":28.089},"geometry":{"type":"Polygon","coordinates":[[[-105.366252,28.074016],[-105.37085,28.073994],[-105.371487,28.074094],[-105.371564,28.07771],[-105.371616,28.079185],[-105.371606,28.079916],[-105.371147,28.079853],[-105.370676,28.079537],[-105.370824,28.079281],[-105.370827,28.078945],[-105.370504,28.078846],[-105.370315,28.078861],[-105.370131,28.079064],[-105.36992,28.079163],[-105.369583,28.079071],[-105.368152,28.07837],[-105.365827,28.077199],[-105.365762,28.076097],[-105.36568,28.075257],[-105.365849,28.074907],[-105.366252,28.074016]]]}},{"type":"Feature","properties":{"modulo":2,"idparcela":"************","productor":null,"cultivo":null,"superficie_fisica_ha":null,"superficie_riego_ha":null,"hectareas":51.27},"geometry":{"type":"Polygon","coordinates":[[[-105.3514,28.064921],[-105.353474,28.063984],[-105.354588,28.06356],[-105.354539,28.062591],[-105.356476,28.062085],[-105.356916,28.061945],[-105.357043,28.062109],[-105.357026,28.063675],[-105.357333,28.064165],[-105.358714,28.066354],[-105.35963,28.067614],[-105.360394,28.068694],[-105.361026,28.069229],[-105.36144,28.069324],[-105.361359,28.069587],[-105.361314,28.069663],[-105.360441,28.069705],[-105.360148,28.069795],[-105.359341,28.070046],[-105.35794,28.070441],[-105.35718,28.07065],[-105.35646,28.070106],[-105.355763,28.069338],[-105.354751,28.068889],[-105.353629,28.068756],[-105.352961,28.069057],[-105.351969,28.069391],[-105.351375,28.069494],[-105.351384,28.067263],[-105.3514,28.064921]]]}},{"type":"Feature","properties":{"modulo":2,"idparcela":"************","productor":null,"cultivo":null,"superficie_fisica_ha":null,"superficie_riego_ha":null,"hectareas":1.371},"geometry":{"type":"Polygon","coordinates":[[[-105.340145,28.144734],[-105.341763,28.145],[-105.341789,28.145102],[-105.341821,28.145701],[-105.340185,28.145601],[-105.34018,28.145137],[-105.340172,28.145014],[-105.340159,28.144887],[-105.340145,28.144734]]]}},{"type":"Feature","properties":{"modulo":2,"idparcela":"1231","productor":"AMPARAN GUERRERO RAQUEL","cultivo":null,"superficie_fisica_ha":11.72,"superficie_riego_ha":11.72,"hectareas":11.765},"geometry":{"type":"Polygon","coordinates":[[[-105.343524,28.137752],[-105.342055,28.137661],[-105.341232,28.137609],[-105.340088,28.137589],[-105.340036,28.136828],[-105.340053,28.135672],[-105.340111,28.135013],[-105.340596,28.134876],[-105.340953,28.135011],[-105.342736,28.135474],[-105.343289,28.135532],[-105.344308,28.135629],[-105.3448,28.135646],[-105.345144,28.135674],[-105.345485,28.135722],[-105.345402,28.135889],[-105.345247,28.136092],[-105.344982,28.136426],[-105.344612,28.136777],[-105.344276,28.137111],[-105.344074,28.137386],[-105.343738,28.137713],[-105.343524,28.137752]]]}},{"type":"Feature","properties":{"modulo":2,"idparcela":"1241","productor":"RAMIREZ ORNELAS LORENZO","cultivo":null,"superficie_fisica_ha":2.96,"superficie_riego_ha":2.96,"hectareas":1.296},"geometry":{"type":"Polygon","coordinates":[[[-105.33864,28.138266],[-105.338585,28.138202],[-105.338585,28.138045],[-105.338621,28.137923],[-105.338914,28.137934],[-105.339,28.137913],[-105.339045,28.137823],[-105.339012,28.137728],[-105.338887,28.137639],[-105.338742,28.137553],[-105.338695,28.137339],[-105.338937,28.137315],[-105.339305,28.137294],[-105.33967,28.137319],[-105.339845,28.137334],[-105.339978,28.138242],[-105.340011,28.138424],[-105.33864,28.138266]]]}},{"type":"Feature","properties":{"modulo":2,"idparcela":"1242","productor":"GOMEZ DOMINGUEZ LUIS RAUL","cultivo":null,"superficie_fisica_ha":6.276,"superficie_riego_ha":3.888,"hectareas":3.624},"geometry":{"type":"Polygon","coordinates":[[[-105.340458,28.140806],[-105.339436,28.140663],[-105.339172,28.14064],[-105.339091,28.140245],[-105.339032,28.139723],[-105.338832,28.139023],[-105.338653,28.138355],[-105.33864,28.138266],[-105.340011,28.138424],[-105.340259,28.139266],[-105.340616,28.140386],[-105.34071,28.140774],[-105.340675,28.140825],[-105.340458,28.140806]]]}},{"type":"Feature","properties":{"modulo":2,"idparcela":"1240","productor":"FLORES CARRASCO LINO","cultivo":null,"superficie_fisica_ha":0.992,"superficie_riego_ha":0.992,"hectareas":1.115},"geometry":{"type":"Polygon","coordinates":[[[-105.339606,28.137039],[-105.339154,28.137014],[-105.339123,28.137206],[-105.338977,28.137209],[-105.33879,28.137213],[-105.33862,28.137216],[-105.338842,28.136653],[-105.338911,28.136323],[-105.338986,28.13599],[-105.339296,28.136018],[-105.339782,28.136049],[-105.339787,28.136111],[-105.339779,28.136271],[-105.33979,28.136716],[-105.33981,28.137049],[-105.339606,28.137039]]]}},{"type":"Feature","properties":{"modulo":2,"idparcela":"1239","productor":"CALDERON ANDAVAZO FEDERICO","cultivo":null,"superficie_fisica_ha":0.416,"superficie_riego_ha":0.416,"hectareas":0.806},"geometry":{"type":"Polygon","coordinates":[[[-105.339801,28.135958],[-105.339468,28.13593],[-105.339031,28.135892],[-105.339005,28.135806],[-105.33905,28.135661],[-105.339137,28.135264],[-105.339291,28.135136],[-105.339281,28.134901],[-105.339468,28.13489],[-105.339866,28.134911],[-105.339894,28.13502],[-105.339833,28.135818],[-105.339801,28.135958]]]}},{"type":"Feature","properties":{"modulo":2,"idparcela":"1205","productor":"JIMENEZ CUETO AMADO","cultivo":null,"superficie_fisica_ha":2.15,"superficie_riego_ha":2.15,"hectareas":1.951},"geometry":{"type":"Polygon","coordinates":[[[-105.339031,28.121537],[-105.338719,28.121578],[-105.338548,28.121737],[-105.338471,28.121808],[-105.338178,28.121814],[-105.337909,28.121769],[-105.33794,28.121165],[-105.337949,28.120955],[-105.337997,28.120848],[-105.338173,28.120203],[-105.338271,28.120131],[-105.338938,28.120002],[-105.339158,28.12],[-105.339141,28.120495],[-105.3391,28.121189],[-105.339031,28.121537]]]}},{"type":"Feature","properties":{"modulo":2,"idparcela":"1035","productor":"CARRILLO JIMENEZ JUAN ANTONIO","cultivo":null,"superficie_fisica_ha":5,"superficie_riego_ha":5,"hectareas":5.006},"geometry":{"type":"Polygon","coordinates":[[[-105.337864,28.11728],[-105.337633,28.117441],[-105.337601,28.117684],[-105.337764,28.117941],[-105.337867,28.118129],[-105.337896,28.118493],[-105.337907,28.118943],[-105.337892,28.119082],[-105.3377,28.119225],[-105.337522,28.119142],[-105.336385,28.118281],[-105.335826,28.117859],[-105.335692,28.117696],[-105.335685,28.11744],[-105.335717,28.11706],[-105.335718,28.116878],[-105.335843,28.116801],[-105.336276,28.116546],[-105.336903,28.11623],[-105.337084,28.116142],[-105.337289,28.116252],[-105.337701,28.116296],[-105.337938,28.116377],[-105.337957,28.117105],[-105.337864,28.11728]]]}},{"type":"Feature","properties":{"modulo":2,"idparcela":"1036","productor":"JIMENEZ CUETO AMADO","cultivo":null,"superficie_fisica_ha":2.34,"superficie_riego_ha":2.34,"hectareas":2.203},"geometry":{"type":"Polygon","coordinates":[[[-105.339176,28.11961],[-105.339147,28.119815],[-105.338844,28.119853],[-105.338398,28.119927],[-105.338229,28.12],[-105.338199,28.119736],[-105.338101,28.119578],[-105.338095,28.11939],[-105.338131,28.118505],[-105.338123,28.118228],[-105.338257,28.118121],[-105.338699,28.117904],[-105.338913,28.117778],[-105.33894,28.118055],[-105.339098,28.118139],[-105.339176,28.118137],[-105.339257,28.118229],[-105.339237,28.11895],[-105.339176,28.11961]]]}},{"type":"Feature","properties":{"modulo":2,"idparcela":"1034","productor":"VELARDE SANCHEZ MIGUEL","cultivo":null,"superficie_fisica_ha":6.17,"superficie_riego_ha":6.17,"hectareas":3.16},"geometry":{"type":"Polygon","coordinates":[[[-105.339747,28.116028],[-105.339011,28.116286],[-105.33811,28.116642],[-105.338089,28.116184],[-105.338099,28.115547],[-105.3384,28.115363],[-105.338764,28.115095],[-105.339015,28.114951],[-105.339344,28.114858],[-105.339598,28.114853],[-105.339948,28.114759],[-105.340293,28.114492],[-105.340424,28.114298],[-105.340516,28.114071],[-105.340633,28.114051],[-105.340714,28.114154],[-105.340739,28.114378],[-105.340593,28.11478],[-105.340143,28.115483],[-105.339958,28.115902],[-105.339747,28.116028]]]}},{"type":"Feature","properties":{"modulo":2,"idparcela":"1033","productor":"MOLINA N. JORGE","cultivo":null,"superficie_fisica_ha":5.008,"superficie_riego_ha":5.008,"hectareas":5.536},"geometry":{"type":"Polygon","coordinates":[[[-105.339367,28.113471],[-105.338697,28.113329],[-105.338203,28.113079],[-105.33808,28.113],[-105.338075,28.112803],[-105.338098,28.111862],[-105.338062,28.111315],[-105.338109,28.110967],[-105.338362,28.110615],[-105.338849,28.110629],[-105.339553,28.110677],[-105.339802,28.110706],[-105.339783,28.111452],[-105.339853,28.111901],[-105.340058,28.112243],[-105.340262,28.112569],[-105.340323,28.112689],[-105.340288,28.112828],[-105.340034,28.112833],[-105.339745,28.11288],[-105.339742,28.11319],[-105.339858,28.113291],[-105.34009,28.113328],[-105.3405,28.113393],[-105.340548,28.113649],[-105.340537,28.113891],[-105.340211,28.113627],[-105.339857,28.113547],[-105.339367,28.113471]]]}},{"type":"Feature","properties":{"modulo":2,"idparcela":"1031","productor":"CUETO FLORES EVANGLNA-GDLP","cultivo":null,"superficie_fisica_ha":2.65,"superficie_riego_ha":1.44,"hectareas":1.936},"geometry":{"type":"Polygon","coordinates":[[[-105.339676,28.110536],[-105.339093,28.110501],[-105.338428,28.110482],[-105.33853,28.110101],[-105.338766,28.109688],[-105.338825,28.109368],[-105.338803,28.108941],[-105.339232,28.108603],[-105.339454,28.108509],[-105.339611,28.108914],[-105.339701,28.109778],[-105.339759,28.110285],[-105.339776,28.110523],[-105.339676,28.110536]]]}},{"type":"Feature","properties":{"modulo":2,"idparcela":"901","productor":"HINOJOS VILLA JOSE","cultivo":null,"superficie_fisica_ha":2.56,"superficie_riego_ha":2.56,"hectareas":2.78},"geometry":{"type":"Polygon","coordinates":[[[-105.332745,28.107861],[-105.331703,28.107524],[-105.33143,28.10741],[-105.331167,28.107303],[-105.330729,28.107172],[-105.330169,28.106849],[-105.329924,28.10668],[-105.331375,28.105809],[-105.331575,28.106073],[-105.332272,28.106965],[-105.332713,28.107493],[-105.33297,28.107876],[-105.332993,28.107925],[-105.332937,28.107927],[-105.332745,28.107861]]]}},{"type":"Feature","properties":{"modulo":2,"idparcela":"900","productor":"FERNANDEZ JIMENEZ JESUS","cultivo":null,"superficie_fisica_ha":3.392,"superficie_riego_ha":3.392,"hectareas":3.434},"geometry":{"type":"Polygon","coordinates":[[[-105.329924,28.10668],[-105.329678,28.10651],[-105.329154,28.106222],[-105.328618,28.105507],[-105.329525,28.10496],[-105.329899,28.104684],[-105.330236,28.104697],[-105.330566,28.104859],[-105.330924,28.10521],[-105.331375,28.105809],[-105.329924,28.10668]]]}},{"type":"Feature","properties":{"modulo":2,"idparcela":"896","productor":"NATIVIDAD NIETO MARIA ELENA","cultivo":null,"superficie_fisica_ha":4.872,"superficie_riego_ha":2.5279,"hectareas":2.436},"geometry":{"type":"Polygon","coordinates":[[[-105.329136,28.102977],[-105.327786,28.103313],[-105.32763,28.103336],[-105.327435,28.102773],[-105.327062,28.101377],[-105.32786,28.101423],[-105.328671,28.102369],[-105.329088,28.102868],[-105.329136,28.102977]]]}},{"type":"Feature","properties":{"modulo":2,"idparcela":"890","productor":"MU¥OZ FLORES RAUL","cultivo":null,"superficie_fisica_ha":1.98,"superficie_riego_ha":1.98,"hectareas":1.82},"geometry":{"type":"Polygon","coordinates":[[[-105.324208,28.096908],[-105.32369,28.096853],[-105.323393,28.096816],[-105.323167,28.096311],[-105.322817,28.095802],[-105.322561,28.095436],[-105.32228,28.095003],[-105.322325,28.094993],[-105.322551,28.095038],[-105.323172,28.095174],[-105.323467,28.095308],[-105.323631,28.095563],[-105.323972,28.096153],[-105.324289,28.096675],[-105.324413,28.096911],[-105.324208,28.096908]]]}},{"type":"Feature","properties":{"modulo":2,"idparcela":"889","productor":"PARCELA ESCOLAR EL INDIO","cultivo":null,"superficie_fisica_ha":1.5,"superficie_riego_ha":1.5,"hectareas":2.526},"geometry":{"type":"Polygon","coordinates":[[[-105.323317,28.095141],[-105.322504,28.094969],[-105.322227,28.094904],[-105.321961,28.094458],[-105.321494,28.093675],[-105.321363,28.093399],[-105.321256,28.093207],[-105.32113,28.092637],[-105.321296,28.092544],[-105.321562,28.092429],[-105.321809,28.092434],[-105.321934,28.092472],[-105.322047,28.092529],[-105.322244,28.092734],[-105.322638,28.093662],[-105.322494,28.093725],[-105.322441,28.093825],[-105.322444,28.093945],[-105.322494,28.094153],[-105.322619,28.094801],[-105.323145,28.094834],[-105.323305,28.094991],[-105.323399,28.095156],[-105.323317,28.095141]]]}},{"type":"Feature","properties":{"modulo":2,"idparcela":"884","productor":"RODRIGUEZ GUERRERO URBANO","cultivo":null,"superficie_fisica_ha":0.912,"superficie_riego_ha":0.912,"hectareas":1.288},"geometry":{"type":"Polygon","coordinates":[[[-105.317269,28.083518],[-105.31562,28.083782],[-105.315486,28.083629],[-105.31508,28.083325],[-105.314794,28.082978],[-105.317037,28.083146],[-105.317269,28.083518]]]}},{"type":"Feature","properties":{"modulo":2,"idparcela":"882","productor":"BURCIAGA RODRIGUEZ JESUS","cultivo":null,"superficie_fisica_ha":0.496,"superficie_riego_ha":0.496,"hectareas":1.763},"geometry":{"type":"Polygon","coordinates":[[[-105.314392,28.079325],[-105.313458,28.079173],[-105.312886,28.079029],[-105.312663,28.078968],[-105.312585,28.078493],[-105.312612,28.078319],[-105.312664,28.078159],[-105.314275,28.078445],[-105.314428,28.078702],[-105.314744,28.079365],[-105.314392,28.079325]]]}},{"type":"Feature","properties":{"modulo":2,"idparcela":"************","productor":null,"cultivo":null,"superficie_fisica_ha":null,"superficie_riego_ha":null,"hectareas":5.255},"geometry":{"type":"Polygon","coordinates":[[[-105.312021,28.074196],[-105.312082,28.073492],[-105.312169,28.073134],[-105.312257,28.072824],[-105.312234,28.072586],[-105.312282,28.072414],[-105.312305,28.072007],[-105.312318,28.071855],[-105.312393,28.071693],[-105.312501,28.0715],[-105.312586,28.071393],[-105.312693,28.071254],[-105.312775,28.071144],[-105.312852,28.071044],[-105.313041,28.070776],[-105.31312,28.070855],[-105.313445,28.071165],[-105.313592,28.071319],[-105.314044,28.071862],[-105.313888,28.071884],[-105.313793,28.071936],[-105.31373,28.072105],[-105.313886,28.073377],[-105.313838,28.074202],[-105.312021,28.074196]]]}},{"type":"Feature","properties":{"modulo":2,"idparcela":"904","productor":"FELIX N. FRANCISCO","cultivo":null,"superficie_fisica_ha":5.376,"superficie_riego_ha":5.376,"hectareas":6.589},"geometry":{"type":"Polygon","coordinates":[[[-105.312664,28.078159],[-105.312774,28.077818],[-105.312745,28.077383],[-105.312393,28.076675],[-105.312133,28.076104],[-105.311988,28.074583],[-105.312021,28.074196],[-105.313838,28.074202],[-105.313801,28.074826],[-105.31374,28.076523],[-105.313691,28.077333],[-105.31397,28.077934],[-105.314275,28.078445],[-105.312664,28.078159]]]}},{"type":"Feature","properties":{"modulo":2,"idparcela":"628","productor":"FUENTES ALVARADO PRICILIANO","cultivo":null,"superficie_fisica_ha":9.7715,"superficie_riego_ha":7.7115,"hectareas":9.949},"geometry":{"type":"Polygon","coordinates":[[[-105.307416,28.024356],[-105.307424,28.024507],[-105.3074,28.024357],[-105.307416,28.024356]],[[-105.309463,28.021318],[-105.309849,28.021224],[-105.310309,28.021151],[-105.310547,28.021175],[-105.310536,28.02193],[-105.310505,28.023402],[-105.310426,28.024053],[-105.310343,28.024263],[-105.308194,28.024327],[-105.307416,28.024356],[-105.307416,28.024347],[-105.307301,28.021942],[-105.307354,28.021701],[-105.307608,28.021611],[-105.307906,28.021556],[-105.308247,28.021536],[-105.308741,28.021403],[-105.309463,28.021318]]]}},{"type":"Feature","properties":{"modulo":2,"idparcela":"636","productor":"ALARCON MADRID ALEJO","cultivo":null,"superficie_fisica_ha":15.05,"superficie_riego_ha":11.88,"hectareas":2.829},"geometry":{"type":"Polygon","coordinates":[[[-105.303184,28.026265],[-105.303142,28.026516],[-105.303138,28.026852],[-105.30316,28.027242],[-105.301968,28.02733],[-105.301238,28.02762],[-105.301185,28.027801],[-105.301184,28.027794],[-105.300709,28.027459],[-105.300595,28.027461],[-105.300794,28.026992],[-105.301117,28.02671],[-105.301088,28.026331],[-105.301377,28.026239],[-105.30229,28.026238],[-105.303184,28.026265]]]}},{"type":"Feature","properties":{"modulo":2,"idparcela":"582","productor":"MARQUEZ URANGA DONATO","cultivo":null,"superficie_fisica_ha":19.15,"superficie_riego_ha":14.3,"hectareas":16.123},"geometry":{"type":"Polygon","coordinates":[[[-105.31841,28.022633],[-105.317373,28.023068],[-105.316802,28.023511],[-105.316404,28.023898],[-105.315869,28.024236],[-105.31578,28.024282],[-105.315757,28.022082],[-105.315756,28.022066],[-105.315756,28.022057],[-105.315756,28.022039],[-105.315721,28.018768],[-105.315785,28.018758],[-105.315974,28.018565],[-105.316123,28.018321],[-105.316618,28.017931],[-105.317113,28.017577],[-105.317364,28.017503],[-105.317836,28.018475],[-105.318419,28.01998],[-105.319019,28.021397],[-105.319207,28.021893],[-105.319214,28.022186],[-105.319218,28.022341],[-105.319104,28.022447],[-105.318932,28.022519],[-105.318622,28.02256],[-105.31841,28.022633]]]}},{"type":"Feature","properties":{"modulo":2,"idparcela":"************","productor":null,"cultivo":null,"superficie_fisica_ha":null,"superficie_riego_ha":null,"hectareas":3.987},"geometry":{"type":"Polygon","coordinates":[[[-105.325957,28.014455],[-105.325843,28.014737],[-105.325553,28.014786],[-105.325364,28.015005],[-105.325326,28.015415],[-105.325237,28.015697],[-105.324979,28.016047],[-105.32484,28.01633],[-105.324573,28.016292],[-105.324352,28.016211],[-105.324635,28.015903],[-105.324938,28.015402],[-105.324924,28.014885],[-105.324418,28.014111],[-105.323871,28.013593],[-105.323327,28.013216],[-105.32366,28.012951],[-105.324036,28.012469],[-105.32418,28.012402],[-105.324727,28.012908],[-105.325325,28.01352],[-105.325598,28.01373],[-105.325847,28.013961],[-105.32595,28.014196],[-105.325957,28.014455]]]}},{"type":"Feature","properties":{"modulo":2,"idparcela":"************","productor":null,"cultivo":null,"superficie_fisica_ha":null,"superficie_riego_ha":null,"hectareas":4.616},"geometry":{"type":"Polygon","coordinates":[[[-105.333762,28.030277],[-105.333645,28.030238],[-105.333467,28.030167],[-105.332451,28.029706],[-105.331611,28.029347],[-105.331646,28.028748],[-105.331638,28.028446],[-105.331464,28.028299],[-105.331222,28.028325],[-105.331077,28.028328],[-105.331014,28.027791],[-105.331002,28.027339],[-105.332032,28.027727],[-105.333262,28.028348],[-105.333731,28.028661],[-105.333863,28.029046],[-105.333778,28.029501],[-105.333776,28.029611],[-105.333749,28.029592],[-105.333714,28.029881],[-105.333738,28.030268],[-105.333762,28.030277]]]}},{"type":"Feature","properties":{"modulo":2,"idparcela":"581","productor":"MADRID CHAVEZ ARMIDA","cultivo":null,"superficie_fisica_ha":12.97,"superficie_riego_ha":8.25,"hectareas":8.38},"geometry":{"type":"Polygon","coordinates":[[[-105.315757,28.022082],[-105.315722,28.022038],[-105.315756,28.022039],[-105.315757,28.022082]],[[-105.31578,28.024282],[-105.315448,28.024452],[-105.314832,28.024671],[-105.314448,28.024851],[-105.314004,28.024947],[-105.313851,28.025019],[-105.3138,28.025313],[-105.313672,28.025608],[-105.313425,28.025532],[-105.313063,28.025427],[-105.313017,28.022103],[-105.313095,28.022105],[-105.313775,28.022091],[-105.313907,28.022088],[-105.314066,28.022085],[-105.315757,28.022082],[-105.31578,28.024282]]]}},{"type":"Feature","properties":{"modulo":2,"idparcela":"579","productor":"TERRAZAS N JUAN","cultivo":null,"superficie_fisica_ha":10,"superficie_riego_ha":10,"hectareas":9.155},"geometry":{"type":"Polygon","coordinates":[[[-105.315722,28.022038],[-105.315757,28.022082],[-105.314066,28.022085],[-105.313907,28.022088],[-105.313847,28.021883],[-105.313264,28.02186],[-105.311769,28.021891],[-105.311031,28.021889],[-105.310835,28.021824],[-105.310767,28.021429],[-105.310934,28.021115],[-105.31124,28.020971],[-105.311974,28.020818],[-105.312613,28.020719],[-105.313022,28.020762],[-105.313252,28.020671],[-105.313843,28.020246],[-105.314069,28.019983],[-105.314392,28.0197],[-105.314602,28.019558],[-105.31487,28.019415],[-105.315057,28.019135],[-105.315148,28.018909],[-105.315514,28.018798],[-105.315721,28.018768],[-105.315756,28.022039],[-105.315722,28.022038]]]}},{"type":"Feature","properties":{"modulo":2,"idparcela":"572","productor":"CHACON VDA. HDEZ PETRA","cultivo":null,"superficie_fisica_ha":8.05,"superficie_riego_ha":8.05,"hectareas":8.345},"geometry":{"type":"Polygon","coordinates":[[[-105.321044,28.045322],[-105.321062,28.04308],[-105.321059,28.042434],[-105.323286,28.042419],[-105.32397,28.044814],[-105.324116,28.045342],[-105.321044,28.045322]]]}},{"type":"Feature","properties":{"modulo":2,"idparcela":"573","productor":"RODRIGUEZ CHAVEZ CARLOS IVAN","cultivo":null,"superficie_fisica_ha":10.2,"superficie_riego_ha":10.2,"hectareas":11.554},"geometry":{"type":"Polygon","coordinates":[[[-105.324054,28.048047],[-105.323226,28.04952],[-105.322523,28.050505],[-105.321642,28.051696],[-105.321036,28.052469],[-105.321107,28.050701],[-105.320964,28.050445],[-105.321053,28.047003],[-105.324566,28.046959],[-105.324573,28.046985],[-105.324054,28.048047]]]}},{"type":"Feature","properties":{"modulo":2,"idparcela":"671","productor":"CERNA N. RUBEN","cultivo":null,"superficie_fisica_ha":10,"superficie_riego_ha":10,"hectareas":9.773},"geometry":{"type":"Polygon","coordinates":[[[-105.340871,28.053626],[-105.340889,28.055681],[-105.340484,28.055812],[-105.339501,28.055826],[-105.338525,28.05582],[-105.33741,28.055837],[-105.337036,28.056006],[-105.33679,28.056089],[-105.336777,28.053652],[-105.340871,28.053626]]]}},{"type":"Feature","properties":{"modulo":2,"idparcela":"670","productor":"VAZQUEZ JAQUEZ ARACELY","cultivo":null,"superficie_fisica_ha":10.75,"superficie_riego_ha":10,"hectareas":10.807},"geometry":{"type":"Polygon","coordinates":[[[-105.33679,28.056089],[-105.336392,28.056465],[-105.335915,28.056889],[-105.33525,28.057096],[-105.334423,28.056394],[-105.33377,28.055649],[-105.333195,28.054756],[-105.33275,28.053656],[-105.333181,28.053637],[-105.336777,28.053652],[-105.33679,28.056089]]]}},{"type":"Feature","properties":{"modulo":2,"idparcela":"607","productor":"BALDERRAMA OLIVAS MANUEL","cultivo":null,"superficie_fisica_ha":18.8,"superficie_riego_ha":16,"hectareas":7.919},"geometry":{"type":"Polygon","coordinates":[[[-105.314804,28.046677],[-105.314548,28.046705],[-105.314075,28.046714],[-105.313282,28.046776],[-105.310839,28.04678],[-105.310744,28.046564],[-105.310719,28.04561],[-105.310721,28.044744],[-105.313869,28.044722],[-105.314237,28.045577],[-105.314804,28.046677]]]}},{"type":"Feature","properties":{"modulo":2,"idparcela":"574","productor":"GOMEZ ROMERO RUBEN","cultivo":null,"superficie_fisica_ha":10.59,"superficie_riego_ha":9.62,"hectareas":10.633},"geometry":{"type":"Polygon","coordinates":[[[-105.315764,28.049066],[-105.315752,28.047813],[-105.31586,28.047672],[-105.316327,28.047523],[-105.316836,28.047294],[-105.317423,28.046954],[-105.320827,28.046966],[-105.320823,28.047192],[-105.320772,28.049021],[-105.315764,28.049066]]]}},{"type":"Feature","properties":{"modulo":2,"idparcela":"782","productor":"ESPARZA TERRAZAS ANA MARIA","cultivo":null,"superficie_fisica_ha":12.4,"superficie_riego_ha":12.4,"hectareas":12.011},"geometry":{"type":"Polygon","coordinates":[[[-105.326072,28.074213],[-105.3293,28.074184],[-105.330801,28.07422],[-105.330886,28.074595],[-105.330809,28.076436],[-105.330905,28.076521],[-105.326021,28.076495],[-105.326072,28.074213]]]}},{"type":"Feature","properties":{"modulo":2,"idparcela":"783","productor":"ARMENDARIZ RODRIGUEZ VICTOR MANUEL","cultivo":null,"superficie_fisica_ha":11,"superficie_riego_ha":11,"hectareas":11.201},"geometry":{"type":"Polygon","coordinates":[[[-105.330905,28.076521],[-105.330887,28.076671],[-105.330908,28.078665],[-105.329967,28.078648],[-105.327966,28.078601],[-105.325975,28.078576],[-105.326021,28.076495],[-105.330905,28.076521]]]}},{"type":"Feature","properties":{"modulo":2,"idparcela":"917","productor":"FERNANDEZ CASAS RAMON","cultivo":null,"superficie_fisica_ha":7.4,"superficie_riego_ha":6,"hectareas":7},"geometry":{"type":"Polygon","coordinates":[[[-105.34615,28.073005],[-105.345424,28.073161],[-105.344975,28.073179],[-105.344597,28.073121],[-105.344244,28.073016],[-105.343792,28.072715],[-105.343465,28.072356],[-105.342856,28.072143],[-105.34257,28.072149],[-105.341502,28.072622],[-105.341323,28.072905],[-105.341252,28.073136],[-105.341216,28.07277],[-105.341207,28.072434],[-105.34134,28.072248],[-105.341296,28.072058],[-105.341652,28.071967],[-105.341857,28.071917],[-105.341528,28.071526],[-105.341308,28.071363],[-105.341342,28.071231],[-105.341606,28.071211],[-105.342474,28.071335],[-105.344249,28.07157],[-105.345542,28.071769],[-105.34605,28.071782],[-105.346821,28.071787],[-105.346758,28.07195],[-105.3467,28.072176],[-105.346828,28.072202],[-105.346988,28.07217],[-105.347118,28.072189],[-105.347028,28.072376],[-105.346793,28.072696],[-105.34659,28.072798],[-105.34615,28.073005]]]}},{"type":"Feature","properties":{"modulo":2,"idparcela":"717","productor":"CHAVERO MONTES GERONIMO","cultivo":null,"superficie_fisica_ha":36.65,"superficie_riego_ha":35.75,"hectareas":34.375},"geometry":{"type":"Polygon","coordinates":[[[-105.346547,28.078515],[-105.346511,28.078437],[-105.34627,28.078143],[-105.346286,28.076786],[-105.346274,28.073382],[-105.346506,28.073308],[-105.346888,28.073047],[-105.346989,28.072917],[-105.347016,28.072732],[-105.347109,28.07256],[-105.347404,28.071971],[-105.34766,28.071835],[-105.349867,28.0718],[-105.351003,28.071758],[-105.351236,28.07179],[-105.351238,28.072182],[-105.351265,28.078366],[-105.346547,28.078515]]]}},{"type":"Feature","properties":{"modulo":2,"idparcela":"766","productor":"SALAS SOTO FRANCISCO ALFREDO","cultivo":null,"superficie_fisica_ha":21.55,"superficie_riego_ha":21.25,"hectareas":21.541},"geometry":{"type":"Polygon","coordinates":[[[-105.350778,28.082926],[-105.349665,28.082972],[-105.348108,28.082935],[-105.347097,28.082979],[-105.346957,28.082945],[-105.346761,28.08202],[-105.346733,28.081486],[-105.346833,28.080799],[-105.34704,28.079806],[-105.347134,28.079436],[-105.346734,28.07903],[-105.346598,28.07878],[-105.346594,28.078619],[-105.346547,28.078515],[-105.351265,28.078366],[-105.351263,28.07965],[-105.351242,28.081812],[-105.351237,28.082594],[-105.35122,28.082911],[-105.350778,28.082926]]]}},{"type":"Feature","properties":{"modulo":2,"idparcela":"925","productor":"ESTRADA MORA MARCOS","cultivo":null,"superficie_fisica_ha":8.45,"superficie_riego_ha":8.45,"hectareas":12.511},"geometry":{"type":"Polygon","coordinates":[[[-105.369818,28.08306],[-105.370275,28.083268],[-105.370748,28.083587],[-105.37108,28.083848],[-105.371113,28.084239],[-105.371146,28.084609],[-105.371302,28.085224],[-105.371568,28.08563],[-105.37197,28.085889],[-105.372096,28.0862],[-105.371823,28.086469],[-105.370465,28.087826],[-105.369978,28.087472],[-105.369591,28.087226],[-105.369204,28.087037],[-105.369009,28.086872],[-105.368616,28.08643],[-105.36829,28.086098],[-105.367504,28.085732],[-105.36791,28.085191],[-105.368315,28.084688],[-105.368969,28.083954],[-105.369579,28.083303],[-105.369818,28.08306]]]}},{"type":"Feature","properties":{"modulo":2,"idparcela":"830","productor":"RUBALCAVA BRAVO MARTIN","cultivo":null,"superficie_fisica_ha":9.75,"superficie_riego_ha":9.7,"hectareas":10.4},"geometry":{"type":"Polygon","coordinates":[[[-105.351267,28.097099],[-105.351294,28.097143],[-105.351398,28.098773],[-105.351279,28.098902],[-105.351077,28.099015],[-105.350959,28.099199],[-105.351006,28.099397],[-105.351153,28.099576],[-105.351319,28.099663],[-105.351465,28.099751],[-105.351488,28.100657],[-105.351401,28.101202],[-105.351263,28.101423],[-105.350979,28.101501],[-105.350819,28.101613],[-105.350721,28.101796],[-105.350522,28.101982],[-105.349937,28.102302],[-105.349673,28.102362],[-105.349505,28.102411],[-105.349505,28.102227],[-105.349506,28.101459],[-105.349519,28.100407],[-105.349481,28.098958],[-105.349465,28.09836],[-105.349417,28.098089],[-105.34937,28.098097],[-105.349431,28.096589],[-105.349808,28.096612],[-105.351267,28.097099]]]}},{"type":"Feature","properties":{"modulo":2,"idparcela":"829","productor":"PE¥A VALLES ALFREDO","cultivo":null,"superficie_fisica_ha":10.85,"superficie_riego_ha":9.05,"hectareas":10.711},"geometry":{"type":"Polygon","coordinates":[[[-105.34937,28.098097],[-105.349295,28.098109],[-105.34926,28.098328],[-105.349313,28.098798],[-105.349294,28.099632],[-105.349292,28.099769],[-105.348869,28.099768],[-105.348153,28.099747],[-105.347458,28.099761],[-105.346305,28.099821],[-105.346284,28.098679],[-105.346292,28.096649],[-105.346327,28.096446],[-105.346328,28.096467],[-105.346678,28.096532],[-105.347352,28.096536],[-105.348497,28.096531],[-105.349431,28.096589],[-105.34937,28.098097]]]}},{"type":"Feature","properties":{"modulo":2,"idparcela":"************","productor":null,"cultivo":null,"superficie_fisica_ha":null,"superficie_riego_ha":null,"hectareas":2.59},"geometry":{"type":"Polygon","coordinates":[[[-105.361488,28.094033],[-105.360431,28.094584],[-105.360199,28.094684],[-105.360059,28.094677],[-105.360142,28.094515],[-105.360185,28.094261],[-105.359998,28.094061],[-105.359771,28.093935],[-105.359724,28.093814],[-105.359699,28.093698],[-105.359835,28.093457],[-105.360024,28.093366],[-105.360732,28.092997],[-105.360935,28.092803],[-105.361059,28.092533],[-105.361269,28.092393],[-105.361402,28.092259],[-105.361498,28.092359],[-105.361535,28.092598],[-105.361488,28.094033]]]}},{"type":"Feature","properties":{"modulo":2,"idparcela":"1039","productor":"HIDALGO HERNANDEZ JORGE LUIS","cultivo":null,"superficie_fisica_ha":4.35,"superficie_riego_ha":4.35,"hectareas":3.435},"geometry":{"type":"Polygon","coordinates":[[[-105.35881,28.111467],[-105.358803,28.111205],[-105.358781,28.110397],[-105.358784,28.110213],[-105.359001,28.110214],[-105.359672,28.110205],[-105.360448,28.110199],[-105.36102,28.110192],[-105.36147,28.110193],[-105.361477,28.110447],[-105.361489,28.110574],[-105.361481,28.111293],[-105.35881,28.111467]]]}},{"type":"Feature","properties":{"modulo":2,"idparcela":"1040","productor":"HERNANDEZ CANTERO HERMENEGILDO","cultivo":null,"superficie_fisica_ha":4.27,"superficie_riego_ha":4.27,"hectareas":4.834},"geometry":{"type":"Polygon","coordinates":[[[-105.358853,28.113102],[-105.35881,28.111467],[-105.361481,28.111293],[-105.361469,28.112473],[-105.361466,28.113033],[-105.358853,28.113102]]]}},{"type":"Feature","properties":{"modulo":2,"idparcela":"1165","productor":"GUDI¥O MENDOZA RAFAEL","cultivo":null,"superficie_fisica_ha":4.7755,"superficie_riego_ha":4.7755,"hectareas":4.663},"geometry":{"type":"Polygon","coordinates":[[[-105.355561,28.125598],[-105.355335,28.125747],[-105.355246,28.125806],[-105.355211,28.125922],[-105.355149,28.126098],[-105.35523,28.126676],[-105.355322,28.127079],[-105.355414,28.127306],[-105.354001,28.127335],[-105.354005,28.127295],[-105.353976,28.126575],[-105.353907,28.124895],[-105.353917,28.124894],[-105.353901,28.124766],[-105.353893,28.124568],[-105.355966,28.12448],[-105.355897,28.124722],[-105.355936,28.124953],[-105.355847,28.125288],[-105.355561,28.125598]]]}},{"type":"Feature","properties":{"modulo":2,"idparcela":"1139","productor":"TORRES CAMARILLO FERNANDO","cultivo":null,"superficie_fisica_ha":4.5883,"superficie_riego_ha":3.22,"hectareas":2.723},"geometry":{"type":"Polygon","coordinates":[[[-105.353856,28.128975],[-105.353802,28.12838],[-105.353879,28.127863],[-105.354001,28.127335],[-105.355414,28.127306],[-105.355427,28.127338],[-105.3555,28.127626],[-105.355594,28.128102],[-105.355648,28.128308],[-105.355703,28.12841],[-105.355397,28.128576],[-105.354926,28.128781],[-105.354537,28.128891],[-105.354359,28.128952],[-105.354154,28.128969],[-105.353856,28.128975]]]}},{"type":"Feature","properties":{"modulo":2,"idparcela":"1146","productor":"MOLINA MONTANEZ RAMON","cultivo":null,"superficie_fisica_ha":4.496,"superficie_riego_ha":4.496,"hectareas":4.824},"geometry":{"type":"Polygon","coordinates":[[[-105.343072,28.12661],[-105.343034,28.126512],[-105.342916,28.126515],[-105.34282,28.126523],[-105.342748,28.126597],[-105.34269,28.126631],[-105.342599,28.126637],[-105.342481,28.125251],[-105.343026,28.125245],[-105.343461,28.125233],[-105.345622,28.125173],[-105.345646,28.125365],[-105.345885,28.126134],[-105.345853,28.126565],[-105.344949,28.126584],[-105.343072,28.12661]]]}},{"type":"Feature","properties":{"modulo":2,"idparcela":"1144","productor":"MELENDEZ SOTO RAMON","cultivo":null,"superficie_fisica_ha":4.24,"superficie_riego_ha":4.24,"hectareas":5.877},"geometry":{"type":"Polygon","coordinates":[[[-105.341517,28.12805],[-105.341201,28.128048],[-105.340133,28.128051],[-105.339631,28.128061],[-105.339223,28.128056],[-105.339212,28.127896],[-105.339239,28.125468],[-105.339246,28.125385],[-105.339317,28.125351],[-105.339338,28.12535],[-105.340975,28.125272],[-105.34104,28.126891],[-105.341429,28.126883],[-105.341517,28.12805]]]}},{"type":"Feature","properties":{"modulo":2,"idparcela":"1139","productor":"TORRES CAMARILLO FERNANDO","cultivo":null,"superficie_fisica_ha":4.5883,"superficie_riego_ha":3.22,"hectareas":1.496},"geometry":{"type":"Polygon","coordinates":[[[-105.350633,28.128],[-105.349875,28.127974],[-105.349884,28.127684],[-105.349784,28.1276],[-105.349522,28.12759],[-105.349485,28.127625],[-105.349433,28.126714],[-105.350483,28.126727],[-105.350724,28.126776],[-105.350633,28.128]]]}},{"type":"Feature","properties":{"modulo":2,"idparcela":"1148","productor":"TARANGO HERNANDEZ VICENTE","cultivo":null,"superficie_fisica_ha":3.952,"superficie_riego_ha":3.952,"hectareas":4.662},"geometry":{"type":"Polygon","coordinates":[[[-105.349485,28.127625],[-105.349494,28.127844],[-105.349498,28.127989],[-105.349153,28.127996],[-105.348798,28.128011],[-105.348684,28.127999],[-105.348681,28.127883],[-105.348662,28.127782],[-105.348529,28.127712],[-105.348382,28.127701],[-105.348271,28.127819],[-105.348191,28.127893],[-105.348063,28.127983],[-105.347607,28.128021],[-105.346598,28.128025],[-105.346039,28.128024],[-105.345843,28.128024],[-105.345839,28.127869],[-105.34592,28.127231],[-105.345993,28.126828],[-105.347238,28.126762],[-105.348829,28.126761],[-105.349433,28.126714],[-105.349485,28.127625]]]}},{"type":"Feature","properties":{"modulo":2,"idparcela":"1201","productor":"VALDEZ MUELA RAMON","cultivo":null,"superficie_fisica_ha":0.2354,"superficie_riego_ha":0.2354,"hectareas":0.36},"geometry":{"type":"Polygon","coordinates":[[[-105.350724,28.126776],[-105.350737,28.126595],[-105.350737,28.126595],[-105.350741,28.126266],[-105.351242,28.126188],[-105.351237,28.126976],[-105.351228,28.127043],[-105.350972,28.126851],[-105.350724,28.126776]]]}},{"type":"Feature","properties":{"modulo":2,"idparcela":"1200","productor":"GUDI¥O MENDOZA RAFAEL","cultivo":null,"superficie_fisica_ha":0.4735,"superficie_riego_ha":0.464,"hectareas":0.477},"geometry":{"type":"Polygon","coordinates":[[[-105.350741,28.126266],[-105.350747,28.125726],[-105.350728,28.125348],[-105.351244,28.125355],[-105.351246,28.125456],[-105.351242,28.126188],[-105.350741,28.126266]]]}},{"type":"Feature","properties":{"modulo":2,"idparcela":"1199","productor":"MOLINA VILLESCAS ESPIRIDON","cultivo":null,"superficie_fisica_ha":0.461,"superficie_riego_ha":0.461,"hectareas":0.527},"geometry":{"type":"Polygon","coordinates":[[[-105.350682,28.124445],[-105.351231,28.124433],[-105.351244,28.125355],[-105.350728,28.125348],[-105.350682,28.124445]]]}},{"type":"Feature","properties":{"modulo":2,"idparcela":"1223","productor":"DELMAR DEL NORTE DE DELICIAS, SPR DE RL","cultivo":null,"superficie_fisica_ha":6.95,"superficie_riego_ha":6.95,"hectareas":6.946},"geometry":{"type":"Polygon","coordinates":[[[-105.349944,28.146812],[-105.350142,28.146607],[-105.35094,28.145566],[-105.351047,28.145421],[-105.351274,28.145462],[-105.351585,28.145387],[-105.352425,28.144928],[-105.353491,28.144375],[-105.354286,28.144002],[-105.354474,28.143921],[-105.354649,28.143835],[-105.354599,28.144055],[-105.354511,28.144327],[-105.35435,28.14484],[-105.354164,28.145259],[-105.353821,28.145722],[-105.353567,28.145982],[-105.353341,28.14631],[-105.35314,28.14656],[-105.353118,28.146866],[-105.349944,28.146812]]]}},{"type":"Feature","properties":{"modulo":2,"idparcela":"1224","productor":"RAMOS HERNANDEZ MARTHA","cultivo":null,"superficie_fisica_ha":6.95,"superficie_riego_ha":6.95,"hectareas":7.245},"geometry":{"type":"Polygon","coordinates":[[[-105.353092,28.148437],[-105.352599,28.148649],[-105.352087,28.148727],[-105.350982,28.148735],[-105.350052,28.148679],[-105.349611,28.148591],[-105.349509,28.148548],[-105.349445,28.148434],[-105.349491,28.148205],[-105.34958,28.147617],[-105.349543,28.147276],[-105.349618,28.147079],[-105.349944,28.146812],[-105.353118,28.146866],[-105.353083,28.147053],[-105.35311,28.147391],[-105.353171,28.147613],[-105.353347,28.147862],[-105.353391,28.148214],[-105.353317,28.148335],[-105.353092,28.148437]]]}},{"type":"Feature","properties":{"modulo":2,"idparcela":"970","productor":"ROMERO N. RENE","cultivo":null,"superficie_fisica_ha":10,"superficie_riego_ha":8.78,"hectareas":8.151},"geometry":{"type":"Polygon","coordinates":[[[-105.371281,28.104225],[-105.370561,28.104246],[-105.369774,28.104276],[-105.368889,28.104318],[-105.368884,28.104142],[-105.36889,28.103469],[-105.370127,28.103472],[-105.371151,28.103441],[-105.371327,28.103401],[-105.371336,28.103345],[-105.371293,28.10329],[-105.371188,28.103264],[-105.369902,28.103263],[-105.368862,28.103302],[-105.368857,28.102837],[-105.368894,28.101792],[-105.368885,28.101226],[-105.369216,28.101219],[-105.369758,28.101219],[-105.369966,28.101337],[-105.37053,28.101475],[-105.370962,28.101535],[-105.371457,28.101505],[-105.371657,28.1015],[-105.371663,28.101621],[-105.371675,28.102919],[-105.371642,28.103399],[-105.371613,28.103706],[-105.371596,28.104209],[-105.371281,28.104225]]]}},{"type":"Feature","properties":{"modulo":2,"idparcela":"999","productor":"HINOJOS VILLA JOSE OSCAR","cultivo":null,"superficie_fisica_ha":7.85,"superficie_riego_ha":7.85,"hectareas":8.89},"geometry":{"type":"Polygon","coordinates":[[[-105.368596,28.110873],[-105.367755,28.110693],[-105.366947,28.110513],[-105.366762,28.11047],[-105.366744,28.109791],[-105.366757,28.107714],[-105.366799,28.106868],[-105.36895,28.107109],[-105.36895,28.107169],[-105.368942,28.108919],[-105.368986,28.110244],[-105.368977,28.110763],[-105.368964,28.110958],[-105.368596,28.110873]]]}},{"type":"Feature","properties":{"modulo":2,"idparcela":"1000","productor":"ABELARDO MELENDEZ OLIVAS","cultivo":null,"superficie_fisica_ha":7.85,"superficie_riego_ha":7.85,"hectareas":5.322},"geometry":{"type":"Polygon","coordinates":[[[-105.366799,28.106868],[-105.3668,28.105995],[-105.366858,28.104836],[-105.367151,28.10475],[-105.367546,28.104571],[-105.367913,28.104595],[-105.368188,28.104769],[-105.368512,28.104729],[-105.36871,28.104697],[-105.368931,28.104615],[-105.368955,28.105207],[-105.36895,28.107109],[-105.366799,28.106868]]]}},{"type":"Feature","properties":{"modulo":2,"idparcela":"1030","productor":"ESCAJEDA N. EUSTACIO","cultivo":null,"superficie_fisica_ha":12.35,"superficie_riego_ha":12.35,"hectareas":11.35},"geometry":{"type":"Polygon","coordinates":[[[-105.382146,28.1044],[-105.382154,28.103612],[-105.382109,28.101909],[-105.382106,28.101798],[-105.383011,28.102027],[-105.38385,28.10212],[-105.385591,28.102303],[-105.386307,28.102426],[-105.386386,28.102908],[-105.386579,28.102916],[-105.386788,28.10302],[-105.387009,28.10318],[-105.38699,28.104426],[-105.384527,28.104429],[-105.383314,28.104395],[-105.382146,28.1044]]]}},{"type":"Feature","properties":{"modulo":2,"idparcela":"1218","productor":"SALINAS HERNANDEZ MARIO","cultivo":null,"superficie_fisica_ha":8.45,"superficie_riego_ha":8,"hectareas":7.962},"geometry":{"type":"Polygon","coordinates":[[[-105.364604,28.146184],[-105.364084,28.14618],[-105.363549,28.146252],[-105.363394,28.14629],[-105.363383,28.141493],[-105.363475,28.141491],[-105.364557,28.14141],[-105.364871,28.141419],[-105.36497,28.14166],[-105.364948,28.142797],[-105.364928,28.144011],[-105.364917,28.144918],[-105.364912,28.145379],[-105.364927,28.145932],[-105.364917,28.146148],[-105.364604,28.146184]]]}},{"type":"Feature","properties":{"modulo":2,"idparcela":"1219","productor":"DELMAR DEL NORTE DE DELICIAS, SPR DE RL","cultivo":null,"superficie_fisica_ha":8.7,"superficie_riego_ha":8.7,"hectareas":8.986},"geometry":{"type":"Polygon","coordinates":[[[-105.363394,28.14629],[-105.362427,28.146601],[-105.362034,28.146691],[-105.361824,28.146731],[-105.361737,28.145424],[-105.361727,28.143555],[-105.36172,28.142772],[-105.361707,28.141802],[-105.361741,28.141569],[-105.361915,28.14155],[-105.362523,28.141507],[-105.363383,28.141493],[-105.363394,28.14629]]]}},{"type":"Feature","properties":{"modulo":2,"idparcela":"1249","productor":"URRUTIA ESTRADA JOSE","cultivo":null,"superficie_fisica_ha":4.55,"superficie_riego_ha":4.55,"hectareas":4.763},"geometry":{"type":"Polygon","coordinates":[[[-105.342069,28.146205],[-105.341626,28.146324],[-105.341058,28.146417],[-105.340969,28.146376],[-105.340866,28.146359],[-105.340786,28.146387],[-105.340693,28.14646],[-105.340459,28.146458],[-105.340269,28.14643],[-105.340156,28.146335],[-105.340148,28.146102],[-105.340185,28.145601],[-105.341821,28.145701],[-105.341838,28.145782],[-105.34197,28.145818],[-105.342066,28.146089],[-105.342069,28.146205]],[[-105.342367,28.147083],[-105.342352,28.147219],[-105.342236,28.147303],[-105.342024,28.147288],[-105.34196,28.147347],[-105.341933,28.147458],[-105.341881,28.147679],[-105.341861,28.147895],[-105.341858,28.147926],[-105.341796,28.148096],[-105.341703,28.148163],[-105.341408,28.148209],[-105.341372,28.148364],[-105.341097,28.14846],[-105.340834,28.148485],[-105.340643,28.148431],[-105.340434,28.148266],[-105.340313,28.147841],[-105.34026,28.147279],[-105.340254,28.146705],[-105.340349,28.146713],[-105.340905,28.146638],[-105.341452,28.146557],[-105.341893,28.146474],[-105.342188,28.146426],[-105.342224,28.146571],[-105.342273,28.146764],[-105.342367,28.147083]]]}},{"type":"Feature","properties":{"modulo":2,"idparcela":"1229","productor":"MATHIEU RUIZ RAMIRO","cultivo":null,"superficie_fisica_ha":20.7,"superficie_riego_ha":20.7,"hectareas":18.535},"geometry":{"type":"Polygon","coordinates":[[[-105.346279,28.140893],[-105.34648,28.142007],[-105.346616,28.142812],[-105.346637,28.142919],[-105.346643,28.143055],[-105.346506,28.14312],[-105.346242,28.143277],[-105.345883,28.143469],[-105.344892,28.144027],[-105.344052,28.144367],[-105.343589,28.144576],[-105.343492,28.144617],[-105.343361,28.144696],[-105.343176,28.144811],[-105.343127,28.144882],[-105.342857,28.145331],[-105.342696,28.145736],[-105.342609,28.146002],[-105.342423,28.146075],[-105.342275,28.146108],[-105.341703,28.144098],[-105.341166,28.141902],[-105.341345,28.141853],[-105.341995,28.141702],[-105.342185,28.141673],[-105.34256,28.141583],[-105.343155,28.141519],[-105.343099,28.141188],[-105.343085,28.140788],[-105.343548,28.140636],[-105.344175,28.140493],[-105.344786,28.140665],[-105.345545,28.140837],[-105.346279,28.140893]]]}},{"type":"Feature","properties":{"modulo":2,"idparcela":"1217","productor":"DELMAR DEL NORTE DE DELICIAS, SPR DE RL","cultivo":null,"superficie_fisica_ha":8.4,"superficie_riego_ha":8.4,"hectareas":8.4},"geometry":{"type":"Polygon","coordinates":[[[-105.366488,28.146131],[-105.365922,28.146155],[-105.365401,28.146152],[-105.365205,28.146157],[-105.365057,28.146153],[-105.365033,28.145928],[-105.365035,28.144116],[-105.365054,28.142242],[-105.365095,28.141795],[-105.365657,28.142091],[-105.36622,28.142417],[-105.366485,28.142611],[-105.366713,28.142699],[-105.366722,28.143021],[-105.366718,28.144204],[-105.366732,28.145372],[-105.36673,28.145955],[-105.366719,28.146126],[-105.366488,28.146131]],[[-105.36671,28.142576],[-105.36627,28.142324],[-105.365705,28.141953],[-105.365126,28.141687],[-105.36507,28.141519],[-105.365102,28.141411],[-105.366071,28.141345],[-105.366415,28.141377],[-105.366432,28.141505],[-105.3665,28.141609],[-105.366787,28.141576],[-105.366768,28.14216],[-105.366776,28.142467],[-105.36671,28.142576]]]}},{"type":"Feature","properties":{"modulo":2,"idparcela":"1215","productor":"DELMAR DEL NORTE DE DELICIAS S.P.R. DE R","cultivo":null,"superficie_fisica_ha":22.23,"superficie_riego_ha":22.03,"hectareas":22.392},"geometry":{"type":"Polygon","coordinates":[[[-105.37181,28.146074],[-105.371074,28.146059],[-105.369968,28.146094],[-105.369438,28.146114],[-105.36935,28.14607],[-105.36932,28.145594],[-105.369275,28.144551],[-105.36917,28.142874],[-105.369109,28.14174],[-105.369223,28.141738],[-105.3696,28.141763],[-105.370165,28.141834],[-105.370383,28.14187],[-105.370681,28.141923],[-105.370963,28.14218],[-105.371209,28.142298],[-105.371399,28.142279],[-105.371826,28.142685],[-105.371845,28.142809],[-105.371775,28.145258],[-105.371786,28.146056],[-105.37181,28.146074]],[[-105.368624,28.146131],[-105.367429,28.146156],[-105.366996,28.146165],[-105.366885,28.146161],[-105.366848,28.14583],[-105.366884,28.143669],[-105.366879,28.142434],[-105.366922,28.141435],[-105.367075,28.141398],[-105.367458,28.141426],[-105.368522,28.141582],[-105.368916,28.141651],[-105.369041,28.142912],[-105.369117,28.144462],[-105.369181,28.145566],[-105.36921,28.146011],[-105.369161,28.146135],[-105.368624,28.146131]]]}},{"type":"Feature","properties":{"modulo":2,"idparcela":"1211","productor":"HIDALGO CERECERES SALVADOR","cultivo":null,"superficie_fisica_ha":10.15,"superficie_riego_ha":9.6,"hectareas":9.659},"geometry":{"type":"Polygon","coordinates":[[[-105.375349,28.146219],[-105.375089,28.146213],[-105.374599,28.146215],[-105.374146,28.146217],[-105.373963,28.146217],[-105.374004,28.145909],[-105.374004,28.144777],[-105.374027,28.144346],[-105.374048,28.14416],[-105.374512,28.144243],[-105.374852,28.14429],[-105.375128,28.14435],[-105.375367,28.144416],[-105.37566,28.144528],[-105.375871,28.144616],[-105.375818,28.14486],[-105.37578,28.145061],[-105.375778,28.145374],[-105.376025,28.14536],[-105.376213,28.14538],[-105.376405,28.145384],[-105.376412,28.145646],[-105.376418,28.145885],[-105.376387,28.146009],[-105.376364,28.146141],[-105.376138,28.146161],[-105.375349,28.146219]],[[-105.373386,28.146118],[-105.372455,28.146122],[-105.371952,28.146123],[-105.371931,28.145985],[-105.371933,28.144772],[-105.371967,28.14347],[-105.37197,28.14293],[-105.371976,28.142822],[-105.372729,28.143361],[-105.373456,28.143906],[-105.373901,28.144194],[-105.373899,28.144456],[-105.373872,28.145171],[-105.373851,28.145896],[-105.373817,28.146107],[-105.373386,28.146118]]]}},{"type":"Feature","properties":{"modulo":2,"idparcela":"1206","productor":"MICHEL RAMIREZ RICARDO","cultivo":null,"superficie_fisica_ha":44.4,"superficie_riego_ha":34.52,"hectareas":43.936},"geometry":{"type":"Polygon","coordinates":[[[-105.387835,28.144193],[-105.387903,28.144158],[-105.388247,28.143881],[-105.388569,28.143646],[-105.389032,28.143449],[-105.38946,28.143262],[-105.38984,28.143095],[-105.390212,28.142824],[-105.39049,28.142441],[-105.390933,28.141852],[-105.391117,28.141703],[-105.391819,28.141688],[-105.392803,28.141688],[-105.394069,28.141724],[-105.394701,28.141732],[-105.394784,28.141878],[-105.394743,28.142416],[-105.394729,28.143547],[-105.394677,28.144348],[-105.394647,28.144763],[-105.394478,28.144788],[-105.39408,28.144797],[-105.39366,28.144826],[-105.393238,28.14498],[-105.392748,28.145],[-105.391131,28.144945],[-105.388543,28.144832],[-105.387966,28.144893],[-105.38787,28.144945],[-105.387835,28.144193]],[[-105.39319,28.148902],[-105.393013,28.148983],[-105.392111,28.149141],[-105.391668,28.149181],[-105.391435,28.149227],[-105.391325,28.149224],[-105.391225,28.149224],[-105.39071,28.149201],[-105.389973,28.149127],[-105.389213,28.149032],[-105.388741,28.148995],[-105.388397,28.148933],[-105.388174,28.148928],[-105.388159,28.14881],[-105.388113,28.148327],[-105.387979,28.14833],[-105.387959,28.147487],[-105.387951,28.147206],[-105.38791,28.147044],[-105.387905,28.146857],[-105.387882,28.146011],[-105.387867,28.145438],[-105.387859,28.145156],[-105.387848,28.145093],[-105.38809,28.145026],[-105.388487,28.144997],[-105.390387,28.145061],[-105.391706,28.145101],[-105.39259,28.145119],[-105.393105,28.145129],[-105.393249,28.14525],[-105.393287,28.145696],[-105.393378,28.146015],[-105.393825,28.146538],[-105.393967,28.146689],[-105.394045,28.146978],[-105.394093,28.14749],[-105.39409,28.148518],[-105.393856,28.148548],[-105.393629,28.14861],[-105.39319,28.148902]]]}},{"type":"Feature","properties":{"modulo":2,"idparcela":"1082","productor":"ALVIDRES SANCHEZ JOSE DOLORES","cultivo":null,"superficie_fisica_ha":19,"superficie_riego_ha":16.5,"hectareas":18.898},"geometry":{"type":"Polygon","coordinates":[[[-105.395545,28.134254],[-105.394917,28.134024],[-105.394723,28.134008],[-105.394499,28.13403],[-105.394111,28.134116],[-105.393703,28.134174],[-105.393197,28.134239],[-105.393258,28.133943],[-105.3934,28.13335],[-105.393705,28.132472],[-105.393916,28.132488],[-105.394385,28.13252],[-105.394761,28.132553],[-105.394997,28.132631],[-105.395472,28.132891],[-105.395604,28.133021],[-105.395743,28.133384],[-105.39582,28.133812],[-105.395694,28.134174],[-105.395545,28.134254]],[[-105.39198,28.134428],[-105.391189,28.134746],[-105.390074,28.135102],[-105.389216,28.13541],[-105.388404,28.135718],[-105.388335,28.135761],[-105.388425,28.135614],[-105.389016,28.134958],[-105.389724,28.134258],[-105.390453,28.133495],[-105.391068,28.132859],[-105.391774,28.132141],[-105.392384,28.131574],[-105.392885,28.13186],[-105.393255,28.132097],[-105.393418,28.132222],[-105.393738,28.132254],[-105.393982,28.132146],[-105.394196,28.131987],[-105.394366,28.131892],[-105.394528,28.131928],[-105.394369,28.132095],[-105.394178,28.132257],[-105.393822,28.132398],[-105.393591,28.132434],[-105.393392,28.133039],[-105.393176,28.133729],[-105.393079,28.134225],[-105.39198,28.134428]],[[-105.3957,28.134425],[-105.395909,28.13414],[-105.39594,28.133663],[-105.395836,28.133361],[-105.395719,28.132998],[-105.39554,28.132815],[-105.395231,28.132627],[-105.394966,28.132515],[-105.394664,28.132452],[-105.394398,28.132423],[-105.394192,28.132386],[-105.394422,28.132166],[-105.394943,28.131675],[-105.3952,28.131464],[-105.395396,28.131241],[-105.396451,28.132133],[-105.397167,28.132826],[-105.397724,28.133574],[-105.397727,28.134218],[-105.397636,28.134619],[-105.39744,28.134954],[-105.39727,28.13513],[-105.396599,28.134736],[-105.3957,28.134425]],[[-105.395578,28.134383],[-105.395582,28.134384],[-105.3957,28.134425],[-105.395578,28.134383]]]}},{"type":"Feature","properties":{"modulo":2,"idparcela":"1083","productor":"DELGADO MARQUEZ FIDEL","cultivo":null,"superficie_fisica_ha":18.4,"superficie_riego_ha":13.45,"hectareas":17.766},"geometry":{"type":"Polygon","coordinates":[[[-105.390255,28.133503],[-105.389664,28.134194],[-105.388775,28.135079],[-105.388329,28.13556],[-105.38815,28.135727],[-105.387933,28.135861],[-105.387027,28.136244],[-105.387025,28.135522],[-105.387023,28.134742],[-105.387022,28.13423],[-105.38703,28.133789],[-105.387039,28.133262],[-105.387047,28.132967],[-105.387304,28.132882],[-105.388137,28.132491],[-105.388952,28.132084],[-105.389875,28.131641],[-105.390391,28.131427],[-105.390783,28.131265],[-105.390855,28.131247],[-105.390946,28.131196],[-105.391226,28.130702],[-105.391509,28.130175],[-105.39164,28.130337],[-105.391807,28.130479],[-105.391852,28.130771],[-105.391858,28.131014],[-105.391991,28.13119],[-105.392216,28.131381],[-105.392292,28.131461],[-105.392185,28.131577],[-105.391934,28.131793],[-105.391007,28.132775],[-105.390255,28.133503]],[[-105.394655,28.131243],[-105.394152,28.131421],[-105.393488,28.131602],[-105.392875,28.131555],[-105.39233,28.131307],[-105.392011,28.130931],[-105.392017,28.130576],[-105.391825,28.130293],[-105.391683,28.130173],[-105.391603,28.130065],[-105.391616,28.129956],[-105.392147,28.129248],[-105.393373,28.130001],[-105.393591,28.13027],[-105.394066,28.130546],[-105.394255,28.13072],[-105.394536,28.130837],[-105.394781,28.130791],[-105.395206,28.13111],[-105.395098,28.131112],[-105.394806,28.131132],[-105.394655,28.131243]]]}},{"type":"Feature","properties":{"modulo":2,"idparcela":"1089","productor":"TERRAZAS CARRASCO JAIME JAVIER","cultivo":null,"superficie_fisica_ha":11.4,"superficie_riego_ha":11.4,"hectareas":10.56},"geometry":{"type":"Polygon","coordinates":[[[-105.384529,28.133379],[-105.384171,28.133373],[-105.383959,28.133248],[-105.383793,28.133179],[-105.382994,28.13294],[-105.382093,28.132554],[-105.382096,28.132135],[-105.382099,28.131729],[-105.382325,28.13176],[-105.382523,28.131732],[-105.382592,28.131615],[-105.38258,28.131144],[-105.382573,28.130884],[-105.382738,28.130869],[-105.38345,28.130854],[-105.384269,28.13082],[-105.384522,28.130814],[-105.384525,28.13091],[-105.384521,28.131869],[-105.384561,28.133216],[-105.384529,28.133379]],[[-105.386763,28.132552],[-105.386171,28.132571],[-105.385933,28.132625],[-105.385274,28.13312],[-105.384948,28.133273],[-105.384821,28.133341],[-105.384626,28.13338],[-105.384632,28.133117],[-105.384639,28.131538],[-105.384635,28.130924],[-105.384647,28.130827],[-105.384776,28.130818],[-105.386306,28.130725],[-105.38675,28.130699],[-105.386968,28.130687],[-105.386978,28.130796],[-105.386969,28.131475],[-105.386957,28.132187],[-105.38695,28.132549],[-105.386763,28.132552]]]}},{"type":"Feature","properties":{"modulo":2,"idparcela":"1088","productor":"LARA RODRIGUEZ HECTOR","cultivo":null,"superficie_fisica_ha":11.5,"superficie_riego_ha":11.5,"hectareas":10.852},"geometry":{"type":"Polygon","coordinates":[[[-105.383215,28.130766],[-105.382819,28.13078],[-105.382279,28.130779],[-105.382087,28.130765],[-105.382043,28.130651],[-105.382026,28.130287],[-105.382048,28.129838],[-105.382051,28.12891],[-105.38205,28.128856],[-105.382235,28.128864],[-105.3823,28.128753],[-105.38233,28.128645],[-105.382305,28.128385],[-105.382301,28.128247],[-105.382466,28.128252],[-105.383786,28.128224],[-105.386024,28.128242],[-105.386337,28.128252],[-105.386393,28.128316],[-105.386236,28.128496],[-105.385958,28.128692],[-105.38549,28.128839],[-105.384924,28.128948],[-105.384414,28.129043],[-105.383794,28.129116],[-105.383474,28.129167],[-105.383478,28.12934],[-105.383499,28.129614],[-105.383514,28.130317],[-105.383516,28.130758],[-105.3834,28.130768],[-105.383215,28.130766]],[[-105.385683,28.130696],[-105.385066,28.130717],[-105.384706,28.130728],[-105.384622,28.13067],[-105.384531,28.129325],[-105.384519,28.129119],[-105.384613,28.129069],[-105.384933,28.129008],[-105.385247,28.128971],[-105.38558,28.128891],[-105.385852,28.128825],[-105.385762,28.129024],[-105.385769,28.129284],[-105.385894,28.129584],[-105.386092,28.129701],[-105.386485,28.129814],[-105.386692,28.129878],[-105.386762,28.129955],[-105.386863,28.130065],[-105.386923,28.130496],[-105.386925,28.130597],[-105.386707,28.130626],[-105.386157,28.130668],[-105.385683,28.130696]],[[-105.384534,28.130726],[-105.38411,28.130754],[-105.383619,28.130769],[-105.383592,28.13057],[-105.383581,28.130163],[-105.383573,28.129598],[-105.383566,28.12933],[-105.383591,28.129212],[-105.383958,28.129163],[-105.384323,28.129107],[-105.384423,28.129121],[-105.384456,28.129309],[-105.38449,28.129835],[-105.384532,28.130392],[-105.384534,28.130726]]]}},{"type":"Feature","properties":{"modulo":2,"idparcela":"1109","productor":"TERRAZAS CARRASCO OSCAR HUMBERT","cultivo":null,"superficie_fisica_ha":28.4,"superficie_riego_ha":28.1,"hectareas":27.452},"geometry":{"type":"Polygon","coordinates":[[[-105.369879,28.137514],[-105.369166,28.137559],[-105.368061,28.137642],[-105.367484,28.137685],[-105.367078,28.137768],[-105.366721,28.137806],[-105.366722,28.137172],[-105.366671,28.135711],[-105.366652,28.135198],[-105.366664,28.135016],[-105.366766,28.134999],[-105.367596,28.134831],[-105.367917,28.134764],[-105.368038,28.134822],[-105.368096,28.135092],[-105.368255,28.1353],[-105.368824,28.135575],[-105.369851,28.135795],[-105.370601,28.13587],[-105.370925,28.135863],[-105.371434,28.135807],[-105.371651,28.135779],[-105.371723,28.135816],[-105.371764,28.135984],[-105.371778,28.136528],[-105.37183,28.137262],[-105.37186,28.137409],[-105.371281,28.137438],[-105.370563,28.137507],[-105.369879,28.137514]],[[-105.365302,28.138183],[-105.36432,28.138399],[-105.363881,28.138529],[-105.363575,28.13855],[-105.362621,28.138495],[-105.361948,28.138471],[-105.361752,28.138441],[-105.361763,28.138237],[-105.361767,28.137599],[-105.36171,28.136215],[-105.361727,28.135602],[-105.361862,28.135554],[-105.362493,28.135507],[-105.36361,28.135366],[-105.364899,28.135189],[-105.366358,28.135023],[-105.366528,28.135019],[-105.366544,28.136317],[-105.366595,28.137147],[-105.366569,28.137631],[-105.366583,28.137813],[-105.3664,28.137903],[-105.365302,28.138183]]]}},{"type":"Feature","properties":{"modulo":2,"idparcela":"1117","productor":"VALDEZ RAMOS LUIS","cultivo":null,"superficie_fisica_ha":5.3118,"superficie_riego_ha":5.3118,"hectareas":5.938},"geometry":{"type":"Polygon","coordinates":[[[-105.357772,28.133915],[-105.357695,28.13385],[-105.357575,28.133852],[-105.35742,28.133857],[-105.357339,28.133873],[-105.357297,28.133489],[-105.357103,28.132503],[-105.35719,28.132381],[-105.357841,28.131981],[-105.358019,28.131884],[-105.358139,28.131882],[-105.35831,28.132078],[-105.358525,28.132241],[-105.357772,28.133915]],[[-105.357822,28.131835],[-105.3576,28.13196],[-105.357184,28.132168],[-105.357064,28.132157],[-105.356966,28.131866],[-105.356731,28.130952],[-105.356759,28.130844],[-105.356676,28.130869],[-105.356615,28.130777],[-105.356091,28.129993],[-105.355675,28.129371],[-105.355413,28.12886],[-105.355547,28.128791],[-105.355696,28.128734],[-105.355913,28.128983],[-105.356294,28.129175],[-105.356907,28.129642],[-105.357313,28.129822],[-105.357706,28.130085],[-105.357886,28.130195],[-105.358036,28.130378],[-105.358071,28.130477],[-105.35802,28.130792],[-105.357982,28.131046],[-105.358078,28.13127],[-105.358075,28.131444],[-105.358089,28.13171],[-105.357822,28.131835]]]}},{"type":"Feature","properties":{"modulo":2,"idparcela":"1168","productor":"AGUIRRE JUAREZ INOCENCIO","cultivo":null,"superficie_fisica_ha":1.4621,"superficie_riego_ha":1.4621,"hectareas":1.338},"geometry":{"type":"Polygon","coordinates":[[[-105.357604,28.122165],[-105.357606,28.121704],[-105.35887,28.121678],[-105.358933,28.121679],[-105.358947,28.123257],[-105.358828,28.12317],[-105.358559,28.122872],[-105.358271,28.122501],[-105.357923,28.122306],[-105.357675,28.122181],[-105.357604,28.122165]]]}},{"type":"Feature","properties":{"modulo":2,"idparcela":"985","productor":"VALENZUELA SOTO ALFREDO","cultivo":null,"superficie_fisica_ha":27.57,"superficie_riego_ha":23.62,"hectareas":27.718},"geometry":{"type":"Polygon","coordinates":[[[-105.386247,28.125881],[-105.385478,28.126316],[-105.385063,28.126362],[-105.383882,28.126379],[-105.383541,28.126352],[-105.383257,28.126275],[-105.382194,28.125903],[-105.382081,28.125855],[-105.382091,28.123039],[-105.384202,28.123058],[-105.384579,28.123053],[-105.386608,28.123026],[-105.386592,28.123091],[-105.386714,28.123275],[-105.386999,28.123414],[-105.387024,28.123476],[-105.386925,28.123778],[-105.38701,28.123829],[-105.387151,28.123847],[-105.38743,28.123998],[-105.387663,28.124248],[-105.38815,28.124428],[-105.388592,28.124336],[-105.388754,28.12425],[-105.388909,28.123938],[-105.390267,28.124112],[-105.389579,28.124461],[-105.388282,28.124986],[-105.387141,28.12548],[-105.386247,28.125881]],[[-105.393824,28.124028],[-105.393118,28.123926],[-105.392685,28.12379],[-105.39222,28.123585],[-105.391979,28.123591],[-105.391167,28.123689],[-105.390619,28.123959],[-105.390445,28.12403],[-105.389596,28.123897],[-105.38882,28.123807],[-105.38875,28.123872],[-105.388686,28.124101],[-105.388587,28.124133],[-105.388513,28.124049],[-105.388674,28.123767],[-105.38864,28.123382],[-105.388557,28.122977],[-105.388599,28.12274],[-105.389191,28.122321],[-105.389598,28.122021],[-105.389939,28.121704],[-105.39029,28.121787],[-105.391078,28.122026],[-105.391886,28.122282],[-105.392735,28.122501],[-105.393275,28.122709],[-105.393675,28.123083],[-105.393849,28.123444],[-105.393837,28.123736],[-105.393824,28.124028]]]}},{"type":"Feature","properties":{"modulo":2,"idparcela":"984","productor":"SOLIS N. SALVADOR","cultivo":null,"superficie_fisica_ha":30.8238,"superficie_riego_ha":29.5183,"hectareas":30.415},"geometry":{"type":"Polygon","coordinates":[[[-105.390547,28.12058],[-105.390321,28.120952],[-105.389998,28.121416],[-105.38969,28.121204],[-105.389427,28.121032],[-105.389099,28.120699],[-105.388834,28.120337],[-105.38868,28.119972],[-105.388625,28.119718],[-105.388555,28.11941],[-105.388816,28.119544],[-105.390102,28.120291],[-105.390547,28.12058]],[[-105.383351,28.119157],[-105.385293,28.119173],[-105.386098,28.119154],[-105.38613,28.119318],[-105.386176,28.1195],[-105.386052,28.11963],[-105.386122,28.119856],[-105.386369,28.119981],[-105.386561,28.120172],[-105.386713,28.120466],[-105.38665,28.120888],[-105.386448,28.121204],[-105.38624,28.121643],[-105.386235,28.121923],[-105.386353,28.122037],[-105.386314,28.122307],[-105.386314,28.122484],[-105.386393,28.122659],[-105.386585,28.122842],[-105.386634,28.122924],[-105.386608,28.123026],[-105.384579,28.123053],[-105.384202,28.123058],[-105.382091,28.123039],[-105.382083,28.122982],[-105.382027,28.119636],[-105.38201,28.119177],[-105.382179,28.119176],[-105.383162,28.119155],[-105.383351,28.119157]],[[-105.389945,28.121526],[-105.389749,28.121759],[-105.389552,28.121941],[-105.389435,28.121924],[-105.38914,28.121661],[-105.388794,28.121258],[-105.388684,28.121317],[-105.388849,28.121498],[-105.389046,28.12172],[-105.38942,28.122034],[-105.38909,28.122259],[-105.388574,28.122627],[-105.388246,28.122942],[-105.387919,28.123287],[-105.387577,28.123472],[-105.38723,28.12347],[-105.386911,28.123288],[-105.386787,28.123143],[-105.386761,28.122887],[-105.386631,28.122776],[-105.386464,28.122487],[-105.386489,28.122095],[-105.386449,28.121973],[-105.386333,28.121864],[-105.38636,28.121621],[-105.386558,28.121262],[-105.386757,28.120918],[-105.386857,28.120477],[-105.386721,28.120169],[-105.386472,28.119834],[-105.386363,28.119545],[-105.386257,28.119277],[-105.386249,28.119151],[-105.387103,28.119128],[-105.387718,28.11911],[-105.387801,28.119339],[-105.388106,28.119403],[-105.388428,28.11951],[-105.388603,28.120058],[-105.388889,28.120633],[-105.389381,28.121104],[-105.389945,28.121526]]]}},{"type":"Feature","properties":{"modulo":2,"idparcela":"996","productor":"MELENDEZ OLIVAS ABELARDO","cultivo":null,"superficie_fisica_ha":15.55,"superficie_riego_ha":8.75,"hectareas":15.252},"geometry":{"type":"Polygon","coordinates":[[[-105.366549,28.113293],[-105.365989,28.11338],[-105.365514,28.113405],[-105.365069,28.113339],[-105.364761,28.11327],[-105.364317,28.113204],[-105.364246,28.11307],[-105.364572,28.111253],[-105.364665,28.110413],[-105.364689,28.11014],[-105.364909,28.110168],[-105.365093,28.110227],[-105.365467,28.110344],[-105.365793,28.110458],[-105.366135,28.110526],[-105.366495,28.110609],[-105.366719,28.110725],[-105.366719,28.111374],[-105.366729,28.112177],[-105.366752,28.11271],[-105.36676,28.112927],[-105.366733,28.113199],[-105.366549,28.113293]],[[-105.364164,28.113342],[-105.364594,28.113394],[-105.364867,28.113419],[-105.36509,28.11346],[-105.365415,28.113528],[-105.365754,28.113506],[-105.366145,28.113468],[-105.366483,28.113385],[-105.366646,28.11337],[-105.366673,28.113487],[-105.366686,28.114602],[-105.366687,28.114663],[-105.366707,28.115402],[-105.366714,28.115674],[-105.366711,28.115715],[-105.366708,28.11577],[-105.363658,28.116518],[-105.364164,28.113342]]]}},{"type":"Feature","properties":{"modulo":2,"idparcela":"997","productor":"MELENDEZ OLIVAS ABELARDO","cultivo":null,"superficie_fisica_ha":17.25,"superficie_riego_ha":14.4,"hectareas":14.364},"geometry":{"type":"Polygon","coordinates":[[[-105.361726,28.113037],[-105.361664,28.110679],[-105.361688,28.110317],[-105.361715,28.110193],[-105.361838,28.110193],[-105.36257,28.110178],[-105.363601,28.110209],[-105.363817,28.110363],[-105.363925,28.110587],[-105.363946,28.110753],[-105.363883,28.110935],[-105.363605,28.111378],[-105.363245,28.111929],[-105.363137,28.112323],[-105.363175,28.112489],[-105.363284,28.112758],[-105.36346,28.112965],[-105.3636,28.113098],[-105.364009,28.113302],[-105.364009,28.113302],[-105.364065,28.11333],[-105.364164,28.113342],[-105.363658,28.116518],[-105.361704,28.116998],[-105.361734,28.113318],[-105.361726,28.113037]]]}},{"type":"Feature","properties":{"modulo":2,"idparcela":"1006","productor":"CHAVEZ CADENA RICARDO","cultivo":null,"superficie_fisica_ha":20.1,"superficie_riego_ha":20.1,"hectareas":28.725},"geometry":{"type":"Polygon","coordinates":[[[-105.38505,28.111223],[-105.383585,28.110129],[-105.383735,28.110133],[-105.384384,28.110141],[-105.38573,28.110176],[-105.386782,28.110171],[-105.387542,28.110161],[-105.388276,28.110166],[-105.388943,28.110148],[-105.388999,28.110609],[-105.38911,28.110809],[-105.3894,28.111207],[-105.389272,28.111465],[-105.389781,28.111668],[-105.389933,28.111942],[-105.390533,28.112824],[-105.390634,28.113033],[-105.387001,28.112657],[-105.38505,28.111223]],[[-105.394055,28.111557],[-105.393785,28.11168],[-105.393176,28.111959],[-105.392727,28.112202],[-105.392235,28.112681],[-105.392053,28.112921],[-105.39169,28.112935],[-105.390857,28.112977],[-105.390746,28.112713],[-105.389971,28.111557],[-105.389794,28.11122],[-105.389399,28.110824],[-105.389201,28.110615],[-105.389106,28.110128],[-105.389308,28.110123],[-105.390221,28.110125],[-105.390942,28.110131],[-105.391639,28.110159],[-105.391929,28.110217],[-105.392027,28.1103],[-105.392126,28.110405],[-105.392152,28.110468],[-105.392297,28.110507],[-105.392418,28.110526],[-105.392419,28.11059],[-105.392448,28.11076],[-105.392452,28.110909],[-105.392599,28.111034],[-105.392696,28.111074],[-105.392634,28.110522],[-105.392407,28.110122],[-105.392015,28.109853],[-105.391524,28.109437],[-105.390985,28.109065],[-105.391038,28.108811],[-105.390546,28.108819],[-105.389513,28.108798],[-105.389049,28.108733],[-105.389742,28.108388],[-105.390476,28.10799],[-105.391319,28.107592],[-105.392137,28.107272],[-105.39214,28.107337],[-105.392144,28.107486],[-105.392115,28.10819],[-105.392338,28.10844],[-105.393349,28.10942],[-105.393967,28.110089],[-105.394487,28.110674],[-105.394916,28.111016],[-105.39455,28.111227],[-105.394292,28.111415],[-105.394055,28.111557]]]}},{"type":"Feature","properties":{"modulo":2,"idparcela":"1009","productor":"GONZALEZ REZA RAUL","cultivo":null,"superficie_fisica_ha":29,"superficie_riego_ha":28.31,"hectareas":25.458},"geometry":{"type":"Polygon","coordinates":[[[-105.395469,28.110581],[-105.395299,28.110677],[-105.395077,28.110773],[-105.394905,28.110823],[-105.394729,28.110704],[-105.393924,28.109709],[-105.393354,28.109122],[-105.392866,28.108697],[-105.392768,28.108536],[-105.392831,28.108305],[-105.392879,28.108166],[-105.39291,28.108027],[-105.392855,28.107906],[-105.392782,28.107784],[-105.392883,28.107675],[-105.393055,28.107625],[-105.393302,28.107804],[-105.39371,28.108194],[-105.39396,28.108465],[-105.394426,28.1091],[-105.394999,28.109793],[-105.395303,28.110201],[-105.395586,28.110516],[-105.395469,28.110581]],[[-105.395674,28.110469],[-105.395208,28.10985],[-105.3946,28.109127],[-105.394661,28.108962],[-105.395028,28.10832],[-105.395574,28.107388],[-105.395871,28.106845],[-105.396068,28.106427],[-105.396397,28.105791],[-105.396593,28.105322],[-105.396655,28.105096],[-105.396668,28.104942],[-105.396996,28.10492],[-105.397775,28.104919],[-105.398155,28.104926],[-105.397854,28.1053],[-105.397504,28.105799],[-105.397182,28.106695],[-105.396908,28.107452],[-105.39657,28.10838],[-105.396282,28.109276],[-105.395837,28.110083],[-105.395674,28.110469]],[[-105.395977,28.10626],[-105.395468,28.107299],[-105.395137,28.107858],[-105.394725,28.108633],[-105.394626,28.108789],[-105.394593,28.108851],[-105.394541,28.108852],[-105.394488,28.108822],[-105.394309,28.108596],[-105.394183,28.108399],[-105.39381,28.108039],[-105.393358,28.107638],[-105.393117,28.107397],[-105.392853,28.107185],[-105.392663,28.107204],[-105.392543,28.107237],[-105.392422,28.10724],[-105.392315,28.107119],[-105.39227,28.106721],[-105.392267,28.105955],[-105.39227,28.105433],[-105.392246,28.104497],[-105.392268,28.103724],[-105.392252,28.103524],[-105.392252,28.103455],[-105.392489,28.103548],[-105.39363,28.103972],[-105.3944,28.104223],[-105.394804,28.104415],[-105.395119,28.104591],[-105.39562,28.104751],[-105.396248,28.1049],[-105.396443,28.104931],[-105.396514,28.104991],[-105.39645,28.105207],[-105.396273,28.105686],[-105.395977,28.10626]]]}},{"type":"Feature","properties":{"modulo":2,"idparcela":"932","productor":"DE AVILA FLORES EDGAR GUADALUPE","cultivo":null,"superficie_fisica_ha":21.014,"superficie_riego_ha":13.1,"hectareas":24.415},"geometry":{"type":"Polygon","coordinates":[[[-105.387456,28.09163],[-105.387063,28.091877],[-105.386834,28.092005],[-105.385091,28.091959],[-105.38284,28.092027],[-105.381865,28.091984],[-105.381891,28.087887],[-105.382172,28.08788],[-105.38275,28.087786],[-105.383511,28.087564],[-105.383575,28.08754],[-105.383764,28.087476],[-105.384042,28.08745],[-105.384322,28.087506],[-105.384863,28.087783],[-105.386399,28.08876],[-105.387707,28.089886],[-105.388563,28.090683],[-105.388018,28.091115],[-105.387655,28.091438],[-105.387456,28.09163]]]}},{"type":"Feature","properties":{"modulo":2,"idparcela":"964","productor":"TORRES VALENZUELA JUAQUIN","cultivo":null,"superficie_fisica_ha":23.4,"superficie_riego_ha":14.62,"hectareas":21.063},"geometry":{"type":"Polygon","coordinates":[[[-105.382028,28.096563],[-105.382022,28.095142],[-105.381972,28.093466],[-105.381993,28.092188],[-105.382116,28.092197],[-105.383221,28.092184],[-105.38354,28.092167],[-105.38375,28.092193],[-105.383491,28.09294],[-105.383389,28.093457],[-105.383544,28.094072],[-105.383717,28.094439],[-105.384141,28.094657],[-105.384655,28.094769],[-105.385094,28.094698],[-105.385371,28.094651],[-105.385936,28.094928],[-105.386173,28.095108],[-105.386462,28.095473],[-105.38673,28.095941],[-105.386885,28.096556],[-105.386096,28.096572],[-105.384983,28.096616],[-105.383727,28.096581],[-105.382028,28.096563]],[[-105.386908,28.09567],[-105.386352,28.094857],[-105.385787,28.09454],[-105.385082,28.094245],[-105.384643,28.094337],[-105.384435,28.094362],[-105.384084,28.094266],[-105.383794,28.09386],[-105.383801,28.093222],[-105.384213,28.093007],[-105.384226,28.092616],[-105.384178,28.092555],[-105.383968,28.092518],[-105.383828,28.0925],[-105.383934,28.09218],[-105.386071,28.092168],[-105.386845,28.092163],[-105.386902,28.092807],[-105.386905,28.094681],[-105.386908,28.09567]]]}},{"type":"Feature","properties":{"modulo":2,"idparcela":"969","productor":"CHAVERO MONTES GERONIMO","cultivo":null,"superficie_fisica_ha":11.1,"superficie_riego_ha":11.1,"hectareas":11.887},"geometry":{"type":"Polygon","coordinates":[[[-105.377427,28.103329],[-105.376228,28.103546],[-105.375343,28.103892],[-105.374857,28.104026],[-105.374965,28.101313],[-105.375088,28.101313],[-105.375488,28.101286],[-105.375555,28.101359],[-105.375749,28.101382],[-105.377501,28.10134],[-105.378759,28.10133],[-105.37857,28.101708],[-105.378194,28.102705],[-105.377924,28.103222],[-105.377427,28.103329]],[[-105.38096,28.101823],[-105.380197,28.102279],[-105.379466,28.102761],[-105.378999,28.102884],[-105.378666,28.103014],[-105.37816,28.10326],[-105.378528,28.102451],[-105.379045,28.10119],[-105.37934,28.101179],[-105.380323,28.101177],[-105.381376,28.101155],[-105.381754,28.101134],[-105.381753,28.101339],[-105.381754,28.101615],[-105.381256,28.101673],[-105.38096,28.101823]]]}},{"type":"Feature","properties":{"modulo":2,"idparcela":"939","productor":"TORRES HERMOSILLO SANTIAGO","cultivo":null,"superficie_fisica_ha":9,"superficie_riego_ha":9,"hectareas":10.026},"geometry":{"type":"Polygon","coordinates":[[[-105.367236,28.101017],[-105.366434,28.101034],[-105.364814,28.101055],[-105.363507,28.101069],[-105.363394,28.100755],[-105.363445,28.100437],[-105.363744,28.099969],[-105.364257,28.099308],[-105.365167,28.099007],[-105.365793,28.098714],[-105.366249,28.098533],[-105.366926,28.098256],[-105.367259,28.098149],[-105.367236,28.101017]],[[-105.362132,28.101076],[-105.361672,28.10107],[-105.361642,28.100818],[-105.36166,28.099937],[-105.361751,28.099957],[-105.362202,28.100094],[-105.362661,28.100255],[-105.362789,28.100274],[-105.362892,28.100277],[-105.362952,28.100259],[-105.363016,28.100425],[-105.363114,28.100664],[-105.36327,28.101079],[-105.363001,28.101079],[-105.362132,28.101076]]]}},{"type":"Feature","properties":{"modulo":2,"idparcela":"850","productor":"SEGOVIA GARCIA JOSE AMADO","cultivo":null,"superficie_fisica_ha":13.7,"superficie_riego_ha":13.3,"hectareas":13.048},"geometry":{"type":"Polygon","coordinates":[[[-105.364412,28.082976],[-105.363804,28.082974],[-105.363019,28.082972],[-105.361996,28.082944],[-105.361658,28.082927],[-105.361645,28.082417],[-105.361659,28.081418],[-105.36161,28.080299],[-105.36164,28.079985],[-105.361857,28.07998],[-105.362627,28.080107],[-105.363278,28.080149],[-105.363406,28.080217],[-105.363456,28.08054],[-105.363607,28.080674],[-105.363796,28.080764],[-105.363838,28.080733],[-105.364172,28.080561],[-105.36447,28.080256],[-105.364485,28.080091],[-105.364421,28.079812],[-105.364452,28.079547],[-105.364703,28.079213],[-105.36481,28.079046],[-105.364802,28.078733],[-105.36479,28.078288],[-105.364862,28.078067],[-105.365,28.077806],[-105.365144,28.077596],[-105.365499,28.077781],[-105.365466,28.077879],[-105.365457,28.078933],[-105.365423,28.08045],[-105.365368,28.081885],[-105.365335,28.082726],[-105.365304,28.082957],[-105.364933,28.082981],[-105.364412,28.082976]]]}},{"type":"Feature","properties":{"modulo":2,"idparcela":"716","productor":"VALLES N.CARLOS AARON","cultivo":null,"superficie_fisica_ha":33.7,"superficie_riego_ha":33.1,"hectareas":31.599},"geometry":{"type":"Polygon","coordinates":[[[-105.351463,28.074011],[-105.351459,28.07347],[-105.351445,28.071778],[-105.351521,28.071766],[-105.352801,28.071717],[-105.353176,28.071779],[-105.354747,28.072632],[-105.356234,28.073371],[-105.356253,28.074827],[-105.354292,28.074586],[-105.353468,28.074403],[-105.352673,28.074323],[-105.351463,28.074011]],[[-105.351468,28.07836],[-105.351465,28.076758],[-105.351473,28.075045],[-105.351464,28.074119],[-105.35265,28.074428],[-105.353454,28.0745],[-105.354303,28.07469],[-105.356253,28.074924],[-105.356257,28.075251],[-105.35624,28.07864],[-105.356101,28.078634],[-105.355934,28.078627],[-105.3556,28.078612],[-105.355538,28.07861],[-105.355358,28.078602],[-105.355293,28.078566],[-105.355195,28.078511],[-105.355074,28.078508],[-105.354907,28.078504],[-105.354747,28.0785],[-105.354584,28.078496],[-105.354351,28.07849],[-105.354141,28.078484],[-105.353943,28.078478],[-105.353779,28.078474],[-105.353588,28.078469],[-105.353218,28.078459],[-105.353019,28.078447],[-105.352911,28.078441],[-105.352776,28.078433],[-105.352592,28.078423],[-105.352449,28.078415],[-105.352274,28.078405],[-105.352044,28.078392],[-105.351877,28.078383],[-105.351839,28.07838],[-105.351468,28.07836]]]}},{"type":"Feature","properties":{"modulo":2,"idparcela":"854","productor":"NU¥EZ VILLA JESUS MARIO","cultivo":null,"superficie_fisica_ha":5.385,"superficie_riego_ha":5.385,"hectareas":5.347},"geometry":{"type":"Polygon","coordinates":[[[-105.364957,28.077593],[-105.364612,28.078013],[-105.364554,28.078507],[-105.364561,28.078748],[-105.364339,28.078725],[-105.364153,28.078631],[-105.36391,28.078409],[-105.363667,28.078235],[-105.362875,28.078057],[-105.361622,28.07784],[-105.361657,28.076425],[-105.361567,28.075834],[-105.362639,28.076339],[-105.364376,28.077192],[-105.36499,28.077507],[-105.364957,28.077593]]]}},{"type":"Feature","properties":{"modulo":2,"idparcela":"856","productor":"MORIEL FERNANDEZ ESTELA","cultivo":null,"superficie_fisica_ha":2.6825,"superficie_riego_ha":2.6825,"hectareas":5.75},"geometry":{"type":"Polygon","coordinates":[[[-105.364561,28.078748],[-105.364565,28.078919],[-105.364405,28.079202],[-105.364188,28.079421],[-105.364188,28.079594],[-105.364236,28.079746],[-105.364191,28.079899],[-105.364206,28.08008],[-105.364224,28.080252],[-105.364139,28.080378],[-105.363927,28.080545],[-105.363791,28.080566],[-105.363669,28.080517],[-105.363597,28.080332],[-105.363575,28.080126],[-105.363127,28.080036],[-105.361897,28.079897],[-105.361646,28.079842],[-105.36163,28.079639],[-105.361612,28.078239],[-105.361622,28.07784],[-105.362875,28.078057],[-105.363667,28.078235],[-105.36391,28.078409],[-105.364153,28.078631],[-105.364339,28.078725],[-105.364561,28.078748]]]}},{"type":"Feature","properties":{"modulo":2,"idparcela":"833","productor":"VILLALOBOS JAQUEZ HECTOR","cultivo":null,"superficie_fisica_ha":16.6529,"superficie_riego_ha":16.5029,"hectareas":18.958},"geometry":{"type":"Polygon","coordinates":[[[-105.341428,28.104398],[-105.341404,28.102349],[-105.341352,28.101433],[-105.346152,28.101478],[-105.346127,28.102494],[-105.345657,28.102875],[-105.345014,28.103323],[-105.344795,28.103705],[-105.344405,28.103771],[-105.344097,28.103879],[-105.3433,28.104055],[-105.342145,28.104282],[-105.341428,28.104398]],[[-105.343561,28.105399],[-105.343541,28.105732],[-105.343256,28.105866],[-105.343023,28.105768],[-105.342764,28.105774],[-105.34258,28.105926],[-105.342169,28.105848],[-105.341777,28.105856],[-105.34145,28.105877],[-105.341448,28.104557],[-105.343124,28.104203],[-105.344165,28.103993],[-105.344429,28.104089],[-105.344708,28.104113],[-105.345099,28.104061],[-105.345424,28.103967],[-105.345516,28.103748],[-105.345557,28.103428],[-105.345518,28.103197],[-105.346123,28.102691],[-105.346119,28.10284],[-105.346069,28.104222],[-105.345988,28.104428],[-105.345704,28.104613],[-105.345341,28.105081],[-105.345289,28.105287],[-105.345071,28.105483],[-105.344831,28.105398],[-105.344402,28.105276],[-105.344162,28.105208],[-105.343788,28.105241],[-105.343561,28.105399]]]}},{"type":"Feature","properties":{"modulo":2,"idparcela":"729","productor":"BACA SANCHEZ CAYETANO","cultivo":null,"superficie_fisica_ha":12.8,"superficie_riego_ha":12.8,"hectareas":12.95},"geometry":{"type":"Polygon","coordinates":[[[-105.343859,28.069373],[-105.343792,28.064406],[-105.344991,28.065865],[-105.345925,28.066939],[-105.34587,28.070026],[-105.345855,28.07084],[-105.346117,28.071015],[-105.346253,28.071607],[-105.345545,28.071534],[-105.343928,28.071331],[-105.343859,28.069373]]]}},{"type":"Feature","properties":{"modulo":2,"idparcela":"730","productor":"RODRIGUEZ CERROS MANUEL","cultivo":null,"superficie_fisica_ha":19.55,"superficie_riego_ha":12.85,"hectareas":20.072},"geometry":{"type":"Polygon","coordinates":[[[-105.341257,28.068516],[-105.341239,28.06834],[-105.341302,28.06678],[-105.341319,28.065279],[-105.341376,28.064988],[-105.34185,28.06423],[-105.342076,28.063848],[-105.342351,28.063485],[-105.342746,28.063246],[-105.34377,28.064379],[-105.343792,28.064406],[-105.343859,28.069373],[-105.343928,28.071331],[-105.342566,28.071194],[-105.341283,28.07102],[-105.341257,28.068516]]]}},{"type":"Feature","properties":{"modulo":2,"idparcela":"676","productor":"ESPARZA TERRAZAS EDUARDO","cultivo":null,"superficie_fisica_ha":27.55,"superficie_riego_ha":27.55,"hectareas":28.64},"geometry":{"type":"Polygon","coordinates":[[[-105.347304,28.051371],[-105.34597,28.051342],[-105.345215,28.051277],[-105.345,28.050949],[-105.344806,28.050269],[-105.344682,28.049763],[-105.344272,28.048441],[-105.34372,28.047572],[-105.342998,28.046922],[-105.342038,28.046492],[-105.341236,28.046009],[-105.341203,28.045766],[-105.341193,28.045355],[-105.341346,28.045332],[-105.34273,28.045949],[-105.343756,28.046398],[-105.344672,28.046848],[-105.345846,28.0479],[-105.346785,28.04923],[-105.347703,28.0506],[-105.348227,28.051235],[-105.348121,28.051393],[-105.347304,28.051371]],[[-105.344461,28.051411],[-105.343116,28.051438],[-105.341573,28.051451],[-105.341178,28.051459],[-105.341098,28.05013],[-105.341144,28.048545],[-105.341137,28.046608],[-105.34113,28.046315],[-105.341589,28.04661],[-105.341828,28.046735],[-105.342467,28.046855],[-105.343342,28.047423],[-105.343662,28.047847],[-105.344032,28.048505],[-105.344332,28.049303],[-105.34473,28.05075],[-105.345083,28.051405],[-105.345101,28.051436],[-105.344461,28.051411]]]}},{"type":"Feature","properties":{"modulo":2,"idparcela":"665","productor":"RIVERA CORONADO DIZAN ALBERTO","cultivo":null,"superficie_fisica_ha":26.35,"superficie_riego_ha":25.75,"hectareas":26.326},"geometry":{"type":"Polygon","coordinates":[[[-105.330868,28.048931],[-105.329658,28.046058],[-105.328204,28.042692],[-105.328398,28.042618],[-105.328924,28.042495],[-105.329147,28.042493],[-105.330235,28.04245],[-105.330699,28.042482],[-105.330914,28.042558],[-105.330897,28.043834],[-105.330935,28.04706],[-105.330961,28.04895],[-105.330868,28.048931]],[[-105.330232,28.042327],[-105.329513,28.0423],[-105.328842,28.042357],[-105.328382,28.042447],[-105.328179,28.042501],[-105.328076,28.042289],[-105.327065,28.039926],[-105.326258,28.038298],[-105.32637,28.038132],[-105.326995,28.038119],[-105.329241,28.038093],[-105.3307,28.038104],[-105.330785,28.038326],[-105.330913,28.040031],[-105.330937,28.041175],[-105.330716,28.041351],[-105.330214,28.041649],[-105.330199,28.041957],[-105.330509,28.0423],[-105.330232,28.042327]]]}},{"type":"Feature","properties":{"modulo":2,"idparcela":"690","productor":"RIVERA CORONADO DIZAN ALBERTO","cultivo":null,"superficie_fisica_ha":9.8,"superficie_riego_ha":9.3,"hectareas":8.671},"geometry":{"type":"Polygon","coordinates":[[[-105.331144,28.060344],[-105.33113,28.058229],[-105.331116,28.058124],[-105.331768,28.058584],[-105.332109,28.058955],[-105.332569,28.059386],[-105.332928,28.059526],[-105.333074,28.059691],[-105.333091,28.060341],[-105.331144,28.060344]],[[-105.331131,28.058034],[-105.331153,28.056123],[-105.331485,28.056101],[-105.332466,28.056096],[-105.332625,28.056241],[-105.333159,28.056926],[-105.333182,28.059628],[-105.333021,28.059461],[-105.332638,28.059301],[-105.332201,28.058869],[-105.331716,28.058397],[-105.331131,28.058034]]]}},{"type":"Feature","properties":{"modulo":2,"idparcela":"508","productor":"MALTOS VARGAS JOSE GERARDO","cultivo":null,"superficie_fisica_ha":12.55,"superficie_riego_ha":12.55,"hectareas":11.888},"geometry":{"type":"Polygon","coordinates":[[[-105.330459,28.062756],[-105.330206,28.062706],[-105.329649,28.062561],[-105.32875,28.062266],[-105.328721,28.062171],[-105.328636,28.060988],[-105.328507,28.059829],[-105.328687,28.059857],[-105.328905,28.059964],[-105.329135,28.060182],[-105.329489,28.060676],[-105.329986,28.061477],[-105.330281,28.062123],[-105.33044,28.062391],[-105.330474,28.062653],[-105.330459,28.062756]],[[-105.330979,28.062903],[-105.330838,28.062868],[-105.330587,28.062189],[-105.330223,28.06146],[-105.329903,28.060747],[-105.329496,28.060242],[-105.328915,28.059735],[-105.330919,28.059808],[-105.330975,28.060972],[-105.330969,28.06165],[-105.330932,28.061991],[-105.330963,28.062308],[-105.330983,28.062586],[-105.330979,28.062903]],[[-105.328308,28.059718],[-105.328387,28.060347],[-105.328473,28.060982],[-105.328518,28.061937],[-105.328542,28.062183],[-105.328198,28.062154],[-105.327619,28.061986],[-105.327149,28.061729],[-105.326663,28.061673],[-105.326019,28.061726],[-105.326015,28.060572],[-105.325993,28.059638],[-105.327859,28.059702],[-105.328306,28.059718],[-105.328308,28.059718]]]}},{"type":"Feature","properties":{"modulo":2,"idparcela":"697","productor":"SANTOS GANDARA GUSTAVO","cultivo":null,"superficie_fisica_ha":18.9,"superficie_riego_ha":16.55,"hectareas":24.014},"geometry":{"type":"Polygon","coordinates":[[[-105.326083,28.04692],[-105.326089,28.046892],[-105.32566,28.045545],[-105.325115,28.044639],[-105.324316,28.044627],[-105.324007,28.043462],[-105.323905,28.043115],[-105.3252,28.043006],[-105.325905,28.042782],[-105.326145,28.042619],[-105.326455,28.042408],[-105.327234,28.042841],[-105.32764,28.043325],[-105.327848,28.043301],[-105.328013,28.043177],[-105.328233,28.043783],[-105.328525,28.044396],[-105.328777,28.045152],[-105.328925,28.046383],[-105.329046,28.046978],[-105.326083,28.04692]],[[-105.324945,28.050482],[-105.323736,28.050306],[-105.323131,28.050195],[-105.323182,28.049994],[-105.323715,28.049119],[-105.324447,28.047871],[-105.324864,28.047],[-105.324755,28.046365],[-105.324328,28.045099],[-105.324226,28.044782],[-105.324875,28.044759],[-105.325385,28.045483],[-105.325656,28.046285],[-105.325812,28.046918],[-105.32573,28.048215],[-105.325715,28.049073],[-105.325696,28.049572],[-105.325201,28.050158],[-105.324945,28.050482]]]}},{"type":"Feature","properties":{"modulo":2,"idparcela":"566","productor":"ALVAREZ RODRIGUEZ ALVARO","cultivo":null,"superficie_fisica_ha":18.9,"superficie_riego_ha":15,"hectareas":19.662},"geometry":{"type":"Polygon","coordinates":[[[-105.319411,28.037961],[-105.319351,28.037728],[-105.319168,28.037026],[-105.318989,28.036155],[-105.318999,28.035718],[-105.319013,28.035667],[-105.322472,28.035716],[-105.324774,28.035793],[-105.325024,28.036341],[-105.325521,28.037907],[-105.325494,28.037971],[-105.319411,28.037961]],[[-105.319402,28.038603],[-105.319372,28.038811],[-105.31924,28.039121],[-105.319091,28.039235],[-105.318343,28.038892],[-105.317978,28.038641],[-105.317736,28.03797],[-105.317505,28.035987],[-105.317476,28.035729],[-105.317464,28.035644],[-105.318829,28.03564],[-105.318799,28.035761],[-105.318844,28.036615],[-105.319155,28.03774],[-105.319319,28.038334],[-105.319402,28.038603]]]}},{"type":"Feature","properties":{"modulo":2,"idparcela":"563","productor":"JAIME CALZADA SAMUEL","cultivo":null,"superficie_fisica_ha":17,"superficie_riego_ha":12.4,"hectareas":15.844},"geometry":{"type":"Polygon","coordinates":[[[-105.319013,28.035667],[-105.319143,28.035217],[-105.319334,28.034796],[-105.319524,28.034335],[-105.319397,28.03378],[-105.319253,28.033507],[-105.323684,28.033579],[-105.324347,28.034858],[-105.324774,28.035793],[-105.322472,28.035716],[-105.319013,28.035667]],[[-105.317464,28.035644],[-105.317148,28.033469],[-105.319031,28.03347],[-105.319218,28.033784],[-105.319338,28.0341],[-105.319302,28.034419],[-105.318981,28.035022],[-105.318829,28.03564],[-105.317464,28.035644]]]}},{"type":"Feature","properties":{"modulo":2,"idparcela":"538","productor":"FRANCO GARDEA MARTHA","cultivo":null,"superficie_fisica_ha":26.9,"superficie_riego_ha":25.8,"hectareas":32.642},"geometry":{"type":"Polygon","coordinates":[[[-105.321788,28.02307],[-105.320676,28.023222],[-105.32031,28.023165],[-105.319903,28.022441],[-105.319302,28.020817],[-105.318806,28.019491],[-105.317912,28.017786],[-105.317755,28.017337],[-105.317946,28.017226],[-105.318307,28.017089],[-105.318957,28.016903],[-105.319845,28.016497],[-105.320828,28.016025],[-105.320903,28.016109],[-105.320935,28.016432],[-105.320784,28.017124],[-105.32079,28.017383],[-105.320701,28.017686],[-105.320807,28.018028],[-105.32094,28.018457],[-105.320997,28.018778],[-105.320909,28.019125],[-105.32107,28.019725],[-105.321463,28.020837],[-105.321623,28.021372],[-105.321683,28.021823],[-105.322015,28.022441],[-105.322294,28.022909],[-105.322321,28.023038],[-105.321788,28.02307]],[[-105.322635,28.022967],[-105.322454,28.022518],[-105.322473,28.022345],[-105.322368,28.022046],[-105.322021,28.021751],[-105.3218,28.02167],[-105.321609,28.020834],[-105.321215,28.0197],[-105.321081,28.019208],[-105.321218,28.018882],[-105.321159,28.018474],[-105.321099,28.018044],[-105.320894,28.017639],[-105.320902,28.017014],[-105.321055,28.016365],[-105.320947,28.015936],[-105.321615,28.015513],[-105.322376,28.014916],[-105.322735,28.014693],[-105.322995,28.014429],[-105.323241,28.013627],[-105.323335,28.013518],[-105.323605,28.01362],[-105.324409,28.01446],[-105.324731,28.014932],[-105.324743,28.015384],[-105.324607,28.015753],[-105.324371,28.016017],[-105.324181,28.016171],[-105.324208,28.016257],[-105.324281,28.016277],[-105.32426,28.016407],[-105.323119,28.017335],[-105.322716,28.017688],[-105.32257,28.017669],[-105.322516,28.017455],[-105.322437,28.017241],[-105.322167,28.017139],[-105.321903,28.017231],[-105.321835,28.017404],[-105.321745,28.017708],[-105.321659,28.018119],[-105.321645,28.018507],[-105.321844,28.018696],[-105.322038,28.018692],[-105.322058,28.018541],[-105.322205,28.018407],[-105.322276,28.018515],[-105.322131,28.019444],[-105.32226,28.019765],[-105.322494,28.020342],[-105.322819,28.020701],[-105.323219,28.021145],[-105.323417,28.021314],[-105.323695,28.021739],[-105.323918,28.021906],[-105.323945,28.022013],[-105.323948,28.022121],[-105.323854,28.022231],[-105.323586,28.022193],[-105.323416,28.022197],[-105.323273,28.022286],[-105.32323,28.022524],[-105.323282,28.02263],[-105.322635,28.022967]]]}},{"type":"Feature","properties":{"modulo":2,"idparcela":"580","productor":"VARGAS FACIO GERMAN","cultivo":null,"superficie_fisica_ha":13.22,"superficie_riego_ha":8.25,"hectareas":8.008},"geometry":{"type":"Polygon","coordinates":[[[-105.311539,28.022757],[-105.311079,28.022991],[-105.310754,28.023152],[-105.310694,28.023119],[-105.310714,28.022378],[-105.310709,28.022171],[-105.311076,28.022112],[-105.311406,28.022122],[-105.31159,28.02248],[-105.311654,28.022669],[-105.311539,28.022757]],[[-105.313063,28.025427],[-105.312884,28.025412],[-105.31248,28.02534],[-105.312247,28.02531],[-105.311829,28.025449],[-105.311307,28.025589],[-105.310742,28.025686],[-105.310708,28.025118],[-105.310601,28.024017],[-105.310682,28.023378],[-105.31122,28.023177],[-105.311779,28.022993],[-105.31191,28.022836],[-105.311868,28.022716],[-105.312218,28.022726],[-105.31247,28.022704],[-105.312427,28.022549],[-105.311882,28.022509],[-105.311619,28.022083],[-105.311891,28.022095],[-105.312415,28.022084],[-105.313017,28.022103],[-105.313063,28.025427]]]}},{"type":"Feature","properties":{"modulo":2,"idparcela":"553","productor":"SAENZ JUAREZ FRANCISCO","cultivo":null,"superficie_fisica_ha":23.45,"superficie_riego_ha":21.68,"hectareas":22.804},"geometry":{"type":"Polygon","coordinates":[[[-105.305601,28.035675],[-105.305589,28.036073],[-105.305602,28.036454],[-105.305605,28.036542],[-105.305613,28.036775],[-105.305554,28.03777],[-105.303752,28.037747],[-105.302403,28.037747],[-105.300924,28.037777],[-105.300588,28.037784],[-105.300541,28.037686],[-105.300584,28.037625],[-105.300807,28.037581],[-105.300916,28.03746],[-105.300885,28.037122],[-105.300748,28.037079],[-105.301346,28.036775],[-105.302012,28.036523],[-105.302413,28.0364],[-105.302714,28.036334],[-105.302995,28.036322],[-105.303,28.036328],[-105.303098,28.036279],[-105.303186,28.036242],[-105.303796,28.036168],[-105.305601,28.035675]],[[-105.305601,28.035675],[-105.303788,28.036159],[-105.303175,28.036241],[-105.303098,28.036279],[-105.303,28.036321],[-105.302995,28.036322],[-105.302936,28.03615],[-105.302541,28.036174],[-105.301998,28.036304],[-105.301472,28.036479],[-105.301053,28.036681],[-105.300592,28.036891],[-105.300601,28.035676],[-105.300585,28.033435],[-105.303354,28.033438],[-105.305606,28.033399],[-105.305641,28.035613],[-105.305625,28.035639],[-105.305601,28.035675]]]}},{"type":"Feature","properties":{"modulo":2,"idparcela":"613","productor":"RODRIGUEZ NATIVIDAD SOCORRO ARTURO","cultivo":null,"superficie_fisica_ha":11.65,"superficie_riego_ha":8.05,"hectareas":7.893},"geometry":{"type":"Polygon","coordinates":[[[-105.302451,28.044785],[-105.302874,28.044512],[-105.302919,28.044676],[-105.302904,28.044994],[-105.302856,28.045711],[-105.302857,28.046626],[-105.302834,28.046922],[-105.302616,28.046926],[-105.302168,28.046913],[-105.301451,28.046916],[-105.300714,28.046948],[-105.300312,28.046962],[-105.300177,28.046703],[-105.300053,28.046376],[-105.300446,28.046118],[-105.301218,28.045645],[-105.301922,28.045154],[-105.302451,28.044785]],[[-105.302884,28.04243],[-105.302888,28.042648],[-105.302839,28.043149],[-105.302841,28.043751],[-105.302892,28.044205],[-105.302642,28.044383],[-105.302179,28.044671],[-105.301298,28.045266],[-105.300792,28.045634],[-105.300131,28.046065],[-105.299997,28.046088],[-105.299926,28.04593],[-105.300052,28.045609],[-105.300505,28.044944],[-105.300615,28.044842],[-105.300928,28.044816],[-105.300995,28.044815],[-105.301146,28.044593],[-105.301275,28.044371],[-105.30136,28.044211],[-105.301693,28.044065],[-105.302073,28.044057],[-105.302272,28.043953],[-105.302244,28.043715],[-105.30204,28.042765],[-105.30198,28.042448],[-105.302884,28.04243]],[[-105.302972,28.042428],[-105.302976,28.042432],[-105.302884,28.04243],[-105.302972,28.042428]]]}},{"type":"Feature","properties":{"modulo":2,"idparcela":"606","productor":"TARANGO ORTIZ JOSE DOLORES","cultivo":null,"superficie_fisica_ha":19.7,"superficie_riego_ha":15.4,"hectareas":18.029},"geometry":{"type":"Polygon","coordinates":[[[-105.318655,28.043595],[-105.318627,28.043758],[-105.318528,28.044277],[-105.318067,28.044644],[-105.316789,28.04463],[-105.316362,28.044645],[-105.315424,28.044678],[-105.313855,28.044691],[-105.313869,28.044722],[-105.310721,28.044744],[-105.310723,28.043184],[-105.310732,28.042458],[-105.312526,28.042475],[-105.314258,28.042491],[-105.317515,28.042522],[-105.317499,28.042628],[-105.317661,28.042823],[-105.317912,28.042977],[-105.318388,28.043186],[-105.318685,28.043418],[-105.318655,28.043595],[-105.318655,28.043595]]]}},{"type":"Feature","properties":{"modulo":2,"idparcela":"614","productor":"LICON MARQUEZ RAUL","cultivo":null,"superficie_fisica_ha":12.1,"superficie_riego_ha":11.1,"hectareas":12.589},"geometry":{"type":"Polygon","coordinates":[[[-105.32072,28.055893],[-105.320408,28.055899],[-105.320362,28.054851],[-105.320287,28.054137],[-105.320333,28.053775],[-105.320661,28.052899],[-105.320799,28.052834],[-105.320825,28.053848],[-105.320831,28.055835],[-105.32072,28.055893]],[[-105.318896,28.055937],[-105.318033,28.055933],[-105.317941,28.051546],[-105.318012,28.051545],[-105.319622,28.051554],[-105.320779,28.051569],[-105.320791,28.051633],[-105.320772,28.052514],[-105.32049,28.052633],[-105.320341,28.053154],[-105.3201,28.05378],[-105.320028,28.054104],[-105.320203,28.055041],[-105.320265,28.05564],[-105.320249,28.055889],[-105.319806,28.055919],[-105.318896,28.055937]]]}},{"type":"Feature","properties":{"modulo":2,"idparcela":"796","productor":"RODRIGUEZ CARRASCO RAFAEL HUMBERTO","cultivo":null,"superficie_fisica_ha":15.75,"superficie_riego_ha":15.75,"hectareas":16.832},"geometry":{"type":"Polygon","coordinates":[[[-105.320752,28.066566],[-105.320277,28.066562],[-105.320039,28.066552],[-105.31988,28.066542],[-105.319813,28.066403],[-105.319903,28.066204],[-105.320273,28.065803],[-105.32041,28.065617],[-105.320363,28.065],[-105.320262,28.063569],[-105.320247,28.062882],[-105.3204,28.062793],[-105.320794,28.062729],[-105.320878,28.062896],[-105.320865,28.064821],[-105.32086,28.066465],[-105.320752,28.066566]],[[-105.315312,28.066544],[-105.315363,28.066466],[-105.315589,28.065997],[-105.315879,28.065612],[-105.316129,28.065452],[-105.316361,28.065251],[-105.316617,28.064726],[-105.316858,28.064243],[-105.3169,28.064045],[-105.31692,28.063581],[-105.317025,28.063354],[-105.317413,28.063051],[-105.317915,28.062858],[-105.318421,28.062834],[-105.318977,28.062878],[-105.319435,28.062855],[-105.32007,28.062912],[-105.32011,28.063221],[-105.32019,28.063865],[-105.320196,28.06468],[-105.320251,28.065578],[-105.320129,28.065778],[-105.319898,28.066007],[-105.319683,28.066279],[-105.319641,28.066504],[-105.318469,28.066486],[-105.317392,28.066522],[-105.317294,28.066398],[-105.31712,28.066388],[-105.316868,28.066463],[-105.31668,28.066537],[-105.316685,28.066569],[-105.315312,28.066544]]]}},{"type":"Feature","properties":{"modulo":2,"idparcela":"795","productor":"SALAS SOTO FRANCISCO ALFREDO","cultivo":null,"superficie_fisica_ha":18.7,"superficie_riego_ha":18.7,"hectareas":19.187},"geometry":{"type":"Polygon","coordinates":[[[-105.319196,28.069479],[-105.318674,28.069503],[-105.318119,28.069473],[-105.317533,28.069485],[-105.317374,28.069474],[-105.317291,28.069335],[-105.317275,28.068717],[-105.317319,28.068562],[-105.317444,28.068503],[-105.317403,28.068138],[-105.317381,28.067928],[-105.317376,28.067717],[-105.317372,28.067549],[-105.317447,28.067407],[-105.317477,28.067322],[-105.317306,28.066847],[-105.317253,28.066652],[-105.317442,28.066592],[-105.319002,28.066593],[-105.319558,28.066614],[-105.319372,28.066955],[-105.319283,28.067327],[-105.319255,28.067468],[-105.319539,28.068038],[-105.319776,28.068624],[-105.319947,28.069112],[-105.319986,28.069392],[-105.319862,28.069493],[-105.319196,28.069479]],[[-105.320621,28.069449],[-105.320258,28.069471],[-105.320144,28.069389],[-105.319816,28.068328],[-105.31953,28.067687],[-105.319414,28.067507],[-105.319441,28.06731],[-105.319645,28.066659],[-105.320057,28.066636],[-105.320803,28.066691],[-105.320859,28.067013],[-105.320832,28.068419],[-105.320795,28.069432],[-105.320621,28.069449]],[[-105.316186,28.069484],[-105.315256,28.069485],[-105.31408,28.069513],[-105.313943,28.069512],[-105.313872,28.069419],[-105.313988,28.069037],[-105.314148,28.068458],[-105.31417,28.068106],[-105.314276,28.067893],[-105.3146,28.067577],[-105.314768,28.067335],[-105.315074,28.066907],[-105.315312,28.066544],[-105.316685,28.066569],[-105.316699,28.066649],[-105.316938,28.066729],[-105.317162,28.066808],[-105.317261,28.066961],[-105.317345,28.067142],[-105.317346,28.067325],[-105.317242,28.067453],[-105.317307,28.068098],[-105.317327,28.068252],[-105.317299,28.068421],[-105.31719,28.06848],[-105.317172,28.069],[-105.317168,28.069347],[-105.31712,28.069451],[-105.316186,28.069484]]]}},{"type":"Feature","properties":{"modulo":2,"idparcela":"620","productor":"SALAS DOMINGUEZ ABEL","cultivo":null,"superficie_fisica_ha":16.04,"superficie_riego_ha":16.04,"hectareas":15.801},"geometry":{"type":"Polygon","coordinates":[[[-105.304792,28.052407],[-105.3048,28.052412],[-105.30509,28.052366],[-105.305311,28.052222],[-105.305548,28.051879],[-105.305617,28.05159],[-105.307108,28.051588],[-105.30711,28.053714],[-105.307116,28.055959],[-105.305789,28.05595],[-105.304892,28.055949],[-105.304706,28.055674],[-105.304242,28.055067],[-105.303232,28.053299],[-105.302322,28.051905],[-105.30236,28.051646],[-105.302807,28.051597],[-105.303223,28.051596],[-105.304483,28.052259],[-105.304792,28.052407]]]}},{"type":"Feature","properties":{"modulo":2,"idparcela":"784","productor":"LICON SALCIDO LUIS OCTAVIO","cultivo":null,"superficie_fisica_ha":14,"superficie_riego_ha":14,"hectareas":15.152},"geometry":{"type":"Polygon","coordinates":[[[-105.327521,28.07406],[-105.324845,28.07407],[-105.322279,28.074081],[-105.321185,28.074047],[-105.32101,28.074036],[-105.320943,28.073869],[-105.320951,28.072593],[-105.325266,28.072572],[-105.326913,28.072561],[-105.326947,28.072636],[-105.327745,28.073476],[-105.328253,28.074083],[-105.327507,28.074086],[-105.327521,28.07406]],[[-105.329522,28.072525],[-105.329803,28.072802],[-105.330045,28.072965],[-105.330287,28.073129],[-105.330575,28.07325],[-105.33102,28.073311],[-105.331085,28.07338],[-105.331091,28.07393],[-105.331063,28.074072],[-105.330407,28.074082],[-105.328773,28.074072],[-105.328592,28.074057],[-105.327998,28.073443],[-105.32759,28.072988],[-105.327536,28.07275],[-105.327453,28.072524],[-105.329522,28.072525]]]}},{"type":"Feature","properties":{"modulo":2,"idparcela":"785","productor":"BEJARANO ORONA SERVANDO EDUA","cultivo":null,"superficie_fisica_ha":7.2471,"superficie_riego_ha":5.75,"hectareas":10.772},"geometry":{"type":"Polygon","coordinates":[[[-105.320951,28.072593],[-105.320955,28.07193],[-105.320958,28.071215],[-105.326291,28.071216],[-105.326325,28.071271],[-105.326913,28.072561],[-105.325266,28.072572],[-105.320951,28.072593]],[[-105.328228,28.071255],[-105.328226,28.07126],[-105.328201,28.071542],[-105.328301,28.071737],[-105.328639,28.07194],[-105.328944,28.072075],[-105.329412,28.072416],[-105.329522,28.072525],[-105.327453,28.072524],[-105.327382,28.072332],[-105.327109,28.072197],[-105.326948,28.072088],[-105.326629,28.071406],[-105.326549,28.071257],[-105.328228,28.071255]]]}},{"type":"Feature","properties":{"modulo":2,"idparcela":"786","productor":"SALAS SOTO JUAN EDUARDO","cultivo":null,"superficie_fisica_ha":7.392,"superficie_riego_ha":5.75,"hectareas":12.263},"geometry":{"type":"Polygon","coordinates":[[[-105.320958,28.071215],[-105.32096,28.0703],[-105.320963,28.069794],[-105.321023,28.069666],[-105.321245,28.069674],[-105.323619,28.069625],[-105.32573,28.06965],[-105.325763,28.069765],[-105.326043,28.070813],[-105.326291,28.071216],[-105.320958,28.071215]],[[-105.325984,28.069614],[-105.326836,28.069603],[-105.32785,28.06961],[-105.328214,28.069602],[-105.328376,28.069754],[-105.328396,28.069908],[-105.328323,28.070148],[-105.328249,28.070332],[-105.32827,28.070543],[-105.328355,28.070752],[-105.328345,28.070963],[-105.328228,28.071255],[-105.326549,28.071257],[-105.326313,28.070822],[-105.326105,28.070152],[-105.325984,28.069614]]]}},{"type":"Feature","properties":{"modulo":2,"idparcela":"824","productor":"POBLANO ORTA FELIPE DE JES","cultivo":null,"superficie_fisica_ha":15.75,"superficie_riego_ha":15.65,"hectareas":14.661},"geometry":{"type":"Polygon","coordinates":[[[-105.325942,28.098207],[-105.325375,28.098216],[-105.32464,28.096943],[-105.324407,28.096554],[-105.3235,28.095034],[-105.322751,28.09359],[-105.322204,28.09224],[-105.322313,28.092178],[-105.325227,28.092178],[-105.326071,28.092191],[-105.3258,28.092817],[-105.325879,28.093308],[-105.3259,28.094894],[-105.325911,28.095798],[-105.325922,28.09665],[-105.325942,28.098207]]]}},{"type":"Feature","properties":{"modulo":2,"idparcela":"760","productor":"GRANADOS GONZALEZ JUAN","cultivo":null,"superficie_fisica_ha":8.93,"superficie_riego_ha":8.93,"hectareas":8.933},"geometry":{"type":"Polygon","coordinates":[[[-105.328239,28.100045],[-105.327499,28.099961],[-105.326809,28.099936],[-105.326191,28.099278],[-105.326206,28.098982],[-105.326178,28.098785],[-105.325953,28.098691],[-105.3259,28.098357],[-105.325942,28.098207],[-105.325922,28.09665],[-105.328279,28.09667],[-105.328239,28.100045]],[[-105.328284,28.101657],[-105.328233,28.101599],[-105.327349,28.100581],[-105.326859,28.100013],[-105.327334,28.100028],[-105.328257,28.100164],[-105.328284,28.101657]]]}},{"type":"Feature","properties":{"modulo":2,"idparcela":"759","productor":"JIMENEZ GONZALEZ GERMAN","cultivo":null,"superficie_fisica_ha":8,"superficie_riego_ha":8,"hectareas":9.532},"geometry":{"type":"Polygon","coordinates":[[[-105.328239,28.100045],[-105.328279,28.09667],[-105.328629,28.096673],[-105.329341,28.096679],[-105.33012,28.096685],[-105.330972,28.096675],[-105.33096,28.099069],[-105.330958,28.099764],[-105.330267,28.099873],[-105.329456,28.099961],[-105.328946,28.099991],[-105.328239,28.100045]]]}},{"type":"Feature","properties":{"modulo":2,"idparcela":"1041","productor":"ACEVEDO VARGAS JOEL ENRIQUE","cultivo":null,"superficie_fisica_ha":4.5,"superficie_riego_ha":4.5,"hectareas":4.835},"geometry":{"type":"Polygon","coordinates":[[[-105.356766,28.11229],[-105.356565,28.112296],[-105.356502,28.112279],[-105.356468,28.112177],[-105.356462,28.111185],[-105.356473,28.11024],[-105.356566,28.110228],[-105.356653,28.110216],[-105.3567,28.110225],[-105.356716,28.110396],[-105.356714,28.111188],[-105.35675,28.111674],[-105.356769,28.111948],[-105.35681,28.112196],[-105.356795,28.112263],[-105.356766,28.11229]],[[-105.356885,28.112291],[-105.356849,28.111947],[-105.356805,28.111475],[-105.356777,28.110427],[-105.356776,28.110239],[-105.357091,28.110217],[-105.35743,28.11022],[-105.357774,28.110208],[-105.358411,28.110231],[-105.358651,28.110236],[-105.35866,28.11035],[-105.35869,28.111581],[-105.35871,28.112324],[-105.356885,28.112291]]]}},{"type":"Feature","properties":{"modulo":2,"idparcela":"1127","productor":"RODRIGUEZ GONZALEZ JOSE REFUGIO","cultivo":null,"superficie_fisica_ha":4.7464,"superficie_riego_ha":4.7464,"hectareas":4.328},"geometry":{"type":"Polygon","coordinates":[[[-105.354371,28.131167],[-105.354224,28.13107],[-105.354074,28.13106],[-105.353056,28.131241],[-105.352158,28.13138],[-105.351723,28.131436],[-105.351618,28.131417],[-105.351548,28.131072],[-105.351479,28.130727],[-105.351569,28.130712],[-105.352111,28.130741],[-105.352619,28.13061],[-105.35308,28.130428],[-105.353567,28.130098],[-105.354094,28.12954],[-105.354382,28.131143],[-105.354371,28.131167]],[[-105.351338,28.131487],[-105.350539,28.131624],[-105.350269,28.131629],[-105.350168,28.131232],[-105.35011,28.130715],[-105.350057,28.130436],[-105.350481,28.130288],[-105.350772,28.130222],[-105.350974,28.130198],[-105.351113,28.130355],[-105.351346,28.130629],[-105.351394,28.130748],[-105.351452,28.131246],[-105.351501,28.131404],[-105.351338,28.131487]]]}},{"type":"Feature","properties":{"modulo":2,"idparcela":"1149","productor":"LARA N. JESUS","cultivo":null,"superficie_fisica_ha":0.8535,"superficie_riego_ha":0.8535,"hectareas":4.365},"geometry":{"type":"Polygon","coordinates":[[[-105.34528,28.133709],[-105.345206,28.132612],[-105.345144,28.132182],[-105.345134,28.132111],[-105.34535,28.13209],[-105.34553,28.13208],[-105.34569,28.132183],[-105.345766,28.132501],[-105.345778,28.132756],[-105.346029,28.132907],[-105.346337,28.133191],[-105.346755,28.133628],[-105.345282,28.133776],[-105.34528,28.133709]],[[-105.344859,28.130653],[-105.345424,28.130391],[-105.345372,28.131129],[-105.345421,28.131588],[-105.345459,28.131844],[-105.345487,28.131966],[-105.345153,28.131989],[-105.345002,28.132012],[-105.344859,28.130653]],[[-105.345694,28.128229],[-105.345699,28.128303],[-105.345635,28.128906],[-105.345437,28.130209],[-105.345423,28.13039],[-105.344859,28.130653],[-105.344852,28.130589],[-105.344691,28.129062],[-105.344605,28.128254],[-105.344821,28.128249],[-105.345694,28.128229]]]}},{"type":"Feature","properties":{"modulo":2,"idparcela":"1145","productor":"HERNANDEZ RAMOS JESUS","cultivo":null,"superficie_fisica_ha":4.5,"superficie_riego_ha":4.5,"hectareas":5.646},"geometry":{"type":"Polygon","coordinates":[[[-105.340975,28.125272],[-105.341128,28.125265],[-105.342481,28.125251],[-105.342599,28.126637],[-105.342564,28.12664],[-105.342567,28.126718],[-105.342556,28.126869],[-105.342527,28.126869],[-105.342527,28.126869],[-105.341563,28.126881],[-105.341535,28.126881],[-105.341457,28.126883],[-105.341429,28.126883],[-105.34104,28.126891],[-105.340975,28.125272]],[[-105.339334,28.125179],[-105.339316,28.125033],[-105.339278,28.124957],[-105.339199,28.124959],[-105.339228,28.123875],[-105.339276,28.123772],[-105.339346,28.12372],[-105.340912,28.123705],[-105.340975,28.125272],[-105.339338,28.12535],[-105.339317,28.125351],[-105.339329,28.125268],[-105.339334,28.125179]]]}},{"type":"Feature","properties":{"modulo":2,"idparcela":"1175","productor":"TRUJILLO HERNANDEZ ARTURO","cultivo":null,"superficie_fisica_ha":5.9593,"superficie_riego_ha":4.704,"hectareas":5.082},"geometry":{"type":"Polygon","coordinates":[[[-105.343073,28.12692],[-105.343081,28.126735],[-105.343072,28.12661],[-105.344949,28.126584],[-105.345853,28.126565],[-105.34583,28.126877],[-105.345802,28.126877],[-105.343788,28.126854],[-105.34376,28.126856],[-105.343428,28.126887],[-105.34333,28.126896],[-105.343224,28.126906],[-105.343073,28.12692]],[[-105.345999,28.12665],[-105.346044,28.126359],[-105.345982,28.125869],[-105.34582,28.125293],[-105.345748,28.125048],[-105.34576,28.124874],[-105.345838,28.124728],[-105.346081,28.124679],[-105.346342,28.124645],[-105.346677,28.124334],[-105.346847,28.123998],[-105.346941,28.123822],[-105.347382,28.123827],[-105.347449,28.123826],[-105.347617,28.126629],[-105.345999,28.12665]]]}},{"type":"Feature","properties":{"modulo":2,"idparcela":"************","productor":null,"cultivo":null,"superficie_fisica_ha":null,"superficie_riego_ha":null,"hectareas":0.963},"geometry":{"type":"Polygon","coordinates":[[[-105.323787,28.020989],[-105.323533,28.021127],[-105.323416,28.021187],[-105.323285,28.021085],[-105.323008,28.020757],[-105.322722,28.020468],[-105.322543,28.020186],[-105.322518,28.020053],[-105.322816,28.019952],[-105.32337,28.019836],[-105.323517,28.020499],[-105.323785,28.020903],[-105.323787,28.020989]]]}},{"type":"Feature","properties":{"modulo":2,"idparcela":"************","productor":null,"cultivo":null,"superficie_fisica_ha":null,"superficie_riego_ha":null,"hectareas":1.133},"geometry":{"type":"Polygon","coordinates":[[[-105.298496,28.025047],[-105.297375,28.02507],[-105.297359,28.024477],[-105.297373,28.02417],[-105.297782,28.024124],[-105.298214,28.024134],[-105.298495,28.024147],[-105.298509,28.024683],[-105.298496,28.025047]]]}},{"type":"Feature","properties":{"modulo":2,"idparcela":"************","productor":null,"cultivo":null,"superficie_fisica_ha":null,"superficie_riego_ha":null,"hectareas":11.095},"geometry":{"type":"Polygon","coordinates":[[[-105.316296,28.032568],[-105.314721,28.032558],[-105.313956,28.032489],[-105.313914,28.031791],[-105.31386,28.029739],[-105.313851,28.02894],[-105.314959,28.028964],[-105.316099,28.028978],[-105.316478,28.028976],[-105.316599,28.029733],[-105.316808,28.031237],[-105.316993,28.032573],[-105.316296,28.032568]]]}},{"type":"Feature","properties":{"modulo":2,"idparcela":"************","productor":null,"cultivo":null,"superficie_fisica_ha":null,"superficie_riego_ha":null,"hectareas":4.742},"geometry":{"type":"Polygon","coordinates":[[[-105.316531,28.028774],[-105.314623,28.028814],[-105.313453,28.028753],[-105.313571,28.026867],[-105.313694,28.026102],[-105.314504,28.026974],[-105.314627,28.02712],[-105.315794,28.027964],[-105.316788,28.0286],[-105.316531,28.028774]]]}},{"type":"Feature","properties":{"modulo":2,"idparcela":"************","productor":null,"cultivo":null,"superficie_fisica_ha":null,"superficie_riego_ha":null,"hectareas":11.49},"geometry":{"type":"Polygon","coordinates":[[[-105.317454,28.037667],[-105.315283,28.037648],[-105.313683,28.037596],[-105.31329,28.032587],[-105.313151,28.030918],[-105.313766,28.031625],[-105.313819,28.032725],[-105.314319,28.035445],[-105.314561,28.035588],[-105.3163,28.035489],[-105.317232,28.035555],[-105.317438,28.037032],[-105.317454,28.037667]]]}},{"type":"Feature","properties":{"modulo":2,"idparcela":"************","productor":null,"cultivo":null,"superficie_fisica_ha":null,"superficie_riego_ha":null,"hectareas":9.605},"geometry":{"type":"Polygon","coordinates":[[[-105.29995,28.036526],[-105.298386,28.036526],[-105.297423,28.03642],[-105.297324,28.035349],[-105.297381,28.033455],[-105.299089,28.033483],[-105.300264,28.033554],[-105.300312,28.035414],[-105.300306,28.036518],[-105.29995,28.036526]]]}},{"type":"Feature","properties":{"modulo":2,"idparcela":"************","productor":null,"cultivo":null,"superficie_fisica_ha":null,"superficie_riego_ha":null,"hectareas":2.014},"geometry":{"type":"Polygon","coordinates":[[[-105.295695,28.039937],[-105.295667,28.039862],[-105.295521,28.039528],[-105.295379,28.039368],[-105.294713,28.038679],[-105.295709,28.037962],[-105.296689,28.039646],[-105.295786,28.0399],[-105.295695,28.039937]]]}},{"type":"Feature","properties":{"modulo":2,"idparcela":"637","productor":"PARCELA ESCOLAR LA VI¥A","cultivo":null,"superficie_fisica_ha":3,"superficie_riego_ha":3,"hectareas":4.654},"geometry":{"type":"Polygon","coordinates":[[[-105.298401,28.042512],[-105.297084,28.042579],[-105.296283,28.042593],[-105.296147,28.041978],[-105.296064,28.041294],[-105.296043,28.040975],[-105.295979,28.040541],[-105.295695,28.039937],[-105.295786,28.0399],[-105.296689,28.039646],[-105.29695,28.040152],[-105.298251,28.042303],[-105.298401,28.042512]]]}},{"type":"Feature","properties":{"modulo":2,"idparcela":"639","productor":"ARMENDARIZ SILVA J DE LA LUZ","cultivo":null,"superficie_fisica_ha":0.288,"superficie_riego_ha":0.288,"hectareas":0.325},"geometry":{"type":"Polygon","coordinates":[[[-105.299446,28.044955],[-105.299142,28.044986],[-105.298945,28.045],[-105.298585,28.045022],[-105.298372,28.045029],[-105.29806,28.045036],[-105.297842,28.04504],[-105.297605,28.045045],[-105.297328,28.045044],[-105.297284,28.044903],[-105.297716,28.044883],[-105.297865,28.044886],[-105.298555,28.044902],[-105.299,28.044856],[-105.299175,28.044841],[-105.299432,28.044824],[-105.299446,28.044955]]]}},{"type":"Feature","properties":{"modulo":2,"idparcela":"1206","productor":"MICHEL RAMIREZ RICARDO","cultivo":null,"superficie_fisica_ha":44.4,"superficie_riego_ha":34.52,"hectareas":13.521},"geometry":{"type":"Polygon","coordinates":[[[-105.39405,28.149931],[-105.394477,28.149655],[-105.394659,28.149375],[-105.394702,28.148485],[-105.39422,28.148386],[-105.394244,28.14824],[-105.394214,28.146915],[-105.394118,28.146641],[-105.393784,28.146233],[-105.394648,28.146192],[-105.394877,28.1447],[-105.394945,28.141924],[-105.394936,28.141804],[-105.395146,28.14177],[-105.395205,28.141878],[-105.395284,28.141896],[-105.395395,28.141893],[-105.395694,28.141848],[-105.395712,28.142074],[-105.395793,28.142636],[-105.396152,28.143132],[-105.396505,28.14343],[-105.397153,28.143891],[-105.397549,28.14411],[-105.397521,28.144709],[-105.39718,28.145322],[-105.397029,28.145523],[-105.396589,28.146135],[-105.395865,28.147073],[-105.395534,28.147595],[-105.395476,28.147769],[-105.395322,28.148671],[-105.395148,28.149335],[-105.394758,28.149768],[-105.394243,28.150075],[-105.394109,28.150068],[-105.39405,28.149931]]]}},{"type":"Feature","properties":{"modulo":2,"idparcela":"************","productor":null,"cultivo":null,"superficie_fisica_ha":null,"superficie_riego_ha":null,"hectareas":7.888},"geometry":{"type":"Polygon","coordinates":[[[-105.39644,28.12301],[-105.396065,28.123889],[-105.395731,28.124458],[-105.395514,28.124854],[-105.395315,28.12513],[-105.394924,28.12501],[-105.394266,28.124755],[-105.393933,28.124597],[-105.394025,28.124471],[-105.394167,28.124105],[-105.394271,28.123636],[-105.394137,28.123159],[-105.393869,28.122736],[-105.393579,28.122514],[-105.392335,28.122092],[-105.3911,28.121714],[-105.390547,28.121542],[-105.39021,28.121423],[-105.390647,28.120751],[-105.390849,28.120835],[-105.391108,28.120918],[-105.39276,28.121567],[-105.396078,28.12288],[-105.39644,28.12301]]]}},{"type":"Feature","properties":{"modulo":2,"idparcela":"708","productor":"SANTOS N. JESUS","cultivo":null,"superficie_fisica_ha":21.05,"superficie_riego_ha":16.1,"hectareas":16.74},"geometry":{"type":"Polygon","coordinates":[[[-105.354503,28.062478],[-105.353781,28.062582],[-105.352986,28.062754],[-105.352486,28.062913],[-105.351615,28.063277],[-105.351349,28.063428],[-105.351355,28.059976],[-105.352277,28.059504],[-105.354203,28.058557],[-105.354547,28.058399],[-105.354503,28.062478]],[[-105.354539,28.062591],[-105.354588,28.06356],[-105.353474,28.063984],[-105.3514,28.064921],[-105.351408,28.063714],[-105.351637,28.063474],[-105.352422,28.063144],[-105.352887,28.062926],[-105.353544,28.062818],[-105.354284,28.062637],[-105.354539,28.062591]]]}},{"type":"Feature","properties":{"modulo":2,"idparcela":"************","productor":null,"cultivo":null,"superficie_fisica_ha":null,"superficie_riego_ha":null,"hectareas":2.688},"geometry":{"type":"Polygon","coordinates":[[[-105.351116,28.069863],[-105.350312,28.069445],[-105.349708,28.068968],[-105.349746,28.0688],[-105.349894,28.06824],[-105.349904,28.067723],[-105.349854,28.06758],[-105.350978,28.067846],[-105.351237,28.067964],[-105.351221,28.069736],[-105.351116,28.069863]]]}},{"type":"Feature","properties":{"modulo":2,"idparcela":"1013","productor":"GOMEZ TERRAZAS HECTOR MARIO","cultivo":null,"superficie_fisica_ha":8.95,"superficie_riego_ha":8.45,"hectareas":0.169},"geometry":{"type":"Polygon","coordinates":[[[-105.376452,28.118884],[-105.376504,28.118992],[-105.376243,28.119012],[-105.375844,28.119023],[-105.375811,28.11896],[-105.375858,28.118897],[-105.375905,28.118842],[-105.376026,28.11876],[-105.376226,28.118678],[-105.376264,28.118677],[-105.376341,28.11874],[-105.376452,28.118884]]]}},{"type":"Feature","properties":{"modulo":2,"idparcela":"************","productor":null,"cultivo":null,"superficie_fisica_ha":null,"superficie_riego_ha":null,"hectareas":0.332},"geometry":{"type":"Polygon","coordinates":[[[-105.330521,28.028457],[-105.330415,28.028512],[-105.330263,28.028368],[-105.330031,28.028081],[-105.330053,28.027656],[-105.330514,28.027762],[-105.330521,28.028457]]]}},{"type":"Feature","properties":{"modulo":2,"idparcela":"************","productor":null,"cultivo":null,"superficie_fisica_ha":null,"superficie_riego_ha":null,"hectareas":0.082},"geometry":{"type":"Polygon","coordinates":[[[-105.330638,28.027752],[-105.330884,28.02776],[-105.330892,28.028049],[-105.330622,28.02805],[-105.330638,28.027752]]]}},{"type":"Feature","properties":{"modulo":2,"idparcela":"1133","productor":"MARQUEZ VELARDE MANUEL","cultivo":null,"superficie_fisica_ha":3.4805,"superficie_riego_ha":3,"hectareas":4.08},"geometry":{"type":"Polygon","coordinates":[[[-105.349173,28.131774],[-105.347711,28.131982],[-105.347453,28.131997],[-105.347274,28.130601],[-105.347678,28.130591],[-105.347787,28.130563],[-105.347881,28.130415],[-105.348268,28.13029],[-105.349156,28.130395],[-105.349628,28.130385],[-105.349875,28.13036],[-105.349933,28.130858],[-105.350062,28.131454],[-105.350067,28.131654],[-105.349173,28.131774]]]}},{"type":"Feature","properties":{"modulo":2,"idparcela":"1133","productor":"MARQUEZ VELARDE MANUEL","cultivo":null,"superficie_fisica_ha":3.4805,"superficie_riego_ha":3,"hectareas":1.51},"geometry":{"type":"Polygon","coordinates":[[[-105.347453,28.131997],[-105.346471,28.132096],[-105.346404,28.131929],[-105.346297,28.131203],[-105.346353,28.130852],[-105.346575,28.130728],[-105.346856,28.13065],[-105.34708,28.130613],[-105.347274,28.130601],[-105.347453,28.131997]]]}},{"type":"Feature","properties":{"modulo":2,"idparcela":"745","productor":"ESPEJO NU¥EZ JESUS","cultivo":null,"superficie_fisica_ha":32.8,"superficie_riego_ha":21.3,"hectareas":25.669},"geometry":{"type":"Polygon","coordinates":[[[-105.346472,28.082977],[-105.345429,28.082944],[-105.344842,28.082959],[-105.344946,28.082057],[-105.344951,28.081577],[-105.345153,28.081224],[-105.345391,28.080717],[-105.345426,28.080437],[-105.34528,28.07966],[-105.345066,28.078957],[-105.344594,28.078298],[-105.344077,28.077769],[-105.343689,28.077563],[-105.343239,28.077473],[-105.343232,28.077472],[-105.343317,28.072577],[-105.343353,28.072544],[-105.34338,28.072458],[-105.344006,28.073106],[-105.344717,28.073363],[-105.345269,28.073352],[-105.345982,28.073189],[-105.346113,28.073163],[-105.346072,28.075945],[-105.346056,28.077658],[-105.34607,28.078174],[-105.346332,28.078593],[-105.346324,28.078837],[-105.346553,28.079088],[-105.346868,28.079381],[-105.346844,28.07989],[-105.346658,28.080717],[-105.346555,28.081383],[-105.346538,28.081997],[-105.346772,28.082978],[-105.346472,28.082977]],[[-105.344679,28.078877],[-105.344822,28.078923],[-105.344937,28.079212],[-105.345108,28.079554],[-105.345209,28.079951],[-105.345276,28.080307],[-105.345267,28.080632],[-105.345178,28.080842],[-105.345082,28.081189],[-105.344831,28.081543],[-105.344793,28.082248],[-105.344696,28.082961],[-105.34426,28.082964],[-105.344255,28.082603],[-105.344248,28.080706],[-105.344228,28.080201],[-105.344274,28.07993],[-105.344367,28.079685],[-105.344458,28.079441],[-105.344555,28.079251],[-105.34465,28.078988],[-105.344679,28.078877]]]}},{"type":"Feature","properties":{"modulo":2,"idparcela":"746","productor":"MARTINEZ PRIETO ALFREDO ELOY","cultivo":null,"superficie_fisica_ha":17.2,"superficie_riego_ha":11.66,"hectareas":21.281},"geometry":{"type":"Polygon","coordinates":[[[-105.343239,28.077473],[-105.341278,28.077784],[-105.341272,28.077567],[-105.341251,28.076775],[-105.341205,28.074985],[-105.341298,28.073869],[-105.341488,28.072914],[-105.341634,28.072689],[-105.342058,28.072509],[-105.34277,28.072261],[-105.343283,28.072415],[-105.34338,28.072458],[-105.343353,28.072544],[-105.343317,28.072577],[-105.343232,28.077472],[-105.343239,28.077473]],[[-105.343177,28.078004],[-105.343237,28.078094],[-105.343235,28.079701],[-105.343242,28.082934],[-105.34127,28.082964],[-105.341278,28.078439],[-105.34161,28.078356],[-105.341953,28.078228],[-105.342429,28.078098],[-105.342888,28.078041],[-105.34313,28.077986],[-105.343177,28.078004]]]}},{"type":"Feature","properties":{"modulo":2,"idparcela":"************","productor":null,"cultivo":null,"superficie_fisica_ha":null,"superficie_riego_ha":null,"hectareas":0.971},"geometry":{"type":"Polygon","coordinates":[[[-105.338748,28.132419],[-105.339483,28.132417],[-105.339553,28.132705],[-105.339676,28.133399],[-105.339601,28.13354],[-105.339525,28.133635],[-105.339317,28.133686],[-105.338946,28.133554],[-105.338854,28.133021],[-105.338748,28.132419]]]}},{"type":"Feature","properties":{"modulo":2,"idparcela":"1190","productor":"RIOS LICON PAULA","cultivo":null,"superficie_fisica_ha":0.784,"superficie_riego_ha":0.784,"hectareas":0.848},"geometry":{"type":"Polygon","coordinates":[[[-105.33769,28.122635],[-105.337134,28.122437],[-105.336763,28.122389],[-105.337178,28.122111],[-105.337684,28.121426],[-105.337949,28.120955],[-105.33794,28.121165],[-105.337909,28.121769],[-105.337898,28.122584],[-105.33769,28.122635]]]}},{"type":"Feature","properties":{"modulo":2,"idparcela":"************","productor":null,"cultivo":null,"superficie_fisica_ha":null,"superficie_riego_ha":null,"hectareas":1.432},"geometry":{"type":"Polygon","coordinates":[[[-105.340136,28.114052],[-105.339213,28.114157],[-105.338528,28.114209],[-105.338011,28.114283],[-105.338017,28.113813],[-105.338026,28.113215],[-105.338157,28.113254],[-105.338492,28.113442],[-105.338842,28.113554],[-105.339395,28.113651],[-105.339996,28.113742],[-105.340285,28.11383],[-105.340309,28.114047],[-105.340136,28.114052]]]}},{"type":"Feature","properties":{"modulo":2,"idparcela":"************","productor":null,"cultivo":null,"superficie_fisica_ha":null,"superficie_riego_ha":null,"hectareas":1.577},"geometry":{"type":"Polygon","coordinates":[[[-105.318432,28.086472],[-105.31755,28.086413],[-105.317393,28.086279],[-105.317274,28.085911],[-105.317176,28.085562],[-105.31708,28.085232],[-105.316852,28.084925],[-105.316983,28.084883],[-105.3176,28.084929],[-105.317932,28.08502],[-105.318072,28.085329],[-105.318243,28.085969],[-105.318432,28.086472]]]}},{"type":"Feature","properties":{"modulo":2,"idparcela":"************","productor":null,"cultivo":null,"superficie_fisica_ha":null,"superficie_riego_ha":null,"hectareas":0.842},"geometry":{"type":"Polygon","coordinates":[[[-105.312028,28.072467],[-105.311688,28.072122],[-105.31138,28.071801],[-105.311639,28.071603],[-105.311913,28.071451],[-105.312845,28.070736],[-105.312947,28.070738],[-105.312879,28.070847],[-105.312611,28.071173],[-105.312347,28.07154],[-105.312199,28.071836],[-105.312165,28.072328],[-105.312119,28.072585],[-105.312028,28.072467]]]}},{"type":"Feature","properties":{"modulo":2,"idparcela":"649","productor":"BALDERRAMA N. MANUEL","cultivo":null,"superficie_fisica_ha":3,"superficie_riego_ha":3,"hectareas":1.948},"geometry":{"type":"Polygon","coordinates":[[[-105.30099,28.051207],[-105.299686,28.04946],[-105.30022,28.049396],[-105.300849,28.049321],[-105.301719,28.051154],[-105.30099,28.051207]]]}},{"type":"Feature","properties":{"modulo":2,"idparcela":"650","productor":"LICON MARQUEZ RAUL","cultivo":null,"superficie_fisica_ha":0.16,"superficie_riego_ha":0.16,"hectareas":0.912},"geometry":{"type":"Polygon","coordinates":[[[-105.301656,28.052396],[-105.301345,28.051874],[-105.301015,28.051236],[-105.30099,28.051207],[-105.301719,28.051154],[-105.301929,28.05149],[-105.302271,28.052119],[-105.301656,28.052396]]]}},{"type":"Feature","properties":{"modulo":2,"idparcela":"651","productor":"LICON MARQUEZ RAUL","cultivo":null,"superficie_fisica_ha":1.664,"superficie_riego_ha":1.664,"hectareas":1.457},"geometry":{"type":"Polygon","coordinates":[[[-105.303367,28.053921],[-105.302585,28.054035],[-105.301661,28.052497],[-105.302528,28.05245],[-105.3028,28.052887],[-105.303224,28.053608],[-105.303367,28.053921]]]}},{"type":"Feature","properties":{"modulo":2,"idparcela":"************","productor":null,"cultivo":null,"superficie_fisica_ha":null,"superficie_riego_ha":null,"hectareas":1.872},"geometry":{"type":"Polygon","coordinates":[[[-105.298184,28.046997],[-105.298743,28.046944],[-105.29925,28.046918],[-105.300069,28.046887],[-105.300221,28.04732],[-105.300375,28.04776],[-105.298733,28.047962],[-105.298508,28.047631],[-105.298414,28.047448],[-105.298184,28.046997]]]}},{"type":"Feature","properties":{"modulo":2,"idparcela":"************","productor":null,"cultivo":null,"superficie_fisica_ha":null,"superficie_riego_ha":null,"hectareas":0.677},"geometry":{"type":"Polygon","coordinates":[[[-105.300375,28.04776],[-105.300437,28.047937],[-105.300489,28.048122],[-105.298988,28.048343],[-105.298733,28.047962],[-105.300375,28.04776]]]}},{"type":"Feature","properties":{"modulo":2,"idparcela":"880","productor":"FLORES N LINO","cultivo":null,"superficie_fisica_ha":0.3,"superficie_riego_ha":0.3,"hectareas":0.911},"geometry":{"type":"Polygon","coordinates":[[[-105.300489,28.048122],[-105.300535,28.04829],[-105.300647,28.048679],[-105.299368,28.048908],[-105.298988,28.048343],[-105.300489,28.048122]]]}},{"type":"Feature","properties":{"modulo":2,"idparcela":"************","productor":null,"cultivo":null,"superficie_fisica_ha":null,"superficie_riego_ha":null,"hectareas":0.841},"geometry":{"type":"Polygon","coordinates":[[[-105.300647,28.048679],[-105.300849,28.049321],[-105.30022,28.049396],[-105.299686,28.04946],[-105.299368,28.048908],[-105.300647,28.048679]]]}},{"type":"Feature","properties":{"modulo":2,"idparcela":"1032","productor":"BAEZA MORALES REYES","cultivo":null,"superficie_fisica_ha":1.8712,"superficie_riego_ha":1.8712,"hectareas":1.769},"geometry":{"type":"Polygon","coordinates":[[[-105.336442,28.109893],[-105.337513,28.109075],[-105.337642,28.109072],[-105.338067,28.109064],[-105.33826,28.109591],[-105.337608,28.110387],[-105.336652,28.11046],[-105.336442,28.109893]]]}},{"type":"Feature","properties":{"modulo":2,"idparcela":"************","productor":null,"cultivo":null,"superficie_fisica_ha":null,"superficie_riego_ha":null,"hectareas":0.62},"geometry":{"type":"Polygon","coordinates":[[[-105.337642,28.109072],[-105.337762,28.108844],[-105.337829,28.108564],[-105.338092,28.108307],[-105.338509,28.108245],[-105.338757,28.107974],[-105.338991,28.108354],[-105.338654,28.108614],[-105.338384,28.108619],[-105.338165,28.108796],[-105.338067,28.109064],[-105.337642,28.109072]]]}},{"type":"Feature","properties":{"modulo":2,"idparcela":"1130","productor":"FLACO MOLINA MANUELA","cultivo":null,"superficie_fisica_ha":0.461,"superficie_riego_ha":0.461,"hectareas":0.396},"geometry":{"type":"Polygon","coordinates":[[[-105.351231,28.124433],[-105.350682,28.124445],[-105.350642,28.123781],[-105.350871,28.123779],[-105.351207,28.12381],[-105.351226,28.124081],[-105.351231,28.124433]]]}},{"type":"Feature","properties":{"modulo":2,"idparcela":"1155","productor":"MENDOZA LERMA ALVARO","cultivo":null,"superficie_fisica_ha":4.1926,"superficie_riego_ha":4.1926,"hectareas":1.729},"geometry":{"type":"Polygon","coordinates":[[[-105.3413,28.128175],[-105.341836,28.128176],[-105.34247,28.128171],[-105.342756,28.128181],[-105.342856,28.128235],[-105.342905,28.128408],[-105.342923,28.128756],[-105.342921,28.129002],[-105.342843,28.129106],[-105.342033,28.129194],[-105.341334,28.129257],[-105.3413,28.128175]]]}},{"type":"Feature","properties":{"modulo":2,"idparcela":"1087","productor":"MENDOZA VAZQUEZ GERARDO","cultivo":null,"superficie_fisica_ha":7.26,"superficie_riego_ha":6.3733,"hectareas":7.43},"geometry":{"type":"Polygon","coordinates":[[[-105.387285,28.128044],[-105.387339,28.127816],[-105.387367,28.127707],[-105.387978,28.125321],[-105.38833,28.125175],[-105.389471,28.12469],[-105.390005,28.124427],[-105.389831,28.125729],[-105.391619,28.126244],[-105.391589,28.126354],[-105.391333,28.126421],[-105.390841,28.126432],[-105.390022,28.126449],[-105.389654,28.126537],[-105.389302,28.127147],[-105.389231,28.127677],[-105.389111,28.128025],[-105.388812,28.128031],[-105.388617,28.128041],[-105.388449,28.128045],[-105.387285,28.128044]]]}},{"type":"Feature","properties":{"modulo":2,"idparcela":"1086","productor":"CARRILLO N. GUADALUPE","cultivo":null,"superficie_fisica_ha":7.016,"superficie_riego_ha":6.1634,"hectareas":6.749},"geometry":{"type":"Polygon","coordinates":[[[-105.390005,28.124427],[-105.390476,28.124189],[-105.390953,28.123946],[-105.391242,28.123813],[-105.391575,28.123769],[-105.391824,28.123754],[-105.392237,28.123742],[-105.392813,28.123961],[-105.393099,28.124033],[-105.393701,28.124153],[-105.393635,28.124363],[-105.393236,28.124995],[-105.39294,28.125225],[-105.392569,28.125357],[-105.391972,28.125806],[-105.391653,28.126124],[-105.391619,28.126244],[-105.389831,28.125729],[-105.390005,28.124427]]]}},{"type":"Feature","properties":{"modulo":2,"idparcela":"1167","productor":"TORRES CAMARILLO FRANCISCO","cultivo":null,"superficie_fisica_ha":1.2958,"superficie_riego_ha":1.2958,"hectareas":1.399},"geometry":{"type":"Polygon","coordinates":[[[-105.357606,28.121704],[-105.357604,28.122165],[-105.357403,28.122301],[-105.357226,28.122465],[-105.357002,28.122768],[-105.356738,28.123082],[-105.356505,28.12335],[-105.35637,28.123555],[-105.356394,28.123354],[-105.356394,28.123254],[-105.356387,28.12173],[-105.356407,28.121729],[-105.357592,28.121705],[-105.357606,28.121704]]]}},{"type":"Feature","properties":{"modulo":2,"idparcela":"1236","productor":"MARTINEZ DOMINGUEZ FRANCISCO","cultivo":null,"superficie_fisica_ha":0.704,"superficie_riego_ha":0.704,"hectareas":0.559},"geometry":{"type":"Polygon","coordinates":[[[-105.339251,28.1311],[-105.338488,28.131191],[-105.338417,28.130471],[-105.339243,28.130524],[-105.339251,28.1311]]]}},{"type":"Feature","properties":{"modulo":2,"idparcela":"1237","productor":"ORNELAS FLORES LUIS","cultivo":null,"superficie_fisica_ha":0.512,"superficie_riego_ha":0.512,"hectareas":0.307},"geometry":{"type":"Polygon","coordinates":[[[-105.339153,28.131593],[-105.338783,28.131545],[-105.338519,28.131509],[-105.338488,28.131191],[-105.339251,28.1311],[-105.339153,28.131593]]]}},{"type":"Feature","properties":{"modulo":2,"idparcela":"1238","productor":"RODRIGUEZ DIAZ MAGDALENO","cultivo":null,"superficie_fisica_ha":0.48,"superficie_riego_ha":0.48,"hectareas":0.507},"geometry":{"type":"Polygon","coordinates":[[[-105.339483,28.132417],[-105.338748,28.132419],[-105.338607,28.131609],[-105.338872,28.13172],[-105.339215,28.131806],[-105.339406,28.132104],[-105.339483,28.132417]]]}},{"type":"Feature","properties":{"modulo":2,"idparcela":"1248","productor":"AGUAYO LEON GUADALUPE","cultivo":null,"superficie_fisica_ha":0.946,"superficie_riego_ha":0.946,"hectareas":0.931},"geometry":{"type":"Polygon","coordinates":[[[-105.339811,28.142495],[-105.339771,28.142299],[-105.33968,28.142248],[-105.339568,28.142257],[-105.339537,28.142231],[-105.339426,28.141892],[-105.341025,28.142089],[-105.341047,28.142188],[-105.34118,28.142708],[-105.339811,28.142495]]]}},{"type":"Feature","properties":{"modulo":2,"idparcela":"1247","productor":"HERRERA ANCHONDO ELOISA","cultivo":null,"superficie_fisica_ha":0.946,"superficie_riego_ha":0.946,"hectareas":0.799},"geometry":{"type":"Polygon","coordinates":[[[-105.340164,28.143103],[-105.340151,28.143039],[-105.340068,28.143008],[-105.339973,28.142973],[-105.339897,28.14282],[-105.339823,28.14255],[-105.339811,28.142495],[-105.34118,28.142708],[-105.341327,28.143285],[-105.340164,28.143103]]]}},{"type":"Feature","properties":{"modulo":2,"idparcela":"1243","productor":"AGUAYO LEON FRANCISCO","cultivo":null,"superficie_fisica_ha":4.376,"superficie_riego_ha":4.376,"hectareas":1.153},"geometry":{"type":"Polygon","coordinates":[[[-105.339912,28.144171],[-105.339765,28.143982],[-105.33968,28.143789],[-105.339643,28.143641],[-105.339636,28.143576],[-105.339827,28.143554],[-105.341458,28.143799],[-105.341609,28.144393],[-105.339912,28.144171]]]}},{"type":"Feature","properties":{"modulo":2,"idparcela":"************","productor":null,"cultivo":null,"superficie_fisica_ha":null,"superficie_riego_ha":null,"hectareas":0.979},"geometry":{"type":"Polygon","coordinates":[[[-105.340145,28.144734],[-105.34014,28.14468],[-105.340091,28.144481],[-105.33999,28.144271],[-105.339912,28.144171],[-105.341609,28.144393],[-105.341614,28.144412],[-105.341763,28.145],[-105.340145,28.144734]]]}},{"type":"Feature","properties":{"modulo":2,"idparcela":"1244","productor":"AGUAYO LEON MA DE LOS A.","cultivo":null,"superficie_fisica_ha":0.946,"superficie_riego_ha":0.946,"hectareas":0.669},"geometry":{"type":"Polygon","coordinates":[[[-105.339827,28.143554],[-105.339942,28.14354],[-105.340103,28.143543],[-105.340188,28.143457],[-105.340189,28.143224],[-105.340164,28.143103],[-105.341327,28.143285],[-105.341458,28.143799],[-105.339827,28.143554]]]}},{"type":"Feature","properties":{"modulo":2,"idparcela":"1246","productor":"AGUAYO LEON FRANCISCO","cultivo":null,"superficie_fisica_ha":0.946,"superficie_riego_ha":0.946,"hectareas":0.958},"geometry":{"type":"Polygon","coordinates":[[[-105.339426,28.141892],[-105.339407,28.141835],[-105.339349,28.14153],[-105.339319,28.141311],[-105.340899,28.141532],[-105.341025,28.142089],[-105.339426,28.141892]]]}},{"type":"Feature","properties":{"modulo":2,"idparcela":"1245","productor":"AGUAYO LEON FRANCISCA","cultivo":null,"superficie_fisica_ha":1.3,"superficie_riego_ha":1.3,"hectareas":0.963},"geometry":{"type":"Polygon","coordinates":[[[-105.339319,28.141311],[-105.3393,28.141167],[-105.33925,28.140955],[-105.339184,28.140748],[-105.339436,28.140758],[-105.339525,28.140763],[-105.340603,28.140915],[-105.340802,28.141103],[-105.340899,28.141532],[-105.339319,28.141311]]]}},{"type":"Feature","properties":{"modulo":2,"idparcela":"541","productor":"CERECERES CHAVEZ ALFREDO","cultivo":null,"superficie_fisica_ha":4,"superficie_riego_ha":4,"hectareas":3.733},"geometry":{"type":"Polygon","coordinates":[[[-105.310092,28.035541],[-105.310065,28.033416],[-105.311691,28.033399],[-105.311731,28.033679],[-105.311684,28.035311],[-105.311666,28.035508],[-105.310092,28.035541]]]}},{"type":"Feature","properties":{"modulo":2,"idparcela":"542","productor":"RAMOS MELENDEZ MIGUEL","cultivo":null,"superficie_fisica_ha":6.4,"superficie_riego_ha":6.2,"hectareas":6.079},"geometry":{"type":"Polygon","coordinates":[[[-105.308035,28.033403],[-105.308135,28.035669],[-105.305601,28.035675],[-105.305641,28.035613],[-105.305606,28.033399],[-105.305606,28.033387],[-105.308035,28.033403]]]}},{"type":"Feature","properties":{"modulo":2,"idparcela":"548","productor":"RAMOS RIVERA RAMON","cultivo":null,"superficie_fisica_ha":1.5221,"superficie_riego_ha":1.5221,"hectareas":3.148},"geometry":{"type":"Polygon","coordinates":[[[-105.307543,28.046997],[-105.307627,28.048691],[-105.305857,28.048839],[-105.305982,28.047079],[-105.305983,28.047059],[-105.307147,28.046995],[-105.307543,28.046997]]]}},{"type":"Feature","properties":{"modulo":2,"idparcela":"549","productor":"LICON CONTRERAS JOSE ALFREDO","cultivo":null,"superficie_fisica_ha":3,"superficie_riego_ha":3,"hectareas":2.897},"geometry":{"type":"Polygon","coordinates":[[[-105.308011,28.05143],[-105.308126,28.051138],[-105.30821,28.050846],[-105.308467,28.050643],[-105.308552,28.050409],[-105.3086,28.050184],[-105.308652,28.050221],[-105.309768,28.050338],[-105.31004,28.050216],[-105.310101,28.050017],[-105.310171,28.049872],[-105.310506,28.050326],[-105.310513,28.05064],[-105.310513,28.051117],[-105.310505,28.051288],[-105.310444,28.051403],[-105.309773,28.051455],[-105.308408,28.051433],[-105.308011,28.05143]]]}},{"type":"Feature","properties":{"modulo":2,"idparcela":"************","productor":null,"cultivo":null,"superficie_fisica_ha":null,"superficie_riego_ha":null,"hectareas":3.914},"geometry":{"type":"Polygon","coordinates":[[[-105.307584,28.048695],[-105.309956,28.048496],[-105.310084,28.048744],[-105.310132,28.048863],[-105.310035,28.049441],[-105.310088,28.049758],[-105.310171,28.049872],[-105.310101,28.050017],[-105.31004,28.050216],[-105.309768,28.050338],[-105.308652,28.050221],[-105.308292,28.049961],[-105.307821,28.049506],[-105.307736,28.049264],[-105.307584,28.048695]]]}},{"type":"Feature","properties":{"modulo":2,"idparcela":"557","productor":"FAUDOA RODRIGUEZ EDUARDO","cultivo":null,"superficie_fisica_ha":12.13,"superficie_riego_ha":12.13,"hectareas":11.951},"geometry":{"type":"Polygon","coordinates":[[[-105.33998,28.034171],[-105.337497,28.034084],[-105.336758,28.032506],[-105.336514,28.032039],[-105.336591,28.029641],[-105.337529,28.029932],[-105.338237,28.030289],[-105.338859,28.030916],[-105.33932,28.03163],[-105.339612,28.03212],[-105.339953,28.032671],[-105.340104,28.033122],[-105.340116,28.033556],[-105.33998,28.034171]]]}},{"type":"Feature","properties":{"modulo":2,"idparcela":"558","productor":"PUENTES RIOS NICOLAS","cultivo":null,"superficie_fisica_ha":12.13,"superficie_riego_ha":12.13,"hectareas":13.583},"geometry":{"type":"Polygon","coordinates":[[[-105.330998,28.035245],[-105.331025,28.033669],[-105.335659,28.033624],[-105.337147,28.033612],[-105.337362,28.03409],[-105.337497,28.034084],[-105.33998,28.034171],[-105.339904,28.034813],[-105.339797,28.035136],[-105.333729,28.035213],[-105.330998,28.035245]]]}},{"type":"Feature","properties":{"modulo":2,"idparcela":"565","productor":"LICON MARQUEZ RAUL","cultivo":null,"superficie_fisica_ha":1,"superficie_riego_ha":1,"hectareas":1.401},"geometry":{"type":"Polygon","coordinates":[[[-105.317881,28.028951],[-105.318914,28.028929],[-105.319411,28.028957],[-105.318026,28.029247],[-105.318092,28.029569],[-105.318101,28.029596],[-105.316599,28.029733],[-105.316478,28.028976],[-105.317881,28.028951]]]}},{"type":"Feature","properties":{"modulo":2,"idparcela":"571","productor":"PEREZ GAYTAN BENJAMIN","cultivo":null,"superficie_fisica_ha":6,"superficie_riego_ha":6,"hectareas":5.908},"geometry":{"type":"Polygon","coordinates":[[[-105.321044,28.045322],[-105.324116,28.045342],[-105.324566,28.046959],[-105.321053,28.047003],[-105.321035,28.046844],[-105.321044,28.045322]]]}},{"type":"Feature","properties":{"modulo":2,"idparcela":"************","productor":null,"cultivo":null,"superficie_fisica_ha":null,"superficie_riego_ha":null,"hectareas":11.695},"geometry":{"type":"Polygon","coordinates":[[[-105.336057,28.047131],[-105.339127,28.048716],[-105.339174,28.048744],[-105.339161,28.049446],[-105.339164,28.050385],[-105.339153,28.051415],[-105.339002,28.051411],[-105.338993,28.051426],[-105.33736,28.051401],[-105.336104,28.051407],[-105.336022,28.051374],[-105.336053,28.051154],[-105.336067,28.049158],[-105.336064,28.048466],[-105.336058,28.047144],[-105.336057,28.047131]]]}},{"type":"Feature","properties":{"modulo":2,"idparcela":"1162","productor":"HIDALGO HERNANDEZ JORGE LUIS","cultivo":null,"superficie_fisica_ha":2.5371,"superficie_riego_ha":2.5371,"hectareas":1.642},"geometry":{"type":"Polygon","coordinates":[[[-105.342565,28.126915],[-105.342708,28.126923],[-105.342745,28.127003],[-105.34276,28.127162],[-105.342815,28.12803],[-105.342634,28.128038],[-105.342395,28.128043],[-105.341517,28.12805],[-105.341429,28.126883],[-105.341457,28.126883],[-105.341535,28.126881],[-105.341563,28.126881],[-105.342527,28.126869],[-105.342527,28.126869],[-105.342565,28.126915]]]}},{"type":"Feature","properties":{"modulo":2,"idparcela":"1162","productor":"HIDALGO HERNANDEZ JORGE LUIS","cultivo":null,"superficie_fisica_ha":2.5371,"superficie_riego_ha":2.5371,"hectareas":3.294},"geometry":{"type":"Polygon","coordinates":[[[-105.34314,28.127621],[-105.34314,28.127619],[-105.343073,28.12692],[-105.343224,28.126906],[-105.34333,28.126896],[-105.343428,28.126887],[-105.34376,28.126856],[-105.343788,28.126854],[-105.345802,28.126877],[-105.34583,28.126877],[-105.345792,28.127006],[-105.345713,28.127596],[-105.345661,28.12802],[-105.345425,28.128033],[-105.345225,28.128021],[-105.34451,28.128019],[-105.343991,28.128056],[-105.34371,28.128062],[-105.343522,28.128066],[-105.343257,28.128038],[-105.343191,28.128027],[-105.34314,28.127621]]]}},{"type":"Feature","properties":{"modulo":2,"idparcela":"9753","productor":"SANCHEZ MARQUEZ EDUARDO","cultivo":null,"superficie_fisica_ha":14.7123,"superficie_riego_ha":14.7123,"hectareas":13.997},"geometry":{"type":"Polygon","coordinates":[[[-105.361267,28.130791],[-105.36112,28.130927],[-105.361081,28.131141],[-105.361115,28.1313],[-105.361028,28.131422],[-105.360547,28.131419],[-105.360186,28.1314],[-105.359961,28.131431],[-105.359904,28.131552],[-105.359788,28.131714],[-105.359595,28.131812],[-105.359374,28.131963],[-105.359332,28.132097],[-105.359213,28.132153],[-105.359063,28.132156],[-105.358761,28.132109],[-105.3584,28.131982],[-105.358299,28.131827],[-105.358234,28.13148],[-105.358226,28.1312],[-105.358149,28.131017],[-105.358142,28.130842],[-105.358219,28.130374],[-105.358063,28.130151],[-105.357521,28.12976],[-105.357025,28.129559],[-105.356674,28.129354],[-105.356556,28.12921],[-105.356549,28.128925],[-105.356941,28.128628],[-105.35728,28.128395],[-105.357627,28.12833],[-105.358582,28.128325],[-105.358632,28.12834],[-105.358694,28.128419],[-105.358754,28.128431],[-105.358798,28.128377],[-105.358841,28.128323],[-105.361465,28.128321],[-105.361476,28.128468],[-105.361488,28.128839],[-105.361483,28.12988],[-105.361485,28.130506],[-105.361461,28.130747],[-105.361251,28.130751],[-105.361267,28.130791]]]}},{"type":"Feature","properties":{"modulo":2,"idparcela":"1110","productor":"SANCHEZ BERNAL ROBERTO","cultivo":null,"superficie_fisica_ha":11.7241,"superficie_riego_ha":10.2877,"hectareas":10.956},"geometry":{"type":"Polygon","coordinates":[[[-105.360189,28.128097],[-105.359349,28.128067],[-105.358794,28.128079],[-105.358759,28.127978],[-105.358988,28.126743],[-105.359151,28.126131],[-105.35926,28.125926],[-105.359391,28.125953],[-105.359672,28.126063],[-105.359871,28.126189],[-105.360035,28.126214],[-105.360458,28.126148],[-105.360588,28.126116],[-105.360638,28.126173],[-105.360631,28.126506],[-105.360721,28.126837],[-105.360842,28.127095],[-105.360898,28.12734],[-105.360953,28.127585],[-105.360962,28.127932],[-105.360965,28.128034],[-105.360971,28.128097],[-105.360189,28.128097]],[[-105.358436,28.128101],[-105.35762,28.128117],[-105.357065,28.128158],[-105.356676,28.128238],[-105.356612,28.128283],[-105.356362,28.128115],[-105.355897,28.127806],[-105.355746,28.12765],[-105.355566,28.127031],[-105.356143,28.126968],[-105.356402,28.126997],[-105.356516,28.126984],[-105.356522,28.126651],[-105.35621,28.126566],[-105.355946,28.126589],[-105.355917,28.126734],[-105.355854,28.126808],[-105.355711,28.126941],[-105.355581,28.126973],[-105.355455,28.126555],[-105.355435,28.126382],[-105.355431,28.126266],[-105.35551,28.126134],[-105.355688,28.126087],[-105.356356,28.126044],[-105.357238,28.126026],[-105.358036,28.125966],[-105.358542,28.125927],[-105.35913,28.125943],[-105.358941,28.126222],[-105.358713,28.127458],[-105.358614,28.128039],[-105.358436,28.128101]]]}},{"type":"Feature","properties":{"modulo":2,"idparcela":"586","productor":"ALVARADO ARMENDARIZ CARLOS","cultivo":null,"superficie_fisica_ha":3.7,"superficie_riego_ha":3.7,"hectareas":3.632},"geometry":{"type":"Polygon","coordinates":[[[-105.314287,28.039552],[-105.314288,28.039468],[-105.314298,28.038371],[-105.314792,28.038536],[-105.315106,28.038649],[-105.315665,28.038787],[-105.315982,28.038863],[-105.316429,28.039026],[-105.31681,28.039317],[-105.31735,28.039813],[-105.317496,28.039915],[-105.317848,28.040154],[-105.317821,28.040464],[-105.317524,28.040384],[-105.317522,28.040383],[-105.316545,28.040118],[-105.31556,28.039867],[-105.31476,28.039684],[-105.314287,28.039552]]]}},{"type":"Feature","properties":{"modulo":2,"idparcela":"585","productor":"ALVARADO PALOMINO CARLOS","cultivo":null,"superficie_fisica_ha":3.7,"superficie_riego_ha":1.7,"hectareas":3.709},"geometry":{"type":"Polygon","coordinates":[[[-105.314287,28.039552],[-105.31476,28.039684],[-105.31556,28.039867],[-105.316545,28.040118],[-105.317522,28.040383],[-105.317524,28.040384],[-105.317821,28.040464],[-105.317733,28.040964],[-105.317689,28.041374],[-105.317655,28.041363],[-105.317618,28.041363],[-105.316037,28.040979],[-105.315172,28.040798],[-105.314622,28.040682],[-105.314351,28.040631],[-105.314343,28.040568],[-105.314287,28.039552]]]}},{"type":"Feature","properties":{"modulo":2,"idparcela":"587","productor":"FLOREZ MU¥OZ CONCEPCION","cultivo":null,"superficie_fisica_ha":3.2,"superficie_riego_ha":3.2,"hectareas":3.389},"geometry":{"type":"Polygon","coordinates":[[[-105.317689,28.041374],[-105.317637,28.041514],[-105.317566,28.041744],[-105.317522,28.042382],[-105.317292,28.042376],[-105.316604,28.042379],[-105.315204,28.042373],[-105.315172,28.040798],[-105.316037,28.040979],[-105.317618,28.041363],[-105.317655,28.041363],[-105.317689,28.041374]]]}},{"type":"Feature","properties":{"modulo":2,"idparcela":"588","productor":"ALVARADO FLORES JORGE ALBERTO","cultivo":null,"superficie_fisica_ha":1.7,"superficie_riego_ha":1.7,"hectareas":1.668},"geometry":{"type":"Polygon","coordinates":[[[-105.314278,28.040693],[-105.314351,28.040631],[-105.314622,28.040682],[-105.315172,28.040798],[-105.315204,28.042373],[-105.314833,28.042392],[-105.314259,28.042369],[-105.314278,28.040693]]]}},{"type":"Feature","properties":{"modulo":2,"idparcela":"594","productor":"SANTOS VALDEZ ROBERTO","cultivo":null,"superficie_fisica_ha":5.5,"superficie_riego_ha":5.5,"hectareas":5.475},"geometry":{"type":"Polygon","coordinates":[[[-105.310798,28.039998],[-105.310792,28.03956],[-105.310765,28.037894],[-105.312199,28.037905],[-105.312469,28.037899],[-105.312552,28.038554],[-105.312512,28.039568],[-105.312514,28.040011],[-105.312537,28.040791],[-105.310763,28.040809],[-105.310798,28.039998]]]}},{"type":"Feature","properties":{"modulo":2,"idparcela":"593","productor":"SANCHEZ HERRERA INOCENCIO","cultivo":null,"superficie_fisica_ha":0.75,"superficie_riego_ha":0.75,"hectareas":0.753},"geometry":{"type":"Polygon","coordinates":[[[-105.312537,28.040791],[-105.312547,28.04117],[-105.310753,28.041207],[-105.310763,28.040809],[-105.312537,28.040791]]]}},{"type":"Feature","properties":{"modulo":2,"idparcela":"592","productor":"SANCHEZ HERRERA LUIS","cultivo":null,"superficie_fisica_ha":0.75,"superficie_riego_ha":0.75,"hectareas":0.746},"geometry":{"type":"Polygon","coordinates":[[[-105.312547,28.04117],[-105.31254,28.041569],[-105.310777,28.041589],[-105.310799,28.041429],[-105.310753,28.041207],[-105.312547,28.04117]]]}},{"type":"Feature","properties":{"modulo":2,"idparcela":"591","productor":"SANTOS N. ROBERTO","cultivo":null,"superficie_fisica_ha":2.5,"superficie_riego_ha":2.5,"hectareas":1.712},"geometry":{"type":"Polygon","coordinates":[[[-105.31254,28.041569],[-105.312526,28.042475],[-105.310732,28.042458],[-105.310777,28.041589],[-105.31254,28.041569]]]}},{"type":"Feature","properties":{"modulo":2,"idparcela":"595","productor":"RAMOS COVARRUBIO LUIS CARLOS","cultivo":null,"superficie_fisica_ha":7,"superficie_riego_ha":7,"hectareas":6.883},"geometry":{"type":"Polygon","coordinates":[[[-105.308632,28.036661],[-105.30862,28.036519],[-105.308617,28.036415],[-105.308577,28.036192],[-105.30861,28.035825],[-105.308647,28.035662],[-105.311718,28.03566],[-105.311782,28.037376],[-105.311722,28.037636],[-105.311612,28.037718],[-105.310581,28.037719],[-105.309775,28.037736],[-105.308866,28.037738],[-105.308778,28.037427],[-105.308728,28.037122],[-105.308652,28.03678],[-105.308632,28.036661]]]}},{"type":"Feature","properties":{"modulo":2,"idparcela":"597","productor":"RAMOS SAMANIEGO JESUS","cultivo":null,"superficie_fisica_ha":2.45,"superficie_riego_ha":2.45,"hectareas":3.417},"geometry":{"type":"Polygon","coordinates":[[[-105.308647,28.035662],[-105.30861,28.035825],[-105.308577,28.036192],[-105.308617,28.036415],[-105.30862,28.036519],[-105.308632,28.036661],[-105.305613,28.036775],[-105.305605,28.036542],[-105.305602,28.036454],[-105.305589,28.036073],[-105.305601,28.035675],[-105.308135,28.035669],[-105.3086,28.035668],[-105.308647,28.035662]]]}},{"type":"Feature","properties":{"modulo":2,"idparcela":"596","productor":"RAMOS COVARRUBIO ARMANDO","cultivo":null,"superficie_fisica_ha":3.45,"superficie_riego_ha":3.45,"hectareas":3.542},"geometry":{"type":"Polygon","coordinates":[[[-105.308632,28.036661],[-105.308652,28.03678],[-105.308728,28.037122],[-105.308778,28.037427],[-105.308866,28.037738],[-105.307534,28.037742],[-105.305891,28.03777],[-105.305554,28.03777],[-105.305613,28.036775],[-105.308632,28.036661]]]}},{"type":"Feature","properties":{"modulo":2,"idparcela":"************","productor":null,"cultivo":null,"superficie_fisica_ha":null,"superficie_riego_ha":null,"hectareas":11.555},"geometry":{"type":"Polygon","coordinates":[[[-105.30552,28.037919],[-105.306239,28.037927],[-105.307718,28.037917],[-105.309013,28.037895],[-105.309487,28.037877],[-105.309539,28.040611],[-105.305528,28.040557],[-105.305526,28.040003],[-105.30552,28.037919]]]}},{"type":"Feature","properties":{"modulo":2,"idparcela":"602","productor":"RAMOS COBARRUBIO HECTOR","cultivo":null,"superficie_fisica_ha":3,"superficie_riego_ha":3,"hectareas":3.014},"geometry":{"type":"Polygon","coordinates":[[[-105.309487,28.037877],[-105.310384,28.037882],[-105.310207,28.037985],[-105.31019,28.038204],[-105.310349,28.038261],[-105.310547,28.038118],[-105.310591,28.040619],[-105.309539,28.040611],[-105.309487,28.037877]]]}},{"type":"Feature","properties":{"modulo":2,"idparcela":"610","productor":"GOMEZ ROMERO JESUS OSCAR","cultivo":null,"superficie_fisica_ha":3,"superficie_riego_ha":3,"hectareas":3.047},"geometry":{"type":"Polygon","coordinates":[[[-105.306364,28.043159],[-105.306354,28.04249],[-105.310597,28.042489],[-105.310597,28.04265],[-105.310562,28.04315],[-105.306364,28.043159]]]}},{"type":"Feature","properties":{"modulo":2,"idparcela":"609","productor":"GOMEZ ROMERO SALVADOR","cultivo":null,"superficie_fisica_ha":7.25,"superficie_riego_ha":7.25,"hectareas":7.042},"geometry":{"type":"Polygon","coordinates":[[[-105.306334,28.044716],[-105.306364,28.043159],[-105.310562,28.04315],[-105.310557,28.044678],[-105.306334,28.044716]]]}},{"type":"Feature","properties":{"modulo":2,"idparcela":"616","productor":"QUI¥ONEZ OROZCO HOMERO","cultivo":null,"superficie_fisica_ha":7.35,"superficie_riego_ha":7.2,"hectareas":6.542},"geometry":{"type":"Polygon","coordinates":[[[-105.316584,28.063507],[-105.316575,28.06377],[-105.316605,28.063998],[-105.316587,28.064178],[-105.316479,28.064377],[-105.316346,28.064523],[-105.316285,28.064638],[-105.316281,28.064802],[-105.316122,28.064876],[-105.315273,28.064915],[-105.314454,28.06491],[-105.313608,28.064946],[-105.312972,28.064958],[-105.312786,28.064966],[-105.312618,28.064962],[-105.31315,28.064439],[-105.313197,28.064204],[-105.313284,28.064013],[-105.313527,28.063812],[-105.313869,28.063632],[-105.314191,28.063421],[-105.314667,28.063143],[-105.314831,28.062888],[-105.314875,28.062597],[-105.316917,28.063101],[-105.316752,28.063207],[-105.31666,28.06332],[-105.316584,28.063507]]]}},{"type":"Feature","properties":{"modulo":2,"idparcela":"617","productor":"QUI¥ONEZ OROZCO PATRICIA EDIL","cultivo":null,"superficie_fisica_ha":7.35,"superficie_riego_ha":7.2,"hectareas":6.88},"geometry":{"type":"Polygon","coordinates":[[[-105.314875,28.062597],[-105.314879,28.062567],[-105.314856,28.061694],[-105.31472,28.060824],[-105.314692,28.060455],[-105.315122,28.059783],[-105.315219,28.059621],[-105.316041,28.060159],[-105.31624,28.060289],[-105.316933,28.060745],[-105.317338,28.061022],[-105.317258,28.061635],[-105.317234,28.062262],[-105.317175,28.062411],[-105.31705,28.062572],[-105.317003,28.06295],[-105.316917,28.063101],[-105.314875,28.062597]]]}},{"type":"Feature","properties":{"modulo":2,"idparcela":"544","productor":"CARRASCO BEJARANO ROBERTO","cultivo":null,"superficie_fisica_ha":11.9,"superficie_riego_ha":11.9,"hectareas":12.123},"geometry":{"type":"Polygon","coordinates":[[[-105.30738,28.028756],[-105.307229,28.028756],[-105.3055,28.02874],[-105.304861,28.028715],[-105.304862,28.028292],[-105.304908,28.02439],[-105.304943,28.024388],[-105.305089,28.024383],[-105.305791,28.02427],[-105.306842,28.024347],[-105.307416,28.024347],[-105.307424,28.024507],[-105.307415,28.024522],[-105.307436,28.027133],[-105.307363,28.028577],[-105.30738,28.028756]]]}},{"type":"Feature","properties":{"modulo":2,"idparcela":"543","productor":"ALARCON MADRID HUGO","cultivo":null,"superficie_fisica_ha":11.2,"superficie_riego_ha":10.15,"hectareas":10.656},"geometry":{"type":"Polygon","coordinates":[[[-105.30316,28.027242],[-105.303138,28.026852],[-105.303142,28.026516],[-105.303184,28.026265],[-105.30317,28.025734],[-105.303158,28.025289],[-105.303115,28.024736],[-105.303767,28.024545],[-105.304372,28.02441],[-105.304908,28.02439],[-105.304862,28.028292],[-105.304861,28.028715],[-105.304421,28.028713],[-105.302929,28.02873],[-105.302442,28.028765],[-105.301248,28.02874],[-105.30084,28.028743],[-105.300547,28.028749],[-105.300519,28.028342],[-105.300424,28.027672],[-105.300415,28.02745],[-105.300595,28.027461],[-105.300709,28.027459],[-105.301184,28.027794],[-105.301185,28.027801],[-105.301211,28.028086],[-105.301601,28.028147],[-105.301754,28.028058],[-105.301942,28.027796],[-105.302221,28.027771],[-105.30266,28.027741],[-105.303085,28.027703],[-105.303169,28.027589],[-105.303189,28.027415],[-105.30316,28.027242]]]}},{"type":"Feature","properties":{"modulo":2,"idparcela":"629","productor":"RODRIGUEZ NATIVIDAD SOCORRO ARTUR","cultivo":null,"superficie_fisica_ha":9.6385,"superficie_riego_ha":9.6385,"hectareas":9.341},"geometry":{"type":"Polygon","coordinates":[[[-105.304943,28.024388],[-105.304372,28.02441],[-105.303767,28.024545],[-105.303115,28.024736],[-105.303013,28.023449],[-105.303069,28.023361],[-105.303397,28.023286],[-105.303839,28.023104],[-105.304164,28.022891],[-105.304526,28.022642],[-105.304639,28.022502],[-105.304699,28.022486],[-105.304697,28.022466],[-105.305178,28.022301],[-105.306564,28.021842],[-105.306797,28.021838],[-105.307326,28.02169],[-105.307301,28.021942],[-105.307416,28.024347],[-105.306842,28.024347],[-105.305786,28.024325],[-105.305089,28.024383],[-105.304943,28.024388]]]}},{"type":"Feature","properties":{"modulo":2,"idparcela":"632","productor":"FAUDOA DURAN JESUS","cultivo":null,"superficie_fisica_ha":6.5582,"superficie_riego_ha":6.5582,"hectareas":6.523},"geometry":{"type":"Polygon","coordinates":[[[-105.317799,28.042025],[-105.318044,28.04033],[-105.319326,28.039578],[-105.320297,28.039926],[-105.320778,28.040313],[-105.320828,28.041269],[-105.320901,28.041985],[-105.317799,28.042025]]]}},{"type":"Feature","properties":{"modulo":2,"idparcela":"633","productor":"FAUDOA DURAN JOSE","cultivo":null,"superficie_fisica_ha":4.5052,"superficie_riego_ha":4.5052,"hectareas":4.436},"geometry":{"type":"Polygon","coordinates":[[[-105.319106,28.04353],[-105.318269,28.04293],[-105.317885,28.042799],[-105.317722,28.042563],[-105.317799,28.042025],[-105.320901,28.041985],[-105.320832,28.043319],[-105.32085,28.043494],[-105.319106,28.04353]]]}},{"type":"Feature","properties":{"modulo":2,"idparcela":"634","productor":"FAUDOA DURAN ROGELIO","cultivo":null,"superficie_fisica_ha":4.5043,"superficie_riego_ha":4.5043,"hectareas":4.379},"geometry":{"type":"Polygon","coordinates":[[[-105.318953,28.045927],[-105.319276,28.044599],[-105.319529,28.043998],[-105.319387,28.043682],[-105.319106,28.04353],[-105.32085,28.043494],[-105.320872,28.046055],[-105.318953,28.045927]]]}},{"type":"Feature","properties":{"modulo":2,"idparcela":"631","productor":"FAUDOA NU¥EZ JESUS","cultivo":null,"superficie_fisica_ha":1.4823,"superficie_riego_ha":1.4823,"hectareas":2.816},"geometry":{"type":"Polygon","coordinates":[[[-105.317423,28.046954],[-105.317701,28.046758],[-105.318091,28.046541],[-105.318503,28.046272],[-105.318705,28.046134],[-105.318848,28.046049],[-105.318953,28.045927],[-105.320872,28.046055],[-105.320827,28.046966],[-105.317423,28.046954]]]}},{"type":"Feature","properties":{"modulo":2,"idparcela":"652","productor":"LICON MARQUEZ RAUL","cultivo":null,"superficie_fisica_ha":0.768,"superficie_riego_ha":0.768,"hectareas":0.741},"geometry":{"type":"Polygon","coordinates":[[[-105.303184,28.055196],[-105.302839,28.054398],[-105.303506,28.054288],[-105.304089,28.05512],[-105.303184,28.055196]]]}},{"type":"Feature","properties":{"modulo":2,"idparcela":"653","productor":"AGUILAR LICON RAMON","cultivo":null,"superficie_fisica_ha":0.592,"superficie_riego_ha":0.592,"hectareas":0.569},"geometry":{"type":"Polygon","coordinates":[[[-105.303384,28.055692],[-105.303282,28.055426],[-105.303184,28.055196],[-105.304089,28.05512],[-105.304259,28.055373],[-105.304445,28.055662],[-105.303384,28.055692]]]}},{"type":"Feature","properties":{"modulo":2,"idparcela":"654","productor":"FLORES CARRASCO IGNACIO","cultivo":null,"superficie_fisica_ha":0.288,"superficie_riego_ha":0.288,"hectareas":0.264},"geometry":{"type":"Polygon","coordinates":[[[-105.303515,28.055927],[-105.303384,28.055692],[-105.304445,28.055662],[-105.304585,28.055873],[-105.303515,28.055927]]]}},{"type":"Feature","properties":{"modulo":2,"idparcela":"655","productor":"OROSCO GANDARA RAFAEL","cultivo":null,"superficie_fisica_ha":0.304,"superficie_riego_ha":0.304,"hectareas":0.297},"geometry":{"type":"Polygon","coordinates":[[[-105.303628,28.05617],[-105.303515,28.055927],[-105.304585,28.055873],[-105.304725,28.056123],[-105.303628,28.05617]]]}},{"type":"Feature","properties":{"modulo":2,"idparcela":"656","productor":"FLORES CHAVEZ CLEMENTE","cultivo":null,"superficie_fisica_ha":0.256,"superficie_riego_ha":0.256,"hectareas":0.248},"geometry":{"type":"Polygon","coordinates":[[[-105.303732,28.056389],[-105.303628,28.05617],[-105.304725,28.056123],[-105.304855,28.056303],[-105.303732,28.056389]]]}},{"type":"Feature","properties":{"modulo":2,"idparcela":"657","productor":"CHAVEZ MINJAREZ JUAN","cultivo":null,"superficie_fisica_ha":0.56,"superficie_riego_ha":0.56,"hectareas":0.568},"geometry":{"type":"Polygon","coordinates":[[[-105.303975,28.056812],[-105.303732,28.056389],[-105.304855,28.056303],[-105.304924,28.056413],[-105.305143,28.056764],[-105.303975,28.056812]]]}},{"type":"Feature","properties":{"modulo":2,"idparcela":"658","productor":"TORRES PALACIOS ANGEL","cultivo":null,"superficie_fisica_ha":0.736,"superficie_riego_ha":0.736,"hectareas":0.738},"geometry":{"type":"Polygon","coordinates":[[[-105.304295,28.057359],[-105.304062,28.056967],[-105.303975,28.056812],[-105.305143,28.056764],[-105.305515,28.057334],[-105.304295,28.057359]]]}},{"type":"Feature","properties":{"modulo":2,"idparcela":"659","productor":"RODRIGUEZ SANCHEZ GUILLERMO","cultivo":null,"superficie_fisica_ha":0.544,"superficie_riego_ha":0.544,"hectareas":0.54},"geometry":{"type":"Polygon","coordinates":[[[-105.304519,28.057781],[-105.304295,28.057359],[-105.305515,28.057334],[-105.305669,28.057569],[-105.305744,28.057707],[-105.304519,28.057781]]]}},{"type":"Feature","properties":{"modulo":2,"idparcela":"660","productor":"FERNANDEZ QUIÑONES MARIO ALBERTO","cultivo":null,"superficie_fisica_ha":0.672,"superficie_riego_ha":0.672,"hectareas":0.685},"geometry":{"type":"Polygon","coordinates":[[[-105.30484,28.058265],[-105.30467,28.057989],[-105.304519,28.057781],[-105.305744,28.057707],[-105.306065,28.058232],[-105.30484,28.058265]]]}},{"type":"Feature","properties":{"modulo":2,"idparcela":"661","productor":"CARMONA DOMINGUEZ MATEO","cultivo":null,"superficie_fisica_ha":0.176,"superficie_riego_ha":0.176,"hectareas":0.183},"geometry":{"type":"Polygon","coordinates":[[[-105.304932,28.058414],[-105.30484,28.058265],[-105.306065,28.058232],[-105.306137,28.058354],[-105.304932,28.058414]]]}},{"type":"Feature","properties":{"modulo":2,"idparcela":"************","productor":null,"cultivo":null,"superficie_fisica_ha":null,"superficie_riego_ha":null,"hectareas":3.077},"geometry":{"type":"Polygon","coordinates":[[[-105.3062,28.060753],[-105.305834,28.060092],[-105.305496,28.059431],[-105.304932,28.058414],[-105.306137,28.058354],[-105.306351,28.058713],[-105.307327,28.060668],[-105.306659,28.060731],[-105.3062,28.060753]]]}},{"type":"Feature","properties":{"modulo":2,"idparcela":"669","productor":"RIVERA CORONADO DIZAN ALBERTO","cultivo":null,"superficie_fisica_ha":19.2,"superficie_riego_ha":19.2,"hectareas":19.553},"geometry":{"type":"Polygon","coordinates":[[[-105.339002,28.051411],[-105.339153,28.051415],[-105.339742,28.05143],[-105.340946,28.051462],[-105.340996,28.051464],[-105.34092,28.051777],[-105.340899,28.052197],[-105.340871,28.053626],[-105.336777,28.053652],[-105.333181,28.053637],[-105.332405,28.051449],[-105.334163,28.051408],[-105.335905,28.051411],[-105.336022,28.051374],[-105.336104,28.051407],[-105.33736,28.051401],[-105.338993,28.051426],[-105.339002,28.051411]]]}},{"type":"Feature","properties":{"modulo":2,"idparcela":"668","productor":"RIVERA CORONADO DIZAN ALBERTO","cultivo":null,"superficie_fisica_ha":1,"superficie_riego_ha":1,"hectareas":1.042},"geometry":{"type":"Polygon","coordinates":[[[-105.333181,28.053637],[-105.33275,28.053656],[-105.332576,28.053104],[-105.33215,28.052017],[-105.331958,28.051454],[-105.332405,28.051449],[-105.333181,28.053637]]]}},{"type":"Feature","properties":{"modulo":2,"idparcela":"681","productor":"CASAS MELENDEZ GABRIEL","cultivo":null,"superficie_fisica_ha":7.825,"superficie_riego_ha":7.825,"hectareas":7.752},"geometry":{"type":"Polygon","coordinates":[[[-105.346199,28.058967],[-105.34622,28.060368],[-105.341189,28.060351],[-105.34117,28.058908],[-105.346199,28.058967]]]}},{"type":"Feature","properties":{"modulo":2,"idparcela":"680","productor":"FAUDOA RODRIGUEZ EDUARDO","cultivo":null,"superficie_fisica_ha":7.825,"superficie_riego_ha":7.825,"hectareas":7.485},"geometry":{"type":"Polygon","coordinates":[[[-105.34622,28.060368],[-105.346229,28.061477],[-105.346006,28.061525],[-105.344536,28.061836],[-105.343202,28.062235],[-105.342959,28.06224],[-105.341539,28.061076],[-105.341174,28.060614],[-105.341189,28.060351],[-105.34622,28.060368]]]}},{"type":"Feature","properties":{"modulo":2,"idparcela":"914","productor":"MEDRANO RODRIGUEZ ASCENCION","cultivo":null,"superficie_fisica_ha":1.31,"superficie_riego_ha":1.31,"hectareas":1.894},"geometry":{"type":"Polygon","coordinates":[[[-105.379244,28.083533],[-105.379065,28.083699],[-105.378936,28.083795],[-105.377983,28.083443],[-105.377663,28.08324],[-105.376974,28.082929],[-105.376734,28.082829],[-105.377018,28.082595],[-105.377506,28.082715],[-105.378759,28.083394],[-105.379144,28.083464],[-105.379279,28.083534],[-105.379244,28.083533]],[[-105.382116,28.084914],[-105.382194,28.085075],[-105.382172,28.085238],[-105.382043,28.08531],[-105.381276,28.085048],[-105.380132,28.084397],[-105.380178,28.084187],[-105.380148,28.083989],[-105.381859,28.084894],[-105.382116,28.084914]]]}},{"type":"Feature","properties":{"modulo":2,"idparcela":"936","productor":"ESTRADA MORA SANTOS","cultivo":null,"superficie_fisica_ha":19.1,"superficie_riego_ha":19.1,"hectareas":10.036},"geometry":{"type":"Polygon","coordinates":[[[-105.371713,28.091333],[-105.371704,28.089724],[-105.371817,28.089676],[-105.372039,28.089639],[-105.372542,28.089694],[-105.373008,28.08975],[-105.373268,28.089745],[-105.3736,28.089655],[-105.374025,28.089564],[-105.374444,28.089242],[-105.374697,28.088973],[-105.374842,28.088839],[-105.37497,28.08877],[-105.375268,28.08878],[-105.375472,28.088776],[-105.37573,28.088672],[-105.375986,28.088551],[-105.376505,28.088474],[-105.376725,28.088371],[-105.37682,28.088451],[-105.376827,28.090132],[-105.376822,28.090643],[-105.376731,28.090711],[-105.376382,28.09085],[-105.376378,28.090913],[-105.37586,28.090878],[-105.375307,28.090774],[-105.374838,28.090876],[-105.374397,28.091048],[-105.373928,28.091174],[-105.373404,28.091185],[-105.372983,28.091101],[-105.372432,28.091089],[-105.371937,28.091216],[-105.371713,28.091333]]]}},{"type":"Feature","properties":{"modulo":2,"idparcela":"************","productor":null,"cultivo":null,"superficie_fisica_ha":null,"superficie_riego_ha":null,"hectareas":7.731},"geometry":{"type":"Polygon","coordinates":[[[-105.374732,28.092384],[-105.373533,28.092722],[-105.372461,28.092942],[-105.371796,28.093087],[-105.371723,28.093105],[-105.371713,28.091333],[-105.371937,28.091216],[-105.372432,28.091089],[-105.372983,28.091101],[-105.373404,28.091185],[-105.373928,28.091174],[-105.374397,28.091048],[-105.374838,28.090876],[-105.375307,28.090774],[-105.37586,28.090878],[-105.376378,28.090913],[-105.376369,28.091048],[-105.376348,28.091658],[-105.376353,28.091855],[-105.376343,28.092002],[-105.376131,28.092057],[-105.375437,28.092233],[-105.374732,28.092384]]]}},{"type":"Feature","properties":{"modulo":2,"idparcela":"949","productor":"MOLINA MONTA¥EZ JUAN DE DIOS","cultivo":null,"superficie_fisica_ha":6.45,"superficie_riego_ha":6.45,"hectareas":5.538},"geometry":{"type":"Polygon","coordinates":[[[-105.359094,28.104125],[-105.361556,28.104126],[-105.36155,28.105397],[-105.361529,28.10593],[-105.36136,28.105963],[-105.361117,28.10604],[-105.360812,28.106119],[-105.360596,28.106163],[-105.360367,28.106173],[-105.360181,28.106187],[-105.359901,28.106305],[-105.359679,28.106363],[-105.359187,28.106516],[-105.359109,28.106529],[-105.359094,28.104125]]]}},{"type":"Feature","properties":{"modulo":2,"idparcela":"950","productor":"HIDALGO N. LUIS","cultivo":null,"superficie_fisica_ha":6.45,"superficie_riego_ha":6.45,"hectareas":7.701},"geometry":{"type":"Polygon","coordinates":[[[-105.358231,28.106681],[-105.357703,28.106837],[-105.357363,28.107097],[-105.357224,28.107263],[-105.35662,28.107506],[-105.356518,28.107524],[-105.356552,28.106076],[-105.356579,28.104152],[-105.359083,28.104125],[-105.359094,28.104125],[-105.359109,28.106529],[-105.358231,28.106681]]]}},{"type":"Feature","properties":{"modulo":2,"idparcela":"961","productor":"VILLALOBOS VILLALOBOS JESUS MANUEL","cultivo":null,"superficie_fisica_ha":2.4,"superficie_riego_ha":2.4,"hectareas":2.473},"geometry":{"type":"Polygon","coordinates":[[[-105.343442,28.110698],[-105.342691,28.110779],[-105.341823,28.110889],[-105.34063,28.111018],[-105.340042,28.111109],[-105.339957,28.110354],[-105.33995,28.110261],[-105.34019,28.110247],[-105.341559,28.110235],[-105.342581,28.110232],[-105.343437,28.110219],[-105.343442,28.110698]]]}},{"type":"Feature","properties":{"modulo":2,"idparcela":"************","productor":null,"cultivo":null,"superficie_fisica_ha":null,"superficie_riego_ha":null,"hectareas":2.037},"geometry":{"type":"Polygon","coordinates":[[[-105.340042,28.111109],[-105.34063,28.111018],[-105.341823,28.110889],[-105.342691,28.110779],[-105.343442,28.110698],[-105.343437,28.11122],[-105.34057,28.111701],[-105.340543,28.111593],[-105.34053,28.111543],[-105.3403,28.111348],[-105.340072,28.111244],[-105.340042,28.111109]]]}},{"type":"Feature","properties":{"modulo":2,"idparcela":"960","productor":"VILLALOBOS VILLALOBOS JESUS MANUEL","cultivo":null,"superficie_fisica_ha":5.4,"superficie_riego_ha":5.4,"hectareas":5.443},"geometry":{"type":"Polygon","coordinates":[[[-105.343437,28.11122],[-105.343437,28.111221],[-105.343438,28.11303],[-105.343144,28.112994],[-105.342468,28.112935],[-105.342242,28.112984],[-105.342002,28.11309],[-105.34146,28.113482],[-105.341058,28.113744],[-105.340752,28.11375],[-105.340626,28.112926],[-105.340521,28.112603],[-105.340659,28.112556],[-105.340694,28.112356],[-105.340645,28.112285],[-105.340571,28.111982],[-105.34057,28.111701],[-105.343437,28.11122]]]}},{"type":"Feature","properties":{"modulo":2,"idparcela":"967","productor":"ESPARZA N. JUAN","cultivo":null,"superficie_fisica_ha":10.1851,"superficie_riego_ha":10.1851,"hectareas":10.327},"geometry":{"type":"Polygon","coordinates":[[[-105.38184,28.097598],[-105.380955,28.097555],[-105.379982,28.097601],[-105.379187,28.097683],[-105.379182,28.098024],[-105.379162,28.098954],[-105.379164,28.099016],[-105.379168,28.099111],[-105.379196,28.099856],[-105.379153,28.100487],[-105.37917,28.10093],[-105.379175,28.101005],[-105.378664,28.100977],[-105.378029,28.100985],[-105.376781,28.101019],[-105.376753,28.100536],[-105.376805,28.09916],[-105.376825,28.098767],[-105.377565,28.098293],[-105.37821,28.097862],[-105.378541,28.097509],[-105.378617,28.097342],[-105.378819,28.096833],[-105.379139,28.096821],[-105.380492,28.096804],[-105.381259,28.096788],[-105.381775,28.096794],[-105.38184,28.097598]]]}},{"type":"Feature","properties":{"modulo":2,"idparcela":"966","productor":"HIDALGO HERNANDEZ JORGE LUIS","cultivo":null,"superficie_fisica_ha":10.3749,"superficie_riego_ha":10.3749,"hectareas":9.562},"geometry":{"type":"Polygon","coordinates":[[[-105.379175,28.101005],[-105.37917,28.10093],[-105.379153,28.100487],[-105.379196,28.099856],[-105.379168,28.099111],[-105.379164,28.099016],[-105.379162,28.098954],[-105.379182,28.098024],[-105.379187,28.097683],[-105.379982,28.097601],[-105.380955,28.097555],[-105.38184,28.097598],[-105.381826,28.097865],[-105.381871,28.098674],[-105.381808,28.099658],[-105.381647,28.099692],[-105.381455,28.099691],[-105.381324,28.099759],[-105.381414,28.09981],[-105.381444,28.099848],[-105.381462,28.099966],[-105.381562,28.099996],[-105.381796,28.100312],[-105.381814,28.100967],[-105.381433,28.100961],[-105.379351,28.101002],[-105.379175,28.101005]]]}},{"type":"Feature","properties":{"modulo":2,"idparcela":"974","productor":"ARMENDARIZ CARDONA LUIS CARLOS","cultivo":null,"superficie_fisica_ha":3,"superficie_riego_ha":3,"hectareas":3.402},"geometry":{"type":"Polygon","coordinates":[[[-105.357687,28.096333],[-105.357971,28.096288],[-105.358233,28.096136],[-105.358656,28.095685],[-105.359036,28.095351],[-105.35913,28.095288],[-105.359389,28.095565],[-105.359684,28.095907],[-105.359903,28.096092],[-105.359932,28.096303],[-105.359657,28.09671],[-105.358993,28.097261],[-105.358854,28.097391],[-105.358645,28.097585],[-105.35863,28.0976],[-105.358502,28.097588],[-105.358238,28.097499],[-105.357899,28.097274],[-105.357354,28.09697],[-105.3574,28.09689],[-105.357544,28.096691],[-105.357603,28.096538],[-105.357687,28.096333]]]}},{"type":"Feature","properties":{"modulo":2,"idparcela":"975","productor":"ARMENDARIZ CARDONA JOSE LUIS","cultivo":null,"superficie_fisica_ha":3,"superficie_riego_ha":3,"hectareas":3.18},"geometry":{"type":"Polygon","coordinates":[[[-105.35863,28.0976],[-105.358628,28.09762],[-105.358599,28.09765],[-105.35803,28.098168],[-105.35853,28.0982],[-105.359062,28.098279],[-105.358895,28.098477],[-105.358845,28.098783],[-105.358663,28.098771],[-105.358282,28.098779],[-105.357712,28.098755],[-105.356841,28.098765],[-105.356484,28.098746],[-105.356455,28.097872],[-105.356561,28.097762],[-105.356805,28.097607],[-105.357067,28.097435],[-105.357224,28.097202],[-105.357354,28.09697],[-105.357899,28.097274],[-105.358238,28.097499],[-105.358502,28.097588],[-105.35863,28.0976]]]}},{"type":"Feature","properties":{"modulo":2,"idparcela":"973","productor":"ARMENDARIZ RODRIGUEZ THOMAS","cultivo":null,"superficie_fisica_ha":13.588,"superficie_riego_ha":11.7,"hectareas":10.725},"geometry":{"type":"Polygon","coordinates":[[[-105.358845,28.098783],[-105.358895,28.098477],[-105.359062,28.098279],[-105.35853,28.0982],[-105.35803,28.098168],[-105.358599,28.09765],[-105.358628,28.09762],[-105.35863,28.0976],[-105.358645,28.097585],[-105.358854,28.097391],[-105.358993,28.097261],[-105.359657,28.09671],[-105.359932,28.096303],[-105.359903,28.096092],[-105.359684,28.095907],[-105.359389,28.095565],[-105.35913,28.095288],[-105.359492,28.095019],[-105.359814,28.09475],[-105.360059,28.094677],[-105.360199,28.094684],[-105.360431,28.094584],[-105.361488,28.094033],[-105.36153,28.094272],[-105.361522,28.095952],[-105.361445,28.097563],[-105.361389,28.098867],[-105.358845,28.09886],[-105.358845,28.098783]]]}},{"type":"Feature","properties":{"modulo":2,"idparcela":"981","productor":"ARMENDARIZ REYES ANTONIO","cultivo":null,"superficie_fisica_ha":3.25,"superficie_riego_ha":3.12,"hectareas":2.764},"geometry":{"type":"Polygon","coordinates":[[[-105.387238,28.116404],[-105.387384,28.116195],[-105.387531,28.116018],[-105.387672,28.115965],[-105.387708,28.115951],[-105.388199,28.115925],[-105.388626,28.11586],[-105.38883,28.115793],[-105.389015,28.115686],[-105.389252,28.11553],[-105.389472,28.115407],[-105.389759,28.115132],[-105.389968,28.114905],[-105.390205,28.11469],[-105.390413,28.114755],[-105.390651,28.11487],[-105.390917,28.114973],[-105.390814,28.115149],[-105.390498,28.115687],[-105.390307,28.115897],[-105.390135,28.11613],[-105.389872,28.116349],[-105.389585,28.116305],[-105.388008,28.116398],[-105.387238,28.116404]]]}},{"type":"Feature","properties":{"modulo":2,"idparcela":"979","productor":"ARMENDARIZ REYES BALTAZAR","cultivo":null,"superficie_fisica_ha":3.2538,"superficie_riego_ha":3.12,"hectareas":4.197},"geometry":{"type":"Polygon","coordinates":[[[-105.386188,28.115208],[-105.386123,28.115143],[-105.386095,28.115038],[-105.386091,28.114882],[-105.386106,28.114731],[-105.386121,28.114586],[-105.386788,28.114631],[-105.388226,28.114597],[-105.38888,28.114625],[-105.389629,28.114657],[-105.389836,28.114669],[-105.390205,28.11469],[-105.390141,28.114748],[-105.389968,28.114905],[-105.389759,28.115132],[-105.389472,28.115407],[-105.389252,28.11553],[-105.389015,28.115686],[-105.38883,28.115793],[-105.388626,28.11586],[-105.388199,28.115925],[-105.387708,28.115951],[-105.387672,28.115965],[-105.387437,28.11583],[-105.387022,28.115648],[-105.386703,28.115454],[-105.386417,28.115309],[-105.386188,28.115208]]]}},{"type":"Feature","properties":{"modulo":2,"idparcela":"982","productor":"SOTO DE ARMENDARIZ MARIA ESTHER","cultivo":null,"superficie_fisica_ha":3.2538,"superficie_riego_ha":3.12,"hectareas":3.625},"geometry":{"type":"Polygon","coordinates":[[[-105.384172,28.116431],[-105.384259,28.116146],[-105.384305,28.115766],[-105.384446,28.11539],[-105.384561,28.115226],[-105.384875,28.115225],[-105.385465,28.115218],[-105.386107,28.115227],[-105.386188,28.115208],[-105.386417,28.115309],[-105.386703,28.115454],[-105.387022,28.115648],[-105.387437,28.11583],[-105.387672,28.115965],[-105.387531,28.116018],[-105.387384,28.116195],[-105.387238,28.116404],[-105.384172,28.116431]]]}},{"type":"Feature","properties":{"modulo":2,"idparcela":"980","productor":"ARMENDARIZ REYES RAFAEL","cultivo":null,"superficie_fisica_ha":3.2538,"superficie_riego_ha":3.12,"hectareas":3.015},"geometry":{"type":"Polygon","coordinates":[[[-105.386188,28.115208],[-105.386107,28.115227],[-105.385465,28.115218],[-105.384875,28.115225],[-105.384561,28.115226],[-105.383946,28.115269],[-105.382928,28.115314],[-105.382035,28.115325],[-105.382032,28.114549],[-105.382195,28.114553],[-105.382436,28.114569],[-105.38252,28.114572],[-105.383974,28.114601],[-105.384092,28.114597],[-105.384741,28.114577],[-105.385109,28.114585],[-105.385775,28.114581],[-105.386089,28.114585],[-105.386121,28.114586],[-105.386106,28.114731],[-105.386091,28.114882],[-105.386095,28.115038],[-105.386123,28.115143],[-105.386188,28.115208]]]}},{"type":"Feature","properties":{"modulo":2,"idparcela":"978","productor":"ARMENDARIZ REYES CRESCENCIO","cultivo":null,"superficie_fisica_ha":3.2538,"superficie_riego_ha":3.12,"hectareas":2.802},"geometry":{"type":"Polygon","coordinates":[[[-105.384561,28.115226],[-105.384446,28.11539],[-105.384305,28.115766],[-105.384259,28.116146],[-105.384172,28.116431],[-105.382105,28.116456],[-105.382083,28.116102],[-105.382035,28.115325],[-105.382928,28.115314],[-105.383946,28.115269],[-105.384561,28.115226]]]}},{"type":"Feature","properties":{"modulo":2,"idparcela":"1003","productor":"MELENDEZ OLIVAS ABELARDO","cultivo":null,"superficie_fisica_ha":6.2,"superficie_riego_ha":6,"hectareas":6.001},"geometry":{"type":"Polygon","coordinates":[[[-105.366643,28.110455],[-105.366043,28.110362],[-105.365522,28.110211],[-105.36508,28.110058],[-105.364477,28.109955],[-105.364478,28.109851],[-105.364467,28.109442],[-105.364461,28.109203],[-105.364464,28.109019],[-105.36445,28.107756],[-105.364468,28.107522],[-105.366634,28.107768],[-105.366613,28.109095],[-105.36662,28.110213],[-105.366643,28.110455]]]}},{"type":"Feature","properties":{"modulo":2,"idparcela":"1004","productor":"MELENDEZ OLIVAS ABELARDO","cultivo":null,"superficie_fisica_ha":6.2,"superficie_riego_ha":6,"hectareas":5.99},"geometry":{"type":"Polygon","coordinates":[[[-105.364468,28.107522],[-105.364468,28.106154],[-105.364462,28.105646],[-105.364494,28.105604],[-105.364826,28.105378],[-105.365024,28.105234],[-105.36527,28.105169],[-105.365368,28.105206],[-105.365536,28.10517],[-105.365733,28.105037],[-105.365932,28.10495],[-105.366141,28.104952],[-105.36639,28.104926],[-105.366674,28.104845],[-105.36667,28.10509],[-105.366691,28.106078],[-105.366639,28.107537],[-105.366634,28.107768],[-105.364468,28.107522]]]}},{"type":"Feature","properties":{"modulo":2,"idparcela":"1015","productor":"GOMEZ LICON JOSE EDUARDO","cultivo":null,"superficie_fisica_ha":6.11,"superficie_riego_ha":6.11,"hectareas":5.817},"geometry":{"type":"Polygon","coordinates":[[[-105.371859,28.11587],[-105.371852,28.115338],[-105.371877,28.114731],[-105.371975,28.114721],[-105.37327,28.114716],[-105.374647,28.114695],[-105.37557,28.11469],[-105.376502,28.114685],[-105.376642,28.11469],[-105.376662,28.114821],[-105.376688,28.115426],[-105.376698,28.115809],[-105.375547,28.115782],[-105.374866,28.115754],[-105.373997,28.115846],[-105.373269,28.11584],[-105.372207,28.115862],[-105.371859,28.11587]]]}},{"type":"Feature","properties":{"modulo":2,"idparcela":"1014","productor":"GUDI¥O MENDOZA RAFAEL","cultivo":null,"superficie_fisica_ha":7.09,"superficie_riego_ha":7.09,"hectareas":7.052},"geometry":{"type":"Polygon","coordinates":[[[-105.371867,28.117173],[-105.371873,28.116385],[-105.371859,28.11587],[-105.372207,28.115862],[-105.373269,28.11584],[-105.373997,28.115846],[-105.374866,28.115754],[-105.375547,28.115782],[-105.376698,28.115809],[-105.376713,28.116384],[-105.376716,28.116484],[-105.376725,28.116572],[-105.37672,28.116706],[-105.376732,28.11713],[-105.37662,28.117137],[-105.376475,28.117147],[-105.371867,28.117173]]]}},{"type":"Feature","properties":{"modulo":2,"idparcela":"1018","productor":"VALENZUELA SOTO ALFREDO","cultivo":null,"superficie_fisica_ha":3,"superficie_riego_ha":3,"hectareas":2.97},"geometry":{"type":"Polygon","coordinates":[[[-105.369006,28.115749],[-105.36762,28.115704],[-105.367358,28.115707],[-105.366711,28.115715],[-105.366714,28.115674],[-105.366707,28.115402],[-105.366687,28.114663],[-105.366944,28.114665],[-105.367694,28.114679],[-105.368528,28.114691],[-105.369352,28.114688],[-105.369308,28.115745],[-105.369006,28.115749]]]}},{"type":"Feature","properties":{"modulo":2,"idparcela":"1017","productor":"MELENDEZ MARTINEZ SAUL","cultivo":null,"superficie_fisica_ha":9.4,"superficie_riego_ha":9.4,"hectareas":8.866},"geometry":{"type":"Polygon","coordinates":[[[-105.371747,28.115742],[-105.37174,28.116101],[-105.371729,28.11646],[-105.371728,28.116698],[-105.371696,28.116825],[-105.371602,28.11688],[-105.371363,28.116864],[-105.37115,28.116859],[-105.370078,28.116852],[-105.368739,28.11688],[-105.368198,28.116871],[-105.367157,28.116855],[-105.366818,28.116834],[-105.366705,28.11685],[-105.366667,28.11691],[-105.366655,28.116656],[-105.366708,28.11577],[-105.366711,28.115715],[-105.367358,28.115707],[-105.36762,28.115704],[-105.369006,28.115749],[-105.369308,28.115745],[-105.369352,28.114688],[-105.370376,28.114725],[-105.371638,28.114728],[-105.371729,28.114741],[-105.371747,28.11545],[-105.371747,28.115742]]]}},{"type":"Feature","properties":{"modulo":2,"idparcela":"1026","productor":"MANCHA VALENZUELA JAIME ARTURO","cultivo":null,"superficie_fisica_ha":2.5083,"superficie_riego_ha":2.5083,"hectareas":2.65},"geometry":{"type":"Polygon","coordinates":[[[-105.38689,28.108594],[-105.385806,28.107924],[-105.384175,28.106686],[-105.385003,28.106752],[-105.385181,28.106768],[-105.385898,28.106832],[-105.38618,28.10682],[-105.386507,28.106852],[-105.386892,28.106877],[-105.386919,28.107186],[-105.386911,28.107509],[-105.386865,28.108399],[-105.38689,28.108594]]]}},{"type":"Feature","properties":{"modulo":2,"idparcela":"1025","productor":"MANCHA VALENCIA CRUZ","cultivo":null,"superficie_fisica_ha":2.5083,"superficie_riego_ha":2.5083,"hectareas":2.642},"geometry":{"type":"Polygon","coordinates":[[[-105.383322,28.106474],[-105.382753,28.106443],[-105.382088,28.106387],[-105.382108,28.106053],[-105.382146,28.1044],[-105.383314,28.104395],[-105.383322,28.106474]]]}},{"type":"Feature","properties":{"modulo":2,"idparcela":"1028","productor":"HIDALGO N. LUIS","cultivo":null,"superficie_fisica_ha":2.5083,"superficie_riego_ha":2.5083,"hectareas":2.527},"geometry":{"type":"Polygon","coordinates":[[[-105.384608,28.105253],[-105.384642,28.10598],[-105.384101,28.106073],[-105.383949,28.106179],[-105.383817,28.106267],[-105.3838,28.106344],[-105.383756,28.106516],[-105.383322,28.106474],[-105.383314,28.104395],[-105.384527,28.104429],[-105.384608,28.105253]]]}},{"type":"Feature","properties":{"modulo":2,"idparcela":"1027","productor":"MANCHA VALENZUELA ELISA","cultivo":null,"superficie_fisica_ha":2.5083,"superficie_riego_ha":2.5083,"hectareas":2.177},"geometry":{"type":"Polygon","coordinates":[[[-105.384608,28.105253],[-105.384527,28.104429],[-105.38699,28.104426],[-105.386987,28.104665],[-105.386963,28.105261],[-105.385658,28.105264],[-105.384608,28.105253]]]}},{"type":"Feature","properties":{"modulo":2,"idparcela":"9740","productor":"MANCHA MENDOZA ROSA MARGARITA","cultivo":null,"superficie_fisica_ha":2.5083,"superficie_riego_ha":2.5083,"hectareas":1.999},"geometry":{"type":"Polygon","coordinates":[[[-105.385658,28.105264],[-105.386963,28.105261],[-105.386931,28.106068],[-105.386972,28.106452],[-105.386955,28.106744],[-105.386746,28.106726],[-105.386457,28.106707],[-105.386053,28.106707],[-105.385734,28.106679],[-105.385696,28.106678],[-105.385658,28.105264]]]}},{"type":"Feature","properties":{"modulo":2,"idparcela":"1029","productor":"MANCHA VALENZUELA ELVIRA","cultivo":null,"superficie_fisica_ha":2.5083,"superficie_riego_ha":2.5083,"hectareas":1.991},"geometry":{"type":"Polygon","coordinates":[[[-105.383949,28.106179],[-105.384101,28.106073],[-105.384642,28.10598],[-105.384608,28.105253],[-105.385658,28.105264],[-105.385696,28.106678],[-105.385274,28.106642],[-105.383756,28.106516],[-105.3838,28.106344],[-105.383817,28.106267],[-105.383949,28.106179]]]}},{"type":"Feature","properties":{"modulo":2,"idparcela":"1057","productor":"ROMERO GUEVARA ALFONSO","cultivo":null,"superficie_fisica_ha":3.6099,"superficie_riego_ha":3.6099,"hectareas":0.833},"geometry":{"type":"Polygon","coordinates":[[[-105.350693,28.112407],[-105.351192,28.112079],[-105.351322,28.111994],[-105.351333,28.112092],[-105.35133,28.112652],[-105.351328,28.113107],[-105.351317,28.113386],[-105.350737,28.1135],[-105.350693,28.112407]]]}},{"type":"Feature","properties":{"modulo":2,"idparcela":"1071","productor":"SANCHEZ HOLGUIN REYNALDA","cultivo":null,"superficie_fisica_ha":0.5538,"superficie_riego_ha":0.5538,"hectareas":0.587},"geometry":{"type":"Polygon","coordinates":[[[-105.351317,28.113386],[-105.351304,28.113679],[-105.351254,28.114289],[-105.351111,28.114406],[-105.35101,28.11451],[-105.350922,28.114565],[-105.350796,28.114661],[-105.350737,28.1135],[-105.351317,28.113386]]]}},{"type":"Feature","properties":{"modulo":2,"idparcela":"638","productor":"RIOS N MA. DE LA LUZ","cultivo":null,"superficie_fisica_ha":1.5,"superficie_riego_ha":1.5,"hectareas":1.747},"geometry":{"type":"Polygon","coordinates":[[[-105.299432,28.044824],[-105.299175,28.044841],[-105.299,28.044856],[-105.298555,28.044902],[-105.297865,28.044886],[-105.297716,28.044883],[-105.297284,28.044903],[-105.297286,28.044701],[-105.29715,28.044426],[-105.296901,28.044123],[-105.29821,28.044117],[-105.299144,28.04417],[-105.299357,28.044561],[-105.299432,28.044824]]]}},{"type":"Feature","properties":{"modulo":2,"idparcela":"663","productor":"RUBIO FRANCO JOSEFINA","cultivo":null,"superficie_fisica_ha":4.5,"superficie_riego_ha":4.5,"hectareas":4.306},"geometry":{"type":"Polygon","coordinates":[[[-105.297328,28.045044],[-105.297605,28.045045],[-105.297842,28.04504],[-105.29806,28.045036],[-105.298372,28.045029],[-105.298585,28.045022],[-105.298945,28.045],[-105.299142,28.044986],[-105.299446,28.044955],[-105.299524,28.045254],[-105.299647,28.045645],[-105.299869,28.046302],[-105.300069,28.046887],[-105.29925,28.046918],[-105.298743,28.046944],[-105.298184,28.046997],[-105.298113,28.046743],[-105.298048,28.046585],[-105.297814,28.046355],[-105.297664,28.046155],[-105.297585,28.045869],[-105.297467,28.045487],[-105.297328,28.045044]]]}},{"type":"Feature","properties":{"modulo":2,"idparcela":"713","productor":"ORNELAS PAYAN JAVIER","cultivo":null,"superficie_fisica_ha":9.465,"superficie_riego_ha":9.465,"hectareas":8.875},"geometry":{"type":"Polygon","coordinates":[[[-105.360814,28.074788],[-105.359636,28.074194],[-105.359464,28.070531],[-105.360183,28.070368],[-105.360865,28.070165],[-105.361447,28.069939],[-105.361426,28.071021],[-105.361425,28.073187],[-105.361421,28.075083],[-105.360814,28.074788]]]}},{"type":"Feature","properties":{"modulo":2,"idparcela":"714","productor":"GARZA DELGADO ALBERTO","cultivo":null,"superficie_fisica_ha":10.385,"superficie_riego_ha":7.285,"hectareas":9.477},"geometry":{"type":"Polygon","coordinates":[[[-105.359636,28.074194],[-105.358951,28.073852],[-105.357002,28.07288],[-105.35544,28.072125],[-105.354411,28.071603],[-105.355142,28.071556],[-105.355721,28.071491],[-105.356182,28.07145],[-105.356594,28.071347],[-105.357229,28.071145],[-105.357912,28.070973],[-105.358595,28.070811],[-105.359464,28.070531],[-105.359636,28.074194]]]}},{"type":"Feature","properties":{"modulo":2,"idparcela":"733","productor":"SALAS ESPINOZA FRANCISCO","cultivo":null,"superficie_fisica_ha":7.59,"superficie_riego_ha":1.23,"hectareas":6.299},"geometry":{"type":"Polygon","coordinates":[[[-105.338956,28.070655],[-105.338855,28.068318],[-105.339013,28.068244],[-105.339377,28.068087],[-105.339777,28.068013],[-105.340628,28.068158],[-105.341065,28.068284],[-105.341121,28.070929],[-105.338956,28.070655]]]}},{"type":"Feature","properties":{"modulo":2,"idparcela":"738","productor":"LOPEZ RAMIREZ TOMAS","cultivo":null,"superficie_fisica_ha":5.1112,"superficie_riego_ha":5.1112,"hectareas":2.819},"geometry":{"type":"Polygon","coordinates":[[[-105.338956,28.070655],[-105.338833,28.070635],[-105.336783,28.070356],[-105.336127,28.070268],[-105.336114,28.06978],[-105.337233,28.069946],[-105.337749,28.069794],[-105.337944,28.069624],[-105.338291,28.069156],[-105.338544,28.068643],[-105.338685,28.068451],[-105.338855,28.068318],[-105.338956,28.070655]]]}},{"type":"Feature","properties":{"modulo":2,"idparcela":"736","productor":"ORNELAS PAYAN JAVIER","cultivo":null,"superficie_fisica_ha":4.943,"superficie_riego_ha":4.243,"hectareas":4.991},"geometry":{"type":"Polygon","coordinates":[[[-105.336095,28.068174],[-105.336087,28.068116],[-105.336088,28.067747],[-105.336089,28.067721],[-105.336125,28.065926],[-105.336125,28.065916],[-105.338149,28.066249],[-105.338135,28.068497],[-105.336095,28.068174]]]}},{"type":"Feature","properties":{"modulo":2,"idparcela":"740","productor":"CARRASCO BARRAZA PORFIRIO","cultivo":null,"superficie_fisica_ha":8.7,"superficie_riego_ha":8.7,"hectareas":8.505},"geometry":{"type":"Polygon","coordinates":[[[-105.331357,28.065301],[-105.331243,28.065216],[-105.336125,28.065903],[-105.336125,28.065926],[-105.336089,28.067721],[-105.332289,28.067185],[-105.331357,28.065301]]]}},{"type":"Feature","properties":{"modulo":2,"idparcela":"769","productor":"DELGADO MARTINEZ JOSE LUIS","cultivo":null,"superficie_fisica_ha":14.2,"superficie_riego_ha":14.2,"hectareas":14.348},"geometry":{"type":"Polygon","coordinates":[[[-105.348706,28.092006],[-105.348647,28.091246],[-105.348736,28.090933],[-105.348671,28.090692],[-105.348548,28.090469],[-105.348371,28.08966],[-105.348344,28.087525],[-105.349582,28.08752],[-105.349709,28.08752],[-105.350533,28.087503],[-105.351132,28.087491],[-105.351391,28.087485],[-105.351422,28.089977],[-105.35143,28.091742],[-105.351235,28.092041],[-105.350021,28.092042],[-105.348894,28.092031],[-105.348706,28.092006]]]}},{"type":"Feature","properties":{"modulo":2,"idparcela":"770","productor":"PONCE RIOS VICTOR MANUEL","cultivo":null,"superficie_fisica_ha":10,"superficie_riego_ha":9.328,"hectareas":10.632},"geometry":{"type":"Polygon","coordinates":[[[-105.348344,28.087525],[-105.348371,28.08966],[-105.348548,28.090469],[-105.348671,28.090692],[-105.348736,28.090933],[-105.348647,28.091246],[-105.348706,28.092006],[-105.347592,28.092019],[-105.346405,28.092019],[-105.346319,28.091898],[-105.346289,28.088668],[-105.34631,28.087509],[-105.346597,28.087512],[-105.347418,28.087519],[-105.348344,28.087525]]]}},{"type":"Feature","properties":{"modulo":2,"idparcela":"778","productor":"MONTANEZ GAMBOA MARIO MAXIMO","cultivo":null,"superficie_fisica_ha":2,"superficie_riego_ha":2,"hectareas":7.374},"geometry":{"type":"Polygon","coordinates":[[[-105.339687,28.1073],[-105.339296,28.107884],[-105.339143,28.107805],[-105.338886,28.107738],[-105.338675,28.10766],[-105.338265,28.107514],[-105.33793,28.107476],[-105.336875,28.107615],[-105.336215,28.107701],[-105.336197,28.107497],[-105.336179,28.106799],[-105.336183,28.105929],[-105.33636,28.105915],[-105.336434,28.105915],[-105.336517,28.105915],[-105.337716,28.105915],[-105.338016,28.105915],[-105.338318,28.105921],[-105.338612,28.105927],[-105.340099,28.105956],[-105.341052,28.105986],[-105.34089,28.106166],[-105.340768,28.106299],[-105.340573,28.10647],[-105.340131,28.106757],[-105.339687,28.1073]]]}},{"type":"Feature","properties":{"modulo":2,"idparcela":"778","productor":"MONTANEZ GAMBOA MARIO MAXIMO","cultivo":null,"superficie_fisica_ha":2,"superficie_riego_ha":2,"hectareas":14.576},"geometry":{"type":"Polygon","coordinates":[[[-105.341021,28.105985],[-105.340099,28.105956],[-105.338612,28.105927],[-105.338318,28.105921],[-105.338016,28.105915],[-105.337716,28.105915],[-105.336517,28.105915],[-105.336434,28.105915],[-105.33636,28.105915],[-105.336183,28.105929],[-105.336204,28.105373],[-105.336214,28.105163],[-105.336466,28.10513],[-105.336809,28.105011],[-105.337088,28.10481],[-105.33737,28.104748],[-105.337572,28.104632],[-105.337677,28.104448],[-105.337639,28.104183],[-105.337349,28.103966],[-105.336714,28.103783],[-105.336302,28.103694],[-105.336221,28.103611],[-105.336164,28.103235],[-105.336176,28.102866],[-105.338126,28.102929],[-105.341184,28.103041],[-105.341211,28.103263],[-105.341227,28.10457],[-105.341222,28.105591],[-105.341197,28.105829],[-105.341021,28.105985]]]}},{"type":"Feature","properties":{"modulo":2,"idparcela":"790","productor":"ARMENDARIZ RODRIGUEZ ANGEL","cultivo":null,"superficie_fisica_ha":9.45,"superficie_riego_ha":8.63,"hectareas":9.145},"geometry":{"type":"Polygon","coordinates":[[[-105.31541,28.069585],[-105.315811,28.069594],[-105.316784,28.06958],[-105.317064,28.069627],[-105.318081,28.071733],[-105.317992,28.071772],[-105.317447,28.071823],[-105.315881,28.071804],[-105.314888,28.071785],[-105.314233,28.071755],[-105.314166,28.071698],[-105.313784,28.07123],[-105.313387,28.070541],[-105.313716,28.070004],[-105.314048,28.069633],[-105.31541,28.069585]]]}},{"type":"Feature","properties":{"modulo":2,"idparcela":"807","productor":"HIDALGO N. HILARIO","cultivo":null,"superficie_fisica_ha":8.5116,"superficie_riego_ha":8.5116,"hectareas":8.373},"geometry":{"type":"Polygon","coordinates":[[[-105.328712,28.087602],[-105.328228,28.087604],[-105.328262,28.085753],[-105.328262,28.085381],[-105.328262,28.08531],[-105.328262,28.085268],[-105.32827,28.084687],[-105.328271,28.08464],[-105.328419,28.084626],[-105.329132,28.084787],[-105.329406,28.0848],[-105.329494,28.084804],[-105.329791,28.084818],[-105.330325,28.084785],[-105.330972,28.084759],[-105.330969,28.085445],[-105.330966,28.087355],[-105.33095,28.087581],[-105.330781,28.087584],[-105.330537,28.087599],[-105.329908,28.087615],[-105.328712,28.087602]]]}},{"type":"Feature","properties":{"modulo":2,"idparcela":"814","productor":"SALAS SOTO MIGUEL","cultivo":null,"superficie_fisica_ha":6.2,"superficie_riego_ha":6.2,"hectareas":6.02},"geometry":{"type":"Polygon","coordinates":[[[-105.322985,28.087585],[-105.322976,28.08658],[-105.322986,28.086333],[-105.322988,28.085742],[-105.323077,28.085744],[-105.325935,28.085727],[-105.32594,28.086131],[-105.325977,28.087346],[-105.325956,28.087614],[-105.325598,28.087627],[-105.324214,28.087595],[-105.32385,28.087592],[-105.322985,28.087585]]]}},{"type":"Feature","properties":{"modulo":2,"idparcela":"815","productor":"CASTA¥EDA GONZALEZ RUBEN","cultivo":null,"superficie_fisica_ha":4,"superficie_riego_ha":4,"hectareas":3.999},"geometry":{"type":"Polygon","coordinates":[[[-105.322988,28.085742],[-105.322986,28.086333],[-105.322976,28.08658],[-105.322985,28.087585],[-105.322387,28.087582],[-105.321289,28.087584],[-105.320976,28.087575],[-105.320989,28.087422],[-105.320969,28.086996],[-105.320973,28.08611],[-105.320973,28.085749],[-105.322988,28.085742]]]}},{"type":"Feature","properties":{"modulo":2,"idparcela":"818","productor":"SALAS SOTO HUGO ARTURO","cultivo":null,"superficie_fisica_ha":11.443,"superficie_riego_ha":11.443,"hectareas":12.294},"geometry":{"type":"Polygon","coordinates":[[[-105.322619,28.087752],[-105.322883,28.087728],[-105.324246,28.087732],[-105.325256,28.087736],[-105.325713,28.087778],[-105.325955,28.087804],[-105.326007,28.090038],[-105.324088,28.090025],[-105.32301,28.090017],[-105.322694,28.090023],[-105.321004,28.090058],[-105.32096,28.089996],[-105.320943,28.089908],[-105.321011,28.089768],[-105.321034,28.089578],[-105.321057,28.087889],[-105.3211,28.087746],[-105.321313,28.087713],[-105.322619,28.087752]]]}},{"type":"Feature","properties":{"modulo":2,"idparcela":"822","productor":"BETANCE SOLTERO BENITO","cultivo":null,"superficie_fisica_ha":4.8001,"superficie_riego_ha":4.8001,"hectareas":4.793},"geometry":{"type":"Polygon","coordinates":[[[-105.324051,28.092045],[-105.323707,28.091452],[-105.323687,28.091027],[-105.323713,28.090672],[-105.323939,28.090446],[-105.324088,28.090025],[-105.326007,28.090038],[-105.326053,28.092039],[-105.325995,28.092038],[-105.324051,28.092045]]]}},{"type":"Feature","properties":{"modulo":2,"idparcela":"823","productor":"BETANCE SOLTERO BENITO","cultivo":null,"superficie_fisica_ha":4.8002,"superficie_riego_ha":4.8002,"hectareas":4.83},"geometry":{"type":"Polygon","coordinates":[[[-105.324088,28.090025],[-105.323939,28.090446],[-105.323713,28.090672],[-105.323687,28.091027],[-105.323707,28.091452],[-105.324051,28.092045],[-105.323433,28.092041],[-105.322394,28.092049],[-105.322152,28.092029],[-105.32202,28.09188],[-105.321714,28.091091],[-105.321314,28.090494],[-105.321004,28.090058],[-105.322694,28.090023],[-105.32301,28.090017],[-105.324088,28.090025]]]}},{"type":"Feature","properties":{"modulo":2,"idparcela":"825","productor":"FELIX DE LA GARZA VIRGINIA","cultivo":null,"superficie_fisica_ha":5.55,"superficie_riego_ha":5.55,"hectareas":11.474},"geometry":{"type":"Polygon","coordinates":[[[-105.346291,28.094454],[-105.346291,28.094274],[-105.3463,28.093059],[-105.346323,28.09237],[-105.346442,28.092222],[-105.347055,28.092209],[-105.348792,28.092192],[-105.348998,28.09226],[-105.349606,28.092827],[-105.349876,28.093003],[-105.350206,28.093105],[-105.350737,28.093094],[-105.351312,28.093173],[-105.351344,28.095038],[-105.350642,28.095034],[-105.350177,28.094995],[-105.349878,28.094982],[-105.349532,28.094842],[-105.349272,28.094593],[-105.348928,28.094551],[-105.348674,28.094546],[-105.348161,28.094381],[-105.347894,28.094308],[-105.347367,28.094397],[-105.346694,28.094421],[-105.346291,28.094454]]]}},{"type":"Feature","properties":{"modulo":2,"idparcela":"825","productor":"FELIX DE LA GARZA VIRGINIA","cultivo":null,"superficie_fisica_ha":5.55,"superficie_riego_ha":5.55,"hectareas":10.848},"geometry":{"type":"Polygon","coordinates":[[[-105.351293,28.097107],[-105.351267,28.097099],[-105.349808,28.096612],[-105.349431,28.096589],[-105.348497,28.096531],[-105.347352,28.096536],[-105.346678,28.096532],[-105.346328,28.096467],[-105.346327,28.096446],[-105.346289,28.095742],[-105.346291,28.094454],[-105.346694,28.094421],[-105.347367,28.094397],[-105.347894,28.094308],[-105.348161,28.094381],[-105.348674,28.094546],[-105.348928,28.094551],[-105.349272,28.094593],[-105.349532,28.094842],[-105.349878,28.094982],[-105.350177,28.094995],[-105.350642,28.095034],[-105.351344,28.095038],[-105.351352,28.095474],[-105.351293,28.097107]]]}},{"type":"Feature","properties":{"modulo":2,"idparcela":"811","productor":"HERRERA GANDARA MA. VELIA","cultivo":null,"superficie_fisica_ha":2.8372,"superficie_riego_ha":2.8372,"hectareas":3.953},"geometry":{"type":"Polygon","coordinates":[[[-105.327072,28.083209],[-105.327619,28.083985],[-105.327787,28.084222],[-105.327829,28.084258],[-105.328276,28.084639],[-105.328271,28.08464],[-105.32827,28.084687],[-105.328262,28.085268],[-105.328262,28.08531],[-105.326137,28.085329],[-105.326139,28.08528],[-105.326158,28.084133],[-105.326023,28.083984],[-105.325981,28.083228],[-105.326277,28.083206],[-105.327072,28.083209]]]}},{"type":"Feature","properties":{"modulo":2,"idparcela":"692","productor":"GARCIA CHAVARRIA LUIS ARMANDO","cultivo":null,"superficie_fisica_ha":0.5,"superficie_riego_ha":0.5,"hectareas":0.604},"geometry":{"type":"Polygon","coordinates":[[[-105.332378,28.055872],[-105.3324,28.055768],[-105.33233,28.055282],[-105.332,28.054402],[-105.332902,28.055387],[-105.333129,28.055838],[-105.332882,28.055829],[-105.332378,28.055872]]]}},{"type":"Feature","properties":{"modulo":2,"idparcela":"734","productor":"SALAS VALENCIA VALENTINA","cultivo":null,"superficie_fisica_ha":2.5,"superficie_riego_ha":1.23,"hectareas":2.329},"geometry":{"type":"Polygon","coordinates":[[[-105.341177,28.064976],[-105.338898,28.065023],[-105.338913,28.064027],[-105.340067,28.064307],[-105.340546,28.06439],[-105.341257,28.064179],[-105.341511,28.063943],[-105.342359,28.063097],[-105.34232,28.063322],[-105.342146,28.063498],[-105.341818,28.063937],[-105.341584,28.06431],[-105.341322,28.064668],[-105.341177,28.064976]]]}},{"type":"Feature","properties":{"modulo":2,"idparcela":"732","productor":"SALAS VALENCIA PABLO","cultivo":null,"superficie_fisica_ha":3.81,"superficie_riego_ha":3.81,"hectareas":3.236},"geometry":{"type":"Polygon","coordinates":[[[-105.338874,28.066585],[-105.341101,28.066606],[-105.341057,28.068047],[-105.340801,28.067998],[-105.340001,28.067834],[-105.339589,28.067854],[-105.33906,28.068007],[-105.338824,28.068141],[-105.338874,28.066585]]]}},{"type":"Feature","properties":{"modulo":2,"idparcela":"737","productor":"FAUDOA CAMPOS IVAN","cultivo":null,"superficie_fisica_ha":6.586,"superficie_riego_ha":4.943,"hectareas":6.881},"geometry":{"type":"Polygon","coordinates":[[[-105.336125,28.065916],[-105.336125,28.065903],[-105.336026,28.063765],[-105.337986,28.063927],[-105.338913,28.064027],[-105.338881,28.066234],[-105.338879,28.066369],[-105.338149,28.066249],[-105.336125,28.065916]]]}},{"type":"Feature","properties":{"modulo":2,"idparcela":"735","productor":"TORRES CAMARILLO FERNANDO","cultivo":null,"superficie_fisica_ha":1.1298,"superficie_riego_ha":0.8228,"hectareas":1.654},"geometry":{"type":"Polygon","coordinates":[[[-105.338149,28.066249],[-105.338879,28.066369],[-105.338874,28.066585],[-105.338824,28.068141],[-105.338535,28.068301],[-105.33839,28.068498],[-105.338366,28.068578],[-105.33823,28.068862],[-105.338132,28.069005],[-105.338135,28.068497],[-105.338149,28.066249]]]}},{"type":"Feature","properties":{"modulo":2,"idparcela":"738","productor":"LOPEZ RAMIREZ TOMAS","cultivo":null,"superficie_fisica_ha":5.1112,"superficie_riego_ha":5.1112,"hectareas":2.838},"geometry":{"type":"Polygon","coordinates":[[[-105.336095,28.068174],[-105.338135,28.068497],[-105.338132,28.069005],[-105.338128,28.069042],[-105.337961,28.069246],[-105.33761,28.069596],[-105.337402,28.069765],[-105.337043,28.069796],[-105.336082,28.069592],[-105.336095,28.068174]]]}},{"type":"Feature","properties":{"modulo":2,"idparcela":"754","productor":"RODRIGUEZ N. ROSARIO","cultivo":null,"superficie_fisica_ha":1.78,"superficie_riego_ha":1.78,"hectareas":1.731},"geometry":{"type":"Polygon","coordinates":[[[-105.33012,28.096685],[-105.330073,28.094895],[-105.331011,28.094895],[-105.330972,28.096675],[-105.33012,28.096685]]]}},{"type":"Feature","properties":{"modulo":2,"idparcela":"755","productor":"RODRIGUEZ VILLALOBOS CARMEN","cultivo":null,"superficie_fisica_ha":2.81,"superficie_riego_ha":2.81,"hectareas":2.905},"geometry":{"type":"Polygon","coordinates":[[[-105.328629,28.096673],[-105.32856,28.094894],[-105.330073,28.094895],[-105.33012,28.096685],[-105.329341,28.096679],[-105.328629,28.096673]]]}},{"type":"Feature","properties":{"modulo":2,"idparcela":"757","productor":"VILLALOBOS JAQUEZ HECTOR","cultivo":null,"superficie_fisica_ha":2.28,"superficie_riego_ha":2.28,"hectareas":2.541},"geometry":{"type":"Polygon","coordinates":[[[-105.327215,28.094894],[-105.327288,28.096636],[-105.325922,28.09665],[-105.325911,28.095798],[-105.3259,28.094894],[-105.327215,28.094894]]]}},{"type":"Feature","properties":{"modulo":2,"idparcela":"758","productor":"RODRIGUEZ ESPINOZA JESUS JOSE","cultivo":null,"superficie_fisica_ha":9.45,"superficie_riego_ha":9.0664,"hectareas":8.993},"geometry":{"type":"Polygon","coordinates":[[[-105.328257,28.100164],[-105.329984,28.100047],[-105.330386,28.10002],[-105.330533,28.099995],[-105.330922,28.09995],[-105.330902,28.100119],[-105.330883,28.101423],[-105.330931,28.102415],[-105.330945,28.102692],[-105.330945,28.103694],[-105.330946,28.10449],[-105.330955,28.104819],[-105.33063,28.104439],[-105.3302,28.103891],[-105.329925,28.103572],[-105.329778,28.103447],[-105.328988,28.102454],[-105.328284,28.101657],[-105.328257,28.100164]]]}},{"type":"Feature","properties":{"modulo":2,"idparcela":"761","productor":"YA¥EZ GUEVARA IGNACIO","cultivo":null,"superficie_fisica_ha":3.443,"superficie_riego_ha":3.443,"hectareas":3.689},"geometry":{"type":"Polygon","coordinates":[[[-105.330951,28.08031],[-105.328717,28.080363],[-105.32873,28.080092],[-105.328718,28.079642],[-105.328702,28.079019],[-105.328699,28.078918],[-105.32875,28.078776],[-105.329571,28.078812],[-105.330546,28.078814],[-105.330933,28.078824],[-105.330934,28.079276],[-105.330951,28.08031]]]}},{"type":"Feature","properties":{"modulo":2,"idparcela":"762","productor":"PE¥A MARTINEZ JUAN","cultivo":null,"superficie_fisica_ha":3.457,"superficie_riego_ha":3.443,"hectareas":3.207},"geometry":{"type":"Polygon","coordinates":[[[-105.330996,28.081645],[-105.32871,28.081651],[-105.328715,28.081146],[-105.328702,28.080662],[-105.328717,28.080363],[-105.330951,28.08031],[-105.33096,28.081053],[-105.330996,28.081645]]]}},{"type":"Feature","properties":{"modulo":2,"idparcela":"809","productor":"HERRERA GANDARA MARGARITA","cultivo":null,"superficie_fisica_ha":5.6744,"superficie_riego_ha":5.6744,"hectareas":5.243},"geometry":{"type":"Polygon","coordinates":[[[-105.326137,28.085329],[-105.328262,28.08531],[-105.328262,28.085381],[-105.328262,28.085753],[-105.328228,28.087604],[-105.327203,28.087608],[-105.326562,28.087609],[-105.32632,28.087601],[-105.326137,28.087615],[-105.326119,28.087406],[-105.326149,28.086494],[-105.326127,28.085808],[-105.326137,28.085329]]]}},{"type":"Feature","properties":{"modulo":2,"idparcela":"808","productor":"MONTA¥EZ GAMBOA JOSE","cultivo":null,"superficie_fisica_ha":2.8372,"superficie_riego_ha":2.8372,"hectareas":2.776},"geometry":{"type":"Polygon","coordinates":[[[-105.329406,28.0848],[-105.329391,28.083183],[-105.329474,28.083184],[-105.3295,28.083184],[-105.330261,28.08319],[-105.33068,28.08318],[-105.330984,28.083206],[-105.331014,28.08393],[-105.330972,28.084759],[-105.330325,28.084785],[-105.329791,28.084818],[-105.329494,28.084804],[-105.329406,28.0848]]]}},{"type":"Feature","properties":{"modulo":2,"idparcela":"810","productor":"HERRERA GANDARA ELENA","cultivo":null,"superficie_fisica_ha":2.8372,"superficie_riego_ha":2.8372,"hectareas":2.901},"geometry":{"type":"Polygon","coordinates":[[[-105.328276,28.084639],[-105.327829,28.084258],[-105.327787,28.084222],[-105.327619,28.083985],[-105.327072,28.083209],[-105.327222,28.083199],[-105.327294,28.083217],[-105.327452,28.083201],[-105.327888,28.083214],[-105.329171,28.083181],[-105.329391,28.083183],[-105.329406,28.0848],[-105.329132,28.084787],[-105.328419,28.084626],[-105.328276,28.084639]]]}},{"type":"Feature","properties":{"modulo":2,"idparcela":"564","productor":"GARCIA MARQUEZ MA. DE JESUS","cultivo":null,"superficie_fisica_ha":28.05,"superficie_riego_ha":18.7,"hectareas":16.32},"geometry":{"type":"Polygon","coordinates":[[[-105.320649,28.029042],[-105.321171,28.029209],[-105.321581,28.029621],[-105.321741,28.030166],[-105.322049,28.030805],[-105.322396,28.031573],[-105.322886,28.032208],[-105.323684,28.033579],[-105.319314,28.033508],[-105.31911,28.033194],[-105.319157,28.032575],[-105.319202,28.032275],[-105.319228,28.032049],[-105.319293,28.03173],[-105.31934,28.031495],[-105.319346,28.031307],[-105.319266,28.031094],[-105.31894,28.030735],[-105.318786,28.030477],[-105.318555,28.030107],[-105.318464,28.029865],[-105.318406,28.029679],[-105.318308,28.029532],[-105.318284,28.02942],[-105.318345,28.029362],[-105.31888,28.02923],[-105.319657,28.029083],[-105.3201,28.029074],[-105.320332,28.029097],[-105.320553,28.029083],[-105.320649,28.029042]]]}},{"type":"Feature","properties":{"modulo":2,"idparcela":"564","productor":"GARCIA MARQUEZ MA. DE JESUS","cultivo":null,"superficie_fisica_ha":28.05,"superficie_riego_ha":18.7,"hectareas":8.249},"geometry":{"type":"Polygon","coordinates":[[[-105.316599,28.029733],[-105.318101,28.029596],[-105.318092,28.029569],[-105.318273,28.029804],[-105.318387,28.030129],[-105.318443,28.030278],[-105.318664,28.030638],[-105.318871,28.030896],[-105.319121,28.0312],[-105.319148,28.031433],[-105.319094,28.031753],[-105.319007,28.032466],[-105.31895,28.033122],[-105.318964,28.033253],[-105.319031,28.03347],[-105.317148,28.033469],[-105.316993,28.032573],[-105.316808,28.031237],[-105.316599,28.029733]]]}},{"type":"Feature","properties":{"modulo":2,"idparcela":"************","productor":null,"cultivo":null,"superficie_fisica_ha":null,"superficie_riego_ha":null,"hectareas":4.289},"geometry":{"type":"Polygon","coordinates":[[[-105.318051,28.038894],[-105.318175,28.038957],[-105.318529,28.039147],[-105.31914,28.039393],[-105.318985,28.039541],[-105.318878,28.039655],[-105.318729,28.039733],[-105.318438,28.039888],[-105.318114,28.040059],[-105.31804,28.04009],[-105.317916,28.040077],[-105.317792,28.039961],[-105.317415,28.039715],[-105.316553,28.038941],[-105.315365,28.038588],[-105.315465,28.038336],[-105.315559,28.038099],[-105.315671,28.037817],[-105.316632,28.037804],[-105.317466,28.037806],[-105.317706,28.038527],[-105.31793,28.038794],[-105.317974,28.038833],[-105.318051,28.038894]]]}},{"type":"Feature","properties":{"modulo":2,"idparcela":"739","productor":"SALAS SOTO MIGUEL","cultivo":null,"superficie_fisica_ha":10.3,"superficie_riego_ha":9.45,"hectareas":7.163},"geometry":{"type":"Polygon","coordinates":[[[-105.336089,28.067721],[-105.336088,28.067747],[-105.336087,28.068116],[-105.336095,28.068174],[-105.336082,28.069592],[-105.335722,28.069581],[-105.333772,28.069181],[-105.333363,28.069071],[-105.332791,28.06876],[-105.332228,28.068157],[-105.332268,28.067743],[-105.332281,28.067451],[-105.332289,28.067185],[-105.336089,28.067721]]]}},{"type":"Feature","properties":{"modulo":2,"idparcela":"739","productor":"SALAS SOTO MIGUEL","cultivo":null,"superficie_fisica_ha":10.3,"superficie_riego_ha":9.45,"hectareas":5.393},"geometry":{"type":"Polygon","coordinates":[[[-105.336127,28.070268],[-105.33385,28.069951],[-105.332859,28.069812],[-105.33271,28.069791],[-105.331917,28.06968],[-105.331161,28.069429],[-105.331153,28.069097],[-105.331145,28.068509],[-105.331138,28.067007],[-105.332068,28.06714],[-105.332084,28.067176],[-105.332085,28.067535],[-105.331984,28.06817],[-105.332292,28.068532],[-105.33269,28.068908],[-105.333112,28.069156],[-105.333295,28.069241],[-105.33556,28.06971],[-105.33589,28.069771],[-105.336114,28.06978],[-105.336127,28.070268]]]}},{"type":"Feature","properties":{"modulo":2,"idparcela":"741","productor":"CARRASCO GUTIERREZ CALIXTO","cultivo":null,"superficie_fisica_ha":1.9,"superficie_riego_ha":1.9,"hectareas":0.907},"geometry":{"type":"Polygon","coordinates":[[[-105.332068,28.06714],[-105.331138,28.067007],[-105.331153,28.065316],[-105.331272,28.065468],[-105.331787,28.066523],[-105.332068,28.06714]]]}},{"type":"Feature","properties":{"modulo":2,"idparcela":"942","productor":"TORRES HERMOSILLO SANTIAGO","cultivo":null,"superficie_fisica_ha":12.4,"superficie_riego_ha":10.53,"hectareas":2.755},"geometry":{"type":"Polygon","coordinates":[[[-105.36661,28.097995],[-105.36553,28.09854],[-105.364905,28.098784],[-105.364278,28.098978],[-105.364106,28.099009],[-105.364121,28.098652],[-105.364115,28.097101],[-105.36661,28.097995]]]}},{"type":"Feature","properties":{"modulo":2,"idparcela":"************","productor":null,"cultivo":null,"superficie_fisica_ha":null,"superficie_riego_ha":null,"hectareas":9.179},"geometry":{"type":"Polygon","coordinates":[[[-105.364115,28.097101],[-105.364131,28.0968],[-105.364117,28.095703],[-105.364091,28.095423],[-105.364033,28.094617],[-105.364045,28.094369],[-105.364228,28.094267],[-105.365341,28.094211],[-105.365315,28.094145],[-105.366615,28.094118],[-105.366599,28.094712],[-105.366636,28.097512],[-105.36661,28.097995],[-105.364115,28.097101]]]}},{"type":"Feature","properties":{"modulo":2,"idparcela":"************","productor":null,"cultivo":null,"superficie_fisica_ha":null,"superficie_riego_ha":null,"hectareas":2.992},"geometry":{"type":"Polygon","coordinates":[[[-105.361546,28.135496],[-105.36123,28.13573],[-105.360734,28.135956],[-105.36034,28.136148],[-105.360246,28.136252],[-105.360155,28.136352],[-105.359894,28.136447],[-105.359827,28.136465],[-105.359363,28.134957],[-105.359657,28.134844],[-105.359928,28.134769],[-105.360301,28.134674],[-105.361181,28.1345],[-105.361484,28.134436],[-105.361503,28.134817],[-105.361546,28.135496]]]}},{"type":"Feature","properties":{"modulo":2,"idparcela":"1114","productor":"CUETO GONZALEZ SILVIA","cultivo":null,"superficie_fisica_ha":7.861,"superficie_riego_ha":7,"hectareas":8.466},"geometry":{"type":"Polygon","coordinates":[[[-105.359827,28.136465],[-105.357411,28.13711],[-105.357153,28.137158],[-105.356158,28.137258],[-105.354241,28.137219],[-105.35444,28.136202],[-105.354715,28.136125],[-105.357222,28.135513],[-105.359363,28.134957],[-105.359827,28.136465]]]}}]}