{"type":"FeatureCollection","features":[{"type":"Feature","properties":{"modulo":5,"idparcela":"2862","productor":"PAYAN DE LA CRUZ JOSE LUIS","cultivo":null,"superficie_fisica_ha":23.65,"superficie_riego_ha":22.46,"hectareas":0},"geometry":{"type":"Polygon","coordinates":[[[-105.541182,28.143057],[-105.541055,28.137163],[-105.543819,28.137069],[-105.544124,28.137173],[-105.544442,28.137278],[-105.544896,28.137357],[-105.5452,28.137417],[-105.546014,28.13731],[-105.546441,28.137268],[-105.546849,28.137122],[-105.546918,28.140701],[-105.541182,28.143057]]]}},{"type":"Feature","properties":{"modulo":5,"idparcela":"2861","productor":"PAYAN DE LA CRUZ JOSE LUIS","cultivo":null,"superficie_fisica_ha":26.3,"superficie_riego_ha":24.95,"hectareas":0},"geometry":{"type":"Polygon","coordinates":[[[-105.546849,28.137122],[-105.554586,28.136939],[-105.554712,28.13695],[-105.554798,28.137006],[-105.555087,28.137419],[-105.555078,28.137484],[-105.555013,28.137551],[-105.551392,28.139064],[-105.55126,28.139096],[-105.551149,28.139069],[-105.550996,28.139023],[-105.550835,28.139043],[-105.550551,28.139152],[-105.546918,28.140701],[-105.546849,28.137122]]]}},{"type":"Feature","properties":{"modulo":5,"idparcela":"2854","productor":"MARQUEZ GUTIERREZ MARCO ANTONIO","cultivo":null,"superficie_fisica_ha":10,"superficie_riego_ha":10,"hectareas":0},"geometry":{"type":"Polygon","coordinates":[[[-105.575563,28.127789],[-105.575642,28.127899],[-105.575697,28.128052],[-105.575672,28.128289],[-105.575689,28.128382],[-105.575743,28.128487],[-105.575875,28.128749],[-105.576012,28.128995],[-105.576009,28.129026],[-105.575976,28.129053],[-105.570559,28.131396],[-105.57055,28.129568],[-105.570521,28.127787],[-105.571842,28.127786],[-105.575405,28.127786],[-105.575563,28.127789]]]}},{"type":"Feature","properties":{"modulo":5,"idparcela":"0","productor":null,"cultivo":null,"superficie_fisica_ha":0,"superficie_riego_ha":0,"hectareas":0},"geometry":{"type":"Polygon","coordinates":[[[-105.575602,28.127788],[-105.577206,28.127759],[-105.577543,28.127748],[-105.577807,28.127754],[-105.577927,28.127759],[-105.577986,28.12777],[-105.5781,28.127844],[-105.578217,28.128048],[-105.578216,28.128069],[-105.578199,28.128084],[-105.57782,28.128257],[-105.577505,28.128402],[-105.577263,28.1285],[-105.576046,28.129025],[-105.576049,28.128995],[-105.575913,28.128748],[-105.575781,28.128486],[-105.575728,28.128381],[-105.575711,28.128288],[-105.575735,28.128051],[-105.57568,28.127898],[-105.575602,28.127788]]]}},{"type":"Feature","properties":{"modulo":5,"idparcela":"9615","productor":"VILLA BUSTILLO EVERARDO","cultivo":null,"superficie_fisica_ha":3,"superficie_riego_ha":3,"hectareas":0},"geometry":{"type":"Polygon","coordinates":[[[-105.570445,28.1314],[-105.565565,28.133533],[-105.56537,28.133548],[-105.565384,28.133153],[-105.570442,28.130918],[-105.570445,28.1314]]]}},{"type":"Feature","properties":{"modulo":5,"idparcela":"2855","productor":"RODRIGUEZ MARQUEZ MANUEL","cultivo":null,"superficie_fisica_ha":23.2,"superficie_riego_ha":23.2,"hectareas":0},"geometry":{"type":"Polygon","coordinates":[[[-105.565379,28.132998],[-105.565382,28.132947],[-105.565292,28.132617],[-105.565257,28.132264],[-105.565142,28.132112],[-105.565157,28.127833],[-105.569401,28.127906],[-105.569537,28.127984],[-105.569658,28.128078],[-105.56986,28.128112],[-105.570075,28.128113],[-105.570246,28.128116],[-105.570387,28.128107],[-105.570419,28.128635],[-105.570434,28.129528],[-105.57044,28.130855],[-105.565379,28.132998]]]}},{"type":"Feature","properties":{"modulo":5,"idparcela":"2856","productor":"MIRAZO DELGADO NORMA SILVIA","cultivo":null,"superficie_fisica_ha":23.45,"superficie_riego_ha":22.7,"hectareas":0},"geometry":{"type":"Polygon","coordinates":[[[-105.564967,28.132194],[-105.564849,28.13225],[-105.560335,28.132206],[-105.560257,28.132196],[-105.560203,28.132156],[-105.560174,28.132116],[-105.560161,28.132045],[-105.560135,28.127842],[-105.560183,28.127842],[-105.563418,28.127836],[-105.564485,28.127845],[-105.564567,28.128189],[-105.564704,28.128381],[-105.564936,28.128527],[-105.565,28.132074],[-105.564967,28.132194]]]}},{"type":"Feature","properties":{"modulo":5,"idparcela":"2863","productor":"SOTELO CHAVEZ CRISOFORO ALBERTO","cultivo":null,"superficie_fisica_ha":23.65,"superficie_riego_ha":23.6,"hectareas":0},"geometry":{"type":"Polygon","coordinates":[[[-105.559927,28.132125],[-105.559854,28.132161],[-105.55973,28.132169],[-105.555132,28.132164],[-105.55513,28.128721],[-105.555129,28.127813],[-105.560049,28.127844],[-105.560044,28.129024],[-105.559965,28.129232],[-105.55998,28.13168],[-105.55997,28.13194],[-105.559967,28.132033],[-105.559958,28.132087],[-105.559927,28.132125]]]}},{"type":"Feature","properties":{"modulo":5,"idparcela":"2857","productor":"PAYAN DE LA CRUZ MYRNA","cultivo":null,"superficie_fisica_ha":29.7,"superficie_riego_ha":29.6,"hectareas":0},"geometry":{"type":"Polygon","coordinates":[[[-105.55521,28.137499],[-105.555186,28.132452],[-105.560043,28.132475],[-105.564521,28.132442],[-105.564685,28.133065],[-105.564876,28.133313],[-105.55521,28.137499]]]}},{"type":"Feature","properties":{"modulo":5,"idparcela":"9515","productor":"CARRERA RUIZ PEDRO","cultivo":null,"superficie_fisica_ha":4,"superficie_riego_ha":4,"hectareas":0},"geometry":{"type":"Polygon","coordinates":[[[-105.565262,28.133615],[-105.555345,28.13785],[-105.55528,28.137856],[-105.555235,28.137837],[-105.555209,28.137783],[-105.55521,28.137688],[-105.55521,28.137499],[-105.564876,28.133313],[-105.565037,28.133247],[-105.565205,28.133168],[-105.565274,28.133171],[-105.565268,28.133388],[-105.565262,28.133615]]]}},{"type":"Feature","properties":{"modulo":5,"idparcela":"2858","productor":"PAYAN DE LA CRUZ MYRNA","cultivo":null,"superficie_fisica_ha":12.05,"superficie_riego_ha":12.05,"hectareas":0},"geometry":{"type":"Polygon","coordinates":[[[-105.555025,28.136726],[-105.552237,28.136787],[-105.552132,28.132405],[-105.554983,28.132411],[-105.555025,28.136726]]]}},{"type":"Feature","properties":{"modulo":5,"idparcela":"2860","productor":"PAYAN DE LA CRUZ MYRNA","cultivo":null,"superficie_fisica_ha":38.28,"superficie_riego_ha":36.28,"hectareas":0},"geometry":{"type":"Polygon","coordinates":[[[-105.549515,28.132387],[-105.549631,28.136568],[-105.549318,28.136566],[-105.547793,28.136635],[-105.546951,28.136725],[-105.545795,28.13696],[-105.545363,28.137008],[-105.545009,28.136983],[-105.54426,28.136784],[-105.543732,28.136599],[-105.54301,28.136632],[-105.541784,28.136641],[-105.541123,28.13671],[-105.541,28.136623],[-105.542416,28.134801],[-105.544278,28.132378],[-105.549515,28.132387]]]}},{"type":"Feature","properties":{"modulo":5,"idparcela":"2864","productor":"DELGADO GUZMAN MANUEL","cultivo":null,"superficie_fisica_ha":44.85,"superficie_riego_ha":44,"hectareas":0},"geometry":{"type":"Polygon","coordinates":[[[-105.554973,28.132155],[-105.550439,28.132152],[-105.55012,28.132083],[-105.547666,28.132085],[-105.544461,28.132091],[-105.54541,28.130919],[-105.545549,28.130737],[-105.545531,28.130596],[-105.545487,28.130479],[-105.547276,28.12796],[-105.547417,28.127842],[-105.547575,28.1278],[-105.554432,28.127777],[-105.554499,28.128108],[-105.554975,28.128111],[-105.554973,28.132155]]]}},{"type":"Feature","properties":{"modulo":5,"idparcela":"2852","productor":"MARMOLEJO GONZALEZ JESUS","cultivo":null,"superficie_fisica_ha":12.48,"superficie_riego_ha":12.33,"hectareas":0},"geometry":{"type":"Polygon","coordinates":[[[-105.555042,28.126828],[-105.554941,28.127058],[-105.55477,28.127217],[-105.55453,28.127342],[-105.551967,28.127345],[-105.551895,28.12354],[-105.553424,28.123513],[-105.554774,28.123495],[-105.554766,28.123711],[-105.554773,28.123962],[-105.55507,28.123967],[-105.555042,28.126828]]]}},{"type":"Feature","properties":{"modulo":5,"idparcela":"2853","productor":"MARMOLEJO MEDRANO JESUS","cultivo":null,"superficie_fisica_ha":12.32,"superficie_riego_ha":12.048,"hectareas":0},"geometry":{"type":"Polygon","coordinates":[[[-105.551967,28.127345],[-105.548172,28.12735],[-105.547873,28.127285],[-105.547817,28.12719],[-105.547799,28.127059],[-105.548435,28.126148],[-105.549334,28.124967],[-105.549919,28.124176],[-105.550388,28.123567],[-105.551895,28.12354],[-105.551967,28.127345]]]}},{"type":"Feature","properties":{"modulo":5,"idparcela":"2843","productor":"OLIVAS SOTELO ESTREBERTO","cultivo":null,"superficie_fisica_ha":11.72,"superficie_riego_ha":11.72,"hectareas":0},"geometry":{"type":"Polygon","coordinates":[[[-105.555064,28.1234],[-105.554774,28.123495],[-105.553424,28.123513],[-105.551895,28.12354],[-105.550388,28.123567],[-105.552078,28.121366],[-105.552629,28.120473],[-105.552662,28.120313],[-105.55276,28.120092],[-105.552826,28.119989],[-105.555036,28.119996],[-105.555048,28.122307],[-105.554932,28.122422],[-105.554831,28.122537],[-105.554836,28.122749],[-105.554907,28.12286],[-105.55506,28.122936],[-105.555064,28.1234]]]}},{"type":"Feature","properties":{"modulo":5,"idparcela":"2848","productor":"OLIVAS SOTELO ESTREBERTO","cultivo":null,"superficie_fisica_ha":16.25,"superficie_riego_ha":16.25,"hectareas":0},"geometry":{"type":"Polygon","coordinates":[[[-105.569946,28.122367],[-105.571188,28.123561],[-105.572311,28.124387],[-105.573126,28.125269],[-105.575939,28.127056],[-105.570921,28.127092],[-105.569625,28.127146],[-105.569476,28.126849],[-105.569601,28.122271],[-105.569946,28.122367]]]}},{"type":"Feature","properties":{"modulo":5,"idparcela":"2847","productor":"BERJES CHAVEZ JAVIER ARTURO","cultivo":null,"superficie_fisica_ha":27.6,"superficie_riego_ha":27.6,"hectareas":0},"geometry":{"type":"Polygon","coordinates":[[[-105.56936,28.126976],[-105.569244,28.12717],[-105.567679,28.127216],[-105.56683,28.127271],[-105.565202,28.127293],[-105.565256,28.124074],[-105.565426,28.123879],[-105.565432,28.123615],[-105.565267,28.123511],[-105.565129,28.123419],[-105.565108,28.123144],[-105.565094,28.122642],[-105.565113,28.121096],[-105.56512,28.120666],[-105.565197,28.120533],[-105.565469,28.120132],[-105.565625,28.119925],[-105.569529,28.121921],[-105.569498,28.122599],[-105.569373,28.126473],[-105.56936,28.126976]]]}},{"type":"Feature","properties":{"modulo":5,"idparcela":"2846","productor":"BERJES CHAVEZ JAVIER ARTURO","cultivo":null,"superficie_fisica_ha":19.45,"superficie_riego_ha":19.45,"hectareas":0},"geometry":{"type":"Polygon","coordinates":[[[-105.564881,28.123221],[-105.56013,28.123242],[-105.560091,28.117031],[-105.560501,28.117213],[-105.560559,28.11738],[-105.563531,28.118882],[-105.564845,28.119535],[-105.565205,28.119721],[-105.565252,28.119786],[-105.565268,28.119838],[-105.565258,28.119913],[-105.565209,28.119994],[-105.564873,28.120552],[-105.564894,28.123196],[-105.564881,28.123221]]]}},{"type":"Feature","properties":{"modulo":5,"idparcela":"2845","productor":"BERJES CASTELLANOS JUAN JOSE","cultivo":null,"superficie_fisica_ha":21.57,"superficie_riego_ha":21.57,"hectareas":0},"geometry":{"type":"Polygon","coordinates":[[[-105.557312,28.120617],[-105.557263,28.115362],[-105.557612,28.115679],[-105.558249,28.116028],[-105.560091,28.117031],[-105.560113,28.120595],[-105.557312,28.120617]]]}},{"type":"Feature","properties":{"modulo":5,"idparcela":"2849","productor":"BERJES CHAVEZ JAVIER ARTURO","cultivo":null,"superficie_fisica_ha":21.1,"superficie_riego_ha":21.1,"hectareas":0},"geometry":{"type":"Polygon","coordinates":[[[-105.565051,28.127228],[-105.560327,28.127168],[-105.560061,28.127174],[-105.560071,28.123379],[-105.564857,28.123337],[-105.564967,28.123621],[-105.564957,28.123878],[-105.565117,28.123989],[-105.565051,28.127228]]]}},{"type":"Feature","properties":{"modulo":5,"idparcela":"2850","productor":"MARMOLEJO MEDRANO BENITO","cultivo":null,"superficie_fisica_ha":10.6,"superficie_riego_ha":10.4,"hectareas":0},"geometry":{"type":"Polygon","coordinates":[[[-105.560061,28.127174],[-105.559828,28.127179],[-105.557576,28.127188],[-105.557511,28.123551],[-105.557615,28.12357],[-105.557729,28.123557],[-105.557813,28.123483],[-105.557881,28.123399],[-105.560071,28.123379],[-105.560061,28.127174]]]}},{"type":"Feature","properties":{"modulo":5,"idparcela":"2851","productor":"SANCHEZ LOPEZ RUMUALDO FELIPE","cultivo":null,"superficie_fisica_ha":10.6,"superficie_riego_ha":10.6,"hectareas":0},"geometry":{"type":"Polygon","coordinates":[[[-105.557576,28.127188],[-105.556361,28.127192],[-105.555306,28.127215],[-105.555204,28.127154],[-105.5552,28.123423],[-105.557338,28.123376],[-105.557409,28.123476],[-105.557493,28.123547],[-105.557511,28.123551],[-105.557576,28.127188]]]}},{"type":"Feature","properties":{"modulo":5,"idparcela":"2821","productor":"MACIAS MARQUEZ MARIO","cultivo":null,"superficie_fisica_ha":29.9,"superficie_riego_ha":29.8,"hectareas":0},"geometry":{"type":"Polygon","coordinates":[[[-105.540063,28.136318],[-105.53996,28.131872],[-105.539874,28.128442],[-105.540548,28.128469],[-105.541001,28.12848],[-105.541279,28.128443],[-105.541486,28.128376],[-105.541784,28.128267],[-105.542059,28.128117],[-105.542205,28.127959],[-105.544782,28.127954],[-105.544709,28.128244],[-105.544588,28.128785],[-105.544561,28.129364],[-105.544531,28.129846],[-105.544536,28.130019],[-105.544628,28.13021],[-105.544848,28.130301],[-105.544535,28.13077],[-105.54418,28.131298],[-105.543848,28.131825],[-105.543557,28.132313],[-105.543159,28.132842],[-105.542676,28.133449],[-105.542316,28.133765],[-105.541891,28.134121],[-105.541639,28.134435],[-105.541369,28.134864],[-105.541314,28.135231],[-105.540371,28.136465],[-105.540241,28.136487],[-105.540063,28.136318]]]}},{"type":"Feature","properties":{"modulo":5,"idparcela":"2822","productor":"ESPINOZA DE GONZALEZ CONSUELO","cultivo":null,"superficie_fisica_ha":16.64,"superficie_riego_ha":16.48,"hectareas":0},"geometry":{"type":"Polygon","coordinates":[[[-105.537536,28.128401],[-105.537723,28.134573],[-105.534738,28.132352],[-105.534825,28.127997],[-105.536485,28.128012],[-105.537037,28.128258],[-105.537342,28.128354],[-105.537536,28.128401]]]}},{"type":"Feature","properties":{"modulo":5,"idparcela":"2824","productor":"GONZALEZ CHAVEZ MAYRA","cultivo":null,"superficie_fisica_ha":14.05,"superficie_riego_ha":14.05,"hectareas":0},"geometry":{"type":"Polygon","coordinates":[[[-105.534583,28.13224],[-105.529592,28.128516],[-105.529259,28.128254],[-105.529033,28.127951],[-105.534658,28.127886],[-105.534583,28.13224]]]}},{"type":"Feature","properties":{"modulo":5,"idparcela":"2709","productor":"BURROLA FLORES CESAR","cultivo":null,"superficie_fisica_ha":25.35,"superficie_riego_ha":25,"hectareas":0},"geometry":{"type":"Polygon","coordinates":[[[-105.539853,28.136716],[-105.532595,28.136713],[-105.531809,28.13668],[-105.531511,28.136624],[-105.531251,28.136565],[-105.531125,28.136462],[-105.531053,28.136387],[-105.530984,28.136282],[-105.530891,28.136175],[-105.530892,28.136081],[-105.53095,28.136033],[-105.531052,28.136004],[-105.531154,28.13597],[-105.531185,28.135883],[-105.531172,28.135744],[-105.531137,28.135659],[-105.531078,28.13547],[-105.531105,28.135279],[-105.531172,28.135051],[-105.531201,28.134849],[-105.531314,28.134685],[-105.531458,28.134463],[-105.531757,28.133999],[-105.53192,28.133701],[-105.532121,28.133573],[-105.532418,28.133433],[-105.532737,28.133331],[-105.533002,28.13322],[-105.533204,28.13313],[-105.533274,28.132967],[-105.533364,28.132727],[-105.533498,28.132524],[-105.53379,28.132223],[-105.533929,28.132201],[-105.539574,28.13636],[-105.539849,28.136583],[-105.539853,28.136716]]]}},{"type":"Feature","properties":{"modulo":5,"idparcela":"2818","productor":"SIGIE RAMIREZ MARIA","cultivo":null,"superficie_fisica_ha":23.45,"superficie_riego_ha":23.45,"hectareas":0},"geometry":{"type":"Polygon","coordinates":[[[-105.539785,28.123578],[-105.543533,28.123526],[-105.543533,28.123959],[-105.544172,28.123996],[-105.544193,28.124325],[-105.544669,28.124314],[-105.544717,28.127729],[-105.544616,28.127824],[-105.543014,28.127818],[-105.542433,28.12779],[-105.54219,28.127816],[-105.541994,28.127882],[-105.541847,28.128008],[-105.54163,28.128126],[-105.541331,28.128246],[-105.540997,28.128315],[-105.540103,28.128304],[-105.539767,28.128283],[-105.539769,28.123578],[-105.539785,28.123578]]]}},{"type":"Feature","properties":{"modulo":5,"idparcela":"2819","productor":"SIGIE RAMIREZ MARIA","cultivo":null,"superficie_fisica_ha":24.2,"superficie_riego_ha":24.2,"hectareas":0},"geometry":{"type":"Polygon","coordinates":[[[-105.539767,28.128283],[-105.539614,28.128273],[-105.539032,28.128193],[-105.538483,28.128072],[-105.538204,28.128078],[-105.537951,28.128155],[-105.537697,28.128192],[-105.537453,28.128176],[-105.537207,28.1281],[-105.536796,28.127934],[-105.536456,28.127818],[-105.534774,28.127844],[-105.534782,28.123553],[-105.539769,28.123578],[-105.539767,28.128283]]]}},{"type":"Feature","properties":{"modulo":5,"idparcela":"2820","productor":"AGROPECUARIA SAN JOSE DEL VADO SPR DE RL","cultivo":null,"superficie_fisica_ha":22.9,"superficie_riego_ha":22.9,"hectareas":0},"geometry":{"type":"Polygon","coordinates":[[[-105.53988,28.123408],[-105.539845,28.123306],[-105.539866,28.11918],[-105.539911,28.119052],[-105.540017,28.11901],[-105.544481,28.119],[-105.5446,28.119053],[-105.544632,28.119139],[-105.544716,28.123239],[-105.544675,28.123359],[-105.544578,28.123425],[-105.539997,28.123434],[-105.53988,28.123408]]]}},{"type":"Feature","properties":{"modulo":5,"idparcela":"2836","productor":"RODRIGUEZ GARCIA EVERARDO","cultivo":null,"superficie_fisica_ha":23.2,"superficie_riego_ha":20.72,"hectareas":0},"geometry":{"type":"Polygon","coordinates":[[[-105.534927,28.123191],[-105.534834,28.123147],[-105.534781,28.123085],[-105.534791,28.119059],[-105.534821,28.119022],[-105.537278,28.11901],[-105.537348,28.119072],[-105.537432,28.119148],[-105.537512,28.119183],[-105.537596,28.119197],[-105.539744,28.119177],[-105.539727,28.123379],[-105.539727,28.123435],[-105.539606,28.123435],[-105.539577,28.123424],[-105.539563,28.123401],[-105.539558,28.123121],[-105.539549,28.123097],[-105.539523,28.12309],[-105.539388,28.123093],[-105.539285,28.123095],[-105.534927,28.123191]]]}},{"type":"Feature","properties":{"modulo":5,"idparcela":"2837","productor":"AGROPECUARIA SAN JOSE DEL VADO SPR DE RL","cultivo":null,"superficie_fisica_ha":21.95,"superficie_riego_ha":21.4,"hectareas":0},"geometry":{"type":"Polygon","coordinates":[[[-105.534663,28.12281],[-105.534657,28.123],[-105.534644,28.123042],[-105.534599,28.123065],[-105.534524,28.123105],[-105.534447,28.123157],[-105.534339,28.12322],[-105.534272,28.123257],[-105.534194,28.123295],[-105.534127,28.12333],[-105.53406,28.123351],[-105.533902,28.123357],[-105.529971,28.123359],[-105.529862,28.123286],[-105.529837,28.123182],[-105.529868,28.11909],[-105.529983,28.119015],[-105.530193,28.119011],[-105.533797,28.119066],[-105.533971,28.119127],[-105.534073,28.119204],[-105.53421,28.119255],[-105.534395,28.119289],[-105.53458,28.119303],[-105.53463,28.119335],[-105.534655,28.119366],[-105.534668,28.119406],[-105.534674,28.119454],[-105.534663,28.12281]]]}},{"type":"Feature","properties":{"modulo":5,"idparcela":"2838","productor":"AGROPECUARIA SAN JOSE DEL VADO SPR DE RL","cultivo":null,"superficie_fisica_ha":24.3,"superficie_riego_ha":24.1,"hectareas":0},"geometry":{"type":"Polygon","coordinates":[[[-105.529641,28.123326],[-105.529605,28.123347],[-105.524698,28.123427],[-105.524643,28.123399],[-105.524588,28.123344],[-105.524564,28.118991],[-105.524573,28.118943],[-105.524626,28.118913],[-105.529497,28.118913],[-105.529575,28.118913],[-105.529635,28.118926],[-105.529676,28.11896],[-105.529688,28.119021],[-105.52967,28.123288],[-105.529641,28.123326]]]}},{"type":"Feature","properties":{"modulo":5,"idparcela":"3475","productor":"PEREZ SATILLANES MONICA","cultivo":"Trigo","superficie_fisica_ha":6.6538,"superficie_riego_ha":6.525,"hectareas":0},"geometry":{"type":"Polygon","coordinates":[[[-105.482081,28.216825],[-105.482119,28.216763],[-105.482243,28.216639],[-105.482278,28.216504],[-105.482287,28.216287],[-105.482304,28.216182],[-105.482311,28.216099],[-105.482304,28.216013],[-105.482578,28.215803],[-105.482671,28.215814],[-105.48285,28.215732],[-105.483029,28.215637],[-105.483179,28.215729],[-105.483317,28.215644],[-105.483362,28.21563],[-105.483385,28.215642],[-105.485366,28.217806],[-105.483809,28.219073],[-105.482288,28.217135],[-105.482093,28.21689],[-105.482081,28.216825]]]}},{"type":"Feature","properties":{"modulo":5,"idparcela":"3476","productor":"NUNEZ ANAYA PILAR","cultivo":"Alfalfa","superficie_fisica_ha":5.5,"superficie_riego_ha":5.5,"hectareas":0},"geometry":{"type":"Polygon","coordinates":[[[-105.485366,28.217806],[-105.487285,28.219902],[-105.485517,28.22125],[-105.483809,28.219073],[-105.485366,28.217806]]]}},{"type":"Feature","properties":{"modulo":5,"idparcela":"3477","productor":"TALAMANTES TERRAZAS CARLOS FRANCISCO","cultivo":null,"superficie_fisica_ha":5.4,"superficie_riego_ha":5.4,"hectareas":0},"geometry":{"type":"Polygon","coordinates":[[[-105.487285,28.219902],[-105.48887,28.221633],[-105.486952,28.223078],[-105.485517,28.22125],[-105.487285,28.219902]]]}},{"type":"Feature","properties":{"modulo":5,"idparcela":"3478","productor":"TALAMANTES TERRAZAS CARLOS FRANCISCO","cultivo":null,"superficie_fisica_ha":5.475,"superficie_riego_ha":5.475,"hectareas":0},"geometry":{"type":"Polygon","coordinates":[[[-105.48887,28.221633],[-105.488874,28.221638],[-105.490319,28.223198],[-105.488237,28.224721],[-105.487165,28.223349],[-105.486952,28.223078],[-105.48887,28.221633]]]}},{"type":"Feature","properties":{"modulo":5,"idparcela":"3479","productor":"BARRAZA FERNANDEZ ERNESTO","cultivo":null,"superficie_fisica_ha":5.86,"superficie_riego_ha":5.86,"hectareas":0},"geometry":{"type":"Polygon","coordinates":[[[-105.490319,28.223198],[-105.491626,28.224609],[-105.48949,28.226323],[-105.488237,28.224721],[-105.490319,28.223198]]]}},{"type":"Feature","properties":{"modulo":5,"idparcela":"3480","productor":"PEREZ SANTILLANES MONICA","cultivo":null,"superficie_fisica_ha":6.6538,"superficie_riego_ha":6.525,"hectareas":0},"geometry":{"type":"Polygon","coordinates":[[[-105.491626,28.224609],[-105.492507,28.22556],[-105.492889,28.225972],[-105.490586,28.227725],[-105.48949,28.226323],[-105.491626,28.224609]]]}},{"type":"Feature","properties":{"modulo":5,"idparcela":"3481","productor":"PEREZ SANTILLANES MONICA","cultivo":null,"superficie_fisica_ha":5.8,"superficie_riego_ha":5.8,"hectareas":0},"geometry":{"type":"Polygon","coordinates":[[[-105.492889,28.225972],[-105.493994,28.22717],[-105.49161,28.229035],[-105.490586,28.227725],[-105.492889,28.225972]]]}},{"type":"Feature","properties":{"modulo":5,"idparcela":"3482","productor":"TALAMANTES TERRAZAS CARLOS FRANCISCO","cultivo":null,"superficie_fisica_ha":5.732,"superficie_riego_ha":5.732,"hectareas":0},"geometry":{"type":"Polygon","coordinates":[[[-105.493994,28.22717],[-105.495179,28.228454],[-105.492631,28.230341],[-105.492548,28.230235],[-105.49161,28.229035],[-105.493994,28.22717]]]}},{"type":"Feature","properties":{"modulo":5,"idparcela":"3484","productor":"PEREZ SANTILLANES MONICA","cultivo":null,"superficie_fisica_ha":5.525,"superficie_riego_ha":5.525,"hectareas":0},"geometry":{"type":"Polygon","coordinates":[[[-105.496188,28.229538],[-105.497214,28.23064],[-105.497227,28.230653],[-105.494506,28.232731],[-105.493609,28.231588],[-105.496188,28.229538]]]}},{"type":"Feature","properties":{"modulo":5,"idparcela":"3483","productor":"CHAVEZ CORRAL PABLO","cultivo":null,"superficie_fisica_ha":5.35,"superficie_riego_ha":5.35,"hectareas":0},"geometry":{"type":"Polygon","coordinates":[[[-105.495179,28.228454],[-105.49522,28.228498],[-105.496188,28.229538],[-105.493609,28.231588],[-105.492631,28.230341],[-105.495179,28.228454]]]}},{"type":"Feature","properties":{"modulo":5,"idparcela":"3485","productor":"CHAVEZ CORRAL PABLO","cultivo":null,"superficie_fisica_ha":5.8,"superficie_riego_ha":5.8,"hectareas":0},"geometry":{"type":"Polygon","coordinates":[[[-105.497227,28.230653],[-105.498079,28.231522],[-105.498245,28.23169],[-105.495415,28.233891],[-105.494506,28.232731],[-105.497227,28.230653]]]}},{"type":"Feature","properties":{"modulo":5,"idparcela":"3486","productor":"ESPARZA GOMEZ Ma. DE LOS AN","cultivo":null,"superficie_fisica_ha":6.3,"superficie_riego_ha":6.3,"hectareas":0},"geometry":{"type":"Polygon","coordinates":[[[-105.498245,28.23169],[-105.498547,28.231996],[-105.498774,28.232235],[-105.49895,28.232408],[-105.499185,28.232607],[-105.499259,28.232756],[-105.496325,28.235051],[-105.495415,28.233891],[-105.498245,28.23169]]]}},{"type":"Feature","properties":{"modulo":5,"idparcela":"3488","productor":"GINER SOTO JESUS VITO","cultivo":null,"superficie_fisica_ha":6.9119,"superficie_riego_ha":6,"hectareas":0},"geometry":{"type":"Polygon","coordinates":[[[-105.500137,28.234007],[-105.500153,28.23406],[-105.500146,28.234664],[-105.500103,28.235269],[-105.500035,28.235843],[-105.499539,28.2374],[-105.499309,28.238179],[-105.499249,28.238477],[-105.499219,28.238528],[-105.499139,28.238548],[-105.49905,28.238524],[-105.497244,28.236222],[-105.500137,28.234007]]]}},{"type":"Feature","properties":{"modulo":5,"idparcela":"3487","productor":"GINER SOTO JESUS VITO","cultivo":null,"superficie_fisica_ha":5.875,"superficie_riego_ha":5.875,"hectareas":0},"geometry":{"type":"Polygon","coordinates":[[[-105.499259,28.232756],[-105.499278,28.232795],[-105.499312,28.23295],[-105.499354,28.233053],[-105.499443,28.233103],[-105.499542,28.233136],[-105.499646,28.233195],[-105.499887,28.233515],[-105.500087,28.233849],[-105.500137,28.234007],[-105.497244,28.236222],[-105.496325,28.235051],[-105.499259,28.232756]]]}},{"type":"Feature","properties":{"modulo":5,"idparcela":"3470","productor":"TALAMANTES TERRAZAS CARLOS FRANCISCO","cultivo":null,"superficie_fisica_ha":5.35,"superficie_riego_ha":5.35,"hectareas":0},"geometry":{"type":"Polygon","coordinates":[[[-105.497449,28.230098],[-105.497141,28.229784],[-105.494208,28.226802],[-105.494297,28.22672],[-105.494293,28.226573],[-105.498034,28.227259],[-105.497589,28.229419],[-105.497449,28.230098]]]}},{"type":"Feature","properties":{"modulo":5,"idparcela":"3469","productor":"TALAMANTES TERRAZAS CARLOS FRANCISCO","cultivo":null,"superficie_fisica_ha":5.975,"superficie_riego_ha":5.975,"hectareas":0},"geometry":{"type":"Polygon","coordinates":[[[-105.497589,28.229419],[-105.498034,28.227259],[-105.500871,28.22778],[-105.501086,28.229031],[-105.501139,28.22931],[-105.501159,28.22947],[-105.501073,28.229659],[-105.501005,28.229914],[-105.500988,28.230009],[-105.497589,28.229419]]]}},{"type":"Feature","properties":{"modulo":5,"idparcela":"3474","productor":"TALAMANTES TERRAZAS CARLOS FRANCISCO","cultivo":null,"superficie_fisica_ha":5.5204,"superficie_riego_ha":5,"hectareas":0},"geometry":{"type":"Polygon","coordinates":[[[-105.500988,28.230009],[-105.499532,28.232115],[-105.499436,28.232085],[-105.498925,28.231602],[-105.497449,28.230098],[-105.497589,28.229419],[-105.500988,28.230009]]]}},{"type":"Feature","properties":{"modulo":5,"idparcela":"3465","productor":"GALLEGOS MATA RIGOBERTO","cultivo":null,"superficie_fisica_ha":5.8386,"superficie_riego_ha":5.8386,"hectareas":0},"geometry":{"type":"Polygon","coordinates":[[[-105.500868,28.227673],[-105.498306,28.227194],[-105.498153,28.227117],[-105.498134,28.226984],[-105.498554,28.225069],[-105.500415,28.225359],[-105.500868,28.227673]]]}},{"type":"Feature","properties":{"modulo":5,"idparcela":"3455","productor":"VAZQUEZ LOZANO JOSE LUIS","cultivo":null,"superficie_fisica_ha":4.7098,"superficie_riego_ha":3.504,"hectareas":0},"geometry":{"type":"Polygon","coordinates":[[[-105.498554,28.225069],[-105.499504,28.220972],[-105.500359,28.225068],[-105.500415,28.225359],[-105.498554,28.225069]]]}},{"type":"Feature","properties":{"modulo":5,"idparcela":"3456","productor":"FRANCO ARIZPE FCO. ABEL","cultivo":null,"superficie_fisica_ha":5.8,"superficie_riego_ha":5.8,"hectareas":0},"geometry":{"type":"Polygon","coordinates":[[[-105.496562,28.222466],[-105.49701,28.220456],[-105.49705,28.220463],[-105.499172,28.220858],[-105.499309,28.220908],[-105.499371,28.220987],[-105.498938,28.222903],[-105.496562,28.222466]]]}},{"type":"Feature","properties":{"modulo":5,"idparcela":"3457","productor":"JIMENEZ AGUILAR JUAN MANUEL","cultivo":null,"superficie_fisica_ha":5.052,"superficie_riego_ha":5.052,"hectareas":0},"geometry":{"type":"Polygon","coordinates":[[[-105.49411,28.222015],[-105.49443,28.220596],[-105.494547,28.220055],[-105.49701,28.220456],[-105.496562,28.222466],[-105.49411,28.222015]]]}},{"type":"Feature","properties":{"modulo":5,"idparcela":"3466","productor":"MONCAYO QUIROZ EUGENIO","cultivo":null,"superficie_fisica_ha":5.8,"superficie_riego_ha":5.8,"hectareas":0},"geometry":{"type":"Polygon","coordinates":[[[-105.497987,28.227108],[-105.495618,28.2267],[-105.496079,28.224634],[-105.49845,28.225059],[-105.497987,28.227108]]]}},{"type":"Feature","properties":{"modulo":5,"idparcela":"3461","productor":"PEREZ SANTILLANES MONICA","cultivo":null,"superficie_fisica_ha":5.9985,"superficie_riego_ha":5.9985,"hectareas":0},"geometry":{"type":"Polygon","coordinates":[[[-105.496079,28.224634],[-105.496562,28.222466],[-105.498938,28.222903],[-105.49845,28.225059],[-105.496079,28.224634]]]}},{"type":"Feature","properties":{"modulo":5,"idparcela":"3467","productor":"TALAMANTES TERRAZAS CARLOS FRANCISCO","cultivo":null,"superficie_fisica_ha":5.575,"superficie_riego_ha":5.575,"hectareas":0},"geometry":{"type":"Polygon","coordinates":[[[-105.495618,28.2267],[-105.49426,28.226467],[-105.493542,28.225759],[-105.493447,28.225656],[-105.493351,28.225518],[-105.493346,28.225354],[-105.493555,28.224504],[-105.493716,28.224388],[-105.493859,28.224326],[-105.494057,28.224322],[-105.494549,28.22436],[-105.496079,28.224634],[-105.495618,28.2267]]]}},{"type":"Feature","properties":{"modulo":5,"idparcela":"3462","productor":"NAVARRETE VEGA VICTOR","cultivo":null,"superficie_fisica_ha":5.975,"superficie_riego_ha":5.975,"hectareas":0},"geometry":{"type":"Polygon","coordinates":[[[-105.494549,28.22436],[-105.49457,28.224241],[-105.494408,28.224104],[-105.494325,28.223989],[-105.49419,28.223875],[-105.493712,28.22378],[-105.49411,28.222015],[-105.496562,28.222466],[-105.496079,28.224634],[-105.494549,28.22436]]]}},{"type":"Feature","properties":{"modulo":5,"idparcela":"3468","productor":"MALDONADO DOMINGUEZ JOSE RAFAEL","cultivo":null,"superficie_fisica_ha":1.525,"superficie_riego_ha":1.525,"hectareas":0},"geometry":{"type":"Polygon","coordinates":[[[-105.492239,28.223954],[-105.493511,28.224162],[-105.493481,28.224304],[-105.493486,28.22448],[-105.493321,28.225139],[-105.493282,28.225319],[-105.492859,28.224879],[-105.492791,28.224876],[-105.492728,28.224864],[-105.492649,28.224815],[-105.49253,28.224702],[-105.492446,28.224622],[-105.492376,28.224559],[-105.492292,28.224476],[-105.492173,28.224384],[-105.492163,28.224358],[-105.492161,28.224311],[-105.492174,28.224225],[-105.492181,28.224157],[-105.492194,28.224079],[-105.492187,28.224015],[-105.492205,28.223972],[-105.492239,28.223954]]]}},{"type":"Feature","properties":{"modulo":5,"idparcela":"3460","productor":"ENRIQUEZ OROZCO ROGELIO","cultivo":null,"superficie_fisica_ha":4.1,"superficie_riego_ha":4.1,"hectareas":0},"geometry":{"type":"Polygon","coordinates":[[[-105.486744,28.218637],[-105.486774,28.218639],[-105.48963,28.219156],[-105.489196,28.221134],[-105.48727,28.219227],[-105.486817,28.218785],[-105.486751,28.218724],[-105.486717,28.21869],[-105.486705,28.218667],[-105.48672,28.218648],[-105.486744,28.218637]]]}},{"type":"Feature","properties":{"modulo":5,"idparcela":"3463","productor":"GUILLEN VALVERDE JUAN MANUEL","cultivo":null,"superficie_fisica_ha":5.525,"superficie_riego_ha":5.525,"hectareas":0},"geometry":{"type":"Polygon","coordinates":[[[-105.493754,28.221945],[-105.493694,28.222277],[-105.493818,28.222398],[-105.493883,28.22248],[-105.49388,28.222604],[-105.493556,28.224069],[-105.492289,28.223871],[-105.492001,28.223808],[-105.49178,28.22369],[-105.491444,28.223338],[-105.491299,28.223216],[-105.491652,28.221579],[-105.493754,28.221945]]]}},{"type":"Feature","properties":{"modulo":5,"idparcela":"3458","productor":"FRANCO ARIZPE HUMBERTO","cultivo":null,"superficie_fisica_ha":5.765,"superficie_riego_ha":5.765,"hectareas":0},"geometry":{"type":"Polygon","coordinates":[[[-105.492078,28.219605],[-105.494547,28.220055],[-105.49443,28.220596],[-105.49411,28.222015],[-105.493754,28.221945],[-105.491652,28.221579],[-105.492078,28.219605]]]}},{"type":"Feature","properties":{"modulo":5,"idparcela":"3464","productor":"MALDONADO DOMINGUEZ JOSE RAFAEL","cultivo":null,"superficie_fisica_ha":2.8,"superficie_riego_ha":2.8,"hectareas":0},"geometry":{"type":"Polygon","coordinates":[[[-105.491652,28.221579],[-105.491299,28.223216],[-105.491092,28.223139],[-105.490934,28.222957],[-105.490771,28.222762],[-105.490766,28.222652],[-105.489902,28.221824],[-105.489196,28.221134],[-105.491652,28.221579]]]}},{"type":"Feature","properties":{"modulo":5,"idparcela":"3459","productor":"PEREZ SANTILLANES MONICA","cultivo":null,"superficie_fisica_ha":5.425,"superficie_riego_ha":5.425,"hectareas":0},"geometry":{"type":"Polygon","coordinates":[[[-105.48963,28.219156],[-105.492078,28.219605],[-105.491652,28.221579],[-105.489196,28.221134],[-105.48963,28.219156]]]}},{"type":"Feature","properties":{"modulo":5,"idparcela":"3449","productor":"GARDEA PEINADO ROMAN","cultivo":null,"superficie_fisica_ha":5.125,"superficie_riego_ha":5.125,"hectareas":0},"geometry":{"type":"Polygon","coordinates":[[[-105.499471,28.220801],[-105.497084,28.220375],[-105.497571,28.218287],[-105.499053,28.218549],[-105.499471,28.220801]]]}},{"type":"Feature","properties":{"modulo":5,"idparcela":"3442","productor":"ARREDONDO ENRIQUEZ GERARDO","cultivo":null,"superficie_fisica_ha":3.1362,"superficie_riego_ha":2.7,"hectareas":0},"geometry":{"type":"Polygon","coordinates":[[[-105.497653,28.216073],[-105.498675,28.216273],[-105.499053,28.218549],[-105.497571,28.218287],[-105.497166,28.218216],[-105.497653,28.216073]]]}},{"type":"Feature","properties":{"modulo":5,"idparcela":"3443","productor":"PAYAN HERMANOS SPR DE RL","cultivo":null,"superficie_fisica_ha":6.0341,"superficie_riego_ha":5.8,"hectareas":0},"geometry":{"type":"Polygon","coordinates":[[[-105.495627,28.215715],[-105.497653,28.216073],[-105.497166,28.218216],[-105.495138,28.217859],[-105.495627,28.215715]]]}},{"type":"Feature","properties":{"modulo":5,"idparcela":"3450","productor":"ARIZPE ARMENDARIZ CARMEN","cultivo":null,"superficie_fisica_ha":5.825,"superficie_riego_ha":5.825,"hectareas":0},"geometry":{"type":"Polygon","coordinates":[[[-105.497084,28.220375],[-105.494668,28.219945],[-105.495138,28.217859],[-105.497166,28.218216],[-105.497571,28.218287],[-105.497084,28.220375]]]}},{"type":"Feature","properties":{"modulo":5,"idparcela":"3444","productor":"ACOSTA HOLGUIN SALVADOR","cultivo":null,"superficie_fisica_ha":6.0792,"superficie_riego_ha":6.0792,"hectareas":0},"geometry":{"type":"Polygon","coordinates":[[[-105.493145,28.215284],[-105.495627,28.215715],[-105.495138,28.217859],[-105.495122,28.217856],[-105.492666,28.217423],[-105.493145,28.215284]]]}},{"type":"Feature","properties":{"modulo":5,"idparcela":"3451","productor":"ACEVES CELIS HUMBERTO","cultivo":null,"superficie_fisica_ha":6.075,"superficie_riego_ha":6.075,"hectareas":0},"geometry":{"type":"Polygon","coordinates":[[[-105.494668,28.219945],[-105.494665,28.219945],[-105.492213,28.219508],[-105.492666,28.217423],[-105.495122,28.217856],[-105.495138,28.217859],[-105.494668,28.219945]]]}},{"type":"Feature","properties":{"modulo":5,"idparcela":"3445","productor":"VAZQUEZ LOZANO JOSE LUIS","cultivo":null,"superficie_fisica_ha":5.875,"superficie_riego_ha":5.875,"hectareas":0},"geometry":{"type":"Polygon","coordinates":[[[-105.490663,28.214839],[-105.493145,28.215284],[-105.492666,28.217423],[-105.49266,28.217422],[-105.490173,28.216984],[-105.490168,28.216983],[-105.490663,28.214839]]]}},{"type":"Feature","properties":{"modulo":5,"idparcela":"3452","productor":"TALAMANTES TERRAZAS CARLOS FRANCISCO","cultivo":null,"superficie_fisica_ha":5.67,"superficie_riego_ha":5.67,"hectareas":0},"geometry":{"type":"Polygon","coordinates":[[[-105.492213,28.219508],[-105.492212,28.219508],[-105.489687,28.219058],[-105.490168,28.216983],[-105.490173,28.216984],[-105.49266,28.217422],[-105.492666,28.217423],[-105.492213,28.219508]]]}},{"type":"Feature","properties":{"modulo":5,"idparcela":"3446","productor":"VAZQUEZ LOZANO JOSE LUIS","cultivo":null,"superficie_fisica_ha":6.175,"superficie_riego_ha":6.175,"hectareas":0},"geometry":{"type":"Polygon","coordinates":[[[-105.48815,28.214395],[-105.490663,28.214839],[-105.490168,28.216983],[-105.487682,28.216545],[-105.48815,28.214395]]]}},{"type":"Feature","properties":{"modulo":5,"idparcela":"3453","productor":"HERRERA BAILON FERNANDO","cultivo":null,"superficie_fisica_ha":5.84,"superficie_riego_ha":5.84,"hectareas":0},"geometry":{"type":"Polygon","coordinates":[[[-105.489687,28.219058],[-105.487198,28.218614],[-105.487682,28.216545],[-105.490168,28.216983],[-105.489687,28.219058]]]}},{"type":"Feature","properties":{"modulo":5,"idparcela":"3454","productor":"PEREZ SANTILLANES MONICA","cultivo":null,"superficie_fisica_ha":5.534,"superficie_riego_ha":5.534,"hectareas":0},"geometry":{"type":"Polygon","coordinates":[[[-105.487198,28.218614],[-105.487179,28.218611],[-105.486485,28.218487],[-105.483982,28.215893],[-105.485255,28.216117],[-105.487656,28.216541],[-105.487682,28.216545],[-105.487198,28.218614]]]}},{"type":"Feature","properties":{"modulo":5,"idparcela":"3447","productor":"JIMENEZ JASSO LUIS CRUZ","cultivo":null,"superficie_fisica_ha":6.4,"superficie_riego_ha":6.4,"hectareas":0},"geometry":{"type":"Polygon","coordinates":[[[-105.485717,28.213978],[-105.48815,28.214395],[-105.487682,28.216545],[-105.487656,28.216541],[-105.485255,28.216117],[-105.485717,28.213978]]]}},{"type":"Feature","properties":{"modulo":5,"idparcela":"3448","productor":"MONTES ZAMARRIPA FRANCISCO","cultivo":null,"superficie_fisica_ha":5.3668,"superficie_riego_ha":5.3668,"hectareas":0},"geometry":{"type":"Polygon","coordinates":[[[-105.483982,28.215893],[-105.483322,28.21521],[-105.483174,28.215053],[-105.4835,28.213567],[-105.485717,28.213978],[-105.485255,28.216117],[-105.483982,28.215893]]]}},{"type":"Feature","properties":{"modulo":5,"idparcela":"3430","productor":"VAZQUEZ DOMINGUEZ ABELARDO","cultivo":null,"superficie_fisica_ha":4.925,"superficie_riego_ha":4.35,"hectareas":0},"geometry":{"type":"Polygon","coordinates":[[[-105.496553,28.211353],[-105.497842,28.211583],[-105.498267,28.213931],[-105.49608,28.213535],[-105.496553,28.211353]]]}},{"type":"Feature","properties":{"modulo":5,"idparcela":"3436","productor":"PAYAN HERMANOS SPR DE RL","cultivo":null,"superficie_fisica_ha":5.825,"superficie_riego_ha":5.825,"hectareas":0},"geometry":{"type":"Polygon","coordinates":[[[-105.49608,28.213535],[-105.498267,28.213931],[-105.498672,28.216162],[-105.495627,28.215627],[-105.49608,28.213535]]]}},{"type":"Feature","properties":{"modulo":5,"idparcela":"3431","productor":"RUIZ DE LA CRUZ IRMA","cultivo":null,"superficie_fisica_ha":5.8911,"superficie_riego_ha":5.8911,"hectareas":0},"geometry":{"type":"Polygon","coordinates":[[[-105.494104,28.210917],[-105.496553,28.211353],[-105.49608,28.213535],[-105.493607,28.213086],[-105.494091,28.210972],[-105.494104,28.210917]]]}},{"type":"Feature","properties":{"modulo":5,"idparcela":"3437","productor":"CARRASCO GUTIERREZ RUBEN","cultivo":null,"superficie_fisica_ha":5.74,"superficie_riego_ha":5.74,"hectareas":0},"geometry":{"type":"Polygon","coordinates":[[[-105.493607,28.213086],[-105.49608,28.213535],[-105.495627,28.215627],[-105.493126,28.215189],[-105.493607,28.213086]]]}},{"type":"Feature","properties":{"modulo":5,"idparcela":"3438","productor":"SALGADO LUJAN JESUS","cultivo":null,"superficie_fisica_ha":5.825,"superficie_riego_ha":5.825,"hectareas":0},"geometry":{"type":"Polygon","coordinates":[[[-105.491139,28.212639],[-105.493607,28.213086],[-105.493126,28.215189],[-105.490657,28.214755],[-105.491139,28.212639]]]}},{"type":"Feature","properties":{"modulo":5,"idparcela":"3433","productor":"PAYAN ESQUIVEL ANTONIO","cultivo":null,"superficie_fisica_ha":6.175,"superficie_riego_ha":6.175,"hectareas":0},"geometry":{"type":"Polygon","coordinates":[[[-105.48918,28.21004],[-105.491632,28.210477],[-105.491139,28.212639],[-105.488703,28.212197],[-105.48918,28.21004]]]}},{"type":"Feature","properties":{"modulo":5,"idparcela":"3439","productor":"SAGARNAGA LARA JUAN DE DIOS","cultivo":null,"superficie_fisica_ha":6.0087,"superficie_riego_ha":6.0087,"hectareas":0},"geometry":{"type":"Polygon","coordinates":[[[-105.488703,28.212197],[-105.491139,28.212639],[-105.490657,28.214755],[-105.488232,28.214329],[-105.488703,28.212197]]]}},{"type":"Feature","properties":{"modulo":5,"idparcela":"3434","productor":"NATIVIDAD CELIS ARMANDO","cultivo":null,"superficie_fisica_ha":6,"superficie_riego_ha":6,"hectareas":0},"geometry":{"type":"Polygon","coordinates":[[[-105.486704,28.209599],[-105.48918,28.21004],[-105.488703,28.212197],[-105.486242,28.211751],[-105.486704,28.209599]]]}},{"type":"Feature","properties":{"modulo":5,"idparcela":"3435","productor":"ARREDONDO ENRIQUEZ GERARDO","cultivo":null,"superficie_fisica_ha":5,"superficie_riego_ha":5,"hectareas":0},"geometry":{"type":"Polygon","coordinates":[[[-105.48398,28.211341],[-105.484459,28.209199],[-105.486704,28.209599],[-105.486242,28.211751],[-105.48398,28.211341]]]}},{"type":"Feature","properties":{"modulo":5,"idparcela":"3440","productor":"LUJAN DOMINGUEZ JULIA","cultivo":null,"superficie_fisica_ha":6.075,"superficie_riego_ha":6.075,"hectareas":0},"geometry":{"type":"Polygon","coordinates":[[[-105.486242,28.211751],[-105.488703,28.212197],[-105.488232,28.214329],[-105.48578,28.213899],[-105.486242,28.211751]]]}},{"type":"Feature","properties":{"modulo":5,"idparcela":"3441","productor":"CHAVEZ CORRAL PABLO","cultivo":null,"superficie_fisica_ha":5.4238,"superficie_riego_ha":5.4238,"hectareas":0},"geometry":{"type":"Polygon","coordinates":[[[-105.483498,28.213498],[-105.48398,28.211341],[-105.486242,28.211751],[-105.48578,28.213899],[-105.483498,28.213498]]]}},{"type":"Feature","properties":{"modulo":5,"idparcela":"3424","productor":"JASSO CHAVARRIA FELIPE","cultivo":null,"superficie_fisica_ha":1.675,"superficie_riego_ha":1.675,"hectareas":0},"geometry":{"type":"Polygon","coordinates":[[[-105.497856,28.211503],[-105.49661,28.211279],[-105.497039,28.209141],[-105.497393,28.209204],[-105.497856,28.211503]]]}},{"type":"Feature","properties":{"modulo":5,"idparcela":"3432","productor":"MUNDO PEREZ MANUEL ARTURO","cultivo":null,"superficie_fisica_ha":6,"superficie_riego_ha":6,"hectareas":0},"geometry":{"type":"Polygon","coordinates":[[[-105.491632,28.210477],[-105.494104,28.210917],[-105.494091,28.210972],[-105.493607,28.213086],[-105.491139,28.212639],[-105.491632,28.210477]]]}},{"type":"Feature","properties":{"modulo":5,"idparcela":"3420","productor":"ENRIQUEZ OROZCO ROGELIO","cultivo":null,"superficie_fisica_ha":5.625,"superficie_riego_ha":5.625,"hectareas":0},"geometry":{"type":"Polygon","coordinates":[[[-105.495065,28.206598],[-105.496936,28.206937],[-105.497393,28.209204],[-105.497039,28.209141],[-105.494595,28.208708],[-105.495065,28.206598]]]}},{"type":"Feature","properties":{"modulo":5,"idparcela":"3425","productor":"ENRIQUEZ OROZCO ROGELIO","cultivo":null,"superficie_fisica_ha":5.86,"superficie_riego_ha":5.86,"hectareas":0},"geometry":{"type":"Polygon","coordinates":[[[-105.49661,28.211279],[-105.494122,28.210832],[-105.494595,28.208708],[-105.497039,28.209141],[-105.49661,28.211279]]]}},{"type":"Feature","properties":{"modulo":5,"idparcela":"3421","productor":"SALGADO CUBAS JESUS","cultivo":null,"superficie_fisica_ha":6,"superficie_riego_ha":6,"hectareas":0},"geometry":{"type":"Polygon","coordinates":[[[-105.492628,28.206156],[-105.495065,28.206598],[-105.494595,28.208708],[-105.49215,28.208274],[-105.492628,28.206156]]]}},{"type":"Feature","properties":{"modulo":5,"idparcela":"3426","productor":"CHAVEZ CORRAL PABLO","cultivo":null,"superficie_fisica_ha":6.125,"superficie_riego_ha":5.62,"hectareas":0},"geometry":{"type":"Polygon","coordinates":[[[-105.494122,28.210832],[-105.491673,28.210392],[-105.49215,28.208274],[-105.494595,28.208708],[-105.494122,28.210832]]]}},{"type":"Feature","properties":{"modulo":5,"idparcela":"3422","productor":"SALGADO LUJAN OLIVIA","cultivo":null,"superficie_fisica_ha":6.0687,"superficie_riego_ha":6.0687,"hectareas":0},"geometry":{"type":"Polygon","coordinates":[[[-105.49021,28.205717],[-105.492628,28.206156],[-105.49215,28.208274],[-105.489751,28.207849],[-105.49021,28.205717]]]}},{"type":"Feature","properties":{"modulo":5,"idparcela":"3427","productor":"ENRIQUEZ OROZCO ROGELIO","cultivo":null,"superficie_fisica_ha":5.9942,"superficie_riego_ha":5.75,"hectareas":0},"geometry":{"type":"Polygon","coordinates":[[[-105.491673,28.210392],[-105.489295,28.209964],[-105.489751,28.207849],[-105.49215,28.208274],[-105.491673,28.210392]]]}},{"type":"Feature","properties":{"modulo":5,"idparcela":"3423","productor":"PAYAN GOMEZ SALOMON","cultivo":null,"superficie_fisica_ha":6.0925,"superficie_riego_ha":5.81,"hectareas":0},"geometry":{"type":"Polygon","coordinates":[[[-105.487653,28.205253],[-105.49021,28.205717],[-105.489751,28.207849],[-105.487195,28.207395],[-105.487653,28.205253]]]}},{"type":"Feature","properties":{"modulo":5,"idparcela":"0","productor":null,"cultivo":null,"superficie_fisica_ha":0,"superficie_riego_ha":0,"hectareas":0},"geometry":{"type":"Polygon","coordinates":[[[-105.484928,28.206993],[-105.484935,28.206961],[-105.484974,28.206765],[-105.485029,28.20662],[-105.485128,28.206488],[-105.485273,28.20642],[-105.485476,28.206324],[-105.485723,28.206201],[-105.485999,28.206078],[-105.486231,28.205969],[-105.48645,28.205899],[-105.48658,28.205818],[-105.486724,28.205711],[-105.486839,28.205591],[-105.486966,28.205393],[-105.486997,28.205324],[-105.487024,28.205242],[-105.487047,28.205144],[-105.487653,28.205253],[-105.487195,28.207395],[-105.484928,28.206993]]]}},{"type":"Feature","properties":{"modulo":5,"idparcela":"3428","productor":"SALGADO CUBAS JESUS","cultivo":null,"superficie_fisica_ha":5.9412,"superficie_riego_ha":5.9412,"hectareas":0},"geometry":{"type":"Polygon","coordinates":[[[-105.489295,28.209964],[-105.486744,28.209505],[-105.487195,28.207395],[-105.489751,28.207849],[-105.489295,28.209964]]]}},{"type":"Feature","properties":{"modulo":5,"idparcela":"3429","productor":"MARTINEZ IBARRA VICENTE","cultivo":null,"superficie_fisica_ha":5.6,"superficie_riego_ha":5.6,"hectareas":0},"geometry":{"type":"Polygon","coordinates":[[[-105.486744,28.209505],[-105.484464,28.209095],[-105.484928,28.206993],[-105.487195,28.207395],[-105.486744,28.209505]]]}},{"type":"Feature","properties":{"modulo":5,"idparcela":"3261","productor":"ROMERO MATA FEDERICO","cultivo":null,"superficie_fisica_ha":10.075,"superficie_riego_ha":10.075,"hectareas":0},"geometry":{"type":"Polygon","coordinates":[[[-105.505909,28.226426],[-105.505935,28.226623],[-105.503058,28.227776],[-105.503459,28.225958],[-105.505073,28.226247],[-105.505909,28.226426]]]}},{"type":"Feature","properties":{"modulo":5,"idparcela":"3262","productor":"PEREZ SANTILLANES MONICA","cultivo":null,"superficie_fisica_ha":5.3939,"superficie_riego_ha":5.35,"hectareas":0},"geometry":{"type":"Polygon","coordinates":[[[-105.501252,28.227813],[-105.500937,28.225642],[-105.500942,28.225588],[-105.500954,28.225562],[-105.500994,28.225531],[-105.501048,28.225531],[-105.503396,28.225935],[-105.503005,28.227724],[-105.502931,28.227792],[-105.502893,28.227909],[-105.502884,28.22808],[-105.502577,28.22803],[-105.501252,28.227813]]]}},{"type":"Feature","properties":{"modulo":5,"idparcela":"3265","productor":"JASSO CORTES JOSE FELIPE","cultivo":null,"superficie_fisica_ha":3.15,"superficie_riego_ha":3.15,"hectareas":0},"geometry":{"type":"Polygon","coordinates":[[[-105.50288,28.228184],[-105.502789,28.228666],[-105.502654,28.228902],[-105.502297,28.229179],[-105.501956,28.22933],[-105.501736,28.229407],[-105.501573,28.229392],[-105.50147,28.229323],[-105.501252,28.227813],[-105.502884,28.22808],[-105.50288,28.228184]]]}},{"type":"Feature","properties":{"modulo":5,"idparcela":"3256","productor":"AMAYA MELENDEZ CARLOS EDUARDO","cultivo":null,"superficie_fisica_ha":5.8679,"superficie_riego_ha":5.8679,"hectareas":0},"geometry":{"type":"Polygon","coordinates":[[[-105.501512,28.223295],[-105.50391,28.223721],[-105.503414,28.225854],[-105.501067,28.225442],[-105.501027,28.225431],[-105.501512,28.223295]]]}},{"type":"Feature","properties":{"modulo":5,"idparcela":"3251","productor":"CHAVEZ CORRAL PABLO","cultivo":null,"superficie_fisica_ha":5.4479,"superficie_riego_ha":5.35,"hectareas":0},"geometry":{"type":"Polygon","coordinates":[[[-105.501027,28.225431],[-105.500899,28.225397],[-105.500108,28.221297],[-105.500071,28.22116],[-105.500065,28.221094],[-105.500094,28.221033],[-105.500156,28.221032],[-105.501957,28.221338],[-105.501512,28.223295],[-105.501027,28.225431]]]}},{"type":"Feature","properties":{"modulo":5,"idparcela":"3254","productor":"RIVERA RAMIREZ SALVADOR","cultivo":null,"superficie_fisica_ha":7,"superficie_riego_ha":7,"hectareas":0},"geometry":{"type":"Polygon","coordinates":[[[-105.506533,28.22416],[-105.506873,28.222254],[-105.508104,28.222466],[-105.508179,28.222532],[-105.508445,28.222621],[-105.508596,28.222628],[-105.509079,28.222727],[-105.509263,28.222755],[-105.509447,28.222777],[-105.50968,28.222794],[-105.509873,28.222767],[-105.510037,28.222792],[-105.510172,28.222833],[-105.510215,28.222877],[-105.510162,28.222984],[-105.510071,28.223102],[-105.509932,28.223289],[-105.509726,28.223554],[-105.509496,28.223865],[-105.509339,28.224096],[-105.509169,28.224306],[-105.509041,28.224425],[-105.508908,28.22452],[-105.508823,28.224565],[-105.508726,28.224561],[-105.508636,28.224539],[-105.50856,28.224498],[-105.507624,28.224342],[-105.506533,28.22416]]]}},{"type":"Feature","properties":{"modulo":5,"idparcela":"3257","productor":"MARQUEZ PAYAN ROBERTO","cultivo":null,"superficie_fisica_ha":7.2459,"superficie_riego_ha":7,"hectareas":0},"geometry":{"type":"Polygon","coordinates":[[[-105.503506,28.225841],[-105.503998,28.223736],[-105.506533,28.22416],[-105.506161,28.226361],[-105.505972,28.22633],[-105.503506,28.225841]]]}},{"type":"Feature","properties":{"modulo":5,"idparcela":"3260","productor":"DEL RIO MORALES GONZALO","cultivo":null,"superficie_fisica_ha":1.1,"superficie_riego_ha":1.1,"hectareas":0},"geometry":{"type":"Polygon","coordinates":[[[-105.508566,28.224616],[-105.508656,28.22467],[-105.508733,28.224708],[-105.508828,28.224695],[-105.508927,28.224614],[-105.509058,28.224527],[-105.509159,28.224519],[-105.509162,28.224626],[-105.509008,28.224797],[-105.50871,28.225219],[-105.507755,28.226664],[-105.50762,28.226588],[-105.507485,28.226507],[-105.507458,28.226457],[-105.507451,28.226401],[-105.507511,28.226306],[-105.507627,28.22614],[-105.507785,28.225895],[-105.507845,28.225793],[-105.507939,28.225629],[-105.508047,28.225436],[-105.508255,28.225044],[-105.508566,28.224616]]]}},{"type":"Feature","properties":{"modulo":5,"idparcela":"3255","productor":"MONTELONGO MONTELONGO PRIMITIVO","cultivo":null,"superficie_fisica_ha":5.7,"superficie_riego_ha":5.7,"hectareas":0},"geometry":{"type":"Polygon","coordinates":[[[-105.510702,28.225712],[-105.509378,28.224829],[-105.509308,28.224775],[-105.509293,28.224692],[-105.509296,28.224592],[-105.509349,28.224469],[-105.509728,28.22386],[-105.510241,28.223137],[-105.510419,28.222967],[-105.51058,28.222908],[-105.510687,28.222922],[-105.510858,28.222957],[-105.511073,28.22303],[-105.511238,28.223094],[-105.511524,28.223237],[-105.511646,28.223329],[-105.511813,28.22347],[-105.511873,28.223591],[-105.511892,28.223835],[-105.511942,28.224284],[-105.511994,28.224567],[-105.512024,28.224755],[-105.512029,28.224905],[-105.512002,28.225095],[-105.511927,28.225091],[-105.511656,28.225052],[-105.511345,28.225159],[-105.511154,28.225296],[-105.510866,28.225547],[-105.510702,28.225712]]]}},{"type":"Feature","properties":{"modulo":5,"idparcela":"3245","productor":"MORALES RONQUILLO JESUS","cultivo":null,"superficie_fisica_ha":4.93,"superficie_riego_ha":4.93,"hectareas":0},"geometry":{"type":"Polygon","coordinates":[[[-105.509749,28.221225],[-105.510371,28.218544],[-105.510438,28.218492],[-105.51055,28.21844],[-105.510651,28.218428],[-105.510833,28.218454],[-105.51105,28.218489],[-105.511233,28.218535],[-105.511415,28.218572],[-105.511563,28.218599],[-105.511905,28.218682],[-105.511806,28.219176],[-105.511736,28.219509],[-105.51173,28.2197],[-105.511841,28.220039],[-105.511861,28.22037],[-105.511781,28.220962],[-105.511634,28.220931],[-105.511437,28.220891],[-105.511342,28.22088],[-105.511197,28.220883],[-105.511016,28.220893],[-105.51088,28.220961],[-105.510752,28.221047],[-105.510616,28.221133],[-105.51043,28.221227],[-105.510271,28.221237],[-105.510154,28.221227],[-105.509908,28.221226],[-105.509749,28.221225]]]}},{"type":"Feature","properties":{"modulo":5,"idparcela":"3250","productor":"CARRASCO VAZQUEZ ROSA MARIA","cultivo":null,"superficie_fisica_ha":3.625,"superficie_riego_ha":3.625,"hectareas":0},"geometry":{"type":"Polygon","coordinates":[[[-105.510133,28.222646],[-105.509962,28.22261],[-105.509746,28.222575],[-105.509609,28.222537],[-105.509528,28.222499],[-105.509469,28.22243],[-105.5095,28.222299],[-105.509749,28.221225],[-105.509908,28.221226],[-105.510154,28.221227],[-105.510271,28.221237],[-105.51043,28.221227],[-105.510616,28.221133],[-105.510752,28.221047],[-105.51088,28.220961],[-105.511016,28.220893],[-105.511197,28.220883],[-105.511342,28.22088],[-105.511437,28.220891],[-105.511634,28.220931],[-105.511781,28.220962],[-105.511777,28.220994],[-105.511631,28.221871],[-105.511606,28.222193],[-105.511628,28.222594],[-105.511637,28.222915],[-105.511605,28.222976],[-105.511538,28.223018],[-105.511391,28.223021],[-105.511287,28.222973],[-105.510908,28.22278],[-105.510133,28.222646]]]}},{"type":"Feature","properties":{"modulo":5,"idparcela":"3243","productor":"GINER JIMENEZ JAIME","cultivo":null,"superficie_fisica_ha":5.9907,"superficie_riego_ha":5.9907,"hectareas":0},"geometry":{"type":"Polygon","coordinates":[[[-105.504948,28.219618],[-105.505471,28.217458],[-105.50657,28.217651],[-105.507829,28.217878],[-105.507352,28.220042],[-105.504948,28.219618]]]}},{"type":"Feature","properties":{"modulo":5,"idparcela":"3249","productor":"PADILLA PARRA AMADO","cultivo":null,"superficie_fisica_ha":5.5008,"superficie_riego_ha":5.5008,"hectareas":0},"geometry":{"type":"Polygon","coordinates":[[[-105.509376,28.222269],[-105.509321,28.222373],[-105.509194,28.222477],[-105.508993,28.222482],[-105.508616,28.222401],[-105.508312,28.222343],[-105.508198,28.222384],[-105.506899,28.222138],[-105.507352,28.220042],[-105.509714,28.220451],[-105.509376,28.222269]]]}},{"type":"Feature","properties":{"modulo":5,"idparcela":"3248","productor":"MARTINEZ RODRIGUEZ MARIA BELEN","cultivo":null,"superficie_fisica_ha":5.8503,"superficie_riego_ha":5.8503,"hectareas":0},"geometry":{"type":"Polygon","coordinates":[[[-105.506899,28.222138],[-105.504504,28.221743],[-105.504466,28.221698],[-105.504948,28.219618],[-105.507352,28.220042],[-105.506899,28.222138]]]}},{"type":"Feature","properties":{"modulo":5,"idparcela":"3332","productor":"VAZQUEZ LOZANO JOSE LUIS","cultivo":null,"superficie_fisica_ha":2.275,"superficie_riego_ha":2.275,"hectareas":0},"geometry":{"type":"Polygon","coordinates":[[[-105.499775,28.219485],[-105.499121,28.216345],[-105.500486,28.216593],[-105.499956,28.21875],[-105.499775,28.219485]]]}},{"type":"Feature","properties":{"modulo":5,"idparcela":"3242","productor":"PAZ MARTINEZ ADOLFO","cultivo":null,"superficie_fisica_ha":5.625,"superficie_riego_ha":5.625,"hectareas":0},"geometry":{"type":"Polygon","coordinates":[[[-105.502496,28.219236],[-105.502997,28.21701],[-105.505337,28.21743],[-105.504842,28.219626],[-105.503785,28.219483],[-105.502496,28.219236]]]}},{"type":"Feature","properties":{"modulo":5,"idparcela":"3247","productor":"VILLA GARCIA OSCAR","cultivo":null,"superficie_fisica_ha":5.15,"superficie_riego_ha":5.15,"hectareas":0},"geometry":{"type":"Polygon","coordinates":[[[-105.504346,28.221664],[-105.504278,28.22167],[-105.502035,28.221287],[-105.502496,28.219236],[-105.503785,28.219483],[-105.504842,28.219626],[-105.504381,28.221631],[-105.504346,28.221664]]]}},{"type":"Feature","properties":{"modulo":5,"idparcela":"3241","productor":"CARRASCO GUADERRAMA JESUS MARTIN","cultivo":null,"superficie_fisica_ha":5.8475,"superficie_riego_ha":5.8475,"hectareas":0},"geometry":{"type":"Polygon","coordinates":[[[-105.499956,28.21875],[-105.500486,28.216593],[-105.500756,28.216642],[-105.502997,28.21701],[-105.502496,28.219236],[-105.499956,28.21875]]]}},{"type":"Feature","properties":{"modulo":5,"idparcela":"3246","productor":"HOLGUIN JURADO ANTONIO","cultivo":null,"superficie_fisica_ha":5.5,"superficie_riego_ha":5.5,"hectareas":0},"geometry":{"type":"Polygon","coordinates":[[[-105.502035,28.221287],[-105.500619,28.221045],[-105.500207,28.220971],[-105.500123,28.22095],[-105.500065,28.220909],[-105.500036,28.220818],[-105.50001,28.220612],[-105.499775,28.219485],[-105.499956,28.21875],[-105.502496,28.219236],[-105.502035,28.221287]]]}},{"type":"Feature","properties":{"modulo":5,"idparcela":"3331","productor":"MARTHA N. AVILIA","cultivo":null,"superficie_fisica_ha":4.825,"superficie_riego_ha":4.825,"hectareas":0},"geometry":{"type":"Polygon","coordinates":[[[-105.500461,28.216491],[-105.499132,28.216255],[-105.499071,28.216136],[-105.498945,28.215054],[-105.498822,28.214424],[-105.498742,28.213998],[-105.499839,28.214188],[-105.500914,28.214387],[-105.500461,28.216491]]]}},{"type":"Feature","properties":{"modulo":5,"idparcela":"3330","productor":"PEREZ SANTILLANES MONICA","cultivo":null,"superficie_fisica_ha":3.072,"superficie_riego_ha":3.072,"hectareas":0},"geometry":{"type":"Polygon","coordinates":[[[-105.498742,28.213998],[-105.498644,28.213924],[-105.498555,28.213578],[-105.49854,28.213494],[-105.498973,28.211773],[-105.49914,28.211806],[-105.499936,28.211954],[-105.500327,28.212048],[-105.500042,28.213202],[-105.499903,28.213906],[-105.499839,28.214188],[-105.498742,28.213998]]]}},{"type":"Feature","properties":{"modulo":5,"idparcela":"3430","productor":"VAZQUEZ DOMINGUEZ ABELARDO","cultivo":null,"superficie_fisica_ha":4.925,"superficie_riego_ha":4.35,"hectareas":0},"geometry":{"type":"Polygon","coordinates":[[[-105.49854,28.213494],[-105.498215,28.211673],[-105.498446,28.211706],[-105.498735,28.211725],[-105.498973,28.211773],[-105.49854,28.213494]]]}},{"type":"Feature","properties":{"modulo":5,"idparcela":"3231","productor":"PARC ESCOLAR MENDEZ ORALIA","cultivo":null,"superficie_fisica_ha":5.57,"superficie_riego_ha":5.57,"hectareas":0},"geometry":{"type":"Polygon","coordinates":[[[-105.503943,28.212688],[-105.504453,28.212782],[-105.505272,28.212914],[-105.506261,28.213086],[-105.505777,28.21524],[-105.503478,28.214831],[-105.503494,28.214749],[-105.503943,28.212688]]]}},{"type":"Feature","properties":{"modulo":5,"idparcela":"3230","productor":"PORRAS PEREYRA RAUL","cultivo":null,"superficie_fisica_ha":6.1,"superficie_riego_ha":6.1,"hectareas":0},"geometry":{"type":"Polygon","coordinates":[[[-105.501023,28.214393],[-105.501037,28.214335],[-105.501497,28.212652],[-105.501542,28.212484],[-105.501579,28.212368],[-105.501656,28.212287],[-105.501905,28.2123],[-105.502106,28.212357],[-105.502535,28.212427],[-105.503854,28.212671],[-105.503943,28.212688],[-105.503494,28.214749],[-105.503478,28.214831],[-105.501023,28.214393]]]}},{"type":"Feature","properties":{"modulo":5,"idparcela":"3236","productor":"PAYAN HERMANOS SPR DE RL","cultivo":null,"superficie_fisica_ha":5.55,"superficie_riego_ha":5.55,"hectareas":0},"geometry":{"type":"Polygon","coordinates":[[[-105.505367,28.217068],[-105.5053,28.217166],[-105.505224,28.217282],[-105.505175,28.217319],[-105.505016,28.217313],[-105.503076,28.216976],[-105.503478,28.214831],[-105.505777,28.21524],[-105.505367,28.217068]]]}},{"type":"Feature","properties":{"modulo":5,"idparcela":"3235","productor":"VAZQUEZ LOZANO JOSE LUIS","cultivo":null,"superficie_fisica_ha":6.0054,"superficie_riego_ha":6.0054,"hectareas":0},"geometry":{"type":"Polygon","coordinates":[[[-105.503076,28.216976],[-105.50078,28.216577],[-105.500611,28.216544],[-105.500563,28.216512],[-105.500546,28.216464],[-105.500564,28.216371],[-105.501023,28.214393],[-105.503478,28.214831],[-105.503076,28.216976]]]}},{"type":"Feature","properties":{"modulo":5,"idparcela":"0","productor":null,"cultivo":null,"superficie_fisica_ha":0,"superficie_riego_ha":0,"hectareas":0},"geometry":{"type":"Polygon","coordinates":[[[-105.519408,28.210892],[-105.519573,28.210914],[-105.519926,28.210934],[-105.520115,28.210994],[-105.520303,28.211054],[-105.520192,28.211176],[-105.519969,28.211356],[-105.519859,28.211505],[-105.519761,28.211728],[-105.519725,28.211912],[-105.519708,28.212041],[-105.519609,28.212209],[-105.519456,28.212295],[-105.519262,28.212428],[-105.519172,28.212549],[-105.519042,28.212718],[-105.519018,28.212599],[-105.518841,28.212217],[-105.518691,28.212018],[-105.518628,28.211991],[-105.518729,28.211949],[-105.518817,28.211802],[-105.518953,28.211527],[-105.519408,28.210892]]]}},{"type":"Feature","properties":{"modulo":5,"idparcela":"3228","productor":"MORALES RONQUILLO JESUS","cultivo":null,"superficie_fisica_ha":7.5724,"superficie_riego_ha":6.625,"hectareas":0},"geometry":{"type":"Polygon","coordinates":[[[-105.516666,28.212714],[-105.516929,28.212723],[-105.517083,28.212762],[-105.51675,28.21339],[-105.516174,28.214401],[-105.516094,28.214475],[-105.515942,28.214551],[-105.514938,28.215281],[-105.514362,28.215694],[-105.514358,28.21569],[-105.514005,28.215613],[-105.513571,28.215524],[-105.51372,28.215333],[-105.513926,28.214438],[-105.514405,28.21235],[-105.514843,28.212423],[-105.515614,28.212553],[-105.516166,28.212642],[-105.516666,28.212714]]]}},{"type":"Feature","properties":{"modulo":5,"idparcela":"3224","productor":"VAZQUEZ LOZANO JOSE LUIS","cultivo":null,"superficie_fisica_ha":5.9,"superficie_riego_ha":5.9,"hectareas":0},"geometry":{"type":"Polygon","coordinates":[[[-105.514362,28.215694],[-105.514938,28.215281],[-105.515942,28.214551],[-105.516094,28.214475],[-105.516174,28.214401],[-105.51675,28.21339],[-105.517083,28.212762],[-105.516929,28.212723],[-105.517024,28.212558],[-105.517161,28.212307],[-105.5173,28.212105],[-105.5175,28.211972],[-105.517657,28.211872],[-105.517822,28.211672],[-105.51793,28.211434],[-105.518164,28.211349],[-105.518307,28.211282],[-105.518532,28.211157],[-105.518702,28.210942],[-105.518927,28.210827],[-105.519408,28.210892],[-105.518953,28.211527],[-105.518817,28.211802],[-105.518729,28.211949],[-105.518628,28.211991],[-105.518433,28.212097],[-105.518281,28.212201],[-105.518211,28.212313],[-105.518164,28.212479],[-105.518157,28.212617],[-105.51813,28.212756],[-105.518071,28.212858],[-105.517938,28.212925],[-105.517813,28.212919],[-105.517731,28.212939],[-105.516786,28.214421],[-105.515951,28.215734],[-105.514501,28.215821],[-105.514457,28.215773],[-105.514362,28.215694]]]}},{"type":"Feature","properties":{"modulo":5,"idparcela":"3328","productor":"VILLA GARCIA OSCAR","cultivo":null,"superficie_fisica_ha":5.575,"superficie_riego_ha":5.575,"hectareas":0},"geometry":{"type":"Polygon","coordinates":[[[-105.506283,28.213001],[-105.504009,28.212589],[-105.504491,28.210522],[-105.50681,28.210933],[-105.506594,28.211911],[-105.50638,28.212911],[-105.506283,28.213001]]]}},{"type":"Feature","properties":{"modulo":5,"idparcela":"3323","productor":"MARTA MARTINEZ ARMANDO","cultivo":null,"superficie_fisica_ha":5.475,"superficie_riego_ha":5.475,"hectareas":0},"geometry":{"type":"Polygon","coordinates":[[[-105.504989,28.208382],[-105.50596,28.208525],[-105.50716,28.208726],[-105.507246,28.208774],[-105.507251,28.208938],[-105.50681,28.210933],[-105.504491,28.210522],[-105.504989,28.208382]]]}},{"type":"Feature","properties":{"modulo":5,"idparcela":"3322","productor":"CELIS PAYAN RAMIRO","cultivo":null,"superficie_fisica_ha":6,"superficie_riego_ha":6,"hectareas":0},"geometry":{"type":"Polygon","coordinates":[[[-105.502433,28.207907],[-105.504989,28.208382],[-105.504491,28.210522],[-105.503142,28.210283],[-105.503031,28.210263],[-105.501959,28.210074],[-105.502433,28.207907]]]}},{"type":"Feature","properties":{"modulo":5,"idparcela":"3321","productor":"CHAVEZ CORRAL PABLO","cultivo":null,"superficie_fisica_ha":5.825,"superficie_riego_ha":5.825,"hectareas":0},"geometry":{"type":"Polygon","coordinates":[[[-105.500105,28.207474],[-105.502433,28.207907],[-105.501959,28.210074],[-105.499608,28.209657],[-105.499587,28.209653],[-105.500105,28.207474]]]}},{"type":"Feature","properties":{"modulo":5,"idparcela":"3320","productor":"ARRIAGA SOTO MARTIN","cultivo":null,"superficie_fisica_ha":5.088,"superficie_riego_ha":4.875,"hectareas":0},"geometry":{"type":"Polygon","coordinates":[[[-105.497765,28.209294],[-105.497345,28.206961],[-105.500105,28.207474],[-105.499587,28.209653],[-105.499483,28.209632],[-105.497765,28.209294]]]}},{"type":"Feature","properties":{"modulo":5,"idparcela":"3325","productor":"VILLA GARCIA OSCAR","cultivo":null,"superficie_fisica_ha":5.8947,"superficie_riego_ha":5.8947,"hectareas":0},"geometry":{"type":"Polygon","coordinates":[[[-105.50143,28.212121],[-105.49901,28.211683],[-105.499483,28.209632],[-105.499587,28.209653],[-105.499608,28.209657],[-105.501959,28.210074],[-105.50154,28.212006],[-105.50143,28.212121]]]}},{"type":"Feature","properties":{"modulo":5,"idparcela":"3324","productor":"CARRASCO GUADERRAMA MARIA DEL ROSARIO","cultivo":null,"superficie_fisica_ha":2.95,"superficie_riego_ha":2.95,"hectareas":0},"geometry":{"type":"Polygon","coordinates":[[[-105.49901,28.211683],[-105.49821,28.211539],[-105.497921,28.210323],[-105.497882,28.209946],[-105.497765,28.209294],[-105.499483,28.209632],[-105.49901,28.211683]]]}},{"type":"Feature","properties":{"modulo":5,"idparcela":"3222","productor":"VILLA GARCIA OSCAR","cultivo":null,"superficie_fisica_ha":5.765,"superficie_riego_ha":5.765,"hectareas":0},"geometry":{"type":"Polygon","coordinates":[[[-105.514242,28.21232],[-105.514664,28.210149],[-105.517168,28.21059],[-105.517068,28.211106],[-105.517041,28.211245],[-105.516903,28.211882],[-105.516727,28.212667],[-105.516666,28.212714],[-105.516166,28.212642],[-105.515614,28.212553],[-105.514843,28.212423],[-105.514405,28.21235],[-105.514242,28.21232]]]}},{"type":"Feature","properties":{"modulo":5,"idparcela":"3227","productor":"VAZQUEZ LOZANO JOSE LUIS","cultivo":null,"superficie_fisica_ha":6.0012,"superficie_riego_ha":6.0012,"hectareas":0},"geometry":{"type":"Polygon","coordinates":[[[-105.511781,28.211873],[-105.514242,28.21232],[-105.513798,28.214415],[-105.511311,28.21398],[-105.511781,28.211873]]]}},{"type":"Feature","properties":{"modulo":5,"idparcela":"3234","productor":"CHAVEZ CORRAL PABLO","cultivo":null,"superficie_fisica_ha":6.7962,"superficie_riego_ha":6.7962,"hectareas":0},"geometry":{"type":"Polygon","coordinates":[[[-105.511311,28.21398],[-105.513798,28.214415],[-105.513593,28.215305],[-105.513387,28.215472],[-105.513022,28.215748],[-105.512635,28.216124],[-105.512327,28.216427],[-105.510829,28.216152],[-105.510877,28.215924],[-105.511311,28.21398]]]}},{"type":"Feature","properties":{"modulo":5,"idparcela":"3238","productor":"PEREZ SANTILLANES MONICA","cultivo":null,"superficie_fisica_ha":6,"superficie_riego_ha":6,"hectareas":0},"geometry":{"type":"Polygon","coordinates":[[[-105.510398,28.21822],[-105.510369,28.218212],[-105.510049,28.218205],[-105.5079,28.217785],[-105.508376,28.215715],[-105.510829,28.216152],[-105.510398,28.21822]]]}},{"type":"Feature","properties":{"modulo":5,"idparcela":"3237","productor":"PEREZ SANTILLANES MONICA","cultivo":null,"superficie_fisica_ha":2.7815,"superficie_riego_ha":2.7815,"hectareas":0},"geometry":{"type":"Polygon","coordinates":[[[-105.5079,28.217785],[-105.507896,28.217784],[-105.506178,28.217496],[-105.506144,28.217412],[-105.506212,28.217],[-105.50629,28.216927],[-105.506368,28.21684],[-105.506429,28.216754],[-105.506571,28.21668],[-105.506761,28.216605],[-105.506888,28.216574],[-105.50698,28.216445],[-105.507106,28.216357],[-105.50728,28.216311],[-105.507421,28.216223],[-105.507591,28.216007],[-105.507717,28.215919],[-105.507772,28.215607],[-105.508376,28.215715],[-105.5079,28.217785]]]}},{"type":"Feature","properties":{"modulo":5,"idparcela":"3220","productor":"QUINTANA RAMIREZ JULIO","cultivo":null,"superficie_fisica_ha":5.8671,"superficie_riego_ha":5.65,"hectareas":0},"geometry":{"type":"Polygon","coordinates":[[[-105.511781,28.211873],[-105.509347,28.21143],[-105.509396,28.211212],[-105.50979,28.209238],[-105.512236,28.209696],[-105.51183,28.211655],[-105.511781,28.211873]]]}},{"type":"Feature","properties":{"modulo":5,"idparcela":"3219","productor":"RIVERA RAMIREZ IGNACIO","cultivo":null,"superficie_fisica_ha":5.9291,"superficie_riego_ha":5.9291,"hectareas":0},"geometry":{"type":"Polygon","coordinates":[[[-105.509347,28.21143],[-105.506929,28.21099],[-105.507425,28.208796],[-105.50979,28.209238],[-105.509396,28.211212],[-105.509347,28.21143]]]}},{"type":"Feature","properties":{"modulo":5,"idparcela":"3233","productor":"CHAVEZ CORRAL PABLO","cultivo":null,"superficie_fisica_ha":6.035,"superficie_riego_ha":6.035,"hectareas":0},"geometry":{"type":"Polygon","coordinates":[[[-105.508868,28.213553],[-105.510068,28.213763],[-105.511311,28.21398],[-105.510877,28.215924],[-105.510829,28.216152],[-105.508376,28.215715],[-105.508587,28.214798],[-105.508868,28.213553]]]}},{"type":"Feature","properties":{"modulo":5,"idparcela":"3232","productor":"PORRAS PEREIRA LILIA","cultivo":null,"superficie_fisica_ha":5.8248,"superficie_riego_ha":5.8248,"hectareas":0},"geometry":{"type":"Polygon","coordinates":[[[-105.507772,28.215607],[-105.506567,28.215384],[-105.505882,28.215268],[-105.505948,28.214958],[-105.506342,28.213136],[-105.506361,28.213114],[-105.508868,28.213553],[-105.508587,28.214798],[-105.508376,28.215715],[-105.507772,28.215607]]]}},{"type":"Feature","properties":{"modulo":5,"idparcela":"3226","productor":"VAZQUEZ LOZANO JOSE LUIS","cultivo":null,"superficie_fisica_ha":5.9,"superficie_riego_ha":5.9,"hectareas":0},"geometry":{"type":"Polygon","coordinates":[[[-105.509347,28.21143],[-105.511781,28.211873],[-105.511311,28.21398],[-105.510068,28.213763],[-105.510054,28.213654],[-105.508891,28.213452],[-105.509347,28.21143]]]}},{"type":"Feature","properties":{"modulo":5,"idparcela":"3225","productor":"PEREZ SANTILLANES MONICA","cultivo":null,"superficie_fisica_ha":5.8782,"superficie_riego_ha":5.8782,"hectareas":0},"geometry":{"type":"Polygon","coordinates":[[[-105.506436,28.213026],[-105.506477,28.212978],[-105.506929,28.21099],[-105.509347,28.21143],[-105.508891,28.213452],[-105.506436,28.213026]]]}},{"type":"Feature","properties":{"modulo":5,"idparcela":"3306","productor":"AGUILAR CASTILLO PEDRO","cultivo":null,"superficie_fisica_ha":3.6535,"superficie_riego_ha":3,"hectareas":0},"geometry":{"type":"Polygon","coordinates":[[[-105.496416,28.202238],[-105.496313,28.20155],[-105.496168,28.200633],[-105.498723,28.201338],[-105.498446,28.202641],[-105.496416,28.202238]]]}},{"type":"Feature","properties":{"modulo":5,"idparcela":"3411","productor":"MARTINEZ ALVAREZ JESUS","cultivo":null,"superficie_fisica_ha":6.725,"superficie_riego_ha":6.725,"hectareas":0},"geometry":{"type":"Polygon","coordinates":[[[-105.488645,28.200868],[-105.488851,28.199655],[-105.489061,28.198779],[-105.489116,28.198718],[-105.489194,28.19871],[-105.489974,28.198928],[-105.49186,28.199465],[-105.491845,28.199546],[-105.49181,28.199737],[-105.491533,28.201376],[-105.491145,28.201308],[-105.488645,28.200868]]]}},{"type":"Feature","properties":{"modulo":5,"idparcela":"3414","productor":"MARTINEZ CARRASCO ERNESTO","cultivo":null,"superficie_fisica_ha":6.65,"superficie_riego_ha":6.65,"hectareas":0},"geometry":{"type":"Polygon","coordinates":[[[-105.488238,28.203027],[-105.4883,28.20266],[-105.488546,28.201452],[-105.488645,28.200868],[-105.491145,28.201308],[-105.490673,28.203471],[-105.488238,28.203027]]]}},{"type":"Feature","properties":{"modulo":5,"idparcela":"3419","productor":"ROMAN GOMEZ CONSTANTINO","cultivo":null,"superficie_fisica_ha":6.38,"superficie_riego_ha":6.38,"hectareas":0},"geometry":{"type":"Polygon","coordinates":[[[-105.490215,28.205573],[-105.487408,28.205066],[-105.487622,28.204849],[-105.487795,28.204616],[-105.487906,28.204313],[-105.48805,28.203726],[-105.488231,28.203068],[-105.488238,28.203027],[-105.490673,28.203471],[-105.490215,28.205573]]]}},{"type":"Feature","properties":{"modulo":5,"idparcela":"3412","productor":"VAZQUEZ LOZANO JOSE LUIS","cultivo":null,"superficie_fisica_ha":4.3652,"superficie_riego_ha":4.3652,"hectareas":0},"geometry":{"type":"Polygon","coordinates":[[[-105.493647,28.201747],[-105.496066,28.202172],[-105.496072,28.202209],[-105.496324,28.203515],[-105.495696,28.203031],[-105.495492,28.202876],[-105.495251,28.202828],[-105.494855,28.20296],[-105.49442,28.203111],[-105.494265,28.203256],[-105.494212,28.203505],[-105.494121,28.203825],[-105.494068,28.204074],[-105.493136,28.203919],[-105.493647,28.201747]]]}},{"type":"Feature","properties":{"modulo":5,"idparcela":"3413","productor":"ARREDONDO ENRIQUEZ GERARDO","cultivo":null,"superficie_fisica_ha":5.92,"superficie_riego_ha":5.92,"hectareas":0},"geometry":{"type":"Polygon","coordinates":[[[-105.491145,28.201308],[-105.491533,28.201376],[-105.493647,28.201747],[-105.493136,28.203919],[-105.490673,28.203471],[-105.491145,28.201308]]]}},{"type":"Feature","properties":{"modulo":5,"idparcela":"3418","productor":"CARREON GUERRA SATURNINO","cultivo":null,"superficie_fisica_ha":5.716,"superficie_riego_ha":5.716,"hectareas":0},"geometry":{"type":"Polygon","coordinates":[[[-105.492643,28.206012],[-105.490215,28.205573],[-105.490673,28.203471],[-105.493136,28.203919],[-105.492903,28.204909],[-105.492643,28.206012]]]}},{"type":"Feature","properties":{"modulo":5,"idparcela":"3409","productor":"AGUILAR VARGAS JOSE","cultivo":null,"superficie_fisica_ha":3.3679,"superficie_riego_ha":3.175,"hectareas":0},"geometry":{"type":"Polygon","coordinates":[[[-105.494379,28.200129],[-105.495766,28.200518],[-105.495883,28.201152],[-105.496066,28.202172],[-105.493647,28.201747],[-105.49431,28.201292],[-105.494379,28.200129]]]}},{"type":"Feature","properties":{"modulo":5,"idparcela":"3410","productor":"AGUILAR CASTILLO PEDRO","cultivo":null,"superficie_fisica_ha":5.3,"superficie_riego_ha":5.3,"hectareas":0},"geometry":{"type":"Polygon","coordinates":[[[-105.49186,28.199465],[-105.491915,28.199423],[-105.494379,28.200129],[-105.49431,28.201292],[-105.493647,28.201747],[-105.491533,28.201376],[-105.49181,28.199737],[-105.491845,28.199546],[-105.49186,28.199465]]]}},{"type":"Feature","properties":{"modulo":5,"idparcela":"3417","productor":"ENRQUEZ MARTINEZ JUAN","cultivo":null,"superficie_fisica_ha":6,"superficie_riego_ha":6,"hectareas":0},"geometry":{"type":"Polygon","coordinates":[[[-105.495153,28.206466],[-105.492643,28.206012],[-105.492903,28.204909],[-105.49541,28.205369],[-105.495153,28.206466]]]}},{"type":"Feature","properties":{"modulo":5,"idparcela":"3314","productor":"VAZQUEZ LOZANO JOSE LUIS","cultivo":null,"superficie_fisica_ha":4.0242,"superficie_riego_ha":3.725,"hectareas":0},"geometry":{"type":"Polygon","coordinates":[[[-105.496865,28.204541],[-105.496662,28.203483],[-105.496477,28.202555],[-105.496416,28.202238],[-105.498446,28.202641],[-105.498002,28.204736],[-105.496874,28.204542],[-105.496865,28.204541]]]}},{"type":"Feature","properties":{"modulo":5,"idparcela":"3311","productor":"GOMEZ CARDENAS FERNANDO","cultivo":null,"superficie_fisica_ha":7.075,"superficie_riego_ha":7.075,"hectareas":0},"geometry":{"type":"Polygon","coordinates":[[[-105.505728,28.203324],[-105.509032,28.204235],[-105.508904,28.204255],[-105.508742,28.204246],[-105.508508,28.204202],[-105.508379,28.204185],[-105.50826,28.204188],[-105.508166,28.204206],[-105.508086,28.204257],[-105.508038,28.20433],[-105.507997,28.204429],[-105.507975,28.204526],[-105.507933,28.204901],[-105.507854,28.206053],[-105.507769,28.206552],[-105.50544,28.20615],[-105.505728,28.203324]]]}},{"type":"Feature","properties":{"modulo":5,"idparcela":"3310","productor":"GINER JIMENEZ JAIME","cultivo":null,"superficie_fisica_ha":7.35,"superficie_riego_ha":7.35,"hectareas":0},"geometry":{"type":"Polygon","coordinates":[[[-105.503619,28.202743],[-105.50365,28.202752],[-105.505728,28.203324],[-105.50544,28.20615],[-105.505181,28.206106],[-105.502964,28.205724],[-105.503006,28.205519],[-105.503619,28.202743]]]}},{"type":"Feature","properties":{"modulo":5,"idparcela":"3317","productor":"HOLGUIN HINOJOS HORACIO","cultivo":null,"superficie_fisica_ha":6,"superficie_riego_ha":6,"hectareas":0},"geometry":{"type":"Polygon","coordinates":[[[-105.504801,28.208208],[-105.502542,28.2078],[-105.502964,28.205724],[-105.505181,28.206106],[-105.504801,28.208208]]]}},{"type":"Feature","properties":{"modulo":5,"idparcela":"3318","productor":"VAZQUEZ VAZQUEZ LUIS","cultivo":null,"superficie_fisica_ha":5.5209,"superficie_riego_ha":5.5209,"hectareas":0},"geometry":{"type":"Polygon","coordinates":[[[-105.507769,28.206552],[-105.507307,28.208662],[-105.504801,28.208208],[-105.505181,28.206106],[-105.50544,28.20615],[-105.507769,28.206552]]]}},{"type":"Feature","properties":{"modulo":5,"idparcela":"3316","productor":"GINER JIMENEZ JAIME","cultivo":null,"superficie_fisica_ha":6,"superficie_riego_ha":6,"hectareas":0},"geometry":{"type":"Polygon","coordinates":[[[-105.502542,28.2078],[-105.500053,28.20735],[-105.500488,28.205217],[-105.500562,28.205231],[-105.501184,28.205368],[-105.502207,28.205593],[-105.502964,28.205724],[-105.502542,28.2078]]]}},{"type":"Feature","properties":{"modulo":5,"idparcela":"3309","productor":"PAYAN GOMEZ SALOMON","cultivo":null,"superficie_fisica_ha":6.575,"superficie_riego_ha":6.575,"hectareas":0},"geometry":{"type":"Polygon","coordinates":[[[-105.501764,28.202225],[-105.503619,28.202743],[-105.503006,28.205519],[-105.502964,28.205724],[-105.502207,28.205593],[-105.501184,28.205368],[-105.501764,28.202225]]]}},{"type":"Feature","properties":{"modulo":5,"idparcela":"3308","productor":"GINER JIMENEZ JAIME","cultivo":null,"superficie_fisica_ha":5.7843,"superficie_riego_ha":5.7843,"hectareas":0},"geometry":{"type":"Polygon","coordinates":[[[-105.500247,28.201801],[-105.501764,28.202225],[-105.501184,28.205368],[-105.500562,28.205231],[-105.500488,28.205217],[-105.500105,28.205146],[-105.499535,28.205039],[-105.500247,28.201801]]]}},{"type":"Feature","properties":{"modulo":5,"idparcela":"3307","productor":"LOYA IBARVO JESUS MANUEL","cultivo":null,"superficie_fisica_ha":6,"superficie_riego_ha":6,"hectareas":0},"geometry":{"type":"Polygon","coordinates":[[[-105.498887,28.201421],[-105.500247,28.201801],[-105.499535,28.205039],[-105.498095,28.204771],[-105.498103,28.204734],[-105.498543,28.202639],[-105.498887,28.201421]]]}},{"type":"Feature","properties":{"modulo":5,"idparcela":"3315","productor":"GINER JIMENEZ JAIME","cultivo":null,"superficie_fisica_ha":6.375,"superficie_riego_ha":6.375,"hectareas":0},"geometry":{"type":"Polygon","coordinates":[[[-105.500053,28.20735],[-105.497645,28.206914],[-105.498075,28.204866],[-105.500075,28.205246],[-105.500105,28.205146],[-105.500488,28.205217],[-105.500053,28.20735]]]}},{"type":"Feature","properties":{"modulo":5,"idparcela":"3218","productor":"GOMEZ CONTRERAS JESUS","cultivo":null,"superficie_fisica_ha":7.575,"superficie_riego_ha":7.575,"hectareas":0},"geometry":{"type":"Polygon","coordinates":[[[-105.521612,28.209035],[-105.521453,28.209361],[-105.521208,28.209617],[-105.521021,28.209845],[-105.52104,28.210015],[-105.521117,28.210106],[-105.520833,28.210599],[-105.520634,28.21092],[-105.518441,28.210665],[-105.51848,28.210466],[-105.518142,28.210052],[-105.517939,28.209727],[-105.517722,28.209376],[-105.517657,28.209206],[-105.51749,28.208937],[-105.517368,28.208422],[-105.517363,28.208239],[-105.517965,28.208349],[-105.518554,28.208457],[-105.518958,28.208532],[-105.521612,28.209035]]]}},{"type":"Feature","properties":{"modulo":5,"idparcela":"3214","productor":"TERRAZAS ALVIDREZ ROSARIO","cultivo":null,"superficie_fisica_ha":4.8538,"superficie_riego_ha":4.8538,"hectareas":0},"geometry":{"type":"Polygon","coordinates":[[[-105.51945,28.207176],[-105.522924,28.208146],[-105.523013,28.208029],[-105.523342,28.208213],[-105.523182,28.208284],[-105.523015,28.208414],[-105.522716,28.208597],[-105.522638,28.208471],[-105.522413,28.208603],[-105.522265,28.208749],[-105.52205,28.208887],[-105.521845,28.208997],[-105.521655,28.209043],[-105.521612,28.209035],[-105.518958,28.208532],[-105.51945,28.207176]]]}},{"type":"Feature","properties":{"modulo":5,"idparcela":"3209","productor":"MARTINEZ ESTEBAN","cultivo":null,"superficie_fisica_ha":5.0367,"superficie_riego_ha":5.0367,"hectareas":0},"geometry":{"type":"Polygon","coordinates":[[[-105.523013,28.208029],[-105.52273,28.208002],[-105.521786,28.207737],[-105.522924,28.205251],[-105.524908,28.205809],[-105.524918,28.2059],[-105.524961,28.205945],[-105.524982,28.206019],[-105.524935,28.206174],[-105.524848,28.206297],[-105.52475,28.206448],[-105.524574,28.206606],[-105.524221,28.207093],[-105.523808,28.207607],[-105.523497,28.208],[-105.523342,28.208213],[-105.523013,28.208029]]]}},{"type":"Feature","properties":{"modulo":5,"idparcela":"3208","productor":"CERNA MARTINEZ JESUS MANUEL","cultivo":null,"superficie_fisica_ha":6.24,"superficie_riego_ha":6.24,"hectareas":0},"geometry":{"type":"Polygon","coordinates":[[[-105.521786,28.207737],[-105.519768,28.207169],[-105.520909,28.204685],[-105.522476,28.205125],[-105.522924,28.205251],[-105.521786,28.207737]]]}},{"type":"Feature","properties":{"modulo":5,"idparcela":"3207","productor":"PEREZ SANTILLANES MONICA","cultivo":null,"superficie_fisica_ha":6.0296,"superficie_riego_ha":6.0296,"hectareas":0},"geometry":{"type":"Polygon","coordinates":[[[-105.519768,28.207169],[-105.517357,28.206492],[-105.517488,28.206299],[-105.517742,28.205991],[-105.517934,28.205789],[-105.518123,28.205614],[-105.518481,28.205304],[-105.518806,28.205032],[-105.519089,28.204868],[-105.519392,28.204717],[-105.519611,28.204679],[-105.519761,28.204617],[-105.519877,28.204535],[-105.519948,28.204415],[-105.520322,28.20452],[-105.520909,28.204685],[-105.519768,28.207169]]]}},{"type":"Feature","properties":{"modulo":5,"idparcela":"3212","productor":"CARRASCO GUTIERREZ SANTIAGO","cultivo":null,"superficie_fisica_ha":6.4047,"superficie_riego_ha":5.175,"hectareas":0},"geometry":{"type":"Polygon","coordinates":[[[-105.515986,28.206233],[-105.517166,28.206548],[-105.517113,28.207098],[-105.517151,28.207439],[-105.517174,28.207729],[-105.517244,28.208162],[-105.517246,28.208235],[-105.515498,28.207944],[-105.515986,28.206233]]]}},{"type":"Feature","properties":{"modulo":5,"idparcela":"3217","productor":"GINER MONTES RAMON SAUL","cultivo":null,"superficie_fisica_ha":7.1031,"superficie_riego_ha":6.925,"hectareas":0},"geometry":{"type":"Polygon","coordinates":[[[-105.518254,28.210669],[-105.51795,28.210624],[-105.514656,28.210016],[-105.515158,28.207887],[-105.515498,28.207944],[-105.517246,28.208235],[-105.517246,28.208241],[-105.517251,28.208425],[-105.51737,28.20894],[-105.517534,28.209209],[-105.517597,28.209379],[-105.51781,28.20973],[-105.518008,28.210055],[-105.518339,28.210469],[-105.518254,28.210669]]]}},{"type":"Feature","properties":{"modulo":5,"idparcela":"3215","productor":"MARTINEZ IBARRA LUIS","cultivo":null,"superficie_fisica_ha":5.8,"superficie_riego_ha":5.8,"hectareas":0},"geometry":{"type":"Polygon","coordinates":[[[-105.512218,28.209566],[-105.511911,28.20951],[-105.50981,28.209109],[-105.510271,28.207017],[-105.512673,28.207446],[-105.512492,28.208288],[-105.512218,28.209566]]]}},{"type":"Feature","properties":{"modulo":5,"idparcela":"3210","productor":"GINER JIMENEZ JAIME","cultivo":null,"superficie_fisica_ha":6.2353,"superficie_riego_ha":6,"hectareas":0},"geometry":{"type":"Polygon","coordinates":[[[-105.510703,28.204723],[-105.510896,28.204782],[-105.511331,28.204903],[-105.513144,28.205405],[-105.513215,28.205426],[-105.513093,28.205605],[-105.512991,28.20598],[-105.51273,28.207178],[-105.512673,28.207446],[-105.510271,28.207017],[-105.510295,28.206908],[-105.510703,28.204723]]]}},{"type":"Feature","properties":{"modulo":5,"idparcela":"3211","productor":"PEREZ SANTILLANES MONICA","cultivo":null,"superficie_fisica_ha":5.7329,"superficie_riego_ha":5.7329,"hectareas":0},"geometry":{"type":"Polygon","coordinates":[[[-105.51331,28.205454],[-105.515341,28.206054],[-105.515986,28.206233],[-105.515498,28.207944],[-105.515158,28.207887],[-105.515007,28.207862],[-105.512751,28.20746],[-105.512806,28.207212],[-105.513004,28.206416],[-105.513054,28.206176],[-105.513132,28.205807],[-105.513166,28.205689],[-105.513208,28.205616],[-105.51331,28.205454]]]}},{"type":"Feature","properties":{"modulo":5,"idparcela":"3216","productor":"GINER MONTES RAMON SAUL","cultivo":null,"superficie_fisica_ha":5.86,"superficie_riego_ha":5.65,"hectareas":0},"geometry":{"type":"Polygon","coordinates":[[[-105.514656,28.210016],[-105.512218,28.209566],[-105.512492,28.208288],[-105.512539,28.208253],[-105.512594,28.208185],[-105.512616,28.208068],[-105.512751,28.20746],[-105.515007,28.207862],[-105.515158,28.207887],[-105.514656,28.210016]]]}},{"type":"Feature","properties":{"modulo":5,"idparcela":"2450","productor":"AGRICOLA PINO SOLO SPR. DE RL","cultivo":null,"superficie_fisica_ha":32.1,"superficie_riego_ha":30.65,"hectareas":0},"geometry":{"type":"Polygon","coordinates":[[[-105.438147,28.131332],[-105.438184,28.129657],[-105.439817,28.130269],[-105.440592,28.130701],[-105.441088,28.131041],[-105.441863,28.131472],[-105.442471,28.131713],[-105.442711,28.131782],[-105.442998,28.131792],[-105.443002,28.131964],[-105.442855,28.13204],[-105.442805,28.132157],[-105.442827,28.132312],[-105.442885,28.132417],[-105.443024,28.132446],[-105.443023,28.132733],[-105.443004,28.132911],[-105.442901,28.132981],[-105.442763,28.133008],[-105.442467,28.132974],[-105.442122,28.132834],[-105.441869,28.132707],[-105.441412,28.132546],[-105.441039,28.132391],[-105.440768,28.132257],[-105.440449,28.132085],[-105.440169,28.131959],[-105.440064,28.131839],[-105.439969,28.131718],[-105.439855,28.131606],[-105.439734,28.131557],[-105.439539,28.13153],[-105.439012,28.131479],[-105.438147,28.131332]]]}},{"type":"Feature","properties":{"modulo":5,"idparcela":"2450","productor":"AGRICOLA PINO SOLO SPR. DE RL","cultivo":null,"superficie_fisica_ha":32.1,"superficie_riego_ha":30.65,"hectareas":0},"geometry":{"type":"Polygon","coordinates":[[[-105.438102,28.136982],[-105.438067,28.133753],[-105.438118,28.131424],[-105.439015,28.131583],[-105.439542,28.131637],[-105.439737,28.131666],[-105.439897,28.131809],[-105.440051,28.132019],[-105.440173,28.13209],[-105.440453,28.132223],[-105.440772,28.132404],[-105.441043,28.132546],[-105.441417,28.13271],[-105.441874,28.13288],[-105.442126,28.133014],[-105.442472,28.133162],[-105.442769,28.133229],[-105.443033,28.133235],[-105.443104,28.137134],[-105.442876,28.137241],[-105.442719,28.137429],[-105.442583,28.137555],[-105.442052,28.137608],[-105.441497,28.137619],[-105.441263,28.137501],[-105.440771,28.137286],[-105.440353,28.137233],[-105.440023,28.137035],[-105.439745,28.137],[-105.439259,28.13701],[-105.438633,28.136983],[-105.438102,28.136982]]]}},{"type":"Feature","properties":{"modulo":5,"idparcela":"2453","productor":"ORTIZ TERRAZAS EDUARDO","cultivo":null,"superficie_fisica_ha":23.45,"superficie_riego_ha":23.45,"hectareas":0},"geometry":{"type":"Polygon","coordinates":[[[-105.443096,28.138509],[-105.443026,28.141403],[-105.442976,28.141555],[-105.442591,28.141807],[-105.442287,28.142022],[-105.442112,28.142072],[-105.44199,28.142028],[-105.440626,28.141524],[-105.440113,28.141523],[-105.438749,28.141529],[-105.438075,28.141532],[-105.438081,28.137119],[-105.438636,28.137108],[-105.439262,28.137134],[-105.439748,28.137124],[-105.440027,28.137158],[-105.440356,28.137351],[-105.440774,28.137403],[-105.441266,28.137612],[-105.4415,28.137727],[-105.442055,28.137716],[-105.442586,28.137664],[-105.442698,28.137787],[-105.442825,28.137988],[-105.442965,28.138164],[-105.443051,28.13833],[-105.443096,28.138509]]]}},{"type":"Feature","properties":{"modulo":5,"idparcela":"2456","productor":"ROMERO LARA JESUS ISIDRO","cultivo":null,"superficie_fisica_ha":22.95,"superficie_riego_ha":22.85,"hectareas":0},"geometry":{"type":"Polygon","coordinates":[[[-105.442953,28.141695],[-105.443048,28.141717],[-105.443092,28.141833],[-105.443157,28.145257],[-105.443027,28.145427],[-105.442844,28.145647],[-105.442714,28.145829],[-105.442556,28.145988],[-105.442422,28.146035],[-105.438088,28.146037],[-105.438077,28.141631],[-105.438752,28.141628],[-105.440116,28.141622],[-105.440629,28.141622],[-105.441965,28.142123],[-105.442129,28.142167],[-105.442263,28.142141],[-105.442608,28.14193],[-105.442953,28.141695]]]}},{"type":"Feature","properties":{"modulo":5,"idparcela":"2471","productor":"VILLA GARCIA FERNANDO","cultivo":null,"superficie_fisica_ha":20,"superficie_riego_ha":20,"hectareas":0},"geometry":{"type":"Polygon","coordinates":[[[-105.465541,28.145987],[-105.458556,28.145996],[-105.458452,28.145923],[-105.45841,28.145772],[-105.458395,28.144122],[-105.458392,28.141818],[-105.458415,28.141594],[-105.458548,28.141578],[-105.45889,28.141676],[-105.459159,28.141801],[-105.459408,28.141933],[-105.459772,28.14207],[-105.460302,28.14218],[-105.460636,28.142196],[-105.460988,28.142226],[-105.46111,28.142276],[-105.46125,28.142342],[-105.461431,28.142512],[-105.461582,28.142623],[-105.461789,28.14277],[-105.461857,28.142889],[-105.461994,28.14314],[-105.46211,28.143334],[-105.462169,28.143481],[-105.462211,28.143652],[-105.462281,28.143831],[-105.462349,28.143969],[-105.462527,28.144055],[-105.462668,28.144134],[-105.46279,28.144205],[-105.462949,28.144267],[-105.463044,28.144331],[-105.463101,28.144387],[-105.463168,28.144476],[-105.463189,28.144558],[-105.463292,28.144637],[-105.463368,28.144701],[-105.463489,28.144723],[-105.463657,28.144769],[-105.463752,28.144849],[-105.463828,28.144929],[-105.463933,28.14505],[-105.463983,28.145205],[-105.464138,28.145355],[-105.464303,28.145445],[-105.464491,28.145493],[-105.464715,28.145566],[-105.464889,28.145505],[-105.465083,28.145501],[-105.465279,28.145562],[-105.465441,28.145693],[-105.465497,28.145771],[-105.465541,28.145987]]]}},{"type":"Feature","properties":{"modulo":5,"idparcela":"2472","productor":"ROSETE DOMINGUEZ GILBERTO","cultivo":null,"superficie_fisica_ha":9.4,"superficie_riego_ha":7.67,"hectareas":0},"geometry":{"type":"Polygon","coordinates":[[[-105.459161,28.14148],[-105.459793,28.14149],[-105.464735,28.141548],[-105.464758,28.144871],[-105.464252,28.144781],[-105.464083,28.144784],[-105.463942,28.144697],[-105.4638,28.144594],[-105.463686,28.144498],[-105.463592,28.144442],[-105.463452,28.144388],[-105.463395,28.14434],[-105.463289,28.144162],[-105.463194,28.144065],[-105.46311,28.144034],[-105.462989,28.144037],[-105.462831,28.143999],[-105.462764,28.143927],[-105.462633,28.143856],[-105.462548,28.143784],[-105.462497,28.143621],[-105.462418,28.143434],[-105.46233,28.143264],[-105.462242,28.143077],[-105.462087,28.142826],[-105.461934,28.142641],[-105.461782,28.142505],[-105.461574,28.142345],[-105.461423,28.142226],[-105.461242,28.142041],[-105.461101,28.14197],[-105.46098,28.141915],[-105.460627,28.141882],[-105.460294,28.141864],[-105.459763,28.141744],[-105.459398,28.141596],[-105.459161,28.14148]]]}},{"type":"Feature","properties":{"modulo":5,"idparcela":"2468","productor":"ORTIZ TERRAZAS JOSE LUIS","cultivo":null,"superficie_fisica_ha":25.35,"superficie_riego_ha":25.35,"hectareas":0},"geometry":{"type":"Polygon","coordinates":[[[-105.458311,28.14157],[-105.458303,28.142356],[-105.458302,28.145604],[-105.45825,28.145841],[-105.458136,28.145987],[-105.455831,28.145984],[-105.454383,28.146002],[-105.453467,28.145982],[-105.453376,28.145906],[-105.453441,28.141766],[-105.453498,28.141686],[-105.45357,28.141606],[-105.453791,28.141588],[-105.454013,28.14161],[-105.454175,28.141606],[-105.454381,28.14155],[-105.454496,28.141442],[-105.454759,28.141332],[-105.454995,28.141327],[-105.455218,28.141362],[-105.455511,28.141303],[-105.45579,28.141218],[-105.456144,28.141198],[-105.456337,28.141233],[-105.458235,28.141493],[-105.458311,28.14157]]]}},{"type":"Feature","properties":{"modulo":5,"idparcela":"2495","productor":"ORTIZ TERRAZAS EDUARDO","cultivo":null,"superficie_fisica_ha":24.1,"superficie_riego_ha":23.95,"hectareas":0},"geometry":{"type":"Polygon","coordinates":[[[-105.45833,28.14119],[-105.458183,28.14122],[-105.457516,28.141129],[-105.456745,28.141028],[-105.456257,28.140999],[-105.45599,28.140991],[-105.455609,28.141091],[-105.455197,28.141165],[-105.454917,28.141171],[-105.454564,28.141231],[-105.454229,28.141396],[-105.453771,28.141392],[-105.453458,28.14132],[-105.453351,28.141166],[-105.453316,28.140983],[-105.453324,28.139097],[-105.453321,28.136282],[-105.454296,28.136274],[-105.455345,28.136251],[-105.455667,28.136285],[-105.455924,28.13637],[-105.456173,28.136499],[-105.456448,28.136623],[-105.456646,28.136765],[-105.456813,28.137044],[-105.456894,28.137266],[-105.456987,28.137447],[-105.457077,28.137498],[-105.457241,28.137534],[-105.457403,28.137517],[-105.457491,28.137502],[-105.457556,28.137534],[-105.457591,28.137596],[-105.457585,28.137711],[-105.457607,28.137878],[-105.457687,28.138007],[-105.457813,28.138077],[-105.457949,28.138055],[-105.458022,28.138028],[-105.458176,28.138022],[-105.458249,28.138083],[-105.45829,28.138182],[-105.458312,28.138336],[-105.45833,28.14119]]]}},{"type":"Feature","properties":{"modulo":5,"idparcela":"2455","productor":"TORRES GUEVARA MARCO ANTONIO","cultivo":null,"superficie_fisica_ha":23.9,"superficie_riego_ha":23.85,"hectareas":0},"geometry":{"type":"Polygon","coordinates":[[[-105.453223,28.14159],[-105.453157,28.145924],[-105.448348,28.145877],[-105.448303,28.144752],[-105.448321,28.143564],[-105.448297,28.141643],[-105.453223,28.14159]]]}},{"type":"Feature","properties":{"modulo":5,"idparcela":"2454","productor":"TORRES GUEVARA MARCO ANTONIO","cultivo":null,"superficie_fisica_ha":23.45,"superficie_riego_ha":23.45,"hectareas":0},"geometry":{"type":"Polygon","coordinates":[[[-105.448348,28.145877],[-105.444097,28.145836],[-105.44389,28.145824],[-105.443799,28.14576],[-105.443723,28.145621],[-105.443655,28.14554],[-105.443535,28.145508],[-105.4434,28.145465],[-105.443415,28.141695],[-105.448297,28.141643],[-105.448321,28.143564],[-105.448303,28.144752],[-105.448348,28.145877]]]}},{"type":"Feature","properties":{"modulo":5,"idparcela":"2491","productor":"GARCIA VITOLAS ARTURO","cultivo":null,"superficie_fisica_ha":30.6,"superficie_riego_ha":29.35,"hectareas":0},"geometry":{"type":"Polygon","coordinates":[[[-105.448338,28.137012],[-105.448308,28.132594],[-105.4482,28.132341],[-105.448042,28.132135],[-105.448096,28.132141],[-105.448397,28.132174],[-105.449057,28.132044],[-105.45195,28.131472],[-105.452099,28.13133],[-105.452223,28.131188],[-105.452526,28.131089],[-105.452807,28.131083],[-105.45306,28.131008],[-105.453119,28.136982],[-105.448338,28.137012]]]}},{"type":"Feature","properties":{"modulo":5,"idparcela":"2492","productor":"GARCIA VITOLAS ARTURO","cultivo":null,"superficie_fisica_ha":24.2,"superficie_riego_ha":23.8,"hectareas":0},"geometry":{"type":"Polygon","coordinates":[[[-105.453163,28.141371],[-105.448421,28.141414],[-105.448342,28.137601],[-105.448338,28.137012],[-105.453119,28.136982],[-105.453163,28.141371]]]}},{"type":"Feature","properties":{"modulo":5,"idparcela":"2451","productor":"GARCIA VITOLAS ARTURO","cultivo":null,"superficie_fisica_ha":26.55,"superficie_riego_ha":22,"hectareas":0},"geometry":{"type":"Polygon","coordinates":[[[-105.443421,28.137043],[-105.443413,28.133162],[-105.443776,28.133107],[-105.44424,28.132958],[-105.444599,28.132765],[-105.445062,28.13257],[-105.446228,28.132383],[-105.44786,28.132139],[-105.447916,28.132145],[-105.448022,28.132345],[-105.448133,28.132597],[-105.448161,28.137013],[-105.443421,28.137043]]]}},{"type":"Feature","properties":{"modulo":5,"idparcela":"2452","productor":"CARRASCO AMPARAN OSCAR","cultivo":null,"superficie_fisica_ha":23.2,"superficie_riego_ha":23.2,"hectareas":0},"geometry":{"type":"Polygon","coordinates":[[[-105.448243,28.141417],[-105.443429,28.141462],[-105.443421,28.137043],[-105.448161,28.137013],[-105.448165,28.137605],[-105.448243,28.141417]]]}},{"type":"Feature","properties":{"modulo":5,"idparcela":"2915","productor":"ALVAREZ GARCIA CRUZ","cultivo":null,"superficie_fisica_ha":3.05,"superficie_riego_ha":3.05,"hectareas":0},"geometry":{"type":"Polygon","coordinates":[[[-105.615271,28.159987],[-105.615067,28.160033],[-105.61466,28.160084],[-105.613903,28.160045],[-105.61302,28.159967],[-105.611864,28.159714],[-105.61115,28.159493],[-105.610516,28.159326],[-105.60977,28.159105],[-105.609324,28.15892],[-105.609444,28.158708],[-105.60964,28.158425],[-105.609839,28.158211],[-105.610127,28.157828],[-105.610155,28.157702],[-105.610199,28.15759],[-105.610335,28.157391],[-105.610457,28.157277],[-105.610595,28.157135],[-105.610771,28.157242],[-105.611028,28.157418],[-105.611526,28.157783],[-105.611734,28.157918],[-105.612004,28.157996],[-105.612307,28.158128],[-105.612643,28.15833],[-105.613092,28.158627],[-105.613558,28.158965],[-105.613733,28.159017],[-105.614758,28.159663],[-105.615271,28.159987]]]}},{"type":"Feature","properties":{"modulo":5,"idparcela":"2902","productor":"DURAN DURAN LOCADIO","cultivo":null,"superficie_fisica_ha":3.35,"superficie_riego_ha":3.35,"hectareas":0},"geometry":{"type":"Polygon","coordinates":[[[-105.614035,28.157476],[-105.614238,28.15743],[-105.61438,28.157441],[-105.614521,28.157423],[-105.614665,28.157504],[-105.614888,28.157583],[-105.61503,28.157621],[-105.615223,28.157756],[-105.615384,28.157892],[-105.615467,28.15803],[-105.615659,28.158151],[-105.615788,28.158274],[-105.616059,28.158393],[-105.616311,28.158374],[-105.616546,28.158368],[-105.616909,28.158402],[-105.617164,28.158508],[-105.617308,28.158602],[-105.617551,28.15882],[-105.617663,28.158901],[-105.617511,28.159086],[-105.617859,28.159148],[-105.618097,28.15924],[-105.61843,28.159302],[-105.618685,28.159422],[-105.618767,28.15956],[-105.618611,28.159591],[-105.618405,28.159526],[-105.618166,28.159448],[-105.618008,28.159423],[-105.61777,28.159359],[-105.617584,28.159433],[-105.61741,28.159395],[-105.617079,28.159402],[-105.616941,28.159503],[-105.616804,28.159673],[-105.616476,28.159764],[-105.616178,28.159799],[-105.615672,28.159727],[-105.615324,28.159665],[-105.614956,28.159436],[-105.61276,28.158021],[-105.612359,28.157751],[-105.612563,28.157732],[-105.612766,28.157686],[-105.61308,28.157575],[-105.613438,28.157503],[-105.613751,28.157468],[-105.614035,28.157476]]]}},{"type":"Feature","properties":{"modulo":5,"idparcela":"2891","productor":"BARRAZA LOPEZ SANTANA","cultivo":null,"superficie_fisica_ha":23.05,"superficie_riego_ha":23.05,"hectareas":0},"geometry":{"type":"Polygon","coordinates":[[[-105.605945,28.15793],[-105.605957,28.157333],[-105.605995,28.153506],[-105.605998,28.153376],[-105.606099,28.153235],[-105.605852,28.153059],[-105.605543,28.152842],[-105.605282,28.152579],[-105.604971,28.152302],[-105.604556,28.151952],[-105.604175,28.151587],[-105.604023,28.151439],[-105.604069,28.151425],[-105.604597,28.151593],[-105.605398,28.151904],[-105.606083,28.152262],[-105.606701,28.152652],[-105.607471,28.153068],[-105.607972,28.153475],[-105.608371,28.153855],[-105.608977,28.154409],[-105.609534,28.155025],[-105.609658,28.155231],[-105.609956,28.155643],[-105.610095,28.155774],[-105.610113,28.155834],[-105.610121,28.156117],[-105.610123,28.156177],[-105.610352,28.156516],[-105.610473,28.156633],[-105.610441,28.156693],[-105.610275,28.156772],[-105.610226,28.156832],[-105.610167,28.157133],[-105.610056,28.157374],[-105.609947,28.15769],[-105.609819,28.157947],[-105.609707,28.158159],[-105.609412,28.15845],[-105.609251,28.158737],[-105.609138,28.158889],[-105.608953,28.158938],[-105.608461,28.158815],[-105.608052,28.158674],[-105.607642,28.158489],[-105.607319,28.158407],[-105.60708,28.158292],[-105.606604,28.158139],[-105.60628,28.158041],[-105.606072,28.157986],[-105.605945,28.15793]]]}},{"type":"Feature","properties":{"modulo":5,"idparcela":"2903","productor":"MARQUEZ CORRALES JESUS GUERRER","cultivo":null,"superficie_fisica_ha":3.35,"superficie_riego_ha":3.35,"hectareas":0},"geometry":{"type":"Polygon","coordinates":[[[-105.605957,28.157333],[-105.605945,28.15793],[-105.605616,28.157802],[-105.605293,28.15772],[-105.604618,28.157645],[-105.604119,28.157518],[-105.603516,28.157413],[-105.602749,28.157266],[-105.60249,28.157253],[-105.602013,28.157152],[-105.601308,28.157095],[-105.601063,28.157087],[-105.600831,28.157001],[-105.6008,28.156863],[-105.600801,28.156726],[-105.600796,28.156522],[-105.601018,28.156537],[-105.601279,28.15655],[-105.601382,28.156555],[-105.602013,28.15664],[-105.602051,28.156648],[-105.60282,28.156815],[-105.603408,28.156983],[-105.604047,28.157024],[-105.604461,28.157051],[-105.604836,28.157102],[-105.605085,28.157136],[-105.605957,28.157333]]]}},{"type":"Feature","properties":{"modulo":5,"idparcela":"2900","productor":"MARQUEZ ALCANTAR MAXIMILIANO","cultivo":null,"superficie_fisica_ha":20.76,"superficie_riego_ha":16.275,"hectareas":0},"geometry":{"type":"Polygon","coordinates":[[[-105.60282,28.156815],[-105.602819,28.156554],[-105.602811,28.151231],[-105.603105,28.151297],[-105.603651,28.151554],[-105.603662,28.151551],[-105.603737,28.151597],[-105.603908,28.151698],[-105.604098,28.151858],[-105.604463,28.152223],[-105.604999,28.15269],[-105.605449,28.153098],[-105.605912,28.153415],[-105.605998,28.153376],[-105.605995,28.153506],[-105.605957,28.157333],[-105.605085,28.157136],[-105.604836,28.157102],[-105.604461,28.157051],[-105.604047,28.157024],[-105.603408,28.156983],[-105.60282,28.156815]]]}},{"type":"Feature","properties":{"modulo":5,"idparcela":"2899","productor":"MARQUEZ CORRALES JESUS G.","cultivo":null,"superficie_fisica_ha":12.93,"superficie_riego_ha":12.93,"hectareas":0},"geometry":{"type":"Polygon","coordinates":[[[-105.602811,28.151231],[-105.602819,28.156554],[-105.60282,28.156815],[-105.602051,28.156648],[-105.602013,28.15664],[-105.601382,28.156555],[-105.601279,28.15655],[-105.601018,28.156537],[-105.600796,28.156522],[-105.600839,28.155991],[-105.600847,28.155312],[-105.600825,28.15477],[-105.600825,28.154172],[-105.6008,28.153276],[-105.600848,28.150809],[-105.601227,28.150884],[-105.602006,28.151036],[-105.602562,28.151175],[-105.602811,28.151231]]]}},{"type":"Feature","properties":{"modulo":5,"idparcela":"0","productor":null,"cultivo":null,"superficie_fisica_ha":0,"superficie_riego_ha":0,"hectareas":0},"geometry":{"type":"Polygon","coordinates":[[[-105.607756,28.150199],[-105.607975,28.150365],[-105.608096,28.150513],[-105.608133,28.150673],[-105.608127,28.150863],[-105.608101,28.151052],[-105.608041,28.151205],[-105.607852,28.151304],[-105.607682,28.151355],[-105.607492,28.151425],[-105.607346,28.151523],[-105.60724,28.151564],[-105.607049,28.151596],[-105.606856,28.151572],[-105.606694,28.151481],[-105.606443,28.151298],[-105.606227,28.151227],[-105.606065,28.151145],[-105.605925,28.151101],[-105.605793,28.151321],[-105.60566,28.151523],[-105.605441,28.151708],[-105.605048,28.151558],[-105.604674,28.151409],[-105.604426,28.151317],[-105.604039,28.151181],[-105.603722,28.151091],[-105.60322,28.150915],[-105.602918,28.150818],[-105.602398,28.150708],[-105.602081,28.150618],[-105.601764,28.15054],[-105.601392,28.15044],[-105.601122,28.150392],[-105.600902,28.150335],[-105.600696,28.150169],[-105.600435,28.149896],[-105.600528,28.149785],[-105.600917,28.149947],[-105.601157,28.150073],[-105.601311,28.149961],[-105.601537,28.149711],[-105.601719,28.149558],[-105.601947,28.149298],[-105.602194,28.148971],[-105.60236,28.148806],[-105.602518,28.148737],[-105.602908,28.148586],[-105.603194,28.148504],[-105.603607,28.148372],[-105.603871,28.148281],[-105.604114,28.14819],[-105.604315,28.148138],[-105.604575,28.148284],[-105.604888,28.148419],[-105.605156,28.148451],[-105.605447,28.148529],[-105.605736,28.148561],[-105.60596,28.148556],[-105.606249,28.148597],[-105.60659,28.14857],[-105.606834,28.148536],[-105.606962,28.148543],[-105.607001,28.148778],[-105.607158,28.149059],[-105.607272,28.149293],[-105.607449,28.149525],[-105.607561,28.149693],[-105.607705,28.149888],[-105.607751,28.15001],[-105.607756,28.150199]]]}},{"type":"Feature","properties":{"modulo":5,"idparcela":"2897","productor":"MARQUEZ CORRALES JESUS G.","cultivo":null,"superficie_fisica_ha":16.7,"superficie_riego_ha":16.7,"hectareas":0},"geometry":{"type":"Polygon","coordinates":[[[-105.601537,28.149711],[-105.601152,28.149486],[-105.60098,28.149471],[-105.600863,28.149483],[-105.600691,28.149411],[-105.600562,28.149385],[-105.600381,28.149399],[-105.600168,28.149413],[-105.600084,28.149481],[-105.600061,28.149406],[-105.600055,28.149208],[-105.600092,28.14862],[-105.6001,28.148166],[-105.600171,28.147285],[-105.600215,28.146943],[-105.600156,28.146727],[-105.600035,28.146616],[-105.599922,28.146373],[-105.599744,28.14615],[-105.599774,28.146045],[-105.600012,28.145813],[-105.600565,28.145346],[-105.600762,28.145162],[-105.60089,28.14515],[-105.601098,28.145344],[-105.601303,28.145406],[-105.601998,28.145475],[-105.602416,28.145532],[-105.60292,28.145606],[-105.603328,28.145682],[-105.603703,28.14574],[-105.603981,28.145781],[-105.60429,28.145746],[-105.604565,28.145664],[-105.604818,28.145554],[-105.605019,28.145493],[-105.605181,28.145546],[-105.605345,28.145694],[-105.605477,28.145842],[-105.605665,28.146056],[-105.607133,28.147782],[-105.607497,28.1482],[-105.607477,28.148238],[-105.607318,28.148289],[-105.607213,28.148339],[-105.607043,28.14839],[-105.606841,28.148413],[-105.606522,28.148439],[-105.606171,28.148475],[-105.605946,28.148452],[-105.605764,28.148428],[-105.605549,28.148385],[-105.605366,28.148323],[-105.605184,28.148318],[-105.604991,28.148275],[-105.60469,28.148177],[-105.604462,28.148059],[-105.604315,28.148138],[-105.604114,28.14819],[-105.603871,28.148281],[-105.603607,28.148372],[-105.603194,28.148504],[-105.602908,28.148586],[-105.602518,28.148737],[-105.60236,28.148806],[-105.602194,28.148971],[-105.601947,28.149298],[-105.601719,28.149558],[-105.601537,28.149711]]]}},{"type":"Feature","properties":{"modulo":5,"idparcela":"0","productor":null,"cultivo":null,"superficie_fisica_ha":0,"superficie_riego_ha":0,"hectareas":0},"geometry":{"type":"Polygon","coordinates":[[[-105.600694,28.145003],[-105.600601,28.145109],[-105.600391,28.145237],[-105.600156,28.145233],[-105.59992,28.145181],[-105.599758,28.145118],[-105.59952,28.14502],[-105.599293,28.144921],[-105.599109,28.144821],[-105.599012,28.144772],[-105.598965,28.144704],[-105.598993,28.144652],[-105.599096,28.144566],[-105.599245,28.144451],[-105.59939,28.144346],[-105.599616,28.14421],[-105.599843,28.144118],[-105.59998,28.1443],[-105.600191,28.144598],[-105.60042,28.144773],[-105.600694,28.145003]]]}},{"type":"Feature","properties":{"modulo":5,"idparcela":"0","productor":null,"cultivo":null,"superficie_fisica_ha":0,"superficie_riego_ha":0,"hectareas":0},"geometry":{"type":"Polygon","coordinates":[[[-105.600153,28.145497],[-105.599945,28.145691],[-105.599621,28.145944],[-105.599346,28.145629],[-105.599138,28.145444],[-105.598885,28.145204],[-105.598906,28.145175],[-105.599013,28.145182],[-105.599455,28.145352],[-105.599702,28.145394],[-105.599992,28.145454],[-105.600153,28.145497]]]}},{"type":"Feature","properties":{"modulo":5,"idparcela":"2070","productor":"VIVERO FORESTAL S.A.R.H.","cultivo":null,"superficie_fisica_ha":19,"superficie_riego_ha":19,"hectareas":0},"geometry":{"type":"Polygon","coordinates":[[[-105.592616,28.147619],[-105.592259,28.1476],[-105.592015,28.147577],[-105.591853,28.147595],[-105.591726,28.147669],[-105.591602,28.147873],[-105.591492,28.148005],[-105.591305,28.148253],[-105.591181,28.148471],[-105.590988,28.148754],[-105.590905,28.148806],[-105.590802,28.148788],[-105.590587,28.148642],[-105.590107,28.14828],[-105.58926,28.147566],[-105.588696,28.147105],[-105.588215,28.146699],[-105.587836,28.146463],[-105.587274,28.146088],[-105.586484,28.14566],[-105.586205,28.145523],[-105.586188,28.14548],[-105.5863,28.145449],[-105.586559,28.145443],[-105.586717,28.14531],[-105.586858,28.145135],[-105.587132,28.145071],[-105.587389,28.144994],[-105.587908,28.144997],[-105.588377,28.144986],[-105.588783,28.145006],[-105.589127,28.145142],[-105.589309,28.145281],[-105.589508,28.145435],[-105.589641,28.145576],[-105.589725,28.14566],[-105.589877,28.145886],[-105.589995,28.146056],[-105.590228,28.146252],[-105.590474,28.146376],[-105.590671,28.146472],[-105.590968,28.146638],[-105.591427,28.146857],[-105.591706,28.14698],[-105.591906,28.147163],[-105.592253,28.147413],[-105.592616,28.147619]]]}},{"type":"Feature","properties":{"modulo":5,"idparcela":"2888","productor":"VALENZUELA BERNAL HUVALDO","cultivo":null,"superficie_fisica_ha":15.85,"superficie_riego_ha":15.85,"hectareas":0},"geometry":{"type":"Polygon","coordinates":[[[-105.599621,28.143817],[-105.599641,28.143962],[-105.599449,28.144126],[-105.599158,28.144278],[-105.598934,28.144487],[-105.598805,28.144577],[-105.598661,28.144558],[-105.598535,28.14443],[-105.598416,28.144179],[-105.598324,28.143817],[-105.598215,28.143455],[-105.598123,28.143079],[-105.59808,28.142716],[-105.598017,28.142252],[-105.59794,28.141861],[-105.597846,28.141504],[-105.597709,28.141221],[-105.597502,28.141011],[-105.59722,28.140753],[-105.596988,28.14053],[-105.596822,28.140362],[-105.596208,28.139819],[-105.595667,28.139263],[-105.59518,28.138867],[-105.594979,28.13874],[-105.594714,28.138644],[-105.594409,28.138571],[-105.594246,28.138539],[-105.59402,28.138516],[-105.593883,28.138533],[-105.594017,28.138394],[-105.594085,28.138257],[-105.594138,28.138113],[-105.594224,28.138039],[-105.595253,28.138545],[-105.595903,28.13888],[-105.596253,28.139076],[-105.59659,28.139388],[-105.597197,28.139957],[-105.59767,28.140441],[-105.598213,28.141069],[-105.598316,28.141212],[-105.598662,28.141845],[-105.598906,28.142334],[-105.599097,28.142694],[-105.59934,28.143169],[-105.599621,28.143817]]]}},{"type":"Feature","properties":{"modulo":5,"idparcela":"2888","productor":"VALENZUELA BERNAL HUVALDO","cultivo":null,"superficie_fisica_ha":15.85,"superficie_riego_ha":15.85,"hectareas":0},"geometry":{"type":"Polygon","coordinates":[[[-105.598585,28.144627],[-105.598653,28.144657],[-105.598676,28.144699],[-105.598619,28.144754],[-105.598509,28.144791],[-105.598362,28.144799],[-105.598186,28.144791],[-105.597967,28.144793],[-105.59772,28.144727],[-105.597406,28.144633],[-105.596886,28.144477],[-105.596119,28.144196],[-105.594968,28.143786],[-105.593702,28.143312],[-105.593678,28.142911],[-105.593679,28.142499],[-105.593722,28.14175],[-105.593701,28.141037],[-105.593684,28.140423],[-105.593694,28.139888],[-105.593718,28.139396],[-105.59375,28.139161],[-105.59378,28.138893],[-105.59384,28.138779],[-105.593877,28.138711],[-105.594009,28.138694],[-105.594227,28.138717],[-105.594383,28.138748],[-105.594678,28.138818],[-105.594934,28.13891],[-105.595127,28.139031],[-105.595597,28.139412],[-105.596119,28.139944],[-105.596558,28.140382],[-105.596871,28.140626],[-105.597095,28.140841],[-105.597366,28.141089],[-105.597566,28.14129],[-105.597726,28.141554],[-105.597786,28.141789],[-105.597807,28.1419],[-105.597861,28.142179],[-105.597873,28.142278],[-105.597921,28.142643],[-105.597931,28.142724],[-105.597963,28.143005],[-105.597978,28.143069],[-105.598053,28.14338],[-105.598067,28.14343],[-105.598158,28.143741],[-105.598247,28.144102],[-105.598362,28.144354],[-105.598456,28.144486],[-105.59851,28.144544],[-105.598585,28.144627]]]}},{"type":"Feature","properties":{"modulo":5,"idparcela":"2887","productor":"QUI¥ONEZ COBOS NIEVES","cultivo":null,"superficie_fisica_ha":12.04,"superficie_riego_ha":10.79,"hectareas":0},"geometry":{"type":"Polygon","coordinates":[[[-105.593702,28.143312],[-105.591766,28.142576],[-105.591089,28.142314],[-105.591106,28.14014],[-105.59109,28.137531],[-105.591329,28.137137],[-105.591603,28.136732],[-105.592279,28.137076],[-105.594027,28.13796],[-105.59395,28.138141],[-105.593844,28.138363],[-105.593767,28.13855],[-105.593697,28.138731],[-105.593595,28.138833],[-105.593699,28.138817],[-105.593877,28.138711],[-105.59384,28.138779],[-105.59378,28.138893],[-105.59375,28.139161],[-105.593718,28.139396],[-105.593694,28.139888],[-105.593684,28.140423],[-105.593701,28.141037],[-105.593722,28.14175],[-105.593679,28.142499],[-105.593678,28.142911],[-105.593702,28.143312]]]}},{"type":"Feature","properties":{"modulo":5,"idparcela":"2883","productor":"MARQUEZ ALCANTAR MAXIMILIANO","cultivo":null,"superficie_fisica_ha":10.35,"superficie_riego_ha":10.05,"hectareas":0},"geometry":{"type":"Polygon","coordinates":[[[-105.588187,28.141284],[-105.586522,28.14065],[-105.585527,28.140315],[-105.589573,28.135719],[-105.59024,28.136047],[-105.589006,28.139305],[-105.588187,28.141284]]]}},{"type":"Feature","properties":{"modulo":5,"idparcela":"2884","productor":"MARQUEZ RAMIREZ RENE","cultivo":null,"superficie_fisica_ha":11.1,"superficie_riego_ha":11.1,"hectareas":0},"geometry":{"type":"Polygon","coordinates":[[[-105.585527,28.140315],[-105.585456,28.138744],[-105.585452,28.137712],[-105.585458,28.136437],[-105.585462,28.135355],[-105.585481,28.134902],[-105.58558,28.134933],[-105.585808,28.135041],[-105.586151,28.135252],[-105.586288,28.135316],[-105.58647,28.135385],[-105.586636,28.135421],[-105.586663,28.135321],[-105.58655,28.13529],[-105.586374,28.135194],[-105.586268,28.13515],[-105.586079,28.135068],[-105.585888,28.134953],[-105.585676,28.134864],[-105.585485,28.134807],[-105.585492,28.134637],[-105.585466,28.134311],[-105.585469,28.134165],[-105.585601,28.134056],[-105.585766,28.134065],[-105.585876,28.133983],[-105.585974,28.133994],[-105.58607,28.133952],[-105.58618,28.133877],[-105.586325,28.13398],[-105.586801,28.134361],[-105.587228,28.134651],[-105.587904,28.134954],[-105.588564,28.135259],[-105.589498,28.135683],[-105.589573,28.135719],[-105.585527,28.140315]]]}},{"type":"Feature","properties":{"modulo":5,"idparcela":"2889","productor":"ANCHONDO ACOSTA ALFONSO","cultivo":null,"superficie_fisica_ha":15.58,"superficie_riego_ha":13.04,"hectareas":0},"geometry":{"type":"Polygon","coordinates":[[[-105.585768,28.140949],[-105.585627,28.14086],[-105.585673,28.140774],[-105.58569,28.140651],[-105.585673,28.140511],[-105.588344,28.141472],[-105.588484,28.141536],[-105.588756,28.141652],[-105.58893,28.141727],[-105.589159,28.141777],[-105.589298,28.141829],[-105.58932,28.141877],[-105.589212,28.141971],[-105.589187,28.142063],[-105.589038,28.142181],[-105.588972,28.142251],[-105.588897,28.142403],[-105.588787,28.142442],[-105.588694,28.142451],[-105.588577,28.142454],[-105.588428,28.142495],[-105.58839,28.142588],[-105.588355,28.142833],[-105.588236,28.142768],[-105.58811,28.142692],[-105.587999,28.142651],[-105.587886,28.142568],[-105.587828,28.142466],[-105.587805,28.142369],[-105.587802,28.142265],[-105.587731,28.142193],[-105.587591,28.142123],[-105.587425,28.14209],[-105.587292,28.142014],[-105.587088,28.141854],[-105.586843,28.1417],[-105.586681,28.141594],[-105.586568,28.141499],[-105.58649,28.141421],[-105.586371,28.141332],[-105.586203,28.141232],[-105.586013,28.141108],[-105.585866,28.141008],[-105.585768,28.140949]]]}},{"type":"Feature","properties":{"modulo":5,"idparcela":"2889","productor":"ANCHONDO ACOSTA ALFONSO","cultivo":null,"superficie_fisica_ha":15.58,"superficie_riego_ha":13.04,"hectareas":0},"geometry":{"type":"Polygon","coordinates":[[[-105.587488,28.144729],[-105.587286,28.144777],[-105.586945,28.14486],[-105.586319,28.145146],[-105.585957,28.145132],[-105.585665,28.14494],[-105.585627,28.14086],[-105.585768,28.140949],[-105.585866,28.141008],[-105.586013,28.141108],[-105.586203,28.141232],[-105.586371,28.141332],[-105.58649,28.141421],[-105.586568,28.141499],[-105.586681,28.141594],[-105.586843,28.1417],[-105.587088,28.141854],[-105.587292,28.142014],[-105.587425,28.14209],[-105.587591,28.142123],[-105.587731,28.142193],[-105.587802,28.142265],[-105.587805,28.142369],[-105.587828,28.142466],[-105.587886,28.142568],[-105.587999,28.142651],[-105.58811,28.142692],[-105.588236,28.142768],[-105.588355,28.142833],[-105.58839,28.142588],[-105.588428,28.142495],[-105.588577,28.142454],[-105.588694,28.142451],[-105.588787,28.142442],[-105.588897,28.142403],[-105.589036,28.142409],[-105.589223,28.142412],[-105.589422,28.142408],[-105.589315,28.145119],[-105.589022,28.144966],[-105.588756,28.144851],[-105.588546,28.144772],[-105.588368,28.144732],[-105.588141,28.144689],[-105.588069,28.144683],[-105.588107,28.144599],[-105.588153,28.144557],[-105.588196,28.144439],[-105.588247,28.144292],[-105.588313,28.144153],[-105.588403,28.144026],[-105.588494,28.143927],[-105.588559,28.143753],[-105.588634,28.143634],[-105.588692,28.143495],[-105.588759,28.143369],[-105.588832,28.143201],[-105.588837,28.143111],[-105.58888,28.142979],[-105.588861,28.142841],[-105.588795,28.142725],[-105.5887,28.142672],[-105.588622,28.142688],[-105.588569,28.142737],[-105.588587,28.142813],[-105.588612,28.142868],[-105.588591,28.142965],[-105.588525,28.143104],[-105.588481,28.143202],[-105.588399,28.143349],[-105.588349,28.143488],[-105.588266,28.14358],[-105.588246,28.143705],[-105.588216,28.14374],[-105.588186,28.143782],[-105.588119,28.143922],[-105.588075,28.14402],[-105.587976,28.144105],[-105.587942,28.144251],[-105.587867,28.14437],[-105.587853,28.144412],[-105.587793,28.144517],[-105.587717,28.144567],[-105.587632,28.144624],[-105.587548,28.144667],[-105.587488,28.144729]]]}},{"type":"Feature","properties":{"modulo":5,"idparcela":"2892","productor":"VILLA RIVERA GUSTAVO","cultivo":null,"superficie_fisica_ha":18.45,"superficie_riego_ha":17.97,"hectareas":0},"geometry":{"type":"Polygon","coordinates":[[[-105.58555,28.140887],[-105.585584,28.145312],[-105.583441,28.145067],[-105.582428,28.144986],[-105.582315,28.144939],[-105.582277,28.139433],[-105.582419,28.13946],[-105.583426,28.139835],[-105.584364,28.140154],[-105.584672,28.14027],[-105.584843,28.140327],[-105.584956,28.140394],[-105.585002,28.140485],[-105.585011,28.140629],[-105.585018,28.140707],[-105.585092,28.140749],[-105.585257,28.140789],[-105.585466,28.140811],[-105.585524,28.140823],[-105.58555,28.140887]]]}},{"type":"Feature","properties":{"modulo":5,"idparcela":"2894","productor":"BUENO ROLANDO","cultivo":null,"superficie_fisica_ha":14.15,"superficie_riego_ha":14.15,"hectareas":0},"geometry":{"type":"Polygon","coordinates":[[[-105.580336,28.138777],[-105.580381,28.144671],[-105.580328,28.144665],[-105.579509,28.144603],[-105.578505,28.144857],[-105.578419,28.138036],[-105.57929,28.138392],[-105.580336,28.138777]]]}},{"type":"Feature","properties":{"modulo":5,"idparcela":"2895","productor":"MARQUEZ CORRALES SILVERIO","cultivo":null,"superficie_fisica_ha":24.95,"superficie_riego_ha":24.95,"hectareas":0},"geometry":{"type":"Polygon","coordinates":[[[-105.578375,28.144853],[-105.57837,28.144937],[-105.578364,28.145057],[-105.578328,28.145136],[-105.578238,28.145189],[-105.578143,28.145219],[-105.577201,28.145438],[-105.577073,28.145465],[-105.576954,28.145459],[-105.575574,28.145106],[-105.575522,28.145069],[-105.575507,28.144814],[-105.575546,28.143476],[-105.575442,28.138378],[-105.575453,28.137467],[-105.57547,28.13723],[-105.575782,28.137321],[-105.575886,28.137078],[-105.577252,28.137606],[-105.578275,28.138039],[-105.578375,28.144853]]]}},{"type":"Feature","properties":{"modulo":5,"idparcela":"3395","productor":"PANDO ESPARZA ENRRIQUE","cultivo":null,"superficie_fisica_ha":6,"superficie_riego_ha":5.1288,"hectareas":0},"geometry":{"type":"Polygon","coordinates":[[[-105.492837,28.188294],[-105.493957,28.188605],[-105.494011,28.189909],[-105.493984,28.191099],[-105.493835,28.191358],[-105.493367,28.191228],[-105.491644,28.190748],[-105.492837,28.188294]]]}},{"type":"Feature","properties":{"modulo":5,"idparcela":"3393","productor":"ESPARZA MENDOZA JOSE","cultivo":null,"superficie_fisica_ha":4.676,"superficie_riego_ha":4.676,"hectareas":0},"geometry":{"type":"Polygon","coordinates":[[[-105.486929,28.193661],[-105.486633,28.191738],[-105.487292,28.191159],[-105.487979,28.190603],[-105.488849,28.189832],[-105.489693,28.189061],[-105.490378,28.188434],[-105.49048,28.18822],[-105.490529,28.188031],[-105.490677,28.187696],[-105.49111,28.187816],[-105.490723,28.188811],[-105.490538,28.189345],[-105.49042,28.189538],[-105.490103,28.189722],[-105.489648,28.189936],[-105.489345,28.190186],[-105.487763,28.192461],[-105.487707,28.192541],[-105.486929,28.193661]]]}},{"type":"Feature","properties":{"modulo":5,"idparcela":"3394","productor":"ESPARZA JAVIER","cultivo":null,"superficie_fisica_ha":5.4116,"superficie_riego_ha":5.4116,"hectareas":0},"geometry":{"type":"Polygon","coordinates":[[[-105.49111,28.187816],[-105.492837,28.188294],[-105.491644,28.190748],[-105.491439,28.190691],[-105.49136,28.190672],[-105.489449,28.190211],[-105.489345,28.190186],[-105.489648,28.189936],[-105.490103,28.189722],[-105.49042,28.189538],[-105.490538,28.189345],[-105.490723,28.188811],[-105.49111,28.187816]]]}},{"type":"Feature","properties":{"modulo":5,"idparcela":"3404","productor":"PEREZ SANTILLANES MONICA","cultivo":null,"superficie_fisica_ha":4.675,"superficie_riego_ha":4.675,"hectareas":0},"geometry":{"type":"Polygon","coordinates":[[[-105.489012,28.198531],[-105.488867,28.198524],[-105.48859,28.19836],[-105.488199,28.198238],[-105.488399,28.196846],[-105.488516,28.19584],[-105.489026,28.196022],[-105.490383,28.196515],[-105.490157,28.197003],[-105.489795,28.197617],[-105.489525,28.198038],[-105.489363,28.198266],[-105.489178,28.198442],[-105.489012,28.198531]]]}},{"type":"Feature","properties":{"modulo":5,"idparcela":"3399","productor":"BURROLA FLORES CESAR","cultivo":null,"superficie_fisica_ha":6.6798,"superficie_riego_ha":6.6798,"hectareas":0},"geometry":{"type":"Polygon","coordinates":[[[-105.486641,28.195169],[-105.486929,28.193661],[-105.487707,28.192541],[-105.489808,28.193123],[-105.488526,28.195754],[-105.488516,28.19584],[-105.486641,28.195169]]]}},{"type":"Feature","properties":{"modulo":5,"idparcela":"3400","productor":"BURROLA FLORES CESAR","cultivo":null,"superficie_fisica_ha":5.075,"superficie_riego_ha":5.075,"hectareas":0},"geometry":{"type":"Polygon","coordinates":[[[-105.488199,28.198238],[-105.487176,28.197916],[-105.486631,28.197752],[-105.486446,28.197665],[-105.486318,28.197573],[-105.486247,28.197409],[-105.486283,28.19705],[-105.486641,28.195169],[-105.488516,28.19584],[-105.488399,28.196846],[-105.488199,28.198238]]]}},{"type":"Feature","properties":{"modulo":5,"idparcela":"3401","productor":"BURROLA FLORES CESAR","cultivo":null,"superficie_fisica_ha":6.725,"superficie_riego_ha":6.725,"hectareas":0},"geometry":{"type":"Polygon","coordinates":[[[-105.488516,28.19584],[-105.488526,28.195754],[-105.489808,28.193123],[-105.491735,28.193656],[-105.491498,28.19413],[-105.491035,28.195136],[-105.490572,28.196107],[-105.490418,28.196426],[-105.489896,28.196232],[-105.489085,28.195949],[-105.489026,28.196022],[-105.488516,28.19584]]]}},{"type":"Feature","properties":{"modulo":5,"idparcela":"3403","productor":"ACEVES CELIS SILVERIO","cultivo":null,"superficie_fisica_ha":6,"superficie_riego_ha":4.575,"hectareas":0},"geometry":{"type":"Polygon","coordinates":[[[-105.493854,28.194281],[-105.494516,28.194474],[-105.494793,28.195753],[-105.49514,28.197471],[-105.494968,28.197418],[-105.493057,28.19683],[-105.492916,28.19679],[-105.493854,28.194281]]]}},{"type":"Feature","properties":{"modulo":5,"idparcela":"3402","productor":"ENRIQUEZ OROZCO ROGELIO","cultivo":null,"superficie_fisica_ha":6.4079,"superficie_riego_ha":6.4079,"hectareas":0},"geometry":{"type":"Polygon","coordinates":[[[-105.491866,28.193701],[-105.491903,28.193711],[-105.493854,28.194281],[-105.492916,28.19679],[-105.49066,28.196154],[-105.490683,28.196105],[-105.491159,28.195134],[-105.491633,28.194127],[-105.491866,28.193701]]]}},{"type":"Feature","properties":{"modulo":5,"idparcela":"3405","productor":"MARTINEZ QUIROZ ANDRES","cultivo":null,"superficie_fisica_ha":7.325,"superficie_riego_ha":7.325,"hectareas":0},"geometry":{"type":"Polygon","coordinates":[[[-105.491515,28.19917],[-105.489969,28.198744],[-105.4893,28.198555],[-105.48945,28.198352],[-105.489604,28.198134],[-105.489903,28.197688],[-105.490266,28.197004],[-105.49066,28.196154],[-105.492916,28.19679],[-105.492906,28.196816],[-105.491515,28.19917]]]}},{"type":"Feature","properties":{"modulo":5,"idparcela":"3406","productor":"VILLALOBOS VILLALOBOS NOEL","cultivo":null,"superficie_fisica_ha":6.4657,"superficie_riego_ha":6.4657,"hectareas":0},"geometry":{"type":"Polygon","coordinates":[[[-105.49349,28.19974],[-105.491854,28.199264],[-105.491515,28.19917],[-105.492906,28.196816],[-105.492916,28.19679],[-105.493057,28.19683],[-105.494968,28.197418],[-105.49349,28.19974]]]}},{"type":"Feature","properties":{"modulo":5,"idparcela":"3396","productor":"NATIVIDAD OROZCO RAMON","cultivo":null,"superficie_fisica_ha":6.175,"superficie_riego_ha":6.175,"hectareas":0},"geometry":{"type":"Polygon","coordinates":[[[-105.487763,28.192461],[-105.489345,28.190186],[-105.489449,28.190211],[-105.49136,28.190672],[-105.489939,28.193033],[-105.487763,28.192461]]]}},{"type":"Feature","properties":{"modulo":5,"idparcela":"3397","productor":"ESPARZA CORRAL RUBI","cultivo":null,"superficie_fisica_ha":5.7527,"superficie_riego_ha":5.7527,"hectareas":0},"geometry":{"type":"Polygon","coordinates":[[[-105.49136,28.190672],[-105.491439,28.190691],[-105.491644,28.190748],[-105.493367,28.191228],[-105.491966,28.193566],[-105.489939,28.193033],[-105.49136,28.190672]]]}},{"type":"Feature","properties":{"modulo":5,"idparcela":"3293","productor":"ENRIQUEZ OROZCO ROGELIO","cultivo":null,"superficie_fisica_ha":5.875,"superficie_riego_ha":5.875,"hectareas":0},"geometry":{"type":"Polygon","coordinates":[[[-105.514583,28.194639],[-105.516464,28.195125],[-105.514819,28.197357],[-105.514797,28.197381],[-105.512863,28.196868],[-105.512918,28.19681],[-105.514583,28.194639]]]}},{"type":"Feature","properties":{"modulo":5,"idparcela":"3297","productor":"BURROLA MU¥OZ JOSE LUIS","cultivo":null,"superficie_fisica_ha":6,"superficie_riego_ha":6,"hectareas":0},"geometry":{"type":"Polygon","coordinates":[[[-105.513136,28.199527],[-105.511038,28.198998],[-105.511347,28.198483],[-105.512863,28.196868],[-105.514797,28.197381],[-105.513979,28.198171],[-105.513492,28.198755],[-105.51327,28.199174],[-105.513136,28.199527]]]}},{"type":"Feature","properties":{"modulo":5,"idparcela":"3292","productor":"DE ANDA ESTRADA FRANCISCO","cultivo":null,"superficie_fisica_ha":3.025,"superficie_riego_ha":3.025,"hectareas":0},"geometry":{"type":"Polygon","coordinates":[[[-105.513567,28.194308],[-105.514474,28.194611],[-105.514583,28.194639],[-105.512918,28.19681],[-105.512863,28.196868],[-105.512829,28.196859],[-105.51188,28.196571],[-105.513567,28.194308]]]}},{"type":"Feature","properties":{"modulo":5,"idparcela":"3291","productor":"MONCAYO RODRIGUEZ ANGEL AURELIO","cultivo":null,"superficie_fisica_ha":2.975,"superficie_riego_ha":2.975,"hectareas":0},"geometry":{"type":"Polygon","coordinates":[[[-105.512666,28.194006],[-105.513567,28.194308],[-105.51188,28.196571],[-105.510959,28.196291],[-105.512666,28.194006]]]}},{"type":"Feature","properties":{"modulo":5,"idparcela":"3296","productor":"TORRES GUEVARA FERNANDO","cultivo":null,"superficie_fisica_ha":6.05,"superficie_riego_ha":6.05,"hectareas":0},"geometry":{"type":"Polygon","coordinates":[[[-105.511038,28.198998],[-105.508888,28.198352],[-105.510758,28.19623],[-105.510959,28.196291],[-105.51188,28.196571],[-105.512829,28.196859],[-105.512863,28.196868],[-105.511347,28.198483],[-105.511038,28.198998]]]}},{"type":"Feature","properties":{"modulo":5,"idparcela":"3295","productor":"MONCAYO RODRIGUEZ ANGEL AURELIO","cultivo":null,"superficie_fisica_ha":5.6976,"superficie_riego_ha":5.625,"hectareas":0},"geometry":{"type":"Polygon","coordinates":[[[-105.508888,28.198352],[-105.506912,28.197787],[-105.508864,28.195654],[-105.508947,28.19568],[-105.510758,28.19623],[-105.508888,28.198352]]]}},{"type":"Feature","properties":{"modulo":5,"idparcela":"3290","productor":"CHAVARRIA CENICEROS PAULA","cultivo":null,"superficie_fisica_ha":5.975,"superficie_riego_ha":5.975,"hectareas":0},"geometry":{"type":"Polygon","coordinates":[[[-105.510627,28.193394],[-105.512642,28.193998],[-105.512666,28.194006],[-105.510959,28.196291],[-105.510758,28.19623],[-105.508947,28.19568],[-105.510627,28.193394]]]}},{"type":"Feature","properties":{"modulo":5,"idparcela":"3384","productor":"CHAVEZ CORRAL PABLO","cultivo":null,"superficie_fisica_ha":5.85,"superficie_riego_ha":5.85,"hectareas":0},"geometry":{"type":"Polygon","coordinates":[[[-105.506912,28.197787],[-105.505181,28.197298],[-105.507016,28.195093],[-105.508864,28.195654],[-105.506912,28.197787]]]}},{"type":"Feature","properties":{"modulo":5,"idparcela":"3383","productor":"GUEVARA FLORES ARTURO ALONSO","cultivo":null,"superficie_fisica_ha":4.25,"superficie_riego_ha":4.25,"hectareas":0},"geometry":{"type":"Polygon","coordinates":[[[-105.505181,28.197298],[-105.504101,28.196985],[-105.505427,28.19461],[-105.507016,28.195093],[-105.505181,28.197298]]]}},{"type":"Feature","properties":{"modulo":5,"idparcela":"3376","productor":"ENRIQUEZ OROZCO ROGELIO","cultivo":null,"superficie_fisica_ha":5.8,"superficie_riego_ha":5.8,"hectareas":0},"geometry":{"type":"Polygon","coordinates":[[[-105.508729,28.192824],[-105.510627,28.193394],[-105.508947,28.19568],[-105.508864,28.195654],[-105.507016,28.195093],[-105.507031,28.195075],[-105.508729,28.192824]]]}},{"type":"Feature","properties":{"modulo":5,"idparcela":"3375","productor":"ARREDONDO ENRIQUEZ GERARDO","cultivo":null,"superficie_fisica_ha":5.575,"superficie_riego_ha":5.575,"hectareas":0},"geometry":{"type":"Polygon","coordinates":[[[-105.505427,28.19461],[-105.506775,28.192235],[-105.508729,28.192824],[-105.507031,28.195075],[-105.507016,28.195093],[-105.505427,28.19461]]]}},{"type":"Feature","properties":{"modulo":5,"idparcela":"3193","productor":"NEDER GANDARA JAIME","cultivo":null,"superficie_fisica_ha":6.525,"superficie_riego_ha":6.525,"hectareas":0},"geometry":{"type":"Polygon","coordinates":[[[-105.526248,28.202711],[-105.525787,28.202928],[-105.525611,28.202996],[-105.52514,28.202847],[-105.526445,28.201306],[-105.526915,28.200743],[-105.528226,28.199437],[-105.528963,28.198632],[-105.529773,28.198878],[-105.529778,28.199053],[-105.529732,28.199261],[-105.529531,28.199504],[-105.529211,28.199814],[-105.528906,28.200043],[-105.528826,28.200252],[-105.528577,28.200639],[-105.528259,28.201012],[-105.528127,28.201254],[-105.527924,28.201418],[-105.527949,28.201672],[-105.527662,28.201933],[-105.526762,28.202525],[-105.526248,28.202711]]]}},{"type":"Feature","properties":{"modulo":5,"idparcela":"3196","productor":"SOCIEDAD AGRICOLA GINER SPR DE RL Y CV","cultivo":null,"superficie_fisica_ha":5.45,"superficie_riego_ha":5.45,"hectareas":0},"geometry":{"type":"Polygon","coordinates":[[[-105.523204,28.202335],[-105.521412,28.201862],[-105.523045,28.199853],[-105.523127,28.199754],[-105.523694,28.199919],[-105.524852,28.200244],[-105.524935,28.200254],[-105.523204,28.202335]]]}},{"type":"Feature","properties":{"modulo":5,"idparcela":"3197","productor":"SOCIEDAD AGRICOLA GINER SPR DE RL Y CV","cultivo":null,"superficie_fisica_ha":5.8751,"superficie_riego_ha":5.775,"hectareas":0},"geometry":{"type":"Polygon","coordinates":[[[-105.52514,28.202847],[-105.523204,28.202335],[-105.524935,28.200254],[-105.525069,28.200248],[-105.525303,28.200297],[-105.526355,28.20057],[-105.526915,28.200743],[-105.526445,28.201306],[-105.52514,28.202847]]]}},{"type":"Feature","properties":{"modulo":5,"idparcela":"3190","productor":"DE ANDA DELGADO DELFINO","cultivo":null,"superficie_fisica_ha":5.324,"superficie_riego_ha":5.324,"hectareas":0},"geometry":{"type":"Polygon","coordinates":[[[-105.523127,28.199754],[-105.52401,28.198687],[-105.524991,28.197563],[-105.526084,28.197851],[-105.526191,28.197852],[-105.526298,28.197816],[-105.526445,28.197869],[-105.526936,28.198027],[-105.525069,28.200248],[-105.524935,28.200254],[-105.524852,28.200244],[-105.523694,28.199919],[-105.523127,28.199754]]]}},{"type":"Feature","properties":{"modulo":5,"idparcela":"3188","productor":"SANCHEZ MARQUEZ EDUARDO","cultivo":null,"superficie_fisica_ha":6,"superficie_riego_ha":6,"hectareas":0},"geometry":{"type":"Polygon","coordinates":[[[-105.519053,28.198611],[-105.520173,28.197177],[-105.520797,28.196298],[-105.521125,28.196387],[-105.522959,28.196902],[-105.521119,28.199167],[-105.521103,28.199163],[-105.519053,28.198611]]]}},{"type":"Feature","properties":{"modulo":5,"idparcela":"3189","productor":"VILLA GARCIA OSCAR","cultivo":null,"superficie_fisica_ha":5.775,"superficie_riego_ha":5.775,"hectareas":0},"geometry":{"type":"Polygon","coordinates":[[[-105.522959,28.196902],[-105.52484,28.197479],[-105.523817,28.1987],[-105.522965,28.199706],[-105.521119,28.199167],[-105.522959,28.196902]]]}},{"type":"Feature","properties":{"modulo":5,"idparcela":"3194","productor":"SANCHEZ BERNAL JORGE LUIS","cultivo":null,"superficie_fisica_ha":5.4411,"superficie_riego_ha":5.4411,"hectareas":0},"geometry":{"type":"Polygon","coordinates":[[[-105.519422,28.201255],[-105.517427,28.200691],[-105.519053,28.198611],[-105.521103,28.199163],[-105.521119,28.199167],[-105.519422,28.201255]]]}},{"type":"Feature","properties":{"modulo":5,"idparcela":"3195","productor":"SANCHEZ BERNAL SAMUEL","cultivo":null,"superficie_fisica_ha":5.7301,"superficie_riego_ha":5.7301,"hectareas":0},"geometry":{"type":"Polygon","coordinates":[[[-105.521249,28.201818],[-105.520668,28.201607],[-105.519422,28.201255],[-105.521119,28.199167],[-105.522965,28.199706],[-105.522726,28.200003],[-105.521249,28.201818]]]}},{"type":"Feature","properties":{"modulo":5,"idparcela":"3172","productor":"GINER MONTES RAMON SAUL","cultivo":null,"superficie_fisica_ha":5.5629,"superficie_riego_ha":5.375,"hectareas":0},"geometry":{"type":"Polygon","coordinates":[[[-105.517212,28.200663],[-105.515234,28.200135],[-105.517063,28.197952],[-105.517245,28.198021],[-105.518884,28.198554],[-105.517212,28.200663]]]}},{"type":"Feature","properties":{"modulo":5,"idparcela":"3329","productor":"LOPEZ HERNANDEZ ENRIQUE","cultivo":null,"superficie_fisica_ha":6.75,"superficie_riego_ha":6.75,"hectareas":0},"geometry":{"type":"Polygon","coordinates":[[[-105.515234,28.200135],[-105.513355,28.199633],[-105.513488,28.199233],[-105.513934,28.198491],[-105.514196,28.19823],[-105.514774,28.197661],[-105.515074,28.197382],[-105.515883,28.197509],[-105.516769,28.197842],[-105.517063,28.197952],[-105.515234,28.200135]]]}},{"type":"Feature","properties":{"modulo":5,"idparcela":"3294","productor":"SANCHEZ BERNAL ALFREDO","cultivo":null,"superficie_fisica_ha":6.17,"superficie_riego_ha":5.925,"hectareas":0},"geometry":{"type":"Polygon","coordinates":[[[-105.515074,28.197382],[-105.515106,28.197351],[-105.516612,28.195281],[-105.51833,28.195695],[-105.516769,28.197842],[-105.515883,28.197509],[-105.515074,28.197382]]]}},{"type":"Feature","properties":{"modulo":5,"idparcela":"3187","productor":"SANCHEZ MARQUEZ EDUARDO","cultivo":null,"superficie_fisica_ha":5.9,"superficie_riego_ha":5.9,"hectareas":0},"geometry":{"type":"Polygon","coordinates":[[[-105.51833,28.195695],[-105.519793,28.196075],[-105.520608,28.196276],[-105.51997,28.197182],[-105.518884,28.198554],[-105.517245,28.198021],[-105.517063,28.197952],[-105.516769,28.197842],[-105.51833,28.195695]]]}},{"type":"Feature","properties":{"modulo":5,"idparcela":"3202","productor":"LOPEZ URIBE JAIME ALONSO","cultivo":null,"superficie_fisica_ha":5.4,"superficie_riego_ha":5.4,"hectareas":0},"geometry":{"type":"Polygon","coordinates":[[[-105.523779,28.202641],[-105.525471,28.20311],[-105.525203,28.203801],[-105.525087,28.204153],[-105.525015,28.204628],[-105.524893,28.204953],[-105.524905,28.205367],[-105.524908,28.205809],[-105.522924,28.205251],[-105.522476,28.205125],[-105.523779,28.202641]]]}},{"type":"Feature","properties":{"modulo":5,"idparcela":"3201","productor":"CARRASCO DE LOPEZ MANUELA","cultivo":null,"superficie_fisica_ha":6.375,"superficie_riego_ha":6.375,"hectareas":0},"geometry":{"type":"Polygon","coordinates":[[[-105.521515,28.202014],[-105.523779,28.202641],[-105.522476,28.205125],[-105.520909,28.204685],[-105.520322,28.20452],[-105.521515,28.202014]]]}},{"type":"Feature","properties":{"modulo":5,"idparcela":"3200","productor":"TARANGO MONTES MANUEL","cultivo":null,"superficie_fisica_ha":2.62,"superficie_riego_ha":2.62,"hectareas":0},"geometry":{"type":"Polygon","coordinates":[[[-105.519948,28.204415],[-105.519796,28.204372],[-105.518693,28.204061],[-105.519772,28.201503],[-105.521297,28.201953],[-105.521515,28.202014],[-105.520322,28.20452],[-105.519948,28.204415]]]}},{"type":"Feature","properties":{"modulo":5,"idparcela":"3199","productor":"HERNANDEZ CARREON EUSTOLIA","cultivo":null,"superficie_fisica_ha":6.175,"superficie_riego_ha":6.175,"hectareas":0},"geometry":{"type":"Polygon","coordinates":[[[-105.518693,28.204061],[-105.517388,28.203693],[-105.516637,28.203481],[-105.517591,28.200869],[-105.517901,28.200951],[-105.519772,28.201503],[-105.518693,28.204061]]]}},{"type":"Feature","properties":{"modulo":5,"idparcela":"3198","productor":"RODRIGUEZ ORONA ARMANDO","cultivo":null,"superficie_fisica_ha":6.3259,"superficie_riego_ha":5.9144,"hectareas":0},"geometry":{"type":"Polygon","coordinates":[[[-105.516637,28.203481],[-105.515116,28.203051],[-105.515009,28.203021],[-105.514676,28.202927],[-105.515395,28.200289],[-105.517591,28.200869],[-105.516637,28.203481]]]}},{"type":"Feature","properties":{"modulo":5,"idparcela":"3302","productor":"RODRIGUEZ RAMOS JESUS MARIA","cultivo":null,"superficie_fisica_ha":6.9004,"superficie_riego_ha":6.5963,"hectareas":0},"geometry":{"type":"Polygon","coordinates":[[[-105.514676,28.202927],[-105.512856,28.202414],[-105.51139,28.202],[-105.512036,28.201791],[-105.512439,28.201704],[-105.512559,28.201561],[-105.512566,28.201186],[-105.512778,28.200872],[-105.512954,28.20074],[-105.513056,28.200531],[-105.513204,28.200033],[-105.51334,28.199745],[-105.515395,28.200289],[-105.514676,28.202927]]]}},{"type":"Feature","properties":{"modulo":5,"idparcela":"3206","productor":"TREJO FLORES CARLOS","cultivo":null,"superficie_fisica_ha":6.0365,"superficie_riego_ha":6.0365,"hectareas":0},"geometry":{"type":"Polygon","coordinates":[[[-105.517166,28.206548],[-105.515986,28.206233],[-105.515341,28.206054],[-105.517388,28.203693],[-105.518693,28.204061],[-105.519796,28.204372],[-105.51969,28.204437],[-105.519476,28.20454],[-105.519283,28.204615],[-105.519067,28.204706],[-105.518857,28.204812],[-105.518728,28.204892],[-105.518581,28.204996],[-105.518429,28.205107],[-105.518294,28.205211],[-105.518143,28.205342],[-105.517986,28.205477],[-105.517875,28.205597],[-105.517752,28.205726],[-105.517574,28.205924],[-105.517357,28.206198],[-105.517203,28.20644],[-105.517166,28.206548]]]}},{"type":"Feature","properties":{"modulo":5,"idparcela":"3205","productor":"PEREZ SANTILLANES MONICA","cultivo":null,"superficie_fisica_ha":6.67,"superficie_riego_ha":6.67,"hectareas":0},"geometry":{"type":"Polygon","coordinates":[[[-105.515341,28.206054],[-105.51331,28.205454],[-105.513576,28.2051],[-105.514408,28.203999],[-105.515116,28.203051],[-105.516637,28.203481],[-105.517388,28.203693],[-105.515341,28.206054]]]}},{"type":"Feature","properties":{"modulo":5,"idparcela":"3204","productor":"SANCHEZ VDA DE GINER ROSA MARIA","cultivo":null,"superficie_fisica_ha":6,"superficie_riego_ha":6,"hectareas":0},"geometry":{"type":"Polygon","coordinates":[[[-105.513144,28.205405],[-105.511331,28.204903],[-105.512856,28.202414],[-105.514676,28.202927],[-105.515009,28.203021],[-105.514361,28.203883],[-105.513486,28.205024],[-105.513144,28.205405]]]}},{"type":"Feature","properties":{"modulo":5,"idparcela":"3203","productor":"BENAVENTE GARCIA AUDENCIO","cultivo":null,"superficie_fisica_ha":7.1,"superficie_riego_ha":6.5,"hectareas":0},"geometry":{"type":"Polygon","coordinates":[[[-105.511331,28.204903],[-105.510896,28.204782],[-105.510703,28.204723],[-105.509544,28.20437],[-105.50912,28.204241],[-105.50927,28.203978],[-105.509855,28.203201],[-105.510508,28.202314],[-105.51139,28.202],[-105.512856,28.202414],[-105.511331,28.204903]]]}},{"type":"Feature","properties":{"modulo":5,"idparcela":"3301","productor":"PEREZ SANTILLANES MONICA","cultivo":null,"superficie_fisica_ha":6.555,"superficie_riego_ha":6.555,"hectareas":0},"geometry":{"type":"Polygon","coordinates":[[[-105.513088,28.199661],[-105.512962,28.20021],[-105.512743,28.200574],[-105.512506,28.200922],[-105.512444,28.20122],[-105.512401,28.20158],[-105.510985,28.201986],[-105.509621,28.201556],[-105.51094,28.199099],[-105.511898,28.199343],[-105.513088,28.199661]]]}},{"type":"Feature","properties":{"modulo":5,"idparcela":"3300","productor":"TORRES GUEVARA FERNANDO","cultivo":null,"superficie_fisica_ha":6.6035,"superficie_riego_ha":6.6,"hectareas":0},"geometry":{"type":"Polygon","coordinates":[[[-105.509621,28.201556],[-105.508355,28.201218],[-105.507592,28.201013],[-105.507539,28.201003],[-105.508908,28.198477],[-105.508917,28.19848],[-105.51094,28.199099],[-105.509621,28.201556]]]}},{"type":"Feature","properties":{"modulo":5,"idparcela":"3299","productor":"ARREDONDO ENRIQUEZ GERARDO","cultivo":null,"superficie_fisica_ha":6.2067,"superficie_riego_ha":6.2067,"hectareas":0},"geometry":{"type":"Polygon","coordinates":[[[-105.507539,28.201003],[-105.50738,28.200971],[-105.506284,28.200649],[-105.505994,28.200564],[-105.505522,28.200418],[-105.506828,28.197885],[-105.506899,28.197905],[-105.508908,28.198477],[-105.507539,28.201003]]]}},{"type":"Feature","properties":{"modulo":5,"idparcela":"3298","productor":"MONCAYO QUIROZ EDUARDO","cultivo":null,"superficie_fisica_ha":7.45,"superficie_riego_ha":7.45,"hectareas":0},"geometry":{"type":"Polygon","coordinates":[[[-105.505522,28.200418],[-105.504768,28.200185],[-105.504108,28.20001],[-105.504644,28.19952],[-105.504744,28.199311],[-105.504756,28.199108],[-105.504699,28.198953],[-105.504503,28.198864],[-105.504236,28.198791],[-105.504005,28.198718],[-105.503931,28.198584],[-105.503992,28.198063],[-105.504105,28.197108],[-105.505184,28.197416],[-105.506828,28.197885],[-105.505522,28.200418]]]}},{"type":"Feature","properties":{"modulo":5,"idparcela":"3303","productor":"MENDOZA PARADA MARGARITA","cultivo":null,"superficie_fisica_ha":6.9308,"superficie_riego_ha":6.9308,"hectareas":0},"geometry":{"type":"Polygon","coordinates":[[[-105.505193,28.203058],[-105.502927,28.202441],[-105.504108,28.20001],[-105.504768,28.200185],[-105.505522,28.200418],[-105.505994,28.200564],[-105.506284,28.200649],[-105.505844,28.201504],[-105.505664,28.201992],[-105.505193,28.203058]]]}},{"type":"Feature","properties":{"modulo":5,"idparcela":"3305","productor":"PEREZ SANTILLANES MONICA","cultivo":null,"superficie_fisica_ha":6.425,"superficie_riego_ha":6.425,"hectareas":0},"geometry":{"type":"Polygon","coordinates":[[[-105.510985,28.201986],[-105.510652,28.202055],[-105.510426,28.202154],[-105.509035,28.204104],[-105.507292,28.203629],[-105.508355,28.201218],[-105.509621,28.201556],[-105.510985,28.201986]]]}},{"type":"Feature","properties":{"modulo":5,"idparcela":"3304","productor":"VAZQUEZ LOZANO JOSE LUIS","cultivo":null,"superficie_fisica_ha":6.125,"superficie_riego_ha":6.125,"hectareas":0},"geometry":{"type":"Polygon","coordinates":[[[-105.507292,28.203629],[-105.505193,28.203058],[-105.505664,28.201992],[-105.505844,28.201504],[-105.506284,28.200649],[-105.50738,28.200971],[-105.507539,28.201003],[-105.507592,28.201013],[-105.508355,28.201218],[-105.507292,28.203629]]]}},{"type":"Feature","properties":{"modulo":5,"idparcela":"3392","productor":"MONCAYO RODRIGUEZ ANGEL AURELIO","cultivo":null,"superficie_fisica_ha":7.225,"superficie_riego_ha":7.225,"hectareas":0},"geometry":{"type":"Polygon","coordinates":[[[-105.503978,28.199943],[-105.503685,28.20052],[-105.503286,28.201388],[-105.502802,28.202366],[-105.500993,28.201872],[-105.501326,28.199203],[-105.503978,28.199943]]]}},{"type":"Feature","properties":{"modulo":5,"idparcela":"3387","productor":"MONCAYO RODRIGUEZ ANGEL AURELIO","cultivo":null,"superficie_fisica_ha":7.023,"superficie_riego_ha":7.023,"hectareas":0},"geometry":{"type":"Polygon","coordinates":[[[-105.50193,28.196546],[-105.503942,28.19705],[-105.503777,28.198739],[-105.503886,28.198861],[-105.504028,28.198905],[-105.504062,28.198983],[-105.504031,28.199067],[-105.503934,28.199225],[-105.50391,28.199311],[-105.503965,28.199399],[-105.504042,28.199471],[-105.504103,28.199539],[-105.504162,28.199614],[-105.50415,28.19975],[-105.504093,28.199814],[-105.503978,28.199943],[-105.501326,28.199203],[-105.501206,28.199169],[-105.50193,28.196546]]]}},{"type":"Feature","properties":{"modulo":5,"idparcela":"3391","productor":"GARCIA YAóEZ JOEL JONATHAN","cultivo":null,"superficie_fisica_ha":6.325,"superficie_riego_ha":6.325,"hectareas":0},"geometry":{"type":"Polygon","coordinates":[[[-105.500993,28.201872],[-105.499624,28.201498],[-105.498939,28.201298],[-105.499178,28.198603],[-105.501206,28.199169],[-105.501326,28.199203],[-105.500993,28.201872]]]}},{"type":"Feature","properties":{"modulo":5,"idparcela":"3390","productor":"CAZAREZ DURAN ESTEBAN","cultivo":null,"superficie_fisica_ha":8.01,"superficie_riego_ha":8.01,"hectareas":0},"geometry":{"type":"Polygon","coordinates":[[[-105.498939,28.201298],[-105.496217,28.200502],[-105.496022,28.199486],[-105.496902,28.197967],[-105.498993,28.198551],[-105.499178,28.198603],[-105.498939,28.201298]]]}},{"type":"Feature","properties":{"modulo":5,"idparcela":"3407","productor":"GARCIA YAóEZ JOEL JONATHAN","cultivo":null,"superficie_fisica_ha":5.9336,"superficie_riego_ha":5.9336,"hectareas":0},"geometry":{"type":"Polygon","coordinates":[[[-105.500014,28.196003],[-105.501759,28.196504],[-105.50193,28.196546],[-105.501206,28.199169],[-105.499178,28.198603],[-105.498993,28.198551],[-105.500014,28.196003]]]}},{"type":"Feature","properties":{"modulo":5,"idparcela":"3386","productor":"ALDRETE MONTES RUBEN","cultivo":null,"superficie_fisica_ha":6.725,"superficie_riego_ha":6.725,"hectareas":0},"geometry":{"type":"Polygon","coordinates":[[[-105.49788,28.195407],[-105.500014,28.196003],[-105.498993,28.198551],[-105.496902,28.197967],[-105.49788,28.195407]]]}},{"type":"Feature","properties":{"modulo":5,"idparcela":"3379","productor":"LOPEZ RIOS SERGIO GUADALUPE","cultivo":null,"superficie_fisica_ha":6.0679,"superficie_riego_ha":6,"hectareas":0},"geometry":{"type":"Polygon","coordinates":[[[-105.497813,28.195247],[-105.49584,28.194675],[-105.497193,28.192569],[-105.497278,28.192483],[-105.497453,28.192366],[-105.499226,28.192875],[-105.497813,28.195247]]]}},{"type":"Feature","properties":{"modulo":5,"idparcela":"3371","productor":"CELIS PAYAN RAMIRO","cultivo":null,"superficie_fisica_ha":6.2,"superficie_riego_ha":6.2,"hectareas":0},"geometry":{"type":"Polygon","coordinates":[[[-105.499496,28.192954],[-105.499226,28.192875],[-105.497453,28.192366],[-105.497579,28.192207],[-105.497783,28.191822],[-105.49818,28.191036],[-105.498773,28.189969],[-105.500917,28.190594],[-105.499496,28.192954]]]}},{"type":"Feature","properties":{"modulo":5,"idparcela":"3382","productor":"MONCAYO RODRIGUEZ ANGEL AURELIO","cultivo":null,"superficie_fisica_ha":6.075,"superficie_riego_ha":6.075,"hectareas":0},"geometry":{"type":"Polygon","coordinates":[[[-105.505281,28.194548],[-105.503958,28.196929],[-105.501966,28.196443],[-105.502241,28.19585],[-105.503315,28.194011],[-105.505281,28.194548]]]}},{"type":"Feature","properties":{"modulo":5,"idparcela":"3374","productor":"CARRASCO SANTOS MANUEL","cultivo":null,"superficie_fisica_ha":6,"superficie_riego_ha":6,"hectareas":0},"geometry":{"type":"Polygon","coordinates":[[[-105.506636,28.192226],[-105.505302,28.19451],[-105.505281,28.194548],[-105.503315,28.194011],[-105.504681,28.191674],[-105.506636,28.192226]]]}},{"type":"Feature","properties":{"modulo":5,"idparcela":"3373","productor":"NATIVIDAD MARTINEZ AURELIO","cultivo":null,"superficie_fisica_ha":5.975,"superficie_riego_ha":5.975,"hectareas":0},"geometry":{"type":"Polygon","coordinates":[[[-105.503315,28.194011],[-105.50178,28.193592],[-105.501389,28.193485],[-105.502838,28.191154],[-105.502844,28.191156],[-105.504681,28.191674],[-105.503315,28.194011]]]}},{"type":"Feature","properties":{"modulo":5,"idparcela":"3372","productor":"MARTA PRIETO FRANCISCO JAVIER","cultivo":null,"superficie_fisica_ha":5.8105,"superficie_riego_ha":5.8105,"hectareas":0},"geometry":{"type":"Polygon","coordinates":[[[-105.501389,28.193485],[-105.50037,28.193207],[-105.499496,28.192954],[-105.500917,28.190594],[-105.502838,28.191154],[-105.501389,28.193485]]]}},{"type":"Feature","properties":{"modulo":5,"idparcela":"3381","productor":"MONCAYO RODRIGUEZ ANGEL AURELIO","cultivo":null,"superficie_fisica_ha":6.4486,"superficie_riego_ha":5.275,"hectareas":0},"geometry":{"type":"Polygon","coordinates":[[[-105.501966,28.196443],[-105.501925,28.196433],[-105.500387,28.195985],[-105.50178,28.193592],[-105.503315,28.194011],[-105.502241,28.19585],[-105.501966,28.196443]]]}},{"type":"Feature","properties":{"modulo":5,"idparcela":"3380","productor":"BALDERRAMA GARCIA MIGUEL AGUSTIN","cultivo":null,"superficie_fisica_ha":6.15,"superficie_riego_ha":6.15,"hectareas":0},"geometry":{"type":"Polygon","coordinates":[[[-105.500387,28.195985],[-105.498871,28.195543],[-105.497813,28.195247],[-105.499226,28.192875],[-105.499496,28.192954],[-105.50037,28.193207],[-105.501389,28.193485],[-105.50178,28.193592],[-105.500387,28.195985]]]}},{"type":"Feature","properties":{"modulo":5,"idparcela":"3370","productor":"BOJORQUEZ BOJORQUEZ FRANCISCA","cultivo":null,"superficie_fisica_ha":6.6,"superficie_riego_ha":6.6,"hectareas":0},"geometry":{"type":"Polygon","coordinates":[[[-105.498635,28.189941],[-105.498035,28.191018],[-105.497653,28.191812],[-105.497522,28.192065],[-105.497419,28.192217],[-105.497353,28.192275],[-105.497277,28.192325],[-105.495431,28.191797],[-105.496556,28.189332],[-105.498635,28.189941]]]}},{"type":"Feature","properties":{"modulo":5,"idparcela":"3369","productor":"NATIVIDAD MORENO ULISES","cultivo":null,"superficie_fisica_ha":4.434,"superficie_riego_ha":4.434,"hectareas":0},"geometry":{"type":"Polygon","coordinates":[[[-105.495431,28.191797],[-105.495282,28.191754],[-105.494505,28.191532],[-105.494427,28.188709],[-105.496556,28.189332],[-105.495431,28.191797]]]}},{"type":"Feature","properties":{"modulo":5,"idparcela":"2684","productor":"PRODUCTORA AGRICOLA LOS ALAMOS SPR DE RL","cultivo":null,"superficie_fisica_ha":33,"superficie_riego_ha":28.25,"hectareas":0},"geometry":{"type":"Polygon","coordinates":[[[-105.499055,28.079626],[-105.499059,28.083378],[-105.498168,28.083743],[-105.49743,28.084273],[-105.496996,28.084628],[-105.496617,28.085029],[-105.496429,28.085021],[-105.494623,28.083391],[-105.493879,28.082751],[-105.49001,28.082823],[-105.490137,28.082569],[-105.491099,28.082036],[-105.492366,28.081491],[-105.493643,28.080778],[-105.494952,28.080129],[-105.495832,28.079773],[-105.496194,28.079791],[-105.496481,28.079798],[-105.496711,28.079649],[-105.496799,28.079409],[-105.497252,28.079316],[-105.497675,28.079333],[-105.498101,28.079479],[-105.498437,28.079627],[-105.498724,28.079659],[-105.499055,28.079626]]]}},{"type":"Feature","properties":{"modulo":5,"idparcela":"2685","productor":"ALONSO CARDENAS MANUEL","cultivo":null,"superficie_fisica_ha":14.65,"superficie_riego_ha":11.75,"hectareas":0},"geometry":{"type":"Polygon","coordinates":[[[-105.49905,28.079444],[-105.498719,28.079478],[-105.498432,28.079444],[-105.498096,28.079291],[-105.497669,28.07914],[-105.497247,28.079122],[-105.496894,28.079221],[-105.496844,28.075403],[-105.497023,28.075369],[-105.497907,28.075176],[-105.499029,28.075379],[-105.499349,28.075361],[-105.499431,28.075366],[-105.499475,28.075399],[-105.499457,28.075458],[-105.4994,28.075536],[-105.499249,28.075735],[-105.499063,28.075853],[-105.49905,28.079444]]]}},{"type":"Feature","properties":{"modulo":5,"idparcela":"2683","productor":"PRODUCTORA AGRICOLA LOS ALAMOS SPR DE RL","cultivo":null,"superficie_fisica_ha":52.55,"superficie_riego_ha":23.4,"hectareas":0},"geometry":{"type":"Polygon","coordinates":[[[-105.496894,28.079221],[-105.496773,28.079255],[-105.496611,28.079449],[-105.496454,28.079584],[-105.49619,28.079613],[-105.495827,28.079594],[-105.494947,28.079961],[-105.493639,28.080631],[-105.492362,28.081368],[-105.491096,28.08193],[-105.490012,28.082528],[-105.489873,28.08273],[-105.486911,28.082756],[-105.486726,28.082586],[-105.486391,28.082511],[-105.486178,28.082411],[-105.486215,28.082102],[-105.486283,28.081833],[-105.486217,28.081621],[-105.485583,28.081594],[-105.485289,28.081881],[-105.48522,28.082097],[-105.485056,28.082194],[-105.484187,28.082373],[-105.486004,28.0799],[-105.486775,28.07888],[-105.487748,28.077619],[-105.488101,28.077207],[-105.488474,28.077065],[-105.495133,28.075731],[-105.496844,28.075403],[-105.496894,28.079221]]]}},{"type":"Feature","properties":{"modulo":5,"idparcela":"2772","productor":"AGROPECUARIA SAN JOSE DEL VADO SPR DE RL","cultivo":null,"superficie_fisica_ha":25.7,"superficie_riego_ha":25.7,"hectareas":0},"geometry":{"type":"Polygon","coordinates":[[[-105.496396,28.085319],[-105.495982,28.085877],[-105.495763,28.086251],[-105.495638,28.0866],[-105.495525,28.086876],[-105.495488,28.087008],[-105.495425,28.087141],[-105.495333,28.087214],[-105.495077,28.08722],[-105.494338,28.0872],[-105.493235,28.0872],[-105.489928,28.087212],[-105.489963,28.083587],[-105.489972,28.082931],[-105.492807,28.082881],[-105.493855,28.082859],[-105.49617,28.084907],[-105.496404,28.085117],[-105.496447,28.085211],[-105.496396,28.085319]]]}},{"type":"Feature","properties":{"modulo":5,"idparcela":"2060","productor":"PRODUCTORA AGRICOLA LOS ALAMOS SPR DE RL","cultivo":null,"superficie_fisica_ha":29.85,"superficie_riego_ha":27.4,"hectareas":0},"geometry":{"type":"Polygon","coordinates":[[[-105.489753,28.08718],[-105.483032,28.087194],[-105.483029,28.08711],[-105.482855,28.087114],[-105.482686,28.087084],[-105.48266,28.087021],[-105.483006,28.084897],[-105.483319,28.084917],[-105.483403,28.084889],[-105.483419,28.084824],[-105.483775,28.082933],[-105.483956,28.082655],[-105.484133,28.082747],[-105.484297,28.08285],[-105.484526,28.082857],[-105.488842,28.082907],[-105.48977,28.082899],[-105.489753,28.08718]]]}},{"type":"Feature","properties":{"modulo":5,"idparcela":"2686","productor":"PRODUCTORA AGRICOLA LOS ALAMOS SPR DE RL","cultivo":null,"superficie_fisica_ha":45.75,"superficie_riego_ha":35.8,"hectareas":0},"geometry":{"type":"Polygon","coordinates":[[[-105.499238,28.083318],[-105.499227,28.082915],[-105.499203,28.075952],[-105.499413,28.075778],[-105.499621,28.075497],[-105.499735,28.075283],[-105.504039,28.075996],[-105.504568,28.076091],[-105.504838,28.076318],[-105.505921,28.07742],[-105.506583,28.078],[-105.507076,28.07852],[-105.507176,28.078667],[-105.507181,28.078858],[-105.50695,28.07916],[-105.506107,28.079815],[-105.505359,28.080489],[-105.504442,28.081082],[-105.50352,28.081506],[-105.500846,28.082625],[-105.499238,28.083318]]]}},{"type":"Feature","properties":{"modulo":5,"idparcela":"2782","productor":"AGROPECUARIA SAN JOSE DEL VADO SPR DE RL","cultivo":null,"superficie_fisica_ha":57.36,"superficie_riego_ha":57.36,"hectareas":0},"geometry":{"type":"Polygon","coordinates":[[[-105.504156,28.087233],[-105.504084,28.08196],[-105.507655,28.079527],[-105.508335,28.079894],[-105.509271,28.08085],[-105.509967,28.08179],[-105.510429,28.082035],[-105.510996,28.082638],[-105.511656,28.083134],[-105.513171,28.085117],[-105.514059,28.086075],[-105.514653,28.086825],[-105.515032,28.087149],[-105.515034,28.087214],[-105.514952,28.087253],[-105.504133,28.087245],[-105.504156,28.087233]]]}},{"type":"Feature","properties":{"modulo":5,"idparcela":"2783","productor":"AGROPECUARIA SAN JOSE DEL VADO SPR DE RL","cultivo":null,"superficie_fisica_ha":32.25,"superficie_riego_ha":32.25,"hectareas":0},"geometry":{"type":"Polygon","coordinates":[[[-105.503951,28.081988],[-105.504013,28.08758],[-105.499391,28.087589],[-105.495892,28.087595],[-105.495992,28.087146],[-105.496396,28.08616],[-105.496878,28.085428],[-105.497719,28.084646],[-105.498635,28.084032],[-105.500575,28.083183],[-105.502774,28.082222],[-105.503745,28.08184],[-105.503951,28.081988]]]}},{"type":"Feature","properties":{"modulo":5,"idparcela":"2787","productor":"AGROPECUARIA SAN JOSE DEL VADO SPR DE RL","cultivo":null,"superficie_fisica_ha":25.1,"superficie_riego_ha":25,"hectareas":0},"geometry":{"type":"Polygon","coordinates":[[[-105.504013,28.08758],[-105.504059,28.091725],[-105.50401,28.09181],[-105.50386,28.091847],[-105.499414,28.091878],[-105.499391,28.087589],[-105.504013,28.08758]]]}},{"type":"Feature","properties":{"modulo":5,"idparcela":"2784","productor":"LICON PRIETO RODOLFO","cultivo":null,"superficie_fisica_ha":14.25,"superficie_riego_ha":14.25,"hectareas":0},"geometry":{"type":"Polygon","coordinates":[[[-105.499414,28.091878],[-105.496986,28.091895],[-105.496818,28.091821],[-105.496725,28.091616],[-105.4966,28.091307],[-105.496472,28.090912],[-105.496323,28.090471],[-105.495987,28.089587],[-105.495822,28.088805],[-105.495822,28.087914],[-105.495892,28.087595],[-105.499391,28.087589],[-105.499414,28.091878]]]}},{"type":"Feature","properties":{"modulo":5,"idparcela":"2061","productor":"PORRAS GARCIA ABELARDO","cultivo":null,"superficie_fisica_ha":36.55,"superficie_riego_ha":32.4,"hectareas":0},"geometry":{"type":"Polygon","coordinates":[[[-105.489616,28.091675],[-105.489395,28.091675],[-105.484222,28.0917],[-105.483893,28.091701],[-105.483544,28.091699],[-105.483297,28.091729],[-105.483173,28.091899],[-105.483063,28.09196],[-105.4829,28.091977],[-105.482777,28.091975],[-105.48266,28.091957],[-105.482546,28.091861],[-105.48242,28.091816],[-105.482239,28.091769],[-105.481892,28.091683],[-105.481724,28.091684],[-105.48158,28.091674],[-105.481442,28.091617],[-105.481405,28.091556],[-105.481418,28.091403],[-105.482255,28.087316],[-105.483032,28.087194],[-105.48988,28.087348],[-105.489687,28.090512],[-105.489616,28.091675]]]}},{"type":"Feature","properties":{"modulo":5,"idparcela":"2722","productor":"OLIVAS SOTELO ESTREBERTO","cultivo":null,"superficie_fisica_ha":19.4,"superficie_riego_ha":19.4,"hectareas":0},"geometry":{"type":"Polygon","coordinates":[[[-105.495314,28.087371],[-105.495218,28.088275],[-105.495249,28.088779],[-105.495331,28.089237],[-105.495445,28.089616],[-105.495522,28.089905],[-105.495694,28.090435],[-105.489687,28.090512],[-105.48988,28.087348],[-105.495314,28.087371]]]}},{"type":"Feature","properties":{"modulo":5,"idparcela":"2773","productor":"OLIVAS SOTELO ESTREBERTO","cultivo":null,"superficie_fisica_ha":8,"superficie_riego_ha":8,"hectareas":0},"geometry":{"type":"Polygon","coordinates":[[[-105.495694,28.090435],[-105.495729,28.090543],[-105.49592,28.091228],[-105.496105,28.091667],[-105.494984,28.091692],[-105.493483,28.091678],[-105.489616,28.091675],[-105.489687,28.090512],[-105.495694,28.090435]]]}},{"type":"Feature","properties":{"modulo":5,"idparcela":"2690","productor":"ROBLES STRINGEL JOSE RAMON","cultivo":null,"superficie_fisica_ha":32.15,"superficie_riego_ha":32.1,"hectareas":0},"geometry":{"type":"Polygon","coordinates":[[[-105.49617,28.091804],[-105.497613,28.096178],[-105.497577,28.096212],[-105.497504,28.096257],[-105.496836,28.09625],[-105.495614,28.096298],[-105.49339,28.096335],[-105.490487,28.096387],[-105.490511,28.095882],[-105.490542,28.095674],[-105.4905,28.095061],[-105.490467,28.094733],[-105.490391,28.094219],[-105.490532,28.093526],[-105.4907,28.092875],[-105.490968,28.091818],[-105.49617,28.091804]]]}},{"type":"Feature","properties":{"modulo":5,"idparcela":"2785","productor":"SOCIEDAD AGRICOLA GINER SPR DE RL Y CV","cultivo":null,"superficie_fisica_ha":46.1,"superficie_riego_ha":45.95,"hectareas":0},"geometry":{"type":"Polygon","coordinates":[[[-105.521212,28.091761],[-105.514054,28.091762],[-105.509252,28.091796],[-105.509114,28.087377],[-105.514858,28.087393],[-105.515154,28.087371],[-105.515537,28.087316],[-105.515901,28.087231],[-105.51647,28.08759],[-105.518015,28.088532],[-105.51908,28.089175],[-105.519632,28.089534],[-105.520952,28.090543],[-105.521398,28.090889],[-105.521418,28.090997],[-105.521354,28.091185],[-105.521272,28.091388],[-105.521223,28.091513],[-105.521212,28.091761]]]}},{"type":"Feature","properties":{"modulo":5,"idparcela":"2786","productor":"GINER SOTO JESUS","cultivo":null,"superficie_fisica_ha":22.9,"superficie_riego_ha":22.9,"hectareas":0},"geometry":{"type":"Polygon","coordinates":[[[-105.509252,28.091796],[-105.504417,28.091831],[-105.504327,28.09174],[-105.504286,28.091494],[-105.504137,28.087362],[-105.509114,28.087377],[-105.509252,28.091796]]]}},{"type":"Feature","properties":{"modulo":5,"idparcela":"2733","productor":"BURROLA FLORES JUAN CARLOS","cultivo":null,"superficie_fisica_ha":11.6,"superficie_riego_ha":11.6,"hectareas":0},"geometry":{"type":"Polygon","coordinates":[[[-105.492745,28.105394],[-105.492698,28.102131],[-105.495304,28.102101],[-105.495533,28.102461],[-105.495893,28.10323],[-105.49643,28.104468],[-105.496814,28.105136],[-105.49698,28.105389],[-105.494751,28.105391],[-105.492745,28.105394]]]}},{"type":"Feature","properties":{"modulo":5,"idparcela":"2696","productor":"LICON LICON JESUS","cultivo":null,"superficie_fisica_ha":47.4,"superficie_riego_ha":47.4,"hectareas":0},"geometry":{"type":"Polygon","coordinates":[[[-105.497921,28.109765],[-105.497893,28.109771],[-105.497724,28.109777],[-105.494795,28.109822],[-105.494751,28.105391],[-105.49698,28.105389],[-105.49697,28.105894],[-105.496972,28.106464],[-105.497032,28.106913],[-105.497087,28.107184],[-105.497209,28.107776],[-105.497373,28.108503],[-105.497472,28.108969],[-105.497592,28.109153],[-105.497682,28.109296],[-105.497773,28.109472],[-105.49789,28.109653],[-105.497932,28.109747],[-105.497921,28.109765]]]}},{"type":"Feature","properties":{"modulo":5,"idparcela":"2735","productor":"RODRIGUEZ DURON ARTURO","cultivo":null,"superficie_fisica_ha":9.84,"superficie_riego_ha":9.84,"hectareas":0},"geometry":{"type":"Polygon","coordinates":[[[-105.494795,28.109822],[-105.492609,28.109859],[-105.492629,28.105396],[-105.492745,28.105394],[-105.494751,28.105391],[-105.494795,28.109822]]]}},{"type":"Feature","properties":{"modulo":5,"idparcela":"2736","productor":"RODRIGUEZ DURON ARTURO","cultivo":null,"superficie_fisica_ha":11.04,"superficie_riego_ha":11.04,"hectareas":0},"geometry":{"type":"Polygon","coordinates":[[[-105.492609,28.109859],[-105.491148,28.109871],[-105.48943,28.106134],[-105.489268,28.105798],[-105.489078,28.105399],[-105.492629,28.105396],[-105.492609,28.109859]]]}},{"type":"Feature","properties":{"modulo":5,"idparcela":"2695","productor":"GARCIA VITOLAS ARTURO","cultivo":null,"superficie_fisica_ha":18.2,"superficie_riego_ha":18.2,"hectareas":0},"geometry":{"type":"Polygon","coordinates":[[[-105.497234,28.105529],[-105.4972,28.105331],[-105.497115,28.105195],[-105.496991,28.105068],[-105.496742,28.104637],[-105.496382,28.103884],[-105.496135,28.103291],[-105.495802,28.102553],[-105.495566,28.102141],[-105.495922,28.102127],[-105.49961,28.102164],[-105.49993,28.102653],[-105.500062,28.102828],[-105.500203,28.102986],[-105.500502,28.103246],[-105.500828,28.103498],[-105.501236,28.103756],[-105.501736,28.104045],[-105.50218,28.104293],[-105.502757,28.104651],[-105.503154,28.104918],[-105.503545,28.105174],[-105.503869,28.105396],[-105.504013,28.105514],[-105.50288,28.105539],[-105.500247,28.105566],[-105.497234,28.105529]]]}},{"type":"Feature","properties":{"modulo":5,"idparcela":"2696","productor":"LICON LICON JESUS","cultivo":null,"superficie_fisica_ha":47.4,"superficie_riego_ha":47.4,"hectareas":0},"geometry":{"type":"Polygon","coordinates":[[[-105.504104,28.109409],[-105.50411,28.109631],[-105.504011,28.109723],[-105.503127,28.109722],[-105.500428,28.109723],[-105.498897,28.109741],[-105.498156,28.109742],[-105.497691,28.108979],[-105.49747,28.108137],[-105.497337,28.107498],[-105.497236,28.106799],[-105.49717,28.106188],[-105.497234,28.105529],[-105.500247,28.105566],[-105.50288,28.105539],[-105.504013,28.105514],[-105.504104,28.109409]]]}},{"type":"Feature","properties":{"modulo":5,"idparcela":"2692","productor":"VARELA CARMONA LUIS CARLOS","cultivo":null,"superficie_fisica_ha":31.35,"superficie_riego_ha":31.35,"hectareas":0},"geometry":{"type":"Polygon","coordinates":[[[-105.498633,28.099183],[-105.49288,28.099258],[-105.492388,28.098755],[-105.492088,28.0983],[-105.491825,28.097937],[-105.491609,28.097651],[-105.490985,28.097137],[-105.490572,28.096723],[-105.490403,28.096529],[-105.494761,28.096448],[-105.497006,28.0964],[-105.497675,28.096385],[-105.497787,28.096647],[-105.498633,28.099183]]]}},{"type":"Feature","properties":{"modulo":5,"idparcela":"2794","productor":"YA¥EZ ORVIZ JESUS","cultivo":null,"superficie_fisica_ha":10.1025,"superficie_riego_ha":10.1025,"hectareas":0},"geometry":{"type":"Polygon","coordinates":[[[-105.503987,28.100131],[-105.500602,28.100117],[-105.499641,28.100109],[-105.49946,28.100041],[-105.499408,28.099927],[-105.499109,28.099096],[-105.499054,28.098866],[-105.499134,28.09874],[-105.499324,28.09863],[-105.499774,28.098432],[-105.500162,28.098337],[-105.500472,28.098359],[-105.501025,28.098362],[-105.501644,28.098363],[-105.50252,28.098257],[-105.502996,28.098157],[-105.503404,28.098024],[-105.503651,28.09791],[-105.503743,28.097891],[-105.503869,28.0979],[-105.503935,28.097926],[-105.503981,28.097959],[-105.504013,28.098018],[-105.503987,28.100131]]]}},{"type":"Feature","properties":{"modulo":5,"idparcela":"2795","productor":"YA¥EZ ORVIZ JESUS","cultivo":null,"superficie_fisica_ha":31.49,"superficie_riego_ha":31.49,"hectareas":0},"geometry":{"type":"Polygon","coordinates":[[[-105.504013,28.097524],[-105.503771,28.09761],[-105.503446,28.097797],[-105.503149,28.097912],[-105.502541,28.098],[-105.501755,28.098117],[-105.501249,28.098153],[-105.500911,28.09816],[-105.500629,28.098154],[-105.500225,28.098125],[-105.499978,28.098139],[-105.499334,28.098399],[-105.499128,28.098488],[-105.499001,28.098475],[-105.49892,28.098411],[-105.498843,28.098198],[-105.498662,28.097634],[-105.49734,28.09369],[-105.497247,28.093456],[-105.4973,28.093378],[-105.497274,28.093295],[-105.503825,28.093293],[-105.503883,28.093437],[-105.503954,28.093472],[-105.50405,28.093544],[-105.50403,28.097416],[-105.504013,28.097524]]]}},{"type":"Feature","properties":{"modulo":5,"idparcela":"2788","productor":"PAYAN HERMANOS SPR DE RL","cultivo":null,"superficie_fisica_ha":9.31,"superficie_riego_ha":9.31,"hectareas":0},"geometry":{"type":"Polygon","coordinates":[[[-105.497274,28.093295],[-105.497202,28.093241],[-105.496818,28.092225],[-105.496798,28.092085],[-105.496907,28.092026],[-105.50035,28.092008],[-105.503471,28.092017],[-105.503889,28.092008],[-105.503992,28.092041],[-105.504027,28.092167],[-105.504028,28.093149],[-105.503948,28.093227],[-105.503825,28.093293],[-105.497274,28.093295]]]}},{"type":"Feature","properties":{"modulo":5,"idparcela":"2799","productor":"SOTELO CHAVEZ CRISOFORO ALBERTO","cultivo":null,"superficie_fisica_ha":15.7,"superficie_riego_ha":15.7,"hectareas":0},"geometry":{"type":"Polygon","coordinates":[[[-105.504001,28.100275],[-105.504036,28.100305],[-105.504085,28.102092],[-105.504086,28.105021],[-105.504042,28.105083],[-105.503741,28.104897],[-105.503358,28.104663],[-105.502836,28.104331],[-105.502245,28.10397],[-105.501526,28.103491],[-105.501177,28.103264],[-105.500683,28.102887],[-105.500408,28.102606],[-105.500179,28.102166],[-105.500037,28.101741],[-105.499771,28.100983],[-105.499533,28.10022],[-105.504001,28.100275]]]}},{"type":"Feature","properties":{"modulo":5,"idparcela":"2789","productor":"REYES ROEL GLORIA M.","cultivo":null,"superficie_fisica_ha":22.89,"superficie_riego_ha":22.89,"hectareas":0},"geometry":{"type":"Polygon","coordinates":[[[-105.518979,28.091913],[-105.523103,28.091905],[-105.524289,28.092645],[-105.524512,28.092908],[-105.524475,28.093119],[-105.524472,28.093789],[-105.524432,28.09469],[-105.52432,28.094653],[-105.524191,28.094641],[-105.524054,28.094707],[-105.524022,28.094831],[-105.523971,28.094947],[-105.523902,28.095046],[-105.524146,28.09527],[-105.524306,28.095412],[-105.524429,28.095497],[-105.524449,28.096087],[-105.52439,28.09628],[-105.52409,28.096363],[-105.522815,28.096333],[-105.519063,28.096329],[-105.518979,28.091913]]]}},{"type":"Feature","properties":{"modulo":5,"idparcela":"2790","productor":"REYES ROEL CARLOS ALBERTO","cultivo":null,"superficie_fisica_ha":22.91,"superficie_riego_ha":22.91,"hectareas":0},"geometry":{"type":"Polygon","coordinates":[[[-105.514339,28.091923],[-105.518979,28.091913],[-105.519063,28.096329],[-105.514418,28.096324],[-105.514339,28.091923]]]}},{"type":"Feature","properties":{"modulo":5,"idparcela":"2791","productor":"PAYAN HERMANOS SPR DE RL","cultivo":null,"superficie_fisica_ha":23.8,"superficie_riego_ha":23.8,"hectareas":0},"geometry":{"type":"Polygon","coordinates":[[[-105.514181,28.096297],[-105.509199,28.096359],[-105.509171,28.091977],[-105.513503,28.091982],[-105.513816,28.091985],[-105.513932,28.092028],[-105.513966,28.09216],[-105.513973,28.092408],[-105.514003,28.092694],[-105.513965,28.092913],[-105.514014,28.093081],[-105.514206,28.093343],[-105.514181,28.096297]]]}},{"type":"Feature","properties":{"modulo":5,"idparcela":"2792","productor":"PAYAN HERMANOS SPR DE RL","cultivo":null,"superficie_fisica_ha":24.4,"superficie_riego_ha":24.3,"hectareas":0},"geometry":{"type":"Polygon","coordinates":[[[-105.509199,28.096359],[-105.507317,28.096383],[-105.506117,28.096363],[-105.505134,28.096374],[-105.505007,28.096625],[-105.504848,28.096935],[-105.504588,28.097238],[-105.504402,28.097393],[-105.504162,28.097594],[-105.504217,28.091971],[-105.509171,28.091977],[-105.509199,28.096359]]]}},{"type":"Feature","properties":{"modulo":5,"idparcela":"2797","productor":"PAYAN HERMANOS SPR DE RL","cultivo":null,"superficie_fisica_ha":24.1,"superficie_riego_ha":24.1,"hectareas":0},"geometry":{"type":"Polygon","coordinates":[[[-105.519113,28.096503],[-105.523763,28.096541],[-105.524044,28.096555],[-105.524268,28.096654],[-105.524367,28.096848],[-105.524357,28.101113],[-105.524343,28.101245],[-105.524274,28.101315],[-105.5241,28.101339],[-105.524025,28.101326],[-105.523908,28.101306],[-105.523689,28.101225],[-105.523374,28.101031],[-105.523137,28.100901],[-105.522949,28.100854],[-105.522703,28.100828],[-105.521106,28.100884],[-105.519141,28.100876],[-105.519113,28.096503]]]}},{"type":"Feature","properties":{"modulo":5,"idparcela":"2798","productor":"PAYAN HERMANOS SPR DE RL","cultivo":null,"superficie_fisica_ha":23.7,"superficie_riego_ha":23.7,"hectareas":0},"geometry":{"type":"Polygon","coordinates":[[[-105.514478,28.096471],[-105.514591,28.096466],[-105.519113,28.096503],[-105.519141,28.100876],[-105.519098,28.100876],[-105.516566,28.1009],[-105.515294,28.100917],[-105.514513,28.100934],[-105.514337,28.100917],[-105.514277,28.100846],[-105.514291,28.100514],[-105.514314,28.099644],[-105.514296,28.097316],[-105.514317,28.096646],[-105.514325,28.096551],[-105.514365,28.096508],[-105.514423,28.096488],[-105.514478,28.096471]]]}},{"type":"Feature","properties":{"modulo":5,"idparcela":"2817","productor":"SIGIE RAMIREZ MARIA","cultivo":null,"superficie_fisica_ha":42.2,"superficie_riego_ha":42.2,"hectareas":0},"geometry":{"type":"Polygon","coordinates":[[[-105.545525,28.129396],[-105.545277,28.129761],[-105.545158,28.129939],[-105.544962,28.129987],[-105.544806,28.129957],[-105.544738,28.129795],[-105.544785,28.129209],[-105.544942,28.128389],[-105.544992,28.127984],[-105.544985,28.127271],[-105.545049,28.126021],[-105.545049,28.124248],[-105.545007,28.122738],[-105.54497,28.120549],[-105.544953,28.119038],[-105.549893,28.119061],[-105.549985,28.123242],[-105.549684,28.123801],[-105.545525,28.129396]]]}},{"type":"Feature","properties":{"modulo":5,"idparcela":"2815","productor":"AGROPECUARIA SAN JOSE DEL VADO SPR DE RL","cultivo":null,"superficie_fisica_ha":25.7,"superficie_riego_ha":25.7,"hectareas":0},"geometry":{"type":"Polygon","coordinates":[[[-105.553038,28.114021],[-105.552957,28.114658],[-105.552895,28.115097],[-105.552881,28.11547],[-105.552724,28.11694],[-105.552332,28.119686],[-105.55225,28.120156],[-105.552059,28.120643],[-105.551866,28.12101],[-105.551317,28.121776],[-105.550756,28.122546],[-105.550135,28.123304],[-105.550117,28.117326],[-105.550106,28.114282],[-105.550147,28.113975],[-105.550425,28.113334],[-105.550588,28.11298],[-105.550773,28.112516],[-105.550969,28.112468],[-105.55164,28.112628],[-105.552409,28.112721],[-105.552464,28.112938],[-105.552594,28.113155],[-105.552746,28.113305],[-105.552998,28.113496],[-105.553054,28.113736],[-105.553038,28.114021]]]}},{"type":"Feature","properties":{"modulo":5,"idparcela":"2816","productor":"AGROPECUARIA SAN JOSE DEL VADO SPR DE RL","cultivo":null,"superficie_fisica_ha":23.05,"superficie_riego_ha":23.05,"hectareas":0},"geometry":{"type":"Polygon","coordinates":[[[-105.549928,28.118796],[-105.549849,28.118891],[-105.549465,28.118899],[-105.545068,28.118882],[-105.545009,28.118842],[-105.545006,28.114551],[-105.549717,28.114562],[-105.549822,28.11457],[-105.549895,28.114672],[-105.549928,28.118796]]]}},{"type":"Feature","properties":{"modulo":5,"idparcela":"2830","productor":"BERJES CHAVEZ JUAN JOSE","cultivo":null,"superficie_fisica_ha":22.8,"superficie_riego_ha":22.7,"hectareas":0},"geometry":{"type":"Polygon","coordinates":[[[-105.544322,28.118898],[-105.53953,28.118889],[-105.539516,28.116315],[-105.539502,28.115396],[-105.539453,28.115304],[-105.539323,28.115234],[-105.539274,28.115153],[-105.539261,28.115111],[-105.539326,28.114934],[-105.539394,28.11485],[-105.539518,28.114723],[-105.539701,28.114595],[-105.540086,28.114587],[-105.54047,28.114568],[-105.54103,28.114566],[-105.541507,28.114514],[-105.541626,28.114605],[-105.541723,28.114737],[-105.541843,28.114869],[-105.54201,28.115],[-105.542224,28.11514],[-105.542472,28.115269],[-105.542612,28.115266],[-105.542714,28.115181],[-105.542885,28.115022],[-105.542999,28.114926],[-105.543291,28.114811],[-105.543488,28.114673],[-105.543642,28.114561],[-105.543849,28.114531],[-105.544422,28.114533],[-105.544761,28.114546],[-105.544821,28.114618],[-105.544817,28.114897],[-105.5448,28.115962],[-105.5448,28.117213],[-105.544803,28.118154],[-105.544809,28.118774],[-105.54474,28.118827],[-105.544567,28.118893],[-105.544322,28.118898]]]}},{"type":"Feature","properties":{"modulo":5,"idparcela":"2831","productor":"BERJES CHAVEZ LUIS FERNANDO","cultivo":null,"superficie_fisica_ha":22.55,"superficie_riego_ha":21.35,"hectareas":0},"geometry":{"type":"Polygon","coordinates":[[[-105.537256,28.118898],[-105.53518,28.118891],[-105.534784,28.11891],[-105.534745,28.11458],[-105.537392,28.114563],[-105.537664,28.114723],[-105.53847,28.11518],[-105.538471,28.115211],[-105.538415,28.115295],[-105.538334,28.115308],[-105.538241,28.11531],[-105.538149,28.115374],[-105.538129,28.115498],[-105.538132,28.115612],[-105.538172,28.115797],[-105.538184,28.115931],[-105.538247,28.115971],[-105.538364,28.115989],[-105.538595,28.115901],[-105.538986,28.115717],[-105.539297,28.115566],[-105.539502,28.115396],[-105.539516,28.116315],[-105.53953,28.118889],[-105.537256,28.118898]]]}},{"type":"Feature","properties":{"modulo":5,"idparcela":"2832","productor":"DELGADO GUZMAN MANUEL","cultivo":null,"superficie_fisica_ha":23.75,"superficie_riego_ha":23.75,"hectareas":0},"geometry":{"type":"Polygon","coordinates":[[[-105.534667,28.118892],[-105.529887,28.118904],[-105.529672,28.118828],[-105.529632,28.114553],[-105.532144,28.114543],[-105.533929,28.114556],[-105.534499,28.114568],[-105.534563,28.11457],[-105.5346,28.114589],[-105.534616,28.114633],[-105.534619,28.114695],[-105.534667,28.118892]]]}},{"type":"Feature","properties":{"modulo":5,"idparcela":"2833","productor":"RODRIGUEZ N EMMA MARGARITA","cultivo":null,"superficie_fisica_ha":23.35,"superficie_riego_ha":23,"hectareas":0},"geometry":{"type":"Polygon","coordinates":[[[-105.529672,28.118828],[-105.529639,28.118816],[-105.529383,28.118811],[-105.524684,28.118821],[-105.524659,28.114572],[-105.529632,28.114553],[-105.529672,28.118828]]]}},{"type":"Feature","properties":{"modulo":5,"idparcela":"2826","productor":"AGROPECUARIA SAN JOSE DEL VADO SPR DE RL","cultivo":null,"superficie_fisica_ha":24.1,"superficie_riego_ha":24.05,"hectareas":0},"geometry":{"type":"Polygon","coordinates":[[[-105.534669,28.114389],[-105.529641,28.114396],[-105.529626,28.109769],[-105.529741,28.109749],[-105.530013,28.10977],[-105.530419,28.109842],[-105.530814,28.109914],[-105.53117,28.110013],[-105.531493,28.110051],[-105.531916,28.110032],[-105.5323,28.110051],[-105.532704,28.11006],[-105.533288,28.110056],[-105.533843,28.110053],[-105.534065,28.110066],[-105.534247,28.110098],[-105.534413,28.110237],[-105.534558,28.110395],[-105.534583,28.110573],[-105.534602,28.111243],[-105.534642,28.112691],[-105.534669,28.114389]]]}},{"type":"Feature","properties":{"modulo":5,"idparcela":"2827","productor":"AGROPECUARIA SAN JOSE DEL VADO SPR DE RL","cultivo":null,"superficie_fisica_ha":22.4,"superficie_riego_ha":21.6,"hectareas":0},"geometry":{"type":"Polygon","coordinates":[[[-105.529641,28.114396],[-105.524657,28.114402],[-105.524624,28.113607],[-105.524665,28.1129],[-105.524657,28.11222],[-105.524652,28.111326],[-105.524653,28.111005],[-105.524915,28.110999],[-105.525278,28.111009],[-105.52561,28.110984],[-105.525808,28.110836],[-105.525893,28.11062],[-105.526216,28.110622],[-105.526545,28.110507],[-105.526856,28.110438],[-105.527236,28.110322],[-105.527676,28.110188],[-105.528016,28.1101],[-105.528387,28.110011],[-105.528818,28.109939],[-105.529319,28.109821],[-105.529626,28.109769],[-105.529641,28.114396]]]}},{"type":"Feature","properties":{"modulo":5,"idparcela":"2812","productor":"AGROPECUARIA SAN JOSE DEL VADO SPR DE RL","cultivo":null,"superficie_fisica_ha":25.41,"superficie_riego_ha":15.4,"hectareas":0},"geometry":{"type":"Polygon","coordinates":[[[-105.549823,28.114445],[-105.545105,28.114448],[-105.544993,28.114421],[-105.544945,28.11436],[-105.544944,28.113637],[-105.544941,28.109934],[-105.546047,28.109898],[-105.546478,28.110023],[-105.547044,28.11001],[-105.547121,28.110053],[-105.547199,28.11013],[-105.547314,28.110216],[-105.547528,28.110212],[-105.547678,28.110186],[-105.547754,28.110207],[-105.54792,28.110292],[-105.548008,28.110268],[-105.548157,28.110198],[-105.548292,28.110094],[-105.5485,28.110335],[-105.548759,28.110597],[-105.549161,28.111024],[-105.549615,28.111527],[-105.549627,28.111641],[-105.549652,28.111704],[-105.549748,28.111769],[-105.549764,28.11183],[-105.549763,28.111922],[-105.54979,28.111985],[-105.549844,28.112068],[-105.549887,28.112703],[-105.549919,28.114287],[-105.549909,28.114398],[-105.549823,28.114445]]]}},{"type":"Feature","properties":{"modulo":5,"idparcela":"2813","productor":"AGROPECUARIA SAN JOSE DEL VADO SPR DE RL","cultivo":null,"superficie_fisica_ha":24.5,"superficie_riego_ha":24.4,"hectareas":0},"geometry":{"type":"Polygon","coordinates":[[[-105.54263,28.115026],[-105.542467,28.115052],[-105.542364,28.114988],[-105.54216,28.114858],[-105.542057,28.114794],[-105.541954,28.114695],[-105.54186,28.114486],[-105.541806,28.114364],[-105.541666,28.114311],[-105.541501,28.114259],[-105.541048,28.114258],[-105.54047,28.114259],[-105.539816,28.114296],[-105.539579,28.114346],[-105.539454,28.114393],[-105.539282,28.114531],[-105.539099,28.114747],[-105.539028,28.114893],[-105.538881,28.11503],[-105.538756,28.115067],[-105.538705,28.115045],[-105.538689,28.115038],[-105.538881,28.114606],[-105.539256,28.113594],[-105.539469,28.113121],[-105.539672,28.112715],[-105.53967,28.112202],[-105.539642,28.111199],[-105.539631,28.110049],[-105.53966,28.110049],[-105.540742,28.110026],[-105.542516,28.110031],[-105.543208,28.110039],[-105.544063,28.110042],[-105.544705,28.11005],[-105.544773,28.113842],[-105.544784,28.11421],[-105.544724,28.114322],[-105.544624,28.114358],[-105.544423,28.114374],[-105.544008,28.114383],[-105.543619,28.114402],[-105.543457,28.114462],[-105.543322,28.114576],[-105.543184,28.114613],[-105.54311,28.114659],[-105.542998,28.114695],[-105.542874,28.114764],[-105.542764,28.11489],[-105.54263,28.115026]]]}},{"type":"Feature","properties":{"modulo":5,"idparcela":"2814","productor":"PORRAS ROMERO JOSE EDUARDO","cultivo":null,"superficie_fisica_ha":10.1,"superficie_riego_ha":10.05,"hectareas":0},"geometry":{"type":"Polygon","coordinates":[[[-105.538689,28.115038],[-105.53859,28.114992],[-105.538333,28.114808],[-105.538039,28.114614],[-105.537808,28.114463],[-105.537515,28.114324],[-105.537286,28.114319],[-105.537246,28.113259],[-105.53717,28.110081],[-105.53717,28.110082],[-105.537572,28.110062],[-105.538428,28.110054],[-105.539631,28.110049],[-105.539642,28.111199],[-105.53967,28.112202],[-105.539672,28.112715],[-105.539469,28.113121],[-105.539256,28.113594],[-105.538881,28.114606],[-105.538689,28.115038]]]}},{"type":"Feature","properties":{"modulo":5,"idparcela":"2825","productor":"PORRAS ROMERO JOSE EDUARDO","cultivo":null,"superficie_fisica_ha":14.55,"superficie_riego_ha":14.55,"hectareas":0},"geometry":{"type":"Polygon","coordinates":[[[-105.537286,28.114319],[-105.537263,28.114318],[-105.536748,28.114352],[-105.536383,28.114349],[-105.535968,28.114358],[-105.535754,28.114363],[-105.534761,28.114384],[-105.534764,28.11405],[-105.534738,28.112633],[-105.534758,28.111551],[-105.534734,28.110681],[-105.534716,28.110057],[-105.535181,28.110047],[-105.536012,28.110051],[-105.536351,28.110032],[-105.536767,28.110057],[-105.53717,28.110081],[-105.537246,28.113259],[-105.537286,28.114319]]]}},{"type":"Feature","properties":{"modulo":5,"idparcela":"2068","productor":"PORRAS MU¥IZ BERTHA ALICIA","cultivo":null,"superficie_fisica_ha":12.1,"superficie_riego_ha":11.4,"hectareas":0},"geometry":{"type":"Polygon","coordinates":[[[-105.529826,28.127795],[-105.529253,28.127797],[-105.529094,28.127766],[-105.528995,28.127703],[-105.528932,28.12765],[-105.528816,28.127508],[-105.528694,28.127338],[-105.528455,28.127009],[-105.528096,28.126574],[-105.527684,28.126067],[-105.526792,28.125],[-105.526491,28.124716],[-105.526212,28.124492],[-105.525906,28.124281],[-105.525649,28.124123],[-105.525218,28.123848],[-105.525155,28.123807],[-105.525126,28.123741],[-105.525138,28.123692],[-105.525183,28.123663],[-105.525302,28.123668],[-105.525633,28.123665],[-105.526546,28.123659],[-105.527352,28.123641],[-105.527841,28.123621],[-105.52931,28.123598],[-105.529758,28.123589],[-105.529791,28.123589],[-105.529826,28.127795]]]}},{"type":"Feature","properties":{"modulo":5,"idparcela":"2839","productor":"AGROPECUARIA SAN JOSE DEL VADO SPR DE RL","cultivo":null,"superficie_fisica_ha":23.7,"superficie_riego_ha":23.6,"hectareas":0},"geometry":{"type":"Polygon","coordinates":[[[-105.534404,28.127785],[-105.529826,28.127795],[-105.529791,28.123589],[-105.532483,28.123602],[-105.534023,28.123595],[-105.534247,28.123581],[-105.534452,28.123613],[-105.534579,28.123755],[-105.534653,28.123862],[-105.534677,28.123988],[-105.534651,28.127082],[-105.534652,28.127631],[-105.534636,28.127719],[-105.534536,28.127777],[-105.534404,28.127785]]]}},{"type":"Feature","properties":{"modulo":5,"idparcela":"2707","productor":"BURROLA DELGADO RAFAEL","cultivo":null,"superficie_fisica_ha":36.75,"superficie_riego_ha":35.24,"hectareas":0},"geometry":{"type":"Polygon","coordinates":[[[-105.53244,28.131354],[-105.532805,28.13161],[-105.533243,28.131935],[-105.533384,28.132047],[-105.533418,28.132179],[-105.533362,28.132312],[-105.533246,28.132434],[-105.533174,28.132515],[-105.533089,28.132702],[-105.532947,28.132943],[-105.5328,28.133039],[-105.532535,28.133151],[-105.532226,28.133303],[-105.53193,28.133415],[-105.531727,28.133618],[-105.531484,28.134007],[-105.53134,28.134195],[-105.531213,28.134449],[-105.53107,28.134677],[-105.530988,28.134944],[-105.53092,28.135196],[-105.530881,28.135396],[-105.530899,28.135501],[-105.530902,28.135607],[-105.530934,28.135699],[-105.530982,28.135804],[-105.530954,28.135884],[-105.530763,28.13598],[-105.530553,28.136062],[-105.53074,28.136408],[-105.530953,28.136902],[-105.531148,28.137581],[-105.528767,28.138281],[-105.528581,28.137637],[-105.528393,28.137248],[-105.528095,28.136607],[-105.528001,28.136451],[-105.527922,28.136294],[-105.527506,28.13584],[-105.527199,28.135516],[-105.526865,28.135298],[-105.526564,28.135225],[-105.526251,28.135232],[-105.525997,28.135238],[-105.525638,28.135193],[-105.525412,28.135118],[-105.525297,28.13504],[-105.525251,28.134989],[-105.525318,28.134962],[-105.525775,28.134753],[-105.526173,28.134573],[-105.526394,28.134475],[-105.526559,28.134498],[-105.526649,28.134536],[-105.526845,28.134598],[-105.526985,28.134653],[-105.527087,28.13468],[-105.527209,28.134671],[-105.527327,28.134637],[-105.52744,28.134589],[-105.527422,28.134309],[-105.527411,28.134003],[-105.527362,28.132787],[-105.527373,28.132126],[-105.527384,28.131424],[-105.527387,28.131014],[-105.527395,28.13075],[-105.527765,28.130636],[-105.528592,28.130353],[-105.529287,28.1301],[-105.529583,28.130014],[-105.529804,28.129917],[-105.529996,28.12986],[-105.530144,28.129803],[-105.530353,28.129812],[-105.530627,28.130018],[-105.531587,28.130711],[-105.532135,28.131109],[-105.53244,28.131354]]]}},{"type":"Feature","properties":{"modulo":5,"idparcela":"2706","productor":"SERNA RUIZ FIDEL","cultivo":null,"superficie_fisica_ha":12.45,"superficie_riego_ha":10.7,"hectareas":0},"geometry":{"type":"Polygon","coordinates":[[[-105.527216,28.134366],[-105.527208,28.134436],[-105.52719,28.134481],[-105.527145,28.134514],[-105.52708,28.134526],[-105.526998,28.134504],[-105.526793,28.134423],[-105.526504,28.134321],[-105.526405,28.134314],[-105.525897,28.134535],[-105.525527,28.13471],[-105.52504,28.134948],[-105.524899,28.135009],[-105.524807,28.135037],[-105.524738,28.135044],[-105.524708,28.135021],[-105.524685,28.13495],[-105.52467,28.134457],[-105.524656,28.133205],[-105.524652,28.132014],[-105.524629,28.131575],[-105.52465,28.131529],[-105.524704,28.131511],[-105.525246,28.131336],[-105.525598,28.131206],[-105.52593,28.131093],[-105.526304,28.130968],[-105.526683,28.130827],[-105.527024,28.130704],[-105.527105,28.1307],[-105.527165,28.130742],[-105.527199,28.130816],[-105.527208,28.131223],[-105.527216,28.134366]]]}},{"type":"Feature","properties":{"modulo":5,"idparcela":"2708","productor":"BURROLA FLORES CESAR","cultivo":null,"superficie_fisica_ha":22.15,"superficie_riego_ha":21.31,"hectareas":0},"geometry":{"type":"Polygon","coordinates":[[[-105.526527,28.125637],[-105.527285,28.126544],[-105.527685,28.127048],[-105.528125,28.127603],[-105.528562,28.128055],[-105.528843,28.128459],[-105.529022,28.128661],[-105.529538,28.129162],[-105.529695,28.129279],[-105.529794,28.129362],[-105.529739,28.129449],[-105.529586,28.12952],[-105.528497,28.129903],[-105.527294,28.130323],[-105.526415,28.13065],[-105.52567,28.130906],[-105.525288,28.131034],[-105.524944,28.131161],[-105.524789,28.131152],[-105.524705,28.131078],[-105.52469,28.130913],[-105.524693,28.128778],[-105.524724,28.127403],[-105.524682,28.125882],[-105.524663,28.125181],[-105.524631,28.12472],[-105.524602,28.124379],[-105.524657,28.124275],[-105.524714,28.124257],[-105.524909,28.124321],[-105.525263,28.124587],[-105.525576,28.124734],[-105.526109,28.125167],[-105.526527,28.125637]]]}},{"type":"Feature","properties":{"modulo":5,"idparcela":"2702","productor":"CUEVAS ACOSTA CARLOS","cultivo":null,"superficie_fisica_ha":17.9,"superficie_riego_ha":17.9,"hectareas":0},"geometry":{"type":"Polygon","coordinates":[[[-105.524284,28.131466],[-105.524264,28.131715],[-105.524238,28.131784],[-105.524196,28.131819],[-105.524141,28.131846],[-105.523949,28.131858],[-105.523624,28.131861],[-105.522845,28.131861],[-105.522298,28.131873],[-105.520031,28.131888],[-105.519909,28.131851],[-105.519869,28.131807],[-105.519872,28.131729],[-105.519953,28.131557],[-105.520158,28.13114],[-105.520412,28.130585],[-105.520753,28.129844],[-105.520785,28.129717],[-105.520793,28.129065],[-105.52081,28.127955],[-105.520811,28.127885],[-105.520833,28.127858],[-105.520889,28.127843],[-105.520998,28.127848],[-105.521322,28.127847],[-105.522476,28.127855],[-105.523644,28.127857],[-105.524148,28.127829],[-105.524276,28.12784],[-105.524379,28.127878],[-105.524411,28.127944],[-105.524421,28.128298],[-105.524433,28.129104],[-105.524445,28.129896],[-105.52445,28.130774],[-105.524454,28.131267],[-105.524427,28.131314],[-105.524348,28.131341],[-105.524304,28.131398],[-105.524284,28.131466]]]}},{"type":"Feature","properties":{"modulo":5,"idparcela":"0","productor":null,"cultivo":null,"superficie_fisica_ha":0,"superficie_riego_ha":0,"hectareas":0},"geometry":{"type":"Polygon","coordinates":[[[-105.546097,28.108484],[-105.546513,28.108644],[-105.546706,28.108731],[-105.547035,28.108919],[-105.547335,28.109134],[-105.54762,28.10935],[-105.547695,28.109426],[-105.547669,28.109531],[-105.547612,28.109597],[-105.547527,28.10969],[-105.547367,28.109759],[-105.547206,28.109775],[-105.547131,28.109738],[-105.546937,28.109638],[-105.546772,28.109511],[-105.546577,28.109372],[-105.546293,28.109183],[-105.546024,28.10902],[-105.545681,28.108819],[-105.545263,28.108594],[-105.545098,28.108467],[-105.54502,28.108312],[-105.544986,28.108157],[-105.545012,28.108013],[-105.545169,28.107866],[-105.545316,28.107863],[-105.54542,28.107887],[-105.545495,28.107976],[-105.545589,28.108157],[-105.54571,28.108297],[-105.545888,28.108345],[-105.546097,28.108484]]]}},{"type":"Feature","properties":{"modulo":5,"idparcela":"2803","productor":"MATA ORTIZ OLGA LUISA","cultivo":null,"superficie_fisica_ha":40.95,"superficie_riego_ha":30.45,"hectareas":0},"geometry":{"type":"Polygon","coordinates":[[[-105.544667,28.109883],[-105.542522,28.109878],[-105.542021,28.10988],[-105.541976,28.109873],[-105.541954,28.109841],[-105.541987,28.109796],[-105.542015,28.109757],[-105.542105,28.109666],[-105.542247,28.109506],[-105.542318,28.109401],[-105.542331,28.109348],[-105.54227,28.109258],[-105.542092,28.10898],[-105.54158,28.108218],[-105.540968,28.107333],[-105.54014,28.106114],[-105.53959,28.105344],[-105.539884,28.105351],[-105.540134,28.105358],[-105.540367,28.105301],[-105.540556,28.105219],[-105.5407,28.105098],[-105.541,28.105352],[-105.54124,28.105516],[-105.54154,28.105718],[-105.542168,28.106134],[-105.542856,28.106575],[-105.543112,28.106778],[-105.543395,28.106928],[-105.543888,28.107243],[-105.544321,28.107494],[-105.544906,28.107898],[-105.544835,28.108004],[-105.544794,28.108096],[-105.544728,28.108371],[-105.544733,28.10854],[-105.544743,28.108918],[-105.544769,28.109308],[-105.544777,28.109805],[-105.54476,28.109834],[-105.544743,28.109859],[-105.544718,28.109874],[-105.544667,28.109883]]]}},{"type":"Feature","properties":{"modulo":5,"idparcela":"2803","productor":"MATA ORTIZ OLGA LUISA","cultivo":null,"superficie_fisica_ha":40.95,"superficie_riego_ha":30.45,"hectareas":0},"geometry":{"type":"Polygon","coordinates":[[[-105.541704,28.109868],[-105.534728,28.109888],[-105.53474,28.109242],[-105.5347,28.10818],[-105.534724,28.107233],[-105.53469,28.106021],[-105.534688,28.10566],[-105.534702,28.105598],[-105.534734,28.10555],[-105.534782,28.105524],[-105.534849,28.1055],[-105.535729,28.105442],[-105.538347,28.105454],[-105.538558,28.105485],[-105.53867,28.105571],[-105.538766,28.10579],[-105.5388,28.105931],[-105.538962,28.106007],[-105.539082,28.106014],[-105.5393,28.105965],[-105.539676,28.105841],[-105.539796,28.105856],[-105.539962,28.106083],[-105.540307,28.106633],[-105.540639,28.107095],[-105.541148,28.107818],[-105.541554,28.108429],[-105.541825,28.10883],[-105.541966,28.109053],[-105.542118,28.109301],[-105.542153,28.109384],[-105.542119,28.109464],[-105.542016,28.109587],[-105.5419,28.109731],[-105.541836,28.109813],[-105.541784,28.109857],[-105.541704,28.109868]]]}},{"type":"Feature","properties":{"modulo":5,"idparcela":"2804","productor":"PORRAS GARCIA ABELARDO","cultivo":null,"superficie_fisica_ha":18.25,"superficie_riego_ha":12.72,"hectareas":0},"geometry":{"type":"Polygon","coordinates":[[[-105.534959,28.101003],[-105.537565,28.100989],[-105.537814,28.10101],[-105.537936,28.101113],[-105.53804,28.101295],[-105.538166,28.101522],[-105.53825,28.101344],[-105.538316,28.10121],[-105.538432,28.101084],[-105.53857,28.101037],[-105.538739,28.101051],[-105.53884,28.101119],[-105.538943,28.101258],[-105.539068,28.101467],[-105.539615,28.103604],[-105.539793,28.103944],[-105.540001,28.104265],[-105.540298,28.104602],[-105.540614,28.104895],[-105.540623,28.10497],[-105.540581,28.105049],[-105.540407,28.105144],[-105.540115,28.105202],[-105.539807,28.105235],[-105.539572,28.105227],[-105.539366,28.105219],[-105.539117,28.105224],[-105.53869,28.105221],[-105.538514,28.105211],[-105.53781,28.105266],[-105.534797,28.105246],[-105.534753,28.105245],[-105.534732,28.105236],[-105.534719,28.105218],[-105.534711,28.105189],[-105.534712,28.105004],[-105.534721,28.104442],[-105.534726,28.103718],[-105.534721,28.103033],[-105.5347,28.1017],[-105.534716,28.101243],[-105.534711,28.101048],[-105.534754,28.101021],[-105.534959,28.101003]]]}},{"type":"Feature","properties":{"modulo":5,"idparcela":"2805","productor":"PORRAS GARCIA ABELARDO","cultivo":null,"superficie_fisica_ha":21.4,"superficie_riego_ha":21.4,"hectareas":0},"geometry":{"type":"Polygon","coordinates":[[[-105.529625,28.10517],[-105.529652,28.103302],[-105.529651,28.102137],[-105.529669,28.102071],[-105.529731,28.102039],[-105.529846,28.102046],[-105.529967,28.102054],[-105.530133,28.102035],[-105.53023,28.102033],[-105.530378,28.101974],[-105.530587,28.101867],[-105.530752,28.101782],[-105.531023,28.101624],[-105.531363,28.101464],[-105.531719,28.101272],[-105.532042,28.101113],[-105.532201,28.101063],[-105.532402,28.101039],[-105.532797,28.101025],[-105.533676,28.101041],[-105.534239,28.101044],[-105.534429,28.101045],[-105.534492,28.101059],[-105.534537,28.101104],[-105.534572,28.104084],[-105.53457,28.105088],[-105.534542,28.105177],[-105.534473,28.105196],[-105.534057,28.105214],[-105.529706,28.105248],[-105.529646,28.105231],[-105.529625,28.10517]]]}},{"type":"Feature","properties":{"modulo":5,"idparcela":"2802","productor":"PORRAS GARCIA ABELARDO","cultivo":null,"superficie_fisica_ha":18.3,"superficie_riego_ha":17.95,"hectareas":0},"geometry":{"type":"Polygon","coordinates":[[[-105.529428,28.105245],[-105.524879,28.105282],[-105.52465,28.10527],[-105.52461,28.105227],[-105.524621,28.104936],[-105.524625,28.104363],[-105.524631,28.103834],[-105.524655,28.103658],[-105.52461,28.103104],[-105.524598,28.10232],[-105.524591,28.102076],[-105.524664,28.101998],[-105.524768,28.101999],[-105.524898,28.102005],[-105.524996,28.10195],[-105.525091,28.101864],[-105.525189,28.101763],[-105.525307,28.101714],[-105.52601,28.101801],[-105.526692,28.101869],[-105.52721,28.101911],[-105.527788,28.101986],[-105.528146,28.101987],[-105.528801,28.10199],[-105.529377,28.101969],[-105.529485,28.10197],[-105.529541,28.102014],[-105.529549,28.102071],[-105.529515,28.105137],[-105.529516,28.105199],[-105.529428,28.105245]]]}},{"type":"Feature","properties":{"modulo":5,"idparcela":"2801","productor":"PAYAN HERMANOS SPR DE RL","cultivo":null,"superficie_fisica_ha":42.55,"superficie_riego_ha":42.55,"hectareas":0},"geometry":{"type":"Polygon","coordinates":[[[-105.528783,28.09518],[-105.529226,28.095326],[-105.529641,28.095494],[-105.529915,28.09561],[-105.530063,28.095678],[-105.530272,28.095784],[-105.530431,28.095848],[-105.530565,28.0959],[-105.53059,28.095938],[-105.530587,28.095983],[-105.530535,28.096096],[-105.530505,28.096117],[-105.530448,28.096118],[-105.530171,28.09601],[-105.53004,28.096277],[-105.530063,28.0964],[-105.530195,28.096461],[-105.53023,28.096515],[-105.530228,28.096607],[-105.530173,28.096785],[-105.5302,28.097048],[-105.530209,28.097382],[-105.530077,28.098336],[-105.530061,28.099181],[-105.529887,28.101508],[-105.529868,28.101544],[-105.529814,28.101739],[-105.529677,28.101812],[-105.529361,28.101836],[-105.528864,28.101812],[-105.528407,28.101804],[-105.527911,28.101815],[-105.527374,28.101774],[-105.526935,28.101713],[-105.526418,28.101659],[-105.525921,28.101592],[-105.525559,28.10153],[-105.525227,28.101471],[-105.524882,28.101406],[-105.524718,28.101338],[-105.524636,28.101226],[-105.524611,28.101098],[-105.524636,28.095392],[-105.524655,28.09393],[-105.524649,28.093719],[-105.52472,28.093418],[-105.524873,28.093186],[-105.524949,28.093061],[-105.525453,28.09335],[-105.526591,28.093983],[-105.527073,28.094252],[-105.527489,28.094485],[-105.528235,28.094908],[-105.528783,28.09518]]]}},{"type":"Feature","properties":{"modulo":5,"idparcela":"2800","productor":"PAYAN HERMANOS SPR DE RL","cultivo":null,"superficie_fisica_ha":20.7,"superficie_riego_ha":20.7,"hectareas":0},"geometry":{"type":"Polygon","coordinates":[[[-105.534048,28.100832],[-105.534644,28.096532],[-105.534648,28.09653],[-105.534854,28.09637],[-105.53506,28.096226],[-105.535398,28.095736],[-105.535462,28.095517],[-105.535666,28.095294],[-105.535839,28.095197],[-105.536099,28.095067],[-105.536481,28.094934],[-105.536902,28.094925],[-105.537203,28.095027],[-105.537437,28.095224],[-105.537638,28.0955],[-105.537787,28.095839],[-105.537927,28.096428],[-105.538107,28.097249],[-105.538226,28.097728],[-105.538487,28.09889],[-105.538627,28.09951],[-105.53883,28.100271],[-105.53888,28.100465],[-105.538876,28.100555],[-105.538823,28.100627],[-105.538727,28.100675],[-105.538607,28.100702],[-105.538465,28.100699],[-105.538237,28.100701],[-105.538159,28.100749],[-105.538038,28.10077],[-105.537935,28.100796],[-105.53706,28.100803],[-105.534048,28.100832]]]}},{"type":"Feature","properties":{"modulo":5,"idparcela":"2834","productor":"AGROPECUARIA SAN JOSE DEL VADO SPR DE RL","cultivo":null,"superficie_fisica_ha":33.05,"superficie_riego_ha":33.05,"hectareas":0},"geometry":{"type":"Polygon","coordinates":[[[-105.524361,28.118013],[-105.524312,28.123141],[-105.524277,28.123244],[-105.524143,28.123264],[-105.523929,28.12315],[-105.523676,28.122985],[-105.523189,28.122707],[-105.522391,28.122232],[-105.521612,28.121774],[-105.520784,28.121291],[-105.520716,28.11508],[-105.521002,28.114946],[-105.521511,28.114663],[-105.521891,28.114536],[-105.523366,28.114572],[-105.523624,28.114906],[-105.523574,28.115178],[-105.523695,28.115396],[-105.523927,28.115476],[-105.524252,28.115452],[-105.524369,28.115535],[-105.524384,28.116078],[-105.524361,28.118013]]]}},{"type":"Feature","properties":{"modulo":5,"idparcela":"2835","productor":"BERJES ORTIZ JUAN CARLOS","cultivo":null,"superficie_fisica_ha":19,"superficie_riego_ha":19,"hectareas":0},"geometry":{"type":"Polygon","coordinates":[[[-105.520784,28.121291],[-105.520406,28.12107],[-105.519352,28.120363],[-105.518769,28.120053],[-105.51799,28.119578],[-105.517561,28.119282],[-105.517403,28.119116],[-105.517299,28.118812],[-105.517191,28.118373],[-105.51699,28.117342],[-105.516593,28.115449],[-105.516427,28.114561],[-105.517043,28.114544],[-105.517965,28.11452],[-105.518787,28.114485],[-105.519056,28.114513],[-105.519206,28.114586],[-105.519331,28.114678],[-105.519509,28.114837],[-105.519781,28.115085],[-105.519923,28.115166],[-105.520148,28.115219],[-105.520472,28.115178],[-105.520716,28.11508],[-105.520784,28.121291]]]}},{"type":"Feature","properties":{"modulo":5,"idparcela":"2697","productor":"SOTELO VALDEZ HECTOR MANUEL","cultivo":null,"superficie_fisica_ha":38.8578,"superficie_riego_ha":36.55,"hectareas":0},"geometry":{"type":"Polygon","coordinates":[[[-105.52313,28.123484],[-105.522981,28.123424],[-105.522621,28.123416],[-105.519858,28.123425],[-105.516201,28.12342],[-105.513308,28.123381],[-105.512025,28.123392],[-105.511642,28.123366],[-105.51141,28.123286],[-105.511312,28.123203],[-105.511309,28.123085],[-105.511343,28.122931],[-105.511391,28.122607],[-105.511532,28.122163],[-105.511726,28.121565],[-105.511923,28.121068],[-105.51233,28.120567],[-105.512666,28.120254],[-105.513037,28.119805],[-105.513051,28.119601],[-105.51316,28.119394],[-105.51325,28.119206],[-105.513418,28.119049],[-105.513743,28.119008],[-105.51426,28.119031],[-105.516578,28.119049],[-105.516868,28.119178],[-105.517711,28.119856],[-105.518412,28.120282],[-105.519619,28.12102],[-105.520828,28.121791],[-105.522057,28.12263],[-105.523206,28.123301],[-105.523945,28.123726],[-105.52442,28.124016],[-105.52449,28.124066],[-105.52449,28.124107],[-105.524458,28.124227],[-105.524419,28.12426],[-105.524355,28.124244],[-105.524018,28.124044],[-105.523802,28.123903],[-105.523387,28.12362],[-105.52313,28.123484]]]}},{"type":"Feature","properties":{"modulo":5,"idparcela":"2728","productor":"JIMENEZ RIOS LUIS ARTURO","cultivo":null,"superficie_fisica_ha":30.7,"superficie_riego_ha":30.7,"hectareas":0},"geometry":{"type":"Polygon","coordinates":[[[-105.513354,28.118134],[-105.513202,28.118687],[-105.513103,28.119072],[-105.513049,28.119288],[-105.512963,28.11945],[-105.512902,28.119554],[-105.512869,28.119748],[-105.512693,28.1199],[-105.512483,28.120213],[-105.512282,28.120376],[-105.512181,28.12047],[-105.512057,28.120632],[-105.511883,28.12083],[-105.511784,28.120969],[-105.511657,28.12104],[-105.51158,28.121041],[-105.511465,28.121078],[-105.511428,28.121125],[-105.511278,28.121287],[-105.511193,28.121472],[-105.511109,28.121679],[-105.511051,28.121896],[-105.510994,28.122171],[-105.510913,28.122492],[-105.510846,28.12287],[-105.510804,28.12319],[-105.510781,28.123316],[-105.510756,28.123339],[-105.510694,28.123354],[-105.510603,28.123359],[-105.510346,28.123371],[-105.510037,28.123355],[-105.509471,28.123372],[-105.50908,28.123378],[-105.508768,28.123374],[-105.508656,28.12335],[-105.508552,28.123323],[-105.508505,28.123259],[-105.508516,28.123128],[-105.508517,28.123043],[-105.508509,28.122889],[-105.508484,28.122695],[-105.508463,28.122574],[-105.508417,28.122432],[-105.50831,28.122286],[-105.508218,28.12222],[-105.508112,28.122108],[-105.507662,28.121628],[-105.507451,28.121439],[-105.507201,28.121216],[-105.50704,28.121003],[-105.506945,28.120823],[-105.506861,28.120551],[-105.506842,28.120346],[-105.506745,28.120098],[-105.506597,28.119839],[-105.506579,28.119778],[-105.506537,28.119639],[-105.506542,28.119504],[-105.506557,28.119444],[-105.50662,28.119428],[-105.506847,28.119434],[-105.507048,28.119419],[-105.507089,28.119385],[-105.507118,28.119212],[-105.507149,28.118947],[-105.507177,28.118481],[-105.507183,28.118253],[-105.507129,28.118163],[-105.507045,28.118081],[-105.506946,28.118001],[-105.506917,28.117923],[-105.506912,28.117845],[-105.506938,28.117745],[-105.507025,28.117664],[-105.507295,28.117646],[-105.508092,28.11764],[-105.509609,28.117653],[-105.512887,28.117639],[-105.513499,28.117634],[-105.513354,28.118134]]]}},{"type":"Feature","properties":{"modulo":5,"idparcela":"2066","productor":"FLORES LICON CESAR OCTAVIO","cultivo":null,"superficie_fisica_ha":11.6,"superficie_riego_ha":11.6,"hectareas":0},"geometry":{"type":"Polygon","coordinates":[[[-105.510811,28.109328],[-105.510744,28.10561],[-105.513934,28.105631],[-105.514119,28.105655],[-105.514203,28.105744],[-105.514257,28.10992],[-105.513919,28.109919],[-105.513305,28.109923],[-105.51225,28.109937],[-105.511769,28.109947],[-105.511549,28.109779],[-105.511091,28.109508],[-105.510811,28.109328]]]}},{"type":"Feature","properties":{"modulo":5,"idparcela":"2811","productor":"FLORES LICON CESAR OCTAVIO","cultivo":null,"superficie_fisica_ha":10.2,"superficie_riego_ha":10.2,"hectareas":0},"geometry":{"type":"Polygon","coordinates":[[[-105.50927,28.101046],[-105.514218,28.101075],[-105.514256,28.103953],[-105.51427,28.104816],[-105.51419,28.104881],[-105.514026,28.104894],[-105.513894,28.104924],[-105.513825,28.105043],[-105.513808,28.105144],[-105.513803,28.105335],[-105.510208,28.105349],[-105.509907,28.105346],[-105.509584,28.105344],[-105.509459,28.105329],[-105.509345,28.105249],[-105.509336,28.10513],[-105.509316,28.104578],[-105.50927,28.101046]]]}},{"type":"Feature","properties":{"modulo":5,"idparcela":"2809","productor":"AGROPECUARIA SAN JOSE DEL VADO SPR DE RL","cultivo":null,"superficie_fisica_ha":23.4,"superficie_riego_ha":22.95,"hectareas":0},"geometry":{"type":"Polygon","coordinates":[[[-105.534571,28.109875],[-105.5316,28.109866],[-105.531359,28.109844],[-105.53115,28.109811],[-105.530961,28.10976],[-105.530521,28.109686],[-105.530227,28.109619],[-105.529944,28.10956],[-105.529632,28.109577],[-105.529415,28.109637],[-105.529253,28.109674],[-105.529245,28.105544],[-105.532593,28.105492],[-105.533886,28.105491],[-105.534209,28.105503],[-105.534398,28.105535],[-105.534504,28.105607],[-105.534549,28.105745],[-105.534571,28.109875]]]}},{"type":"Feature","properties":{"modulo":5,"idparcela":"2810","productor":"AGROPECUARIA SAN JOSE DEL VADO SPR DE RL","cultivo":null,"superficie_fisica_ha":25.3,"superficie_riego_ha":25.3,"hectareas":0},"geometry":{"type":"Polygon","coordinates":[[[-105.529253,28.109674],[-105.529146,28.109698],[-105.5287,28.109782],[-105.528046,28.109888],[-105.527436,28.110059],[-105.526908,28.110209],[-105.526454,28.110348],[-105.526154,28.110429],[-105.525884,28.110462],[-105.525467,28.110481],[-105.525009,28.110491],[-105.524758,28.11045],[-105.524694,28.110396],[-105.52466,28.110304],[-105.524652,28.110009],[-105.524672,28.109629],[-105.524626,28.109076],[-105.524618,28.107662],[-105.524622,28.106322],[-105.524604,28.105666],[-105.524644,28.1056],[-105.524737,28.10558],[-105.524862,28.105568],[-105.525061,28.105591],[-105.525197,28.105616],[-105.525356,28.105705],[-105.525453,28.105842],[-105.525549,28.105913],[-105.525602,28.10594],[-105.525685,28.105938],[-105.525758,28.105927],[-105.52584,28.10587],[-105.52591,28.105795],[-105.52596,28.105692],[-105.526102,28.105569],[-105.526581,28.105558],[-105.527436,28.105558],[-105.528134,28.105561],[-105.529245,28.105544],[-105.529253,28.109674]]]}},{"type":"Feature","properties":{"modulo":5,"idparcela":"2793","productor":"CHACON PAZ BERTHA","cultivo":null,"superficie_fisica_ha":26.5,"superficie_riego_ha":26.2,"hectareas":0},"geometry":{"type":"Polygon","coordinates":[[[-105.514191,28.097101],[-105.514203,28.097526],[-105.514174,28.100838],[-105.514055,28.100867],[-105.509527,28.100872],[-105.509063,28.100895],[-105.508854,28.100913],[-105.508726,28.099001],[-105.50863,28.098232],[-105.508569,28.096572],[-105.510622,28.096527],[-105.512841,28.096519],[-105.513725,28.096513],[-105.51385,28.096683],[-105.513898,28.096788],[-105.514004,28.096853],[-105.514141,28.096916],[-105.514191,28.097101]]]}},{"type":"Feature","properties":{"modulo":5,"idparcela":"2796","productor":"GARCIA VITOLAS ARTURO","cultivo":null,"superficie_fisica_ha":25.75,"superficie_riego_ha":25.75,"hectareas":0},"geometry":{"type":"Polygon","coordinates":[[[-105.5042,28.101785],[-105.504169,28.097957],[-105.504259,28.097942],[-105.504353,28.097903],[-105.504418,28.09783],[-105.504431,28.097672],[-105.504531,28.097484],[-105.504673,28.097346],[-105.504838,28.097167],[-105.504953,28.097009],[-105.505108,28.096753],[-105.505166,28.096606],[-105.505255,28.096551],[-105.5059,28.096563],[-105.507854,28.096561],[-105.508415,28.096553],[-105.508771,28.101713],[-105.508773,28.101806],[-105.50867,28.101848],[-105.5042,28.101785]]]}},{"type":"Feature","properties":{"modulo":5,"idparcela":"2828","productor":"AGROPECUARIA SAN JOSE DEL VADO SPR DE RL","cultivo":null,"superficie_fisica_ha":25.4,"superficie_riego_ha":25.05,"hectareas":0},"geometry":{"type":"Polygon","coordinates":[[[-105.524416,28.114389],[-105.522023,28.114398],[-105.521735,28.114394],[-105.521614,28.114322],[-105.521545,28.1101],[-105.522633,28.110096],[-105.522881,28.11012],[-105.523051,28.110178],[-105.523393,28.110309],[-105.523408,28.111672],[-105.524377,28.111673],[-105.524416,28.114389]]]}},{"type":"Feature","properties":{"modulo":5,"idparcela":"2828","productor":"AGROPECUARIA SAN JOSE DEL VADO SPR DE RL","cultivo":null,"superficie_fisica_ha":25.4,"superficie_riego_ha":25.05,"hectareas":0},"geometry":{"type":"Polygon","coordinates":[[[-105.521482,28.114325],[-105.521376,28.114402],[-105.520941,28.114655],[-105.520525,28.114862],[-105.520305,28.114942],[-105.520104,28.114937],[-105.519918,28.11488],[-105.519741,28.114734],[-105.519609,28.114629],[-105.519438,28.114477],[-105.519354,28.110094],[-105.521437,28.110092],[-105.521482,28.114325]]]}},{"type":"Feature","properties":{"modulo":5,"idparcela":"2829","productor":"AGROPECUARIA SAN JOSE DEL VADO SPR DE RL","cultivo":null,"superficie_fisica_ha":19.95,"superficie_riego_ha":19.8,"hectareas":0},"geometry":{"type":"Polygon","coordinates":[[[-105.519438,28.114477],[-105.519306,28.114405],[-105.51918,28.114356],[-105.519045,28.114331],[-105.518882,28.114317],[-105.518565,28.114331],[-105.517654,28.114354],[-105.51697,28.11436],[-105.516613,28.11436],[-105.516455,28.11435],[-105.516373,28.114278],[-105.51635,28.114183],[-105.51631,28.113948],[-105.516243,28.11359],[-105.516179,28.113264],[-105.516106,28.113009],[-105.515996,28.112765],[-105.515905,28.112646],[-105.515705,28.112437],[-105.51536,28.112103],[-105.515119,28.111916],[-105.514933,28.111774],[-105.514604,28.111569],[-105.514136,28.111274],[-105.513609,28.110973],[-105.51328,28.110768],[-105.512769,28.110471],[-105.512392,28.110246],[-105.512246,28.110164],[-105.512213,28.110138],[-105.512194,28.110123],[-105.512197,28.1101],[-105.512214,28.110095],[-105.51228,28.110094],[-105.512365,28.110097],[-105.512615,28.110092],[-105.519354,28.110094],[-105.519438,28.114477]]]}},{"type":"Feature","properties":{"modulo":5,"idparcela":"2806","productor":"AGROPECUARIA SAN JOSE DEL VADO SPR DE RL","cultivo":null,"superficie_fisica_ha":22.6,"superficie_riego_ha":21.85,"hectareas":0},"geometry":{"type":"Polygon","coordinates":[[[-105.519327,28.101027],[-105.519619,28.101028],[-105.520452,28.10101],[-105.521081,28.100996],[-105.521826,28.10098],[-105.522794,28.100976],[-105.523027,28.100997],[-105.523263,28.10112],[-105.523469,28.101245],[-105.523666,28.101361],[-105.523921,28.101475],[-105.524021,28.10149],[-105.524136,28.101496],[-105.524236,28.101517],[-105.524309,28.101565],[-105.524322,28.10163],[-105.524338,28.101835],[-105.52437,28.104737],[-105.524376,28.104943],[-105.524359,28.105055],[-105.524246,28.105169],[-105.524152,28.105265],[-105.519382,28.105289],[-105.519327,28.101027]]]}},{"type":"Feature","properties":{"modulo":5,"idparcela":"2807","productor":"MORALES HERNANDEZ JUAN","cultivo":null,"superficie_fisica_ha":23.2,"superficie_riego_ha":22.9,"hectareas":0},"geometry":{"type":"Polygon","coordinates":[[[-105.514393,28.105314],[-105.514332,28.101366],[-105.514324,28.101066],[-105.51474,28.101057],[-105.515659,28.101037],[-105.516588,28.101017],[-105.519327,28.101027],[-105.519382,28.105289],[-105.514393,28.105314]]]}},{"type":"Feature","properties":{"modulo":5,"idparcela":"2069","productor":"ANTILLON DOMINGUEZ BERNARDO","cultivo":null,"superficie_fisica_ha":24.05,"superficie_riego_ha":24.05,"hectareas":0},"geometry":{"type":"Polygon","coordinates":[[[-105.519614,28.105556],[-105.51963,28.109933],[-105.514397,28.109925],[-105.514355,28.105563],[-105.514794,28.105554],[-105.517373,28.105568],[-105.517924,28.105556],[-105.518042,28.105587],[-105.518107,28.105641],[-105.518177,28.10572],[-105.518269,28.105808],[-105.51844,28.105874],[-105.518609,28.10588],[-105.518799,28.105826],[-105.518859,28.105757],[-105.518884,28.10571],[-105.518924,28.105628],[-105.51896,28.105553],[-105.519614,28.105556]]]}},{"type":"Feature","properties":{"modulo":5,"idparcela":"2865","productor":"CORONADO ACOSTA JOSE","cultivo":null,"superficie_fisica_ha":11.25,"superficie_riego_ha":11.2,"hectareas":0},"geometry":{"type":"Polygon","coordinates":[[[-105.57789,28.137518],[-105.57675,28.137107],[-105.576587,28.129469],[-105.576596,28.129467],[-105.576664,28.129149],[-105.576788,28.129073],[-105.577211,28.128865],[-105.577745,28.128602],[-105.577897,28.128665],[-105.577988,28.128789],[-105.57817,28.129023],[-105.578192,28.129081],[-105.578075,28.129164],[-105.577938,28.129218],[-105.577824,28.129281],[-105.577751,28.129349],[-105.577742,28.129439],[-105.57789,28.137518]]]}},{"type":"Feature","properties":{"modulo":5,"idparcela":"2867","productor":"CORRALES MARTINEZ JULIO ARMANDO","cultivo":null,"superficie_fisica_ha":10.3,"superficie_riego_ha":10.2,"hectareas":0},"geometry":{"type":"Polygon","coordinates":[[[-105.57675,28.137107],[-105.575827,28.136774],[-105.575407,28.136619],[-105.575359,28.136559],[-105.575326,28.136211],[-105.575346,28.135289],[-105.575319,28.134328],[-105.575302,28.131256],[-105.575331,28.130641],[-105.575307,28.129802],[-105.575449,28.129668],[-105.575715,28.12954],[-105.576018,28.129412],[-105.576252,28.129518],[-105.5764,28.129501],[-105.576587,28.129469],[-105.57675,28.137107]]]}},{"type":"Feature","properties":{"modulo":5,"idparcela":"2866","productor":"DE SANTIAGO VALDEZ TOMAS","cultivo":null,"superficie_fisica_ha":12.65,"superficie_riego_ha":11.45,"hectareas":0},"geometry":{"type":"Polygon","coordinates":[[[-105.579187,28.138019],[-105.578371,28.137721],[-105.577984,28.137577],[-105.577816,28.129521],[-105.577832,28.129421],[-105.57789,28.129372],[-105.57797,28.129327],[-105.578098,28.129278],[-105.578239,28.12919],[-105.578365,28.129107],[-105.578467,28.129027],[-105.578563,28.128947],[-105.578631,28.129008],[-105.578746,28.129176],[-105.578941,28.129488],[-105.579057,28.129724],[-105.57919,28.130023],[-105.579187,28.138019]]]}},{"type":"Feature","properties":{"modulo":5,"idparcela":"2868","productor":"RENTERIA ORTEGA GILBERTO","cultivo":null,"superficie_fisica_ha":11.3,"superficie_riego_ha":10.2,"hectareas":0},"geometry":{"type":"Polygon","coordinates":[[[-105.580531,28.138504],[-105.580379,28.138455],[-105.579187,28.138019],[-105.57919,28.130023],[-105.579198,28.130042],[-105.579237,28.130251],[-105.579326,28.130307],[-105.579525,28.130341],[-105.579734,28.130356],[-105.5798,28.13035],[-105.579799,28.13015],[-105.57983,28.130057],[-105.579912,28.130036],[-105.58017,28.130227],[-105.580443,28.130457],[-105.580531,28.138504]]]}},{"type":"Feature","properties":{"modulo":5,"idparcela":"2882","productor":"MARQUEZ CORRALES SILVERIO","cultivo":null,"superficie_fisica_ha":12.6,"superficie_riego_ha":12.6,"hectareas":0},"geometry":{"type":"Polygon","coordinates":[[[-105.582014,28.138985],[-105.580531,28.138504],[-105.580443,28.130457],[-105.580643,28.130626],[-105.582007,28.131648],[-105.582014,28.138985]]]}},{"type":"Feature","properties":{"modulo":5,"idparcela":"2880","productor":"VILLA RIVERA GUSTAVO","cultivo":null,"superficie_fisica_ha":12.45,"superficie_riego_ha":11.4,"hectareas":0},"geometry":{"type":"Polygon","coordinates":[[[-105.585372,28.140207],[-105.583337,28.139437],[-105.58333,28.13259],[-105.584301,28.133371],[-105.585079,28.133927],[-105.585292,28.134107],[-105.585372,28.140207]]]}},{"type":"Feature","properties":{"modulo":5,"idparcela":"2881","productor":"SOTO RODRIGUEZ MARIA ISELA","cultivo":null,"superficie_fisica_ha":11.65,"superficie_riego_ha":11.65,"hectareas":0},"geometry":{"type":"Polygon","coordinates":[[[-105.583337,28.139437],[-105.58292,28.139279],[-105.582014,28.138985],[-105.582007,28.131648],[-105.582342,28.131899],[-105.583261,28.132534],[-105.58333,28.13259],[-105.583337,28.139437]]]}},{"type":"Feature","properties":{"modulo":5,"idparcela":"2872","productor":"AGRICOLA LOS PINABETES SPR DE RL DE CV.","cultivo":null,"superficie_fisica_ha":25.05,"superficie_riego_ha":25,"hectareas":0},"geometry":{"type":"Polygon","coordinates":[[[-105.574935,28.144878],[-105.572627,28.144331],[-105.57288,28.136895],[-105.573087,28.136893],[-105.575244,28.136828],[-105.575265,28.136982],[-105.575278,28.137196],[-105.575286,28.137373],[-105.57529,28.137775],[-105.575316,28.144836],[-105.575242,28.144922],[-105.575128,28.144924],[-105.574935,28.144878]]]}},{"type":"Feature","properties":{"modulo":5,"idparcela":"2873","productor":"PORRAS GARCIA ABELARDO","cultivo":null,"superficie_fisica_ha":15,"superficie_riego_ha":15,"hectareas":0},"geometry":{"type":"Polygon","coordinates":[[[-105.572627,28.144331],[-105.570358,28.143794],[-105.570332,28.143523],[-105.570325,28.143269],[-105.570372,28.142913],[-105.570306,28.137174],[-105.570497,28.137153],[-105.57063,28.13715],[-105.570764,28.137147],[-105.570914,28.137059],[-105.571026,28.136972],[-105.571044,28.136904],[-105.571693,28.136906],[-105.57288,28.136895],[-105.572627,28.144331]]]}},{"type":"Feature","properties":{"modulo":5,"idparcela":"2875","productor":"PORRAS GARCIA ABELARDO","cultivo":null,"superficie_fisica_ha":33.7,"superficie_riego_ha":33.65,"hectareas":0},"geometry":{"type":"Polygon","coordinates":[[[-105.565361,28.142702],[-105.565295,28.136929],[-105.565809,28.136884],[-105.567606,28.136929],[-105.569386,28.13687],[-105.569439,28.136988],[-105.569469,28.13708],[-105.569543,28.137113],[-105.569653,28.137141],[-105.569765,28.137137],[-105.569873,28.137154],[-105.569968,28.13722],[-105.570072,28.137328],[-105.570141,28.137443],[-105.570175,28.137572],[-105.57018,28.142866],[-105.570147,28.143748],[-105.567628,28.14316],[-105.566821,28.142991],[-105.566648,28.142944],[-105.565957,28.142841],[-105.565361,28.142702]]]}},{"type":"Feature","properties":{"modulo":5,"idparcela":"2874","productor":"MARQUEZ CORRALES SILVERIO","cultivo":null,"superficie_fisica_ha":28.35,"superficie_riego_ha":28.1,"hectareas":0},"geometry":{"type":"Polygon","coordinates":[[[-105.564982,28.142671],[-105.560524,28.14183],[-105.560279,28.141771],[-105.560232,28.141734],[-105.560217,28.141637],[-105.560201,28.141445],[-105.56021,28.141218],[-105.560234,28.139454],[-105.564449,28.139829],[-105.564458,28.139723],[-105.564368,28.139709],[-105.563895,28.139672],[-105.560232,28.139336],[-105.5602,28.136927],[-105.560796,28.136918],[-105.563529,28.136911],[-105.564251,28.136935],[-105.564338,28.137023],[-105.5644,28.137067],[-105.564456,28.137082],[-105.564674,28.137081],[-105.56463,28.137173],[-105.564568,28.137294],[-105.56451,28.137373],[-105.564439,28.137499],[-105.564382,28.137615],[-105.56437,28.137677],[-105.564408,28.137718],[-105.564506,28.137728],[-105.564637,28.137733],[-105.564916,28.137752],[-105.565171,28.137746],[-105.565232,28.142466],[-105.565219,28.142559],[-105.565146,28.142627],[-105.564982,28.142671]]]}},{"type":"Feature","properties":{"modulo":5,"idparcela":"2876","productor":"OCHOA N BERTHA","cultivo":null,"superficie_fisica_ha":20.5,"superficie_riego_ha":20.4,"hectareas":0},"geometry":{"type":"Polygon","coordinates":[[[-105.55759,28.137284],[-105.55805,28.137115],[-105.558435,28.136928],[-105.558593,28.136906],[-105.55891,28.136909],[-105.559259,28.13692],[-105.559491,28.136915],[-105.559617,28.136884],[-105.559779,28.137002],[-105.559834,28.137066],[-105.559836,28.13715],[-105.559946,28.137298],[-105.560065,28.137389],[-105.560101,28.137547],[-105.560119,28.139326],[-105.560102,28.141724],[-105.560029,28.141772],[-105.559531,28.141718],[-105.558105,28.141438],[-105.557017,28.14126],[-105.556707,28.141209],[-105.55657,28.14124],[-105.55634,28.141329],[-105.556103,28.141435],[-105.555599,28.141733],[-105.555465,28.141805],[-105.555404,28.141801],[-105.555367,28.141738],[-105.555334,28.139731],[-105.555326,28.138308],[-105.55759,28.137284]]]}},{"type":"Feature","properties":{"modulo":5,"idparcela":"3076","productor":"RODRIGUEZ MARQUEZ MANUEL","cultivo":null,"superficie_fisica_ha":3.559,"superficie_riego_ha":3.559,"hectareas":0},"geometry":{"type":"Polygon","coordinates":[[[-105.574774,28.145282],[-105.573765,28.145084],[-105.5724,28.144823],[-105.570184,28.144333],[-105.570122,28.144318],[-105.570096,28.144262],[-105.570251,28.143961],[-105.570304,28.14392],[-105.570609,28.143978],[-105.572078,28.144338],[-105.574602,28.144921],[-105.575004,28.145003],[-105.575211,28.145052],[-105.575273,28.145083],[-105.575265,28.145239],[-105.575249,28.145314],[-105.575153,28.145338],[-105.575013,28.145314],[-105.574769,28.145266],[-105.574774,28.145282]]]}},{"type":"Feature","properties":{"modulo":5,"idparcela":"3080","productor":"DE ANDA ESTRADA FRANCISCO","cultivo":null,"superficie_fisica_ha":5.8847,"superficie_riego_ha":5.8847,"hectareas":0},"geometry":{"type":"Polygon","coordinates":[[[-105.570104,28.143882],[-105.570089,28.144025],[-105.570054,28.144135],[-105.569981,28.144238],[-105.569628,28.144187],[-105.568653,28.143947],[-105.567744,28.14374],[-105.566645,28.143503],[-105.566005,28.143349],[-105.563519,28.142756],[-105.562884,28.142595],[-105.562302,28.142453],[-105.561162,28.142195],[-105.561279,28.142169],[-105.561416,28.142169],[-105.562004,28.142271],[-105.562271,28.142309],[-105.563139,28.142485],[-105.564363,28.142712],[-105.566158,28.143068],[-105.566493,28.143153],[-105.567066,28.143267],[-105.570104,28.143882]]]}},{"type":"Feature","properties":{"modulo":5,"idparcela":"2871","productor":"PORRAS GARCIA ABELARDO","cultivo":null,"superficie_fisica_ha":31.3,"superficie_riego_ha":31.25,"hectareas":0},"geometry":{"type":"Polygon","coordinates":[[[-105.56932,28.136557],[-105.568232,28.136565],[-105.558755,28.136664],[-105.558749,28.136615],[-105.558773,28.136566],[-105.559665,28.136197],[-105.56098,28.135743],[-105.562783,28.134935],[-105.564168,28.134349],[-105.566083,28.133587],[-105.568689,28.132467],[-105.56932,28.136557]]]}},{"type":"Feature","properties":{"modulo":5,"idparcela":"2869","productor":"PORRAS GARCIA ABELARDO","cultivo":null,"superficie_fisica_ha":12,"superficie_riego_ha":11.95,"hectareas":0},"geometry":{"type":"Polygon","coordinates":[[[-105.575139,28.13033],[-105.575175,28.136215],[-105.575053,28.136447],[-105.574945,28.136531],[-105.574687,28.136569],[-105.573456,28.136566],[-105.573433,28.130441],[-105.573773,28.130295],[-105.574138,28.13014],[-105.574524,28.130099],[-105.574894,28.13014],[-105.575139,28.13033]]]}},{"type":"Feature","properties":{"modulo":5,"idparcela":"2870","productor":"PORRAS GARCIA ABELARDO","cultivo":null,"superficie_fisica_ha":18.75,"superficie_riego_ha":18.75,"hectareas":0},"geometry":{"type":"Polygon","coordinates":[[[-105.573456,28.136566],[-105.573378,28.136565],[-105.570778,28.13659],[-105.569487,28.136577],[-105.568838,28.132408],[-105.573433,28.130441],[-105.573456,28.136566]]]}},{"type":"Feature","properties":{"modulo":5,"idparcela":"2877","productor":"PAYAN PEREZ JOSE LUIS","cultivo":null,"superficie_fisica_ha":16.61,"superficie_riego_ha":16.55,"hectareas":0},"geometry":{"type":"Polygon","coordinates":[[[-105.555101,28.14197],[-105.552767,28.143311],[-105.552048,28.143614],[-105.551947,28.14365],[-105.549815,28.140723],[-105.550878,28.140272],[-105.554286,28.138836],[-105.555085,28.138508],[-105.555175,28.141754],[-105.555101,28.14197]]]}},{"type":"Feature","properties":{"modulo":5,"idparcela":"2878","productor":"SANCHEZ LOZOYA LUIS ARMANDO","cultivo":null,"superficie_fisica_ha":14.3925,"superficie_riego_ha":14.3925,"hectareas":0},"geometry":{"type":"Polygon","coordinates":[[[-105.551947,28.14365],[-105.551275,28.143893],[-105.549595,28.144503],[-105.549147,28.144871],[-105.548382,28.145461],[-105.547857,28.145926],[-105.547869,28.141532],[-105.548801,28.141154],[-105.549815,28.140723],[-105.551947,28.14365]]]}},{"type":"Feature","properties":{"modulo":5,"idparcela":"2879","productor":"PAYAN DE LA CRUZ JOSE LUIS","cultivo":null,"superficie_fisica_ha":34.35,"superficie_riego_ha":34.35,"hectareas":0},"geometry":{"type":"Polygon","coordinates":[[[-105.546479,28.147154],[-105.541427,28.148876],[-105.541171,28.148882],[-105.541109,28.148796],[-105.540952,28.144577],[-105.541692,28.144193],[-105.54186,28.143821],[-105.544927,28.142545],[-105.547057,28.141658],[-105.547567,28.141541],[-105.547593,28.141751],[-105.547585,28.142172],[-105.547636,28.14401],[-105.547651,28.145954],[-105.547597,28.146131],[-105.547173,28.146525],[-105.546479,28.147154]]]}},{"type":"Feature","properties":{"modulo":5,"idparcela":"2474","productor":"BOLIVAR HEREDIA GUADALUPE","cultivo":null,"superficie_fisica_ha":33.4,"superficie_riego_ha":26.5,"hectareas":0},"geometry":{"type":"Polygon","coordinates":[[[-105.461427,28.156222],[-105.461201,28.155445],[-105.461322,28.15537],[-105.461609,28.155345],[-105.462325,28.155257],[-105.463741,28.155282],[-105.464684,28.155243],[-105.464824,28.155113],[-105.465829,28.155091],[-105.465874,28.155236],[-105.465922,28.155471],[-105.466031,28.155724],[-105.466135,28.155758],[-105.466256,28.155682],[-105.466441,28.155697],[-105.466565,28.15573],[-105.466652,28.15591],[-105.466761,28.156308],[-105.466766,28.156326],[-105.466911,28.156396],[-105.467024,28.156775],[-105.467215,28.157008],[-105.467391,28.157043],[-105.467609,28.157087],[-105.467791,28.157123],[-105.468078,28.157243],[-105.468286,28.15733],[-105.46844,28.15747],[-105.468641,28.157654],[-105.468803,28.157802],[-105.469001,28.158062],[-105.469126,28.158227],[-105.469315,28.158475],[-105.469229,28.158583],[-105.468047,28.160409],[-105.466866,28.162254],[-105.466688,28.162494],[-105.466289,28.162157],[-105.465744,28.16175],[-105.465497,28.161556],[-105.465157,28.16129],[-105.464887,28.161168],[-105.462903,28.160665],[-105.462839,28.160576],[-105.461427,28.156222]]]}},{"type":"Feature","properties":{"modulo":5,"idparcela":"2460","productor":"TORRES GUEVARA MARCO ANTONIO","cultivo":null,"superficie_fisica_ha":20.8,"superficie_riego_ha":20.75,"hectareas":0},"geometry":{"type":"Polygon","coordinates":[[[-105.460711,28.154801],[-105.46026,28.15481],[-105.459479,28.154773],[-105.458126,28.154769],[-105.457935,28.154756],[-105.45776,28.154666],[-105.455886,28.152448],[-105.455251,28.151716],[-105.454641,28.151031],[-105.454286,28.150607],[-105.454482,28.150623],[-105.456862,28.150591],[-105.457111,28.150713],[-105.458752,28.150659],[-105.4591,28.150634],[-105.459389,28.1507],[-105.459598,28.150841],[-105.460141,28.152703],[-105.460711,28.154801]]]}},{"type":"Feature","properties":{"modulo":5,"idparcela":"2462","productor":"CORDOVA N ESTELA","cultivo":null,"superficie_fisica_ha":21.4,"superficie_riego_ha":21.4,"hectareas":0},"geometry":{"type":"Polygon","coordinates":[[[-105.459971,28.157745],[-105.453545,28.156918],[-105.45342,28.156848],[-105.453428,28.156393],[-105.453406,28.152556],[-105.453711,28.15244],[-105.453755,28.151803],[-105.453611,28.151788],[-105.4534,28.151574],[-105.45339,28.15121],[-105.453461,28.150142],[-105.456184,28.153294],[-105.457518,28.1549],[-105.457648,28.155101],[-105.45783,28.155263],[-105.4587,28.156299],[-105.459971,28.157745]]]}},{"type":"Feature","properties":{"modulo":5,"idparcela":"2461","productor":"TORRES GUEVARA MARCO ANTONIO","cultivo":null,"superficie_fisica_ha":38.0155,"superficie_riego_ha":29.8,"hectareas":0},"geometry":{"type":"Polygon","coordinates":[[[-105.466577,28.154636],[-105.46632,28.154763],[-105.465922,28.154785],[-105.461709,28.154821],[-105.461279,28.154817],[-105.461077,28.154713],[-105.460909,28.154173],[-105.460689,28.153403],[-105.459993,28.150932],[-105.459875,28.150514],[-105.46297,28.150502],[-105.465867,28.150522],[-105.465998,28.150831],[-105.46613,28.151181],[-105.46631,28.151585],[-105.466534,28.15192],[-105.466645,28.152067],[-105.466698,28.152324],[-105.46678,28.152539],[-105.466925,28.152767],[-105.467082,28.152927],[-105.467181,28.153183],[-105.467187,28.1534],[-105.467209,28.153644],[-105.467229,28.153807],[-105.467143,28.154039],[-105.467086,28.154176],[-105.467012,28.1543],[-105.46677,28.154401],[-105.466666,28.154525],[-105.466577,28.154636]]]}},{"type":"Feature","properties":{"modulo":5,"idparcela":"2473","productor":"TORRES GUEVARA MARCO ANTONIO","cultivo":null,"superficie_fisica_ha":40.1,"superficie_riego_ha":29.75,"hectareas":0},"geometry":{"type":"Polygon","coordinates":[[[-105.459875,28.150514],[-105.458606,28.146126],[-105.465303,28.146133],[-105.465403,28.146429],[-105.465443,28.146782],[-105.465424,28.147203],[-105.46533,28.147681],[-105.465388,28.148114],[-105.465867,28.150522],[-105.46297,28.150502],[-105.459875,28.150514]]]}},{"type":"Feature","properties":{"modulo":5,"idparcela":"2459","productor":"TORRES GUEVARA MARCO ANTONIO","cultivo":null,"superficie_fisica_ha":25.95,"superficie_riego_ha":25.95,"hectareas":0},"geometry":{"type":"Polygon","coordinates":[[[-105.453573,28.14872],[-105.453575,28.146533],[-105.453836,28.146527],[-105.453972,28.146456],[-105.454059,28.146292],[-105.454101,28.146141],[-105.455234,28.14609],[-105.458238,28.146121],[-105.458412,28.146878],[-105.458727,28.14774],[-105.459118,28.149158],[-105.459423,28.150252],[-105.459351,28.150403],[-105.458017,28.150404],[-105.456853,28.150429],[-105.456287,28.150468],[-105.454556,28.150478],[-105.453974,28.150504],[-105.453578,28.150037],[-105.453573,28.14872]]]}},{"type":"Feature","properties":{"modulo":5,"idparcela":"2470","productor":"TORRES GUEVARA MARCO ANTONIO","cultivo":null,"superficie_fisica_ha":11.1,"superficie_riego_ha":11.1,"hectareas":0},"geometry":{"type":"Polygon","coordinates":[[[-105.451174,28.151216],[-105.450711,28.151117],[-105.450634,28.151078],[-105.450479,28.151027],[-105.450292,28.150909],[-105.450227,28.150774],[-105.450117,28.150668],[-105.450082,28.150506],[-105.450078,28.150356],[-105.450074,28.150207],[-105.450051,28.149936],[-105.449952,28.149694],[-105.449859,28.149655],[-105.449753,28.149684],[-105.449585,28.149701],[-105.449329,28.14987],[-105.449208,28.14994],[-105.449043,28.15008],[-105.448805,28.150316],[-105.448596,28.150524],[-105.448395,28.15046],[-105.448345,28.150312],[-105.448354,28.150094],[-105.448442,28.149929],[-105.448603,28.149654],[-105.448903,28.149431],[-105.449068,28.149305],[-105.449126,28.149181],[-105.449135,28.148923],[-105.449162,28.148787],[-105.449397,28.148442],[-105.449767,28.147932],[-105.449945,28.147738],[-105.450129,28.147747],[-105.450372,28.147647],[-105.450535,28.14744],[-105.450608,28.147316],[-105.450805,28.14723],[-105.451077,28.147089],[-105.451151,28.146992],[-105.451268,28.146786],[-105.45122,28.146705],[-105.451231,28.146556],[-105.451242,28.146379],[-105.451347,28.146322],[-105.451516,28.146319],[-105.451945,28.14631],[-105.452741,28.146293],[-105.453048,28.146313],[-105.452994,28.146572],[-105.452999,28.146749],[-105.453019,28.146925],[-105.453113,28.147018],[-105.453252,28.147042],[-105.453227,28.151213],[-105.451434,28.15121],[-105.451225,28.151215],[-105.451174,28.151216]]]}},{"type":"Feature","properties":{"modulo":5,"idparcela":"2458","productor":"FIERRO PEREZ ANDRES MANUEL","cultivo":null,"superficie_fisica_ha":37.3,"superficie_riego_ha":37.3,"hectareas":0},"geometry":{"type":"Polygon","coordinates":[[[-105.443341,28.150713],[-105.443332,28.146316],[-105.443623,28.146297],[-105.44471,28.146274],[-105.445308,28.146274],[-105.445646,28.146308],[-105.446078,28.146421],[-105.44677,28.146488],[-105.447536,28.146485],[-105.448271,28.146469],[-105.448896,28.146347],[-105.44943,28.146241],[-105.450042,28.146228],[-105.450364,28.146235],[-105.450355,28.146452],[-105.450376,28.146683],[-105.450304,28.146847],[-105.450068,28.147192],[-105.449595,28.147813],[-105.449256,28.148323],[-105.449028,28.148382],[-105.448802,28.148536],[-105.448749,28.148823],[-105.448662,28.149028],[-105.448499,28.149235],[-105.448326,28.14962],[-105.448166,28.149949],[-105.447872,28.150403],[-105.445359,28.150416],[-105.444854,28.150441],[-105.444516,28.150407],[-105.44382,28.150721],[-105.443485,28.150799],[-105.443394,28.150772],[-105.443341,28.150713]]]}},{"type":"Feature","properties":{"modulo":5,"idparcela":"2457","productor":"FIERRO PEREZ ANDRES MANUEL","cultivo":null,"superficie_fisica_ha":29.25,"superficie_riego_ha":29.25,"hectareas":0},"geometry":{"type":"Polygon","coordinates":[[[-105.443193,28.146252],[-105.44324,28.150692],[-105.443241,28.150812],[-105.443204,28.150881],[-105.443103,28.150925],[-105.442964,28.150951],[-105.4428,28.150987],[-105.442523,28.151045],[-105.442257,28.15108],[-105.441598,28.151139],[-105.441393,28.151154],[-105.441211,28.151157],[-105.440929,28.151196],[-105.440345,28.151433],[-105.439557,28.151776],[-105.438997,28.152032],[-105.438859,28.152049],[-105.438751,28.151997],[-105.438666,28.1517],[-105.438435,28.15108],[-105.438207,28.150582],[-105.43821,28.150147],[-105.438169,28.14807],[-105.438119,28.14621],[-105.440678,28.146183],[-105.441414,28.146208],[-105.443193,28.146252]]]}},{"type":"Feature","properties":{"modulo":5,"idparcela":"2481","productor":"TORRES LOPEZ RUBEN","cultivo":null,"superficie_fisica_ha":33.9,"superficie_riego_ha":32.34,"hectareas":0},"geometry":{"type":"Polygon","coordinates":[[[-105.447661,28.16409],[-105.444912,28.161374],[-105.441941,28.158504],[-105.442912,28.158519],[-105.443944,28.158567],[-105.444063,28.158563],[-105.445369,28.158519],[-105.447141,28.15852],[-105.447473,28.158513],[-105.447515,28.158512],[-105.447602,28.158563],[-105.447652,28.158719],[-105.447707,28.159207],[-105.447754,28.15955],[-105.448107,28.160094],[-105.448425,28.160555],[-105.44851,28.16053],[-105.448589,28.160517],[-105.448675,28.16055],[-105.448797,28.160704],[-105.448982,28.160936],[-105.449371,28.16124],[-105.449786,28.161468],[-105.450351,28.161565],[-105.450982,28.161596],[-105.450987,28.161789],[-105.451057,28.162174],[-105.451186,28.16254],[-105.451453,28.162886],[-105.451702,28.163319],[-105.451929,28.163631],[-105.452041,28.164102],[-105.447661,28.16409]]]}},{"type":"Feature","properties":{"modulo":5,"idparcela":"2480","productor":"MELENDEZ AGUIRRE RODOLFO J.","cultivo":null,"superficie_fisica_ha":14.35,"superficie_riego_ha":14.35,"hectareas":0},"geometry":{"type":"Polygon","coordinates":[[[-105.443972,28.155205],[-105.445456,28.155166],[-105.447133,28.155138],[-105.447186,28.155174],[-105.447169,28.155501],[-105.447193,28.155924],[-105.447356,28.156687],[-105.447389,28.15695],[-105.447436,28.157264],[-105.447471,28.157578],[-105.44749,28.1578],[-105.447513,28.157966],[-105.447525,28.158166],[-105.447545,28.158331],[-105.447522,28.158422],[-105.447473,28.158513],[-105.447141,28.15852],[-105.445369,28.158519],[-105.444063,28.158563],[-105.443972,28.155205]]]}},{"type":"Feature","properties":{"modulo":5,"idparcela":"2482","productor":"MELENDEZ ABBUD LUIS RAUL","cultivo":null,"superficie_fisica_ha":14.35,"superficie_riego_ha":13.035,"hectareas":0},"geometry":{"type":"Polygon","coordinates":[[[-105.441941,28.158504],[-105.440281,28.1569],[-105.440018,28.156663],[-105.439947,28.156558],[-105.439917,28.156429],[-105.439906,28.155694],[-105.439901,28.155186],[-105.443831,28.155208],[-105.443972,28.155205],[-105.444063,28.158563],[-105.443944,28.158567],[-105.442912,28.158519],[-105.441941,28.158504]]]}},{"type":"Feature","properties":{"modulo":5,"idparcela":"2490","productor":"MARTINEZ ARMENDARIZ ROBERTO","cultivo":null,"superficie_fisica_ha":23,"superficie_riego_ha":23,"hectareas":0},"geometry":{"type":"Polygon","coordinates":[[[-105.450413,28.161454],[-105.450116,28.161418],[-105.449794,28.161354],[-105.449144,28.160893],[-105.449225,28.160506],[-105.448848,28.160239],[-105.448367,28.160069],[-105.447966,28.159513],[-105.447943,28.159252],[-105.447901,28.159111],[-105.447849,28.158802],[-105.447796,28.158441],[-105.447741,28.157497],[-105.44755,28.156363],[-105.447572,28.156129],[-105.447375,28.156117],[-105.447381,28.155834],[-105.447395,28.155512],[-105.447418,28.155265],[-105.447453,28.155178],[-105.44756,28.15512],[-105.448041,28.15511],[-105.448464,28.155101],[-105.44856,28.155096],[-105.448627,28.155288],[-105.449477,28.155273],[-105.45025,28.155257],[-105.450349,28.155151],[-105.450524,28.155122],[-105.453224,28.155077],[-105.453288,28.161727],[-105.452251,28.161736],[-105.452161,28.161648],[-105.452116,28.161584],[-105.452027,28.161534],[-105.451944,28.161445],[-105.451857,28.161371],[-105.451772,28.161411],[-105.451683,28.161484],[-105.451598,28.161514],[-105.451384,28.161519],[-105.451185,28.161495],[-105.451019,28.161484],[-105.450413,28.161454]]]}},{"type":"Feature","properties":{"modulo":5,"idparcela":"2469","productor":"MARTINEZ ARMENDARIZ ROBERTO","cultivo":null,"superficie_fisica_ha":17.15,"superficie_riego_ha":17.15,"hectareas":0},"geometry":{"type":"Polygon","coordinates":[[[-105.453227,28.151213],[-105.453257,28.154976],[-105.451611,28.155002],[-105.450422,28.15501],[-105.450581,28.154402],[-105.450731,28.153829],[-105.450728,28.153371],[-105.450721,28.153086],[-105.450717,28.152948],[-105.450997,28.15213],[-105.451177,28.151599],[-105.451274,28.151214],[-105.451434,28.15121],[-105.453227,28.151213]]]}},{"type":"Feature","properties":{"modulo":5,"idparcela":"2478","productor":"CADENA PAYAN JOSE REYES","cultivo":null,"superficie_fisica_ha":11.5,"superficie_riego_ha":10,"hectareas":0},"geometry":{"type":"Polygon","coordinates":[[[-105.446319,28.154648],[-105.445418,28.153061],[-105.444121,28.15086],[-105.444419,28.150724],[-105.444681,28.150667],[-105.445138,28.150631],[-105.44581,28.150625],[-105.446736,28.150632],[-105.447603,28.150604],[-105.447672,28.150638],[-105.447694,28.150749],[-105.447585,28.151019],[-105.447343,28.151431],[-105.447221,28.151623],[-105.447216,28.151805],[-105.447184,28.152047],[-105.447157,28.152488],[-105.44713,28.152929],[-105.447172,28.153412],[-105.447212,28.153792],[-105.447362,28.154652],[-105.447365,28.154782],[-105.447319,28.154878],[-105.447223,28.154931],[-105.447067,28.154935],[-105.446697,28.154934],[-105.44655,28.154911],[-105.44644,28.154819],[-105.446319,28.154648]]]}},{"type":"Feature","properties":{"modulo":5,"idparcela":"2479","productor":"AGRICOLA PINO SOLO SPR. DE RL","cultivo":null,"superficie_fisica_ha":27.3,"superficie_riego_ha":24.6,"hectareas":0},"geometry":{"type":"Polygon","coordinates":[[[-105.446295,28.154856],[-105.446306,28.154908],[-105.446171,28.154937],[-105.443666,28.154938],[-105.439972,28.154939],[-105.439845,28.154907],[-105.439774,28.154831],[-105.439594,28.154291],[-105.439183,28.153133],[-105.438885,28.152286],[-105.438873,28.152237],[-105.438885,28.152205],[-105.438923,28.152181],[-105.438971,28.152162],[-105.439424,28.151979],[-105.439944,28.151744],[-105.440445,28.151534],[-105.440764,28.151424],[-105.440947,28.151359],[-105.441083,28.151331],[-105.441287,28.151318],[-105.441725,28.151265],[-105.441968,28.151243],[-105.442444,28.151198],[-105.442696,28.151158],[-105.443055,28.151081],[-105.443451,28.150969],[-105.443819,28.150892],[-105.443931,28.150872],[-105.443984,28.15089],[-105.444027,28.150926],[-105.444507,28.151793],[-105.444652,28.152136],[-105.446295,28.154856]]]}},{"type":"Feature","properties":{"modulo":5,"idparcela":"2747","productor":"VILLA GARCIA ENRIQUE","cultivo":null,"superficie_fisica_ha":17.88,"superficie_riego_ha":11.88,"hectareas":0},"geometry":{"type":"Polygon","coordinates":[[[-105.49724,28.121246],[-105.501433,28.121216],[-105.501456,28.123063],[-105.501451,28.123334],[-105.501388,28.123372],[-105.497222,28.12337],[-105.495856,28.123354],[-105.495753,28.123306],[-105.495702,28.123209],[-105.495695,28.122959],[-105.495702,28.122796],[-105.495745,28.122567],[-105.495634,28.12256],[-105.495587,28.122542],[-105.495551,28.122506],[-105.49557,28.122357],[-105.49559,28.122282],[-105.495628,28.122237],[-105.495673,28.122221],[-105.495772,28.122219],[-105.495929,28.122226],[-105.49598,28.122214],[-105.496161,28.122102],[-105.49639,28.121956],[-105.49657,28.121832],[-105.496857,28.121576],[-105.497062,28.121431],[-105.49724,28.121246]]]}},{"type":"Feature","properties":{"modulo":5,"idparcela":"2742","productor":"FAJER CAMARENA VICTOR","cultivo":null,"superficie_fisica_ha":9.38,"superficie_riego_ha":9.38,"hectareas":0},"geometry":{"type":"Polygon","coordinates":[[[-105.505333,28.114473],[-105.505425,28.114522],[-105.50561,28.114816],[-105.506139,28.116044],[-105.506257,28.116465],[-105.506371,28.116761],[-105.506437,28.117214],[-105.506484,28.117621],[-105.506475,28.117966],[-105.506521,28.118342],[-105.506546,28.118605],[-105.506517,28.11882],[-105.50643,28.118895],[-105.506253,28.118894],[-105.505722,28.118892],[-105.504112,28.11888],[-105.504061,28.114451],[-105.505333,28.114473]]]}},{"type":"Feature","properties":{"modulo":5,"idparcela":"2740","productor":"VILLA GARCIA FLORENTINO","cultivo":null,"superficie_fisica_ha":11.18,"superficie_riego_ha":11.18,"hectareas":0},"geometry":{"type":"Polygon","coordinates":[[[-105.50176,28.114429],[-105.501618,28.114401],[-105.501509,28.114309],[-105.501504,28.110278],[-105.501769,28.110256],[-105.502285,28.110371],[-105.502695,28.110472],[-105.503018,28.110653],[-105.503146,28.110791],[-105.50333,28.111054],[-105.503513,28.11127],[-105.503661,28.111486],[-105.503843,28.111702],[-105.504063,28.111964],[-105.504191,28.112102],[-105.50405,28.112152],[-105.504237,28.112493],[-105.504495,28.11288],[-105.504587,28.113019],[-105.504886,28.113593],[-105.505055,28.11395],[-105.50519,28.114324],[-105.505227,28.114417],[-105.505333,28.114473],[-105.504061,28.114451],[-105.50176,28.114429]]]}},{"type":"Feature","properties":{"modulo":5,"idparcela":"2062","productor":"AGRICOLA ESPARZA S. A.","cultivo":null,"superficie_fisica_ha":9.31,"superficie_riego_ha":9.31,"hectareas":0},"geometry":{"type":"Polygon","coordinates":[[[-105.499254,28.110418],[-105.499465,28.110629],[-105.499725,28.11083],[-105.500023,28.11088],[-105.500674,28.110697],[-105.500968,28.110578],[-105.50126,28.110421],[-105.501303,28.110458],[-105.501319,28.11104],[-105.501357,28.113951],[-105.501361,28.114396],[-105.499283,28.114415],[-105.499254,28.110418]]]}},{"type":"Feature","properties":{"modulo":5,"idparcela":"2744","productor":"FAJER MATAR LEON FELIPE","cultivo":null,"superficie_fisica_ha":11.35,"superficie_riego_ha":11.35,"hectareas":0},"geometry":{"type":"Polygon","coordinates":[[[-105.501361,28.114396],[-105.501368,28.115115],[-105.50139,28.116674],[-105.501368,28.118196],[-105.50118,28.118275],[-105.501036,28.118448],[-105.501043,28.118692],[-105.500897,28.118789],[-105.499923,28.11881],[-105.499314,28.118823],[-105.499283,28.114415],[-105.501361,28.114396]]]}},{"type":"Feature","properties":{"modulo":5,"idparcela":"2745","productor":"FAJER CAMARENA VICTOR","cultivo":null,"superficie_fisica_ha":29,"superficie_riego_ha":19,"hectareas":0},"geometry":{"type":"Polygon","coordinates":[[[-105.499314,28.118823],[-105.497213,28.118868],[-105.497063,28.118815],[-105.496953,28.118686],[-105.496986,28.118329],[-105.496893,28.11803],[-105.496483,28.117776],[-105.496222,28.117537],[-105.495619,28.117175],[-105.495039,28.116868],[-105.494502,28.116616],[-105.494115,28.116399],[-105.493599,28.116129],[-105.49342,28.115776],[-105.493239,28.115385],[-105.493162,28.114898],[-105.49307,28.114473],[-105.494832,28.114457],[-105.496971,28.114437],[-105.499283,28.114415],[-105.499314,28.118823]]]}},{"type":"Feature","properties":{"modulo":5,"idparcela":"2739","productor":"AGRICOLA ESPARZA S. A.","cultivo":null,"superficie_fisica_ha":9.8,"superficie_riego_ha":9.8,"hectareas":0},"geometry":{"type":"Polygon","coordinates":[[[-105.496944,28.109959],[-105.498814,28.110061],[-105.499007,28.110169],[-105.499254,28.110418],[-105.499283,28.114415],[-105.496971,28.114437],[-105.496944,28.109959]]]}},{"type":"Feature","properties":{"modulo":5,"idparcela":"2738","productor":"AGRICOLA ESPARZA S. A.","cultivo":null,"superficie_fisica_ha":10.33,"superficie_riego_ha":10.33,"hectareas":0},"geometry":{"type":"Polygon","coordinates":[[[-105.494742,28.109982],[-105.49684,28.109953],[-105.496944,28.109959],[-105.496971,28.114437],[-105.494832,28.114457],[-105.494742,28.109982]]]}},{"type":"Feature","properties":{"modulo":5,"idparcela":"2737","productor":"PEREZ GUERRERO RAMON ELIGARD","cultivo":null,"superficie_fisica_ha":5.658,"superficie_riego_ha":5.658,"hectareas":0},"geometry":{"type":"Polygon","coordinates":[[[-105.491206,28.11],[-105.491948,28.110021],[-105.494742,28.109982],[-105.494832,28.114457],[-105.49307,28.114473],[-105.493063,28.114441],[-105.493039,28.114321],[-105.493001,28.114284],[-105.492928,28.114286],[-105.49286,28.114278],[-105.492759,28.114048],[-105.492624,28.113717],[-105.492562,28.113532],[-105.492598,28.113503],[-105.4927,28.11348],[-105.492784,28.11346],[-105.492851,28.113382],[-105.492846,28.11322],[-105.492803,28.112988],[-105.492545,28.112469],[-105.492145,28.111783],[-105.491921,28.111374],[-105.491716,28.110853],[-105.491339,28.110222],[-105.491206,28.11]]]}},{"type":"Feature","properties":{"modulo":5,"idparcela":"3159","productor":"RAMIREZ CARRILLO CARMEN ELENA","cultivo":null,"superficie_fisica_ha":6.4936,"superficie_riego_ha":6.4936,"hectareas":0},"geometry":{"type":"Polygon","coordinates":[[[-105.532873,28.181601],[-105.53332,28.181264],[-105.533533,28.18104],[-105.5336,28.180906],[-105.533712,28.180563],[-105.533797,28.180271],[-105.533878,28.180036],[-105.534054,28.179799],[-105.534172,28.179659],[-105.534295,28.179504],[-105.534354,28.179438],[-105.534419,28.179418],[-105.534472,28.179439],[-105.534503,28.179488],[-105.534568,28.17991],[-105.534644,28.180505],[-105.534825,28.181539],[-105.534989,28.182747],[-105.534886,28.182961],[-105.534891,28.183444],[-105.534902,28.183796],[-105.534229,28.183683],[-105.532599,28.183401],[-105.532074,28.183311],[-105.531349,28.183166],[-105.531395,28.183083],[-105.531558,28.182892],[-105.531739,28.182773],[-105.532027,28.182528],[-105.532309,28.182212],[-105.532514,28.181955],[-105.532873,28.181601]]]}},{"type":"Feature","properties":{"modulo":5,"idparcela":"3267","productor":"TARANGO AGUIRRE JESUS","cultivo":null,"superficie_fisica_ha":4,"superficie_riego_ha":4,"hectareas":0},"geometry":{"type":"Polygon","coordinates":[[[-105.526145,28.182174],[-105.525311,28.182035],[-105.523632,28.18184],[-105.523155,28.181813],[-105.524457,28.180996],[-105.525249,28.180599],[-105.525616,28.18048],[-105.526647,28.180177],[-105.527126,28.180014],[-105.527607,28.179758],[-105.527965,28.17936],[-105.526145,28.182174]]]}},{"type":"Feature","properties":{"modulo":5,"idparcela":"3158","productor":"BURROLA MU¥OZ JOSE LUIS","cultivo":null,"superficie_fisica_ha":6.26,"superficie_riego_ha":6.26,"hectareas":0},"geometry":{"type":"Polygon","coordinates":[[[-105.533179,28.181098],[-105.532821,28.181395],[-105.532479,28.181721],[-105.532131,28.182098],[-105.531938,28.182338],[-105.531702,28.182606],[-105.531391,28.182794],[-105.531197,28.182998],[-105.53109,28.183067],[-105.530973,28.183083],[-105.530777,28.183044],[-105.530541,28.182948],[-105.530401,28.182875],[-105.530263,28.182722],[-105.5302,28.182622],[-105.530654,28.180694],[-105.533179,28.181098]]]}},{"type":"Feature","properties":{"modulo":5,"idparcela":"3157","productor":"MARTINEZ ESPARZA OLGA","cultivo":null,"superficie_fisica_ha":6.1277,"superficie_riego_ha":6.1277,"hectareas":0},"geometry":{"type":"Polygon","coordinates":[[[-105.5302,28.182622],[-105.530167,28.182569],[-105.530085,28.182507],[-105.529991,28.182456],[-105.529867,28.182464],[-105.529756,28.182562],[-105.529675,28.182639],[-105.52956,28.182725],[-105.529456,28.182762],[-105.529371,28.182769],[-105.527651,28.182447],[-105.527818,28.181547],[-105.528002,28.180634],[-105.528068,28.180279],[-105.530654,28.180694],[-105.5302,28.182622]]]}},{"type":"Feature","properties":{"modulo":5,"idparcela":"3154","productor":"DE LA O HERNANDEZ JOSE","cultivo":null,"superficie_fisica_ha":3.2616,"superficie_riego_ha":3.2616,"hectareas":0},"geometry":{"type":"Polygon","coordinates":[[[-105.530939,28.179487],[-105.531298,28.179637],[-105.531643,28.179747],[-105.532199,28.17992],[-105.532505,28.179997],[-105.533011,28.179751],[-105.533718,28.179389],[-105.53421,28.179138],[-105.534229,28.179287],[-105.534204,28.179391],[-105.534118,28.179496],[-105.533949,28.17967],[-105.533727,28.179976],[-105.533585,28.180361],[-105.533476,28.180665],[-105.533317,28.180963],[-105.533179,28.181098],[-105.530654,28.180694],[-105.530939,28.179487]]]}},{"type":"Feature","properties":{"modulo":5,"idparcela":"3156","productor":"RIVERA ALVARADO RAUL LEONEL","cultivo":null,"superficie_fisica_ha":6,"superficie_riego_ha":6,"hectareas":0},"geometry":{"type":"Polygon","coordinates":[[[-105.528781,28.178258],[-105.52903,28.178659],[-105.529187,28.178841],[-105.529628,28.179],[-105.530938,28.179487],[-105.530939,28.179487],[-105.530654,28.180694],[-105.528068,28.180279],[-105.528002,28.180634],[-105.527818,28.181547],[-105.527651,28.182447],[-105.527092,28.182352],[-105.526145,28.182174],[-105.527965,28.17936],[-105.52822,28.179076],[-105.528781,28.178258]]]}},{"type":"Feature","properties":{"modulo":5,"idparcela":"0","productor":null,"cultivo":null,"superficie_fisica_ha":0,"superficie_riego_ha":0,"hectareas":0},"geometry":{"type":"Polygon","coordinates":[[[-105.524746,28.182271],[-105.524916,28.182339],[-105.524942,28.182413],[-105.524324,28.182868],[-105.523946,28.183118],[-105.522315,28.184174],[-105.521659,28.184639],[-105.521652,28.184644],[-105.520942,28.185148],[-105.52048,28.185466],[-105.520271,28.185503],[-105.519973,28.18551],[-105.519513,28.185454],[-105.519278,28.18539],[-105.519411,28.18519],[-105.519576,28.185078],[-105.51981,28.184971],[-105.520022,28.184892],[-105.520341,28.184831],[-105.520575,28.184738],[-105.520724,28.184592],[-105.520818,28.184428],[-105.520927,28.184202],[-105.521076,28.183813],[-105.521399,28.183055],[-105.521592,28.182653],[-105.521766,28.182498],[-105.522014,28.182364],[-105.522337,28.182286],[-105.522599,28.182237],[-105.52288,28.182183],[-105.5233,28.182167],[-105.523766,28.182184],[-105.524279,28.18222],[-105.524746,28.182271]]]}},{"type":"Feature","properties":{"modulo":5,"idparcela":"3278","productor":"MILLAN HERNANDEZ JOSE DE LA LU","cultivo":null,"superficie_fisica_ha":4.225,"superficie_riego_ha":4.225,"hectareas":0},"geometry":{"type":"Polygon","coordinates":[[[-105.524384,28.18512],[-105.524099,28.186397],[-105.519243,28.185537],[-105.519278,28.18539],[-105.519513,28.185454],[-105.519973,28.18551],[-105.520271,28.185503],[-105.52048,28.185466],[-105.520942,28.185148],[-105.521652,28.184644],[-105.524384,28.18512]]]}},{"type":"Feature","properties":{"modulo":5,"idparcela":"3277","productor":"ESPARZA PLACENCIA FRANCISCA","cultivo":null,"superficie_fisica_ha":6.6345,"superficie_riego_ha":4.4,"hectareas":0},"geometry":{"type":"Polygon","coordinates":[[[-105.524942,28.182413],[-105.52497,28.182492],[-105.524384,28.18512],[-105.521652,28.184644],[-105.521659,28.184639],[-105.522315,28.184174],[-105.523946,28.183118],[-105.524324,28.182868],[-105.524942,28.182413]]]}},{"type":"Feature","properties":{"modulo":5,"idparcela":"3268","productor":"JURADO CARRILLO JESUS MARIO","cultivo":null,"superficie_fisica_ha":6.375,"superficie_riego_ha":6.375,"hectareas":0},"geometry":{"type":"Polygon","coordinates":[[[-105.526801,28.186415],[-105.526608,28.186617],[-105.526254,28.186789],[-105.52613,28.186803],[-105.524225,28.18646],[-105.524689,28.18443],[-105.524728,28.184247],[-105.527157,28.184706],[-105.527817,28.18487],[-105.527708,28.185029],[-105.527599,28.185278],[-105.527423,28.1856],[-105.527077,28.186113],[-105.526801,28.186415]]]}},{"type":"Feature","properties":{"modulo":5,"idparcela":"3161","productor":"MARTINEZ FUENTES JESUS ALBERTO","cultivo":null,"superficie_fisica_ha":2.015,"superficie_riego_ha":2.015,"hectareas":0},"geometry":{"type":"Polygon","coordinates":[[[-105.527595,28.182619],[-105.528363,28.182759],[-105.529238,28.182924],[-105.529533,28.18298],[-105.529051,28.183545],[-105.52839,28.184295],[-105.527955,28.18471],[-105.527817,28.18487],[-105.527157,28.184706],[-105.527595,28.182619]]]}},{"type":"Feature","properties":{"modulo":5,"idparcela":"3408","productor":"JURADO CARRILLO JESUS MARIO","cultivo":null,"superficie_fisica_ha":5.2618,"superficie_riego_ha":5.2618,"hectareas":0},"geometry":{"type":"Polygon","coordinates":[[[-105.524728,28.184247],[-105.52515,28.18229],[-105.525292,28.182243],[-105.525546,28.182273],[-105.526034,28.182352],[-105.52701,28.18252],[-105.527595,28.182619],[-105.527157,28.184706],[-105.524728,28.184247]]]}},{"type":"Feature","properties":{"modulo":5,"idparcela":"2050","productor":"OLIVAS SOTELO ESTREBERTO","cultivo":null,"superficie_fisica_ha":5.4515,"superficie_riego_ha":5.4,"hectareas":0},"geometry":{"type":"Polygon","coordinates":[[[-105.509634,28.183748],[-105.509139,28.183595],[-105.508397,28.183355],[-105.50697,28.182889],[-105.50601,28.182598],[-105.505368,28.182424],[-105.50526,28.182398],[-105.505187,28.182372],[-105.505153,28.182332],[-105.505147,28.182298],[-105.505169,28.182179],[-105.505188,28.18214],[-105.505237,28.182128],[-105.505293,28.182124],[-105.505925,28.182099],[-105.506729,28.182067],[-105.507675,28.182046],[-105.50936,28.181985],[-105.510087,28.181988],[-105.509634,28.183748]]]}},{"type":"Feature","properties":{"modulo":5,"idparcela":"0","productor":null,"cultivo":null,"superficie_fisica_ha":0,"superficie_riego_ha":0,"hectareas":0},"geometry":{"type":"Polygon","coordinates":[[[-105.518603,28.185393],[-105.518294,28.185206],[-105.518105,28.185085],[-105.517897,28.184903],[-105.517578,28.184602],[-105.517295,28.184304],[-105.516948,28.183773],[-105.516495,28.183131],[-105.51627,28.182796],[-105.516166,28.18264],[-105.515965,28.182328],[-105.515748,28.182002],[-105.516234,28.182031],[-105.516877,28.182077],[-105.517506,28.1821],[-105.518113,28.18414],[-105.518217,28.18443],[-105.518459,28.184728],[-105.518632,28.18504],[-105.518682,28.185186],[-105.518662,28.185313],[-105.518603,28.185393]]]}},{"type":"Feature","properties":{"modulo":5,"idparcela":"3333","productor":"SAENZ IVARBO MARIA DE LA LUZ","cultivo":null,"superficie_fisica_ha":5.4767,"superficie_riego_ha":5.425,"hectareas":0},"geometry":{"type":"Polygon","coordinates":[[[-105.512005,28.184233],[-105.511449,28.184139],[-105.510511,28.183953],[-105.509634,28.183748],[-105.510087,28.181988],[-105.511705,28.181995],[-105.512552,28.181969],[-105.512491,28.18222],[-105.512005,28.184233]]]}},{"type":"Feature","properties":{"modulo":5,"idparcela":"3277","productor":"ESPARZA PLACENCIA FRANCISCA","cultivo":null,"superficie_fisica_ha":6.6345,"superficie_riego_ha":4.4,"hectareas":0},"geometry":{"type":"Polygon","coordinates":[[[-105.512491,28.18222],[-105.512552,28.181969],[-105.513048,28.181954],[-105.514748,28.181953],[-105.515544,28.181985],[-105.515748,28.182002],[-105.515965,28.182328],[-105.516166,28.18264],[-105.51627,28.182796],[-105.51504,28.182579],[-105.515002,28.182571],[-105.514323,28.182437],[-105.512491,28.18222]]]}},{"type":"Feature","properties":{"modulo":5,"idparcela":"3335","productor":"TORRES GUEVARA FERNANDO","cultivo":null,"superficie_fisica_ha":5.425,"superficie_riego_ha":5.425,"hectareas":0},"geometry":{"type":"Polygon","coordinates":[[[-105.51627,28.182796],[-105.516495,28.183131],[-105.516948,28.183773],[-105.517295,28.184304],[-105.517578,28.184602],[-105.517897,28.184903],[-105.518105,28.185085],[-105.518294,28.185206],[-105.518603,28.185393],[-105.515571,28.184851],[-105.514467,28.184645],[-105.515002,28.182571],[-105.51504,28.182579],[-105.51627,28.182796]]]}},{"type":"Feature","properties":{"modulo":5,"idparcela":"3334","productor":"RODRIGUEZ MIER JOSE LUIS","cultivo":null,"superficie_fisica_ha":5.9879,"superficie_riego_ha":5.9879,"hectareas":0},"geometry":{"type":"Polygon","coordinates":[[[-105.514467,28.184645],[-105.512005,28.184233],[-105.512491,28.18222],[-105.514323,28.182437],[-105.515002,28.182571],[-105.514467,28.184645]]]}},{"type":"Feature","properties":{"modulo":5,"idparcela":"2646","productor":"SOCIEDAD AGRICOLA GINER SPR DE RL Y CV","cultivo":null,"superficie_fisica_ha":19.9,"superficie_riego_ha":18.9,"hectareas":0},"geometry":{"type":"Polygon","coordinates":[[[-105.504807,28.181501],[-105.504763,28.179388],[-105.504711,28.176995],[-105.504828,28.176786],[-105.505294,28.176776],[-105.506089,28.176746],[-105.50735,28.176756],[-105.508407,28.176781],[-105.508222,28.177526],[-105.508097,28.177979],[-105.508014,28.178454],[-105.508442,28.180049],[-105.508687,28.180967],[-105.508779,28.181305],[-105.508767,28.181391],[-105.508687,28.181477],[-105.508579,28.181516],[-105.507728,28.181498],[-105.504807,28.181501]]]}},{"type":"Feature","properties":{"modulo":5,"idparcela":"2644","productor":"BARRERA GOMEZ CARMEN","cultivo":null,"superficie_fisica_ha":12.5,"superficie_riego_ha":10.8,"hectareas":0},"geometry":{"type":"Polygon","coordinates":[[[-105.510625,28.181498],[-105.510594,28.176721],[-105.513557,28.176696],[-105.513975,28.177304],[-105.514288,28.177711],[-105.514458,28.177914],[-105.514474,28.177998],[-105.514468,28.179772],[-105.514466,28.181182],[-105.514465,28.181345],[-105.514461,28.181469],[-105.510625,28.181498]]]}},{"type":"Feature","properties":{"modulo":5,"idparcela":"2645","productor":"IBARRA MACIAS CARLOS","cultivo":null,"superficie_fisica_ha":12.5,"superficie_riego_ha":12.5,"hectareas":0},"geometry":{"type":"Polygon","coordinates":[[[-105.504731,28.173264],[-105.511087,28.173226],[-105.511058,28.173396],[-105.511047,28.173565],[-105.511053,28.173771],[-105.511072,28.173977],[-105.511061,28.174075],[-105.510974,28.174156],[-105.510833,28.174202],[-105.510626,28.17423],[-105.51049,28.174245],[-105.51034,28.174285],[-105.510165,28.174386],[-105.509965,28.174597],[-105.509738,28.17482],[-105.509484,28.175069],[-105.509339,28.175279],[-105.509182,28.175549],[-105.509063,28.175722],[-105.509038,28.175808],[-105.508945,28.175907],[-105.508812,28.176043],[-105.508585,28.176267],[-105.508519,28.176366],[-105.508495,28.1765],[-105.504725,28.176509],[-105.504731,28.173264]]]}},{"type":"Feature","properties":{"modulo":5,"idparcela":"2649","productor":"MENDOZA ORTIZ SILVIA","cultivo":null,"superficie_fisica_ha":11.8,"superficie_riego_ha":11.35,"hectareas":0},"geometry":{"type":"Polygon","coordinates":[[[-105.504731,28.173264],[-105.504736,28.170968],[-105.506724,28.170937],[-105.507971,28.170934],[-105.509266,28.171647],[-105.510561,28.172348],[-105.511215,28.172686],[-105.511232,28.172832],[-105.511195,28.172978],[-105.511087,28.173226],[-105.504731,28.173264]]]}},{"type":"Feature","properties":{"modulo":5,"idparcela":"2648","productor":"SOCIEDAD AGRICOLA GINER SPR DE RL Y CV","cultivo":null,"superficie_fisica_ha":40.6,"superficie_riego_ha":39.2,"hectareas":0},"geometry":{"type":"Polygon","coordinates":[[[-105.504736,28.170968],[-105.504769,28.168359],[-105.504762,28.167666],[-105.505109,28.16767],[-105.505041,28.167546],[-105.504948,28.167434],[-105.504767,28.167381],[-105.504769,28.166516],[-105.504785,28.165838],[-105.504945,28.166062],[-105.505086,28.166196],[-105.505276,28.166222],[-105.505495,28.166111],[-105.505666,28.166077],[-105.50589,28.166148],[-105.506154,28.166385],[-105.506348,28.166578],[-105.506607,28.166664],[-105.506848,28.166704],[-105.507041,28.166837],[-105.507339,28.167104],[-105.507705,28.167324],[-105.508156,28.167496],[-105.508707,28.16759],[-105.509342,28.167622],[-105.509821,28.167612],[-105.510281,28.167511],[-105.511063,28.167266],[-105.511454,28.167136],[-105.511828,28.167021],[-105.512049,28.166986],[-105.512377,28.16707],[-105.512789,28.167077],[-105.513089,28.167294],[-105.513453,28.167548],[-105.513274,28.167871],[-105.512731,28.168688],[-105.512501,28.169072],[-105.512369,28.169443],[-105.512317,28.169836],[-105.512382,28.170336],[-105.512376,28.170731],[-105.512229,28.171022],[-105.511749,28.17161],[-105.511518,28.171934],[-105.511288,28.172288],[-105.511215,28.172686],[-105.510561,28.172348],[-105.509266,28.171647],[-105.507971,28.170934],[-105.506724,28.170937],[-105.504736,28.170968]]]}},{"type":"Feature","properties":{"modulo":5,"idparcela":"2677","productor":"GINER CARRASCO ANA ISABEL","cultivo":null,"superficie_fisica_ha":12,"superficie_riego_ha":12,"hectareas":0},"geometry":{"type":"Polygon","coordinates":[[[-105.509686,28.163939],[-105.511993,28.16682],[-105.511789,28.166855],[-105.51094,28.167147],[-105.510497,28.167263],[-105.509902,28.167428],[-105.509354,28.167455],[-105.508822,28.167421],[-105.508271,28.167311],[-105.507698,28.167065],[-105.507401,28.166844],[-105.507102,28.166562],[-105.509686,28.163939]]]}},{"type":"Feature","properties":{"modulo":5,"idparcela":"2680","productor":"QUEVEDO CARMONA GONZALO","cultivo":null,"superficie_fisica_ha":98.45,"superficie_riego_ha":33.65,"hectareas":0},"geometry":{"type":"Polygon","coordinates":[[[-105.51631,28.169067],[-105.516439,28.169176],[-105.516403,28.169583],[-105.516463,28.170031],[-105.516549,28.170281],[-105.516755,28.170865],[-105.516838,28.171032],[-105.516892,28.171255],[-105.51685,28.171452],[-105.516744,28.171608],[-105.516639,28.171821],[-105.516614,28.17206],[-105.516588,28.17227],[-105.516535,28.172636],[-105.516495,28.172903],[-105.516405,28.173087],[-105.516332,28.173299],[-105.516352,28.173467],[-105.516435,28.173605],[-105.516535,28.173799],[-105.516572,28.173967],[-105.516656,28.174161],[-105.516768,28.174215],[-105.516898,28.174338],[-105.51695,28.174505],[-105.51702,28.174728],[-105.517075,28.175007],[-105.517287,28.175241],[-105.517393,28.175631],[-105.517142,28.17572],[-105.516908,28.175824],[-105.5165,28.175945],[-105.515872,28.176126],[-105.515102,28.176311],[-105.514763,28.176362],[-105.514419,28.176437],[-105.513936,28.176489],[-105.513838,28.176465],[-105.513816,28.176338],[-105.51385,28.176226],[-105.51378,28.175976],[-105.513713,28.175837],[-105.513573,28.175642],[-105.513449,28.17545],[-105.513349,28.174696],[-105.513254,28.174103],[-105.513375,28.17391],[-105.513592,28.173751],[-105.514012,28.173476],[-105.514447,28.173214],[-105.514475,28.173073],[-105.514622,28.172664],[-105.51631,28.169067]]]}},{"type":"Feature","properties":{"modulo":5,"idparcela":"2575","productor":"MIRAZO DELGADO NORMA SILVIA","cultivo":null,"superficie_fisica_ha":3.37,"superficie_riego_ha":3.37,"hectareas":0},"geometry":{"type":"Polygon","coordinates":[[[-105.48834,28.174155],[-105.48846,28.174248],[-105.488338,28.174355],[-105.489774,28.175612],[-105.48837,28.176849],[-105.486915,28.175567],[-105.487912,28.17464],[-105.48834,28.174155]]]}},{"type":"Feature","properties":{"modulo":5,"idparcela":"2588","productor":"BARRERA GARCIA MA.CONSUELO","cultivo":null,"superficie_fisica_ha":0.9487,"superficie_riego_ha":0.9487,"hectareas":0},"geometry":{"type":"Polygon","coordinates":[[[-105.487479,28.172679],[-105.488344,28.173194],[-105.489001,28.173552],[-105.48834,28.174155],[-105.486967,28.173028],[-105.487319,28.172705],[-105.487394,28.172668],[-105.487479,28.172679]]]}},{"type":"Feature","properties":{"modulo":5,"idparcela":"2576","productor":"MIRAZO DELGADO NORMA SILVIA","cultivo":null,"superficie_fisica_ha":3.37,"superficie_riego_ha":3.37,"hectareas":0},"geometry":{"type":"Polygon","coordinates":[[[-105.48834,28.174155],[-105.487912,28.17464],[-105.486915,28.175567],[-105.48553,28.174347],[-105.486967,28.173028],[-105.48834,28.174155]]]}},{"type":"Feature","properties":{"modulo":5,"idparcela":"2570","productor":"BEJARANO PEDROZA OSCAR","cultivo":null,"superficie_fisica_ha":1.03,"superficie_riego_ha":1.03,"hectareas":0},"geometry":{"type":"Polygon","coordinates":[[[-105.49393,28.179757],[-105.493934,28.179914],[-105.493961,28.181119],[-105.493926,28.181177],[-105.493834,28.181171],[-105.493486,28.180845],[-105.493096,28.180454],[-105.49393,28.179757]]]}},{"type":"Feature","properties":{"modulo":5,"idparcela":"2583","productor":"BEJARANO PEDROZA OSCAR","cultivo":null,"superficie_fisica_ha":0.2236,"superficie_riego_ha":0.2236,"hectareas":0},"geometry":{"type":"Polygon","coordinates":[[[-105.493369,28.177651],[-105.493799,28.178572],[-105.493925,28.178872],[-105.493918,28.179202],[-105.492756,28.178195],[-105.493369,28.177651]]]}},{"type":"Feature","properties":{"modulo":5,"idparcela":"2571","productor":"BEJARANO PEDROZA OSCAR","cultivo":null,"superficie_fisica_ha":2.0088,"superficie_riego_ha":2.0088,"hectareas":0},"geometry":{"type":"Polygon","coordinates":[[[-105.493918,28.179202],[-105.493916,28.179259],[-105.49393,28.179757],[-105.493096,28.180454],[-105.49309,28.180448],[-105.491715,28.179113],[-105.491704,28.179104],[-105.492341,28.178563],[-105.492756,28.178195],[-105.493918,28.179202]]]}},{"type":"Feature","properties":{"modulo":5,"idparcela":"2584","productor":"DELGADO N MARIA","cultivo":null,"superficie_fisica_ha":1.58,"superficie_riego_ha":1.58,"hectareas":0},"geometry":{"type":"Polygon","coordinates":[[[-105.491331,28.176961],[-105.492487,28.175898],[-105.493085,28.177098],[-105.493369,28.177651],[-105.492756,28.178195],[-105.491331,28.176961]]]}},{"type":"Feature","properties":{"modulo":5,"idparcela":"2586","productor":"BARRERA GARCIA PANFILO","cultivo":null,"superficie_fisica_ha":0.9777,"superficie_riego_ha":0.9777,"hectareas":0},"geometry":{"type":"Polygon","coordinates":[[[-105.489774,28.175612],[-105.490814,28.174711],[-105.491666,28.175163],[-105.491763,28.175208],[-105.490539,28.176275],[-105.489774,28.175612]]]}},{"type":"Feature","properties":{"modulo":5,"idparcela":"2572","productor":"LLAMAS N GRACIELA","cultivo":null,"superficie_fisica_ha":2.93,"superficie_riego_ha":2.93,"hectareas":0},"geometry":{"type":"Polygon","coordinates":[[[-105.489885,28.178183],[-105.491331,28.176961],[-105.492756,28.178195],[-105.492341,28.178563],[-105.491704,28.179104],[-105.491189,28.178678],[-105.490918,28.178472],[-105.490383,28.178312],[-105.489982,28.178268],[-105.489885,28.178183]]]}},{"type":"Feature","properties":{"modulo":5,"idparcela":"2574","productor":"MIRAZO DELGADO NORMA SILVIA","cultivo":null,"superficie_fisica_ha":1.3994,"superficie_riego_ha":1.3994,"hectareas":0},"geometry":{"type":"Polygon","coordinates":[[[-105.489121,28.17751],[-105.48837,28.176849],[-105.489774,28.175612],[-105.490539,28.176275],[-105.489121,28.17751]]]}},{"type":"Feature","properties":{"modulo":5,"idparcela":"2589","productor":"CHAVEZ N SALVADOR","cultivo":null,"superficie_fisica_ha":0.2082,"superficie_riego_ha":0.2082,"hectareas":0},"geometry":{"type":"Polygon","coordinates":[[[-105.486876,28.172888],[-105.486715,28.172723],[-105.486248,28.172294],[-105.485775,28.171913],[-105.485868,28.17182],[-105.485921,28.171789],[-105.486004,28.171817],[-105.486226,28.171987],[-105.486454,28.172139],[-105.486737,28.172295],[-105.486937,28.172399],[-105.487185,28.172539],[-105.487227,28.17258],[-105.487236,28.172634],[-105.48717,28.172701],[-105.487018,28.172861],[-105.486944,28.172887],[-105.486876,28.172888]]]}},{"type":"Feature","properties":{"modulo":5,"idparcela":"2578","productor":"AMAYA N ALICIA M.","cultivo":null,"superficie_fisica_ha":3.5049,"superficie_riego_ha":3.5049,"hectareas":0},"geometry":{"type":"Polygon","coordinates":[[[-105.486652,28.173005],[-105.486597,28.173067],[-105.485441,28.174081],[-105.485352,28.174083],[-105.485025,28.173798],[-105.484302,28.173152],[-105.484263,28.173085],[-105.484243,28.173005],[-105.484271,28.172934],[-105.48435,28.17285],[-105.484702,28.172515],[-105.485181,28.172106],[-105.485257,28.172069],[-105.485322,28.172082],[-105.48538,28.17212],[-105.48549,28.172166],[-105.48557,28.172116],[-105.485658,28.172057],[-105.485731,28.172051],[-105.485776,28.172079],[-105.486546,28.172835],[-105.486663,28.172944],[-105.486652,28.173005]]]}},{"type":"Feature","properties":{"modulo":5,"idparcela":"2581","productor":"GINER SOTO JESUS VITO","cultivo":null,"superficie_fisica_ha":2.3494,"superficie_riego_ha":2.3494,"hectareas":0},"geometry":{"type":"Polygon","coordinates":[[[-105.48188,28.169893],[-105.482057,28.169867],[-105.482282,28.16988],[-105.482537,28.169986],[-105.482749,28.170069],[-105.48301,28.170196],[-105.483403,28.170392],[-105.483472,28.170474],[-105.483497,28.170551],[-105.483463,28.170637],[-105.483297,28.170786],[-105.483098,28.170958],[-105.482555,28.17144],[-105.482443,28.171545],[-105.482387,28.17151],[-105.482144,28.171298],[-105.481517,28.170758],[-105.481154,28.170429],[-105.481261,28.170324],[-105.481434,28.170182],[-105.48164,28.170009],[-105.481738,28.169947],[-105.48188,28.169893]]]}},{"type":"Feature","properties":{"modulo":5,"idparcela":"2582","productor":"BORUNDA GARAY AMPARO","cultivo":null,"superficie_fisica_ha":0.1961,"superficie_riego_ha":0.1961,"hectareas":0},"geometry":{"type":"Polygon","coordinates":[[[-105.480555,28.169863],[-105.480918,28.169699],[-105.482052,28.169175],[-105.482173,28.169148],[-105.482208,28.169196],[-105.482209,28.169232],[-105.482177,28.169287],[-105.481725,28.169664],[-105.481526,28.169843],[-105.481195,28.170145],[-105.48097,28.170354],[-105.480573,28.170026],[-105.480469,28.169925],[-105.480555,28.169863]]]}},{"type":"Feature","properties":{"modulo":5,"idparcela":"2569","productor":"CHACON CARRILLO EUDOSIO","cultivo":null,"superficie_fisica_ha":1.4482,"superficie_riego_ha":1.4482,"hectareas":0},"geometry":{"type":"Polygon","coordinates":[[[-105.48089,28.170428],[-105.479498,28.171659],[-105.479232,28.171427],[-105.478982,28.17121],[-105.47875,28.17095],[-105.478542,28.170769],[-105.480375,28.169976],[-105.48089,28.170428]]]}},{"type":"Feature","properties":{"modulo":5,"idparcela":"2560","productor":"BLAKE AMAYA CARLOS","cultivo":null,"superficie_fisica_ha":2.6775,"superficie_riego_ha":2.6775,"hectareas":0},"geometry":{"type":"Polygon","coordinates":[[[-105.479498,28.171659],[-105.478097,28.172897],[-105.478006,28.172808],[-105.477818,28.172644],[-105.477178,28.172074],[-105.476677,28.171657],[-105.477173,28.171417],[-105.478253,28.170894],[-105.478542,28.170769],[-105.47875,28.17095],[-105.478982,28.17121],[-105.479232,28.171427],[-105.479498,28.171659]]]}},{"type":"Feature","properties":{"modulo":5,"idparcela":"2502","productor":"SANTOS SEPULVEDA FRANCISCO","cultivo":null,"superficie_fisica_ha":3.1729,"superficie_riego_ha":3.1729,"hectareas":0},"geometry":{"type":"Polygon","coordinates":[[[-105.472082,28.180761],[-105.470797,28.181909],[-105.469516,28.180816],[-105.470787,28.179668],[-105.472082,28.180761]]]}},{"type":"Feature","properties":{"modulo":5,"idparcela":"2508","productor":"AUN AUN ANTONIO","cultivo":null,"superficie_fisica_ha":3.364,"superficie_riego_ha":3.364,"hectareas":0},"geometry":{"type":"Polygon","coordinates":[[[-105.470868,28.1793],[-105.469611,28.178184],[-105.470948,28.177035],[-105.472217,28.17814],[-105.470868,28.1793]]]}},{"type":"Feature","properties":{"modulo":5,"idparcela":"2518","productor":"CABALLERO N HORTENCIA","cultivo":null,"superficie_fisica_ha":3.2404,"superficie_riego_ha":3.2404,"hectareas":0},"geometry":{"type":"Polygon","coordinates":[[[-105.469661,28.175778],[-105.471045,28.174548],[-105.471606,28.175066],[-105.471897,28.175334],[-105.472177,28.175619],[-105.470819,28.176802],[-105.469661,28.175778]]]}},{"type":"Feature","properties":{"modulo":5,"idparcela":"2526","productor":"TERRAZAS VILLALOBOS JORGE LUIS","cultivo":null,"superficie_fisica_ha":1.2817,"superficie_riego_ha":1.2817,"hectareas":0},"geometry":{"type":"Polygon","coordinates":[[[-105.473576,28.174532],[-105.473626,28.176702],[-105.472392,28.175598],[-105.473576,28.174532]]]}},{"type":"Feature","properties":{"modulo":5,"idparcela":"2525","productor":"CANDELARIA TORRES MA. DE LA LUZ","cultivo":null,"superficie_fisica_ha":1.279,"superficie_riego_ha":1.279,"hectareas":0},"geometry":{"type":"Polygon","coordinates":[[[-105.475089,28.175597],[-105.473893,28.176697],[-105.473858,28.17448],[-105.475089,28.175597]]]}},{"type":"Feature","properties":{"modulo":5,"idparcela":"2533","productor":"TORRES DE MARTINEZ JOSEFINA","cultivo":null,"superficie_fisica_ha":3.2396,"superficie_riego_ha":3.2396,"hectareas":0},"geometry":{"type":"Polygon","coordinates":[[[-105.476512,28.174332],[-105.475227,28.175468],[-105.473918,28.174284],[-105.475177,28.17316],[-105.476512,28.174332]]]}},{"type":"Feature","properties":{"modulo":5,"idparcela":"2548","productor":"MEDINA NEVAREZ JAIME RAUL","cultivo":null,"superficie_fisica_ha":3.2425,"superficie_riego_ha":3.2425,"hectareas":0},"geometry":{"type":"Polygon","coordinates":[[[-105.476667,28.171821],[-105.477098,28.17217],[-105.477972,28.172985],[-105.476676,28.174168],[-105.475342,28.172988],[-105.476667,28.171821]]]}},{"type":"Feature","properties":{"modulo":5,"idparcela":"2549","productor":"GUEVARA AGUIRRE ALFONSO","cultivo":null,"superficie_fisica_ha":0.382,"superficie_riego_ha":0.382,"hectareas":0},"geometry":{"type":"Polygon","coordinates":[[[-105.474745,28.17246],[-105.475344,28.172196],[-105.476491,28.17168],[-105.476667,28.171821],[-105.475342,28.172988],[-105.474745,28.17246]]]}},{"type":"Feature","properties":{"modulo":5,"idparcela":"2524","productor":"NEVAREZ N CONCEPCION","cultivo":null,"superficie_fisica_ha":3.2414,"superficie_riego_ha":3.2414,"hectareas":0},"geometry":{"type":"Polygon","coordinates":[[[-105.475207,28.175663],[-105.476516,28.176835],[-105.475157,28.178099],[-105.47386,28.176915],[-105.475207,28.175663]]]}},{"type":"Feature","properties":{"modulo":5,"idparcela":"2523","productor":"CARPIO CHAVEZ MA.LOURDES","cultivo":null,"superficie_fisica_ha":3.3647,"superficie_riego_ha":3.3647,"hectareas":0},"geometry":{"type":"Polygon","coordinates":[[[-105.47665,28.176993],[-105.477999,28.178198],[-105.476753,28.179368],[-105.475339,28.178153],[-105.47665,28.176993]]]}},{"type":"Feature","properties":{"modulo":5,"idparcela":"2531","productor":"TERRAZAS PAYAN NICOLAS","cultivo":null,"superficie_fisica_ha":2.3,"superficie_riego_ha":2.3,"hectareas":0},"geometry":{"type":"Polygon","coordinates":[[[-105.478029,28.175662],[-105.479461,28.176944],[-105.478186,28.177989],[-105.476761,28.176768],[-105.478029,28.175662]]]}},{"type":"Feature","properties":{"modulo":5,"idparcela":"2532","productor":"LUJAN BARRIENTOS EVERARDO ALF.","cultivo":null,"superficie_fisica_ha":3.2416,"superficie_riego_ha":3.2416,"hectareas":0},"geometry":{"type":"Polygon","coordinates":[[[-105.476604,28.174387],[-105.478029,28.175662],[-105.476761,28.176768],[-105.475346,28.175557],[-105.476604,28.174387]]]}},{"type":"Feature","properties":{"modulo":5,"idparcela":"2547","productor":"CHAVEZ ZAMBRANO DESIDERIO","cultivo":null,"superficie_fisica_ha":3.2422,"superficie_riego_ha":3.2422,"hectareas":0},"geometry":{"type":"Polygon","coordinates":[[[-105.478104,28.173097],[-105.479491,28.174268],[-105.478156,28.175474],[-105.476756,28.174292],[-105.478104,28.173097]]]}},{"type":"Feature","properties":{"modulo":5,"idparcela":"2546","productor":"AMAYA N MARIA LUISA","cultivo":null,"superficie_fisica_ha":3.3669,"superficie_riego_ha":3.3669,"hectareas":0},"geometry":{"type":"Polygon","coordinates":[[[-105.479585,28.174403],[-105.480921,28.175586],[-105.479598,28.176769],[-105.478314,28.175573],[-105.479585,28.174403]]]}},{"type":"Feature","properties":{"modulo":5,"idparcela":"2577","productor":"ISSA GONZALEZ MIGUEL ANGEL","cultivo":null,"superficie_fisica_ha":3.3709,"superficie_riego_ha":3.3709,"hectareas":0},"geometry":{"type":"Polygon","coordinates":[[[-105.479693,28.171786],[-105.481041,28.170576],[-105.482287,28.171657],[-105.480924,28.172889],[-105.479693,28.171786]]]}},{"type":"Feature","properties":{"modulo":5,"idparcela":"2559","productor":"FLORES OLIVARES ELISEO","cultivo":null,"superficie_fisica_ha":3.2413,"superficie_riego_ha":3.2413,"hectareas":0},"geometry":{"type":"Polygon","coordinates":[[[-105.480835,28.172969],[-105.480012,28.173712],[-105.47956,28.174113],[-105.478505,28.173134],[-105.478566,28.172984],[-105.478521,28.172779],[-105.479591,28.171878],[-105.479591,28.171878],[-105.479693,28.171786],[-105.480924,28.172889],[-105.480835,28.172969]]]}},{"type":"Feature","properties":{"modulo":5,"idparcela":"2580","productor":"MADERO GONZALEZ EVARISTO","cultivo":null,"superficie_fisica_ha":1.3735,"superficie_riego_ha":1.3735,"hectareas":0},"geometry":{"type":"Polygon","coordinates":[[[-105.482549,28.171699],[-105.483006,28.171292],[-105.483212,28.171119],[-105.48343,28.170879],[-105.483682,28.170639],[-105.483968,28.172939],[-105.483961,28.172944],[-105.482549,28.171699]]]}},{"type":"Feature","properties":{"modulo":5,"idparcela":"2558","productor":"AVALOS SOLIS ALICIA","cultivo":null,"superficie_fisica_ha":3.3172,"superficie_riego_ha":3.3172,"hectareas":0},"geometry":{"type":"Polygon","coordinates":[[[-105.481082,28.175465],[-105.479697,28.17424],[-105.479682,28.174226],[-105.480946,28.173071],[-105.481273,28.173372],[-105.482278,28.174288],[-105.482351,28.174354],[-105.481082,28.175465]]]}},{"type":"Feature","properties":{"modulo":5,"idparcela":"2557","productor":"ISSA ZABLAH LATIF","cultivo":null,"superficie_fisica_ha":3.3689,"superficie_riego_ha":3.3689,"hectareas":0},"geometry":{"type":"Polygon","coordinates":[[[-105.483748,28.175621],[-105.4825,28.176718],[-105.481082,28.175465],[-105.482351,28.174354],[-105.482795,28.174757],[-105.483748,28.175621]]]}},{"type":"Feature","properties":{"modulo":5,"idparcela":"2568","productor":"ISSA GONZALEZ JORGE LUIS","cultivo":null,"superficie_fisica_ha":3.5049,"superficie_riego_ha":3.5049,"hectareas":0},"geometry":{"type":"Polygon","coordinates":[[[-105.482457,28.174262],[-105.481036,28.17299],[-105.482405,28.171759],[-105.482429,28.17178],[-105.48385,28.173042],[-105.482457,28.174262]]]}},{"type":"Feature","properties":{"modulo":5,"idparcela":"2566","productor":"CRUZ RODRIGUEZ JOSE ISABEL","cultivo":null,"superficie_fisica_ha":1.4009,"superficie_riego_ha":1.4009,"hectareas":0},"geometry":{"type":"Polygon","coordinates":[[[-105.48385,28.173042],[-105.485259,28.174292],[-105.483862,28.175521],[-105.48385,28.173042]]]}},{"type":"Feature","properties":{"modulo":5,"idparcela":"2545","productor":"ARIZPE MALDONADO ALFONSO","cultivo":null,"superficie_fisica_ha":3.3665,"superficie_riego_ha":3.3665,"hectareas":0},"geometry":{"type":"Polygon","coordinates":[[[-105.481099,28.175754],[-105.482418,28.176925],[-105.481108,28.178094],[-105.479811,28.176942],[-105.481099,28.175754]]]}},{"type":"Feature","properties":{"modulo":5,"idparcela":"2530","productor":"BLAKE ARIAS JORGE","cultivo":null,"superficie_fisica_ha":3.3675,"superficie_riego_ha":3.3675,"hectareas":0},"geometry":{"type":"Polygon","coordinates":[[[-105.480913,28.178265],[-105.479666,28.179344],[-105.478348,28.178183],[-105.479627,28.177103],[-105.480913,28.178265]]]}},{"type":"Feature","properties":{"modulo":5,"idparcela":"2529","productor":"SEPULVEDA N IRENE","cultivo":null,"superficie_fisica_ha":3.2407,"superficie_riego_ha":3.2407,"hectareas":0},"geometry":{"type":"Polygon","coordinates":[[[-105.481027,28.178371],[-105.482356,28.179512],[-105.481133,28.18062],[-105.479825,28.179468],[-105.481027,28.178371]]]}},{"type":"Feature","properties":{"modulo":5,"idparcela":"2544","productor":"BUNSOW WILSON ELSA","cultivo":null,"superficie_fisica_ha":3.2423,"superficie_riego_ha":3.2423,"hectareas":0},"geometry":{"type":"Polygon","coordinates":[[[-105.482496,28.179372],[-105.481201,28.178249],[-105.482511,28.177061],[-105.483763,28.178243],[-105.482496,28.179372]]]}},{"type":"Feature","properties":{"modulo":5,"idparcela":"2528","productor":"MATAR MATAR PEDRO","cultivo":null,"superficie_fisica_ha":3.24,"superficie_riego_ha":3.24,"hectareas":0},"geometry":{"type":"Polygon","coordinates":[[[-105.482504,28.179647],[-105.483878,28.180807],[-105.483748,28.180918],[-105.483401,28.18122],[-105.482568,28.181975],[-105.48217,28.18164],[-105.481715,28.181237],[-105.481226,28.180805],[-105.482504,28.179647]]]}},{"type":"Feature","properties":{"modulo":5,"idparcela":"2542","productor":"BUNSOW WILSON EMMA","cultivo":null,"superficie_fisica_ha":1.2857,"superficie_riego_ha":1.2857,"hectareas":0},"geometry":{"type":"Polygon","coordinates":[[[-105.483945,28.178387],[-105.485252,28.179519],[-105.483975,28.180687],[-105.483945,28.178387]]]}},{"type":"Feature","properties":{"modulo":5,"idparcela":"2555","productor":"RODRIGUEZ N MANUELA","cultivo":null,"superficie_fisica_ha":1.2844,"superficie_riego_ha":1.2844,"hectareas":0},"geometry":{"type":"Polygon","coordinates":[[[-105.483884,28.175763],[-105.485214,28.176924],[-105.485205,28.176983],[-105.484814,28.177316],[-105.483927,28.178132],[-105.483884,28.175763]]]}},{"type":"Feature","properties":{"modulo":5,"idparcela":"2554","productor":"GOMEZ SOTELO ZACARIAS","cultivo":null,"superficie_fisica_ha":3.2432,"superficie_riego_ha":3.2432,"hectareas":0},"geometry":{"type":"Polygon","coordinates":[[[-105.485296,28.17709],[-105.48558,28.177329],[-105.486273,28.177914],[-105.48666,28.178279],[-105.486346,28.178551],[-105.485923,28.178914],[-105.485414,28.179368],[-105.484596,28.178668],[-105.484073,28.178187],[-105.485296,28.17709]]]}},{"type":"Feature","properties":{"modulo":5,"idparcela":"2562","productor":"BEJARANO PEDROZA OSCAR","cultivo":null,"superficie_fisica_ha":1.1953,"superficie_riego_ha":1.1953,"hectareas":0},"geometry":{"type":"Polygon","coordinates":[[[-105.489047,28.178729],[-105.488182,28.179463],[-105.4875,28.17887],[-105.488953,28.17757],[-105.48963,28.178156],[-105.489501,28.178287],[-105.489524,28.178326],[-105.489527,28.178444],[-105.48944,28.178504],[-105.48932,28.178566],[-105.489264,28.178567],[-105.48922,28.178588],[-105.489047,28.178729]]]}},{"type":"Feature","properties":{"modulo":5,"idparcela":"2552","productor":"GARCIA N CATALINA","cultivo":null,"superficie_fisica_ha":1.1966,"superficie_riego_ha":1.1966,"hectareas":0},"geometry":{"type":"Polygon","coordinates":[[[-105.488182,28.179463],[-105.486846,28.180595],[-105.486755,28.180538],[-105.486506,28.180327],[-105.486189,28.180044],[-105.4875,28.17887],[-105.488182,28.179463]]]}},{"type":"Feature","properties":{"modulo":5,"idparcela":"2563","productor":"TORRES GARCIA PASCUAL","cultivo":null,"superficie_fisica_ha":1.3624,"superficie_riego_ha":1.3624,"hectareas":0},"geometry":{"type":"Polygon","coordinates":[[[-105.486829,28.178287],[-105.488266,28.176976],[-105.488953,28.17757],[-105.4875,28.17887],[-105.486829,28.178287]]]}},{"type":"Feature","properties":{"modulo":5,"idparcela":"2553","productor":"TORRES CHAVEZ JAIME","cultivo":null,"superficie_fisica_ha":1.3933,"superficie_riego_ha":1.3933,"hectareas":0},"geometry":{"type":"Polygon","coordinates":[[[-105.486189,28.180044],[-105.486119,28.179982],[-105.485517,28.179484],[-105.486829,28.178287],[-105.4875,28.17887],[-105.486189,28.180044]]]}},{"type":"Feature","properties":{"modulo":5,"idparcela":"2565","productor":"VILLALOBOS REYES MA.GUADALUPE","cultivo":null,"superficie_fisica_ha":3.3714,"superficie_riego_ha":3.3714,"hectareas":0},"geometry":{"type":"Polygon","coordinates":[[[-105.486799,28.175635],[-105.485383,28.176859],[-105.484767,28.176302],[-105.484272,28.175862],[-105.484011,28.175643],[-105.484367,28.175327],[-105.484797,28.174958],[-105.485154,28.174665],[-105.48541,28.174449],[-105.486799,28.175635]]]}},{"type":"Feature","properties":{"modulo":5,"idparcela":"2564","productor":"ROJAS ARCINIEGA FAUSTINO","cultivo":null,"superficie_fisica_ha":3.3692,"superficie_riego_ha":3.3692,"hectareas":0},"geometry":{"type":"Polygon","coordinates":[[[-105.486852,28.175747],[-105.488146,28.176882],[-105.486781,28.178083],[-105.485505,28.176954],[-105.486852,28.175747]]]}},{"type":"Feature","properties":{"modulo":5,"idparcela":"2901","productor":"SALAIS MONARREZ JESUS SALVADO","cultivo":null,"superficie_fisica_ha":15.61,"superficie_riego_ha":15.61,"hectareas":0},"geometry":{"type":"Polygon","coordinates":[[[-105.606962,28.148543],[-105.607365,28.148533],[-105.607642,28.148412],[-105.609119,28.150106],[-105.609707,28.150545],[-105.610087,28.150894],[-105.610503,28.151188],[-105.610968,28.151481],[-105.611282,28.151662],[-105.611547,28.1518],[-105.611817,28.152098],[-105.611938,28.152355],[-105.612032,28.152801],[-105.611998,28.153337],[-105.611931,28.153829],[-105.611958,28.15419],[-105.612111,28.154715],[-105.612159,28.15498],[-105.612235,28.15534],[-105.612257,28.155542],[-105.61225,28.155801],[-105.612278,28.15601],[-105.612426,28.156347],[-105.612135,28.156426],[-105.611938,28.156387],[-105.611043,28.156573],[-105.610741,28.15658],[-105.610469,28.156089],[-105.610104,28.155503],[-105.609783,28.155106],[-105.609523,28.154696],[-105.609023,28.154198],[-105.608082,28.153276],[-105.607356,28.152795],[-105.606829,28.152463],[-105.606106,28.152058],[-105.605441,28.151708],[-105.60566,28.151523],[-105.605793,28.151321],[-105.605925,28.151101],[-105.606065,28.151145],[-105.606227,28.151227],[-105.606443,28.151298],[-105.606694,28.151481],[-105.606856,28.151572],[-105.607049,28.151596],[-105.60724,28.151564],[-105.607346,28.151523],[-105.607492,28.151425],[-105.607682,28.151355],[-105.607852,28.151304],[-105.608041,28.151205],[-105.608101,28.151052],[-105.608127,28.150863],[-105.608133,28.150673],[-105.608096,28.150513],[-105.607975,28.150365],[-105.607756,28.150199],[-105.607751,28.15001],[-105.607705,28.149888],[-105.607561,28.149693],[-105.607449,28.149525],[-105.607272,28.149293],[-105.607158,28.149059],[-105.607001,28.148778],[-105.606962,28.148543]]]}},{"type":"Feature","properties":{"modulo":5,"idparcela":"2907","productor":"GUTIERREZ ENRIQUEZ FCO. ALFREDO","cultivo":null,"superficie_fisica_ha":12.16,"superficie_riego_ha":12.16,"hectareas":0},"geometry":{"type":"Polygon","coordinates":[[[-105.598066,28.156775],[-105.593095,28.157371],[-105.592728,28.156418],[-105.592123,28.154827],[-105.592898,28.154844],[-105.593448,28.154843],[-105.59401,28.154795],[-105.595308,28.154659],[-105.595855,28.155016],[-105.596483,28.155394],[-105.596986,28.155621],[-105.597636,28.155821],[-105.597773,28.155913],[-105.597859,28.156051],[-105.598066,28.156775]]]}},{"type":"Feature","properties":{"modulo":5,"idparcela":"2908","productor":"QUI¥ONEZ MORALES OSCAR","cultivo":null,"superficie_fisica_ha":6.8,"superficie_riego_ha":6.8,"hectareas":0},"geometry":{"type":"Polygon","coordinates":[[[-105.593095,28.157371],[-105.593077,28.157373],[-105.592437,28.15753],[-105.592197,28.157607],[-105.591868,28.157805],[-105.591263,28.158134],[-105.590923,28.157136],[-105.5907,28.156379],[-105.590185,28.154833],[-105.590281,28.154842],[-105.590911,28.15484],[-105.59181,28.15482],[-105.592123,28.154827],[-105.592728,28.156418],[-105.593095,28.157371]]]}},{"type":"Feature","properties":{"modulo":5,"idparcela":"2911","productor":"URRUTIA REDE MA. MAGDALENA","cultivo":null,"superficie_fisica_ha":7.4,"superficie_riego_ha":7.4,"hectareas":0},"geometry":{"type":"Polygon","coordinates":[[[-105.591263,28.158134],[-105.591207,28.158164],[-105.590455,28.158621],[-105.589655,28.159135],[-105.589191,28.157614],[-105.588803,28.156219],[-105.588417,28.154938],[-105.588617,28.154855],[-105.589165,28.154784],[-105.589608,28.154774],[-105.590185,28.154833],[-105.5907,28.156379],[-105.590923,28.157136],[-105.591263,28.158134]]]}},{"type":"Feature","properties":{"modulo":5,"idparcela":"2912","productor":"RODRIGUEZ MARQUEZ MANUEL","cultivo":null,"superficie_fisica_ha":10.688,"superficie_riego_ha":10.688,"hectareas":0},"geometry":{"type":"Polygon","coordinates":[[[-105.589655,28.159135],[-105.589611,28.159163],[-105.588793,28.159669],[-105.588227,28.160062],[-105.586749,28.155303],[-105.587113,28.155305],[-105.587514,28.155261],[-105.587874,28.155169],[-105.58822,28.155055],[-105.588417,28.154938],[-105.588803,28.156219],[-105.589191,28.157614],[-105.589655,28.159135]]]}},{"type":"Feature","properties":{"modulo":5,"idparcela":"2905","productor":"QUI¥ONEZ MORALES OSCAR","cultivo":null,"superficie_fisica_ha":6.3863,"superficie_riego_ha":6.1,"hectareas":0},"geometry":{"type":"Polygon","coordinates":[[[-105.600669,28.156648],[-105.600626,28.156833],[-105.600645,28.156961],[-105.600713,28.157087],[-105.600666,28.157131],[-105.600539,28.157162],[-105.600461,28.15722],[-105.600222,28.157268],[-105.599759,28.157335],[-105.599392,28.157386],[-105.598723,28.157529],[-105.597304,28.157773],[-105.59665,28.157859],[-105.59622,28.157953],[-105.595852,28.157976],[-105.595228,28.15799],[-105.594186,28.157956],[-105.593384,28.157917],[-105.593157,28.157823],[-105.593088,28.15764],[-105.59323,28.157566],[-105.593484,28.157503],[-105.59409,28.157405],[-105.594936,28.157301],[-105.596054,28.157162],[-105.600059,28.156633],[-105.600586,28.156564],[-105.600669,28.156648]]]}},{"type":"Feature","properties":{"modulo":5,"idparcela":"2906","productor":"MELENDEZ RIVERO EULALIA","cultivo":null,"superficie_fisica_ha":9.1,"superficie_riego_ha":8.38,"hectareas":0},"geometry":{"type":"Polygon","coordinates":[[[-105.598179,28.15444],[-105.598086,28.154487],[-105.597853,28.154512],[-105.59763,28.154488],[-105.597475,28.154491],[-105.597287,28.154515],[-105.597468,28.154649],[-105.597718,28.15485],[-105.597993,28.155139],[-105.598267,28.155389],[-105.598472,28.155562],[-105.5987,28.155764],[-105.598895,28.155986],[-105.599057,28.156219],[-105.599119,28.156463],[-105.599139,28.156624],[-105.598371,28.156724],[-105.598287,28.156543],[-105.598172,28.156462],[-105.598098,28.15627],[-105.598024,28.156053],[-105.597965,28.155933],[-105.597867,28.155839],[-105.597631,28.15571],[-105.597313,28.155584],[-105.596926,28.155435],[-105.596496,28.155239],[-105.59548,28.154607],[-105.595361,28.154557],[-105.594657,28.152683],[-105.594523,28.152243],[-105.594418,28.152068],[-105.594422,28.151841],[-105.594433,28.15176],[-105.5945,28.151768],[-105.594968,28.151822],[-105.596377,28.151996],[-105.596478,28.15206],[-105.596631,28.152453],[-105.596884,28.15302],[-105.597113,28.153493],[-105.597294,28.153776],[-105.59756,28.154057],[-105.597956,28.154315],[-105.597985,28.154332],[-105.598179,28.15444]]]}},{"type":"Feature","properties":{"modulo":5,"idparcela":"2904","productor":"MARQUEZ RAMIREZ RENE","cultivo":null,"superficie_fisica_ha":3.225,"superficie_riego_ha":3.225,"hectareas":0},"geometry":{"type":"Polygon","coordinates":[[[-105.599139,28.156624],[-105.599119,28.156463],[-105.599057,28.156219],[-105.598895,28.155986],[-105.5987,28.155764],[-105.598472,28.155562],[-105.598267,28.155389],[-105.597993,28.155139],[-105.597718,28.15485],[-105.597468,28.154649],[-105.597287,28.154515],[-105.597475,28.154491],[-105.59763,28.154488],[-105.597853,28.154512],[-105.598086,28.154487],[-105.598179,28.15444],[-105.598547,28.154646],[-105.599073,28.154921],[-105.599819,28.155363],[-105.600619,28.155848],[-105.600619,28.156432],[-105.599139,28.156624]]]}},{"type":"Feature","properties":{"modulo":5,"idparcela":"2898","productor":"MARQUEZ CORRALES JESUS G.","cultivo":null,"superficie_fisica_ha":19.1,"superficie_riego_ha":14.3,"hectareas":0},"geometry":{"type":"Polygon","coordinates":[[[-105.600619,28.155848],[-105.599819,28.155363],[-105.599073,28.154921],[-105.598547,28.154646],[-105.598179,28.15444],[-105.597985,28.154332],[-105.597977,28.1497],[-105.598043,28.149747],[-105.59853,28.149953],[-105.598903,28.15017],[-105.59956,28.150496],[-105.600115,28.15067],[-105.600554,28.150773],[-105.600621,28.154105],[-105.600619,28.155848]]]}},{"type":"Feature","properties":{"modulo":5,"idparcela":"2890","productor":"MARQUEZ RAMIREZ RENE","cultivo":null,"superficie_fisica_ha":11.61,"superficie_riego_ha":10.73,"hectareas":0},"geometry":{"type":"Polygon","coordinates":[[[-105.597985,28.154332],[-105.597956,28.154315],[-105.59756,28.154057],[-105.597294,28.153776],[-105.597113,28.153493],[-105.596884,28.15302],[-105.596631,28.152453],[-105.596478,28.15206],[-105.596377,28.151996],[-105.594968,28.151822],[-105.5945,28.151768],[-105.594501,28.151355],[-105.594508,28.149118],[-105.594527,28.149128],[-105.594662,28.149249],[-105.594865,28.149314],[-105.595155,28.149346],[-105.595495,28.149339],[-105.596426,28.149171],[-105.596845,28.149138],[-105.597091,28.149156],[-105.597302,28.149198],[-105.597489,28.149318],[-105.597802,28.149574],[-105.597977,28.1497],[-105.597985,28.154332]]]}},{"type":"Feature","properties":{"modulo":5,"idparcela":"2990","productor":"RODRIGUEZ MARQUEZ MANUEL","cultivo":null,"superficie_fisica_ha":8.45,"superficie_riego_ha":8.45,"hectareas":0},"geometry":{"type":"Polygon","coordinates":[[[-105.591845,28.150695],[-105.592171,28.151099],[-105.592486,28.151551],[-105.593849,28.151692],[-105.594433,28.15176],[-105.594422,28.151841],[-105.594418,28.152068],[-105.594523,28.152243],[-105.594657,28.152683],[-105.595361,28.154557],[-105.595287,28.154526],[-105.594687,28.154588],[-105.593923,28.154666],[-105.593213,28.154706],[-105.59215,28.154693],[-105.591845,28.150695]]]}},{"type":"Feature","properties":{"modulo":5,"idparcela":"2989","productor":"MARQUEZ CORRALES JESUS G.","cultivo":null,"superficie_fisica_ha":4.38,"superficie_riego_ha":4.38,"hectareas":0},"geometry":{"type":"Polygon","coordinates":[[[-105.587413,28.147152],[-105.586891,28.14675],[-105.586093,28.146114],[-105.586516,28.146092],[-105.586916,28.146229],[-105.587512,28.146518],[-105.589499,28.14811],[-105.590619,28.149055],[-105.590802,28.149133],[-105.590971,28.149107],[-105.591365,28.149408],[-105.591753,28.149783],[-105.591985,28.150123],[-105.592296,28.15051],[-105.592676,28.150964],[-105.592813,28.151109],[-105.592893,28.151196],[-105.593038,28.151222],[-105.594501,28.151355],[-105.5945,28.151768],[-105.594433,28.15176],[-105.593849,28.151692],[-105.592486,28.151551],[-105.592171,28.151099],[-105.591845,28.150695],[-105.591747,28.150573],[-105.591693,28.15052],[-105.591103,28.149937],[-105.590289,28.149363],[-105.589897,28.149077],[-105.589474,28.148769],[-105.588681,28.148175],[-105.588504,28.148072],[-105.588164,28.147776],[-105.587801,28.147477],[-105.587675,28.147373],[-105.587413,28.147152]]]}},{"type":"Feature","properties":{"modulo":5,"idparcela":"2070","productor":"VIVERO FORESTAL S.A.R.H.","cultivo":null,"superficie_fisica_ha":19,"superficie_riego_ha":19,"hectareas":0},"geometry":{"type":"Polygon","coordinates":[[[-105.590971,28.149107],[-105.59109,28.149088],[-105.591387,28.148787],[-105.591728,28.148454],[-105.591896,28.148233],[-105.592082,28.148077],[-105.592295,28.148108],[-105.592843,28.148328],[-105.593712,28.148727],[-105.594508,28.149118],[-105.594501,28.151355],[-105.593038,28.151222],[-105.592893,28.151196],[-105.592813,28.151109],[-105.592676,28.150964],[-105.592296,28.15051],[-105.591985,28.150123],[-105.591753,28.149783],[-105.591365,28.149408],[-105.590971,28.149107]]]}},{"type":"Feature","properties":{"modulo":5,"idparcela":"2991","productor":"VILLA GARCIA OSCAR","cultivo":null,"superficie_fisica_ha":10.566,"superficie_riego_ha":10.566,"hectareas":0},"geometry":{"type":"Polygon","coordinates":[[[-105.591693,28.15052],[-105.591747,28.150573],[-105.591845,28.150695],[-105.59215,28.154693],[-105.591435,28.154685],[-105.590766,28.154712],[-105.590191,28.1547],[-105.589475,28.154664],[-105.58938,28.154633],[-105.589332,28.15457],[-105.589252,28.154146],[-105.589172,28.153474],[-105.589117,28.152991],[-105.589065,28.152592],[-105.589001,28.152266],[-105.588935,28.152031],[-105.589413,28.152268],[-105.589502,28.152275],[-105.589622,28.152204],[-105.589763,28.152083],[-105.590198,28.151738],[-105.590959,28.15114],[-105.591693,28.15052]]]}},{"type":"Feature","properties":{"modulo":5,"idparcela":"2992","productor":"MARQUEZ CORRALES JESUS G.","cultivo":null,"superficie_fisica_ha":7.1,"superficie_riego_ha":7.1,"hectareas":0},"geometry":{"type":"Polygon","coordinates":[[[-105.589897,28.149077],[-105.590289,28.149363],[-105.591103,28.149937],[-105.591693,28.15052],[-105.590959,28.15114],[-105.590198,28.151738],[-105.589763,28.152083],[-105.589622,28.152204],[-105.589502,28.152275],[-105.589413,28.152268],[-105.588935,28.152031],[-105.58891,28.151941],[-105.588645,28.151777],[-105.587717,28.151362],[-105.587666,28.151339],[-105.589897,28.149077]]]}},{"type":"Feature","properties":{"modulo":5,"idparcela":"2993","productor":"JURADO FLORES ERNESTO","cultivo":null,"superficie_fisica_ha":6.6746,"superficie_riego_ha":6.6746,"hectareas":0},"geometry":{"type":"Polygon","coordinates":[[[-105.588504,28.148072],[-105.588681,28.148175],[-105.589474,28.148769],[-105.589897,28.149077],[-105.587666,28.151339],[-105.585837,28.150531],[-105.588504,28.148072]]]}},{"type":"Feature","properties":{"modulo":5,"idparcela":"3005","productor":"RIVERA NAJERA MAIA SERAFINA MONSERRATA","cultivo":null,"superficie_fisica_ha":6.53,"superficie_riego_ha":6.53,"hectareas":0},"geometry":{"type":"Polygon","coordinates":[[[-105.581316,28.148027],[-105.581131,28.14666],[-105.581321,28.146607],[-105.581484,28.146555],[-105.582042,28.146518],[-105.582092,28.146588],[-105.582175,28.146702],[-105.582209,28.146724],[-105.581316,28.148027]]]}},{"type":"Feature","properties":{"modulo":5,"idparcela":"2999","productor":"URIBE CANO ANDRES","cultivo":null,"superficie_fisica_ha":6.525,"superficie_riego_ha":6.525,"hectareas":0},"geometry":{"type":"Polygon","coordinates":[[[-105.583396,28.146371],[-105.584948,28.147207],[-105.584444,28.147838],[-105.584164,28.14814],[-105.583883,28.148442],[-105.58365,28.148638],[-105.583504,28.148775],[-105.583031,28.149216],[-105.581373,28.148448],[-105.581316,28.148027],[-105.582209,28.146724],[-105.582269,28.146761],[-105.582388,28.146747],[-105.582562,28.146664],[-105.582847,28.146416],[-105.583396,28.146371]]]}},{"type":"Feature","properties":{"modulo":5,"idparcela":"2994","productor":"MARQUEZ QUINONES MARCIAL","cultivo":null,"superficie_fisica_ha":6.625,"superficie_riego_ha":6.625,"hectareas":0},"geometry":{"type":"Polygon","coordinates":[[[-105.585714,28.150476],[-105.585704,28.14939],[-105.585721,28.149386],[-105.587801,28.147477],[-105.588164,28.147776],[-105.588504,28.148072],[-105.585837,28.150531],[-105.585714,28.150476]]]}},{"type":"Feature","properties":{"modulo":5,"idparcela":"2995","productor":"REDE ROBLEDO GUADALUPE","cultivo":null,"superficie_fisica_ha":6.6377,"superficie_riego_ha":6.175,"hectareas":0},"geometry":{"type":"Polygon","coordinates":[[[-105.585674,28.146168],[-105.585765,28.146133],[-105.586093,28.146114],[-105.586891,28.14675],[-105.587413,28.147152],[-105.587675,28.147373],[-105.587801,28.147477],[-105.585721,28.149386],[-105.585704,28.14939],[-105.585674,28.146168]]]}},{"type":"Feature","properties":{"modulo":5,"idparcela":"2915","productor":"ALVAREZ GARCIA CRUZ","cultivo":null,"superficie_fisica_ha":3.05,"superficie_riego_ha":3.05,"hectareas":0},"geometry":{"type":"Polygon","coordinates":[[[-105.588938,28.161433],[-105.589034,28.161644],[-105.589174,28.161815],[-105.58855,28.162095],[-105.58818,28.162303],[-105.588138,28.162397],[-105.58814,28.162471],[-105.587937,28.162489],[-105.587913,28.162702],[-105.58774,28.1627],[-105.587107,28.16264],[-105.5868,28.162694],[-105.586562,28.162792],[-105.585764,28.163017],[-105.585594,28.162601],[-105.585658,28.162579],[-105.585824,28.162538],[-105.586063,28.162499],[-105.586241,28.162441],[-105.586435,28.162322],[-105.586637,28.162268],[-105.586905,28.162169],[-105.587156,28.162098],[-105.587486,28.161954],[-105.587899,28.161731],[-105.588282,28.161537],[-105.58845,28.161511],[-105.588485,28.161505],[-105.588731,28.161472],[-105.588938,28.161433]]]}},{"type":"Feature","properties":{"modulo":5,"idparcela":"3094","productor":"TORRES HERNANDEZ LUIS ALBERTO","cultivo":null,"superficie_fisica_ha":6.132,"superficie_riego_ha":6.132,"hectareas":0},"geometry":{"type":"Polygon","coordinates":[[[-105.551081,28.170264],[-105.550407,28.170116],[-105.547936,28.169642],[-105.548282,28.167923],[-105.54876,28.167964],[-105.551506,28.168451],[-105.551505,28.168454],[-105.551456,28.168804],[-105.55134,28.169367],[-105.551081,28.170264]]]}},{"type":"Feature","properties":{"modulo":5,"idparcela":"3109","productor":"LOPEZ DE ALVARADO LORENZA","cultivo":null,"superficie_fisica_ha":11.85,"superficie_riego_ha":11.85,"hectareas":0},"geometry":{"type":"Polygon","coordinates":[[[-105.548282,28.167923],[-105.548533,28.166679],[-105.548765,28.165712],[-105.549043,28.165739],[-105.549299,28.165774],[-105.549563,28.165801],[-105.549742,28.165771],[-105.549846,28.165708],[-105.549954,28.165553],[-105.550055,28.165418],[-105.55012,28.16533],[-105.550268,28.16524],[-105.550469,28.165176],[-105.550581,28.165153],[-105.550723,28.165137],[-105.550805,28.165115],[-105.551022,28.165097],[-105.551224,28.16508],[-105.551501,28.16506],[-105.551695,28.165016],[-105.551851,28.164933],[-105.551991,28.164837],[-105.552108,28.164734],[-105.552188,28.164639],[-105.552283,28.164551],[-105.552362,28.164567],[-105.552189,28.165182],[-105.552166,28.165311],[-105.551952,28.166488],[-105.551963,28.166491],[-105.551868,28.166902],[-105.551677,28.167752],[-105.551557,28.168178],[-105.551524,28.168353],[-105.551506,28.168451],[-105.54876,28.167964],[-105.548282,28.167923]]]}},{"type":"Feature","properties":{"modulo":5,"idparcela":"2952","productor":"AGUIRRE ESPARZA GUADALUPE","cultivo":null,"superficie_fisica_ha":4.075,"superficie_riego_ha":4.075,"hectareas":0},"geometry":{"type":"Polygon","coordinates":[[[-105.555308,28.168908],[-105.554928,28.169267],[-105.554532,28.169592],[-105.554333,28.169745],[-105.554018,28.169946],[-105.553876,28.170033],[-105.553782,28.170085],[-105.55372,28.170066],[-105.553604,28.169746],[-105.553518,28.169477],[-105.553459,28.169314],[-105.553917,28.168983],[-105.55407,28.168873],[-105.555283,28.168025],[-105.555308,28.168908]]]}},{"type":"Feature","properties":{"modulo":5,"idparcela":"3276","productor":"IBARRA MACIAS CARLOS","cultivo":null,"superficie_fisica_ha":6.6034,"superficie_riego_ha":6.6034,"hectareas":0},"geometry":{"type":"Polygon","coordinates":[[[-105.553917,28.168983],[-105.553459,28.169314],[-105.553518,28.169477],[-105.553604,28.169746],[-105.55372,28.170066],[-105.553782,28.170085],[-105.553876,28.170033],[-105.554018,28.169946],[-105.554333,28.169745],[-105.554532,28.169592],[-105.554928,28.169267],[-105.555308,28.168908],[-105.55521,28.169091],[-105.553642,28.170822],[-105.551081,28.170264],[-105.55134,28.169367],[-105.551456,28.168804],[-105.551505,28.168454],[-105.551506,28.168451],[-105.551524,28.168353],[-105.553917,28.168983]]]}},{"type":"Feature","properties":{"modulo":5,"idparcela":"3093","productor":"ACOSTA GARIVAY OMAR","cultivo":null,"superficie_fisica_ha":6.025,"superficie_riego_ha":6.025,"hectareas":0},"geometry":{"type":"Polygon","coordinates":[[[-105.555283,28.168025],[-105.55407,28.168873],[-105.553917,28.168983],[-105.551524,28.168353],[-105.551557,28.168178],[-105.551677,28.167752],[-105.551868,28.166902],[-105.551963,28.166491],[-105.555264,28.167327],[-105.555283,28.168025]]]}},{"type":"Feature","properties":{"modulo":5,"idparcela":"2661","productor":"RUIZ SERNA JUAN","cultivo":null,"superficie_fisica_ha":47.6,"superficie_riego_ha":47.4,"hectareas":0},"geometry":{"type":"Polygon","coordinates":[[[-105.528439,28.157537],[-105.525797,28.159202],[-105.525121,28.159623],[-105.524875,28.159795],[-105.524688,28.159817],[-105.524496,28.159637],[-105.524342,28.159345],[-105.523947,28.158633],[-105.52289,28.157363],[-105.521811,28.156777],[-105.520288,28.155979],[-105.518415,28.15456],[-105.519062,28.153844],[-105.52351,28.151881],[-105.52423,28.151552],[-105.524542,28.151526],[-105.524837,28.151631],[-105.525136,28.151901],[-105.527561,28.155931],[-105.528351,28.157336],[-105.528439,28.157537]]]}},{"type":"Feature","properties":{"modulo":5,"idparcela":"2763","productor":"BURROLA DELGADO RAFAEL","cultivo":null,"superficie_fisica_ha":25.65,"superficie_riego_ha":19.9,"hectareas":0},"geometry":{"type":"Polygon","coordinates":[[[-105.528044,28.156068],[-105.525224,28.151327],[-105.526006,28.150959],[-105.526522,28.150763],[-105.527058,28.150566],[-105.527581,28.150647],[-105.528394,28.150648],[-105.529166,28.150668],[-105.529627,28.15075],[-105.529673,28.150916],[-105.529607,28.151145],[-105.529618,28.1514],[-105.530094,28.152172],[-105.530237,28.152595],[-105.53039,28.152989],[-105.530572,28.153237],[-105.530628,28.153474],[-105.530641,28.153759],[-105.530468,28.154596],[-105.530383,28.154704],[-105.530239,28.154739],[-105.529479,28.154821],[-105.529252,28.154913],[-105.528515,28.155549],[-105.528044,28.156068]]]}},{"type":"Feature","properties":{"modulo":5,"idparcela":"2662","productor":"ARMENDARIZ CARLOS EFRAIN","cultivo":null,"superficie_fisica_ha":13.51,"superficie_riego_ha":13.51,"hectareas":0},"geometry":{"type":"Polygon","coordinates":[[[-105.530222,28.160389],[-105.525097,28.16052],[-105.525886,28.16216],[-105.525866,28.162162],[-105.525782,28.16217],[-105.524729,28.16274],[-105.524685,28.160048],[-105.528481,28.157654],[-105.528642,28.157765],[-105.529861,28.159862],[-105.530222,28.160389]]]}},{"type":"Feature","properties":{"modulo":5,"idparcela":"2664","productor":"ARMENDARIZ CARLOS EFRAIN","cultivo":null,"superficie_fisica_ha":15.27,"superficie_riego_ha":11.3,"hectareas":0},"geometry":{"type":"Polygon","coordinates":[[[-105.525866,28.162162],[-105.526127,28.162137],[-105.527019,28.162092],[-105.528013,28.16207],[-105.529942,28.162015],[-105.531308,28.161986],[-105.531716,28.16259],[-105.531918,28.162952],[-105.531945,28.163162],[-105.531931,28.163429],[-105.531971,28.163574],[-105.532051,28.163732],[-105.532061,28.163834],[-105.531993,28.163918],[-105.526993,28.163996],[-105.526777,28.163757],[-105.526557,28.163609],[-105.526422,28.163433],[-105.526347,28.163307],[-105.526297,28.163091],[-105.526281,28.163015],[-105.526262,28.162862],[-105.526141,28.16266],[-105.526034,28.162433],[-105.525913,28.162231],[-105.525866,28.162162]]]}},{"type":"Feature","properties":{"modulo":5,"idparcela":"0","productor":null,"cultivo":null,"superficie_fisica_ha":0,"superficie_riego_ha":0,"hectareas":0},"geometry":{"type":"Polygon","coordinates":[[[-105.527239,28.164833],[-105.52742,28.165243],[-105.527398,28.165326],[-105.527284,28.165394],[-105.527128,28.165397],[-105.526966,28.165362],[-105.526612,28.165239],[-105.526393,28.165107],[-105.525864,28.16462],[-105.52554,28.164372],[-105.524908,28.163926],[-105.524746,28.163802],[-105.524729,28.16274],[-105.525782,28.16217],[-105.525866,28.162162],[-105.525913,28.162231],[-105.526034,28.162433],[-105.526141,28.16266],[-105.526262,28.162862],[-105.526281,28.163015],[-105.526297,28.163091],[-105.526347,28.163307],[-105.526422,28.163433],[-105.526557,28.163609],[-105.526777,28.163757],[-105.526993,28.163996],[-105.526812,28.163999],[-105.526699,28.164078],[-105.526997,28.164417],[-105.527239,28.164833]]]}},{"type":"Feature","properties":{"modulo":5,"idparcela":"2063","productor":"ARMENDARIZ CARLOS EFRAIN","cultivo":null,"superficie_fisica_ha":39,"superficie_riego_ha":18.4,"hectareas":0},"geometry":{"type":"Polygon","coordinates":[[[-105.534015,28.15614],[-105.534278,28.156411],[-105.534719,28.15669],[-105.5351,28.156911],[-105.536217,28.157609],[-105.535571,28.15852],[-105.535038,28.159286],[-105.534592,28.159869],[-105.534161,28.160354],[-105.533821,28.160755],[-105.533555,28.161154],[-105.533108,28.161721],[-105.53277,28.162204],[-105.532306,28.162804],[-105.531916,28.162091],[-105.531533,28.161608],[-105.531262,28.161171],[-105.531047,28.160766],[-105.531615,28.159885],[-105.534015,28.15614]]]}},{"type":"Feature","properties":{"modulo":5,"idparcela":"2767","productor":"ARMENDARIZ CARLOS EFRAIN","cultivo":null,"superficie_fisica_ha":20.6,"superficie_riego_ha":20.35,"hectareas":0},"geometry":{"type":"Polygon","coordinates":[[[-105.533664,28.156447],[-105.530951,28.160637],[-105.530433,28.159944],[-105.529872,28.159087],[-105.529505,28.158521],[-105.529213,28.157987],[-105.528961,28.157583],[-105.528863,28.157355],[-105.528766,28.156825],[-105.5287,28.156401],[-105.528666,28.155986],[-105.528837,28.155782],[-105.5294,28.155313],[-105.529616,28.155175],[-105.52994,28.155147],[-105.530289,28.15512],[-105.530761,28.155134],[-105.531453,28.155397],[-105.531676,28.155503],[-105.531896,28.155537],[-105.532132,28.155511],[-105.532446,28.155357],[-105.532656,28.155238],[-105.532852,28.155087],[-105.533041,28.155083],[-105.533232,28.155162],[-105.533401,28.155274],[-105.533582,28.155427],[-105.533704,28.15556],[-105.533769,28.155779],[-105.533929,28.156005],[-105.533664,28.156447]]]}},{"type":"Feature","properties":{"modulo":5,"idparcela":"2766","productor":"ARMENDARIZ CARLOS EFRAIN","cultivo":null,"superficie_fisica_ha":24.05,"superficie_riego_ha":24.05,"hectareas":0},"geometry":{"type":"Polygon","coordinates":[[[-105.53632,28.157478],[-105.53439,28.156251],[-105.534143,28.155996],[-105.534023,28.155855],[-105.533894,28.155686],[-105.533811,28.155455],[-105.533493,28.15516],[-105.533054,28.15495],[-105.532807,28.154983],[-105.532594,28.155124],[-105.532426,28.15521],[-105.531999,28.155412],[-105.53175,28.155376],[-105.531375,28.15524],[-105.530631,28.154941],[-105.530864,28.153767],[-105.53093,28.153242],[-105.530892,28.153183],[-105.539526,28.153288],[-105.539383,28.153499],[-105.538599,28.154521],[-105.538128,28.155218],[-105.537856,28.155429],[-105.53743,28.155953],[-105.53632,28.157478]]]}},{"type":"Feature","properties":{"modulo":5,"idparcela":"2764","productor":"MARQUEZ CORRALES SILVERIO","cultivo":null,"superficie_fisica_ha":24.1,"superficie_riego_ha":24.05,"hectareas":0},"geometry":{"type":"Polygon","coordinates":[[[-105.530892,28.153183],[-105.530741,28.152945],[-105.530325,28.151988],[-105.530079,28.151434],[-105.530076,28.15131],[-105.530173,28.151228],[-105.530291,28.151155],[-105.53042,28.15109],[-105.530496,28.151013],[-105.540542,28.150949],[-105.540549,28.151083],[-105.540524,28.151549],[-105.540337,28.151996],[-105.540073,28.152479],[-105.539526,28.153288],[-105.530892,28.153183]]]}},{"type":"Feature","properties":{"modulo":5,"idparcela":"2761","productor":"AGRICOLA LOS PINABETES SPR DE RL DE CV.","cultivo":null,"superficie_fisica_ha":24.5,"superficie_riego_ha":24.5,"hectareas":0},"geometry":{"type":"Polygon","coordinates":[[[-105.530275,28.149821],[-105.530736,28.149728],[-105.531674,28.149606],[-105.533868,28.149284],[-105.53516,28.149113],[-105.537446,28.148748],[-105.537926,28.148686],[-105.538212,28.148639],[-105.538624,28.14859],[-105.539047,28.14854],[-105.539369,28.148583],[-105.539635,28.148639],[-105.539834,28.148767],[-105.540052,28.148792],[-105.540452,28.14878],[-105.540465,28.149422],[-105.540542,28.150949],[-105.530496,28.151013],[-105.530536,28.150972],[-105.530582,28.150821],[-105.530543,28.150709],[-105.530445,28.150549],[-105.530311,28.150401],[-105.530246,28.150243],[-105.530241,28.150048],[-105.530275,28.149821]]]}},{"type":"Feature","properties":{"modulo":5,"idparcela":"2762","productor":"AGRICOLA LOS PINABETES SPR DE RL DE CV.","cultivo":null,"superficie_fisica_ha":24.5,"superficie_riego_ha":24.25,"hectareas":0},"geometry":{"type":"Polygon","coordinates":[[[-105.54048,28.148631],[-105.540049,28.148664],[-105.53983,28.148639],[-105.539632,28.148515],[-105.539366,28.148462],[-105.539044,28.148419],[-105.53862,28.148468],[-105.538208,28.148517],[-105.537923,28.148562],[-105.537442,28.148622],[-105.535157,28.148978],[-105.533864,28.149144],[-105.531669,28.149459],[-105.530732,28.149578],[-105.530271,28.149667],[-105.530443,28.148569],[-105.534322,28.147023],[-105.538227,28.14539],[-105.540217,28.144551],[-105.540306,28.144592],[-105.54043,28.147727],[-105.54048,28.148631]]]}},{"type":"Feature","properties":{"modulo":5,"idparcela":"2671","productor":"RUIZ SERNA JUAN","cultivo":null,"superficie_fisica_ha":53.15,"superficie_riego_ha":53.15,"hectareas":0},"geometry":{"type":"Polygon","coordinates":[[[-105.513713,28.16707],[-105.513636,28.167087],[-105.51355,28.167058],[-105.51331,28.166818],[-105.513099,28.16667],[-105.512938,28.166592],[-105.512781,28.166568],[-105.512527,28.166547],[-105.512289,28.166525],[-105.512138,28.166475],[-105.51197,28.166292],[-105.511722,28.165937],[-105.509902,28.163614],[-105.509685,28.163285],[-105.509367,28.16297],[-105.50864,28.162093],[-105.506279,28.159022],[-105.512924,28.156128],[-105.513829,28.155769],[-105.513774,28.161427],[-105.513713,28.16707]]]}},{"type":"Feature","properties":{"modulo":5,"idparcela":"2048","productor":"HOLGUIN JURADO ANTONIO","cultivo":null,"superficie_fisica_ha":24.27,"superficie_riego_ha":24.27,"hectareas":0},"geometry":{"type":"Polygon","coordinates":[[[-105.519761,28.16212],[-105.519778,28.162184],[-105.517871,28.164115],[-105.516928,28.165734],[-105.516687,28.166214],[-105.5164,28.16667],[-105.5162,28.167017],[-105.516011,28.167193],[-105.515759,28.167278],[-105.515371,28.167339],[-105.514952,28.167348],[-105.514128,28.167287],[-105.5138,28.167214],[-105.513881,28.161792],[-105.514263,28.161916],[-105.514522,28.161971],[-105.515107,28.161988],[-105.515774,28.161883],[-105.516374,28.16181],[-105.516769,28.161801],[-105.517371,28.161803],[-105.51837,28.161872],[-105.519267,28.161988],[-105.51971,28.162071],[-105.519761,28.16212]]]}},{"type":"Feature","properties":{"modulo":5,"idparcela":"2657","productor":"RUIZ SALINAS SERGIO","cultivo":null,"superficie_fisica_ha":37.55,"superficie_riego_ha":18.7,"hectareas":0},"geometry":{"type":"Polygon","coordinates":[[[-105.513911,28.158674],[-105.513922,28.155754],[-105.51588,28.154896],[-105.517078,28.154369],[-105.517329,28.154271],[-105.517502,28.154288],[-105.520136,28.156202],[-105.520186,28.156227],[-105.513911,28.158674]]]}},{"type":"Feature","properties":{"modulo":5,"idparcela":"2660","productor":"RUIZ SALINAS SERGIO","cultivo":null,"superficie_fisica_ha":36.05,"superficie_riego_ha":36.05,"hectareas":0},"geometry":{"type":"Polygon","coordinates":[[[-105.523506,28.158452],[-105.52321,28.158577],[-105.52296,28.158754],[-105.52267,28.159064],[-105.522335,28.159414],[-105.520473,28.161342],[-105.519884,28.161993],[-105.519263,28.161847],[-105.51836,28.161746],[-105.517367,28.161662],[-105.516765,28.161661],[-105.516357,28.16169],[-105.51577,28.161742],[-105.515103,28.161847],[-105.514612,28.161852],[-105.514231,28.161786],[-105.513877,28.161651],[-105.513893,28.161488],[-105.513902,28.161364],[-105.513911,28.158674],[-105.520186,28.156227],[-105.522109,28.157176],[-105.522786,28.157559],[-105.523506,28.158452]]]}},{"type":"Feature","properties":{"modulo":5,"idparcela":"0","productor":null,"cultivo":null,"superficie_fisica_ha":0,"superficie_riego_ha":0,"hectareas":0},"geometry":{"type":"Polygon","coordinates":[[[-105.518295,28.168658],[-105.519884,28.166807],[-105.520385,28.166223],[-105.520911,28.165733],[-105.521657,28.165431],[-105.522185,28.165037],[-105.522994,28.164656],[-105.523789,28.164524],[-105.524529,28.164508],[-105.524517,28.165287],[-105.524513,28.167191],[-105.524148,28.168176],[-105.523507,28.169759],[-105.523468,28.170018],[-105.521526,28.17003],[-105.521029,28.170011],[-105.520698,28.169888],[-105.520262,28.169668],[-105.519962,28.169414],[-105.519512,28.169073],[-105.519178,28.16884],[-105.518951,28.168795],[-105.518875,28.168907],[-105.518295,28.168658]]]}},{"type":"Feature","properties":{"modulo":5,"idparcela":"2642","productor":"PONCE GOMEZ GABINA","cultivo":null,"superficie_fisica_ha":32.65,"superficie_riego_ha":26.23,"hectareas":0},"geometry":{"type":"Polygon","coordinates":[[[-105.516666,28.167731],[-105.516513,28.168138],[-105.515963,28.169401],[-105.514896,28.171666],[-105.514246,28.173024],[-105.513377,28.173572],[-105.513073,28.173739],[-105.513014,28.173891],[-105.51309,28.174351],[-105.513153,28.174708],[-105.513172,28.175],[-105.513213,28.17533],[-105.513306,28.17562],[-105.513483,28.175871],[-105.513585,28.176095],[-105.51359,28.176274],[-105.513532,28.176483],[-105.513288,28.176488],[-105.508785,28.176473],[-105.509025,28.176307],[-105.509253,28.176076],[-105.509405,28.175799],[-105.509669,28.175331],[-105.509896,28.175081],[-105.510093,28.174888],[-105.510322,28.174685],[-105.51052,28.174539],[-105.510859,28.174475],[-105.511164,28.174374],[-105.51129,28.174287],[-105.511358,28.174078],[-105.51136,28.173738],[-105.511371,28.173389],[-105.511497,28.172924],[-105.511727,28.172391],[-105.511961,28.17199],[-105.512557,28.171241],[-105.512708,28.170908],[-105.512722,28.170644],[-105.512664,28.170117],[-105.512694,28.169754],[-105.512805,28.169435],[-105.513486,28.168213],[-105.51378,28.167698],[-105.513869,28.167645],[-105.514091,28.16765],[-105.514428,28.167673],[-105.515779,28.167735],[-105.516108,28.167716],[-105.516299,28.167662],[-105.516339,28.167589],[-105.516666,28.167731]]]}},{"type":"Feature","properties":{"modulo":5,"idparcela":"2674","productor":"CARRASCO AMPARAN VICTOR","cultivo":null,"superficie_fisica_ha":6,"superficie_riego_ha":6,"hectareas":0},"geometry":{"type":"Polygon","coordinates":[[[-105.503018,28.16037],[-105.504439,28.161813],[-105.502338,28.162832],[-105.50218,28.162898],[-105.501939,28.162751],[-105.501764,28.162634],[-105.501541,28.162502],[-105.500926,28.162132],[-105.50077,28.162052],[-105.500692,28.162022],[-105.500497,28.16201],[-105.500218,28.16199],[-105.499867,28.161972],[-105.499684,28.16197],[-105.499499,28.161932],[-105.499373,28.161877],[-105.499635,28.161748],[-105.503018,28.16037]]]}},{"type":"Feature","properties":{"modulo":5,"idparcela":"2675","productor":"GINER CARRASCO JESUS HEMIR","cultivo":null,"superficie_fisica_ha":6.3,"superficie_riego_ha":6.3,"hectareas":0},"geometry":{"type":"Polygon","coordinates":[[[-105.504749,28.164098],[-105.504729,28.164033],[-105.504651,28.163927],[-105.504519,28.163809],[-105.504372,28.163685],[-105.503836,28.163461],[-105.503419,28.163354],[-105.503036,28.163226],[-105.502741,28.16307],[-105.502338,28.162832],[-105.507231,28.16046],[-105.507428,28.160716],[-105.508431,28.16208],[-105.508472,28.162279],[-105.508522,28.162388],[-105.508847,28.16278],[-105.508863,28.162803],[-105.508143,28.163253],[-105.50776,28.163449],[-105.507638,28.163478],[-105.507505,28.163468],[-105.506883,28.16339],[-105.506395,28.163352],[-105.506291,28.163337],[-105.506244,28.163399],[-105.506257,28.163418],[-105.504749,28.164098]]]}},{"type":"Feature","properties":{"modulo":5,"idparcela":"2674","productor":"CARRASCO AMPARAN VICTOR","cultivo":null,"superficie_fisica_ha":6,"superficie_riego_ha":6,"hectareas":0},"geometry":{"type":"Polygon","coordinates":[[[-105.5096,28.16381],[-105.506925,28.166528],[-105.506764,28.166516],[-105.506568,28.166504],[-105.506394,28.166419],[-105.506206,28.166244],[-105.505951,28.16604],[-105.505783,28.165944],[-105.505592,28.165906],[-105.505487,28.165956],[-105.505399,28.165994],[-105.505274,28.165986],[-105.505144,28.165908],[-105.505014,28.165772],[-105.504871,28.165549],[-105.504794,28.16532],[-105.504793,28.165073],[-105.504788,28.164233],[-105.504749,28.164098],[-105.506257,28.163418],[-105.506305,28.163489],[-105.506705,28.16355],[-105.507031,28.163591],[-105.507416,28.163644],[-105.507579,28.163662],[-105.507706,28.163633],[-105.507813,28.163596],[-105.508018,28.163526],[-105.508221,28.163413],[-105.50855,28.16321],[-105.508959,28.162942],[-105.509057,28.163085],[-105.5096,28.16381]]]}},{"type":"Feature","properties":{"modulo":5,"idparcela":"2667","productor":"LASCURAIN N ANA MARIA","cultivo":null,"superficie_fisica_ha":24.4,"superficie_riego_ha":21.162,"hectareas":0},"geometry":{"type":"Polygon","coordinates":[[[-105.490181,28.173428],[-105.49005,28.173625],[-105.489988,28.17363],[-105.489921,28.173603],[-105.489712,28.173486],[-105.489561,28.173479],[-105.489276,28.173295],[-105.488684,28.172907],[-105.488016,28.172501],[-105.483481,28.169911],[-105.483158,28.169741],[-105.482863,28.169526],[-105.482686,28.169344],[-105.482643,28.169165],[-105.48271,28.16908],[-105.483589,28.168681],[-105.483985,28.168901],[-105.484325,28.169073],[-105.484569,28.169158],[-105.484828,28.169208],[-105.484937,28.169198],[-105.485085,28.169202],[-105.48521,28.169199],[-105.485404,28.16914],[-105.485581,28.169046],[-105.485817,28.168861],[-105.486029,28.168622],[-105.48635,28.16838],[-105.486631,28.16809],[-105.486902,28.167725],[-105.487013,28.167522],[-105.487178,28.167276],[-105.487224,28.167234],[-105.488511,28.166681],[-105.488606,28.166706],[-105.489434,28.168189],[-105.487348,28.167437],[-105.487283,28.167438],[-105.487225,28.167489],[-105.487184,28.167542],[-105.487193,28.167634],[-105.487263,28.167673],[-105.48963,28.168558],[-105.490426,28.169917],[-105.491267,28.171305],[-105.491322,28.171575],[-105.491268,28.171744],[-105.491011,28.17216],[-105.49067,28.172692],[-105.490181,28.173428]]]}},{"type":"Feature","properties":{"modulo":5,"idparcela":"2647","productor":"TORRES GUEVARA GONZALO RAFAEL","cultivo":null,"superficie_fisica_ha":52,"superficie_riego_ha":50,"hectareas":0},"geometry":{"type":"Polygon","coordinates":[[[-105.50447,28.169558],[-105.500332,28.169514],[-105.50034,28.169786],[-105.500327,28.169787],[-105.500071,28.169792],[-105.499814,28.169809],[-105.499582,28.16978],[-105.499482,28.169851],[-105.499431,28.169874],[-105.499383,28.169989],[-105.499283,28.170082],[-105.499232,28.170095],[-105.499053,28.170144],[-105.498514,28.170156],[-105.497908,28.17016],[-105.497867,28.162968],[-105.49786,28.162866],[-105.497856,28.162774],[-105.4979,28.162725],[-105.497981,28.162729],[-105.498248,28.162835],[-105.498481,28.162898],[-105.49861,28.162918],[-105.498749,28.162847],[-105.498861,28.162696],[-105.498981,28.162387],[-105.499106,28.16227],[-105.499386,28.162173],[-105.499963,28.162172],[-105.500387,28.162174],[-105.500619,28.162203],[-105.50105,28.162456],[-105.501507,28.162742],[-105.502069,28.163116],[-105.502552,28.163402],[-105.502943,28.163609],[-105.503256,28.163785],[-105.503577,28.163789],[-105.503986,28.163881],[-105.504328,28.164046],[-105.504525,28.164201],[-105.50447,28.169558]]]}},{"type":"Feature","properties":{"modulo":5,"idparcela":"2650","productor":"MARQUEZ GUTIERREZ MARCO ANTONIO","cultivo":null,"superficie_fisica_ha":49.25,"superficie_riego_ha":49.25,"hectareas":0},"geometry":{"type":"Polygon","coordinates":[[[-105.500327,28.169787],[-105.50034,28.169786],[-105.500332,28.169514],[-105.50447,28.169558],[-105.5044,28.176412],[-105.504428,28.176414],[-105.497894,28.176411],[-105.497908,28.17042],[-105.499638,28.170393],[-105.499998,28.17042],[-105.500242,28.170414],[-105.500328,28.170299],[-105.500335,28.170082],[-105.500327,28.169787]]]}},{"type":"Feature","properties":{"modulo":5,"idparcela":"3126","productor":"VEGA GLORIA SALVADOR","cultivo":null,"superficie_fisica_ha":10.25,"superficie_riego_ha":10.25,"hectareas":0},"geometry":{"type":"Polygon","coordinates":[[[-105.544141,28.16085],[-105.544451,28.160903],[-105.545101,28.161016],[-105.545221,28.1611],[-105.545322,28.161222],[-105.543989,28.163381],[-105.543943,28.163555],[-105.543956,28.163764],[-105.54406,28.164133],[-105.543899,28.16431],[-105.543527,28.164011],[-105.542683,28.163467],[-105.542295,28.163292],[-105.541425,28.16306],[-105.541184,28.16291],[-105.541005,28.162769],[-105.540658,28.162565],[-105.540946,28.16207],[-105.541504,28.161151],[-105.541891,28.160433],[-105.54337,28.16072],[-105.544141,28.16085]]]}},{"type":"Feature","properties":{"modulo":5,"idparcela":"3137","productor":"BUENO LOERA ISIDRO","cultivo":null,"superficie_fisica_ha":6.175,"superficie_riego_ha":6.175,"hectareas":0},"geometry":{"type":"Polygon","coordinates":[[[-105.539224,28.162681],[-105.53906,28.162608],[-105.538851,28.162525],[-105.5388,28.162474],[-105.538786,28.162398],[-105.539613,28.159979],[-105.54113,28.160275],[-105.541891,28.160433],[-105.541504,28.161151],[-105.540946,28.16207],[-105.540658,28.162565],[-105.540555,28.162701],[-105.540454,28.162801],[-105.540377,28.162854],[-105.540236,28.162899],[-105.540097,28.162917],[-105.539972,28.16291],[-105.539862,28.162891],[-105.539224,28.162681]]]}},{"type":"Feature","properties":{"modulo":5,"idparcela":"3136","productor":"BUENO ORTIZ EULOGIO","cultivo":null,"superficie_fisica_ha":5.6335,"superficie_riego_ha":5.6335,"hectareas":0},"geometry":{"type":"Polygon","coordinates":[[[-105.541381,28.158128],[-105.541443,28.158138],[-105.541622,28.158167],[-105.542436,28.158295],[-105.541891,28.160433],[-105.54113,28.160275],[-105.539613,28.159979],[-105.539633,28.159798],[-105.539583,28.159631],[-105.540007,28.157883],[-105.541157,28.158094],[-105.541381,28.158128]]]}},{"type":"Feature","properties":{"modulo":5,"idparcela":"3124","productor":"MARQUEZ QUINONES MARCIAL","cultivo":null,"superficie_fisica_ha":4.6413,"superficie_riego_ha":4.6413,"hectareas":0},"geometry":{"type":"Polygon","coordinates":[[[-105.545322,28.161222],[-105.545221,28.1611],[-105.545101,28.161016],[-105.544451,28.160903],[-105.544141,28.16085],[-105.544625,28.158676],[-105.54695,28.159101],[-105.546718,28.159206],[-105.546973,28.159207],[-105.547151,28.159238],[-105.547102,28.159304],[-105.546848,28.15953],[-105.545831,28.160391],[-105.545593,28.160666],[-105.545322,28.161222]]]}},{"type":"Feature","properties":{"modulo":5,"idparcela":"3125","productor":"MENDOZA MARQUEZ HECTOR RUBEN","cultivo":null,"superficie_fisica_ha":5.425,"superficie_riego_ha":5.425,"hectareas":0},"geometry":{"type":"Polygon","coordinates":[[[-105.542436,28.158295],[-105.54345,28.158468],[-105.543815,28.158528],[-105.544625,28.158676],[-105.544141,28.16085],[-105.54337,28.16072],[-105.541891,28.160433],[-105.542436,28.158295]]]}},{"type":"Feature","properties":{"modulo":5,"idparcela":"3135","productor":"MARQUEZ GUTIERREZ MARCO ANTONIO","cultivo":null,"superficie_fisica_ha":7.677,"superficie_riego_ha":7.677,"hectareas":0},"geometry":{"type":"Polygon","coordinates":[[[-105.539329,28.157701],[-105.539506,28.157738],[-105.539682,28.157781],[-105.539887,28.157822],[-105.539453,28.159611],[-105.539404,28.159904],[-105.53922,28.160464],[-105.539003,28.161125],[-105.538513,28.162506],[-105.53682,28.161752],[-105.537853,28.159853],[-105.538887,28.157901],[-105.538986,28.157731],[-105.539037,28.157698],[-105.539099,28.157683],[-105.539329,28.157701]]]}},{"type":"Feature","properties":{"modulo":5,"idparcela":"2669","productor":"AUN AUN ANTONIO","cultivo":null,"superficie_fisica_ha":32.05,"superficie_riego_ha":32.05,"hectareas":0},"geometry":{"type":"Polygon","coordinates":[[[-105.503078,28.181016],[-105.502654,28.181014],[-105.502588,28.179323],[-105.501496,28.179306],[-105.501477,28.17783],[-105.501474,28.176802],[-105.501517,28.176756],[-105.501591,28.176714],[-105.503605,28.176715],[-105.504376,28.176724],[-105.504446,28.176733],[-105.504482,28.17677],[-105.504495,28.176863],[-105.504507,28.177918],[-105.504538,28.179371],[-105.504552,28.180382],[-105.50455,28.181473],[-105.50329,28.18149],[-105.503223,28.18136],[-105.503143,28.181265],[-105.503121,28.181163],[-105.503078,28.181016]]]}},{"type":"Feature","properties":{"modulo":5,"idparcela":"2682","productor":"AUN AUN ANTONIO","cultivo":null,"superficie_fisica_ha":10.4,"superficie_riego_ha":10.4,"hectareas":0},"geometry":{"type":"Polygon","coordinates":[[[-105.496369,28.179601],[-105.495365,28.17961],[-105.494413,28.179617],[-105.494411,28.178993],[-105.494097,28.178245],[-105.493728,28.177434],[-105.493437,28.176713],[-105.495352,28.176716],[-105.496356,28.176721],[-105.496369,28.177217],[-105.496368,28.178264],[-105.496369,28.179601]]]}},{"type":"Feature","properties":{"modulo":5,"idparcela":"2670","productor":"INIFAP","cultivo":null,"superficie_fisica_ha":15,"superficie_riego_ha":15,"hectareas":0},"geometry":{"type":"Polygon","coordinates":[[[-105.494413,28.179617],[-105.495365,28.17961],[-105.496369,28.179601],[-105.496502,28.179598],[-105.496465,28.181148],[-105.496466,28.181348],[-105.496456,28.181507],[-105.495728,28.181515],[-105.496237,28.182826],[-105.495453,28.183086],[-105.495295,28.183132],[-105.495157,28.183133],[-105.495075,28.183079],[-105.494885,28.182809],[-105.494474,28.182126],[-105.494435,28.182041],[-105.494428,28.181511],[-105.494413,28.179617]]]}},{"type":"Feature","properties":{"modulo":5,"idparcela":"2049","productor":"PRODUCTORA NACIONAL DE SEMILLAS","cultivo":null,"superficie_fisica_ha":3,"superficie_riego_ha":3,"hectareas":0},"geometry":{"type":"Polygon","coordinates":[[[-105.496456,28.181507],[-105.496505,28.181612],[-105.496544,28.181697],[-105.496918,28.181574],[-105.497156,28.181483],[-105.497388,28.182484],[-105.496237,28.182826],[-105.495728,28.181515],[-105.496456,28.181507]]]}},{"type":"Feature","properties":{"modulo":5,"idparcela":"2669","productor":"AUN AUN ANTONIO","cultivo":null,"superficie_fisica_ha":32.05,"superficie_riego_ha":32.05,"hectareas":0},"geometry":{"type":"Polygon","coordinates":[[[-105.497156,28.181483],[-105.496918,28.181574],[-105.496544,28.181697],[-105.496505,28.181612],[-105.496456,28.181507],[-105.496466,28.181348],[-105.496465,28.181148],[-105.496502,28.179598],[-105.496508,28.17937],[-105.49648,28.177483],[-105.498383,28.177408],[-105.498476,28.177399],[-105.498513,28.177354],[-105.498519,28.176997],[-105.498512,28.176874],[-105.498513,28.176778],[-105.498589,28.176725],[-105.498747,28.176715],[-105.498996,28.176713],[-105.501406,28.176714],[-105.501405,28.177226],[-105.501393,28.178914],[-105.501381,28.179654],[-105.501078,28.179655],[-105.500231,28.179659],[-105.500163,28.179579],[-105.50006,28.179469],[-105.500002,28.179506],[-105.500001,28.179569],[-105.500028,28.180191],[-105.500004,28.180363],[-105.499918,28.180444],[-105.499786,28.180463],[-105.499726,28.180508],[-105.49971,28.180743],[-105.499678,28.180797],[-105.499613,28.180896],[-105.499591,28.181041],[-105.499605,28.181348],[-105.499588,28.181528],[-105.499575,28.1816],[-105.499522,28.181727],[-105.49945,28.181772],[-105.499266,28.181836],[-105.49899,28.181918],[-105.498757,28.182001],[-105.497788,28.182338],[-105.497538,28.182384],[-105.497436,28.182348],[-105.497396,28.182182],[-105.497254,28.181514],[-105.497156,28.181483]]]}},{"type":"Feature","properties":{"modulo":5,"idparcela":"2665","productor":"DE LA GARZA GARZA J.LEONARDO","cultivo":null,"superficie_fisica_ha":21.55,"superficie_riego_ha":17.752,"hectareas":0},"geometry":{"type":"Polygon","coordinates":[[[-105.491754,28.168244],[-105.491635,28.16844],[-105.49156,28.168563],[-105.491276,28.168976],[-105.491063,28.169317],[-105.490871,28.169643],[-105.490821,28.169667],[-105.490719,28.169655],[-105.490265,28.16887],[-105.490079,28.168555],[-105.489942,28.16832],[-105.489965,28.168209],[-105.489745,28.167842],[-105.489653,28.167821],[-105.488964,28.166559],[-105.48929,28.166405],[-105.490136,28.166041],[-105.491901,28.165286],[-105.491957,28.165322],[-105.492449,28.165338],[-105.492617,28.165247],[-105.492821,28.165165],[-105.493029,28.165092],[-105.493281,28.164983],[-105.49355,28.164856],[-105.493839,28.164747],[-105.494137,28.164628],[-105.494446,28.164537],[-105.494743,28.164482],[-105.494967,28.164445],[-105.495196,28.164363],[-105.495416,28.164154],[-105.495396,28.164046],[-105.495478,28.163983],[-105.49561,28.163946],[-105.495847,28.163891],[-105.496081,28.163836],[-105.496257,28.163799],[-105.496395,28.163718],[-105.496479,28.163618],[-105.496683,28.163419],[-105.496858,28.163247],[-105.497043,28.163138],[-105.497177,28.163092],[-105.497399,28.163019],[-105.497451,28.163064],[-105.49749,28.164937],[-105.497515,28.16637],[-105.497441,28.166457],[-105.497418,28.166951],[-105.497454,28.167225],[-105.497454,28.167474],[-105.497464,28.167793],[-105.497458,28.168063],[-105.497469,28.168497],[-105.497461,28.168751],[-105.497394,28.168831],[-105.496647,28.168833],[-105.496272,28.168835],[-105.495369,28.168847],[-105.494854,28.168849],[-105.494365,28.168869],[-105.494124,28.168861],[-105.494053,28.168816],[-105.494052,28.168563],[-105.494058,28.16822],[-105.494038,28.167995],[-105.493979,28.167805],[-105.493768,28.167418],[-105.493211,28.166472],[-105.493058,28.166482],[-105.492733,28.166871],[-105.492449,28.167258],[-105.492053,28.167838],[-105.491754,28.168244]]]}},{"type":"Feature","properties":{"modulo":5,"idparcela":"2666","productor":"TERRAZAS VILLALOBOS JORGE LUIS","cultivo":null,"superficie_fisica_ha":49.3,"superficie_riego_ha":44.3197,"hectareas":0},"geometry":{"type":"Polygon","coordinates":[[[-105.491345,28.172507],[-105.491579,28.172092],[-105.491812,28.171811],[-105.491859,28.171684],[-105.491853,28.171558],[-105.491811,28.171432],[-105.491692,28.171252],[-105.491599,28.171081],[-105.491361,28.170603],[-105.491235,28.170432],[-105.491134,28.170252],[-105.4911,28.170081],[-105.491116,28.169918],[-105.491483,28.169385],[-105.492562,28.167729],[-105.493159,28.166797],[-105.493418,28.167294],[-105.493688,28.167745],[-105.493782,28.16788],[-105.493864,28.168061],[-105.493905,28.168383],[-105.493868,28.170062],[-105.493864,28.172279],[-105.493867,28.174245],[-105.49386,28.175388],[-105.493873,28.175879],[-105.49391,28.176073],[-105.49396,28.176194],[-105.493952,28.176254],[-105.493913,28.176306],[-105.49383,28.176352],[-105.493673,28.176371],[-105.493506,28.176371],[-105.493384,28.176335],[-105.493269,28.176218],[-105.493171,28.176084],[-105.492897,28.175525],[-105.492523,28.175102],[-105.492503,28.175003],[-105.492369,28.174895],[-105.492086,28.174815],[-105.491582,28.174546],[-105.491345,28.174412],[-105.490611,28.173972],[-105.490545,28.173909],[-105.4905,28.173837],[-105.490553,28.173711],[-105.490701,28.173448],[-105.49103,28.172924],[-105.491345,28.172507]]]}},{"type":"Feature","properties":{"modulo":5,"idparcela":"2668","productor":"UNIVERSIDAD AUTONOMA DE CHIHUAHUA","cultivo":null,"superficie_fisica_ha":30.5,"superficie_riego_ha":28,"hectareas":0},"geometry":{"type":"Polygon","coordinates":[[[-105.494184,28.176152],[-105.494083,28.176098],[-105.49405,28.175972],[-105.494047,28.173581],[-105.494054,28.171189],[-105.494051,28.169141],[-105.495151,28.169146],[-105.496594,28.169141],[-105.497464,28.169128],[-105.497514,28.169209],[-105.497538,28.169372],[-105.497536,28.170003],[-105.497531,28.171321],[-105.497551,28.173631],[-105.497553,28.174985],[-105.497549,28.17605],[-105.49755,28.176248],[-105.497473,28.176321],[-105.497389,28.176375],[-105.495697,28.176363],[-105.494741,28.176394],[-105.494501,28.176268],[-105.494405,28.176242],[-105.494184,28.176152]]]}},{"type":"Feature","properties":{"modulo":5,"idparcela":"2770","productor":"ORTIZ RUIZ FRANCISCO","cultivo":null,"superficie_fisica_ha":15.85,"superficie_riego_ha":13.35,"hectareas":0},"geometry":{"type":"Polygon","coordinates":[[[-105.527464,28.146139],[-105.527521,28.145977],[-105.527653,28.145895],[-105.527834,28.145912],[-105.527974,28.145966],[-105.528106,28.146137],[-105.528683,28.146884],[-105.52967,28.148128],[-105.529885,28.148404],[-105.529965,28.148485],[-105.529945,28.148548],[-105.529857,28.148612],[-105.529399,28.148803],[-105.528951,28.14903],[-105.52824,28.149312],[-105.528044,28.149429],[-105.527812,28.14953],[-105.52675,28.149969],[-105.525661,28.150433],[-105.525449,28.150506],[-105.525363,28.150506],[-105.52528,28.15047],[-105.525229,28.150407],[-105.525185,28.150219],[-105.525137,28.149804],[-105.525055,28.148805],[-105.524951,28.147335],[-105.524926,28.146582],[-105.525033,28.146709],[-105.525127,28.146835],[-105.525266,28.146944],[-105.525333,28.147086],[-105.525373,28.147257],[-105.526961,28.147314],[-105.526929,28.147188],[-105.52679,28.147062],[-105.52685,28.146954],[-105.526899,28.146963],[-105.527035,28.146971],[-105.527145,28.146953],[-105.527238,28.146862],[-105.527303,28.146699],[-105.527365,28.146519],[-105.527421,28.14632],[-105.527464,28.146139]]]}},{"type":"Feature","properties":{"modulo":5,"idparcela":"2758","productor":"BURROLA DELGADO RAFAEL","cultivo":null,"superficie_fisica_ha":12.85,"superficie_riego_ha":12.25,"hectareas":0},"geometry":{"type":"Polygon","coordinates":[[[-105.540211,28.141028],[-105.54023,28.14194],[-105.540241,28.142247],[-105.540219,28.142373],[-105.540094,28.14243],[-105.539971,28.142438],[-105.535635,28.142467],[-105.531991,28.142495],[-105.531945,28.142478],[-105.531881,28.142422],[-105.531831,28.142377],[-105.531804,28.142322],[-105.5318,28.142201],[-105.531773,28.142131],[-105.531717,28.142089],[-105.531637,28.142046],[-105.531536,28.141944],[-105.531509,28.14178],[-105.531528,28.141521],[-105.531521,28.141182],[-105.531522,28.14102],[-105.531693,28.141023],[-105.540211,28.141028]]]}},{"type":"Feature","properties":{"modulo":5,"idparcela":"2757","productor":"BURROLA FLORES OSWALDO","cultivo":null,"superficie_fisica_ha":12.8,"superficie_riego_ha":12.8,"hectareas":0},"geometry":{"type":"Polygon","coordinates":[[[-105.539184,28.139688],[-105.539977,28.139697],[-105.540115,28.139748],[-105.540171,28.13982],[-105.540179,28.139883],[-105.540211,28.141028],[-105.531693,28.141023],[-105.531522,28.14102],[-105.531571,28.140676],[-105.531712,28.140044],[-105.531754,28.139877],[-105.531806,28.139726],[-105.531839,28.13969],[-105.531971,28.13968],[-105.532241,28.13967],[-105.535851,28.139683],[-105.539184,28.139688]]]}},{"type":"Feature","properties":{"modulo":5,"idparcela":"2759","productor":"BURROLA DELGADO RAFAEL","cultivo":null,"superficie_fisica_ha":21.15,"superficie_riego_ha":20.5,"hectareas":0},"geometry":{"type":"Polygon","coordinates":[[[-105.531151,28.143768],[-105.53125,28.143479],[-105.531336,28.143352],[-105.531436,28.143262],[-105.531644,28.143134],[-105.53185,28.143016],[-105.531983,28.142912],[-105.532094,28.142834],[-105.532272,28.142789],[-105.532554,28.142774],[-105.532902,28.142775],[-105.54016,28.142735],[-105.540313,28.14278],[-105.540346,28.142963],[-105.540263,28.143015],[-105.540268,28.143198],[-105.540299,28.143306],[-105.540285,28.14349],[-105.540365,28.14363],[-105.540479,28.143686],[-105.540499,28.143759],[-105.540399,28.143863],[-105.540195,28.143976],[-105.539933,28.144122],[-105.539661,28.144204],[-105.539226,28.144359],[-105.538788,28.144559],[-105.538285,28.144823],[-105.537999,28.144969],[-105.537586,28.145154],[-105.530963,28.145112],[-105.53105,28.144897],[-105.531069,28.144635],[-105.5311,28.144274],[-105.531151,28.143768]]]}},{"type":"Feature","properties":{"modulo":5,"idparcela":"2760","productor":"BURROLA DELGADO RAFAEL","cultivo":null,"superficie_fisica_ha":10.9,"superficie_riego_ha":10.9,"hectareas":0},"geometry":{"type":"Polygon","coordinates":[[[-105.530503,28.146754],[-105.530649,28.146423],[-105.530795,28.145863],[-105.530963,28.145112],[-105.537586,28.145154],[-105.537294,28.145296],[-105.536926,28.145478],[-105.536436,28.145697],[-105.535075,28.146235],[-105.533414,28.146963],[-105.532336,28.147445],[-105.531321,28.147846],[-105.530725,28.148083],[-105.530562,28.148129],[-105.530421,28.148193],[-105.530292,28.148229],[-105.530193,28.148221],[-105.530147,28.148149],[-105.530107,28.148041],[-105.530129,28.147932],[-105.530189,28.14777],[-105.530259,28.147625],[-105.530354,28.147372],[-105.530503,28.146754]]]}},{"type":"Feature","properties":{"modulo":5,"idparcela":"2771","productor":"VILLANUEVA PAYAN FRANCISCO","cultivo":null,"superficie_fisica_ha":30.05,"superficie_riego_ha":23.67,"hectareas":0},"geometry":{"type":"Polygon","coordinates":[[[-105.531148,28.137581],[-105.531249,28.137909],[-105.531368,28.138552],[-105.531381,28.139019],[-105.531358,28.139547],[-105.531023,28.14093],[-105.531002,28.141554],[-105.530961,28.142615],[-105.530666,28.143474],[-105.530614,28.143808],[-105.530618,28.144489],[-105.530113,28.146821],[-105.52984,28.147739],[-105.529764,28.147834],[-105.529607,28.147852],[-105.529526,28.147784],[-105.528231,28.146121],[-105.528278,28.146059],[-105.528648,28.144934],[-105.528945,28.143331],[-105.528981,28.141],[-105.529049,28.140625],[-105.529259,28.140354],[-105.528794,28.138534],[-105.528766,28.138375],[-105.528767,28.138281],[-105.528998,28.138213],[-105.531148,28.137581]]]}},{"type":"Feature","properties":{"modulo":5,"idparcela":"2698","productor":"AGROPECUARIA SAN JOSE DEL VADO SPR DE RL","cultivo":null,"superficie_fisica_ha":29.07,"superficie_riego_ha":28.6,"hectareas":0},"geometry":{"type":"Polygon","coordinates":[[[-105.519521,28.12361],[-105.51952,28.124114],[-105.519508,28.125383],[-105.519508,28.125422],[-105.519541,28.126461],[-105.51623,28.12649],[-105.513978,28.126494],[-105.511642,28.12648],[-105.511479,28.126105],[-105.511406,28.125845],[-105.511323,28.125623],[-105.51125,28.125353],[-105.511176,28.125063],[-105.511146,28.124753],[-105.511145,28.124326],[-105.511243,28.123528],[-105.511723,28.123529],[-105.519521,28.12361]]]}},{"type":"Feature","properties":{"modulo":5,"idparcela":"2705","productor":"RAMIREZ CHAVEZ JOSE LUIS","cultivo":null,"superficie_fisica_ha":19.5,"superficie_riego_ha":18.65,"hectareas":0},"geometry":{"type":"Polygon","coordinates":[[[-105.519951,28.132098],[-105.520322,28.132096],[-105.520516,28.132116],[-105.520739,28.132114],[-105.522326,28.132103],[-105.522677,28.132096],[-105.522873,28.132091],[-105.524207,28.132064],[-105.524333,28.132085],[-105.524399,28.132128],[-105.524384,28.133283],[-105.524411,28.134519],[-105.5244,28.134862],[-105.524373,28.134979],[-105.524338,28.135052],[-105.524266,28.135079],[-105.524138,28.135107],[-105.523949,28.135143],[-105.523788,28.135162],[-105.52364,28.135154],[-105.52346,28.135109],[-105.522924,28.135012],[-105.522818,28.134976],[-105.522547,28.134905],[-105.522305,28.134858],[-105.521933,28.134835],[-105.521677,28.134818],[-105.52139,28.134819],[-105.521182,28.134811],[-105.521011,28.134768],[-105.520872,28.134754],[-105.520706,28.134795],[-105.520594,28.134786],[-105.520357,28.134751],[-105.519756,28.134654],[-105.519647,28.134645],[-105.519484,28.13461],[-105.519353,28.134547],[-105.519216,28.134485],[-105.518861,28.134346],[-105.518503,28.134078],[-105.518325,28.13391],[-105.518155,28.133704],[-105.517921,28.133398],[-105.51777,28.133082],[-105.517689,28.132892],[-105.517683,28.132675],[-105.517679,28.132535],[-105.517728,28.132399],[-105.517806,28.132338],[-105.518549,28.132348],[-105.519363,28.132336],[-105.519438,28.132264],[-105.51952,28.132209],[-105.51961,28.132159],[-105.519746,28.132109],[-105.519951,28.132098]]]}},{"type":"Feature","properties":{"modulo":5,"idparcela":"2765","productor":"AGRICOLA GANADERA LOS LUJAN S.P.R. DE R.L. DE C.V","cultivo":null,"superficie_fisica_ha":25.3583,"superficie_riego_ha":14,"hectareas":0},"geometry":{"type":"Polygon","coordinates":[[[-105.524497,28.136853],[-105.524472,28.137314],[-105.524473,28.138252],[-105.524475,28.14024],[-105.524484,28.140553],[-105.524489,28.140842],[-105.524476,28.142004],[-105.524463,28.142277],[-105.524414,28.142425],[-105.524249,28.142567],[-105.523967,28.142613],[-105.523102,28.142761],[-105.523005,28.142761],[-105.522885,28.142734],[-105.522764,28.142672],[-105.522576,28.142582],[-105.522457,28.142546],[-105.522197,28.142439],[-105.522044,28.142313],[-105.521904,28.142106],[-105.521802,28.141935],[-105.521713,28.141764],[-105.521619,28.14153],[-105.521556,28.141299],[-105.521404,28.141131],[-105.521308,28.140995],[-105.521219,28.140864],[-105.520981,28.140666],[-105.520756,28.140459],[-105.520559,28.140225],[-105.520474,28.140028],[-105.520402,28.139811],[-105.520313,28.139544],[-105.520231,28.139236],[-105.520132,28.138946],[-105.519958,28.138387],[-105.520014,28.138314],[-105.520468,28.138159],[-105.521792,28.137694],[-105.523219,28.13721],[-105.524134,28.136909],[-105.524409,28.136754],[-105.524497,28.136853]]]}},{"type":"Feature","properties":{"modulo":5,"idparcela":"2596","productor":"GAONA GARCIA Ma DE LA LUZ","cultivo":null,"superficie_fisica_ha":23.348,"superficie_riego_ha":23.348,"hectareas":0},"geometry":{"type":"Polygon","coordinates":[[[-105.52308,28.135479],[-105.520628,28.135591],[-105.520586,28.135587],[-105.520516,28.135596],[-105.520381,28.135633],[-105.520219,28.135723],[-105.520091,28.135832],[-105.519988,28.136004],[-105.519932,28.136167],[-105.5199,28.13632],[-105.519908,28.136501],[-105.519964,28.136636],[-105.520013,28.13678],[-105.520076,28.136888],[-105.520148,28.137014],[-105.520106,28.137096],[-105.520001,28.137186],[-105.519793,28.137548],[-105.519727,28.137593],[-105.519603,28.137684],[-105.519412,28.137748],[-105.519179,28.137767],[-105.518997,28.1378],[-105.518824,28.137573],[-105.5187,28.137431],[-105.518513,28.137216],[-105.518346,28.13702],[-105.518317,28.136922],[-105.518408,28.136822],[-105.518334,28.136714],[-105.518185,28.136589],[-105.518,28.136418],[-105.51782,28.136247],[-105.517656,28.136031],[-105.517398,28.135743],[-105.517141,28.135482],[-105.516777,28.135015],[-105.516528,28.134682],[-105.51634,28.134457],[-105.516245,28.134376],[-105.516157,28.134322],[-105.516051,28.134259],[-105.515948,28.134205],[-105.515831,28.134125],[-105.515713,28.134035],[-105.51565,28.133973],[-105.517697,28.133595],[-105.517897,28.133882],[-105.518124,28.134152],[-105.518529,28.134476],[-105.518743,28.134628],[-105.518938,28.134763],[-105.5191,28.134852],[-105.51933,28.134915],[-105.519654,28.134922],[-105.52005,28.13493],[-105.520459,28.134992],[-105.520713,28.135045],[-105.521293,28.135025],[-105.522166,28.135093],[-105.522561,28.135137],[-105.522709,28.1352],[-105.522842,28.135316],[-105.522991,28.135433],[-105.52308,28.135479]]]}},{"type":"Feature","properties":{"modulo":5,"idparcela":"2064","productor":"GAONA GARCIA Ma DE LA LUZ","cultivo":null,"superficie_fisica_ha":24.8396,"superficie_riego_ha":18,"hectareas":0},"geometry":{"type":"Polygon","coordinates":[[[-105.515449,28.134728],[-105.515455,28.134268],[-105.515492,28.134232],[-105.515549,28.13425],[-105.515973,28.134654],[-105.516412,28.135131],[-105.517071,28.135778],[-105.517269,28.135958],[-105.51741,28.136201],[-105.517705,28.136471],[-105.517829,28.13657],[-105.517957,28.136722],[-105.518061,28.136957],[-105.518128,28.137164],[-105.5183,28.137063],[-105.518467,28.137259],[-105.518654,28.137474],[-105.518736,28.137625],[-105.518908,28.137857],[-105.519116,28.138072],[-105.519306,28.138296],[-105.519441,28.138413],[-105.519589,28.138413],[-105.519723,28.138442],[-105.519809,28.13857],[-105.519861,28.138772],[-105.519951,28.139047],[-105.520051,28.139338],[-105.520112,28.139564],[-105.520175,28.139848],[-105.520254,28.140058],[-105.520324,28.140251],[-105.520366,28.140462],[-105.520495,28.14072],[-105.520628,28.140961],[-105.520715,28.141114],[-105.520857,28.14126],[-105.521027,28.141422],[-105.521161,28.141602],[-105.521258,28.141834],[-105.52139,28.141953],[-105.521568,28.142078],[-105.52173,28.142186],[-105.521845,28.142357],[-105.521938,28.142499],[-105.520965,28.142865],[-105.520227,28.143174],[-105.51989,28.142803],[-105.518959,28.1417],[-105.517244,28.139857],[-105.516168,28.138742],[-105.515558,28.13811],[-105.51547,28.135477],[-105.515449,28.134728]]]}},{"type":"Feature","properties":{"modulo":5,"idparcela":"2704","productor":"VILLA URUETA SALVADOR","cultivo":null,"superficie_fisica_ha":20,"superficie_riego_ha":20,"hectareas":0},"geometry":{"type":"Polygon","coordinates":[[[-105.519351,28.13218],[-105.519231,28.132228],[-105.51835,28.132232],[-105.518064,28.132231],[-105.517883,28.132219],[-105.51782,28.132159],[-105.517749,28.132114],[-105.517644,28.132033],[-105.517514,28.13202],[-105.517429,28.132053],[-105.517371,28.132161],[-105.517339,28.132254],[-105.517335,28.132408],[-105.517348,28.132583],[-105.517403,28.132674],[-105.517425,28.132858],[-105.517466,28.133079],[-105.517533,28.133323],[-105.517697,28.133595],[-105.51565,28.133973],[-105.515578,28.133902],[-105.515524,28.133842],[-105.515435,28.133744],[-105.515376,28.133492],[-105.515327,28.133256],[-105.515266,28.132935],[-105.515206,28.132638],[-105.515119,28.13231],[-105.515176,28.132171],[-105.515141,28.131857],[-105.51492,28.131695],[-105.514648,28.131539],[-105.514343,28.131124],[-105.514136,28.130822],[-105.513935,28.130428],[-105.513786,28.130048],[-105.513744,28.129796],[-105.513749,28.12965],[-105.513915,28.129644],[-105.514112,28.129652],[-105.519082,28.129616],[-105.519315,28.129624],[-105.520506,28.129638],[-105.520638,28.129647],[-105.520676,28.129691],[-105.52067,28.129752],[-105.520658,28.129818],[-105.520597,28.129932],[-105.520407,28.130348],[-105.519844,28.131571],[-105.519754,28.131757],[-105.519654,28.131874],[-105.519587,28.131975],[-105.519436,28.132109],[-105.519351,28.13218]]]}},{"type":"Feature","properties":{"modulo":5,"idparcela":"2703","productor":"CUEVAS ACOSTA CARLOS","cultivo":null,"superficie_fisica_ha":16.83,"superficie_riego_ha":16.83,"hectareas":0},"geometry":{"type":"Polygon","coordinates":[[[-105.518329,28.127829],[-105.520678,28.127848],[-105.520713,28.127884],[-105.520676,28.129337],[-105.520675,28.129445],[-105.520639,28.12949],[-105.520599,28.129499],[-105.520503,28.129491],[-105.52033,28.1295],[-105.517385,28.12953],[-105.513707,28.129516],[-105.513687,28.129471],[-105.513674,28.12939],[-105.513641,28.129219],[-105.513351,28.128706],[-105.512877,28.128184],[-105.512687,28.127995],[-105.512583,28.127869],[-105.517357,28.127842],[-105.518329,28.127829]]]}},{"type":"Feature","properties":{"modulo":5,"idparcela":"2701","productor":"AGROPECUARIA SAN JOSE DEL VADO SPR DE RL","cultivo":null,"superficie_fisica_ha":10.25,"superficie_riego_ha":10,"hectareas":0},"geometry":{"type":"Polygon","coordinates":[[[-105.511738,28.126779],[-105.511668,28.126606],[-105.515789,28.126627],[-105.519548,28.126614],[-105.519552,28.126722],[-105.519571,28.127728],[-105.51935,28.127747],[-105.516049,28.127763],[-105.512613,28.127785],[-105.512445,28.127764],[-105.51232,28.127631],[-105.512196,28.127488],[-105.512002,28.12721],[-105.511843,28.126981],[-105.511738,28.126779]]]}},{"type":"Feature","properties":{"modulo":5,"idparcela":"2699","productor":"AGROPECUARIA SAN JOSE DEL VADO SPR DE RL","cultivo":null,"superficie_fisica_ha":20.7,"superficie_riego_ha":20.7,"hectareas":0},"geometry":{"type":"Polygon","coordinates":[[[-105.519546,28.126512],[-105.519541,28.126461],[-105.519508,28.125422],[-105.519508,28.125383],[-105.51952,28.124114],[-105.519521,28.12361],[-105.520774,28.123622],[-105.521734,28.123588],[-105.522404,28.123586],[-105.523016,28.12356],[-105.523891,28.12406],[-105.524363,28.124347],[-105.524414,28.124419],[-105.524414,28.124626],[-105.524413,28.124816],[-105.524422,28.125403],[-105.52445,28.12728],[-105.52444,28.127614],[-105.524385,28.127686],[-105.524323,28.127723],[-105.524054,28.127729],[-105.522054,28.127731],[-105.519571,28.127728],[-105.519552,28.126722],[-105.519548,28.126614],[-105.519546,28.126512]]]}},{"type":"Feature","properties":{"modulo":5,"idparcela":"2536","productor":"ARRIAGA BUSTAMABTE ANTONIO","cultivo":null,"superficie_fisica_ha":3.56,"superficie_riego_ha":3.56,"hectareas":0},"geometry":{"type":"Polygon","coordinates":[[[-105.476691,28.170602],[-105.476706,28.170656],[-105.474612,28.17162],[-105.474614,28.171214],[-105.4746,28.170391],[-105.474282,28.170358],[-105.474266,28.170078],[-105.473837,28.170053],[-105.473863,28.168374],[-105.474186,28.168616],[-105.474532,28.168913],[-105.474897,28.169228],[-105.475237,28.169481],[-105.475616,28.169722],[-105.476017,28.169981],[-105.476844,28.170514],[-105.476691,28.170602]]]}},{"type":"Feature","properties":{"modulo":5,"idparcela":"2044","productor":"PRODUCTORA AGRICOLA RODRIGUEZ","cultivo":null,"superficie_fisica_ha":28,"superficie_riego_ha":28,"hectareas":0},"geometry":{"type":"Polygon","coordinates":[[[-105.478165,28.157072],[-105.478173,28.156955],[-105.47828,28.156792],[-105.478416,28.156566],[-105.478573,28.15634],[-105.478865,28.15595],[-105.479021,28.155697],[-105.479045,28.15558],[-105.479015,28.155363],[-105.478924,28.155057],[-105.480003,28.155026],[-105.480152,28.155161],[-105.480237,28.155287],[-105.480277,28.155485],[-105.480318,28.155702],[-105.4804,28.156162],[-105.480533,28.157109],[-105.480692,28.158263],[-105.480866,28.15949],[-105.481023,28.160726],[-105.481146,28.161709],[-105.481431,28.163829],[-105.481583,28.164983],[-105.481752,28.166373],[-105.481977,28.167753],[-105.482009,28.167969],[-105.482066,28.168095],[-105.482096,28.168185],[-105.482036,28.168267],[-105.481946,28.168312],[-105.481807,28.168394],[-105.481463,28.168494],[-105.481349,28.168549],[-105.481196,28.168586],[-105.481144,28.168523],[-105.480908,28.168171],[-105.48061,28.167775],[-105.480464,28.167523],[-105.480312,28.167235],[-105.480272,28.167091],[-105.480165,28.166721],[-105.480077,28.166297],[-105.479885,28.165386],[-105.4798,28.164881],[-105.479558,28.163646],[-105.479262,28.162257],[-105.479154,28.161716],[-105.479069,28.161292],[-105.478831,28.160255],[-105.478664,28.159579],[-105.478548,28.159011],[-105.478437,28.158425],[-105.478372,28.158037],[-105.478303,28.157757],[-105.478185,28.15718],[-105.478165,28.157072]]]}},{"type":"Feature","properties":{"modulo":5,"idparcela":"2641","productor":"BLAKE ARIAS CARLOS GMO.","cultivo":null,"superficie_fisica_ha":11.746,"superficie_riego_ha":9.756,"hectareas":0},"geometry":{"type":"Polygon","coordinates":[[[-105.486678,28.166622],[-105.487013,28.166512],[-105.487384,28.166357],[-105.487808,28.166202],[-105.487924,28.166165],[-105.488013,28.16621],[-105.488174,28.166273],[-105.488229,28.166336],[-105.487545,28.166627],[-105.486294,28.167182],[-105.485618,28.167441],[-105.485468,28.167464],[-105.48534,28.167411],[-105.485192,28.167357],[-105.485016,28.167273],[-105.484897,28.167242],[-105.484779,28.167288],[-105.484561,28.167364],[-105.484103,28.16756],[-105.483943,28.167587],[-105.483824,28.167579],[-105.483746,28.167496],[-105.48373,28.166633],[-105.484141,28.166595],[-105.484097,28.165561],[-105.483923,28.165555],[-105.483822,28.165505],[-105.483802,28.165418],[-105.483802,28.1652],[-105.483802,28.164736],[-105.483907,28.164393],[-105.484587,28.16301],[-105.485181,28.161672],[-105.48543,28.161112],[-105.486559,28.158669],[-105.488278,28.159549],[-105.490038,28.160395],[-105.489235,28.161658],[-105.488682,28.162553],[-105.48795,28.163666],[-105.487414,28.164561],[-105.48685,28.165456],[-105.486423,28.166169],[-105.486337,28.166352],[-105.486346,28.16646],[-105.486411,28.16655],[-105.486445,28.166586],[-105.486542,28.16664],[-105.486678,28.166622]]]}},{"type":"Feature","properties":{"modulo":5,"idparcela":"2640","productor":"TORRES GUEVARA MARCO ANTONIO","cultivo":null,"superficie_fisica_ha":22.1,"superficie_riego_ha":22.1,"hectareas":0},"geometry":{"type":"Polygon","coordinates":[[[-105.488313,28.15931],[-105.487357,28.158856],[-105.486794,28.158586],[-105.486613,28.158502],[-105.486734,28.158201],[-105.486931,28.157792],[-105.487138,28.157391],[-105.487384,28.156929],[-105.487591,28.156511],[-105.487727,28.156198],[-105.487928,28.155656],[-105.48801,28.155466],[-105.488111,28.155403],[-105.488293,28.155501],[-105.488509,28.155671],[-105.488618,28.155763],[-105.488801,28.155854],[-105.488958,28.155842],[-105.489212,28.1558],[-105.490072,28.155621],[-105.490388,28.15552],[-105.490529,28.15541],[-105.490654,28.155256],[-105.49075,28.155233],[-105.491206,28.155474],[-105.491464,28.155595],[-105.491693,28.155701],[-105.491813,28.155823],[-105.491922,28.156102],[-105.49202,28.156309],[-105.492141,28.156453],[-105.492244,28.156542],[-105.492342,28.156593],[-105.492427,28.156645],[-105.492402,28.15675],[-105.492182,28.156895],[-105.492057,28.157058],[-105.491901,28.157293],[-105.491602,28.157827],[-105.491264,28.158433],[-105.490118,28.16026],[-105.489904,28.160169],[-105.489616,28.159982],[-105.488887,28.159614],[-105.488313,28.15931]]]}},{"type":"Feature","properties":{"modulo":5,"idparcela":"2652","productor":"TORRES GUEVARA GONZALO RAFAEL","cultivo":null,"superficie_fisica_ha":54,"superficie_riego_ha":52.64,"hectareas":0},"geometry":{"type":"Polygon","coordinates":[[[-105.483659,28.164426],[-105.483631,28.16467],[-105.483637,28.164986],[-105.483646,28.165437],[-105.483643,28.165794],[-105.483651,28.166132],[-105.483631,28.166412],[-105.483606,28.166583],[-105.483621,28.166936],[-105.483628,28.167179],[-105.483635,28.167621],[-105.483627,28.167937],[-105.483587,28.168054],[-105.483483,28.16819],[-105.483362,28.168353],[-105.4832,28.168435],[-105.482904,28.168598],[-105.48249,28.168726],[-105.482344,28.167607],[-105.482165,28.166083],[-105.482125,28.165776],[-105.481934,28.164261],[-105.481805,28.163386],[-105.481821,28.163187],[-105.481759,28.162899],[-105.481576,28.161627],[-105.481503,28.161113],[-105.481213,28.158957],[-105.480967,28.15727],[-105.480944,28.157036],[-105.48086,28.156287],[-105.480795,28.155764],[-105.480716,28.155557],[-105.480716,28.155349],[-105.480697,28.15525],[-105.480703,28.155169],[-105.480793,28.155132],[-105.481083,28.155113],[-105.481488,28.155121],[-105.483031,28.155124],[-105.485012,28.155117],[-105.486407,28.155121],[-105.487362,28.155145],[-105.487578,28.155162],[-105.487665,28.155207],[-105.487726,28.155252],[-105.487742,28.155315],[-105.487739,28.155423],[-105.487598,28.155974],[-105.487514,28.156286],[-105.487306,28.156692],[-105.487089,28.157189],[-105.48657,28.158292],[-105.48625,28.159057],[-105.485689,28.16018],[-105.48538,28.160859],[-105.485339,28.160951],[-105.485131,28.16142],[-105.485044,28.161615],[-105.484992,28.161732],[-105.484761,28.162166],[-105.484634,28.162538],[-105.484425,28.162889],[-105.484292,28.163257],[-105.484119,28.163607],[-105.483857,28.164141],[-105.483751,28.164484],[-105.483659,28.164426]]]}},{"type":"Feature","properties":{"modulo":5,"idparcela":"2637","productor":"BOLIVAR HEREDIA GUADALUPE","cultivo":null,"superficie_fisica_ha":33.35,"superficie_riego_ha":30.2,"hectareas":0},"geometry":{"type":"Polygon","coordinates":[[[-105.496293,28.155059],[-105.498064,28.155091],[-105.498643,28.15574],[-105.498629,28.155931],[-105.498846,28.156109],[-105.498912,28.16097],[-105.498918,28.161315],[-105.498138,28.161738],[-105.497879,28.161905],[-105.497563,28.162009],[-105.497477,28.161996],[-105.497345,28.161639],[-105.49697,28.161475],[-105.496091,28.161338],[-105.495615,28.161135],[-105.495363,28.16085],[-105.495239,28.160635],[-105.495234,28.160466],[-105.495323,28.16023],[-105.495437,28.16009],[-105.495873,28.159681],[-105.496567,28.158799],[-105.496664,28.158408],[-105.496651,28.157814],[-105.496735,28.157227],[-105.496675,28.156755],[-105.496674,28.156487],[-105.496686,28.155976],[-105.496483,28.155658],[-105.496395,28.155416],[-105.496293,28.155059]]]}},{"type":"Feature","properties":{"modulo":5,"idparcela":"2638","productor":"TORRES GUEVARA GONZALO RAFAEL","cultivo":null,"superficie_fisica_ha":42.59,"superficie_riego_ha":38.03,"hectareas":0},"geometry":{"type":"Polygon","coordinates":[[[-105.492638,28.156622],[-105.492741,28.156601],[-105.492928,28.156562],[-105.493331,28.156343],[-105.493835,28.156354],[-105.494541,28.156441],[-105.495002,28.156554],[-105.49519,28.156668],[-105.495421,28.156859],[-105.495738,28.157011],[-105.496199,28.157022],[-105.496387,28.157162],[-105.496433,28.157736],[-105.496416,28.158386],[-105.49637,28.158561],[-105.49613,28.158853],[-105.4958,28.159317],[-105.495501,28.159728],[-105.495377,28.159829],[-105.495226,28.159937],[-105.495071,28.16007],[-105.494958,28.160343],[-105.494184,28.160607],[-105.493839,28.160745],[-105.493304,28.160958],[-105.492877,28.161159],[-105.492527,28.161369],[-105.492469,28.161573],[-105.492584,28.161599],[-105.492631,28.16144],[-105.49285,28.161317],[-105.493119,28.161171],[-105.49386,28.160868],[-105.494603,28.160575],[-105.494934,28.160497],[-105.494977,28.160523],[-105.494779,28.161314],[-105.494751,28.16157],[-105.494577,28.162814],[-105.494434,28.163057],[-105.49156,28.164331],[-105.491359,28.16437],[-105.489533,28.165129],[-105.487341,28.166062],[-105.486881,28.166255],[-105.486775,28.166373],[-105.486694,28.166307],[-105.486808,28.166013],[-105.488138,28.163903],[-105.489224,28.1621],[-105.489525,28.161716],[-105.490275,28.160457],[-105.490289,28.160329],[-105.490269,28.160273],[-105.490306,28.160203],[-105.491411,28.158443],[-105.491453,28.158375],[-105.491751,28.157839],[-105.49179,28.15777],[-105.49205,28.157305],[-105.492089,28.157236],[-105.492202,28.157067],[-105.492246,28.157001],[-105.492323,28.1569],[-105.492554,28.156763],[-105.492591,28.156693],[-105.492638,28.156622]]]}},{"type":"Feature","properties":{"modulo":5,"idparcela":"2673","productor":"TREVI¥O PIZARRO JAIME ENRIQUE","cultivo":null,"superficie_fisica_ha":2.6723,"superficie_riego_ha":2.6723,"hectareas":0},"geometry":{"type":"Polygon","coordinates":[[[-105.508109,28.15673],[-105.508483,28.157061],[-105.509045,28.157519],[-105.508303,28.157864],[-105.507361,28.158287],[-105.506043,28.158866],[-105.505993,28.158812],[-105.506002,28.158694],[-105.506089,28.158288],[-105.506177,28.15804],[-105.506262,28.157811],[-105.50643,28.157276],[-105.506494,28.157059],[-105.506613,28.156887],[-105.50683,28.156733],[-105.507188,28.156614],[-105.507465,28.156568],[-105.507839,28.156516],[-105.508109,28.15673]]]}},{"type":"Feature","properties":{"modulo":5,"idparcela":"2653","productor":"RODRIGUEZ DURON ARTURO","cultivo":null,"superficie_fisica_ha":8.42,"superficie_riego_ha":8.42,"hectareas":0},"geometry":{"type":"Polygon","coordinates":[[[-105.511606,28.154921],[-105.510877,28.155034],[-105.510634,28.155059],[-105.510422,28.1551],[-105.510372,28.155128],[-105.510263,28.155191],[-105.510013,28.155325],[-105.509759,28.155456],[-105.50949,28.15557],[-105.509116,28.155697],[-105.508592,28.155878],[-105.508079,28.15607],[-105.507887,28.15617],[-105.507753,28.156242],[-105.507509,28.156334],[-105.507272,28.156398],[-105.506924,28.156444],[-105.506745,28.156544],[-105.506487,28.156644],[-105.506282,28.156798],[-105.506122,28.15679],[-105.505863,28.156648],[-105.505478,28.156467],[-105.505136,28.156288],[-105.504616,28.155948],[-105.504235,28.155661],[-105.503957,28.155489],[-105.503504,28.155311],[-105.502831,28.155142],[-105.502495,28.154998],[-105.50284,28.155006],[-105.503602,28.154994],[-105.505077,28.154989],[-105.506864,28.154982],[-105.507895,28.154978],[-105.509056,28.154956],[-105.509966,28.154953],[-105.511606,28.154921]]]}},{"type":"Feature","properties":{"modulo":5,"idparcela":"2769","productor":"BURROLA MU¥OZ JOSE LUIS","cultivo":null,"superficie_fisica_ha":8.7759,"superficie_riego_ha":8.7759,"hectareas":0},"geometry":{"type":"Polygon","coordinates":[[[-105.521938,28.142499],[-105.522036,28.142531],[-105.522099,28.142566],[-105.522177,28.142601],[-105.522235,28.142736],[-105.522263,28.142913],[-105.52235,28.142971],[-105.52247,28.143033],[-105.522608,28.14309],[-105.52275,28.143131],[-105.522784,28.143211],[-105.522787,28.143312],[-105.522722,28.14343],[-105.52267,28.143528],[-105.522672,28.143612],[-105.522698,28.143704],[-105.522736,28.143784],[-105.522827,28.143947],[-105.522935,28.144089],[-105.523051,28.144175],[-105.523071,28.144223],[-105.523009,28.144297],[-105.522943,28.144359],[-105.52283,28.144385],[-105.522734,28.144441],[-105.522692,28.144477],[-105.52272,28.144677],[-105.522649,28.144743],[-105.522596,28.144785],[-105.522546,28.144794],[-105.522289,28.144691],[-105.521128,28.144127],[-105.521009,28.144035],[-105.520227,28.143174],[-105.520965,28.142865],[-105.521938,28.142499]]]}},{"type":"Feature","properties":{"modulo":5,"idparcela":"2681","productor":"TREVI¥O PIZARRO JAIME ENRIQUE","cultivo":null,"superficie_fisica_ha":17.95,"superficie_riego_ha":14.6,"hectareas":0},"geometry":{"type":"Polygon","coordinates":[[[-105.508966,28.149872],[-105.508979,28.149953],[-105.509055,28.150052],[-105.509148,28.150061],[-105.5093,28.150123],[-105.509468,28.150159],[-105.509574,28.150212],[-105.509684,28.150293],[-105.509792,28.150401],[-105.509909,28.150446],[-105.509927,28.150428],[-105.509971,28.150391],[-105.510016,28.150283],[-105.510051,28.150184],[-105.510422,28.150173],[-105.510684,28.150154],[-105.510752,28.150154],[-105.511171,28.15017],[-105.512717,28.150179],[-105.513306,28.150192],[-105.513487,28.150249],[-105.513552,28.150341],[-105.513579,28.150472],[-105.513596,28.150741],[-105.513598,28.150982],[-105.51359,28.151284],[-105.513573,28.151838],[-105.513565,28.152697],[-105.513527,28.153588],[-105.513501,28.154674],[-105.513428,28.154762],[-105.513203,28.154805],[-105.512546,28.1548],[-105.512015,28.154806],[-105.511909,28.154779],[-105.511839,28.154734],[-105.510746,28.153961],[-105.510317,28.153646],[-105.510075,28.153469],[-105.509974,28.153324],[-105.50996,28.153234],[-105.50995,28.153063],[-105.509941,28.152666],[-105.509937,28.152178],[-105.509935,28.151574],[-105.509932,28.151574],[-105.50984,28.151592],[-105.509709,28.151638],[-105.509577,28.151692],[-105.509378,28.151684],[-105.509054,28.151622],[-105.508876,28.151578],[-105.508603,28.15147],[-105.508407,28.151363],[-105.50827,28.15121],[-105.508211,28.151021],[-105.508132,28.150831],[-105.508049,28.150732],[-105.507946,28.150625],[-105.507719,28.150454],[-105.507531,28.150337],[-105.507383,28.150221],[-105.507369,28.150049],[-105.507424,28.149769],[-105.507515,28.149733],[-105.507691,28.149786],[-105.507848,28.149777],[-105.508077,28.149695],[-105.508332,28.149558],[-105.508486,28.149494],[-105.508703,28.149476],[-105.508844,28.149484],[-105.508902,28.149574],[-105.508949,28.149782],[-105.508966,28.149872]]]}},{"type":"Feature","properties":{"modulo":5,"idparcela":"2656","productor":"TERRAZAS VILLALOBOS EMILIA","cultivo":null,"superficie_fisica_ha":21.3,"superficie_riego_ha":21.3,"hectareas":0},"geometry":{"type":"Polygon","coordinates":[[[-105.506546,28.151896],[-105.506619,28.152054],[-105.506635,28.15209],[-105.506666,28.152157],[-105.506694,28.152203],[-105.506763,28.152313],[-105.506752,28.15244],[-105.506702,28.152537],[-105.506625,28.152642],[-105.506501,28.152699],[-105.506393,28.152717],[-105.503687,28.153079],[-105.502334,28.153253],[-105.50191,28.153258],[-105.501537,28.153251],[-105.501273,28.153252],[-105.501131,28.153243],[-105.500765,28.153109],[-105.500543,28.15302],[-105.50029,28.152894],[-105.499928,28.152778],[-105.499676,28.152707],[-105.499328,28.152609],[-105.499196,28.152581],[-105.499173,28.152322],[-105.499049,28.151985],[-105.49873,28.151367],[-105.498517,28.150979],[-105.498415,28.150627],[-105.498392,28.150528],[-105.498396,28.150456],[-105.498412,28.150374],[-105.498462,28.150293],[-105.498574,28.15022],[-105.498764,28.150138],[-105.498912,28.150093],[-105.499118,28.150038],[-105.499377,28.149974],[-105.49949,28.149942],[-105.499633,28.14991],[-105.499775,28.149909],[-105.499941,28.14989],[-105.500124,28.149881],[-105.500377,28.149898],[-105.500537,28.149933],[-105.500642,28.149951],[-105.500826,28.150149],[-105.500982,28.150365],[-105.501127,28.150572],[-105.501385,28.150986],[-105.501639,28.151475],[-105.501888,28.151947],[-105.501962,28.152013],[-105.502311,28.152225],[-105.502492,28.152293],[-105.502891,28.152307],[-105.50331,28.152261],[-105.504549,28.152112],[-105.505045,28.152056],[-105.505665,28.151993],[-105.506546,28.151896]]]}},{"type":"Feature","properties":{"modulo":5,"idparcela":"2059","productor":"QUINTANA TARANGO PRIMITIV0","cultivo":null,"superficie_fisica_ha":13.6,"superficie_riego_ha":10.12,"hectareas":0},"geometry":{"type":"Polygon","coordinates":[[[-105.503705,28.151991],[-105.503282,28.152036],[-105.503039,28.152047],[-105.502863,28.152048],[-105.502675,28.152014],[-105.502518,28.151951],[-105.502374,28.151853],[-105.502209,28.151731],[-105.50207,28.151579],[-105.501984,28.151419],[-105.501885,28.151224],[-105.501634,28.150692],[-105.501522,28.150522],[-105.501386,28.150232],[-105.501204,28.149969],[-105.503771,28.149989],[-105.504138,28.150101],[-105.506252,28.150067],[-105.50649,28.150151],[-105.506612,28.150193],[-105.506768,28.150247],[-105.506865,28.150282],[-105.507031,28.150354],[-105.507212,28.150471],[-105.507358,28.150551],[-105.507584,28.150641],[-105.507723,28.150721],[-105.507831,28.150829],[-105.507929,28.150982],[-105.508081,28.151252],[-105.508127,28.151346],[-105.508116,28.151436],[-105.50807,28.151473],[-105.507942,28.151493],[-105.507586,28.151531],[-105.507237,28.151586],[-105.506909,28.151635],[-105.506621,28.151664],[-105.506548,28.151673],[-105.506406,28.151683],[-105.505459,28.151786],[-105.504549,28.151897],[-105.504181,28.151927],[-105.503705,28.151991]]]}},{"type":"Feature","properties":{"modulo":5,"idparcela":"2636","productor":"RIOS RAMIREZ ENRIQUE","cultivo":null,"superficie_fisica_ha":8.6599,"superficie_riego_ha":6.1599,"hectareas":0},"geometry":{"type":"Polygon","coordinates":[[[-105.506792,28.152258],[-105.506723,28.152149],[-105.506695,28.152102],[-105.506664,28.152036],[-105.506648,28.151999],[-105.506575,28.151842],[-105.507973,28.151647],[-105.508154,28.151646],[-105.508189,28.15179],[-105.508282,28.152088],[-105.508366,28.152403],[-105.508426,28.152584],[-105.50848,28.152719],[-105.508585,28.152791],[-105.508654,28.152845],[-105.50881,28.15297],[-105.508986,28.153114],[-105.509101,28.153231],[-105.509197,28.153375],[-105.509354,28.15351],[-105.509529,28.153599],[-105.509722,28.153689],[-105.509806,28.153761],[-105.509909,28.153806],[-105.511651,28.154842],[-105.508308,28.154786],[-105.507392,28.15478],[-105.507319,28.154799],[-105.507164,28.154592],[-105.506964,28.154195],[-105.506947,28.153934],[-105.506956,28.153528],[-105.50704,28.153554],[-105.507376,28.153743],[-105.507466,28.15376],[-105.507536,28.153724],[-105.507604,28.153625],[-105.507724,28.15338],[-105.507792,28.153191],[-105.507751,28.153046],[-105.507643,28.152912],[-105.507405,28.152777],[-105.50726,28.152642],[-105.50715,28.152523],[-105.506932,28.152284],[-105.506792,28.152258]]]}},{"type":"Feature","properties":{"modulo":5,"idparcela":"2716","productor":"SANCHEZ SILVA SERGIO","cultivo":null,"superficie_fisica_ha":13.6,"superficie_riego_ha":13.6,"hectareas":0},"geometry":{"type":"Polygon","coordinates":[[[-105.509996,28.147131],[-105.508643,28.147099],[-105.508636,28.146974],[-105.508631,28.146468],[-105.508588,28.146351],[-105.508556,28.146216],[-105.508455,28.146009],[-105.508375,28.145783],[-105.508273,28.145603],[-105.508147,28.145441],[-105.507973,28.145289],[-105.50784,28.145154],[-105.507802,28.145073],[-105.507828,28.145009],[-105.507912,28.144991],[-105.508026,28.144972],[-105.508132,28.144945],[-105.5083,28.144962],[-105.508543,28.144971],[-105.509618,28.144967],[-105.509761,28.144939],[-105.509939,28.144992],[-105.509986,28.14501],[-105.510063,28.145028],[-105.510228,28.145091],[-105.510419,28.145108],[-105.510583,28.145071],[-105.510807,28.144989],[-105.51099,28.145007],[-105.511166,28.145042],[-105.511391,28.14505],[-105.511491,28.145131],[-105.511609,28.145194],[-105.511752,28.145202],[-105.511934,28.145138],[-105.512112,28.145082],[-105.512296,28.145015],[-105.51252,28.144976],[-105.513083,28.144974],[-105.513652,28.144991],[-105.513976,28.145032],[-105.51397,28.14721],[-105.511645,28.14717],[-105.509996,28.147131]]]}},{"type":"Feature","properties":{"modulo":5,"idparcela":"2723","productor":"JIMENEZ SILVA BERNARDO","cultivo":null,"superficie_fisica_ha":9.88,"superficie_riego_ha":8.48,"hectareas":0},"geometry":{"type":"Polygon","coordinates":[[[-105.516711,28.144407],[-105.516681,28.144233],[-105.516617,28.14403],[-105.516579,28.143909],[-105.51651,28.143789],[-105.516406,28.143689],[-105.516268,28.143556],[-105.516059,28.143422],[-105.515899,28.143318],[-105.515686,28.143238],[-105.515416,28.143116],[-105.515183,28.143031],[-105.514934,28.142903],[-105.514765,28.142785],[-105.514571,28.14265],[-105.514389,28.142499],[-105.514211,28.142324],[-105.51397,28.142087],[-105.513804,28.141923],[-105.513518,28.141727],[-105.513653,28.14157],[-105.513802,28.141482],[-105.516589,28.14148],[-105.517666,28.141498],[-105.517712,28.141462],[-105.517808,28.142246],[-105.517855,28.142574],[-105.51794,28.142918],[-105.518033,28.14316],[-105.518124,28.143369],[-105.518257,28.143703],[-105.51843,28.144121],[-105.518552,28.144413],[-105.516711,28.144407]]]}},{"type":"Feature","properties":{"modulo":5,"idparcela":"2720","productor":"TREVI¥O PIZARRO JAIME ENRIQUE","cultivo":null,"superficie_fisica_ha":21.05,"superficie_riego_ha":21.05,"hectareas":0},"geometry":{"type":"Polygon","coordinates":[[[-105.51397,28.14721],[-105.513987,28.147478],[-105.515551,28.147444],[-105.515643,28.149474],[-105.515639,28.150052],[-105.515355,28.150044],[-105.51504,28.150054],[-105.514768,28.150109],[-105.514388,28.150147],[-105.513731,28.150212],[-105.513657,28.150159],[-105.513558,28.150087],[-105.513399,28.150069],[-105.513167,28.150025],[-105.510712,28.14998],[-105.510626,28.149845],[-105.510497,28.149719],[-105.510326,28.149539],[-105.510061,28.149396],[-105.510007,28.149351],[-105.50975,28.149171],[-105.509574,28.149055],[-105.509515,28.148875],[-105.509463,28.148802],[-105.50939,28.148713],[-105.509302,28.148596],[-105.509159,28.148425],[-105.509019,28.148245],[-105.508896,28.14811],[-105.508797,28.147921],[-105.508719,28.147695],[-105.50867,28.147452],[-105.508649,28.147226],[-105.508643,28.147099],[-105.509996,28.147131],[-105.511645,28.14717],[-105.51397,28.14721]]]}},{"type":"Feature","properties":{"modulo":5,"idparcela":"2725","productor":"LICON N MA.LORENZA","cultivo":null,"superficie_fisica_ha":19.2,"superficie_riego_ha":19.2,"hectareas":0},"geometry":{"type":"Polygon","coordinates":[[[-105.518495,28.150546],[-105.518665,28.150394],[-105.518817,28.150258],[-105.518951,28.150138],[-105.519049,28.149897],[-105.519132,28.149627],[-105.519258,28.1493],[-105.519285,28.149231],[-105.519348,28.149268],[-105.519532,28.149282],[-105.522297,28.149389],[-105.52279,28.14996],[-105.522817,28.150033],[-105.522867,28.150115],[-105.522943,28.150322],[-105.522964,28.150538],[-105.522962,28.150575],[-105.522958,28.150647],[-105.52294,28.150716],[-105.522938,28.150723],[-105.522926,28.150764],[-105.522846,28.150936],[-105.522713,28.151186],[-105.522692,28.151225],[-105.522503,28.151636],[-105.522408,28.151847],[-105.521975,28.15205],[-105.521228,28.152354],[-105.521026,28.152426],[-105.52089,28.152449],[-105.520746,28.152418],[-105.520113,28.151894],[-105.518518,28.150564],[-105.518495,28.150546]]]}},{"type":"Feature","properties":{"modulo":5,"idparcela":"2717","productor":"VALDEZ GUZMAN CAMILA","cultivo":null,"superficie_fisica_ha":10,"superficie_riego_ha":10,"hectareas":0},"geometry":{"type":"Polygon","coordinates":[[[-105.51927,28.149172],[-105.519443,28.148747],[-105.519498,28.148589],[-105.519454,28.148407],[-105.519306,28.148177],[-105.519183,28.147935],[-105.51905,28.147676],[-105.518905,28.147392],[-105.518764,28.147256],[-105.518607,28.147058],[-105.518429,28.146872],[-105.518146,28.146573],[-105.517962,28.14638],[-105.517889,28.146144],[-105.517802,28.145867],[-105.517699,28.145704],[-105.517579,28.145585],[-105.517225,28.145236],[-105.516891,28.144828],[-105.516779,28.144615],[-105.516711,28.144407],[-105.518552,28.144413],[-105.518722,28.144696],[-105.518932,28.145087],[-105.519342,28.145812],[-105.519518,28.146075],[-105.519785,28.146508],[-105.519976,28.146852],[-105.521284,28.148204],[-105.521853,28.148852],[-105.522054,28.149087],[-105.522196,28.149251],[-105.522297,28.149389],[-105.519532,28.149282],[-105.519348,28.149268],[-105.519281,28.149229],[-105.51927,28.149172]]]}},{"type":"Feature","properties":{"modulo":5,"idparcela":"0","productor":null,"cultivo":null,"superficie_fisica_ha":0,"superficie_riego_ha":0,"hectareas":0},"geometry":{"type":"Polygon","coordinates":[[[-105.522297,28.149389],[-105.522196,28.149251],[-105.522054,28.149087],[-105.521853,28.148852],[-105.521284,28.148204],[-105.519976,28.146852],[-105.519785,28.146508],[-105.519518,28.146075],[-105.519342,28.145812],[-105.518932,28.145087],[-105.518722,28.144696],[-105.518552,28.144413],[-105.51843,28.144121],[-105.518257,28.143703],[-105.518124,28.143369],[-105.518033,28.14316],[-105.51794,28.142918],[-105.517855,28.142574],[-105.517808,28.142246],[-105.517712,28.141462],[-105.517732,28.141395],[-105.51774,28.141188],[-105.517803,28.141196],[-105.51815,28.141573],[-105.520052,28.143609],[-105.520713,28.144419],[-105.522,28.14582],[-105.522136,28.146067],[-105.523057,28.147828],[-105.523838,28.149438],[-105.524038,28.149829],[-105.524222,28.150103],[-105.524308,28.150335],[-105.524337,28.150587],[-105.524328,28.150781],[-105.524288,28.150975],[-105.524178,28.151118],[-105.523163,28.151562],[-105.523003,28.151519],[-105.522882,28.151528],[-105.522764,28.151604],[-105.522707,28.151726],[-105.522408,28.151847],[-105.522503,28.151636],[-105.522692,28.151225],[-105.522713,28.151186],[-105.522846,28.150936],[-105.522926,28.150764],[-105.522938,28.150723],[-105.52294,28.150716],[-105.522958,28.150647],[-105.522962,28.150575],[-105.522964,28.150538],[-105.522943,28.150322],[-105.522867,28.150115],[-105.522817,28.150033],[-105.52279,28.14996],[-105.522297,28.149389]]]}},{"type":"Feature","properties":{"modulo":5,"idparcela":"2719","productor":"SECRETARIA DE LA DEFENSA NACIONAL","cultivo":null,"superficie_fisica_ha":79.05,"superficie_riego_ha":23.3,"hectareas":0},"geometry":{"type":"Polygon","coordinates":[[[-105.51225,28.141398],[-105.512234,28.142199],[-105.512211,28.14343],[-105.512187,28.143936],[-105.512186,28.144315],[-105.512185,28.144517],[-105.512178,28.144646],[-105.512174,28.144743],[-105.512088,28.144829],[-105.51191,28.144899],[-105.511748,28.144927],[-105.511618,28.144921],[-105.511499,28.144875],[-105.511333,28.144786],[-105.511234,28.144766],[-105.510966,28.144797],[-105.510522,28.144818],[-105.510179,28.144749],[-105.509863,28.144783],[-105.509786,28.144765],[-105.509739,28.144747],[-105.509575,28.144761],[-105.50873,28.144724],[-105.508342,28.144725],[-105.508142,28.144737],[-105.507909,28.144798],[-105.50772,28.144879],[-105.50757,28.144896],[-105.507443,28.144857],[-105.507311,28.144768],[-105.507193,28.144667],[-105.507149,28.144493],[-105.507169,28.144353],[-105.507245,28.144239],[-105.507358,28.144069],[-105.507386,28.143936],[-105.507309,28.143835],[-105.506794,28.143326],[-105.505835,28.142784],[-105.505072,28.142679],[-105.504899,28.142668],[-105.504805,28.142596],[-105.504762,28.142535],[-105.504613,28.142404],[-105.504293,28.142304],[-105.504131,28.14228],[-105.504087,28.142127],[-105.504099,28.141994],[-105.504005,28.14185],[-105.503846,28.141671],[-105.503696,28.141548],[-105.504403,28.141515],[-105.504471,28.141404],[-105.508759,28.141355],[-105.509052,28.141282],[-105.509343,28.141149],[-105.509935,28.1409],[-105.510072,28.141024],[-105.510501,28.141402],[-105.510627,28.1415],[-105.510913,28.141528],[-105.511436,28.141508],[-105.511844,28.141491],[-105.512024,28.141462],[-105.51225,28.141398]]]}},{"type":"Feature","properties":{"modulo":5,"idparcela":"2726","productor":"VILLA GARCIA FLORENTINO","cultivo":null,"superficie_fisica_ha":19.24,"superficie_riego_ha":15.24,"hectareas":0},"geometry":{"type":"Polygon","coordinates":[[[-105.51399,28.154794],[-105.514001,28.154743],[-105.513936,28.154668],[-105.51387,28.154657],[-105.514244,28.154197],[-105.51448,28.153907],[-105.514586,28.153818],[-105.514698,28.153804],[-105.515526,28.153698],[-105.515646,28.153666],[-105.515711,28.153596],[-105.515762,28.153437],[-105.515781,28.153319],[-105.515764,28.153123],[-105.515816,28.152975],[-105.516004,28.152623],[-105.516109,28.15239],[-105.516156,28.152286],[-105.51636,28.152227],[-105.516579,28.152164],[-105.516842,28.15205],[-105.516918,28.151987],[-105.516983,28.151778],[-105.51707,28.151496],[-105.517131,28.151298],[-105.517218,28.151227],[-105.517313,28.151177],[-105.517503,28.151123],[-105.517689,28.15107],[-105.517883,28.150977],[-105.518114,28.150806],[-105.518352,28.150628],[-105.518354,28.150636],[-105.518653,28.150881],[-105.519461,28.151562],[-105.520721,28.15262],[-105.520139,28.152887],[-105.519327,28.15328],[-105.518273,28.153711],[-105.517534,28.154015],[-105.517402,28.153904],[-105.51731,28.153866],[-105.517197,28.153882],[-105.517085,28.153911],[-105.516585,28.15415],[-105.516107,28.154348],[-105.515703,28.15451],[-105.515218,28.154729],[-105.515118,28.154772],[-105.515017,28.154816],[-105.5149,28.154836],[-105.514711,28.154851],[-105.514441,28.154847],[-105.514208,28.154843],[-105.514081,28.154841],[-105.51401,28.154804],[-105.51399,28.154794]]]}},{"type":"Feature","properties":{"modulo":5,"idparcela":"2780","productor":"GALLEGOS GUTIERREZ RAYMUNDO","cultivo":null,"superficie_fisica_ha":10,"superficie_riego_ha":10,"hectareas":0},"geometry":{"type":"Polygon","coordinates":[[[-105.508697,28.132928],[-105.508695,28.132858],[-105.508743,28.132824],[-105.508878,28.132821],[-105.509858,28.132811],[-105.511657,28.132799],[-105.513023,28.132791],[-105.514668,28.132782],[-105.514732,28.132805],[-105.514773,28.132859],[-105.514809,28.133032],[-105.514843,28.133272],[-105.514933,28.133846],[-105.514958,28.134477],[-105.514961,28.134871],[-105.514961,28.135105],[-105.514933,28.135165],[-105.514848,28.135194],[-105.514522,28.135201],[-105.510854,28.135196],[-105.510032,28.135184],[-105.509919,28.135036],[-105.509536,28.134468],[-105.508697,28.132928]]]}},{"type":"Feature","properties":{"modulo":5,"idparcela":"2778","productor":"DURON LOPEZ ALBERTO","cultivo":null,"superficie_fisica_ha":10,"superficie_riego_ha":10,"hectareas":0},"geometry":{"type":"Polygon","coordinates":[[[-105.511689,28.132702],[-105.511689,28.13162],[-105.511677,28.129084],[-105.511589,28.129033],[-105.511523,28.128969],[-105.511475,28.128899],[-105.51145,28.128832],[-105.51144,28.128735],[-105.511441,28.128637],[-105.511441,28.128524],[-105.511467,28.128391],[-105.511528,28.128301],[-105.511659,28.128212],[-105.511748,28.128151],[-105.511823,28.12809],[-105.511938,28.128014],[-105.512003,28.12798],[-105.512064,28.127987],[-105.512128,28.128056],[-105.512172,28.12818],[-105.512209,28.128366],[-105.512331,28.12834],[-105.512425,28.128362],[-105.512507,28.128408],[-105.512611,28.128519],[-105.512858,28.128831],[-105.51298,28.129007],[-105.513102,28.129192],[-105.513191,28.129356],[-105.513244,28.129687],[-105.513272,28.130035],[-105.513416,28.130472],[-105.513646,28.131024],[-105.513823,28.131303],[-105.514296,28.131816],[-105.514514,28.131986],[-105.514651,28.132201],[-105.514707,28.132438],[-105.514721,28.13259],[-105.514715,28.132635],[-105.514686,28.13266],[-105.514633,28.132671],[-105.514542,28.13267],[-105.51293,28.132675],[-105.511689,28.132702]]]}},{"type":"Feature","properties":{"modulo":5,"idparcela":"2775","productor":"DE SANTIAGO FLORES ALBERTO","cultivo":null,"superficie_fisica_ha":13.88,"superficie_riego_ha":10.99,"hectareas":0},"geometry":{"type":"Polygon","coordinates":[[[-105.506922,28.128063],[-105.508507,28.127878],[-105.508452,28.127615],[-105.508108,28.126123],[-105.510841,28.125761],[-105.511044,28.126276],[-105.511292,28.126924],[-105.511404,28.127164],[-105.511538,28.127412],[-105.511663,28.12762],[-105.51181,28.127753],[-105.511922,28.127813],[-105.511954,28.127865],[-105.511911,28.127916],[-105.511833,28.127986],[-105.511722,28.128069],[-105.511519,28.128203],[-105.511336,28.128334],[-105.511221,28.128417],[-105.511034,28.128533],[-105.510864,28.128661],[-105.510801,28.128741],[-105.510854,28.129291],[-105.510707,28.12931],[-105.51053,28.129374],[-105.510384,28.129441],[-105.51023,28.129497],[-105.51008,28.129534],[-105.509943,28.129561],[-105.509865,28.129556],[-105.509791,28.129534],[-105.509661,28.129445],[-105.509535,28.129365],[-105.509461,28.129309],[-105.509356,28.129247],[-105.509065,28.129201],[-105.508934,28.129195],[-105.508814,28.129189],[-105.508634,28.129183],[-105.508203,28.129157],[-105.507968,28.129149],[-105.507715,28.129141],[-105.507383,28.12911],[-105.507285,28.129051],[-105.507213,28.128955],[-105.507134,28.128825],[-105.50706,28.128662],[-105.507027,28.128559],[-105.50701,28.128459],[-105.507005,28.12834],[-105.506972,28.128259],[-105.506922,28.128063]]]}},{"type":"Feature","properties":{"modulo":5,"idparcela":"2777","productor":"ESCOBAR CABALLERO NICOLAS","cultivo":null,"superficie_fisica_ha":10.96,"superficie_riego_ha":10.96,"hectareas":0},"geometry":{"type":"Polygon","coordinates":[[[-105.511689,28.13162],[-105.509994,28.131649],[-105.508546,28.130911],[-105.507599,28.130392],[-105.507543,28.130227],[-105.507331,28.129503],[-105.507286,28.129332],[-105.507283,28.129252],[-105.507327,28.129215],[-105.50745,28.129214],[-105.507647,28.129214],[-105.507799,28.129224],[-105.508053,28.129232],[-105.508104,28.129234],[-105.508296,28.129258],[-105.508728,28.129293],[-105.50902,28.129318],[-105.509193,28.129354],[-105.509309,28.129396],[-105.509435,28.129468],[-105.509524,28.12952],[-105.509635,28.129588],[-105.509718,28.129618],[-105.509862,28.129666],[-105.509971,28.129658],[-105.510146,28.129633],[-105.510359,28.129561],[-105.510554,28.129498],[-105.5107,28.129448],[-105.510783,28.129446],[-105.510857,28.129475],[-105.51094,28.129498],[-105.511046,28.129498],[-105.511135,28.129452],[-105.511196,28.129299],[-105.511268,28.129197],[-105.511357,28.129117],[-105.511458,28.129079],[-105.511566,28.129075],[-105.511677,28.129084],[-105.511689,28.13162]]]}},{"type":"Feature","properties":{"modulo":5,"idparcela":"2779","productor":"GALLEGOS GUTIERREZ RAYMUNDO","cultivo":null,"superficie_fisica_ha":10.4,"superficie_riego_ha":10,"hectareas":0},"geometry":{"type":"Polygon","coordinates":[[[-105.507599,28.130392],[-105.508546,28.130911],[-105.509994,28.131649],[-105.511689,28.13162],[-105.511689,28.132702],[-105.511238,28.132708],[-105.51107,28.13271],[-105.510137,28.132723],[-105.509752,28.132731],[-105.509106,28.132734],[-105.508792,28.13274],[-105.508659,28.13274],[-105.508614,28.13274],[-105.508588,28.132724],[-105.508573,28.132689],[-105.508564,28.132594],[-105.508522,28.132441],[-105.508434,28.132206],[-105.508329,28.131927],[-105.508202,28.131657],[-105.508009,28.131303],[-105.507839,28.130944],[-105.507695,28.130614],[-105.507599,28.130392]]]}},{"type":"Feature","properties":{"modulo":5,"idparcela":"2731","productor":"ALVARES SOTELO OSCAR","cultivo":null,"superficie_fisica_ha":10.1,"superficie_riego_ha":10.1,"hectareas":0},"geometry":{"type":"Polygon","coordinates":[[[-105.503524,28.134812],[-105.503935,28.134803],[-105.504035,28.134851],[-105.504102,28.134957],[-105.50411,28.135515],[-105.504131,28.137033],[-105.504135,28.137203],[-105.504046,28.137286],[-105.503933,28.137314],[-105.502063,28.137304],[-105.500845,28.137299],[-105.500724,28.137277],[-105.500658,28.137178],[-105.500662,28.137061],[-105.500674,28.136844],[-105.500672,28.1366],[-105.500677,28.136375],[-105.500653,28.136167],[-105.500548,28.135879],[-105.500431,28.135599],[-105.50029,28.135275],[-105.500182,28.134924],[-105.500212,28.134859],[-105.50188,28.134827],[-105.50248,28.134825],[-105.503524,28.134812]]]}},{"type":"Feature","properties":{"modulo":5,"idparcela":"2730","productor":"VILLA GARCIA OSCAR","cultivo":null,"superficie_fisica_ha":10.6,"superficie_riego_ha":10.6,"hectareas":0},"geometry":{"type":"Polygon","coordinates":[[[-105.504844,28.135455],[-105.50685,28.135446],[-105.507799,28.135451],[-105.507878,28.135464],[-105.507913,28.135498],[-105.507887,28.136793],[-105.507725,28.136832],[-105.507609,28.136904],[-105.507573,28.137019],[-105.507515,28.137369],[-105.507438,28.138018],[-105.507401,28.1384],[-105.505996,28.138445],[-105.504316,28.138489],[-105.504303,28.13703],[-105.504291,28.135761],[-105.504391,28.135719],[-105.504428,28.135653],[-105.504506,28.135626],[-105.504574,28.13562],[-105.504682,28.135607],[-105.504764,28.135586],[-105.504813,28.135545],[-105.504844,28.135455]]]}},{"type":"Feature","properties":{"modulo":5,"idparcela":"2711","productor":"BUSTILLOS NU¥EZ JOSE MARIO","cultivo":null,"superficie_fisica_ha":21.95,"superficie_riego_ha":12.75,"hectareas":0},"geometry":{"type":"Polygon","coordinates":[[[-105.500664,28.138927],[-105.50069,28.13866],[-105.500701,28.138174],[-105.50069,28.137756],[-105.500685,28.137466],[-105.500778,28.137407],[-105.500919,28.137392],[-105.502174,28.137425],[-105.504041,28.137443],[-105.504105,28.137461],[-105.504137,28.137528],[-105.504142,28.137751],[-105.504159,28.138719],[-105.504179,28.139574],[-105.504177,28.139728],[-105.504134,28.139917],[-105.504125,28.140089],[-105.504128,28.140233],[-105.504158,28.140814],[-105.504167,28.141115],[-105.504136,28.141227],[-105.504065,28.141293],[-105.504008,28.14132],[-105.503918,28.141335],[-105.503769,28.141344],[-105.503616,28.141333],[-105.503479,28.141293],[-105.503144,28.141081],[-105.501354,28.140124],[-105.500751,28.139821],[-105.500701,28.13977],[-105.500675,28.139702],[-105.500668,28.13944],[-105.500664,28.138927]]]}},{"type":"Feature","properties":{"modulo":5,"idparcela":"2753","productor":"BUSTILLOS ORONA JUAN","cultivo":null,"superficie_fisica_ha":40.68,"superficie_riego_ha":40.68,"hectareas":0},"geometry":{"type":"Polygon","coordinates":[[[-105.497477,28.127331],[-105.499045,28.127346],[-105.499061,28.127346],[-105.501461,28.127358],[-105.501453,28.132219],[-105.501433,28.13226],[-105.501381,28.132275],[-105.50125,28.132287],[-105.501146,28.132293],[-105.500092,28.132312],[-105.499983,28.132301],[-105.499904,28.132287],[-105.49984,28.132251],[-105.499796,28.132155],[-105.499676,28.131939],[-105.499506,28.13172],[-105.498904,28.130829],[-105.498169,28.129626],[-105.498048,28.129415],[-105.497855,28.129122],[-105.497778,28.129005],[-105.497692,28.128868],[-105.497589,28.128646],[-105.497554,28.128431],[-105.497505,28.127732],[-105.497477,28.127331]]]}},{"type":"Feature","properties":{"modulo":5,"idparcela":"2752","productor":"HUERECA TAPIA EDUARDO","cultivo":null,"superficie_fisica_ha":10.52,"superficie_riego_ha":10.52,"hectareas":0},"geometry":{"type":"Polygon","coordinates":[[[-105.504024,28.132423],[-105.504063,28.132459],[-105.504047,28.133623],[-105.504108,28.134541],[-105.504105,28.134591],[-105.504069,28.13463],[-105.50403,28.134665],[-105.503965,28.134679],[-105.503437,28.134687],[-105.503238,28.134693],[-105.503065,28.134691],[-105.501551,28.134715],[-105.500471,28.134712],[-105.50032,28.13471],[-105.500187,28.134674],[-105.500097,28.134587],[-105.500003,28.134355],[-105.499911,28.133979],[-105.499895,28.1339],[-105.499904,28.133729],[-105.499911,28.133534],[-105.499934,28.133],[-105.499954,28.132409],[-105.501429,28.132404],[-105.504024,28.132423]]]}},{"type":"Feature","properties":{"modulo":5,"idparcela":"2776","productor":"DE SANTIAGO FLORES RAFAEL","cultivo":null,"superficie_fisica_ha":17.38,"superficie_riego_ha":14.88,"hectareas":0},"geometry":{"type":"Polygon","coordinates":[[[-105.507885,28.135335],[-105.507423,28.13469],[-105.507351,28.134565],[-105.507291,28.134421],[-105.507206,28.134217],[-105.507149,28.133998],[-105.507079,28.133684],[-105.506799,28.132457],[-105.506738,28.13221],[-105.506693,28.132009],[-105.506682,28.131936],[-105.506664,28.131879],[-105.506807,28.13187],[-105.506947,28.131873],[-105.507107,28.131872],[-105.507288,28.131865],[-105.507509,28.131855],[-105.507741,28.131846],[-105.507898,28.131849],[-105.508035,28.131858],[-105.50809,28.13189],[-105.508123,28.131956],[-105.508445,28.13277],[-105.508606,28.133212],[-105.50902,28.133969],[-105.509656,28.135048],[-105.50988,28.135337],[-105.510104,28.135602],[-105.510276,28.135794],[-105.510357,28.135945],[-105.510397,28.13607],[-105.510408,28.136176],[-105.510426,28.136426],[-105.510422,28.136686],[-105.510405,28.136731],[-105.510355,28.13675],[-105.509938,28.136743],[-105.50943,28.136738],[-105.508807,28.136738],[-105.508154,28.136735],[-105.508091,28.136737],[-105.50806,28.136718],[-105.508039,28.136685],[-105.508042,28.136614],[-105.508049,28.136034],[-105.508045,28.135545],[-105.508037,28.135484],[-105.50802,28.135433],[-105.507959,28.135372],[-105.507885,28.135335]]]}},{"type":"Feature","properties":{"modulo":5,"idparcela":"2729","productor":"CHAVEZ ORTIZ LAURO","cultivo":null,"superficie_fisica_ha":10.3,"superficie_riego_ha":10.3,"hectareas":0},"geometry":{"type":"Polygon","coordinates":[[[-105.506738,28.13221],[-105.506799,28.132457],[-105.507079,28.133684],[-105.507149,28.133998],[-105.507206,28.134217],[-105.507291,28.134421],[-105.507351,28.134565],[-105.507423,28.13469],[-105.507885,28.135335],[-105.506889,28.13532],[-105.504394,28.135339],[-105.504345,28.135303],[-105.504275,28.132583],[-105.504278,28.132498],[-105.504299,28.132443],[-105.504334,28.132403],[-105.504381,28.132385],[-105.504437,28.132379],[-105.505851,28.132373],[-105.506611,28.132328],[-105.506673,28.132287],[-105.506698,28.132259],[-105.506738,28.13221]]]}},{"type":"Feature","properties":{"modulo":5,"idparcela":"2755","productor":"PEREZ RANGEL REFUGIO","cultivo":null,"superficie_fisica_ha":12.64,"superficie_riego_ha":12.64,"hectareas":0},"geometry":{"type":"Polygon","coordinates":[[[-105.501584,28.130025],[-105.501574,28.127762],[-105.504131,28.127773],[-105.504173,28.131134],[-105.504178,28.131294],[-105.504193,28.131863],[-105.504154,28.131988],[-105.504112,28.13211],[-105.504054,28.132181],[-105.503987,28.132235],[-105.503864,28.13228],[-105.502581,28.132273],[-105.501806,28.132278],[-105.501717,28.13224],[-105.501647,28.132148],[-105.501639,28.132022],[-105.501654,28.131912],[-105.501696,28.131781],[-105.501748,28.131667],[-105.501799,28.131532],[-105.501838,28.131438],[-105.501866,28.131311],[-105.501837,28.131166],[-105.501758,28.131031],[-105.50165,28.130923],[-105.501567,28.130863],[-105.501584,28.130025]]]}},{"type":"Feature","properties":{"modulo":5,"idparcela":"2754","productor":"REYES ROEL JOSE RAUL","cultivo":null,"superficie_fisica_ha":9.4999,"superficie_riego_ha":9.49,"hectareas":0},"geometry":{"type":"Polygon","coordinates":[[[-105.504131,28.127773],[-105.506636,28.127739],[-105.506689,28.127992],[-105.50671,28.128309],[-105.506742,28.128572],[-105.50681,28.128812],[-105.506993,28.129148],[-105.507152,28.129518],[-105.507302,28.130103],[-105.507384,28.130337],[-105.507501,28.13063],[-105.507733,28.131157],[-105.507877,28.131444],[-105.507964,28.131639],[-105.507967,28.131703],[-105.50794,28.131754],[-105.507862,28.131774],[-105.507715,28.131784],[-105.507378,28.131794],[-105.507224,28.131791],[-105.50704,28.131786],[-105.506883,28.131774],[-105.506783,28.131749],[-105.506747,28.131681],[-105.50671,28.131591],[-105.506688,28.131506],[-105.506681,28.131407],[-105.506699,28.131335],[-105.506542,28.131332],[-105.506314,28.13135],[-105.506265,28.131494],[-105.506262,28.131548],[-105.50626,28.13162],[-105.506256,28.131738],[-105.506287,28.131886],[-105.506341,28.132033],[-105.5064,28.13227],[-105.504744,28.132325],[-105.50441,28.132315],[-105.504308,28.132331],[-105.504228,28.132327],[-105.504167,28.132288],[-105.504165,28.132213],[-105.504205,28.132145],[-105.504292,28.132016],[-105.504404,28.131887],[-105.504481,28.131781],[-105.504507,28.131692],[-105.504477,28.131636],[-105.504413,28.131574],[-105.504303,28.131461],[-105.504178,28.131294],[-105.504173,28.131134],[-105.504131,28.127773]]]}},{"type":"Feature","properties":{"modulo":5,"idparcela":"2712","productor":"BUSTILLOS NU¥EZ JOSE MARIO","cultivo":null,"superficie_fisica_ha":10.65,"superficie_riego_ha":10.65,"hectareas":0},"geometry":{"type":"Polygon","coordinates":[[[-105.506036,28.141234],[-105.50446,28.14127],[-105.50438,28.141232],[-105.504362,28.14114],[-105.504363,28.14063],[-105.504344,28.139923],[-105.504338,28.139495],[-105.504316,28.138489],[-105.505996,28.138445],[-105.507401,28.1384],[-105.507429,28.141205],[-105.506036,28.141234]]]}},{"type":"Feature","properties":{"modulo":5,"idparcela":"2712","productor":"BUSTILLOS NU¥EZ JOSE MARIO","cultivo":null,"superficie_fisica_ha":10.65,"superficie_riego_ha":10.65,"hectareas":0},"geometry":{"type":"Polygon","coordinates":[[[-105.507401,28.1384],[-105.509707,28.140633],[-105.509746,28.140692],[-105.509736,28.140755],[-105.509656,28.140809],[-105.508671,28.141169],[-105.507429,28.141205],[-105.507401,28.1384]]]}},{"type":"Feature","properties":{"modulo":5,"idparcela":"2781","productor":"GALLEGOS GUTIERREZ RAYMUNDO","cultivo":null,"superficie_fisica_ha":18.25,"superficie_riego_ha":15.05,"hectareas":0},"geometry":{"type":"Polygon","coordinates":[[[-105.508591,28.139134],[-105.508213,28.136803],[-105.508651,28.136796],[-105.50926,28.136799],[-105.509793,28.136796],[-105.510043,28.136803],[-105.510185,28.13682],[-105.510275,28.136842],[-105.510315,28.136943],[-105.510349,28.136983],[-105.510606,28.138069],[-105.510769,28.138809],[-105.510894,28.139131],[-105.511394,28.139801],[-105.511461,28.139942],[-105.511534,28.140375],[-105.511637,28.140546],[-105.51181,28.140738],[-105.512021,28.140917],[-105.512164,28.141025],[-105.512246,28.14107],[-105.512214,28.141118],[-105.51214,28.141164],[-105.512062,28.141181],[-105.51192,28.141199],[-105.511638,28.141218],[-105.510888,28.141236],[-105.510719,28.14121],[-105.510625,28.141145],[-105.510485,28.141029],[-105.508591,28.139134]]]}},{"type":"Feature","properties":{"modulo":5,"idparcela":"2633","productor":"BURROLA FLORES CESAR","cultivo":null,"superficie_fisica_ha":15,"superficie_riego_ha":15,"hectareas":0},"geometry":{"type":"Polygon","coordinates":[[[-105.483747,28.152294],[-105.481342,28.152256],[-105.479976,28.152245],[-105.479853,28.151573],[-105.479681,28.150852],[-105.479506,28.150004],[-105.479441,28.149734],[-105.479408,28.149527],[-105.479398,28.149301],[-105.479379,28.149106],[-105.479379,28.149057],[-105.47941,28.148987],[-105.479504,28.148946],[-105.479733,28.148924],[-105.480376,28.148905],[-105.481059,28.148911],[-105.481616,28.148925],[-105.482723,28.148932],[-105.483726,28.148933],[-105.483736,28.149538],[-105.483735,28.15137],[-105.483747,28.152294]]]}},{"type":"Feature","properties":{"modulo":5,"idparcela":"2634","productor":"BURROLA FLORES CESAR","cultivo":null,"superficie_fisica_ha":10,"superficie_riego_ha":10,"hectareas":0},"geometry":{"type":"Polygon","coordinates":[[[-105.479976,28.152245],[-105.481342,28.152256],[-105.483747,28.152294],[-105.483766,28.153932],[-105.483778,28.154789],[-105.483709,28.154834],[-105.482195,28.154849],[-105.480643,28.154872],[-105.48057,28.154855],[-105.480502,28.154774],[-105.480418,28.154341],[-105.480275,28.153637],[-105.480143,28.1531],[-105.480061,28.152708],[-105.480012,28.152411],[-105.479976,28.152245]]]}},{"type":"Feature","properties":{"modulo":5,"idparcela":"2630","productor":"VILLA GARCIA FERNANDO","cultivo":null,"superficie_fisica_ha":10.6,"superficie_riego_ha":10.55,"hectareas":0},"geometry":{"type":"Polygon","coordinates":[[[-105.487576,28.147582],[-105.487549,28.147842],[-105.487539,28.150229],[-105.48756,28.151197],[-105.48757,28.151866],[-105.487585,28.153256],[-105.487582,28.15486],[-105.486207,28.154853],[-105.486203,28.153367],[-105.486282,28.147897],[-105.486405,28.147823],[-105.486554,28.147781],[-105.486684,28.147709],[-105.487126,28.147563],[-105.487274,28.147545],[-105.487457,28.147544],[-105.487576,28.147582]]]}},{"type":"Feature","properties":{"modulo":5,"idparcela":"2629","productor":"GARCIA MEDRANO ARTURO","cultivo":null,"superficie_fisica_ha":10.5,"superficie_riego_ha":10.4,"hectareas":0},"geometry":{"type":"Polygon","coordinates":[[[-105.487582,28.15486],[-105.487585,28.153256],[-105.48757,28.151866],[-105.48756,28.151197],[-105.487539,28.150229],[-105.487549,28.147842],[-105.487576,28.147582],[-105.487658,28.14762],[-105.488115,28.147848],[-105.488356,28.147929],[-105.48861,28.148009],[-105.488835,28.148047],[-105.489269,28.14816],[-105.489314,28.148205],[-105.48933,28.148259],[-105.489382,28.14834],[-105.489467,28.148448],[-105.489543,28.148565],[-105.489525,28.148628],[-105.489439,28.148638],[-105.489336,28.14862],[-105.489212,28.148557],[-105.489056,28.148531],[-105.488911,28.148533],[-105.488818,28.148579],[-105.488766,28.14864],[-105.488746,28.148712],[-105.488738,28.148847],[-105.488743,28.149029],[-105.488772,28.150129],[-105.488804,28.151753],[-105.48884,28.153154],[-105.488875,28.153961],[-105.488895,28.154208],[-105.488905,28.154442],[-105.488937,28.154726],[-105.488935,28.154796],[-105.488894,28.15485],[-105.488816,28.154864],[-105.487994,28.154858],[-105.487582,28.15486]]]}},{"type":"Feature","properties":{"modulo":5,"idparcela":"2626","productor":"TORRES GUEVARA GONZALO RAFAEL","cultivo":null,"superficie_fisica_ha":10.45,"superficie_riego_ha":10.35,"hectareas":0},"geometry":{"type":"Polygon","coordinates":[[[-105.490536,28.154839],[-105.490537,28.15438],[-105.490537,28.154343],[-105.490523,28.153085],[-105.490509,28.15034],[-105.490515,28.149138],[-105.490557,28.149138],[-105.490627,28.14915],[-105.49075,28.149231],[-105.490925,28.149294],[-105.491674,28.149486],[-105.491871,28.149522],[-105.491974,28.149488],[-105.492067,28.149398],[-105.492162,28.14928],[-105.492217,28.14933],[-105.492201,28.152803],[-105.492204,28.154766],[-105.492173,28.154804],[-105.492123,28.15483],[-105.491322,28.154835],[-105.490536,28.154839]]]}},{"type":"Feature","properties":{"modulo":5,"idparcela":"2625","productor":"TORRES GUEVARA GONZALO RAFAEL","cultivo":null,"superficie_fisica_ha":10.65,"superficie_riego_ha":10.45,"hectareas":0},"geometry":{"type":"Polygon","coordinates":[[[-105.492445,28.149252],[-105.492533,28.149284],[-105.492676,28.14935],[-105.492904,28.149459],[-105.493629,28.14984],[-105.493871,28.149979],[-105.493935,28.150016],[-105.493959,28.150089],[-105.493961,28.150181],[-105.493974,28.150578],[-105.494003,28.153049],[-105.494029,28.154759],[-105.494029,28.154811],[-105.493992,28.154848],[-105.493928,28.154863],[-105.493449,28.154852],[-105.492781,28.154848],[-105.492441,28.154845],[-105.492315,28.154842],[-105.492326,28.152817],[-105.492332,28.14937],[-105.492334,28.149275],[-105.492353,28.149247],[-105.492389,28.14924],[-105.492445,28.149252]]]}},{"type":"Feature","properties":{"modulo":5,"idparcela":"2654","productor":"TERRAZAS VILLALOBOS JORGE LUIS","cultivo":null,"superficie_fisica_ha":10,"superficie_riego_ha":10,"hectareas":0},"geometry":{"type":"Polygon","coordinates":[[[-105.496272,28.154846],[-105.496249,28.15404],[-105.496193,28.152588],[-105.496207,28.152409],[-105.496203,28.152257],[-105.496157,28.151872],[-105.496146,28.151818],[-105.496143,28.151758],[-105.496118,28.151181],[-105.496102,28.15074],[-105.49611,28.150568],[-105.496169,28.150626],[-105.496238,28.150707],[-105.496342,28.150788],[-105.496508,28.150859],[-105.496694,28.150922],[-105.496859,28.150934],[-105.496978,28.150978],[-105.497194,28.151146],[-105.497392,28.151324],[-105.497805,28.151623],[-105.498219,28.151954],[-105.498799,28.152416],[-105.49888,28.152523],[-105.498908,28.152645],[-105.498862,28.152861],[-105.498881,28.153332],[-105.498904,28.153967],[-105.498941,28.154637],[-105.498927,28.154772],[-105.49888,28.154827],[-105.498807,28.154839],[-105.498419,28.154837],[-105.497241,28.154834],[-105.496272,28.154846]]]}},{"type":"Feature","properties":{"modulo":5,"idparcela":"2655","productor":"TERRAZAS VILLALOBOS JORGE LUIS","cultivo":null,"superficie_fisica_ha":10.45,"superficie_riego_ha":10.45,"hectareas":0},"geometry":{"type":"Polygon","coordinates":[[[-105.49611,28.150568],[-105.496102,28.15074],[-105.496118,28.151181],[-105.496143,28.151758],[-105.496146,28.151818],[-105.496157,28.151872],[-105.496203,28.152257],[-105.496207,28.152409],[-105.496193,28.152588],[-105.496249,28.15404],[-105.496272,28.154846],[-105.494257,28.15484],[-105.494166,28.154796],[-105.494145,28.154711],[-105.494094,28.150399],[-105.494132,28.150283],[-105.494199,28.15018],[-105.494318,28.150099],[-105.494534,28.15005],[-105.494701,28.150033],[-105.49484,28.150025],[-105.495008,28.150043],[-105.495226,28.1501],[-105.495474,28.150196],[-105.495643,28.150265],[-105.495758,28.150295],[-105.495865,28.15031],[-105.495943,28.150338],[-105.496038,28.150376],[-105.496089,28.150422],[-105.496123,28.150493],[-105.49611,28.150568]]]}},{"type":"Feature","properties":{"modulo":5,"idparcela":"2627","productor":"SERNA LOPEZ LUIS ARTURO","cultivo":null,"superficie_fisica_ha":10.55,"superficie_riego_ha":10.5,"hectareas":0},"geometry":{"type":"Polygon","coordinates":[[[-105.490515,28.149138],[-105.490509,28.15034],[-105.490523,28.153085],[-105.490537,28.154343],[-105.490537,28.15438],[-105.490536,28.154839],[-105.490371,28.154876],[-105.489034,28.15488],[-105.489027,28.154664],[-105.488836,28.148871],[-105.488839,28.148763],[-105.488876,28.148703],[-105.488966,28.148694],[-105.489101,28.148724],[-105.489241,28.148768],[-105.489623,28.148907],[-105.490286,28.149158],[-105.490515,28.149138]]]}},{"type":"Feature","properties":{"modulo":5,"idparcela":"2631","productor":"SERNA LOPEZ LUIS ARTURO","cultivo":null,"superficie_fisica_ha":20.25,"superficie_riego_ha":20.25,"hectareas":0},"geometry":{"type":"Polygon","coordinates":[[[-105.486282,28.147897],[-105.486203,28.153367],[-105.486207,28.154853],[-105.484208,28.154848],[-105.484073,28.154818],[-105.484028,28.154734],[-105.484008,28.153949],[-105.483985,28.152223],[-105.483999,28.148899],[-105.484191,28.148862],[-105.484964,28.14879],[-105.485456,28.148082],[-105.48551,28.148191],[-105.485603,28.148189],[-105.485719,28.148087],[-105.485983,28.147921],[-105.486138,28.147873],[-105.486282,28.147897]]]}},{"type":"Feature","properties":{"modulo":5,"idparcela":"0","productor":null,"cultivo":null,"superficie_fisica_ha":0,"superficie_riego_ha":0,"hectareas":0},"geometry":{"type":"Polygon","coordinates":[[[-105.471066,28.149488],[-105.470916,28.149506],[-105.470828,28.149552],[-105.470756,28.149624],[-105.470638,28.149706],[-105.470509,28.149742],[-105.470372,28.14977],[-105.47031,28.149842],[-105.470315,28.149923],[-105.47037,28.149968],[-105.472441,28.14988],[-105.472561,28.149916],[-105.472677,28.149978],[-105.473471,28.150716],[-105.473466,28.150842],[-105.473496,28.151573],[-105.473467,28.152515],[-105.473457,28.153464],[-105.473479,28.154759],[-105.473447,28.154831],[-105.473372,28.154849],[-105.470133,28.15486],[-105.467746,28.154864],[-105.467733,28.154796],[-105.467795,28.154427],[-105.467839,28.154075],[-105.467853,28.153947],[-105.467954,28.153881],[-105.468066,28.153815],[-105.468161,28.153759],[-105.468199,28.153622],[-105.468188,28.153456],[-105.468145,28.153185],[-105.468099,28.153053],[-105.468067,28.152974],[-105.467926,28.15291],[-105.467825,28.152901],[-105.467691,28.152947],[-105.467583,28.152992],[-105.467499,28.152974],[-105.467335,28.152782],[-105.467248,28.152667],[-105.467124,28.15251],[-105.467042,28.152368],[-105.46699,28.15222],[-105.466917,28.152083],[-105.466815,28.151876],[-105.466656,28.151642],[-105.466385,28.1512],[-105.466266,28.151038],[-105.466209,28.150897],[-105.466149,28.15066],[-105.466109,28.150453],[-105.467643,28.150456],[-105.467983,28.150452],[-105.468049,28.150442],[-105.468088,28.150383],[-105.468132,28.150301],[-105.468314,28.149894],[-105.468235,28.149718],[-105.468122,28.149499],[-105.467856,28.148894],[-105.467356,28.147813],[-105.466582,28.146022],[-105.46701,28.146013],[-105.470187,28.1482],[-105.471523,28.149125],[-105.471562,28.149197],[-105.471535,28.149269],[-105.471435,28.149288],[-105.471352,28.149297],[-105.471218,28.149343],[-105.471177,28.149415],[-105.471066,28.149488]]]}},{"type":"Feature","properties":{"modulo":5,"idparcela":"2483","productor":"TORRES GUEVARA MARCO ANTONIO","cultivo":null,"superficie_fisica_ha":15.2,"superficie_riego_ha":10.5,"hectareas":0},"geometry":{"type":"Polygon","coordinates":[[[-105.471968,28.146377],[-105.471974,28.14672],[-105.471987,28.147084],[-105.471996,28.14719],[-105.472025,28.14724],[-105.472068,28.147261],[-105.472137,28.147257],[-105.472173,28.147234],[-105.472193,28.147197],[-105.472166,28.146119],[-105.472187,28.146103],[-105.472857,28.146094],[-105.473343,28.14611],[-105.473428,28.146137],[-105.47347,28.146194],[-105.473483,28.146267],[-105.473499,28.149236],[-105.473494,28.149705],[-105.473473,28.149759],[-105.473447,28.149777],[-105.473406,28.149777],[-105.473364,28.14975],[-105.473242,28.14967],[-105.472026,28.148961],[-105.471821,28.148853],[-105.471609,28.148718],[-105.471291,28.148494],[-105.471182,28.148378],[-105.471076,28.148251],[-105.47095,28.148017],[-105.470786,28.14781],[-105.470582,28.14761],[-105.470124,28.147251],[-105.469522,28.146795],[-105.469044,28.14648],[-105.468674,28.146264],[-105.468266,28.146044],[-105.468215,28.146018],[-105.468209,28.146003],[-105.468216,28.145998],[-105.468425,28.146004],[-105.468704,28.146012],[-105.470547,28.146015],[-105.471209,28.146013],[-105.471342,28.146089],[-105.471457,28.146124],[-105.471596,28.146126],[-105.471768,28.14612],[-105.471961,28.146126],[-105.471968,28.146377]]]}},{"type":"Feature","properties":{"modulo":5,"idparcela":"2485","productor":"TORRES GUEVARA MARCO ANTONIO","cultivo":null,"superficie_fisica_ha":6.95,"superficie_riego_ha":6.95,"hectareas":0},"geometry":{"type":"Polygon","coordinates":[[[-105.467295,28.145434],[-105.467282,28.145338],[-105.467336,28.145257],[-105.467478,28.145139],[-105.468166,28.144713],[-105.469747,28.143724],[-105.470209,28.143433],[-105.470506,28.143414],[-105.471805,28.143446],[-105.47235,28.143505],[-105.472812,28.143582],[-105.473315,28.143745],[-105.473483,28.143842],[-105.473538,28.144689],[-105.473538,28.145053],[-105.473489,28.145108],[-105.473432,28.145128],[-105.473265,28.145144],[-105.473106,28.145165],[-105.47292,28.145238],[-105.472783,28.145303],[-105.472672,28.145394],[-105.47262,28.145471],[-105.472628,28.145506],[-105.472668,28.145534],[-105.472715,28.14553],[-105.472777,28.145507],[-105.472863,28.145466],[-105.472976,28.14542],[-105.473346,28.145378],[-105.473382,28.145382],[-105.473441,28.145429],[-105.473457,28.145489],[-105.47345,28.145597],[-105.473396,28.145882],[-105.472978,28.145891],[-105.472557,28.145907],[-105.472014,28.145912],[-105.471589,28.145915],[-105.471474,28.145889],[-105.470099,28.145902],[-105.468359,28.145902],[-105.468279,28.145862],[-105.468022,28.145868],[-105.467729,28.145865],[-105.467671,28.145831],[-105.467587,28.145763],[-105.467525,28.145714],[-105.467421,28.145618],[-105.467337,28.145531],[-105.467295,28.145434]]]}},{"type":"Feature","properties":{"modulo":5,"idparcela":"2486","productor":"TORRES GUEVARA MARCO ANTONIO","cultivo":null,"superficie_fisica_ha":6.95,"superficie_riego_ha":6.95,"hectareas":0},"geometry":{"type":"Polygon","coordinates":[[[-105.472512,28.143374],[-105.472171,28.143328],[-105.472051,28.143364],[-105.471031,28.143261],[-105.470447,28.143272],[-105.470173,28.143291],[-105.470013,28.143334],[-105.469875,28.143391],[-105.46807,28.144607],[-105.46733,28.143225],[-105.469489,28.142395],[-105.469788,28.142289],[-105.46993,28.142252],[-105.470106,28.14228],[-105.47028,28.142358],[-105.471153,28.14271],[-105.471731,28.142925],[-105.47199,28.142987],[-105.472218,28.143076],[-105.472519,28.143183],[-105.472704,28.143248],[-105.473241,28.143415],[-105.47332,28.143441],[-105.473381,28.143463],[-105.473442,28.143485],[-105.473458,28.143522],[-105.473443,28.143552],[-105.473389,28.143565],[-105.473298,28.143567],[-105.473211,28.143553],[-105.472975,28.143471],[-105.472732,28.143403],[-105.472512,28.143374]]]}},{"type":"Feature","properties":{"modulo":5,"idparcela":"2597","productor":"CRUZ RODRIGUEZ J ISABEL","cultivo":null,"superficie_fisica_ha":12,"superficie_riego_ha":12,"hectareas":0},"geometry":{"type":"Polygon","coordinates":[[[-105.466375,28.141759],[-105.466354,28.139531],[-105.46636,28.138902],[-105.466354,28.13826],[-105.466585,28.138249],[-105.467337,28.138246],[-105.468384,28.138231],[-105.468379,28.13861],[-105.468362,28.138692],[-105.468303,28.138779],[-105.468232,28.13891],[-105.468163,28.139036],[-105.468133,28.139189],[-105.46813,28.139356],[-105.468164,28.139479],[-105.468193,28.139536],[-105.468264,28.13961],[-105.468347,28.139687],[-105.468454,28.139793],[-105.468414,28.139866],[-105.468358,28.139992],[-105.468304,28.140137],[-105.468368,28.140597],[-105.468389,28.140714],[-105.468502,28.140849],[-105.468544,28.140896],[-105.468527,28.141923],[-105.468521,28.142681],[-105.466409,28.143473],[-105.466352,28.143446],[-105.466375,28.141759]]]}},{"type":"Feature","properties":{"modulo":5,"idparcela":"2486","productor":"TORRES GUEVARA MARCO ANTONIO","cultivo":null,"superficie_fisica_ha":6.95,"superficie_riego_ha":6.95,"hectareas":0},"geometry":{"type":"Polygon","coordinates":[[[-105.46569,28.145064],[-105.465518,28.145173],[-105.465371,28.145315],[-105.465275,28.145393],[-105.465144,28.145418],[-105.465061,28.145391],[-105.464993,28.145328],[-105.464947,28.145265],[-105.464901,28.145148],[-105.464862,28.145013],[-105.464836,28.144841],[-105.464837,28.14467],[-105.464848,28.144439],[-105.464863,28.144204],[-105.464875,28.143845],[-105.465414,28.143943],[-105.46733,28.143225],[-105.46807,28.144607],[-105.466933,28.145358],[-105.466822,28.145286],[-105.466515,28.145106],[-105.466259,28.145008],[-105.466047,28.144964],[-105.465923,28.144973],[-105.465801,28.14501],[-105.46569,28.145064]]]}},{"type":"Feature","properties":{"modulo":5,"idparcela":"2605","productor":"VILLA GARCIA FERNANDO","cultivo":null,"superficie_fisica_ha":19.7,"superficie_riego_ha":13.95,"hectareas":0},"geometry":{"type":"Polygon","coordinates":[[[-105.466191,28.138215],[-105.466246,28.143528],[-105.465364,28.143829],[-105.464907,28.143736],[-105.464899,28.143547],[-105.464894,28.14145],[-105.463664,28.141396],[-105.463569,28.141344],[-105.463533,28.141267],[-105.463501,28.140179],[-105.463505,28.139074],[-105.463814,28.139019],[-105.464707,28.138764],[-105.464894,28.138661],[-105.465021,28.138451],[-105.465082,28.138223],[-105.465749,28.138229],[-105.466191,28.138215]]]}},{"type":"Feature","properties":{"modulo":5,"idparcela":"2484","productor":"ARAIZA SANCHEZ REYES ARTURO","cultivo":null,"superficie_fisica_ha":20.4,"superficie_riego_ha":16.84,"hectareas":0},"geometry":{"type":"Polygon","coordinates":[[[-105.473885,28.149965],[-105.473822,28.149902],[-105.473738,28.149812],[-105.473736,28.147222],[-105.473723,28.146699],[-105.473749,28.14669],[-105.473782,28.146681],[-105.473833,28.14669],[-105.476894,28.150596],[-105.477588,28.151396],[-105.478629,28.152671],[-105.478816,28.152923],[-105.480241,28.154701],[-105.480253,28.154935],[-105.47961,28.154941],[-105.478122,28.153354],[-105.476275,28.151266],[-105.473929,28.150028],[-105.473885,28.149965]]]}},{"type":"Feature","properties":{"modulo":5,"idparcela":"2489","productor":"PEREZ RANGEL REFUGIO","cultivo":null,"superficie_fisica_ha":8.55,"superficie_riego_ha":8.25,"hectareas":0},"geometry":{"type":"Polygon","coordinates":[[[-105.477851,28.150897],[-105.47773,28.14587],[-105.477758,28.145825],[-105.477825,28.145828],[-105.477889,28.14581],[-105.477938,28.145822],[-105.478026,28.145876],[-105.478147,28.145944],[-105.478226,28.145965],[-105.47832,28.145963],[-105.478451,28.145957],[-105.478574,28.145935],[-105.478632,28.145877],[-105.478642,28.14582],[-105.478667,28.14579],[-105.478708,28.145786],[-105.478754,28.145811],[-105.478784,28.145837],[-105.478787,28.14593],[-105.478795,28.146099],[-105.478801,28.146311],[-105.478807,28.146544],[-105.478831,28.1466],[-105.478878,28.146665],[-105.478893,28.148138],[-105.478947,28.149239],[-105.4791,28.149969],[-105.479257,28.150691],[-105.4796,28.152157],[-105.479842,28.153216],[-105.479881,28.153423],[-105.47988,28.153494],[-105.479835,28.153517],[-105.479769,28.153492],[-105.479278,28.152852],[-105.479258,28.152806],[-105.479064,28.152556],[-105.478355,28.151605],[-105.477851,28.150897]]]}},{"type":"Feature","properties":{"modulo":5,"idparcela":"2488","productor":"PEREZ RANGEL REFUGIO","cultivo":null,"superficie_fisica_ha":10.35,"superficie_riego_ha":9.35,"hectareas":0},"geometry":{"type":"Polygon","coordinates":[[[-105.477851,28.150897],[-105.477774,28.150886],[-105.47772,28.150886],[-105.477638,28.150814],[-105.477061,28.150103],[-105.475919,28.148643],[-105.475666,28.143791],[-105.475668,28.143727],[-105.475706,28.143701],[-105.475942,28.143721],[-105.475994,28.143749],[-105.476487,28.144166],[-105.477143,28.144764],[-105.477644,28.14525],[-105.477747,28.14572],[-105.477758,28.145825],[-105.47773,28.14587],[-105.477851,28.150897]]]}},{"type":"Feature","properties":{"modulo":5,"idparcela":"2606","productor":"PRODUCTORA AGRICOLA RODRIGUEZ","cultivo":null,"superficie_fisica_ha":40.05,"superficie_riego_ha":40.05,"hectareas":0},"geometry":{"type":"Polygon","coordinates":[[[-105.4741,28.130697],[-105.474124,28.130826],[-105.474167,28.130925],[-105.474216,28.131029],[-105.4743,28.13113],[-105.474374,28.131255],[-105.474406,28.131364],[-105.474462,28.131509],[-105.474511,28.13162],[-105.4746,28.131808],[-105.474626,28.131898],[-105.47462,28.132052],[-105.474624,28.132232],[-105.474709,28.132413],[-105.474798,28.132548],[-105.474934,28.132764],[-105.475033,28.133052],[-105.475056,28.133187],[-105.475064,28.133287],[-105.475168,28.133413],[-105.475273,28.133611],[-105.475324,28.133818],[-105.475356,28.133999],[-105.475405,28.134134],[-105.475488,28.134323],[-105.475492,28.13444],[-105.475488,28.134576],[-105.475494,28.134765],[-105.475568,28.134909],[-105.475693,28.135107],[-105.47583,28.135242],[-105.475912,28.135432],[-105.476137,28.135936],[-105.47619,28.136071],[-105.476259,28.136288],[-105.476333,28.136495],[-105.476416,28.136675],[-105.476455,28.136865],[-105.476566,28.137081],[-105.476633,28.137315],[-105.476641,28.137414],[-105.476665,28.137577],[-105.476763,28.137712],[-105.476878,28.137758],[-105.477341,28.139181],[-105.477744,28.140334],[-105.478088,28.141144],[-105.478282,28.141659],[-105.478386,28.141939],[-105.478466,28.142145],[-105.4785,28.142287],[-105.478523,28.142487],[-105.478546,28.142867],[-105.478586,28.143797],[-105.478674,28.144943],[-105.478696,28.145412],[-105.478688,28.145463],[-105.478664,28.145511],[-105.478602,28.145557],[-105.478515,28.145593],[-105.478429,28.145594],[-105.478353,28.145551],[-105.478246,28.145468],[-105.478062,28.145313],[-105.477759,28.14504],[-105.477607,28.144931],[-105.476791,28.144079],[-105.476632,28.143949],[-105.476157,28.143541],[-105.475479,28.142922],[-105.47449,28.142045],[-105.473987,28.141636],[-105.473923,28.141551],[-105.473896,28.1415],[-105.473886,28.141445],[-105.473901,28.141402],[-105.473938,28.141371],[-105.47399,28.141373],[-105.474129,28.141394],[-105.474265,28.14141],[-105.474358,28.141417],[-105.47447,28.14141],[-105.474555,28.141397],[-105.474633,28.141361],[-105.474665,28.14131],[-105.474669,28.14126],[-105.474667,28.141206],[-105.474658,28.141149],[-105.474638,28.141084],[-105.474565,28.14101],[-105.474495,28.140996],[-105.474359,28.14099],[-105.474184,28.140991],[-105.473989,28.140991],[-105.473943,28.14097],[-105.473917,28.140943],[-105.473899,28.14088],[-105.473873,28.139834],[-105.473882,28.139761],[-105.473926,28.139626],[-105.473966,28.139472],[-105.47398,28.139373],[-105.473959,28.139246],[-105.473914,28.139151],[-105.473863,28.139045],[-105.473866,28.138938],[-105.473867,28.138763],[-105.473845,28.138588],[-105.473824,28.138481],[-105.473836,28.138327],[-105.473839,28.137821],[-105.473796,28.136973],[-105.473811,28.13689],[-105.473843,28.136855],[-105.473918,28.136834],[-105.473971,28.136795],[-105.473998,28.136733],[-105.473984,28.136625],[-105.473946,28.136419],[-105.473909,28.136231],[-105.473876,28.136097],[-105.473847,28.135958],[-105.473816,28.135745],[-105.473815,28.135439],[-105.473783,28.135313],[-105.473796,28.134988],[-105.473735,28.133155],[-105.473778,28.131123],[-105.473796,28.1305],[-105.473813,28.130436],[-105.473838,28.130378],[-105.473902,28.130362],[-105.473955,28.130376],[-105.473991,28.130395],[-105.474021,28.130438],[-105.474037,28.130541],[-105.474074,28.130609],[-105.4741,28.130697]]]}},{"type":"Feature","properties":{"modulo":5,"idparcela":"2487","productor":"PEREZ RANGEL REFUGIO","cultivo":null,"superficie_fisica_ha":12.9,"superficie_riego_ha":9.05,"hectareas":0},"geometry":{"type":"Polygon","coordinates":[[[-105.473867,28.145978],[-105.473857,28.145851],[-105.473846,28.145336],[-105.473836,28.144974],[-105.47385,28.144688],[-105.473799,28.144284],[-105.473774,28.143758],[-105.473783,28.143683],[-105.473827,28.143647],[-105.475494,28.143711],[-105.475556,28.143729],[-105.475581,28.143788],[-105.47585,28.148569],[-105.475366,28.147911],[-105.474389,28.146692],[-105.473937,28.146132],[-105.473884,28.146058],[-105.473867,28.145978]]]}},{"type":"Feature","properties":{"modulo":5,"idparcela":"2075","productor":"VILLA GARCIA ENRIQUE","cultivo":null,"superficie_fisica_ha":12,"superficie_riego_ha":12,"hectareas":0},"geometry":{"type":"Polygon","coordinates":[[[-105.464087,28.132972],[-105.464162,28.132906],[-105.464222,28.132833],[-105.464271,28.132764],[-105.464314,28.132724],[-105.46439,28.132713],[-105.464489,28.132708],[-105.46465,28.132699],[-105.46533,28.132696],[-105.465975,28.132689],[-105.466146,28.132702],[-105.466269,28.132721],[-105.46642,28.132783],[-105.466595,28.132872],[-105.466739,28.132942],[-105.466823,28.132971],[-105.466911,28.13298],[-105.467061,28.132952],[-105.467349,28.132861],[-105.467842,28.132715],[-105.467939,28.13272],[-105.46799,28.132739],[-105.468034,28.132773],[-105.468049,28.13284],[-105.468061,28.132968],[-105.468068,28.133091],[-105.468069,28.133232],[-105.468073,28.133392],[-105.468083,28.133497],[-105.468095,28.133577],[-105.4681,28.133632],[-105.46814,28.133665],[-105.468216,28.133669],[-105.468323,28.133658],[-105.468432,28.133677],[-105.468513,28.133728],[-105.468567,28.133803],[-105.468576,28.133862],[-105.468581,28.133951],[-105.468585,28.134084],[-105.468588,28.134292],[-105.468565,28.134409],[-105.468502,28.134526],[-105.468376,28.134572],[-105.468237,28.134582],[-105.468107,28.1346],[-105.468085,28.134672],[-105.468126,28.134817],[-105.468166,28.134952],[-105.468154,28.135069],[-105.468093,28.135132],[-105.467957,28.135214],[-105.467788,28.135287],[-105.467638,28.135333],[-105.467437,28.135396],[-105.467295,28.135406],[-105.467137,28.135379],[-105.466951,28.135371],[-105.466598,28.135372],[-105.466518,28.13537],[-105.466442,28.135349],[-105.466388,28.13531],[-105.466345,28.135247],[-105.466328,28.135174],[-105.466296,28.135104],[-105.466253,28.135048],[-105.466191,28.134989],[-105.466088,28.134971],[-105.465952,28.134977],[-105.465813,28.135004],[-105.4657,28.13501],[-105.465549,28.135],[-105.465436,28.135009],[-105.46532,28.135035],[-105.465226,28.135073],[-105.46514,28.135109],[-105.46504,28.135158],[-105.464951,28.13522],[-105.464868,28.135333],[-105.464827,28.135396],[-105.464789,28.13546],[-105.464736,28.13555],[-105.464653,28.135776],[-105.46463,28.135821],[-105.46458,28.135877],[-105.464515,28.135921],[-105.464184,28.135931],[-105.464087,28.132972]]]}},{"type":"Feature","properties":{"modulo":5,"idparcela":"2603","productor":"VILLA GARCIA MAURICIO","cultivo":null,"superficie_fisica_ha":16.8,"superficie_riego_ha":11.6,"hectareas":0},"geometry":{"type":"Polygon","coordinates":[[[-105.468767,28.13325],[-105.469444,28.133552],[-105.469654,28.133671],[-105.470186,28.134119],[-105.471108,28.134891],[-105.472827,28.136526],[-105.47346,28.137125],[-105.47346,28.137663],[-105.473406,28.137735],[-105.473342,28.137753],[-105.472662,28.137729],[-105.470821,28.137708],[-105.469793,28.137702],[-105.469724,28.137712],[-105.469645,28.137685],[-105.469627,28.137631],[-105.469633,28.137053],[-105.469644,28.136058],[-105.46964,28.135909],[-105.469612,28.135867],[-105.469562,28.135841],[-105.46947,28.135827],[-105.469343,28.135822],[-105.468622,28.13585],[-105.467342,28.135877],[-105.4674,28.135828],[-105.467451,28.135798],[-105.467579,28.135738],[-105.467705,28.135692],[-105.467803,28.135625],[-105.467996,28.135525],[-105.468166,28.135434],[-105.468333,28.135325],[-105.468509,28.135189],[-105.468684,28.135026],[-105.468813,28.13489],[-105.468946,28.134718],[-105.469059,28.134465],[-105.469074,28.134384],[-105.469088,28.134239],[-105.469079,28.134131],[-105.469044,28.133996],[-105.468996,28.133852],[-105.468924,28.133707],[-105.468854,28.133582],[-105.468788,28.133459],[-105.468757,28.133326],[-105.468767,28.13325]]]}},{"type":"Feature","properties":{"modulo":5,"idparcela":"2599","productor":"PRODUCTORA AGRICOLA RODRIGUEZ","cultivo":null,"superficie_fisica_ha":10.1,"superficie_riego_ha":10.1,"hectareas":0},"geometry":{"type":"Polygon","coordinates":[[[-105.468584,28.139762],[-105.468551,28.139078],[-105.468516,28.138274],[-105.468526,28.138246],[-105.468569,28.138235],[-105.468631,28.138234],[-105.469026,28.138236],[-105.469506,28.138238],[-105.469568,28.138209],[-105.469585,28.138148],[-105.469589,28.137929],[-105.469623,28.137892],[-105.469778,28.137879],[-105.469915,28.137882],[-105.469998,28.137897],[-105.470033,28.137922],[-105.47005,28.138156],[-105.470055,28.138243],[-105.47007,28.138324],[-105.470088,28.138378],[-105.470113,28.138429],[-105.470151,28.138504],[-105.470253,28.138558],[-105.470349,28.138565],[-105.470426,28.138524],[-105.470482,28.138467],[-105.470552,28.138349],[-105.470631,28.138223],[-105.470659,28.138134],[-105.47077,28.138084],[-105.470826,28.138009],[-105.470878,28.137926],[-105.470932,28.137843],[-105.471068,28.137833],[-105.472451,28.137856],[-105.473454,28.137879],[-105.473488,28.137915],[-105.473492,28.139115],[-105.473503,28.139732],[-105.470873,28.13974],[-105.468584,28.139762]]]}},{"type":"Feature","properties":{"modulo":5,"idparcela":"2602","productor":"VILLA GARCIA ENRIQUE","cultivo":null,"superficie_fisica_ha":18.55,"superficie_riego_ha":17.7,"hectareas":0},"geometry":{"type":"Polygon","coordinates":[[[-105.47346,28.137125],[-105.472827,28.136526],[-105.471108,28.134891],[-105.470186,28.134119],[-105.469654,28.133671],[-105.469444,28.133552],[-105.468767,28.13325],[-105.468709,28.133121],[-105.468643,28.133051],[-105.468557,28.132985],[-105.468469,28.132873],[-105.46839,28.132678],[-105.468338,28.132497],[-105.471736,28.131361],[-105.473105,28.130912],[-105.473443,28.130822],[-105.47346,28.137125]]]}},{"type":"Feature","properties":{"modulo":5,"idparcela":"2598","productor":"VILLA GARCIA FERNANDO","cultivo":null,"superficie_fisica_ha":24.35,"superficie_riego_ha":11.25,"hectareas":0},"geometry":{"type":"Polygon","coordinates":[[[-105.469424,28.135946],[-105.469464,28.136005],[-105.469465,28.136226],[-105.469462,28.138148],[-105.466283,28.138133],[-105.466112,28.138166],[-105.465113,28.138153],[-105.465148,28.137784],[-105.465124,28.137415],[-105.464997,28.136744],[-105.464878,28.136236],[-105.464805,28.136001],[-105.464819,28.135942],[-105.464882,28.135878],[-105.465748,28.135504],[-105.465894,28.135461],[-105.465996,28.135462],[-105.466095,28.135513],[-105.466181,28.135598],[-105.466228,28.13569],[-105.466269,28.135793],[-105.466289,28.135896],[-105.466355,28.136002],[-105.46646,28.136069],[-105.466622,28.136115],[-105.466739,28.136127],[-105.466865,28.13609],[-105.466953,28.136053],[-105.46704,28.135998],[-105.46821,28.135949],[-105.469374,28.135933],[-105.469424,28.135946]]]}},{"type":"Feature","properties":{"modulo":5,"idparcela":"2598","productor":"VILLA GARCIA FERNANDO","cultivo":null,"superficie_fisica_ha":24.35,"superficie_riego_ha":11.25,"hectareas":0},"geometry":{"type":"Polygon","coordinates":[[[-105.464936,28.135371],[-105.464971,28.135294],[-105.465031,28.135252],[-105.465087,28.135224],[-105.465132,28.135203],[-105.465217,28.135167],[-105.465311,28.135129],[-105.465427,28.135103],[-105.46554,28.135093],[-105.465805,28.135098],[-105.465888,28.135093],[-105.466023,28.135066],[-105.466128,28.135061],[-105.466174,28.135077],[-105.466191,28.135136],[-105.466204,28.135206],[-105.466225,28.13528],[-105.466183,28.135335],[-105.466136,28.135344],[-105.466059,28.135326],[-105.465976,28.1353],[-105.465874,28.135297],[-105.465798,28.135318],[-105.465665,28.135369],[-105.465178,28.135591],[-105.464941,28.135692],[-105.464859,28.135724],[-105.464792,28.135728],[-105.464767,28.135689],[-105.464777,28.135649],[-105.464835,28.135564],[-105.464889,28.135442],[-105.464936,28.135371]]]}},{"type":"Feature","properties":{"modulo":5,"idparcela":"2045","productor":"BARRAZA ALVARADO MARIO ALBERTO","cultivo":null,"superficie_fisica_ha":25,"superficie_riego_ha":16.91,"hectareas":0},"geometry":{"type":"Polygon","coordinates":[[[-105.458776,28.136076],[-105.458804,28.135995],[-105.458863,28.135967],[-105.458914,28.135958],[-105.460025,28.135945],[-105.461141,28.135951],[-105.461142,28.136032],[-105.461109,28.136086],[-105.46101,28.136204],[-105.460624,28.136584],[-105.46058,28.13662],[-105.460482,28.136639],[-105.460281,28.136657],[-105.460128,28.136658],[-105.460015,28.136676],[-105.459828,28.136821],[-105.459726,28.136957],[-105.459657,28.137048],[-105.459568,28.13712],[-105.459496,28.137111],[-105.459407,28.137039],[-105.459299,28.136959],[-105.459221,28.136869],[-105.459123,28.136697],[-105.459042,28.136562],[-105.458945,28.136445],[-105.458864,28.136328],[-105.458856,28.13631],[-105.4588,28.136184],[-105.458776,28.136076]]]}},{"type":"Feature","properties":{"modulo":5,"idparcela":"2493","productor":"ORTIZ TERRAZAS JOSE LUIS","cultivo":null,"superficie_fisica_ha":43.15,"superficie_riego_ha":37.84,"hectareas":0},"geometry":{"type":"Polygon","coordinates":[[[-105.45344,28.133007],[-105.453436,28.132809],[-105.453468,28.132186],[-105.453486,28.131721],[-105.453509,28.131193],[-105.453508,28.130986],[-105.453536,28.130814],[-105.453599,28.130769],[-105.453785,28.130786],[-105.454043,28.13083],[-105.454437,28.130838],[-105.454725,28.130855],[-105.455116,28.130845],[-105.455371,28.130808],[-105.455698,28.130744],[-105.455918,28.130671],[-105.456321,28.130462],[-105.457431,28.129835],[-105.458095,28.129442],[-105.458295,28.129348],[-105.458474,28.129315],[-105.458645,28.129391],[-105.458835,28.129578],[-105.458937,28.129659],[-105.459572,28.130298],[-105.460096,28.130842],[-105.460242,28.131112],[-105.460263,28.13123],[-105.460258,28.131353],[-105.460215,28.131433],[-105.460159,28.131509],[-105.460085,28.131566],[-105.460073,28.131641],[-105.459993,28.131802],[-105.459834,28.131864],[-105.459741,28.131953],[-105.459659,28.132049],[-105.459612,28.132115],[-105.459574,28.132152],[-105.459524,28.132189],[-105.45947,28.13221],[-105.459414,28.132206],[-105.459369,28.132184],[-105.459315,28.132161],[-105.459251,28.132146],[-105.4592,28.132162],[-105.45911,28.132213],[-105.459054,28.13225],[-105.459036,28.132298],[-105.459031,28.132339],[-105.459052,28.132357],[-105.459132,28.132348],[-105.459187,28.132342],[-105.459281,28.132358],[-105.459358,28.132396],[-105.459423,28.13244],[-105.459467,28.132482],[-105.459443,28.132626],[-105.459277,28.132988],[-105.45915,28.133241],[-105.45894,28.133639],[-105.458853,28.133829],[-105.458737,28.134044],[-105.45861,28.134306],[-105.458526,28.134527],[-105.458487,28.134747],[-105.458518,28.134994],[-105.45854,28.135616],[-105.458562,28.13586],[-105.458589,28.136031],[-105.458622,28.136203],[-105.45872,28.136401],[-105.458786,28.136527],[-105.458865,28.136626],[-105.458975,28.136761],[-105.459101,28.136941],[-105.459279,28.137193],[-105.459345,28.137328],[-105.45932,28.137419],[-105.459244,28.137518],[-105.458871,28.138061],[-105.458672,28.13835],[-105.458595,28.138387],[-105.458535,28.13836],[-105.458496,28.138315],[-105.458511,28.138261],[-105.458484,28.138144],[-105.45843,28.138008],[-105.458381,28.13791],[-105.458308,28.137848],[-105.458207,28.137824],[-105.458112,28.137821],[-105.458012,28.137839],[-105.457924,28.137867],[-105.457853,28.137868],[-105.457775,28.137833],[-105.457737,28.13774],[-105.457727,28.137583],[-105.457706,28.137437],[-105.457668,28.137348],[-105.457601,28.137297],[-105.457465,28.137285],[-105.457317,28.137277],[-105.457215,28.137227],[-105.457148,28.137145],[-105.456966,28.136761],[-105.45685,28.136617],[-105.456686,28.136484],[-105.456435,28.136353],[-105.456099,28.136192],[-105.455794,28.136063],[-105.455557,28.136021],[-105.45532,28.13602],[-105.454948,28.136023],[-105.454499,28.136027],[-105.454168,28.136028],[-105.453547,28.136043],[-105.453464,28.136013],[-105.453449,28.135924],[-105.453437,28.135694],[-105.453431,28.135177],[-105.453455,28.134057],[-105.45344,28.133007]]]}},{"type":"Feature","properties":{"modulo":5,"idparcela":"9714","productor":"DE SANTIAGO HOLGUIN ISIDRA","cultivo":null,"superficie_fisica_ha":5.75,"superficie_riego_ha":5.75,"hectareas":0},"geometry":{"type":"Polygon","coordinates":[[[-105.46344,28.138876],[-105.463414,28.138822],[-105.463386,28.137281],[-105.46336,28.136052],[-105.46355,28.13606],[-105.463944,28.13605],[-105.464635,28.136002],[-105.46467,28.1363],[-105.464749,28.136719],[-105.464782,28.136934],[-105.464815,28.137155],[-105.464848,28.137358],[-105.464805,28.137521],[-105.464783,28.137701],[-105.464828,28.137874],[-105.464874,28.138058],[-105.464877,28.138196],[-105.464841,28.138329],[-105.46475,28.13843],[-105.464614,28.138529],[-105.464458,28.138611],[-105.464247,28.138693],[-105.464054,28.138739],[-105.463678,28.138839],[-105.46344,28.138876]]]}},{"type":"Feature","properties":{"modulo":5,"idparcela":"2045","productor":"BARRAZA ALVARADO MARIO ALBERTO","cultivo":null,"superficie_fisica_ha":25,"superficie_riego_ha":16.91,"hectareas":0},"geometry":{"type":"Polygon","coordinates":[[[-105.46336,28.136052],[-105.463386,28.137281],[-105.463414,28.138822],[-105.46344,28.138876],[-105.463386,28.139092],[-105.463402,28.140817],[-105.463406,28.141419],[-105.459248,28.141399],[-105.458893,28.141346],[-105.458638,28.141265],[-105.458538,28.141206],[-105.458467,28.141141],[-105.458442,28.14106],[-105.458442,28.140825],[-105.458445,28.139958],[-105.458451,28.139416],[-105.458507,28.13938],[-105.458593,28.139417],[-105.458735,28.139527],[-105.458817,28.139591],[-105.458917,28.139671],[-105.459032,28.139679],[-105.459135,28.139651],[-105.459214,28.139573],[-105.459292,28.139484],[-105.45926,28.139378],[-105.459194,28.139272],[-105.459071,28.139178],[-105.459011,28.139092],[-105.458991,28.139011],[-105.45896,28.13894],[-105.458895,28.138875],[-105.458798,28.138802],[-105.458712,28.138737],[-105.45869,28.138708],[-105.458694,28.13867],[-105.458755,28.138597],[-105.45883,28.138517],[-105.458944,28.138395],[-105.459203,28.138015],[-105.459579,28.137481],[-105.459677,28.137382],[-105.459805,28.137273],[-105.459904,28.137155],[-105.460046,28.137016],[-105.460123,28.136958],[-105.46025,28.136915],[-105.460446,28.136901],[-105.460547,28.136901],[-105.460666,28.136782],[-105.460749,28.13671],[-105.460818,28.136638],[-105.461286,28.136132],[-105.461364,28.136066],[-105.461427,28.136032],[-105.461497,28.136047],[-105.461573,28.136048],[-105.461661,28.136035],[-105.462297,28.136046],[-105.462791,28.136048],[-105.46336,28.136052]]]}},{"type":"Feature","properties":{"modulo":5,"idparcela":"9671","productor":"S.P.R DE R.L DE C.V LOS SICOMOROS","cultivo":null,"superficie_fisica_ha":21.2,"superficie_riego_ha":20,"hectareas":0},"geometry":{"type":"Polygon","coordinates":[[[-105.467279,28.1314],[-105.467315,28.131502],[-105.467341,28.131669],[-105.467327,28.131845],[-105.467292,28.132043],[-105.467215,28.132206],[-105.46712,28.132315],[-105.467088,28.13245],[-105.467112,28.132531],[-105.467053,28.132577],[-105.466939,28.132541],[-105.46682,28.132514],[-105.466704,28.132515],[-105.466313,28.132571],[-105.466212,28.132607],[-105.466099,28.132593],[-105.466017,28.132553],[-105.465809,28.132545],[-105.465537,28.132551],[-105.465184,28.13256],[-105.465047,28.132561],[-105.464504,28.132563],[-105.464328,28.132573],[-105.464338,28.13245],[-105.464357,28.132286],[-105.464376,28.131882],[-105.464373,28.131765],[-105.464351,28.13162],[-105.464311,28.130736],[-105.464289,28.129626],[-105.464316,28.129067],[-105.464358,28.128408],[-105.464379,28.128182],[-105.464321,28.127839],[-105.464294,28.127575],[-105.464288,28.127217],[-105.464273,28.12682],[-105.464283,28.126783],[-105.464335,28.12672],[-105.464441,28.12662],[-105.464567,28.126521],[-105.465204,28.126167],[-105.465607,28.125976],[-105.465705,28.125894],[-105.465825,28.125767],[-105.466123,28.125613],[-105.466178,28.125577],[-105.466715,28.125575],[-105.466824,28.125656],[-105.466884,28.125764],[-105.467363,28.126514],[-105.467508,28.126733],[-105.467625,28.126844],[-105.467729,28.126907],[-105.467872,28.12697],[-105.468018,28.127069],[-105.468159,28.127194],[-105.468216,28.127284],[-105.468248,28.127411],[-105.468255,28.127537],[-105.468215,28.127663],[-105.468176,28.12779],[-105.468102,28.127935],[-105.468001,28.12807],[-105.46785,28.128269],[-105.467733,28.128405],[-105.467588,28.128586],[-105.467455,28.128776],[-105.467382,28.128921],[-105.467342,28.129074],[-105.46716,28.129607],[-105.466981,28.130267],[-105.466869,28.130646],[-105.466879,28.130809],[-105.467184,28.131268],[-105.467279,28.1314]]]}},{"type":"Feature","properties":{"modulo":5,"idparcela":"2601","productor":"S.P.R DE R.L DE C.V LOS SICOMOROS","cultivo":null,"superficie_fisica_ha":12.95,"superficie_riego_ha":12.95,"hectareas":0},"geometry":{"type":"Polygon","coordinates":[[[-105.467254,28.130294],[-105.4673,28.130155],[-105.467334,28.130016],[-105.467383,28.129855],[-105.467447,28.1298],[-105.467552,28.1298],[-105.469586,28.129714],[-105.469879,28.129708],[-105.470196,28.129695],[-105.471217,28.12969],[-105.471603,28.129682],[-105.472281,28.129671],[-105.473264,28.129681],[-105.473339,28.129699],[-105.473379,28.129771],[-105.47339,28.129861],[-105.473368,28.129988],[-105.473373,28.130123],[-105.473371,28.130258],[-105.473393,28.130384],[-105.473403,28.130502],[-105.473417,28.130601],[-105.47339,28.130682],[-105.47332,28.130727],[-105.472992,28.130844],[-105.471237,28.131439],[-105.469778,28.131878],[-105.468597,28.132273],[-105.468456,28.132302],[-105.468384,28.132302],[-105.468267,28.132263],[-105.467945,28.131791],[-105.467445,28.131124],[-105.467121,28.130672],[-105.467174,28.130544],[-105.467208,28.130438],[-105.467254,28.130294]]]}},{"type":"Feature","properties":{"modulo":5,"idparcela":"2607","productor":"VILLA GARCIA ENRIQUE","cultivo":null,"superficie_fisica_ha":12.4,"superficie_riego_ha":12.4,"hectareas":0},"geometry":{"type":"Polygon","coordinates":[[[-105.47241,28.123567],[-105.472841,28.123715],[-105.472864,28.123751],[-105.472858,28.123805],[-105.472796,28.123832],[-105.472695,28.123878],[-105.472711,28.123914],[-105.472755,28.123959],[-105.472829,28.124003],[-105.472933,28.124057],[-105.473022,28.124129],[-105.473596,28.124578],[-105.474065,28.124983],[-105.474584,28.125468],[-105.474714,28.125581],[-105.475178,28.126121],[-105.475172,28.126197],[-105.47512,28.126253],[-105.473344,28.127074],[-105.473236,28.127083],[-105.473158,28.127058],[-105.473084,28.126901],[-105.472926,28.126781],[-105.472516,28.126529],[-105.471776,28.126091],[-105.470988,28.12565],[-105.470562,28.125395],[-105.469673,28.124826],[-105.469349,28.124593],[-105.469295,28.124539],[-105.469244,28.124395],[-105.46921,28.124257],[-105.469218,28.12419],[-105.469272,28.124169],[-105.469342,28.124124],[-105.469375,28.124051],[-105.469434,28.123975],[-105.469507,28.123943],[-105.469623,28.123906],[-105.469761,28.123861],[-105.469938,28.123795],[-105.470151,28.123691],[-105.470324,28.123629],[-105.470535,28.123549],[-105.470975,28.123376],[-105.471176,28.123279],[-105.471261,28.123277],[-105.471438,28.123313],[-105.471949,28.123456],[-105.47241,28.123567]]]}},{"type":"Feature","properties":{"modulo":5,"idparcela":"2608","productor":"GARCIA MEDRANO ALBERTO","cultivo":null,"superficie_fisica_ha":10.85,"superficie_riego_ha":10.4,"hectareas":0},"geometry":{"type":"Polygon","coordinates":[[[-105.474091,28.129707],[-105.47403,28.12946],[-105.473802,28.12871],[-105.4733,28.127365],[-105.47328,28.127253],[-105.473319,28.127179],[-105.474679,28.126588],[-105.474924,28.126483],[-105.475232,28.126334],[-105.47535,28.126294],[-105.475469,28.126322],[-105.475563,28.12638],[-105.475837,28.126793],[-105.476018,28.127089],[-105.476359,28.127681],[-105.476715,28.128003],[-105.476975,28.128267],[-105.477116,28.12852],[-105.477234,28.128691],[-105.477451,28.128878],[-105.477604,28.12895],[-105.477721,28.129007],[-105.47783,28.129058],[-105.477739,28.129137],[-105.477677,28.129177],[-105.47757,28.129182],[-105.477522,28.129222],[-105.477465,28.129269],[-105.477316,28.129359],[-105.476613,28.129678],[-105.476535,28.129713],[-105.476292,28.129759],[-105.476044,28.129615],[-105.474993,28.129943],[-105.474498,28.130066],[-105.474317,28.130116],[-105.474257,28.130079],[-105.47422,28.130025],[-105.474143,28.129834],[-105.474091,28.129707]]]}},{"type":"Feature","properties":{"modulo":5,"idparcela":"2600","productor":"MARTINEZ ORNELAS CONCEPCION","cultivo":null,"superficie_fisica_ha":24.4,"superficie_riego_ha":18.05,"hectareas":0},"geometry":{"type":"Polygon","coordinates":[[[-105.473329,28.12957],[-105.471477,28.129565],[-105.469663,28.129592],[-105.467448,28.129656],[-105.467489,28.129438],[-105.467603,28.129144],[-105.467773,28.128841],[-105.468005,28.128527],[-105.468218,28.128282],[-105.468398,28.12797],[-105.468493,28.127693],[-105.46851,28.127285],[-105.468405,28.127013],[-105.468189,28.126875],[-105.468017,28.126777],[-105.467871,28.126678],[-105.467727,28.126597],[-105.467575,28.126444],[-105.467289,28.125936],[-105.46743,28.125573],[-105.467603,28.125108],[-105.468034,28.125007],[-105.468316,28.124982],[-105.468607,28.124992],[-105.472497,28.127263],[-105.473393,28.129521],[-105.473371,28.129562],[-105.473329,28.12957]]]}},{"type":"Feature","properties":{"modulo":5,"idparcela":"2609","productor":"GARCIA MEDRANO ALBERTO","cultivo":null,"superficie_fisica_ha":17.45,"superficie_riego_ha":17.45,"hectareas":0},"geometry":{"type":"Polygon","coordinates":[[[-105.476535,28.129713],[-105.476613,28.129678],[-105.476907,28.129545],[-105.477236,28.129395],[-105.477316,28.129359],[-105.477397,28.12931],[-105.477687,28.129346],[-105.477782,28.129432],[-105.477954,28.129559],[-105.478012,28.129563],[-105.478092,28.12954],[-105.478197,28.129459],[-105.478284,28.129372],[-105.478335,28.129322],[-105.478346,28.129296],[-105.478339,28.129268],[-105.478305,28.129246],[-105.478036,28.129069],[-105.478017,28.129024],[-105.478025,28.128987],[-105.47807,28.128953],[-105.478212,28.128947],[-105.478346,28.128981],[-105.478586,28.129068],[-105.478868,28.129231],[-105.479156,28.129433],[-105.479697,28.129878],[-105.47983,28.130025],[-105.479944,28.130117],[-105.480018,28.130194],[-105.480019,28.130241],[-105.479946,28.130321],[-105.47987,28.13037],[-105.479821,28.130435],[-105.479815,28.130504],[-105.479833,28.130577],[-105.479859,28.130636],[-105.479941,28.130775],[-105.479995,28.130832],[-105.480132,28.130851],[-105.48029,28.130847],[-105.480383,28.130805],[-105.480484,28.130717],[-105.480596,28.130689],[-105.480699,28.130691],[-105.480768,28.130718],[-105.480859,28.130808],[-105.48094,28.130925],[-105.481042,28.131096],[-105.481141,28.131258],[-105.481312,28.131388],[-105.481559,28.131569],[-105.481781,28.131743],[-105.482044,28.131902],[-105.482312,28.131967],[-105.482539,28.132012],[-105.482566,28.132074],[-105.482563,28.132074],[-105.482539,28.132128],[-105.482495,28.132165],[-105.482398,28.132201],[-105.482221,28.132247],[-105.482009,28.132302],[-105.481796,28.132357],[-105.481517,28.132385],[-105.480821,28.132387],[-105.479589,28.132364],[-105.478715,28.132358],[-105.478577,28.132341],[-105.478321,28.132342],[-105.478078,28.132334],[-105.477807,28.13238],[-105.476361,28.132358],[-105.47531,28.132334],[-105.475244,28.132334],[-105.475192,28.132299],[-105.475141,28.132227],[-105.47496,28.131765],[-105.474927,28.131645],[-105.474886,28.131546],[-105.474848,28.131442],[-105.474779,28.131215],[-105.47451,28.130687],[-105.474412,28.130442],[-105.474367,28.130314],[-105.474318,28.130192],[-105.474317,28.130116],[-105.474498,28.130066],[-105.474993,28.129943],[-105.476044,28.129615],[-105.476292,28.129759],[-105.476535,28.129713]]]}},{"type":"Feature","properties":{"modulo":5,"idparcela":"2610","productor":"CATA¥O FERNANDEZ ALBERTO GUILLERMO","cultivo":null,"superficie_fisica_ha":13.3,"superficie_riego_ha":12.75,"hectareas":0},"geometry":{"type":"Polygon","coordinates":[[[-105.485468,28.135036],[-105.485363,28.134948],[-105.485247,28.134894],[-105.485111,28.134874],[-105.485104,28.134784],[-105.485039,28.134601],[-105.484993,28.134474],[-105.4849,28.134325],[-105.48482,28.134199],[-105.484649,28.134014],[-105.484458,28.133849],[-105.484358,28.133793],[-105.483995,28.133767],[-105.483876,28.133767],[-105.48376,28.133777],[-105.483652,28.133813],[-105.482478,28.133784],[-105.482187,28.133816],[-105.481845,28.133802],[-105.481716,28.133793],[-105.481616,28.133749],[-105.481509,28.133749],[-105.481033,28.133752],[-105.480667,28.133743],[-105.480575,28.133752],[-105.480489,28.133825],[-105.47575,28.133834],[-105.475361,28.132669],[-105.475336,28.132615],[-105.475328,28.132498],[-105.475343,28.132452],[-105.475397,28.132419],[-105.475511,28.132412],[-105.475621,28.132416],[-105.475867,28.132409],[-105.476708,28.132423],[-105.477229,28.13242],[-105.47764,28.132419],[-105.477824,28.132421],[-105.477933,28.132441],[-105.478098,28.132466],[-105.478258,28.132459],[-105.478453,28.13241],[-105.478572,28.132403],[-105.478731,28.1324],[-105.479605,28.132434],[-105.480067,28.13244],[-105.480848,28.132447],[-105.481433,28.132459],[-105.481612,28.132459],[-105.481866,28.132409],[-105.482097,28.132352],[-105.48226,28.132299],[-105.482415,28.132243],[-105.48251,28.132229],[-105.482606,28.132252],[-105.482684,28.132258],[-105.482747,28.13222],[-105.48276,28.132175],[-105.482753,28.132111],[-105.482722,28.132075],[-105.482728,28.132026],[-105.482838,28.131886],[-105.482902,28.131885],[-105.483218,28.13208],[-105.483465,28.132229],[-105.483615,28.132343],[-105.483858,28.132573],[-105.483985,28.132712],[-105.484079,28.132815],[-105.484188,28.132955],[-105.484296,28.13308],[-105.484414,28.133197],[-105.48456,28.133364],[-105.4853,28.134038],[-105.485541,28.134289],[-105.485921,28.13468],[-105.485952,28.134728],[-105.485945,28.134781],[-105.485883,28.134843],[-105.485779,28.134913],[-105.485558,28.135079],[-105.485468,28.135036]]]}},{"type":"Feature","properties":{"modulo":5,"idparcela":"2613","productor":"CATA¥O FERNANDEZ ALBERTO GUILLERMO","cultivo":null,"superficie_fisica_ha":14.57,"superficie_riego_ha":14.57,"hectareas":0},"geometry":{"type":"Polygon","coordinates":[[[-105.482903,28.135727],[-105.482963,28.136061],[-105.482909,28.136199],[-105.482864,28.13628],[-105.482799,28.136398],[-105.482758,28.136506],[-105.482752,28.136632],[-105.482758,28.136764],[-105.482666,28.136919],[-105.482572,28.136967],[-105.477051,28.136932],[-105.476728,28.136109],[-105.476379,28.135304],[-105.482768,28.135235],[-105.482835,28.13537],[-105.482903,28.135727]]]}},{"type":"Feature","properties":{"modulo":5,"idparcela":"2620","productor":"CATA¥O FERNANDEZ ALBERTO GUILLERMO","cultivo":null,"superficie_fisica_ha":10.45,"superficie_riego_ha":10.4,"hectareas":0},"geometry":{"type":"Polygon","coordinates":[[[-105.477732,28.138752],[-105.477546,28.138266],[-105.47724,28.137508],[-105.477051,28.136932],[-105.482572,28.136967],[-105.482555,28.137061],[-105.48257,28.137146],[-105.482618,28.137253],[-105.482737,28.137327],[-105.48289,28.137316],[-105.482893,28.137402],[-105.483292,28.137399],[-105.483289,28.137519],[-105.483318,28.137632],[-105.483404,28.137744],[-105.483504,28.137868],[-105.483566,28.137998],[-105.483584,28.138236],[-105.483602,28.138344],[-105.483595,28.138452],[-105.483581,28.138543],[-105.483552,28.138655],[-105.477732,28.138752]]]}},{"type":"Feature","properties":{"modulo":5,"idparcela":"2621","productor":"VILLA RIVERA GUSTAVO","cultivo":null,"superficie_fisica_ha":10,"superficie_riego_ha":10,"hectareas":0},"geometry":{"type":"Polygon","coordinates":[[[-105.4781,28.13978],[-105.478039,28.139669],[-105.477865,28.139091],[-105.477732,28.138752],[-105.483552,28.138655],[-105.48354,28.138746],[-105.483546,28.138798],[-105.483554,28.138896],[-105.483576,28.139036],[-105.483638,28.13919],[-105.483701,28.139309],[-105.483691,28.139391],[-105.483671,28.139472],[-105.483598,28.139526],[-105.483516,28.139572],[-105.483446,28.139644],[-105.483402,28.139707],[-105.483392,28.139753],[-105.483289,28.139789],[-105.48178,28.139785],[-105.479461,28.139815],[-105.478253,28.139834],[-105.478182,28.139807],[-105.4781,28.13978]]]}},{"type":"Feature","properties":{"modulo":5,"idparcela":"2622","productor":"ARMENDARIZ JAQUEZ PEDRO","cultivo":null,"superficie_fisica_ha":10.25,"superficie_riego_ha":10.25,"hectareas":0},"geometry":{"type":"Polygon","coordinates":[[[-105.483542,28.141375],[-105.478904,28.142123],[-105.478882,28.142059],[-105.478822,28.141924],[-105.478734,28.141672],[-105.478632,28.141338],[-105.478351,28.140581],[-105.478106,28.14004],[-105.478117,28.139995],[-105.481764,28.139964],[-105.4833,28.139932],[-105.483438,28.139986],[-105.483524,28.140058],[-105.483575,28.14013],[-105.483611,28.140301],[-105.483632,28.140472],[-105.483599,28.140527],[-105.483547,28.140572],[-105.483457,28.140608],[-105.483323,28.140672],[-105.48325,28.140753],[-105.48327,28.140853],[-105.483372,28.141042],[-105.483474,28.141204],[-105.483542,28.141375]]]}},{"type":"Feature","properties":{"modulo":5,"idparcela":"2623","productor":"ARMENDARIZ JAQUEZ DOLORES","cultivo":null,"superficie_fisica_ha":10.35,"superficie_riego_ha":10.35,"hectareas":0},"geometry":{"type":"Polygon","coordinates":[[[-105.478942,28.142555],[-105.478904,28.142123],[-105.483542,28.141375],[-105.483565,28.14151],[-105.483578,28.141745],[-105.483591,28.141925],[-105.483596,28.142945],[-105.48357,28.143739],[-105.479031,28.143791],[-105.478942,28.142555]]]}},{"type":"Feature","properties":{"modulo":5,"idparcela":"2624","productor":"HUERECA TAPIA EDUARDO","cultivo":null,"superficie_fisica_ha":10,"superficie_riego_ha":10,"hectareas":0},"geometry":{"type":"Polygon","coordinates":[[[-105.48358,28.145273],[-105.483671,28.145363],[-105.483686,28.145481],[-105.483674,28.14558],[-105.483658,28.145742],[-105.483676,28.145874],[-105.483664,28.145959],[-105.483597,28.145986],[-105.483542,28.145969],[-105.483435,28.145891],[-105.483347,28.145825],[-105.483278,28.145789],[-105.482318,28.145819],[-105.481022,28.145806],[-105.479891,28.14581],[-105.47937,28.145785],[-105.479293,28.145776],[-105.479228,28.145749],[-105.479176,28.145695],[-105.479163,28.145614],[-105.479183,28.145415],[-105.479191,28.145316],[-105.479173,28.145163],[-105.479143,28.144964],[-105.479115,28.144793],[-105.479076,28.144585],[-105.479047,28.144315],[-105.479031,28.143791],[-105.48357,28.143739],[-105.483577,28.143902],[-105.483582,28.144109],[-105.483612,28.144335],[-105.483612,28.144506],[-105.48356,28.144633],[-105.483476,28.144736],[-105.483411,28.144886],[-105.48344,28.145021],[-105.4835,28.145156],[-105.48358,28.145273]]]}},{"type":"Feature","properties":{"modulo":5,"idparcela":"2632","productor":"HUERECA TAPIA EDUARDO","cultivo":null,"superficie_fisica_ha":14.05,"superficie_riego_ha":14.05,"hectareas":0},"geometry":{"type":"Polygon","coordinates":[[[-105.482347,28.14877],[-105.481791,28.148772],[-105.48131,28.148757],[-105.480951,28.148769],[-105.480588,28.148788],[-105.479984,28.14878],[-105.479382,28.148793],[-105.479316,28.148784],[-105.47928,28.148762],[-105.479264,28.148713],[-105.479254,28.148448],[-105.479246,28.14816],[-105.479225,28.147929],[-105.479217,28.147628],[-105.479187,28.147327],[-105.479172,28.147032],[-105.479141,28.146711],[-105.479133,28.146429],[-105.479174,28.146191],[-105.479202,28.146065],[-105.479262,28.145983],[-105.479391,28.14592],[-105.479446,28.14592],[-105.479621,28.145919],[-105.480056,28.145954],[-105.48067,28.145942],[-105.481817,28.145942],[-105.482567,28.145938],[-105.483109,28.145963],[-105.483269,28.145987],[-105.483416,28.146041],[-105.483549,28.146111],[-105.483628,28.1462],[-105.483657,28.146321],[-105.483659,28.147385],[-105.483653,28.148655],[-105.483626,28.148712],[-105.483552,28.14877],[-105.482347,28.14877]]]}},{"type":"Feature","properties":{"modulo":5,"idparcela":"2619","productor":"RAMIREZ SAENZ LUIS CARLOS","cultivo":null,"superficie_fisica_ha":11.55,"superficie_riego_ha":11.3,"hectareas":0},"geometry":{"type":"Polygon","coordinates":[[[-105.493743,28.149639],[-105.493758,28.148912],[-105.493761,28.147999],[-105.49374,28.147576],[-105.493744,28.147062],[-105.493743,28.146687],[-105.493735,28.146447],[-105.493714,28.145971],[-105.494183,28.145985],[-105.494596,28.14596],[-105.49488,28.145982],[-105.494954,28.145982],[-105.495069,28.146018],[-105.4952,28.146117],[-105.495263,28.146225],[-105.495332,28.146311],[-105.495419,28.146448],[-105.495487,28.146585],[-105.495554,28.146689],[-105.495688,28.14689],[-105.495905,28.147215],[-105.496144,28.147521],[-105.496266,28.14771],[-105.496361,28.147845],[-105.496398,28.14795],[-105.496382,28.148044],[-105.496302,28.148125],[-105.496116,28.148396],[-105.496092,28.148527],[-105.496216,28.148696],[-105.496386,28.148863],[-105.496546,28.148982],[-105.496651,28.149126],[-105.496637,28.149282],[-105.496604,28.149429],[-105.496621,28.149514],[-105.496712,28.149663],[-105.496759,28.149829],[-105.496739,28.150037],[-105.496708,28.15028],[-105.496662,28.150443],[-105.496587,28.150534],[-105.496502,28.150525],[-105.496404,28.150444],[-105.496214,28.150318],[-105.496023,28.15022],[-105.495768,28.150139],[-105.495574,28.150077],[-105.495323,28.150006],[-105.495175,28.149961],[-105.494994,28.149908],[-105.494831,28.149872],[-105.494587,28.149873],[-105.494344,28.149892],[-105.494184,28.149901],[-105.494135,28.149893],[-105.494016,28.149812],[-105.493824,28.149686],[-105.493743,28.149639]]]}},{"type":"Feature","properties":{"modulo":5,"idparcela":"2611","productor":"MONARES MENDOZA ROMAN ARTURO","cultivo":null,"superficie_fisica_ha":11,"superficie_riego_ha":11,"hectareas":0},"geometry":{"type":"Polygon","coordinates":[[[-105.493714,28.145971],[-105.493735,28.146447],[-105.493743,28.146687],[-105.493744,28.147062],[-105.49374,28.147576],[-105.493761,28.147999],[-105.493758,28.148912],[-105.493743,28.149639],[-105.493625,28.14957],[-105.493083,28.149301],[-105.492544,28.149041],[-105.492347,28.14897],[-105.492244,28.14897],[-105.492179,28.148979],[-105.492107,28.149052],[-105.492029,28.149133],[-105.491925,28.149242],[-105.491807,28.149323],[-105.491691,28.149324],[-105.491553,28.149306],[-105.491408,28.149271],[-105.491136,28.149163],[-105.491084,28.149109],[-105.491058,28.149019],[-105.49104,28.148893],[-105.490997,28.148532],[-105.490776,28.147522],[-105.490428,28.14608],[-105.490495,28.146043],[-105.490566,28.146025],[-105.49071,28.146015],[-105.491812,28.146004],[-105.492825,28.14599],[-105.493714,28.145971]]]}},{"type":"Feature","properties":{"modulo":5,"idparcela":"2617","productor":"ISSA GONZALEZ JORGE LUIS","cultivo":null,"superficie_fisica_ha":28.65,"superficie_riego_ha":18.2,"hectareas":0},"geometry":{"type":"Polygon","coordinates":[[[-105.489321,28.145832],[-105.487761,28.145827],[-105.48585,28.145813],[-105.485275,28.145811],[-105.485142,28.145846],[-105.485037,28.145899],[-105.484929,28.145945],[-105.484807,28.145962],[-105.483992,28.145969],[-105.483951,28.145941],[-105.483929,28.145898],[-105.483928,28.145832],[-105.483924,28.144839],[-105.483924,28.144072],[-105.483932,28.144027],[-105.483961,28.144],[-105.48402,28.143999],[-105.484111,28.143999],[-105.487633,28.14396],[-105.489765,28.143961],[-105.491323,28.143955],[-105.491699,28.143954],[-105.491771,28.14399],[-105.491888,28.144026],[-105.491986,28.144043],[-105.492113,28.144043],[-105.492214,28.143997],[-105.4923,28.143943],[-105.492363,28.143861],[-105.492469,28.143852],[-105.492962,28.144265],[-105.493861,28.144883],[-105.494157,28.145127],[-105.494817,28.1456],[-105.494927,28.145678],[-105.494949,28.145729],[-105.494921,28.145781],[-105.494826,28.145787],[-105.492919,28.145791],[-105.490752,28.145811],[-105.489321,28.145832]]]}},{"type":"Feature","properties":{"modulo":5,"idparcela":"2616","productor":"MARTINEZ TERRAZAS MARIA DELIA","cultivo":null,"superficie_fisica_ha":11,"superficie_riego_ha":11,"hectareas":0},"geometry":{"type":"Polygon","coordinates":[[[-105.490865,28.142676],[-105.490819,28.142595],[-105.490834,28.142486],[-105.490912,28.142423],[-105.490991,28.142477],[-105.491663,28.143096],[-105.492334,28.143663],[-105.492348,28.14372],[-105.492305,28.143779],[-105.492213,28.143865],[-105.492078,28.14389],[-105.49191,28.143893],[-105.491775,28.143871],[-105.49159,28.143853],[-105.491426,28.143846],[-105.491235,28.143865],[-105.48785,28.143896],[-105.48506,28.143917],[-105.48399,28.143917],[-105.483919,28.14388],[-105.483895,28.143799],[-105.483916,28.142971],[-105.483925,28.142709],[-105.483948,28.142599],[-105.490096,28.142616],[-105.490131,28.142669],[-105.490294,28.142809],[-105.490422,28.142938],[-105.490604,28.143128],[-105.490685,28.143154],[-105.490743,28.143149],[-105.490796,28.143127],[-105.490843,28.143082],[-105.490931,28.143006],[-105.491011,28.14294],[-105.491046,28.142859],[-105.491012,28.142798],[-105.490946,28.142747],[-105.490865,28.142676]]]}},{"type":"Feature","properties":{"modulo":5,"idparcela":"2615","productor":"TORRES GUEVARA MARCO ANTONIO","cultivo":null,"superficie_fisica_ha":10.4,"superficie_riego_ha":10.1,"hectareas":0},"geometry":{"type":"Polygon","coordinates":[[[-105.483978,28.141152],[-105.484144,28.141147],[-105.485389,28.141152],[-105.486313,28.141167],[-105.486271,28.141311],[-105.486256,28.141374],[-105.486244,28.141456],[-105.486279,28.141519],[-105.486365,28.141546],[-105.486463,28.141563],[-105.486603,28.141536],[-105.48674,28.141472],[-105.486898,28.141363],[-105.48704,28.141218],[-105.487145,28.141119],[-105.487679,28.141126],[-105.488383,28.141105],[-105.488908,28.141103],[-105.489415,28.14111],[-105.489457,28.141128],[-105.489511,28.141173],[-105.489548,28.141281],[-105.489592,28.141435],[-105.489621,28.141534],[-105.489711,28.141777],[-105.489827,28.142111],[-105.489928,28.142336],[-105.490013,28.142489],[-105.490096,28.142616],[-105.483948,28.142599],[-105.483962,28.142478],[-105.483941,28.142078],[-105.483927,28.141256],[-105.483953,28.141187],[-105.483978,28.141152]]]}},{"type":"Feature","properties":{"modulo":5,"idparcela":"2614","productor":"VALENZUELA HERNANDEZ CARMEN","cultivo":null,"superficie_fisica_ha":29.05,"superficie_riego_ha":27.86,"hectareas":0},"geometry":{"type":"Polygon","coordinates":[[[-105.489786,28.140836],[-105.489597,28.140834],[-105.489487,28.140866],[-105.489452,28.140879],[-105.489379,28.140931],[-105.489283,28.140991],[-105.489185,28.140999],[-105.488912,28.141005],[-105.488665,28.140999],[-105.488353,28.141011],[-105.487644,28.141026],[-105.48726,28.141012],[-105.487038,28.141011],[-105.486746,28.141011],[-105.48639,28.141013],[-105.485177,28.141017],[-105.483964,28.141025],[-105.483949,28.14085],[-105.483958,28.140497],[-105.483921,28.139713],[-105.483929,28.139099],[-105.483937,28.138549],[-105.483971,28.13854],[-105.484142,28.13853],[-105.484392,28.138529],[-105.484843,28.138546],[-105.484968,28.138581],[-105.485106,28.138712],[-105.485354,28.138838],[-105.485831,28.139012],[-105.486014,28.139085],[-105.486111,28.139114],[-105.486276,28.139136],[-105.486449,28.139082],[-105.486541,28.139048],[-105.48657,28.139008],[-105.486564,28.13891],[-105.486545,28.138765],[-105.486513,28.138558],[-105.486485,28.138414],[-105.486476,28.138332],[-105.486411,28.138224],[-105.486298,28.138107],[-105.486142,28.138027],[-105.486002,28.138081],[-105.485921,28.138163],[-105.485787,28.138281],[-105.485659,28.138344],[-105.485493,28.138408],[-105.485227,28.138472],[-105.485102,28.138446],[-105.484934,28.13841],[-105.48463,28.138411],[-105.484212,28.138422],[-105.483909,28.13843],[-105.483906,28.138322],[-105.483899,28.138188],[-105.4839,28.138026],[-105.483932,28.136928],[-105.483926,28.136591],[-105.483968,28.1365],[-105.484082,28.136401],[-105.484814,28.135879],[-105.485624,28.135321],[-105.486086,28.135004],[-105.486176,28.134994],[-105.486252,28.135003],[-105.486313,28.135084],[-105.486399,28.135228],[-105.486465,28.135333],[-105.486575,28.135405],[-105.486718,28.135534],[-105.486954,28.135673],[-105.487306,28.135846],[-105.487691,28.136027],[-105.487972,28.136179],[-105.488144,28.136275],[-105.48852,28.136421],[-105.4888,28.13659],[-105.489008,28.136717],[-105.48912,28.136852],[-105.489242,28.136973],[-105.489332,28.137104],[-105.489447,28.137266],[-105.489573,28.137464],[-105.489661,28.137617],[-105.48973,28.137761],[-105.489771,28.137897],[-105.489808,28.138059],[-105.489849,28.138275],[-105.489926,28.139051],[-105.489995,28.139827],[-105.490042,28.140366],[-105.490069,28.140726],[-105.490039,28.140807],[-105.489936,28.140833],[-105.489786,28.140836]]]}},{"type":"Feature","properties":{"modulo":5,"idparcela":"2618","productor":"ISSA GONZALEZ JORGE LUIS","cultivo":null,"superficie_fisica_ha":10.95,"superficie_riego_ha":10.95,"hectareas":0},"geometry":{"type":"Polygon","coordinates":[[[-105.485209,28.146646],[-105.48511,28.146628],[-105.485029,28.14661],[-105.484988,28.146538],[-105.484993,28.146457],[-105.485023,28.146301],[-105.485073,28.146186],[-105.485101,28.146112],[-105.485163,28.146012],[-105.485285,28.145951],[-105.485406,28.145941],[-105.485567,28.145941],[-105.487309,28.145955],[-105.489234,28.145971],[-105.490122,28.145967],[-105.490218,28.145996],[-105.490296,28.146222],[-105.490327,28.146384],[-105.490346,28.146573],[-105.490618,28.147619],[-105.490769,28.148404],[-105.490787,28.148521],[-105.49079,28.148647],[-105.490746,28.148747],[-105.490643,28.148801],[-105.490555,28.148775],[-105.490378,28.148676],[-105.490231,28.148568],[-105.490016,28.14847],[-105.489755,28.148398],[-105.489567,28.148228],[-105.489417,28.148057],[-105.489246,28.148003],[-105.488995,28.147932],[-105.488723,28.147843],[-105.488482,28.147771],[-105.487907,28.147557],[-105.487498,28.14736],[-105.487335,28.147315],[-105.487171,28.147325],[-105.486851,28.147407],[-105.48666,28.147462],[-105.486475,28.147508],[-105.486288,28.147552],[-105.486152,28.147534],[-105.486077,28.147464],[-105.486025,28.147374],[-105.486002,28.147275],[-105.485991,28.147148],[-105.485962,28.146959],[-105.485944,28.146833],[-105.485848,28.146743],[-105.485729,28.146693],[-105.485587,28.14667],[-105.485209,28.146646]]]}},{"type":"Feature","properties":{"modulo":5,"idparcela":"2631","productor":"SERNA LOPEZ LUIS ARTURO","cultivo":null,"superficie_fisica_ha":20.25,"superficie_riego_ha":20.25,"hectareas":0},"geometry":{"type":"Polygon","coordinates":[[[-105.483938,28.146176],[-105.484763,28.146163],[-105.484742,28.146324],[-105.484678,28.146749],[-105.484705,28.146798],[-105.484746,28.146824],[-105.485606,28.146871],[-105.485655,28.146899],[-105.485721,28.147172],[-105.485715,28.14732],[-105.485824,28.147567],[-105.485903,28.147695],[-105.485903,28.147749],[-105.485855,28.147772],[-105.485603,28.147796],[-105.485448,28.147843],[-105.484868,28.14864],[-105.484789,28.148711],[-105.484708,28.148712],[-105.484513,28.148655],[-105.484335,28.14867],[-105.484221,28.148685],[-105.484097,28.148697],[-105.484017,28.148703],[-105.483956,28.148678],[-105.48393,28.148634],[-105.483925,28.148163],[-105.483947,28.147443],[-105.483938,28.146176]]]}},{"type":"Feature","properties":{"modulo":5,"idparcela":"2612","productor":"PEREZ HERNANDEZ AMADO EDUARDO","cultivo":null,"superficie_fisica_ha":13.45,"superficie_riego_ha":13.1,"hectareas":0},"geometry":{"type":"Polygon","coordinates":[[[-105.476379,28.135304],[-105.47617,28.134832],[-105.47575,28.133834],[-105.480489,28.133825],[-105.480543,28.13386],[-105.480615,28.133873],[-105.480736,28.133877],[-105.481065,28.133876],[-105.481536,28.133867],[-105.481605,28.133874],[-105.481652,28.133896],[-105.482608,28.135034],[-105.482768,28.135235],[-105.476379,28.135304]]]}},{"type":"Feature","properties":{"modulo":5,"idparcela":"2628","productor":"GALLEGOS LARA JESUS","cultivo":null,"superficie_fisica_ha":2.45,"superficie_riego_ha":2.45,"hectareas":0},"geometry":{"type":"Polygon","coordinates":[[[-105.497427,28.149165],[-105.49749,28.14921],[-105.497828,28.149931],[-105.498395,28.151111],[-105.498755,28.151806],[-105.498753,28.15184],[-105.49873,28.151858],[-105.498697,28.151865],[-105.498631,28.151852],[-105.498346,28.151653],[-105.498023,28.151413],[-105.497768,28.151236],[-105.497458,28.151008],[-105.497003,28.150665],[-105.496986,28.15062],[-105.496981,28.150548],[-105.497014,28.150439],[-105.497078,28.150295],[-105.497093,28.150195],[-105.497132,28.150069],[-105.497194,28.149951],[-105.497281,28.149761],[-105.49732,28.14959],[-105.497335,28.149391],[-105.497363,28.149229],[-105.497427,28.149165]]]}},{"type":"Feature","properties":{"modulo":5,"idparcela":"2473","productor":"TORRES GUEVARA MARCO ANTONIO","cultivo":null,"superficie_fisica_ha":40.1,"superficie_riego_ha":29.75,"hectareas":0},"geometry":{"type":"Polygon","coordinates":[[[-105.466109,28.150453],[-105.46604,28.150235],[-105.465688,28.148425],[-105.465602,28.147863],[-105.465623,28.147549],[-105.465686,28.147271],[-105.465711,28.147046],[-105.465665,28.146474],[-105.465808,28.146525],[-105.465969,28.146522],[-105.465983,28.146289],[-105.466006,28.146029],[-105.466582,28.146022],[-105.467356,28.147813],[-105.467856,28.148894],[-105.468122,28.149499],[-105.468235,28.149718],[-105.468314,28.149894],[-105.468132,28.150301],[-105.468088,28.150383],[-105.468049,28.150442],[-105.467983,28.150452],[-105.467643,28.150456],[-105.466109,28.150453]]]}},{"type":"Feature","properties":{"modulo":5,"idparcela":"2998","productor":"GOMEZ ALEMAN ADOLFO","cultivo":null,"superficie_fisica_ha":4.7316,"superficie_riego_ha":4.7316,"hectareas":0},"geometry":{"type":"Polygon","coordinates":[[[-105.58558,28.150625],[-105.585603,28.151912],[-105.585465,28.151946],[-105.58342,28.152463],[-105.583123,28.152545],[-105.581942,28.151976],[-105.581914,28.151792],[-105.581886,28.151568],[-105.585292,28.150701],[-105.585557,28.150632],[-105.58558,28.150625]]]}},{"type":"Feature","properties":{"modulo":5,"idparcela":"2997","productor":"MARTINEZ RAMIREZ SALVADOR","cultivo":null,"superficie_fisica_ha":7.3139,"superficie_riego_ha":7.3139,"hectareas":0},"geometry":{"type":"Polygon","coordinates":[[[-105.585734,28.151879],[-105.585849,28.151846],[-105.587134,28.151526],[-105.587586,28.151416],[-105.58829,28.15174],[-105.588641,28.151897],[-105.588709,28.151945],[-105.588762,28.15202],[-105.588804,28.152105],[-105.588937,28.152523],[-105.585781,28.153316],[-105.585734,28.151879]]]}},{"type":"Feature","properties":{"modulo":5,"idparcela":"2996","productor":"LOPEZ HERNANDEZ ENRIQUE","cultivo":null,"superficie_fisica_ha":7.9706,"superficie_riego_ha":7.9706,"hectareas":0},"geometry":{"type":"Polygon","coordinates":[[[-105.588937,28.152523],[-105.58893,28.152839],[-105.588964,28.153133],[-105.589004,28.153478],[-105.589186,28.154596],[-105.589166,28.154702],[-105.589101,28.15473],[-105.58875,28.154765],[-105.588592,28.154791],[-105.588375,28.154877],[-105.588179,28.154968],[-105.588008,28.155044],[-105.5878,28.155103],[-105.587592,28.155144],[-105.587435,28.155165],[-105.587201,28.155193],[-105.586936,28.155203],[-105.58662,28.15521],[-105.586323,28.15519],[-105.585893,28.155122],[-105.585816,28.155106],[-105.585774,28.155075],[-105.585766,28.15348],[-105.585781,28.153316],[-105.588937,28.152523]]]}},{"type":"Feature","properties":{"modulo":5,"idparcela":"3002","productor":"TERRAZAS ALDAZ JESUS GILIBALDO","cultivo":null,"superficie_fisica_ha":6.642,"superficie_riego_ha":6.642,"hectareas":0},"geometry":{"type":"Polygon","coordinates":[[[-105.583349,28.153819],[-105.582466,28.154211],[-105.582187,28.154298],[-105.582196,28.153659],[-105.581973,28.152231],[-105.581942,28.151976],[-105.583123,28.152545],[-105.583283,28.152615],[-105.584414,28.15312],[-105.583056,28.153651],[-105.58322,28.15374],[-105.583349,28.153819]]]}},{"type":"Feature","properties":{"modulo":5,"idparcela":"3003","productor":"ALEMAN GARCIA JOSE SOCORRO","cultivo":null,"superficie_fisica_ha":9.378,"superficie_riego_ha":9.378,"hectareas":0},"geometry":{"type":"Polygon","coordinates":[[[-105.582187,28.154298],[-105.582466,28.154211],[-105.583349,28.153819],[-105.583571,28.153906],[-105.584699,28.154551],[-105.584251,28.155417],[-105.583771,28.155807],[-105.583562,28.155897],[-105.583247,28.156021],[-105.583001,28.156111],[-105.582749,28.156206],[-105.582518,28.156291],[-105.582198,28.156396],[-105.582092,28.156399],[-105.581995,28.15634],[-105.581831,28.156339],[-105.581642,28.156404],[-105.58151,28.156435],[-105.581409,28.156428],[-105.581965,28.154885],[-105.582117,28.154463],[-105.582187,28.154298]]]}},{"type":"Feature","properties":{"modulo":5,"idparcela":"2997","productor":"MARTINEZ RAMIREZ SALVADOR","cultivo":null,"superficie_fisica_ha":7.3139,"superficie_riego_ha":7.3139,"hectareas":0},"geometry":{"type":"Polygon","coordinates":[[[-105.585568,28.153345],[-105.584057,28.153757],[-105.583571,28.153906],[-105.583349,28.153819],[-105.58322,28.15374],[-105.583056,28.153651],[-105.584414,28.15312],[-105.583283,28.152615],[-105.585538,28.152067],[-105.585568,28.153345]]]}},{"type":"Feature","properties":{"modulo":5,"idparcela":"9754","productor":"LOPEZ MONTA¥EZ CARLOS","cultivo":null,"superficie_fisica_ha":1.9149,"superficie_riego_ha":1.4884,"hectareas":0},"geometry":{"type":"Polygon","coordinates":[[[-105.58561,28.155161],[-105.585543,28.155224],[-105.585458,28.15526],[-105.585279,28.155283],[-105.584945,28.155268],[-105.584815,28.155263],[-105.58469,28.155274],[-105.584599,28.155294],[-105.584511,28.155315],[-105.584407,28.155332],[-105.584755,28.154624],[-105.584699,28.154551],[-105.583571,28.153906],[-105.584057,28.153757],[-105.585568,28.153345],[-105.585588,28.153529],[-105.58561,28.155161]]]}},{"type":"Feature","properties":{"modulo":5,"idparcela":"3001","productor":"LOZOYA MENDOZA FELIX","cultivo":null,"superficie_fisica_ha":5.679,"superficie_riego_ha":5.679,"hectareas":0},"geometry":{"type":"Polygon","coordinates":[[[-105.585553,28.15049],[-105.585557,28.150632],[-105.585292,28.150701],[-105.581886,28.151568],[-105.581782,28.150944],[-105.581669,28.150257],[-105.583872,28.149719],[-105.584411,28.149955],[-105.584817,28.15015],[-105.585028,28.150246],[-105.585169,28.150306],[-105.585553,28.15049]]]}},{"type":"Feature","properties":{"modulo":5,"idparcela":"3004","productor":"TAPIA ZAMBRANO JOSE LUIS","cultivo":null,"superficie_fisica_ha":4.8,"superficie_riego_ha":4.8,"hectareas":0},"geometry":{"type":"Polygon","coordinates":[[[-105.582114,28.148876],[-105.581568,28.148925],[-105.581465,28.148946],[-105.581407,28.148555],[-105.582114,28.148876]]]}},{"type":"Feature","properties":{"modulo":5,"idparcela":"3000","productor":"PORRAS TORRES MARCOS","cultivo":null,"superficie_fisica_ha":5.751,"superficie_riego_ha":5.751,"hectareas":0},"geometry":{"type":"Polygon","coordinates":[[[-105.581465,28.148946],[-105.581568,28.148925],[-105.582114,28.148876],[-105.582938,28.149283],[-105.583872,28.149719],[-105.581669,28.150257],[-105.581606,28.149894],[-105.581465,28.148946]]]}},{"type":"Feature","properties":{"modulo":5,"idparcela":"2924","productor":"MONTER BARRERA JOSE LUIS","cultivo":null,"superficie_fisica_ha":5.3588,"superficie_riego_ha":5.3588,"hectareas":0},"geometry":{"type":"Polygon","coordinates":[[[-105.573573,28.16657],[-105.577342,28.165356],[-105.577579,28.165359],[-105.577738,28.165359],[-105.57791,28.165344],[-105.578128,28.165314],[-105.578381,28.165281],[-105.578606,28.165253],[-105.578796,28.165238],[-105.578949,28.165224],[-105.579058,28.16523],[-105.579031,28.165333],[-105.579035,28.16548],[-105.579061,28.16564],[-105.579104,28.165714],[-105.579147,28.165808],[-105.579168,28.165871],[-105.579172,28.166034],[-105.579157,28.166122],[-105.578974,28.166358],[-105.578749,28.166593],[-105.578474,28.166811],[-105.57821,28.167029],[-105.578019,28.167192],[-105.577734,28.167374],[-105.577344,28.167538],[-105.577126,28.167584],[-105.576748,28.167549],[-105.576171,28.16748],[-105.57584,28.167481],[-105.57569,28.167536],[-105.575382,28.167699],[-105.575067,28.167872],[-105.57489,28.167939],[-105.574725,28.167959],[-105.574569,28.167933],[-105.574409,28.167815],[-105.574246,28.167732],[-105.57419,28.167647],[-105.574128,28.167536],[-105.574022,28.167383],[-105.573904,28.167174],[-105.57382,28.166981],[-105.57372,28.166876],[-105.573633,28.166748],[-105.573586,28.166611],[-105.573573,28.16657]]]}},{"type":"Feature","properties":{"modulo":5,"idparcela":"2921","productor":"GARCIA HERNANDEZ ELISA","cultivo":null,"superficie_fisica_ha":6.825,"superficie_riego_ha":6.825,"hectareas":0},"geometry":{"type":"Polygon","coordinates":[[[-105.580285,28.164817],[-105.579528,28.162933],[-105.579731,28.16294],[-105.57997,28.162938],[-105.58016,28.162934],[-105.580475,28.162925],[-105.581179,28.162975],[-105.581601,28.163004],[-105.581801,28.163031],[-105.58203,28.163056],[-105.582171,28.163088],[-105.582298,28.163131],[-105.58244,28.163172],[-105.582602,28.163188],[-105.582813,28.163197],[-105.582856,28.163199],[-105.58322,28.163217],[-105.58331,28.163213],[-105.583685,28.163194],[-105.583755,28.163191],[-105.583895,28.163176],[-105.584095,28.163154],[-105.584197,28.163136],[-105.584362,28.163105],[-105.584519,28.163067],[-105.584589,28.16305],[-105.584742,28.162976],[-105.584925,28.16287],[-105.584971,28.162837],[-105.585069,28.162767],[-105.585153,28.162674],[-105.585212,28.162691],[-105.585278,28.162708],[-105.585339,28.162707],[-105.585392,28.162694],[-105.585459,28.162707],[-105.585522,28.162731],[-105.585443,28.162764],[-105.585353,28.162804],[-105.585188,28.16288],[-105.585098,28.162934],[-105.585012,28.162979],[-105.584822,28.163084],[-105.584683,28.163162],[-105.584428,28.163272],[-105.584365,28.163339],[-105.584178,28.163475],[-105.583966,28.163629],[-105.583739,28.163856],[-105.583415,28.164101],[-105.583161,28.164237],[-105.58282,28.164383],[-105.582522,28.164511],[-105.582179,28.164622],[-105.58178,28.164712],[-105.581429,28.164783],[-105.580991,28.164828],[-105.580738,28.164776],[-105.580501,28.164724],[-105.580323,28.164757],[-105.580285,28.164817]]]}},{"type":"Feature","properties":{"modulo":5,"idparcela":"9681","productor":"BUENO ROLANDO","cultivo":null,"superficie_fisica_ha":2.814,"superficie_riego_ha":2.814,"hectareas":0},"geometry":{"type":"Polygon","coordinates":[[[-105.57634,28.165173],[-105.576346,28.165097],[-105.576278,28.164782],[-105.576212,28.164481],[-105.576141,28.164201],[-105.576113,28.164051],[-105.576229,28.163915],[-105.57636,28.163932],[-105.576575,28.163904],[-105.576901,28.163831],[-105.577276,28.163721],[-105.577693,28.163593],[-105.57798,28.163501],[-105.578378,28.163373],[-105.578576,28.163299],[-105.577504,28.165086],[-105.577379,28.165295],[-105.577342,28.165356],[-105.577271,28.165337],[-105.577179,28.165336],[-105.576891,28.165301],[-105.57682,28.165292],[-105.576728,28.165287],[-105.576657,28.165284],[-105.576534,28.165256],[-105.576463,28.165239],[-105.57634,28.165173]]]}},{"type":"Feature","properties":{"modulo":5,"idparcela":"2939","productor":"HERNANDEZ VALDEZ JOSE","cultivo":null,"superficie_fisica_ha":9.325,"superficie_riego_ha":9.325,"hectareas":0},"geometry":{"type":"Polygon","coordinates":[[[-105.568651,28.164283],[-105.568842,28.164352],[-105.569125,28.164457],[-105.569439,28.16458],[-105.569657,28.164624],[-105.569967,28.164669],[-105.570286,28.164725],[-105.570478,28.164766],[-105.570639,28.164803],[-105.570482,28.164976],[-105.570373,28.165085],[-105.570052,28.165222],[-105.569967,28.165312],[-105.569965,28.165377],[-105.569966,28.165439],[-105.569337,28.165596],[-105.56933,28.165561],[-105.569224,28.165295],[-105.568751,28.165385],[-105.56861,28.165388],[-105.568483,28.165334],[-105.568397,28.16528],[-105.568239,28.165161],[-105.568007,28.164999],[-105.567832,28.164895],[-105.567697,28.164819],[-105.567556,28.164729],[-105.567453,28.164643],[-105.567373,28.164551],[-105.567287,28.164425],[-105.567194,28.164285],[-105.567096,28.164135],[-105.567007,28.163996],[-105.56695,28.163908],[-105.567201,28.16395],[-105.567369,28.163977],[-105.567628,28.164018],[-105.567778,28.164044],[-105.568108,28.164102],[-105.5684,28.164189],[-105.568651,28.164283]]]}},{"type":"Feature","properties":{"modulo":5,"idparcela":"2942","productor":"CARRILLO MENDOZA MANUEL","cultivo":null,"superficie_fisica_ha":6.48,"superficie_riego_ha":6.48,"hectareas":0},"geometry":{"type":"Polygon","coordinates":[[[-105.568816,28.166124],[-105.56891,28.166337],[-105.568957,28.166483],[-105.568992,28.166575],[-105.569034,28.166642],[-105.569103,28.166678],[-105.569259,28.166675],[-105.570293,28.166479],[-105.570424,28.166489],[-105.570429,28.166563],[-105.570396,28.166659],[-105.570418,28.166797],[-105.57046,28.166898],[-105.570484,28.167109],[-105.570527,28.16721],[-105.570585,28.16735],[-105.570613,28.16752],[-105.570621,28.167602],[-105.570616,28.167672],[-105.570604,28.167769],[-105.570586,28.167837],[-105.570462,28.167991],[-105.57026,28.168181],[-105.569991,28.168336],[-105.56973,28.168491],[-105.569492,28.168663],[-105.569407,28.16875],[-105.569381,28.168872],[-105.569383,28.168916],[-105.569313,28.168915],[-105.568959,28.168908],[-105.568643,28.168892],[-105.568549,28.168883],[-105.56848,28.168847],[-105.568416,28.168676],[-105.568378,28.16847],[-105.56835,28.16813],[-105.568298,28.167943],[-105.568166,28.167663],[-105.56793,28.167469],[-105.567622,28.167263],[-105.567318,28.167065],[-105.567118,28.166932],[-105.567105,28.166899],[-105.567101,28.166855],[-105.567109,28.16681],[-105.567127,28.16677],[-105.567165,28.166718],[-105.567257,28.166585],[-105.567382,28.166399],[-105.567488,28.166263],[-105.567564,28.166167],[-105.567625,28.166119],[-105.568426,28.165976],[-105.568597,28.165972],[-105.56874,28.165995],[-105.568816,28.166124]]]}},{"type":"Feature","properties":{"modulo":5,"idparcela":"0","productor":null,"cultivo":null,"superficie_fisica_ha":0,"superficie_riego_ha":0,"hectareas":0},"geometry":{"type":"Polygon","coordinates":[[[-105.528288,28.189087],[-105.528347,28.188988],[-105.528362,28.188861],[-105.528341,28.188717],[-105.52831,28.18854],[-105.528281,28.188293],[-105.528297,28.188228],[-105.528325,28.188167],[-105.529086,28.187357],[-105.5286,28.18951],[-105.528598,28.189519],[-105.527954,28.189385],[-105.528053,28.18932],[-105.528174,28.189205],[-105.528288,28.189087]]]}},{"type":"Feature","properties":{"modulo":5,"idparcela":"3164","productor":"CARDEL SOSAYA SANTIAGO","cultivo":null,"superficie_fisica_ha":2.325,"superficie_riego_ha":2.325,"hectareas":0},"geometry":{"type":"Polygon","coordinates":[[[-105.528035,28.18764],[-105.529418,28.186069],[-105.529763,28.185683],[-105.529944,28.185492],[-105.530203,28.185205],[-105.530374,28.185023],[-105.530491,28.184896],[-105.530561,28.184956],[-105.530625,28.185009],[-105.530779,28.185112],[-105.530795,28.185165],[-105.530787,28.185228],[-105.530666,28.185391],[-105.530026,28.186096],[-105.529372,28.1868],[-105.528284,28.187978],[-105.528182,28.188077],[-105.528098,28.187852],[-105.528053,28.187699],[-105.528035,28.18764]]]}},{"type":"Feature","properties":{"modulo":5,"idparcela":"3170","productor":"DELGADO RODRIGUEZ ALFONSO","cultivo":null,"superficie_fisica_ha":5.925,"superficie_riego_ha":5.925,"hectareas":0},"geometry":{"type":"Polygon","coordinates":[[[-105.526744,28.191428],[-105.525678,28.191245],[-105.525747,28.190951],[-105.526198,28.189116],[-105.5277,28.189354],[-105.527954,28.189385],[-105.528598,28.189519],[-105.528137,28.191658],[-105.526744,28.191428]]]}},{"type":"Feature","properties":{"modulo":5,"idparcela":"3160","productor":"CARRASCO MENDOZA FERNANDO","cultivo":null,"superficie_fisica_ha":3.0542,"superficie_riego_ha":3.0542,"hectareas":0},"geometry":{"type":"Polygon","coordinates":[[[-105.53254,28.183525],[-105.532481,28.183797],[-105.532162,28.185183],[-105.53208,28.185621],[-105.530851,28.185406],[-105.530874,28.185368],[-105.530943,28.185278],[-105.530953,28.185204],[-105.530938,28.185126],[-105.530881,28.185052],[-105.530771,28.184963],[-105.530678,28.184891],[-105.530626,28.184848],[-105.530609,28.184799],[-105.530661,28.18466],[-105.530883,28.184156],[-105.53123,28.183383],[-105.53131,28.183309],[-105.531423,28.183306],[-105.532087,28.183437],[-105.53254,28.183525]]]}},{"type":"Feature","properties":{"modulo":5,"idparcela":"3171","productor":"MARTINEZ ESPARZA RAMON ARTURO","cultivo":null,"superficie_fisica_ha":5.925,"superficie_riego_ha":5.925,"hectareas":0},"geometry":{"type":"Polygon","coordinates":[[[-105.528598,28.189519],[-105.529761,28.189734],[-105.530051,28.189793],[-105.531084,28.189982],[-105.530564,28.19208],[-105.52921,28.191827],[-105.528394,28.1917],[-105.528137,28.191658],[-105.528598,28.189519]]]}},{"type":"Feature","properties":{"modulo":5,"idparcela":"3173","productor":"FLORES AGUILAR ENRIQUE","cultivo":null,"superficie_fisica_ha":5.9571,"superficie_riego_ha":5.875,"hectareas":0},"geometry":{"type":"Polygon","coordinates":[[[-105.53308,28.192508],[-105.532188,28.192366],[-105.530564,28.19208],[-105.531084,28.189982],[-105.533544,28.19043],[-105.53308,28.192508]]]}},{"type":"Feature","properties":{"modulo":5,"idparcela":"2987","productor":"LOPEZ CARRASCO ANSELMO","cultivo":null,"superficie_fisica_ha":9.75,"superficie_riego_ha":9.75,"hectareas":0},"geometry":{"type":"Polygon","coordinates":[[[-105.536268,28.190308],[-105.536328,28.19075],[-105.536504,28.191917],[-105.536555,28.192273],[-105.53657,28.192498],[-105.536565,28.192622],[-105.536532,28.192696],[-105.53637,28.192828],[-105.536211,28.192948],[-105.535975,28.193131],[-105.535846,28.193236],[-105.535728,28.193292],[-105.535626,28.193294],[-105.535497,28.193237],[-105.535238,28.193062],[-105.535015,28.192927],[-105.534459,28.192772],[-105.533868,28.19263],[-105.53308,28.192508],[-105.533544,28.19043],[-105.533693,28.189761],[-105.535104,28.189972],[-105.535795,28.190142],[-105.536268,28.190308]]]}},{"type":"Feature","properties":{"modulo":5,"idparcela":"2981","productor":"LOPEZ SILVA MARIA DEL CARMEN","cultivo":null,"superficie_fisica_ha":8.5,"superficie_riego_ha":7.64,"hectareas":0},"geometry":{"type":"Polygon","coordinates":[[[-105.536268,28.190308],[-105.535795,28.190142],[-105.535889,28.18973],[-105.536054,28.188901],[-105.536254,28.190172],[-105.536268,28.190308]]]}},{"type":"Feature","properties":{"modulo":5,"idparcela":"2986","productor":"VEGA SOSA MANUEL","cultivo":null,"superficie_fisica_ha":5.596,"superficie_riego_ha":5.596,"hectareas":0},"geometry":{"type":"Polygon","coordinates":[[[-105.533693,28.189761],[-105.533786,28.189344],[-105.534032,28.188244],[-105.534315,28.186957],[-105.535724,28.187188],[-105.535915,28.188068],[-105.536054,28.188901],[-105.535889,28.18973],[-105.535795,28.190142],[-105.535104,28.189972],[-105.533693,28.189761]]]}},{"type":"Feature","properties":{"modulo":5,"idparcela":"3166","productor":"VALDEZ GONZALEZ ANDRES M.","cultivo":null,"superficie_fisica_ha":5.5183,"superficie_riego_ha":5.475,"hectareas":0},"geometry":{"type":"Polygon","coordinates":[[[-105.534032,28.188244],[-105.533927,28.188224],[-105.53178,28.187836],[-105.532212,28.187473],[-105.532496,28.187228],[-105.532798,28.187006],[-105.532998,28.186835],[-105.533236,28.186653],[-105.533394,28.186539],[-105.533564,28.186425],[-105.533696,28.186341],[-105.533846,28.186309],[-105.534008,28.186306],[-105.53417,28.186312],[-105.534337,28.18633],[-105.534457,28.186339],[-105.534418,28.186511],[-105.534315,28.186957],[-105.534032,28.188244]]]}},{"type":"Feature","properties":{"modulo":5,"idparcela":"3169","productor":"ARREOLA VDA DE CHAVEZ RITA","cultivo":null,"superficie_fisica_ha":6,"superficie_riego_ha":6,"hectareas":0},"geometry":{"type":"Polygon","coordinates":[[[-105.533544,28.19043],[-105.531084,28.189982],[-105.531186,28.18957],[-105.531559,28.188068],[-105.53178,28.187836],[-105.533927,28.188224],[-105.534032,28.188244],[-105.533786,28.189344],[-105.533693,28.189761],[-105.533544,28.19043]]]}},{"type":"Feature","properties":{"modulo":5,"idparcela":"3168","productor":"VILLA RIVERA OSCAR","cultivo":null,"superficie_fisica_ha":5.935,"superficie_riego_ha":5.935,"hectareas":0},"geometry":{"type":"Polygon","coordinates":[[[-105.531084,28.189982],[-105.530051,28.189793],[-105.529761,28.189734],[-105.528598,28.189519],[-105.5286,28.18951],[-105.529086,28.187357],[-105.529516,28.187437],[-105.531376,28.187776],[-105.531636,28.187781],[-105.531559,28.188068],[-105.531186,28.18957],[-105.531084,28.189982]]]}},{"type":"Feature","properties":{"modulo":5,"idparcela":"3175","productor":"LOPEZ CHAVARRIA SILVESTRE","cultivo":null,"superficie_fisica_ha":6.58,"superficie_riego_ha":6.58,"hectareas":0},"geometry":{"type":"Polygon","coordinates":[[[-105.529531,28.1949],[-105.529157,28.194781],[-105.528667,28.19461],[-105.528204,28.194406],[-105.527867,28.194388],[-105.527089,28.194209],[-105.526832,28.19415],[-105.528546,28.192149],[-105.528794,28.191848],[-105.528924,28.191869],[-105.529362,28.191947],[-105.529961,28.192064],[-105.53119,28.192301],[-105.530469,28.193404],[-105.529531,28.1949]]]}},{"type":"Feature","properties":{"modulo":5,"idparcela":"3183","productor":"SANCHEZ BERNAL ALFREDO","cultivo":null,"superficie_fisica_ha":5.7655,"superficie_riego_ha":5.7655,"hectareas":0},"geometry":{"type":"Polygon","coordinates":[[[-105.522278,28.194817],[-105.523963,28.195269],[-105.525337,28.195645],[-105.524099,28.197101],[-105.522436,28.19663],[-105.521763,28.196433],[-105.522215,28.195015],[-105.522278,28.194817]]]}},{"type":"Feature","properties":{"modulo":5,"idparcela":"3286","productor":"ENRIQUEZ OROZCO ROGELIO","cultivo":null,"superficie_fisica_ha":3.475,"superficie_riego_ha":3.475,"hectareas":0},"geometry":{"type":"Polygon","coordinates":[[[-105.518909,28.192419],[-105.518993,28.192458],[-105.519087,28.192495],[-105.51923,28.192547],[-105.519383,28.192608],[-105.519624,28.192697],[-105.519812,28.192764],[-105.520035,28.192838],[-105.520296,28.192924],[-105.520535,28.19298],[-105.520736,28.193022],[-105.520892,28.193057],[-105.520687,28.193269],[-105.519866,28.19413],[-105.519314,28.19397],[-105.517905,28.193526],[-105.518241,28.193091],[-105.518561,28.192678],[-105.518674,28.192538],[-105.518782,28.192438],[-105.518849,28.19241],[-105.518909,28.192419]]]}},{"type":"Feature","properties":{"modulo":5,"idparcela":"3285","productor":"LOZOYA ALBA¥IL ROSA IRENE","cultivo":null,"superficie_fisica_ha":6.0577,"superficie_riego_ha":6.0577,"hectareas":0},"geometry":{"type":"Polygon","coordinates":[[[-105.525193,28.19211],[-105.524978,28.192249],[-105.524572,28.19245],[-105.524021,28.192688],[-105.523723,28.192813],[-105.5235,28.192891],[-105.523215,28.192966],[-105.522913,28.193003],[-105.522717,28.192992],[-105.523219,28.190878],[-105.525647,28.191341],[-105.525615,28.191486],[-105.52555,28.191644],[-105.525477,28.191781],[-105.525358,28.191934],[-105.525193,28.19211]]]}},{"type":"Feature","properties":{"modulo":5,"idparcela":"3285","productor":"LOZOYA ALBA¥IL ROSA IRENE","cultivo":null,"superficie_fisica_ha":6.0577,"superficie_riego_ha":6.0577,"hectareas":0},"geometry":{"type":"Polygon","coordinates":[[[-105.522575,28.192946],[-105.521535,28.192618],[-105.522009,28.190658],[-105.523102,28.190869],[-105.522575,28.192946]]]}},{"type":"Feature","properties":{"modulo":5,"idparcela":"2988","productor":"RUIZ GUERRERO ALFREDO","cultivo":null,"superficie_fisica_ha":2.475,"superficie_riego_ha":2.475,"hectareas":0},"geometry":{"type":"Polygon","coordinates":[[[-105.532239,28.195826],[-105.53224,28.195698],[-105.532507,28.195372],[-105.53289,28.194961],[-105.534437,28.193436],[-105.534934,28.192995],[-105.535112,28.193092],[-105.535397,28.19328],[-105.535558,28.193411],[-105.5356,28.193545],[-105.535565,28.193664],[-105.535478,28.193745],[-105.535331,28.193881],[-105.535035,28.194171],[-105.534907,28.194289],[-105.534778,28.194434],[-105.534739,28.194578],[-105.534719,28.194685],[-105.534622,28.194813],[-105.534439,28.19494],[-105.534189,28.195077],[-105.533919,28.195168],[-105.533544,28.195278],[-105.533232,28.195369],[-105.53294,28.19546],[-105.532638,28.195606],[-105.53243,28.195706],[-105.532239,28.195826]]]}},{"type":"Feature","properties":{"modulo":5,"idparcela":"3177","productor":"FLORES AGUILAR ENRIQUE","cultivo":null,"superficie_fisica_ha":5.9876,"superficie_riego_ha":5.9876,"hectareas":0},"geometry":{"type":"Polygon","coordinates":[[[-105.53031,28.198456],[-105.530342,28.198081],[-105.530341,28.19788],[-105.530313,28.197699],[-105.530295,28.197586],[-105.530247,28.197398],[-105.53022,28.197285],[-105.530164,28.197143],[-105.530121,28.19694],[-105.530177,28.196968],[-105.53032,28.196969],[-105.531198,28.195344],[-105.532895,28.192891],[-105.533073,28.192609],[-105.533595,28.192687],[-105.534303,28.192823],[-105.534652,28.192916],[-105.534934,28.192995],[-105.534437,28.193436],[-105.53289,28.194961],[-105.532507,28.195372],[-105.53224,28.195698],[-105.532239,28.195826],[-105.532198,28.195851],[-105.532042,28.196014],[-105.531499,28.196531],[-105.531182,28.196947],[-105.531079,28.197038],[-105.530979,28.197101],[-105.530957,28.197156],[-105.530988,28.197201],[-105.531017,28.197255],[-105.531023,28.197318],[-105.530977,28.197399],[-105.530913,28.197484],[-105.530839,28.197536],[-105.530797,28.197537],[-105.530774,28.19749],[-105.530786,28.197418],[-105.530803,28.19731],[-105.530757,28.197137],[-105.530695,28.19728],[-105.530662,28.197435],[-105.530635,28.197581],[-105.530595,28.197744],[-105.530548,28.197909],[-105.530487,28.198078],[-105.530424,28.198204],[-105.53038,28.198412],[-105.53031,28.198456]]]}},{"type":"Feature","properties":{"modulo":5,"idparcela":"3176","productor":"MARTINEZ ESPARZA RAMON ARTURO","cultivo":null,"superficie_fisica_ha":5.925,"superficie_riego_ha":5.925,"hectareas":0},"geometry":{"type":"Polygon","coordinates":[[[-105.529531,28.1949],[-105.530469,28.193404],[-105.53119,28.192301],[-105.533073,28.192609],[-105.532895,28.192891],[-105.531198,28.195344],[-105.530887,28.195286],[-105.530012,28.195029],[-105.529531,28.1949]]]}},{"type":"Feature","properties":{"modulo":5,"idparcela":"3181","productor":"VILLA GARCIA OSCAR","cultivo":null,"superficie_fisica_ha":6.5126,"superficie_riego_ha":6.475,"hectareas":0},"geometry":{"type":"Polygon","coordinates":[[[-105.530121,28.19694],[-105.529757,28.196845],[-105.528311,28.19645],[-105.527719,28.196288],[-105.52735,28.196187],[-105.52744,28.195978],[-105.527825,28.195137],[-105.528006,28.194798],[-105.528204,28.194406],[-105.528667,28.19461],[-105.529157,28.194781],[-105.529531,28.1949],[-105.530012,28.195029],[-105.530887,28.195286],[-105.531198,28.195344],[-105.53032,28.196969],[-105.530177,28.196968],[-105.530121,28.19694]]]}},{"type":"Feature","properties":{"modulo":5,"idparcela":"3186","productor":"VILLA GARCIA OSCAR","cultivo":null,"superficie_fisica_ha":5.625,"superficie_riego_ha":5.625,"hectareas":0},"geometry":{"type":"Polygon","coordinates":[[[-105.527102,28.197975],[-105.527358,28.197638],[-105.528311,28.19645],[-105.529757,28.196845],[-105.530121,28.19694],[-105.530164,28.197143],[-105.53022,28.197285],[-105.530247,28.197398],[-105.530295,28.197586],[-105.530313,28.197699],[-105.530341,28.19788],[-105.530342,28.198081],[-105.53031,28.198456],[-105.530236,28.19853],[-105.530079,28.19865],[-105.529973,28.19874],[-105.529918,28.198812],[-105.529307,28.198624],[-105.528705,28.198446],[-105.527102,28.197975]]]}},{"type":"Feature","properties":{"modulo":5,"idparcela":"3174","productor":"VILLA GARCIA OSCAR","cultivo":null,"superficie_fisica_ha":7.425,"superficie_riego_ha":7.425,"hectareas":0},"geometry":{"type":"Polygon","coordinates":[[[-105.524878,28.193647],[-105.524603,28.193572],[-105.524333,28.19348],[-105.524127,28.193414],[-105.523901,28.193357],[-105.523631,28.193283],[-105.523397,28.193214],[-105.523216,28.193187],[-105.522981,28.193172],[-105.522834,28.19319],[-105.522794,28.193127],[-105.52301,28.193108],[-105.523311,28.193099],[-105.523559,28.193071],[-105.523758,28.193021],[-105.523948,28.192959],[-105.524239,28.192832],[-105.524575,28.192674],[-105.524819,28.192559],[-105.525062,28.192441],[-105.525363,28.192225],[-105.525569,28.192024],[-105.525727,28.191833],[-105.52588,28.191544],[-105.525939,28.191381],[-105.52807,28.191735],[-105.528794,28.191848],[-105.528546,28.192149],[-105.526832,28.19415],[-105.524878,28.193647]]]}},{"type":"Feature","properties":{"modulo":5,"idparcela":"3178","productor":"QUINTANA CHAVEZ JOSE","cultivo":null,"superficie_fisica_ha":7.7924,"superficie_riego_ha":7.7924,"hectareas":0},"geometry":{"type":"Polygon","coordinates":[[[-105.522834,28.19319],[-105.522981,28.193172],[-105.523216,28.193187],[-105.523397,28.193214],[-105.523631,28.193283],[-105.523901,28.193357],[-105.524127,28.193414],[-105.524333,28.19348],[-105.524603,28.193572],[-105.524878,28.193647],[-105.523963,28.195269],[-105.522278,28.194817],[-105.522104,28.194779],[-105.52166,28.19461],[-105.519866,28.19413],[-105.520687,28.193269],[-105.520892,28.193057],[-105.521005,28.192878],[-105.521119,28.192752],[-105.521198,28.19269],[-105.5213,28.19262],[-105.52144,28.192608],[-105.521535,28.192618],[-105.522575,28.192946],[-105.522584,28.193208],[-105.522834,28.19319]]]}},{"type":"Feature","properties":{"modulo":5,"idparcela":"3284","productor":"LOPEZ HERNANDEZ TOMAS","cultivo":null,"superficie_fisica_ha":5.675,"superficie_riego_ha":5.675,"hectareas":0},"geometry":{"type":"Polygon","coordinates":[[[-105.521535,28.192618],[-105.52144,28.192608],[-105.5213,28.19262],[-105.521198,28.19269],[-105.521119,28.192752],[-105.521005,28.192878],[-105.520879,28.192881],[-105.520771,28.192863],[-105.520557,28.192827],[-105.520325,28.192754],[-105.518789,28.192203],[-105.519392,28.191382],[-105.52021,28.190354],[-105.522009,28.190658],[-105.521535,28.192618]]]}},{"type":"Feature","properties":{"modulo":5,"idparcela":"3289","productor":"MENDEZ CHAVEZ GENOVEVA","cultivo":null,"superficie_fisica_ha":6.0477,"superficie_riego_ha":5.808,"hectareas":0},"geometry":{"type":"Polygon","coordinates":[[[-105.517935,28.195478],[-105.516777,28.195139],[-105.517439,28.194192],[-105.517905,28.193526],[-105.519314,28.19397],[-105.517935,28.195478]]]}},{"type":"Feature","properties":{"modulo":5,"idparcela":"3184","productor":"VILLA RIVERA OSCAR","cultivo":null,"superficie_fisica_ha":3.8287,"superficie_riego_ha":3.8287,"hectareas":0},"geometry":{"type":"Polygon","coordinates":[[[-105.527078,28.196079],[-105.526105,28.197675],[-105.524099,28.197101],[-105.525337,28.195645],[-105.526301,28.195885],[-105.527078,28.196079]]]}},{"type":"Feature","properties":{"modulo":5,"idparcela":"3185","productor":"ALBA¥IL CANALES HECTOR RAUL","cultivo":null,"superficie_fisica_ha":1.9121,"superficie_riego_ha":1.9121,"hectareas":0},"geometry":{"type":"Polygon","coordinates":[[[-105.528311,28.19645],[-105.527358,28.197638],[-105.527102,28.197975],[-105.526575,28.197815],[-105.526498,28.197787],[-105.526451,28.197748],[-105.526434,28.197708],[-105.526438,28.197658],[-105.527124,28.196622],[-105.52735,28.196187],[-105.527719,28.196288],[-105.528311,28.19645]]]}},{"type":"Feature","properties":{"modulo":5,"idparcela":"3288","productor":"ARREDONDO ENRIQUEZ GERARDO","cultivo":null,"superficie_fisica_ha":6.675,"superficie_riego_ha":6.675,"hectareas":0},"geometry":{"type":"Polygon","coordinates":[[[-105.512482,28.193293],[-105.512768,28.192654],[-105.512927,28.192273],[-105.512968,28.192128],[-105.514247,28.192507],[-105.516011,28.193029],[-105.515877,28.193327],[-105.515233,28.194674],[-105.512265,28.19378],[-105.512482,28.193293]]]}},{"type":"Feature","properties":{"modulo":5,"idparcela":"3283","productor":"LOPEZ MONTANEZ MARTIN","cultivo":null,"superficie_fisica_ha":6.925,"superficie_riego_ha":6.925,"hectareas":0},"geometry":{"type":"Polygon","coordinates":[[[-105.517893,28.193212],[-105.517622,28.193527],[-105.516882,28.193296],[-105.516011,28.193029],[-105.518154,28.190236],[-105.518293,28.190045],[-105.51841,28.190053],[-105.52021,28.190354],[-105.519392,28.191382],[-105.518789,28.192203],[-105.517893,28.193212]]]}},{"type":"Feature","properties":{"modulo":5,"idparcela":"3287","productor":"SAGARNAGA LARA MARTINA","cultivo":null,"superficie_fisica_ha":5.55,"superficie_riego_ha":5.55,"hectareas":0},"geometry":{"type":"Polygon","coordinates":[[[-105.523167,28.190781],[-105.523671,28.188677],[-105.525886,28.189075],[-105.526047,28.189101],[-105.525703,28.190555],[-105.525647,28.190745],[-105.525538,28.19122],[-105.523167,28.190781]]]}},{"type":"Feature","properties":{"modulo":5,"idparcela":"3167","productor":"MORALES QUINTANA RUBEN","cultivo":null,"superficie_fisica_ha":5.6102,"superficie_riego_ha":5.575,"hectareas":0},"geometry":{"type":"Polygon","coordinates":[[[-105.526072,28.187228],[-105.526098,28.187341],[-105.526151,28.187413],[-105.526291,28.187503],[-105.526368,28.187548],[-105.526449,28.187638],[-105.52646,28.187674],[-105.526442,28.187782],[-105.52637,28.187999],[-105.526322,28.188134],[-105.526248,28.188351],[-105.526181,28.188514],[-105.526122,28.188568],[-105.526024,28.188596],[-105.526035,28.188663],[-105.525886,28.189075],[-105.523671,28.188677],[-105.524111,28.186835],[-105.524168,28.186582],[-105.524246,28.186545],[-105.526173,28.186872],[-105.526187,28.186989],[-105.526161,28.187043],[-105.526099,28.187134],[-105.526072,28.187228]]]}},{"type":"Feature","properties":{"modulo":5,"idparcela":"3281","productor":"TORRES GUEVARA MARCO ANTONIO","cultivo":null,"superficie_fisica_ha":5.9025,"superficie_riego_ha":5.9025,"hectareas":0},"geometry":{"type":"Polygon","coordinates":[[[-105.518802,28.187787],[-105.521236,28.188237],[-105.520721,28.190348],[-105.518281,28.189915],[-105.518361,28.189586],[-105.518607,28.188599],[-105.518802,28.187787]]]}},{"type":"Feature","properties":{"modulo":5,"idparcela":"3282","productor":"TREJO FLORES JAVIER","cultivo":null,"superficie_fisica_ha":5.625,"superficie_riego_ha":5.625,"hectareas":0},"geometry":{"type":"Polygon","coordinates":[[[-105.521236,28.188237],[-105.523558,28.188667],[-105.523166,28.190335],[-105.523065,28.190757],[-105.520721,28.190348],[-105.521236,28.188237]]]}},{"type":"Feature","properties":{"modulo":5,"idparcela":"3280","productor":"CARRASCO GUADERRAMA JESUS MARTIN","cultivo":null,"superficie_fisica_ha":5.875,"superficie_riego_ha":5.875,"hectareas":0},"geometry":{"type":"Polygon","coordinates":[[[-105.521758,28.186108],[-105.524026,28.186528],[-105.523659,28.188239],[-105.523558,28.188667],[-105.521236,28.188237],[-105.521338,28.18782],[-105.521685,28.186405],[-105.521758,28.186108]]]}},{"type":"Feature","properties":{"modulo":5,"idparcela":"3279","productor":"BURROLA FLORES CESAR","cultivo":null,"superficie_fisica_ha":5.8721,"superficie_riego_ha":5.8721,"hectareas":0},"geometry":{"type":"Polygon","coordinates":[[[-105.519289,28.185649],[-105.521758,28.186108],[-105.521685,28.186405],[-105.521338,28.18782],[-105.521236,28.188237],[-105.518802,28.187787],[-105.519044,28.186676],[-105.519289,28.185649]]]}},{"type":"Feature","properties":{"modulo":5,"idparcela":"3289","productor":"MENDEZ CHAVEZ GENOVEVA","cultivo":null,"superficie_fisica_ha":6.0477,"superficie_riego_ha":5.808,"hectareas":0},"geometry":{"type":"Polygon","coordinates":[[[-105.515877,28.193327],[-105.516011,28.193029],[-105.516882,28.193296],[-105.517622,28.193527],[-105.516599,28.195093],[-105.515541,28.194763],[-105.515233,28.194674],[-105.515877,28.193327]]]}},{"type":"Feature","properties":{"modulo":5,"idparcela":"3357","productor":"MARTINEZ FUENTES JESUS ALBERTO","cultivo":null,"superficie_fisica_ha":1.102,"superficie_riego_ha":1.102,"hectareas":0},"geometry":{"type":"Polygon","coordinates":[[[-105.514247,28.192507],[-105.512968,28.192128],[-105.512903,28.192017],[-105.512884,28.191957],[-105.512895,28.191876],[-105.512945,28.191807],[-105.513076,28.191651],[-105.514581,28.192089],[-105.514247,28.192507]]]}},{"type":"Feature","properties":{"modulo":5,"idparcela":"3355","productor":"AGUILAR GOMEZ FELIX","cultivo":null,"superficie_fisica_ha":6.9195,"superficie_riego_ha":6.9195,"hectareas":0},"geometry":{"type":"Polygon","coordinates":[[[-105.509707,28.188556],[-105.509914,28.188547],[-105.510132,28.188575],[-105.510419,28.188604],[-105.511073,28.188722],[-105.511426,28.188785],[-105.511658,28.188829],[-105.511873,28.188874],[-105.512119,28.188922],[-105.512572,28.189006],[-105.512732,28.189035],[-105.51082,28.191413],[-105.510033,28.19119],[-105.508968,28.19086],[-105.509707,28.188556]]]}},{"type":"Feature","properties":{"modulo":5,"idparcela":"3365","productor":"ENRIQUEZ OROZCO ROGELIO","cultivo":null,"superficie_fisica_ha":6.1637,"superficie_riego_ha":6.075,"hectareas":0},"geometry":{"type":"Polygon","coordinates":[[[-105.502703,28.189067],[-105.503339,28.18926],[-105.50378,28.189385],[-105.503146,28.191127],[-105.502094,28.190827],[-105.500363,28.190325],[-105.501024,28.188751],[-105.50106,28.188717],[-105.501111,28.188701],[-105.501171,28.188706],[-105.50185,28.18892],[-105.501847,28.188974],[-105.501853,28.189021],[-105.501871,28.189046],[-105.501925,28.189073],[-105.502045,28.18911],[-105.502204,28.189155],[-105.502242,28.189161],[-105.502274,28.189157],[-105.50244,28.189048],[-105.50249,28.189037],[-105.502575,28.189047],[-105.502703,28.189067]]]}},{"type":"Feature","properties":{"modulo":5,"idparcela":"3368","productor":"MORALES LOPEZ FRANCISCO","cultivo":null,"superficie_fisica_ha":6.475,"superficie_riego_ha":6.475,"hectareas":0},"geometry":{"type":"Polygon","coordinates":[[[-105.511324,28.193476],[-105.510127,28.193125],[-105.509657,28.192975],[-105.509259,28.192859],[-105.510033,28.19119],[-105.51082,28.191413],[-105.512685,28.191987],[-105.512782,28.19206],[-105.512849,28.192129],[-105.512865,28.192182],[-105.512857,28.192249],[-105.512802,28.192372],[-105.51231,28.193468],[-105.512249,28.193601],[-105.512192,28.193655],[-105.512114,28.193683],[-105.51202,28.193674],[-105.511773,28.193604],[-105.511324,28.193476]]]}},{"type":"Feature","properties":{"modulo":5,"idparcela":"3354","productor":"AGUILAR GOMEZ PORFIRIO","cultivo":null,"superficie_fisica_ha":7.2761,"superficie_riego_ha":7.2761,"hectareas":0},"geometry":{"type":"Polygon","coordinates":[[[-105.508968,28.19086],[-105.507031,28.190332],[-105.506736,28.19022],[-105.506697,28.189828],[-105.506673,28.188915],[-105.507292,28.188944],[-105.508041,28.188984],[-105.508293,28.188992],[-105.508489,28.18896],[-105.50873,28.188836],[-105.508972,28.18874],[-105.509302,28.188663],[-105.509707,28.188556],[-105.508968,28.19086]]]}},{"type":"Feature","properties":{"modulo":5,"idparcela":"3353","productor":"FERNANDEZ CELIS LORENZO","cultivo":null,"superficie_fisica_ha":6.7889,"superficie_riego_ha":6.7889,"hectareas":0},"geometry":{"type":"Polygon","coordinates":[[[-105.50378,28.189385],[-105.503339,28.18926],[-105.502703,28.189067],[-105.502763,28.18895],[-105.502806,28.188922],[-105.502865,28.188908],[-105.50527,28.188921],[-105.506673,28.188915],[-105.506697,28.189828],[-105.506736,28.19022],[-105.50378,28.189385]]]}},{"type":"Feature","properties":{"modulo":5,"idparcela":"3366","productor":"CELIS PAYAN RAMIRO","cultivo":null,"superficie_fisica_ha":6.325,"superficie_riego_ha":6.325,"hectareas":0},"geometry":{"type":"Polygon","coordinates":[[[-105.506251,28.192013],[-105.503146,28.191127],[-105.50378,28.189385],[-105.506736,28.19022],[-105.507031,28.190332],[-105.506251,28.192013]]]}},{"type":"Feature","properties":{"modulo":5,"idparcela":"3356","productor":"LOYA SANCHEZ ARTURO","cultivo":null,"superficie_fisica_ha":8.375,"superficie_riego_ha":6.7996,"hectareas":0},"geometry":{"type":"Polygon","coordinates":[[[-105.51082,28.191413],[-105.512732,28.189035],[-105.514803,28.189413],[-105.512937,28.191658],[-105.512832,28.191794],[-105.512685,28.191987],[-105.51082,28.191413]]]}},{"type":"Feature","properties":{"modulo":5,"idparcela":"3351","productor":"ESPARZA PANDO HERMILA","cultivo":null,"superficie_fisica_ha":4.9931,"superficie_riego_ha":4.9931,"hectareas":0},"geometry":{"type":"Polygon","coordinates":[[[-105.498432,28.18781],[-105.498805,28.187035],[-105.499875,28.187573],[-105.501048,28.188155],[-105.500723,28.188557],[-105.498432,28.18781]]]}},{"type":"Feature","properties":{"modulo":5,"idparcela":"3350","productor":"IBARRA HERNANDEZ PABLO","cultivo":null,"superficie_fisica_ha":4.9,"superficie_riego_ha":4.9,"hectareas":0},"geometry":{"type":"Polygon","coordinates":[[[-105.49605,28.18719],[-105.496405,28.186439],[-105.496722,28.186426],[-105.497025,28.186443],[-105.497425,28.186515],[-105.497778,28.186604],[-105.498003,28.186674],[-105.498309,28.186785],[-105.498805,28.187035],[-105.498432,28.18781],[-105.498059,28.187713],[-105.49605,28.18719]]]}},{"type":"Feature","properties":{"modulo":5,"idparcela":"3348","productor":"GUADERRAMA PORTILLO MA.DL ROSARIO","cultivo":null,"superficie_fisica_ha":1.0228,"superficie_riego_ha":1.0228,"hectareas":0},"geometry":{"type":"Polygon","coordinates":[[[-105.494727,28.18648],[-105.494927,28.186512],[-105.495084,28.186527],[-105.495284,28.186523],[-105.495531,28.186508],[-105.495862,28.186477],[-105.496405,28.186439],[-105.49605,28.18719],[-105.495163,28.186934],[-105.495077,28.186915],[-105.49455,28.186704],[-105.494353,28.186626],[-105.494349,28.186539],[-105.494374,28.186493],[-105.494414,28.186466],[-105.494473,28.186454],[-105.494545,28.186456],[-105.494613,28.186463],[-105.494727,28.18648]]]}},{"type":"Feature","properties":{"modulo":5,"idparcela":"3363","productor":"RANGEL SALCIDO JUAN CARLOS","cultivo":null,"superficie_fisica_ha":5.9464,"superficie_riego_ha":5.9464,"hectareas":0},"geometry":{"type":"Polygon","coordinates":[[[-105.495163,28.186934],[-105.49605,28.18719],[-105.498059,28.187713],[-105.497248,28.189398],[-105.49648,28.189186],[-105.494653,28.18866],[-105.494541,28.188614],[-105.494503,28.188517],[-105.494494,28.188366],[-105.494501,28.188236],[-105.494554,28.188115],[-105.495163,28.186934]]]}},{"type":"Feature","properties":{"modulo":5,"idparcela":"3349","productor":"LOYA TERRAZAS GUERRERO","cultivo":null,"superficie_fisica_ha":3.9992,"superficie_riego_ha":3.9992,"hectareas":0},"geometry":{"type":"Polygon","coordinates":[[[-105.501981,28.186133],[-105.500849,28.186077],[-105.499208,28.185976],[-105.497304,28.185895],[-105.496928,28.18548],[-105.495907,28.184366],[-105.49608,28.184379],[-105.496223,28.184408],[-105.496367,28.184452],[-105.496564,28.184516],[-105.496798,28.184589],[-105.498855,28.185195],[-105.501981,28.186133]]]}},{"type":"Feature","properties":{"modulo":5,"idparcela":"3350","productor":"IBARRA HERNANDEZ PABLO","cultivo":null,"superficie_fisica_ha":4.9,"superficie_riego_ha":4.9,"hectareas":0},"geometry":{"type":"Polygon","coordinates":[[[-105.499208,28.185976],[-105.498945,28.186677],[-105.498888,28.186854],[-105.498627,28.186721],[-105.498422,28.186637],[-105.498129,28.186536],[-105.497837,28.186435],[-105.497624,28.186374],[-105.497359,28.186328],[-105.497076,28.186285],[-105.49681,28.186275],[-105.496647,28.186274],[-105.49652,28.186267],[-105.496627,28.186057],[-105.496928,28.18548],[-105.497304,28.185895],[-105.499208,28.185976]]]}},{"type":"Feature","properties":{"modulo":5,"idparcela":"3351","productor":"ESPARZA PANDO HERMILA","cultivo":null,"superficie_fisica_ha":4.9931,"superficie_riego_ha":4.9931,"hectareas":0},"geometry":{"type":"Polygon","coordinates":[[[-105.498888,28.186854],[-105.498945,28.186677],[-105.499208,28.185976],[-105.500849,28.186077],[-105.501981,28.186133],[-105.502202,28.186206],[-105.502543,28.186325],[-105.501989,28.187025],[-105.501172,28.188012],[-105.499999,28.187418],[-105.498888,28.186854]]]}},{"type":"Feature","properties":{"modulo":5,"idparcela":"3354","productor":"AGUILAR GOMEZ PORFIRIO","cultivo":null,"superficie_fisica_ha":7.2761,"superficie_riego_ha":7.2761,"hectareas":0},"geometry":{"type":"Polygon","coordinates":[[[-105.508119,28.188774],[-105.507903,28.188795],[-105.507643,28.188788],[-105.507349,28.188775],[-105.506993,28.18875],[-105.506742,28.188741],[-105.506687,28.187588],[-105.509512,28.188431],[-105.509387,28.188453],[-105.509212,28.188482],[-105.508958,28.188522],[-105.508739,28.188579],[-105.508506,28.188653],[-105.508303,28.188717],[-105.508119,28.188774]]]}},{"type":"Feature","properties":{"modulo":5,"idparcela":"3353","productor":"FERNANDEZ CELIS LORENZO","cultivo":null,"superficie_fisica_ha":6.7889,"superficie_riego_ha":6.7889,"hectareas":0},"geometry":{"type":"Polygon","coordinates":[[[-105.503928,28.188742],[-105.504611,28.186964],[-105.506112,28.187424],[-105.506687,28.187588],[-105.506742,28.188741],[-105.506576,28.188736],[-105.506324,28.188735],[-105.505974,28.18874],[-105.50545,28.188733],[-105.504854,28.188736],[-105.504266,28.188735],[-105.503928,28.188742]]]}},{"type":"Feature","properties":{"modulo":5,"idparcela":"3364","productor":"ENRIQUEZ OROZCO ROGELIO","cultivo":null,"superficie_fisica_ha":6.325,"superficie_riego_ha":6.325,"hectareas":0},"geometry":{"type":"Polygon","coordinates":[[[-105.500996,28.18865],[-105.500914,28.188776],[-105.500282,28.190295],[-105.497248,28.189398],[-105.498059,28.187713],[-105.498432,28.18781],[-105.500723,28.188557],[-105.500996,28.18865]]]}},{"type":"Feature","properties":{"modulo":5,"idparcela":"3347","productor":"GUADERRAMA PORTILLO M. DEL ROSARI","cultivo":null,"superficie_fisica_ha":4.3171,"superficie_riego_ha":4.3171,"hectareas":0},"geometry":{"type":"Polygon","coordinates":[[[-105.493971,28.186396],[-105.493768,28.18641],[-105.493541,28.186387],[-105.493154,28.186272],[-105.492635,28.186059],[-105.49192,28.185782],[-105.492003,28.185637],[-105.492065,28.185525],[-105.492129,28.185369],[-105.492173,28.18522],[-105.492241,28.185212],[-105.493987,28.184825],[-105.493971,28.186396]]]}},{"type":"Feature","properties":{"modulo":5,"idparcela":"3342","productor":"CHAVEZ CORRAL PABLO","cultivo":null,"superficie_fisica_ha":4.8745,"superficie_riego_ha":4.8745,"hectareas":0},"geometry":{"type":"Polygon","coordinates":[[[-105.516322,28.18728],[-105.515852,28.18941],[-105.513726,28.189023],[-105.513438,28.188998],[-105.513892,28.18686],[-105.516322,28.18728]]]}},{"type":"Feature","properties":{"modulo":5,"idparcela":"3338","productor":"ENRIQUEZ OROZCO ROGELIO","cultivo":null,"superficie_fisica_ha":5.9251,"superficie_riego_ha":5.9251,"hectareas":0},"geometry":{"type":"Polygon","coordinates":[[[-105.51679,28.185164],[-105.516732,28.185428],[-105.516322,28.18728],[-105.513892,28.18686],[-105.513977,28.186501],[-105.514333,28.184996],[-105.514395,28.184734],[-105.51679,28.185164]]]}},{"type":"Feature","properties":{"modulo":5,"idparcela":"3337","productor":"ANDUJO URANGA GILBERTO","cultivo":null,"superficie_fisica_ha":6,"superficie_riego_ha":6,"hectareas":0},"geometry":{"type":"Polygon","coordinates":[[[-105.513892,28.18686],[-105.512866,28.186675],[-105.511465,28.186448],[-105.51185,28.18458],[-105.511914,28.184296],[-105.514395,28.184734],[-105.514333,28.184996],[-105.513977,28.186501],[-105.513892,28.18686]]]}},{"type":"Feature","properties":{"modulo":5,"idparcela":"3344","productor":"HERNANDEZ GINEZ BLAS","cultivo":null,"superficie_fisica_ha":3.45,"superficie_riego_ha":3.45,"hectareas":0},"geometry":{"type":"Polygon","coordinates":[[[-105.494386,28.184067],[-105.494458,28.18403],[-105.496029,28.183486],[-105.496467,28.183354],[-105.496187,28.184299],[-105.496035,28.184286],[-105.495924,28.184292],[-105.495741,28.184323],[-105.495413,28.184394],[-105.494776,28.184552],[-105.494382,28.184655],[-105.494386,28.184067]]]}},{"type":"Feature","properties":{"modulo":5,"idparcela":"3346","productor":"GINEZ GARCIA TORIBIO","cultivo":null,"superficie_fisica_ha":3.5104,"superficie_riego_ha":3.3469,"hectareas":0},"geometry":{"type":"Polygon","coordinates":[[[-105.495216,28.186361],[-105.495005,28.186361],[-105.494704,28.18632],[-105.494376,28.186258],[-105.494388,28.184723],[-105.494604,28.184662],[-105.495037,28.18455],[-105.495825,28.184372],[-105.496841,28.185491],[-105.496452,28.186269],[-105.49622,28.186283],[-105.495931,28.186289],[-105.495424,28.186337],[-105.495216,28.186361]]]}},{"type":"Feature","properties":{"modulo":5,"idparcela":"3345","productor":"LOYA TERRAZAS GUERRERO","cultivo":null,"superficie_fisica_ha":5.63,"superficie_riego_ha":5.63,"hectareas":0},"geometry":{"type":"Polygon","coordinates":[[[-105.499188,28.185172],[-105.496683,28.184449],[-105.497113,28.183158],[-105.497715,28.182939],[-105.498461,28.182665],[-105.498869,28.182832],[-105.499765,28.18316],[-105.499188,28.185172]]]}},{"type":"Feature","properties":{"modulo":5,"idparcela":"2055","productor":"TORRES GUEVARA FERNANDO","cultivo":null,"superficie_fisica_ha":5.3815,"superficie_riego_ha":5.3815,"hectareas":0},"geometry":{"type":"Polygon","coordinates":[[[-105.501921,28.183904],[-105.502825,28.184136],[-105.503726,28.184371],[-105.504458,28.184539],[-105.503818,28.186629],[-105.502642,28.186274],[-105.50215,28.18611],[-105.501365,28.185855],[-105.501921,28.183904]]]}},{"type":"Feature","properties":{"modulo":5,"idparcela":"2057","productor":"BURROLA FLORES CESAR","cultivo":null,"superficie_fisica_ha":5.75,"superficie_riego_ha":5.75,"hectareas":0},"geometry":{"type":"Polygon","coordinates":[[[-105.504458,28.184539],[-105.503726,28.184371],[-105.502825,28.184136],[-105.501921,28.183904],[-105.502017,28.183556],[-105.502415,28.182151],[-105.502559,28.18214],[-105.503035,28.182121],[-105.504796,28.182074],[-105.505037,28.18208],[-105.505079,28.1821],[-105.505093,28.182146],[-105.505092,28.182206],[-105.505063,28.182405],[-105.504458,28.184539]]]}},{"type":"Feature","properties":{"modulo":5,"idparcela":"2056","productor":"ANTILLON RUIZ RAYMUNDO","cultivo":null,"superficie_fisica_ha":4.3,"superficie_riego_ha":4.3,"hectareas":0},"geometry":{"type":"Polygon","coordinates":[[[-105.501921,28.183904],[-105.501383,28.183725],[-105.500597,28.183442],[-105.499765,28.18316],[-105.498869,28.182832],[-105.498461,28.182665],[-105.499938,28.182164],[-105.500036,28.182249],[-105.500144,28.182314],[-105.500294,28.182348],[-105.500441,28.182376],[-105.50057,28.182392],[-105.500742,28.182397],[-105.500905,28.182371],[-105.501038,28.182333],[-105.501134,28.182299],[-105.501219,28.182255],[-105.501323,28.182211],[-105.501442,28.182171],[-105.501572,28.18215],[-105.502415,28.182151],[-105.502017,28.183556],[-105.501921,28.183904]]]}},{"type":"Feature","properties":{"modulo":5,"idparcela":"3340","productor":"GONZALEZ VALDEZ EMMANUEL LORETO","cultivo":null,"superficie_fisica_ha":6,"superficie_riego_ha":6,"hectareas":0},"geometry":{"type":"Polygon","coordinates":[[[-105.509068,28.18596],[-105.510067,28.186172],[-105.511465,28.186448],[-105.511075,28.188244],[-105.51083,28.188139],[-105.510587,28.188052],[-105.51043,28.188018],[-105.510289,28.188037],[-105.51013,28.188099],[-105.509981,28.188191],[-105.509869,28.188269],[-105.509716,28.18833],[-105.509598,28.188331],[-105.508574,28.188018],[-105.509068,28.18596]]]}},{"type":"Feature","properties":{"modulo":5,"idparcela":"2051","productor":"BURROLA FLORES CESAR","cultivo":null,"superficie_fisica_ha":5.9,"superficie_riego_ha":5.9,"hectareas":0},"geometry":{"type":"Polygon","coordinates":[[[-105.509571,28.18384],[-105.509512,28.184087],[-105.50915,28.185596],[-105.509068,28.18596],[-105.506733,28.185177],[-105.507254,28.183342],[-105.507328,28.18308],[-105.507961,28.183295],[-105.508172,28.183365],[-105.508345,28.183428],[-105.508786,28.183574],[-105.509571,28.18384]]]}},{"type":"Feature","properties":{"modulo":5,"idparcela":"2052","productor":"BURROLA FLORES CESAR","cultivo":null,"superficie_fisica_ha":5.85,"superficie_riego_ha":5.85,"hectareas":0},"geometry":{"type":"Polygon","coordinates":[[[-105.504458,28.184539],[-105.505063,28.182405],[-105.506142,28.182706],[-105.507328,28.18308],[-105.507254,28.183342],[-105.506733,28.185177],[-105.504458,28.184539]]]}},{"type":"Feature","properties":{"modulo":5,"idparcela":"3336","productor":"MARTINEZ ESPARZA ENRIQUE","cultivo":null,"superficie_fisica_ha":6,"superficie_riego_ha":6,"hectareas":0},"geometry":{"type":"Polygon","coordinates":[[[-105.511465,28.186448],[-105.510067,28.186172],[-105.509068,28.18596],[-105.50915,28.185596],[-105.509512,28.184087],[-105.509571,28.18384],[-105.510055,28.183937],[-105.511914,28.184296],[-105.51185,28.18458],[-105.511465,28.186448]]]}},{"type":"Feature","properties":{"modulo":5,"idparcela":"3341","productor":"FUENTES CARRILLO RAMON","cultivo":null,"superficie_fisica_ha":6.125,"superficie_riego_ha":6.125,"hectareas":0},"geometry":{"type":"Polygon","coordinates":[[[-105.511465,28.186448],[-105.512866,28.186675],[-105.513892,28.18686],[-105.513438,28.188998],[-105.513165,28.188979],[-105.512669,28.188894],[-105.512324,28.188829],[-105.512077,28.188775],[-105.511778,28.188686],[-105.511573,28.188606],[-105.511296,28.188428],[-105.511075,28.188244],[-105.511465,28.186448]]]}},{"type":"Feature","properties":{"modulo":5,"idparcela":"2058","productor":"LOYA TERRAZAS GUERRERO","cultivo":null,"superficie_fisica_ha":6,"superficie_riego_ha":6,"hectareas":0},"geometry":{"type":"Polygon","coordinates":[[[-105.506733,28.185177],[-105.506457,28.186123],[-105.506124,28.187318],[-105.503818,28.186629],[-105.504458,28.184539],[-105.506733,28.185177]]]}},{"type":"Feature","properties":{"modulo":5,"idparcela":"3344","productor":"HERNANDEZ GINEZ BLAS","cultivo":null,"superficie_fisica_ha":3.45,"superficie_riego_ha":3.45,"hectareas":0},"geometry":{"type":"Polygon","coordinates":[[[-105.496467,28.183354],[-105.497113,28.183158],[-105.496683,28.184449],[-105.496187,28.184299],[-105.496467,28.183354]]]}},{"type":"Feature","properties":{"modulo":5,"idparcela":"3343","productor":"SILVA MUóIZ LUCIA","cultivo":null,"superficie_fisica_ha":5.75,"superficie_riego_ha":5.75,"hectareas":0},"geometry":{"type":"Polygon","coordinates":[[[-105.516322,28.18728],[-105.518668,28.187728],[-105.518186,28.189779],[-105.518108,28.189842],[-105.515852,28.18941],[-105.516322,28.18728]]]}},{"type":"Feature","properties":{"modulo":5,"idparcela":"3339","productor":"LOYA SANCHEZ ARTURO","cultivo":null,"superficie_fisica_ha":5.75,"superficie_riego_ha":5.75,"hectareas":0},"geometry":{"type":"Polygon","coordinates":[[[-105.51679,28.185164],[-105.519146,28.185627],[-105.518668,28.187728],[-105.516322,28.18728],[-105.516732,28.185428],[-105.51679,28.185164]]]}},{"type":"Feature","properties":{"modulo":5,"idparcela":"2054","productor":"FLORES DE ANDA ROBERTO","cultivo":null,"superficie_fisica_ha":5.6,"superficie_riego_ha":5.6,"hectareas":0},"geometry":{"type":"Polygon","coordinates":[[[-105.499765,28.18316],[-105.500597,28.183442],[-105.501383,28.183725],[-105.501921,28.183904],[-105.501365,28.185855],[-105.499188,28.185172],[-105.499765,28.18316]]]}},{"type":"Feature","properties":{"modulo":5,"idparcela":"3148","productor":"BURROLA MU¥OZ JOSE LUIS","cultivo":null,"superficie_fisica_ha":5.8,"superficie_riego_ha":5.5,"hectareas":0},"geometry":{"type":"Polygon","coordinates":[[[-105.539646,28.182169],[-105.53909,28.182056],[-105.538044,28.181869],[-105.538263,28.180761],[-105.538346,28.180377],[-105.542011,28.181078],[-105.541875,28.181747],[-105.54174,28.182488],[-105.539646,28.182169]]]}},{"type":"Feature","properties":{"modulo":5,"idparcela":"2982","productor":"CHAVARRIA VIGIL PEDRO","cultivo":null,"superficie_fisica_ha":6.475,"superficie_riego_ha":6.475,"hectareas":0},"geometry":{"type":"Polygon","coordinates":[[[-105.540336,28.188014],[-105.540217,28.18806],[-105.539051,28.187809],[-105.53845,28.187672],[-105.538709,28.186388],[-105.53905,28.184872],[-105.541171,28.185318],[-105.541149,28.185412],[-105.540336,28.188014]]]}},{"type":"Feature","properties":{"modulo":5,"idparcela":"2983","productor":"PAYAN VAZQUEZ MARIA ELENA","cultivo":null,"superficie_fisica_ha":8.2436,"superficie_riego_ha":8.2436,"hectareas":0},"geometry":{"type":"Polygon","coordinates":[[[-105.540336,28.188014],[-105.541149,28.185412],[-105.541171,28.185318],[-105.541372,28.184463],[-105.543104,28.184712],[-105.543013,28.184844],[-105.542895,28.185008],[-105.542732,28.185235],[-105.542645,28.185352],[-105.542563,28.185407],[-105.542124,28.18576],[-105.542073,28.185842],[-105.541993,28.186068],[-105.541875,28.186276],[-105.541682,28.186565],[-105.541497,28.186738],[-105.541319,28.187009],[-105.541141,28.187298],[-105.540993,28.187489],[-105.540872,28.187579],[-105.540336,28.188014]],[[-105.540336,28.188014],[-105.540368,28.188294],[-105.540289,28.188591],[-105.540184,28.188902],[-105.540068,28.188986],[-105.539898,28.189063],[-105.539635,28.189154],[-105.539313,28.189345],[-105.538952,28.189509],[-105.538642,28.189628],[-105.538227,28.189801],[-105.538,28.189902],[-105.53845,28.187672],[-105.539051,28.187809],[-105.540217,28.18806],[-105.540336,28.188014]]]}},{"type":"Feature","properties":{"modulo":5,"idparcela":"2981","productor":"LOPEZ SILVA MARIA DEL CARMEN","cultivo":null,"superficie_fisica_ha":8.5,"superficie_riego_ha":7.64,"hectareas":0},"geometry":{"type":"Polygon","coordinates":[[[-105.536213,28.186825],[-105.536316,28.186888],[-105.536404,28.186932],[-105.53646,28.186943],[-105.536502,28.186918],[-105.536545,28.186717],[-105.536609,28.186497],[-105.536703,28.186456],[-105.538089,28.186392],[-105.538709,28.186388],[-105.53845,28.187672],[-105.538,28.189902],[-105.537904,28.190082],[-105.53771,28.190284],[-105.537556,28.190506],[-105.537391,28.190719],[-105.537244,28.190864],[-105.537143,28.190976],[-105.537032,28.191062],[-105.53685,28.191157],[-105.53664,28.189658],[-105.536419,28.188095],[-105.536345,28.187581],[-105.536213,28.186825]]]}},{"type":"Feature","properties":{"modulo":5,"idparcela":"2977","productor":"GINER CARRASCO JOSE FRANCISCO","cultivo":null,"superficie_fisica_ha":8.325,"superficie_riego_ha":7,"hectareas":0},"geometry":{"type":"Polygon","coordinates":[[[-105.538044,28.181869],[-105.53909,28.182056],[-105.539646,28.182169],[-105.539517,28.182714],[-105.539407,28.18321],[-105.538807,28.183193],[-105.538071,28.183185],[-105.538018,28.183331],[-105.537774,28.183887],[-105.537391,28.183877],[-105.537029,28.183862],[-105.536593,28.183847],[-105.536009,28.183827],[-105.53586,28.183815],[-105.535744,28.183789],[-105.535643,28.183736],[-105.535591,28.183642],[-105.535559,28.183492],[-105.535298,28.181401],[-105.53555,28.181445],[-105.536366,28.181589],[-105.538044,28.181869]]]}},{"type":"Feature","properties":{"modulo":5,"idparcela":"2984","productor":"GOMEZ DOMINGUEZ JOSE LUIS","cultivo":null,"superficie_fisica_ha":9.7101,"superficie_riego_ha":7.9294,"hectareas":0},"geometry":{"type":"Polygon","coordinates":[[[-105.540068,28.188986],[-105.540055,28.189326],[-105.540033,28.189707],[-105.539907,28.190205],[-105.539762,28.1906],[-105.539569,28.191059],[-105.539275,28.191451],[-105.538859,28.191754],[-105.538422,28.191977],[-105.537606,28.192319],[-105.53719,28.192458],[-105.537095,28.192442],[-105.537041,28.192378],[-105.537006,28.192249],[-105.53685,28.191157],[-105.537032,28.191062],[-105.537143,28.190976],[-105.537244,28.190864],[-105.537391,28.190719],[-105.537556,28.190506],[-105.53771,28.190284],[-105.537904,28.190082],[-105.538,28.189902],[-105.538227,28.189801],[-105.538642,28.189628],[-105.538952,28.189509],[-105.539313,28.189345],[-105.539635,28.189154],[-105.539898,28.189063],[-105.540068,28.188986]]]}},{"type":"Feature","properties":{"modulo":5,"idparcela":"3146","productor":"APODACA LOZOYA RAMON","cultivo":null,"superficie_fisica_ha":5.875,"superficie_riego_ha":5.875,"hectareas":0},"geometry":{"type":"Polygon","coordinates":[[[-105.538911,28.177613],[-105.539879,28.17781],[-105.540569,28.177952],[-105.541223,28.178092],[-105.541825,28.178217],[-105.541981,28.178213],[-105.542307,28.178085],[-105.542745,28.177904],[-105.542638,28.178332],[-105.542486,28.179052],[-105.542354,28.17965],[-105.538645,28.179015],[-105.538911,28.177613]]]}},{"type":"Feature","properties":{"modulo":5,"idparcela":"3142","productor":"LOPEZ CARRASCO HORACIO","cultivo":null,"superficie_fisica_ha":9.5,"superficie_riego_ha":9.5,"hectareas":0},"geometry":{"type":"Polygon","coordinates":[[[-105.536304,28.17352],[-105.536401,28.173481],[-105.536698,28.173327],[-105.537161,28.173107],[-105.537371,28.173091],[-105.540695,28.173112],[-105.540753,28.173209],[-105.540847,28.173256],[-105.541041,28.17326],[-105.541253,28.173214],[-105.541473,28.173144],[-105.541906,28.173118],[-105.541627,28.173378],[-105.541275,28.173664],[-105.541031,28.173852],[-105.540372,28.174117],[-105.539914,28.174256],[-105.539697,28.174355],[-105.539596,28.174404],[-105.538575,28.174801],[-105.538093,28.175073],[-105.537848,28.17521],[-105.537299,28.175221],[-105.536283,28.175237],[-105.536284,28.175177],[-105.536285,28.175117],[-105.5363,28.174037],[-105.536304,28.17352]]]}},{"type":"Feature","properties":{"modulo":5,"idparcela":"3143","productor":"SOCIEDAD AGRICOLA GINER SPR DE RL Y CV","cultivo":null,"superficie_fisica_ha":9.5,"superficie_riego_ha":9.5,"hectareas":0},"geometry":{"type":"Polygon","coordinates":[[[-105.536309,28.172454],[-105.536308,28.172873],[-105.536309,28.173235],[-105.536304,28.17352],[-105.5363,28.174037],[-105.536285,28.175117],[-105.536284,28.175177],[-105.536283,28.175237],[-105.537299,28.175221],[-105.537848,28.17521],[-105.536668,28.176248],[-105.536281,28.176718],[-105.536021,28.177111],[-105.535919,28.177266],[-105.535701,28.177635],[-105.535439,28.17808],[-105.535284,28.178344],[-105.535124,28.178615],[-105.53507,28.17866],[-105.534937,28.178668],[-105.534854,28.17865],[-105.534807,28.178583],[-105.534633,28.17746],[-105.534433,28.17645],[-105.534188,28.175341],[-105.534133,28.17517],[-105.534129,28.175035],[-105.534187,28.174926],[-105.534316,28.174772],[-105.534719,28.174292],[-105.535706,28.173151],[-105.536309,28.172454]]]}},{"type":"Feature","properties":{"modulo":5,"idparcela":"3140","productor":"SOCIEDAD AGRICOLA GINER SPR DE RL Y CV","cultivo":null,"superficie_fisica_ha":9.5,"superficie_riego_ha":9.5,"hectareas":0},"geometry":{"type":"Polygon","coordinates":[[[-105.536304,28.17352],[-105.536309,28.173235],[-105.536308,28.172873],[-105.536309,28.172454],[-105.537106,28.171558],[-105.537523,28.171078],[-105.539977,28.171402],[-105.541921,28.171683],[-105.542408,28.171733],[-105.542808,28.171751],[-105.543168,28.171787],[-105.543386,28.171776],[-105.541906,28.173118],[-105.541473,28.173144],[-105.541253,28.173214],[-105.541041,28.17326],[-105.540847,28.173256],[-105.540753,28.173209],[-105.540695,28.173112],[-105.537371,28.173091],[-105.537161,28.173107],[-105.536698,28.173327],[-105.536401,28.173481],[-105.536304,28.17352]]]}},{"type":"Feature","properties":{"modulo":5,"idparcela":"3141","productor":"FLORES AGUILAR ENRIQUE","cultivo":null,"superficie_fisica_ha":8.875,"superficie_riego_ha":8.875,"hectareas":0},"geometry":{"type":"Polygon","coordinates":[[[-105.539566,28.174784],[-105.539603,28.174548],[-105.539596,28.174404],[-105.539697,28.174355],[-105.539914,28.174256],[-105.540372,28.174117],[-105.541031,28.173852],[-105.541275,28.173664],[-105.541627,28.173378],[-105.541906,28.173118],[-105.543386,28.171776],[-105.543488,28.17174],[-105.543774,28.171625],[-105.543872,28.171612],[-105.543958,28.17163],[-105.544023,28.171675],[-105.54404,28.17175],[-105.544025,28.171868],[-105.54378,28.172963],[-105.543623,28.173788],[-105.543254,28.175428],[-105.539566,28.174784]]]}},{"type":"Feature","properties":{"modulo":5,"idparcela":"3152","productor":"CONTRERAS TARIN MAURILIO","cultivo":null,"superficie_fisica_ha":5.4908,"superficie_riego_ha":3.54,"hectareas":0},"geometry":{"type":"Polygon","coordinates":[[[-105.53555,28.181445],[-105.535957,28.17949],[-105.53846,28.179889],[-105.538346,28.180377],[-105.538263,28.180761],[-105.538044,28.181869],[-105.536366,28.181589],[-105.53555,28.181445]]]}},{"type":"Feature","properties":{"modulo":5,"idparcela":"3149","productor":"BURROLA FLORES OSWALDO","cultivo":null,"superficie_fisica_ha":3.6122,"superficie_riego_ha":3.6122,"hectareas":0},"geometry":{"type":"Polygon","coordinates":[[[-105.536668,28.176248],[-105.537848,28.17521],[-105.538093,28.175073],[-105.538575,28.174801],[-105.539596,28.174404],[-105.539603,28.174548],[-105.539566,28.174784],[-105.539191,28.176491],[-105.536668,28.176248]]]}},{"type":"Feature","properties":{"modulo":5,"idparcela":"3144","productor":"VILLA RIVERA OSCAR","cultivo":null,"superficie_fisica_ha":5.825,"superficie_riego_ha":5.825,"hectareas":0},"geometry":{"type":"Polygon","coordinates":[[[-105.539566,28.174784],[-105.543254,28.175428],[-105.542982,28.176852],[-105.541658,28.176647],[-105.540818,28.176511],[-105.54023,28.176424],[-105.539849,28.176383],[-105.539574,28.176356],[-105.539191,28.176491],[-105.539566,28.174784]]]}},{"type":"Feature","properties":{"modulo":5,"idparcela":"3145","productor":"QUINTANA CONTRERAS JOSE LUIS","cultivo":null,"superficie_fisica_ha":5.425,"superficie_riego_ha":5.425,"hectareas":0},"geometry":{"type":"Polygon","coordinates":[[[-105.538911,28.177613],[-105.538988,28.177217],[-105.53905,28.17691],[-105.539107,28.176651],[-105.539191,28.176491],[-105.539574,28.176356],[-105.539849,28.176383],[-105.54023,28.176424],[-105.540818,28.176511],[-105.541658,28.176647],[-105.542982,28.176852],[-105.542971,28.17691],[-105.542926,28.177058],[-105.542745,28.177904],[-105.542307,28.178085],[-105.541981,28.178213],[-105.541825,28.178217],[-105.541223,28.178092],[-105.540569,28.177952],[-105.539879,28.17781],[-105.538911,28.177613]]]}},{"type":"Feature","properties":{"modulo":5,"idparcela":"3147","productor":"AGUILAR PEREZ JOSE","cultivo":null,"superficie_fisica_ha":5.9,"superficie_riego_ha":5.9,"hectareas":0},"geometry":{"type":"Polygon","coordinates":[[[-105.542354,28.17965],[-105.542011,28.181078],[-105.538346,28.180377],[-105.53846,28.179889],[-105.538515,28.179611],[-105.538645,28.179015],[-105.542354,28.17965]]]}},{"type":"Feature","properties":{"modulo":5,"idparcela":"3104","productor":"MARMOLEJO GONZALEZ JESUS","cultivo":null,"superficie_fisica_ha":3.3372,"superficie_riego_ha":3.3372,"hectareas":0},"geometry":{"type":"Polygon","coordinates":[[[-105.544587,28.163112],[-105.545192,28.162108],[-105.54566,28.161375],[-105.545865,28.161058],[-105.545971,28.160905],[-105.546087,28.160719],[-105.54626,28.160537],[-105.546718,28.160155],[-105.546431,28.161372],[-105.54594,28.164017],[-105.545918,28.164117],[-105.545713,28.163999],[-105.545581,28.163929],[-105.544445,28.163336],[-105.544587,28.163112]]]}},{"type":"Feature","properties":{"modulo":5,"idparcela":"3134","productor":"MARQUEZ GUTIERREZ MARCO ANTONIO","cultivo":null,"superficie_fisica_ha":9.3,"superficie_riego_ha":9.3,"hectareas":0},"geometry":{"type":"Polygon","coordinates":[[[-105.539635,28.157132],[-105.539512,28.157366],[-105.539367,28.157627],[-105.539231,28.15761],[-105.539098,28.157604],[-105.539013,28.157606],[-105.538948,28.157641],[-105.538893,28.15769],[-105.538843,28.15778],[-105.538264,28.158892],[-105.537396,28.16054],[-105.536737,28.161731],[-105.536116,28.161459],[-105.535759,28.161299],[-105.535828,28.161174],[-105.535901,28.16105],[-105.535899,28.160958],[-105.535851,28.160894],[-105.535595,28.160767],[-105.535411,28.160675],[-105.535291,28.160614],[-105.535233,28.160565],[-105.535231,28.160499],[-105.535267,28.160425],[-105.535356,28.160292],[-105.535706,28.1598],[-105.536863,28.158244],[-105.537255,28.157704],[-105.537764,28.157022],[-105.539635,28.157132]]]}},{"type":"Feature","properties":{"modulo":5,"idparcela":"3270","productor":"MARQUEZ QUINONES MARCIAL","cultivo":null,"superficie_fisica_ha":10.1,"superficie_riego_ha":10.1,"hectareas":0},"geometry":{"type":"Polygon","coordinates":[[[-105.534248,28.174419],[-105.534149,28.174488],[-105.534072,28.174524],[-105.534013,28.174517],[-105.533975,28.174457],[-105.53396,28.174379],[-105.53396,28.174269],[-105.533994,28.174072],[-105.534054,28.17379],[-105.534127,28.173491],[-105.534325,28.173535],[-105.534523,28.173552],[-105.534743,28.173549],[-105.534965,28.173541],[-105.534858,28.173685],[-105.534643,28.173959],[-105.534382,28.174289],[-105.534248,28.174419]]]}},{"type":"Feature","properties":{"modulo":5,"idparcela":"3270","productor":"MARQUEZ QUINONES MARCIAL","cultivo":null,"superficie_fisica_ha":10.1,"superficie_riego_ha":10.1,"hectareas":0},"geometry":{"type":"Polygon","coordinates":[[[-105.53406,28.170389],[-105.533869,28.169668],[-105.533666,28.168856],[-105.533453,28.167839],[-105.53504,28.167561],[-105.535121,28.167605],[-105.535176,28.167686],[-105.535283,28.167848],[-105.53543,28.168055],[-105.53554,28.168281],[-105.535581,28.168524],[-105.535577,28.168732],[-105.535506,28.168985],[-105.535409,28.169247],[-105.53532,28.169518],[-105.53517,28.169888],[-105.535157,28.170146],[-105.535172,28.170361],[-105.535238,28.170646],[-105.535289,28.170781],[-105.53541,28.170846],[-105.535568,28.17087],[-105.535817,28.170933],[-105.536019,28.170981],[-105.536223,28.170972],[-105.536409,28.170955],[-105.536685,28.170936],[-105.536885,28.170932],[-105.537052,28.170954],[-105.536665,28.17141],[-105.536116,28.172068],[-105.535595,28.172677],[-105.53527,28.173078],[-105.535071,28.173308],[-105.534975,28.173403],[-105.534908,28.173436],[-105.534835,28.173443],[-105.534776,28.173427],[-105.534743,28.173391],[-105.534741,28.173349],[-105.534762,28.173299],[-105.534814,28.173246],[-105.534857,28.173159],[-105.534859,28.173073],[-105.534833,28.172946],[-105.534767,28.17269],[-105.534642,28.172246],[-105.534439,28.171669],[-105.534232,28.171011],[-105.53406,28.170389]]]}},{"type":"Feature","properties":{"modulo":5,"idparcela":"3139","productor":"MARQUEZ QUINONES GUILLERMO","cultivo":null,"superficie_fisica_ha":10.6,"superficie_riego_ha":10.6,"hectareas":0},"geometry":{"type":"Polygon","coordinates":[[[-105.542678,28.167605],[-105.542788,28.16751],[-105.542867,28.167406],[-105.542932,28.16729],[-105.543028,28.167143],[-105.543136,28.16701],[-105.543324,28.166803],[-105.543677,28.166441],[-105.543979,28.166128],[-105.545162,28.166795],[-105.544946,28.167677],[-105.544662,28.168843],[-105.544448,28.169806],[-105.544175,28.17106],[-105.544092,28.171428],[-105.54389,28.171318],[-105.543628,28.171201],[-105.54313,28.170964],[-105.542666,28.170741],[-105.542641,28.170309],[-105.54261,28.169947],[-105.542581,28.169695],[-105.542547,28.169558],[-105.542415,28.169454],[-105.541815,28.169161],[-105.541409,28.168964],[-105.541239,28.168867],[-105.5412,28.168819],[-105.541203,28.168764],[-105.541232,28.168699],[-105.541372,28.168518],[-105.541613,28.168263],[-105.541757,28.168142],[-105.541943,28.168027],[-105.542348,28.1678],[-105.542678,28.167605]]]}},{"type":"Feature","properties":{"modulo":5,"idparcela":"3269","productor":"SANCHEZ BERNAL JORGE LUIS","cultivo":null,"superficie_fisica_ha":11.6794,"superficie_riego_ha":10,"hectareas":0},"geometry":{"type":"Polygon","coordinates":[[[-105.532758,28.16377],[-105.532914,28.163536],[-105.53312,28.163274],[-105.533402,28.162908],[-105.533814,28.162354],[-105.53421,28.161844],[-105.534622,28.161263],[-105.535095,28.160641],[-105.53553,28.160851],[-105.535732,28.160956],[-105.535772,28.161004],[-105.535768,28.161063],[-105.535669,28.161241],[-105.535602,28.161212],[-105.53553,28.16118],[-105.535455,28.161156],[-105.535377,28.161156],[-105.535306,28.161177],[-105.535215,28.161309],[-105.535142,28.161453],[-105.535116,28.161515],[-105.534936,28.161886],[-105.53479,28.16218],[-105.53464,28.162537],[-105.534343,28.163257],[-105.534083,28.16386],[-105.533964,28.164148],[-105.533919,28.164301],[-105.533936,28.164429],[-105.53399,28.164569],[-105.534067,28.164735],[-105.534149,28.164926],[-105.534223,28.165105],[-105.534344,28.165421],[-105.534466,28.165696],[-105.534539,28.165867],[-105.534618,28.166041],[-105.534669,28.166199],[-105.534709,28.166413],[-105.534731,28.16664],[-105.534758,28.166824],[-105.534786,28.166941],[-105.534833,28.167067],[-105.534896,28.167219],[-105.535027,28.16745],[-105.53429,28.167583],[-105.533427,28.167745],[-105.533347,28.167442],[-105.533016,28.166008],[-105.532824,28.165225],[-105.532763,28.164944],[-105.532721,28.164748],[-105.532652,28.164458],[-105.532601,28.16425],[-105.532599,28.164107],[-105.532641,28.163988],[-105.532758,28.16377]]]}},{"type":"Feature","properties":{"modulo":5,"idparcela":"3275","productor":"GOMEZ ANCHONDO RAMON","cultivo":null,"superficie_fisica_ha":6.54,"superficie_riego_ha":6.54,"hectareas":0},"geometry":{"type":"Polygon","coordinates":[[[-105.543299,28.176037],[-105.545697,28.176251],[-105.546313,28.176354],[-105.546248,28.176724],[-105.546191,28.177121],[-105.546124,28.177663],[-105.546061,28.178051],[-105.546039,28.178178],[-105.545838,28.178454],[-105.542841,28.178127],[-105.542992,28.177425],[-105.543036,28.177278],[-105.543048,28.17722],[-105.543299,28.176037]]]}},{"type":"Feature","properties":{"modulo":5,"idparcela":"2973","productor":"IBARRA CHAVEZ VICTOR","cultivo":null,"superficie_fisica_ha":5.988,"superficie_riego_ha":5.988,"hectareas":0},"geometry":{"type":"Polygon","coordinates":[[[-105.545838,28.178454],[-105.545724,28.178578],[-105.54566,28.178624],[-105.54561,28.178682],[-105.545613,28.178739],[-105.545713,28.178855],[-105.545788,28.178944],[-105.545826,28.179065],[-105.545844,28.179254],[-105.545814,28.179414],[-105.545725,28.179591],[-105.545591,28.179693],[-105.545533,28.179766],[-105.545511,28.179896],[-105.542506,28.179629],[-105.542552,28.17942],[-105.542622,28.179265],[-105.542703,28.1787],[-105.542748,28.178521],[-105.54281,28.178272],[-105.542841,28.178127],[-105.545838,28.178454]]]}},{"type":"Feature","properties":{"modulo":5,"idparcela":"2968","productor":"RODRIGUEZ MARQUEZ MANUEL","cultivo":null,"superficie_fisica_ha":2.375,"superficie_riego_ha":2.375,"hectareas":0},"geometry":{"type":"Polygon","coordinates":[[[-105.551221,28.179878],[-105.550797,28.179906],[-105.550346,28.179424],[-105.549384,28.179442],[-105.54919,28.179501],[-105.549284,28.179383],[-105.549376,28.179256],[-105.54948,28.17913],[-105.549806,28.179223],[-105.550126,28.179216],[-105.550609,28.179217],[-105.550937,28.179217],[-105.551005,28.179178],[-105.551035,28.179015],[-105.551109,28.178941],[-105.551277,28.178807],[-105.552514,28.177755],[-105.552784,28.177997],[-105.552468,28.178197],[-105.552351,28.178312],[-105.552243,28.178442],[-105.55219,28.17853],[-105.552122,28.178639],[-105.552021,28.178821],[-105.551934,28.178971],[-105.551848,28.179147],[-105.551782,28.179332],[-105.551726,28.179504],[-105.551637,28.179744],[-105.551522,28.179825],[-105.551392,28.179856],[-105.551221,28.179878]]]}},{"type":"Feature","properties":{"modulo":5,"idparcela":"3097","productor":"TORRES DE LOPEZ GREGORIA","cultivo":null,"superficie_fisica_ha":8.062,"superficie_riego_ha":8.062,"hectareas":0},"geometry":{"type":"Polygon","coordinates":[[[-105.549932,28.174697],[-105.549616,28.175998],[-105.549589,28.176009],[-105.548792,28.176335],[-105.548062,28.176608],[-105.548023,28.176645],[-105.547939,28.176789],[-105.547856,28.176997],[-105.547743,28.177331],[-105.547016,28.177226],[-105.547036,28.176974],[-105.547007,28.176775],[-105.546964,28.176683],[-105.546917,28.176613],[-105.546852,28.176613],[-105.546521,28.176912],[-105.546191,28.177121],[-105.546248,28.176724],[-105.546313,28.176354],[-105.5465,28.175658],[-105.546803,28.174511],[-105.546964,28.173924],[-105.548998,28.174448],[-105.549833,28.174634],[-105.549609,28.174797],[-105.549317,28.175051],[-105.548931,28.175394],[-105.548561,28.175712],[-105.548248,28.175986],[-105.547967,28.176158],[-105.547653,28.176294],[-105.547271,28.176467],[-105.547135,28.176543],[-105.547207,28.176632],[-105.547409,28.17653],[-105.547699,28.176402],[-105.548008,28.176257],[-105.548177,28.176175],[-105.548357,28.176057],[-105.548601,28.175857],[-105.548954,28.17554],[-105.549329,28.175196],[-105.549794,28.174806],[-105.549932,28.174697]]]}},{"type":"Feature","properties":{"modulo":5,"idparcela":"3095","productor":"BURROLA FLORES JUAN CARLOS","cultivo":null,"superficie_fisica_ha":6.4,"superficie_riego_ha":5.8,"hectareas":0},"geometry":{"type":"Polygon","coordinates":[[[-105.547461,28.171521],[-105.547661,28.1706],[-105.547838,28.169706],[-105.548555,28.169856],[-105.549403,28.170006],[-105.550305,28.170219],[-105.551069,28.170361],[-105.551068,28.170362],[-105.550996,28.170599],[-105.550631,28.171792],[-105.550532,28.172114],[-105.550389,28.172086],[-105.547461,28.171521]]]}},{"type":"Feature","properties":{"modulo":5,"idparcela":"3130","productor":"TORRES GINEZ JESUS JOSE","cultivo":null,"superficie_fisica_ha":7.2,"superficie_riego_ha":6.066,"hectareas":0},"geometry":{"type":"Polygon","coordinates":[[[-105.547661,28.1706],[-105.547461,28.171521],[-105.547292,28.172415],[-105.546415,28.172689],[-105.546016,28.172727],[-105.545776,28.172683],[-105.545358,28.172522],[-105.54493,28.172479],[-105.54449,28.172426],[-105.544065,28.172351],[-105.544091,28.172236],[-105.54452,28.17036],[-105.544523,28.170346],[-105.547661,28.1706]]]}},{"type":"Feature","properties":{"modulo":5,"idparcela":"3131","productor":"TORRES HERNANDEZ DIONICIO","cultivo":null,"superficie_fisica_ha":5.796,"superficie_riego_ha":5.796,"hectareas":0},"geometry":{"type":"Polygon","coordinates":[[[-105.547292,28.172415],[-105.547036,28.173592],[-105.546964,28.173924],[-105.546803,28.174511],[-105.546644,28.174495],[-105.544138,28.174242],[-105.543707,28.174199],[-105.544065,28.172351],[-105.54449,28.172426],[-105.54493,28.172479],[-105.545358,28.172522],[-105.545776,28.172683],[-105.546016,28.172727],[-105.546415,28.172689],[-105.547292,28.172415]]]}},{"type":"Feature","properties":{"modulo":5,"idparcela":"3132","productor":"IBARRA CHAVEZ VICTOR","cultivo":null,"superficie_fisica_ha":6.475,"superficie_riego_ha":6.475,"hectareas":0},"geometry":{"type":"Polygon","coordinates":[[[-105.546313,28.176354],[-105.545697,28.176251],[-105.543299,28.176037],[-105.54349,28.175149],[-105.543707,28.174199],[-105.544138,28.174242],[-105.546644,28.174495],[-105.546803,28.174511],[-105.5465,28.175658],[-105.546313,28.176354]]]}},{"type":"Feature","properties":{"modulo":5,"idparcela":"0","productor":null,"cultivo":null,"superficie_fisica_ha":0,"superficie_riego_ha":0,"hectareas":0},"geometry":{"type":"Polygon","coordinates":[[[-105.54919,28.179501],[-105.549384,28.179442],[-105.550346,28.179424],[-105.550797,28.179906],[-105.551221,28.179878],[-105.551179,28.179998],[-105.551106,28.180179],[-105.550995,28.180414],[-105.550871,28.180595],[-105.55057,28.181176],[-105.550464,28.181346],[-105.55029,28.181396],[-105.550108,28.181417],[-105.549835,28.181441],[-105.549601,28.181451],[-105.549354,28.181468],[-105.549113,28.181479],[-105.548833,28.18148],[-105.548546,28.181451],[-105.548295,28.181463],[-105.548117,28.181507],[-105.547777,28.18167],[-105.547855,28.181444],[-105.547973,28.181188],[-105.548027,28.18107],[-105.548168,28.180853],[-105.548221,28.180772],[-105.548535,28.180378],[-105.54874,28.180016],[-105.548954,28.17974],[-105.54919,28.179501]]]}},{"type":"Feature","properties":{"modulo":5,"idparcela":"2969","productor":"LARA QUESADA SERGIO","cultivo":null,"superficie_fisica_ha":3,"superficie_riego_ha":3,"hectareas":0},"geometry":{"type":"Polygon","coordinates":[[[-105.55108,28.178061],[-105.55028,28.178648],[-105.550119,28.178757],[-105.549928,28.178875],[-105.549602,28.178976],[-105.549503,28.178985],[-105.549397,28.178971],[-105.549163,28.178925],[-105.548962,28.178879],[-105.548891,28.178857],[-105.548772,28.178826],[-105.548773,28.178777],[-105.548762,28.178699],[-105.548753,28.178579],[-105.548732,28.178472],[-105.548697,28.178338],[-105.54864,28.178219],[-105.548584,28.178109],[-105.548471,28.177888],[-105.548919,28.17758],[-105.549287,28.177343],[-105.549491,28.177252],[-105.549736,28.17708],[-105.550065,28.176808],[-105.550362,28.17659],[-105.550572,28.17695],[-105.550879,28.177445],[-105.551358,28.177696],[-105.55123,28.177859],[-105.55108,28.178061]]]}},{"type":"Feature","properties":{"modulo":5,"idparcela":"2974","productor":"GUTIERREZ CONTRERAS MANUEL","cultivo":null,"superficie_fisica_ha":5.425,"superficie_riego_ha":5.425,"hectareas":0},"geometry":{"type":"Polygon","coordinates":[[[-105.545511,28.179896],[-105.545498,28.180067],[-105.545452,28.180406],[-105.544762,28.181744],[-105.542109,28.181447],[-105.542343,28.180335],[-105.54242,28.180018],[-105.542506,28.179629],[-105.545511,28.179896]]]}},{"type":"Feature","properties":{"modulo":5,"idparcela":"2972","productor":"MARTINEZ DE LOS SANTOS RODOLFO","cultivo":null,"superficie_fisica_ha":2.38,"superficie_riego_ha":2.38,"hectareas":0},"geometry":{"type":"Polygon","coordinates":[[[-105.545452,28.180406],[-105.545558,28.180358],[-105.545629,28.180311],[-105.545679,28.180241],[-105.545762,28.180141],[-105.545922,28.180038],[-105.546045,28.180017],[-105.546165,28.180045],[-105.546167,28.180046],[-105.546674,28.180269],[-105.547003,28.180051],[-105.547082,28.180007],[-105.547202,28.179942],[-105.547328,28.179861],[-105.547372,28.17986],[-105.547436,28.179972],[-105.547345,28.180065],[-105.547172,28.18031],[-105.547046,28.180474],[-105.546953,28.180638],[-105.546854,28.180728],[-105.546717,28.18081],[-105.546594,28.180892],[-105.546336,28.181134],[-105.545941,28.181571],[-105.545772,28.18177],[-105.54564,28.181941],[-105.54558,28.18207],[-105.545455,28.182332],[-105.545326,28.182597],[-105.545244,28.182645],[-105.545156,28.182647],[-105.545047,28.182614],[-105.544921,28.182564],[-105.544764,28.18251],[-105.544883,28.182211],[-105.54494,28.182068],[-105.544947,28.181932],[-105.544907,28.181821],[-105.544762,28.181744],[-105.545452,28.180406]]]}},{"type":"Feature","properties":{"modulo":5,"idparcela":"3096","productor":"TORRES HERNANDEZ LUIS ALBERTO","cultivo":null,"superficie_fisica_ha":8.677,"superficie_riego_ha":8.077,"hectareas":0},"geometry":{"type":"Polygon","coordinates":[[[-105.550532,28.172114],[-105.549985,28.174527],[-105.549833,28.174634],[-105.548998,28.174448],[-105.546964,28.173924],[-105.547036,28.173592],[-105.547292,28.172415],[-105.547461,28.171521],[-105.550389,28.172086],[-105.550532,28.172114]]]}},{"type":"Feature","properties":{"modulo":5,"idparcela":"2964","productor":"BUENO QUINTANA ANTONIO","cultivo":null,"superficie_fisica_ha":4.775,"superficie_riego_ha":4.775,"hectareas":0},"geometry":{"type":"Polygon","coordinates":[[[-105.554107,28.17542],[-105.554062,28.175465],[-105.55389,28.175637],[-105.553746,28.175809],[-105.553473,28.175991],[-105.553217,28.176173],[-105.55302,28.176264],[-105.552723,28.176463],[-105.552539,28.176614],[-105.551939,28.177107],[-105.551358,28.177696],[-105.550879,28.177445],[-105.550572,28.17695],[-105.550362,28.17659],[-105.550492,28.17649],[-105.55069,28.176119],[-105.551071,28.175766],[-105.551526,28.175448],[-105.551722,28.175249],[-105.551951,28.175266],[-105.552114,28.175257],[-105.55266,28.175281],[-105.553632,28.175187],[-105.553731,28.175196],[-105.553816,28.175232],[-105.554107,28.17542]]]}},{"type":"Feature","properties":{"modulo":5,"idparcela":"9739","productor":"TORRES GOMEZ MARGARITA","cultivo":null,"superficie_fisica_ha":2.0995,"superficie_riego_ha":2.0995,"hectareas":0},"geometry":{"type":"Polygon","coordinates":[[[-105.552339,28.172538],[-105.553762,28.170899],[-105.55435,28.171051],[-105.553379,28.172862],[-105.552339,28.172538]]]}},{"type":"Feature","properties":{"modulo":5,"idparcela":"2961","productor":"ACOSTA CARRILLO ARTURO","cultivo":null,"superficie_fisica_ha":4.7505,"superficie_riego_ha":4.7505,"hectareas":0},"geometry":{"type":"Polygon","coordinates":[[[-105.551068,28.170362],[-105.551069,28.170361],[-105.553576,28.170901],[-105.553304,28.171234],[-105.552927,28.171656],[-105.552437,28.172226],[-105.552147,28.172568],[-105.550532,28.172114],[-105.550631,28.171792],[-105.550996,28.170599],[-105.551068,28.170362]]]}},{"type":"Feature","properties":{"modulo":5,"idparcela":"2971","productor":"URIBE DE LA O. ROSA JULIA","cultivo":null,"superficie_fisica_ha":6.825,"superficie_riego_ha":6.825,"hectareas":0},"geometry":{"type":"Polygon","coordinates":[[[-105.545511,28.179896],[-105.545533,28.179766],[-105.545591,28.179693],[-105.545725,28.179591],[-105.545814,28.179414],[-105.545844,28.179254],[-105.545826,28.179065],[-105.545788,28.178944],[-105.545713,28.178855],[-105.545613,28.178739],[-105.54561,28.178682],[-105.54566,28.178624],[-105.545724,28.178578],[-105.545838,28.178454],[-105.546039,28.178178],[-105.546061,28.178051],[-105.546124,28.177663],[-105.546191,28.177121],[-105.546521,28.176912],[-105.546852,28.176613],[-105.546917,28.176613],[-105.546964,28.176683],[-105.547007,28.176775],[-105.547036,28.176974],[-105.547016,28.177226],[-105.547743,28.177331],[-105.547856,28.176997],[-105.547939,28.176789],[-105.548023,28.176645],[-105.548062,28.176608],[-105.548792,28.176335],[-105.549589,28.176009],[-105.549616,28.175998],[-105.54927,28.177226],[-105.549287,28.177343],[-105.548919,28.17758],[-105.548471,28.177888],[-105.54841,28.177787],[-105.54836,28.17771],[-105.548285,28.177639],[-105.548192,28.177603],[-105.548075,28.177592],[-105.54798,28.177633],[-105.547861,28.177746],[-105.547763,28.177897],[-105.547374,28.178495],[-105.54636,28.179795],[-105.546165,28.180045],[-105.546045,28.180017],[-105.545922,28.180038],[-105.545762,28.180141],[-105.545679,28.180241],[-105.545629,28.180311],[-105.545558,28.180358],[-105.545452,28.180406],[-105.545498,28.180067],[-105.545511,28.179896]]]}},{"type":"Feature","properties":{"modulo":5,"idparcela":"2970","productor":"CARRASCO RUIZ FIDEL","cultivo":null,"superficie_fisica_ha":3.1,"superficie_riego_ha":3.1,"hectareas":0},"geometry":{"type":"Polygon","coordinates":[[[-105.548313,28.177776],[-105.548451,28.178011],[-105.548568,28.178207],[-105.548615,28.178312],[-105.548664,28.178454],[-105.54868,28.178592],[-105.548699,28.178768],[-105.548695,28.178913],[-105.548537,28.179019],[-105.548339,28.179138],[-105.548057,28.179348],[-105.547901,28.179489],[-105.547764,28.179609],[-105.547436,28.179972],[-105.547372,28.17986],[-105.547328,28.179861],[-105.547202,28.179942],[-105.547082,28.180007],[-105.547003,28.180051],[-105.546674,28.180269],[-105.546167,28.180046],[-105.546165,28.180045],[-105.54636,28.179795],[-105.547374,28.178495],[-105.547763,28.177897],[-105.547861,28.177746],[-105.54798,28.177633],[-105.548075,28.177592],[-105.548136,28.177668],[-105.548243,28.177709],[-105.548313,28.177776]]]}},{"type":"Feature","properties":{"modulo":5,"idparcela":"9559","productor":"GOMEZ PERALES LORENZO","cultivo":null,"superficie_fisica_ha":1.4,"superficie_riego_ha":1.4,"hectareas":0},"geometry":{"type":"Polygon","coordinates":[[[-105.548535,28.180378],[-105.548227,28.180068],[-105.547884,28.179683],[-105.548313,28.179282],[-105.548487,28.179155],[-105.548733,28.178988],[-105.54883,28.178969],[-105.548947,28.178978],[-105.549068,28.179003],[-105.549203,28.179036],[-105.549325,28.179069],[-105.54948,28.17913],[-105.549376,28.179256],[-105.549284,28.179383],[-105.54919,28.179501],[-105.548954,28.17974],[-105.54874,28.180016],[-105.548535,28.180378]]]}},{"type":"Feature","properties":{"modulo":5,"idparcela":"9474","productor":"MELENDEZ GARCIA MANUEL","cultivo":null,"superficie_fisica_ha":3.5,"superficie_riego_ha":3.5,"hectareas":0},"geometry":{"type":"Polygon","coordinates":[[[-105.548295,28.181463],[-105.548546,28.181451],[-105.548833,28.18148],[-105.549113,28.181479],[-105.549354,28.181468],[-105.549601,28.181451],[-105.549835,28.181441],[-105.550108,28.181417],[-105.55029,28.181396],[-105.550464,28.181346],[-105.550152,28.182046],[-105.549924,28.182323],[-105.549587,28.182666],[-105.549358,28.182837],[-105.548905,28.183113],[-105.548511,28.183309],[-105.548114,28.183391],[-105.547754,28.183439],[-105.547287,28.183436],[-105.546637,28.183441],[-105.546115,28.183622],[-105.54626,28.183321],[-105.546571,28.183074],[-105.547575,28.182137],[-105.547666,28.182023],[-105.547777,28.18167],[-105.548117,28.181507],[-105.548295,28.181463]]]}},{"type":"Feature","properties":{"modulo":5,"idparcela":"9559","productor":"GOMEZ PERALES LORENZO","cultivo":null,"superficie_fisica_ha":1.4,"superficie_riego_ha":1.4,"hectareas":0},"geometry":{"type":"Polygon","coordinates":[[[-105.547884,28.179683],[-105.548227,28.180068],[-105.548535,28.180378],[-105.548221,28.180772],[-105.548168,28.180853],[-105.548027,28.18107],[-105.547973,28.181188],[-105.547855,28.181444],[-105.547777,28.18167],[-105.547666,28.182023],[-105.547575,28.182137],[-105.546571,28.183074],[-105.54626,28.183321],[-105.546115,28.183622],[-105.545886,28.183721],[-105.545693,28.183762],[-105.545519,28.183722],[-105.545079,28.183797],[-105.544932,28.183798],[-105.544859,28.183774],[-105.544794,28.183636],[-105.54482,28.183375],[-105.544892,28.183066],[-105.544973,28.182895],[-105.545083,28.182814],[-105.545239,28.182789],[-105.545358,28.182804],[-105.54545,28.182812],[-105.545587,28.182633],[-105.545649,28.182267],[-105.545798,28.181933],[-105.546122,28.181517],[-105.546352,28.181274],[-105.546594,28.181067],[-105.546856,28.180883],[-105.547134,28.180576],[-105.547403,28.180184],[-105.547701,28.179853],[-105.547884,28.179683]]]}},{"type":"Feature","properties":{"modulo":5,"idparcela":"2946","productor":"ANCHONDO PORTILLO MANUEL","cultivo":null,"superficie_fisica_ha":1.35,"superficie_riego_ha":1.35,"hectareas":0},"geometry":{"type":"Polygon","coordinates":[[[-105.565167,28.166819],[-105.56483,28.166204],[-105.56446,28.165533],[-105.564638,28.165369],[-105.564751,28.165279],[-105.564932,28.165215],[-105.565631,28.166414],[-105.565673,28.166395],[-105.565666,28.16645],[-105.565725,28.166477],[-105.565721,28.16652],[-105.565731,28.166737],[-105.565689,28.166755],[-105.565389,28.16677],[-105.565167,28.166819]]]}},{"type":"Feature","properties":{"modulo":5,"idparcela":"2944","productor":"CABALLERO MAGALLANES JESUS","cultivo":null,"superficie_fisica_ha":3.34,"superficie_riego_ha":3.34,"hectareas":0},"geometry":{"type":"Polygon","coordinates":[[[-105.564115,28.168896],[-105.564371,28.168723],[-105.56553,28.167958],[-105.566093,28.167431],[-105.56659,28.167691],[-105.567776,28.167668],[-105.568103,28.167662],[-105.568148,28.167728],[-105.568205,28.167827],[-105.568249,28.167936],[-105.568297,28.168126],[-105.568313,28.168267],[-105.568285,28.168331],[-105.568211,28.168382],[-105.568069,28.168441],[-105.567865,28.16852],[-105.567544,28.168647],[-105.567201,28.168781],[-105.566939,28.168892],[-105.566813,28.168932],[-105.566406,28.168963],[-105.56582,28.168988],[-105.565586,28.169027],[-105.565362,28.169076],[-105.565125,28.169132],[-105.564763,28.169227],[-105.564415,28.169264],[-105.564308,28.169259],[-105.564249,28.169202],[-105.564171,28.169051],[-105.564115,28.168896]]]}},{"type":"Feature","properties":{"modulo":5,"idparcela":"2943","productor":"RAMIREZ CARRILLO EFREN","cultivo":null,"superficie_fisica_ha":6.025,"superficie_riego_ha":6.025,"hectareas":0},"geometry":{"type":"Polygon","coordinates":[[[-105.568103,28.167662],[-105.567776,28.167668],[-105.56659,28.167691],[-105.566093,28.167431],[-105.56553,28.167958],[-105.564371,28.168723],[-105.564115,28.168896],[-105.563947,28.16867],[-105.563769,28.168469],[-105.565131,28.166967],[-105.565155,28.166871],[-105.565167,28.166819],[-105.565389,28.16677],[-105.565689,28.166755],[-105.565724,28.166791],[-105.565837,28.166804],[-105.566,28.166801],[-105.566578,28.166855],[-105.567007,28.166894],[-105.567102,28.166975],[-105.567223,28.167059],[-105.567564,28.167286],[-105.567732,28.167394],[-105.568103,28.167662]]]}},{"type":"Feature","properties":{"modulo":5,"idparcela":"2945","productor":"RODRIGUEZ HERNANDEZ RODRIGO","cultivo":null,"superficie_fisica_ha":2.63,"superficie_riego_ha":2.63,"hectareas":0},"geometry":{"type":"Polygon","coordinates":[[[-105.564932,28.165215],[-105.564845,28.165089],[-105.564821,28.164972],[-105.564827,28.164891],[-105.564885,28.164803],[-105.565044,28.164736],[-105.565276,28.164701],[-105.565453,28.164687],[-105.565642,28.164688],[-105.565805,28.1647],[-105.565938,28.16476],[-105.566003,28.16493],[-105.566058,28.165057],[-105.566135,28.165065],[-105.566152,28.165201],[-105.566203,28.165381],[-105.566377,28.165678],[-105.566561,28.166118],[-105.566719,28.166462],[-105.566842,28.166727],[-105.566882,28.166784],[-105.566929,28.166812],[-105.567,28.166828],[-105.567007,28.166894],[-105.566578,28.166855],[-105.566,28.166801],[-105.565837,28.166804],[-105.565724,28.166791],[-105.565689,28.166755],[-105.565731,28.166737],[-105.565721,28.16652],[-105.565725,28.166477],[-105.565666,28.16645],[-105.565673,28.166395],[-105.565631,28.166414],[-105.564932,28.165215]]]}},{"type":"Feature","properties":{"modulo":5,"idparcela":"2956","productor":"GOMEZ RIVERA JESUS EUGENIO","cultivo":null,"superficie_fisica_ha":3,"superficie_riego_ha":3,"hectareas":0},"geometry":{"type":"Polygon","coordinates":[[[-105.558354,28.168283],[-105.558673,28.168119],[-105.558938,28.167965],[-105.559056,28.167766],[-105.559192,28.167404],[-105.55935,28.166961],[-105.559428,28.166741],[-105.559454,28.1666],[-105.55965,28.166324],[-105.559799,28.166154],[-105.559885,28.166125],[-105.560097,28.166423],[-105.560141,28.166531],[-105.560143,28.166621],[-105.559294,28.167964],[-105.559307,28.168085],[-105.559368,28.168242],[-105.559466,28.168351],[-105.559381,28.169368],[-105.558755,28.169393],[-105.55863,28.169428],[-105.558354,28.169555],[-105.558085,28.169701],[-105.557448,28.169875],[-105.557344,28.169846],[-105.55684,28.170057],[-105.556711,28.169851],[-105.557003,28.169579],[-105.557297,28.169361],[-105.557564,28.169153],[-105.557806,28.168998],[-105.558003,28.168654],[-105.55812,28.168528],[-105.558337,28.168391],[-105.558354,28.168283]]]}},{"type":"Feature","properties":{"modulo":5,"idparcela":"2955","productor":"TREJO SOLIS JUAN MANUEL","cultivo":null,"superficie_fisica_ha":2.575,"superficie_riego_ha":2.575,"hectareas":0},"geometry":{"type":"Polygon","coordinates":[[[-105.554923,28.173859],[-105.554909,28.173672],[-105.554892,28.173373],[-105.554922,28.17276],[-105.554928,28.172514],[-105.554994,28.172386],[-105.55514,28.172207],[-105.555232,28.172082],[-105.555346,28.171999],[-105.555502,28.171858],[-105.555567,28.171706],[-105.555678,28.171714],[-105.555815,28.171686],[-105.556008,28.171541],[-105.556246,28.171288],[-105.556638,28.170979],[-105.557008,28.170689],[-105.557121,28.170578],[-105.557141,28.170558],[-105.557947,28.171615],[-105.557358,28.171807],[-105.557041,28.171925],[-105.556721,28.17208],[-105.556177,28.172371],[-105.555669,28.172499],[-105.555508,28.172685],[-105.555443,28.172813],[-105.555412,28.172948],[-105.555296,28.173154],[-105.555236,28.173454],[-105.555227,28.173611],[-105.555221,28.173841],[-105.554923,28.173859]]]}},{"type":"Feature","properties":{"modulo":5,"idparcela":"2957","productor":"ANDUJO URANGA GILBERTO","cultivo":null,"superficie_fisica_ha":7.9176,"superficie_riego_ha":6.625,"hectareas":0},"geometry":{"type":"Polygon","coordinates":[[[-105.561805,28.170101],[-105.561415,28.170247],[-105.561108,28.170486],[-105.56088,28.170657],[-105.560587,28.170834],[-105.560193,28.171008],[-105.559918,28.171122],[-105.559502,28.171243],[-105.55912,28.171327],[-105.558472,28.171485],[-105.557947,28.171615],[-105.557141,28.170558],[-105.557174,28.170526],[-105.55724,28.170422],[-105.557318,28.1703],[-105.557507,28.170046],[-105.557686,28.169892],[-105.558149,28.169746],[-105.558415,28.169727],[-105.558813,28.169734],[-105.559284,28.169687],[-105.559644,28.16974],[-105.560004,28.169756],[-105.560362,28.169773],[-105.560688,28.169826],[-105.560964,28.16987],[-105.561353,28.169868],[-105.56188,28.169794],[-105.561956,28.169675],[-105.562237,28.169783],[-105.562233,28.169864],[-105.562174,28.16993],[-105.562064,28.169977],[-105.561805,28.170101]]]}},{"type":"Feature","properties":{"modulo":5,"idparcela":"2960","productor":"PORTILLO CARRILLO JESUS M.","cultivo":null,"superficie_fisica_ha":3.9,"superficie_riego_ha":3.9,"hectareas":0},"geometry":{"type":"Polygon","coordinates":[[[-105.559466,28.168351],[-105.559899,28.168332],[-105.560169,28.168215],[-105.560953,28.167767],[-105.561465,28.167387],[-105.56176,28.167239],[-105.562006,28.167175],[-105.562145,28.167151],[-105.562221,28.167148],[-105.562224,28.167187],[-105.562286,28.167215],[-105.562354,28.167291],[-105.562381,28.167346],[-105.562396,28.167415],[-105.562415,28.167487],[-105.562442,28.167545],[-105.562669,28.167753],[-105.562863,28.167958],[-105.562308,28.168366],[-105.561707,28.168639],[-105.561443,28.168768],[-105.561439,28.168875],[-105.561474,28.169042],[-105.561486,28.169213],[-105.561461,28.169347],[-105.561413,28.169415],[-105.561394,28.169471],[-105.561441,28.169516],[-105.561582,28.169567],[-105.561956,28.169675],[-105.56188,28.169794],[-105.561353,28.169868],[-105.560964,28.16987],[-105.560688,28.169826],[-105.560362,28.169773],[-105.560004,28.169756],[-105.559644,28.16974],[-105.559284,28.169687],[-105.558813,28.169734],[-105.558415,28.169727],[-105.558149,28.169746],[-105.557686,28.169892],[-105.557507,28.170046],[-105.557318,28.1703],[-105.55724,28.170422],[-105.557174,28.170526],[-105.557141,28.170558],[-105.556991,28.170308],[-105.55684,28.170057],[-105.557344,28.169846],[-105.557448,28.169875],[-105.558085,28.169701],[-105.558354,28.169555],[-105.55863,28.169428],[-105.558755,28.169393],[-105.559381,28.169368],[-105.559466,28.168351]]]}},{"type":"Feature","properties":{"modulo":5,"idparcela":"2949","productor":"TERRAZAS CHAVIRA ARMANDO","cultivo":null,"superficie_fisica_ha":6.13,"superficie_riego_ha":6.13,"hectareas":0},"geometry":{"type":"Polygon","coordinates":[[[-105.562221,28.167148],[-105.562145,28.167151],[-105.562006,28.167175],[-105.56176,28.167239],[-105.561465,28.167387],[-105.560953,28.167767],[-105.560169,28.168215],[-105.559899,28.168332],[-105.559466,28.168351],[-105.559368,28.168242],[-105.559307,28.168085],[-105.559294,28.167964],[-105.560143,28.166621],[-105.560141,28.166531],[-105.560097,28.166423],[-105.559885,28.166125],[-105.56,28.16605],[-105.560226,28.16595],[-105.56073,28.165731],[-105.561068,28.165725],[-105.561851,28.165741],[-105.562001,28.166314],[-105.562221,28.167148]]]}},{"type":"Feature","properties":{"modulo":5,"idparcela":"2958","productor":"ORTIZ DOMINGUEZ CONCEPCION","cultivo":null,"superficie_fisica_ha":2.8719,"superficie_riego_ha":2.486,"hectareas":0},"geometry":{"type":"Polygon","coordinates":[[[-105.561956,28.169675],[-105.561582,28.169567],[-105.561441,28.169516],[-105.561394,28.169471],[-105.561413,28.169415],[-105.561461,28.169347],[-105.561486,28.169213],[-105.561474,28.169042],[-105.561439,28.168875],[-105.561443,28.168768],[-105.561707,28.168639],[-105.562308,28.168366],[-105.562863,28.167958],[-105.563347,28.168217],[-105.56368,28.168516],[-105.563905,28.168721],[-105.564013,28.168964],[-105.56409,28.169093],[-105.564172,28.169229],[-105.564234,28.169295],[-105.56323,28.169415],[-105.563012,28.169512],[-105.562403,28.169688],[-105.562299,28.169745],[-105.562237,28.169783],[-105.561956,28.169675]]]}},{"type":"Feature","properties":{"modulo":5,"idparcela":"2940","productor":"RIVERA CARRERA MARIO","cultivo":null,"superficie_fisica_ha":2.35,"superficie_riego_ha":2.35,"hectareas":0},"geometry":{"type":"Polygon","coordinates":[[[-105.565938,28.16476],[-105.566576,28.164775],[-105.566961,28.164865],[-105.567156,28.1649],[-105.567289,28.164907],[-105.567405,28.164897],[-105.567563,28.164831],[-105.567649,28.164873],[-105.567885,28.165036],[-105.567958,28.165097],[-105.568071,28.165177],[-105.568134,28.165223],[-105.568202,28.165269],[-105.56827,28.165306],[-105.568316,28.165361],[-105.568317,28.165423],[-105.568277,28.165494],[-105.568223,28.165539],[-105.568109,28.165581],[-105.567929,28.165648],[-105.567759,28.165758],[-105.567661,28.165886],[-105.567588,28.16599],[-105.56749,28.166141],[-105.567422,28.166245],[-105.567341,28.166364],[-105.567223,28.166538],[-105.567162,28.166627],[-105.567114,28.166708],[-105.567088,28.166744],[-105.567049,28.166795],[-105.567,28.166828],[-105.566929,28.166812],[-105.566882,28.166784],[-105.566842,28.166727],[-105.566719,28.166462],[-105.566561,28.166118],[-105.566377,28.165678],[-105.566203,28.165381],[-105.566152,28.165201],[-105.566135,28.165065],[-105.566058,28.165057],[-105.566003,28.16493],[-105.565938,28.16476]]]}},{"type":"Feature","properties":{"modulo":5,"idparcela":"3055","productor":"AGUIRRE GONZALEZ JOSE DOLORES","cultivo":null,"superficie_fisica_ha":0.5116,"superficie_riego_ha":0.5116,"hectareas":0},"geometry":{"type":"Polygon","coordinates":[[[-105.561851,28.165741],[-105.561068,28.165725],[-105.56073,28.165731],[-105.560226,28.16595],[-105.56,28.16605],[-105.559885,28.166125],[-105.559799,28.166154],[-105.55965,28.166324],[-105.559454,28.1666],[-105.559291,28.166432],[-105.559175,28.166281],[-105.559045,28.16613],[-105.55927,28.165898],[-105.559503,28.165655],[-105.559642,28.165526],[-105.559844,28.165406],[-105.560556,28.165056],[-105.561186,28.164718],[-105.561347,28.164501],[-105.561501,28.163876],[-105.561736,28.162988],[-105.561781,28.162808],[-105.563532,28.16223],[-105.563227,28.163408],[-105.562627,28.165565],[-105.561851,28.165741]]]}},{"type":"Feature","properties":{"modulo":5,"idparcela":"2954","productor":"ACOSTA AGUIRRE OMAR","cultivo":null,"superficie_fisica_ha":4.83,"superficie_riego_ha":4.83,"hectareas":0},"geometry":{"type":"Polygon","coordinates":[[[-105.554522,28.171081],[-105.554551,28.171015],[-105.554742,28.170821],[-105.555079,28.170569],[-105.555598,28.170323],[-105.556711,28.169851],[-105.55684,28.170057],[-105.556991,28.170308],[-105.557141,28.170558],[-105.557121,28.170578],[-105.557008,28.170689],[-105.556638,28.170979],[-105.556246,28.171288],[-105.556008,28.171541],[-105.555815,28.171686],[-105.555678,28.171714],[-105.555567,28.171706],[-105.555502,28.171858],[-105.555346,28.171999],[-105.555232,28.172082],[-105.55514,28.172207],[-105.554994,28.172386],[-105.554928,28.172514],[-105.554922,28.17276],[-105.554892,28.173373],[-105.554909,28.173672],[-105.554923,28.173859],[-105.554781,28.174009],[-105.554507,28.174011],[-105.554231,28.173924],[-105.554175,28.17355],[-105.554173,28.173339],[-105.554243,28.17312],[-105.554342,28.172811],[-105.554435,28.172487],[-105.554471,28.172269],[-105.554473,28.172089],[-105.554475,28.171863],[-105.554522,28.171384],[-105.554522,28.171081]]]}},{"type":"Feature","properties":{"modulo":5,"idparcela":"2953","productor":"CARRILLO LIóAN DAGOBERTO","cultivo":null,"superficie_fisica_ha":4.5011,"superficie_riego_ha":4.2,"hectareas":0},"geometry":{"type":"Polygon","coordinates":[[[-105.556544,28.168032],[-105.556678,28.168106],[-105.556831,28.168145],[-105.557088,28.168189],[-105.5576,28.168214],[-105.55798,28.168221],[-105.558023,28.168228],[-105.558354,28.168283],[-105.558337,28.168391],[-105.55812,28.168528],[-105.558003,28.168654],[-105.557806,28.168998],[-105.557564,28.169153],[-105.557297,28.169361],[-105.557003,28.169579],[-105.556711,28.169851],[-105.555598,28.170323],[-105.555079,28.170569],[-105.554742,28.170821],[-105.554551,28.171015],[-105.554522,28.171081],[-105.55435,28.171051],[-105.553762,28.170899],[-105.554461,28.17011],[-105.554806,28.16972],[-105.55536,28.169085],[-105.555584,28.168818],[-105.556544,28.168032]]]}},{"type":"Feature","properties":{"modulo":5,"idparcela":"2933","productor":"MAGALLANES ZUBIA MARCELO","cultivo":null,"superficie_fisica_ha":6.1,"superficie_riego_ha":5.575,"hectareas":0},"geometry":{"type":"Polygon","coordinates":[[[-105.573381,28.161044],[-105.57383,28.161455],[-105.574953,28.162485],[-105.575154,28.162713],[-105.575055,28.162808],[-105.574936,28.162908],[-105.57475,28.163021],[-105.574495,28.163225],[-105.574316,28.163369],[-105.574116,28.163394],[-105.573899,28.163458],[-105.573741,28.163441],[-105.573609,28.163423],[-105.573444,28.163433],[-105.573166,28.163542],[-105.572918,28.163642],[-105.572833,28.163733],[-105.571777,28.163386],[-105.571527,28.163387],[-105.571224,28.163271],[-105.571025,28.163217],[-105.571038,28.163118],[-105.571372,28.162783],[-105.57163,28.162502],[-105.572355,28.161885],[-105.572853,28.161459],[-105.573302,28.161046],[-105.573381,28.161044]]]}},{"type":"Feature","properties":{"modulo":5,"idparcela":"2937","productor":"MARQUEZ MARQUEZ MANUEL","cultivo":null,"superficie_fisica_ha":5.85,"superficie_riego_ha":5.85,"hectareas":0},"geometry":{"type":"Polygon","coordinates":[[[-105.566916,28.163852],[-105.566871,28.163747],[-105.566716,28.163325],[-105.566504,28.16274],[-105.568063,28.161479],[-105.568414,28.161198],[-105.568606,28.161477],[-105.569162,28.162295],[-105.569439,28.162664],[-105.569615,28.162961],[-105.569379,28.163224],[-105.569242,28.163477],[-105.569177,28.163631],[-105.568422,28.163959],[-105.568158,28.164059],[-105.567645,28.163971],[-105.567355,28.16392],[-105.56718,28.163891],[-105.566916,28.163852]]]}},{"type":"Feature","properties":{"modulo":5,"idparcela":"2932","productor":"VAZQUEZ CAMPOS EUGENIO","cultivo":null,"superficie_fisica_ha":3.2,"superficie_riego_ha":3.2,"hectareas":0},"geometry":{"type":"Polygon","coordinates":[[[-105.573141,28.160907],[-105.572822,28.160936],[-105.572621,28.1609],[-105.572324,28.160793],[-105.572049,28.160677],[-105.572483,28.159619],[-105.573177,28.159679],[-105.573791,28.159722],[-105.57415,28.159774],[-105.574693,28.159899],[-105.574811,28.15997],[-105.575184,28.160772],[-105.574217,28.16084],[-105.573141,28.160907]]]}},{"type":"Feature","properties":{"modulo":5,"idparcela":"3019","productor":"GOMEZ RIVERA JESUS EUGENIO","cultivo":null,"superficie_fisica_ha":6.05,"superficie_riego_ha":6.05,"hectareas":0},"geometry":{"type":"Polygon","coordinates":[[[-105.570628,28.158196],[-105.570409,28.158056],[-105.569936,28.157789],[-105.569211,28.157398],[-105.569761,28.156924],[-105.569837,28.156673],[-105.569978,28.156096],[-105.570094,28.155779],[-105.570584,28.155019],[-105.572208,28.155972],[-105.57264,28.156227],[-105.57166,28.15743],[-105.571092,28.158033],[-105.570892,28.158099],[-105.570628,28.158196]]]}},{"type":"Feature","properties":{"modulo":5,"idparcela":"2935","productor":"VILLA HERNANDEZ RAMON","cultivo":null,"superficie_fisica_ha":7.825,"superficie_riego_ha":7.825,"hectareas":0},"geometry":{"type":"Polygon","coordinates":[[[-105.570947,28.160328],[-105.571347,28.160522],[-105.57189,28.160783],[-105.57241,28.161037],[-105.572522,28.161077],[-105.572639,28.16109],[-105.573302,28.161046],[-105.572853,28.161459],[-105.572355,28.161885],[-105.57163,28.162502],[-105.5713,28.162435],[-105.570448,28.162398],[-105.569798,28.162401],[-105.569603,28.162553],[-105.569439,28.162664],[-105.569162,28.162295],[-105.568606,28.161477],[-105.568414,28.161198],[-105.568551,28.161005],[-105.568624,28.160889],[-105.56873,28.160682],[-105.568888,28.160546],[-105.569211,28.160346],[-105.569809,28.159974],[-105.569986,28.159832],[-105.570154,28.159926],[-105.570947,28.160328]]]}},{"type":"Feature","properties":{"modulo":5,"idparcela":"3071","productor":"IBARRA MACIAS CARLOS","cultivo":null,"superficie_fisica_ha":4.475,"superficie_riego_ha":4.475,"hectareas":0},"geometry":{"type":"Polygon","coordinates":[[[-105.566342,28.158098],[-105.566631,28.157444],[-105.567077,28.15632],[-105.565413,28.15626],[-105.5654,28.155137],[-105.565703,28.155297],[-105.566469,28.155801],[-105.566746,28.155946],[-105.567482,28.156372],[-105.568301,28.156838],[-105.569105,28.157336],[-105.568361,28.157987],[-105.568196,28.158085],[-105.567942,28.1582],[-105.567628,28.158351],[-105.567247,28.158533],[-105.56706,28.158631],[-105.566,28.159125],[-105.565823,28.159228],[-105.566342,28.158098]]]}},{"type":"Feature","properties":{"modulo":5,"idparcela":"3016","productor":"AREVALO DAVILA JOSE FRANCISCO","cultivo":null,"superficie_fisica_ha":5.775,"superficie_riego_ha":5.775,"hectareas":0},"geometry":{"type":"Polygon","coordinates":[[[-105.574074,28.15707],[-105.5793,28.156437],[-105.579055,28.156587],[-105.578994,28.156617],[-105.578961,28.156632],[-105.578819,28.15675],[-105.578599,28.156959],[-105.578524,28.157022],[-105.578243,28.157127],[-105.578206,28.157141],[-105.577896,28.157187],[-105.577853,28.157196],[-105.577802,28.157206],[-105.577736,28.157248],[-105.577739,28.157294],[-105.577741,28.157567],[-105.577751,28.157702],[-105.577652,28.157874],[-105.577622,28.157906],[-105.577518,28.158019],[-105.577409,28.158299],[-105.577332,28.15841],[-105.577296,28.158471],[-105.577109,28.1584],[-105.576313,28.158313],[-105.57566,28.158289],[-105.575135,28.158264],[-105.574468,28.158276],[-105.573841,28.158251],[-105.573997,28.157427],[-105.574005,28.157384],[-105.574074,28.15707]]]}},{"type":"Feature","properties":{"modulo":5,"idparcela":"3002","productor":"TERRAZAS ALDAZ JESUS GILIBALDO","cultivo":null,"superficie_fisica_ha":6.642,"superficie_riego_ha":6.642,"hectareas":0},"geometry":{"type":"Polygon","coordinates":[[[-105.576902,28.160684],[-105.576486,28.160704],[-105.57579,28.160752],[-105.575184,28.160772],[-105.574811,28.15997],[-105.575115,28.159807],[-105.575216,28.159626],[-105.575489,28.159038],[-105.575565,28.158803],[-105.57566,28.158289],[-105.576313,28.158313],[-105.577109,28.1584],[-105.577296,28.158471],[-105.577241,28.158517],[-105.577293,28.158552],[-105.577369,28.158756],[-105.577441,28.159434],[-105.577442,28.159443],[-105.577453,28.159842],[-105.577331,28.160005],[-105.5772,28.160213],[-105.577056,28.160445],[-105.576902,28.160684]]]}},{"type":"Feature","properties":{"modulo":5,"idparcela":"3015","productor":"CELIS QUI¥ONEZ FRANCISCO","cultivo":null,"superficie_fisica_ha":7.5,"superficie_riego_ha":7.5,"hectareas":0},"geometry":{"type":"Polygon","coordinates":[[[-105.577504,28.160086],[-105.577679,28.159865],[-105.578101,28.159464],[-105.578661,28.158937],[-105.57942,28.158306],[-105.579921,28.157935],[-105.580162,28.158919],[-105.580312,28.159593],[-105.580323,28.160002],[-105.580392,28.160259],[-105.579508,28.160219],[-105.57779,28.16011],[-105.577504,28.160086]]]}},{"type":"Feature","properties":{"modulo":5,"idparcela":"2938","productor":"LEYVA ESCARCEGA JOSE DE LA LUZ","cultivo":null,"superficie_fisica_ha":4.14,"superficie_riego_ha":4.14,"hectareas":0},"geometry":{"type":"Polygon","coordinates":[[[-105.569439,28.162664],[-105.569603,28.162553],[-105.569798,28.162401],[-105.570448,28.162398],[-105.5713,28.162435],[-105.57163,28.162502],[-105.571372,28.162783],[-105.571038,28.163118],[-105.571025,28.163217],[-105.571037,28.163372],[-105.570993,28.163639],[-105.570898,28.163873],[-105.570794,28.163995],[-105.57054,28.164141],[-105.569985,28.164289],[-105.569583,28.164423],[-105.569382,28.164477],[-105.569002,28.164349],[-105.568158,28.164059],[-105.568422,28.163959],[-105.569177,28.163631],[-105.569242,28.163477],[-105.569379,28.163224],[-105.569615,28.162961],[-105.569439,28.162664]]]}},{"type":"Feature","properties":{"modulo":5,"idparcela":"3014","productor":"MENDOZA JAVIER CARMELO","cultivo":null,"superficie_fisica_ha":7.35,"superficie_riego_ha":7.35,"hectareas":0},"geometry":{"type":"Polygon","coordinates":[[[-105.581517,28.156777],[-105.581577,28.156868],[-105.581635,28.157074],[-105.581766,28.157464],[-105.581938,28.158135],[-105.58204,28.158638],[-105.582265,28.15953],[-105.582309,28.15971],[-105.582332,28.159834],[-105.582358,28.159968],[-105.582325,28.160083],[-105.582242,28.16021],[-105.580392,28.160259],[-105.580323,28.160002],[-105.580312,28.159593],[-105.580162,28.158919],[-105.579921,28.157935],[-105.580276,28.157623],[-105.580667,28.157313],[-105.581126,28.156923],[-105.581325,28.156717],[-105.581417,28.156728],[-105.581517,28.156777]]]}},{"type":"Feature","properties":{"modulo":5,"idparcela":"3015","productor":"CELIS QUI¥ONEZ FRANCISCO","cultivo":null,"superficie_fisica_ha":7.5,"superficie_riego_ha":7.5,"hectareas":0},"geometry":{"type":"Polygon","coordinates":[[[-105.5793,28.156437],[-105.579434,28.156363],[-105.579557,28.156281],[-105.579823,28.157294],[-105.579847,28.157423],[-105.579867,28.15758],[-105.579903,28.157799],[-105.579505,28.158074],[-105.578951,28.158533],[-105.578193,28.159189],[-105.577453,28.159842],[-105.577442,28.159443],[-105.577441,28.159434],[-105.577369,28.158756],[-105.577293,28.158552],[-105.577241,28.158517],[-105.577296,28.158471],[-105.577332,28.15841],[-105.577409,28.158299],[-105.577518,28.158019],[-105.577622,28.157906],[-105.577652,28.157874],[-105.577751,28.157702],[-105.577741,28.157567],[-105.577739,28.157294],[-105.577736,28.157248],[-105.577802,28.157206],[-105.577853,28.157196],[-105.577896,28.157187],[-105.578206,28.157141],[-105.578243,28.157127],[-105.578524,28.157022],[-105.578599,28.156959],[-105.578819,28.15675],[-105.578961,28.156632],[-105.578994,28.156617],[-105.579055,28.156587],[-105.5793,28.156437]]]}},{"type":"Feature","properties":{"modulo":5,"idparcela":"3014","productor":"MENDOZA JAVIER CARMELO","cultivo":null,"superficie_fisica_ha":7.35,"superficie_riego_ha":7.35,"hectareas":0},"geometry":{"type":"Polygon","coordinates":[[[-105.579903,28.157799],[-105.579867,28.15758],[-105.579847,28.157423],[-105.579823,28.157294],[-105.579557,28.156281],[-105.579797,28.156133],[-105.57989,28.156168],[-105.580058,28.156218],[-105.580249,28.156258],[-105.580544,28.156299],[-105.580746,28.156339],[-105.580954,28.156388],[-105.581114,28.156514],[-105.581224,28.156552],[-105.581251,28.156579],[-105.58124,28.15667],[-105.581091,28.156819],[-105.580908,28.15698],[-105.58058,28.157226],[-105.579903,28.157799]]]}},{"type":"Feature","properties":{"modulo":5,"idparcela":"2931","productor":"MAGALLANES ZUBIA MARCELO","cultivo":null,"superficie_fisica_ha":4.8346,"superficie_riego_ha":4.13,"hectareas":0},"geometry":{"type":"Polygon","coordinates":[[[-105.576543,28.161282],[-105.576199,28.161667],[-105.57599,28.161849],[-105.575746,28.162076],[-105.575556,28.162244],[-105.575378,28.162407],[-105.575292,28.162523],[-105.575154,28.162713],[-105.574953,28.162485],[-105.57383,28.161455],[-105.573381,28.161044],[-105.57379,28.161014],[-105.574294,28.160989],[-105.574987,28.160945],[-105.575634,28.160924],[-105.576799,28.160838],[-105.576825,28.16091],[-105.576688,28.161097],[-105.576543,28.161282]]]}},{"type":"Feature","properties":{"modulo":5,"idparcela":"2931","productor":"MAGALLANES ZUBIA MARCELO","cultivo":null,"superficie_fisica_ha":4.8346,"superficie_riego_ha":4.13,"hectareas":0},"geometry":{"type":"Polygon","coordinates":[[[-105.576502,28.161477],[-105.576467,28.161742],[-105.57642,28.162005],[-105.576339,28.162224],[-105.576175,28.162411],[-105.575966,28.162583],[-105.575679,28.162756],[-105.575401,28.162874],[-105.575117,28.162871],[-105.575405,28.162493],[-105.575595,28.162316],[-105.575773,28.162161],[-105.575975,28.161984],[-105.576153,28.16183],[-105.576277,28.161708],[-105.576502,28.161477]]]}},{"type":"Feature","properties":{"modulo":5,"idparcela":"2926","productor":"ALMANZA LOZANO LUIS","cultivo":null,"superficie_fisica_ha":5.2815,"superficie_riego_ha":2.9902,"hectareas":0},"geometry":{"type":"Polygon","coordinates":[[[-105.574372,28.163416],[-105.574538,28.163272],[-105.574693,28.163145],[-105.57486,28.163039],[-105.575117,28.162871],[-105.575401,28.162874],[-105.575679,28.162756],[-105.575966,28.162583],[-105.576175,28.162411],[-105.57729,28.162424],[-105.577228,28.163155],[-105.577182,28.163683],[-105.5769,28.163764],[-105.576751,28.163804],[-105.57658,28.163845],[-105.57643,28.163867],[-105.5763,28.163861],[-105.576096,28.163843],[-105.575931,28.16381],[-105.575815,28.163803],[-105.575549,28.1638],[-105.575377,28.16381],[-105.575178,28.163817],[-105.574978,28.163825],[-105.574702,28.163834],[-105.57452,28.163857],[-105.574245,28.163918],[-105.574005,28.163981],[-105.573684,28.164057],[-105.573689,28.163998],[-105.573728,28.163889],[-105.57378,28.163791],[-105.573869,28.163692],[-105.574018,28.163602],[-105.574211,28.163517],[-105.574372,28.163416]]]}},{"type":"Feature","properties":{"modulo":5,"idparcela":"2930","productor":"CELIS ORTIZ LUIS CARLOS","cultivo":null,"superficie_fisica_ha":5.75,"superficie_riego_ha":3.556,"hectareas":0},"geometry":{"type":"Polygon","coordinates":[[[-105.571025,28.163217],[-105.571224,28.163271],[-105.571527,28.163387],[-105.571777,28.163386],[-105.572833,28.163733],[-105.572918,28.163642],[-105.573166,28.163542],[-105.573444,28.163433],[-105.573609,28.163423],[-105.573741,28.163441],[-105.573899,28.163458],[-105.574116,28.163394],[-105.574316,28.163369],[-105.574148,28.163464],[-105.57395,28.163555],[-105.57383,28.163622],[-105.573724,28.163727],[-105.573665,28.163815],[-105.573609,28.163956],[-105.573582,28.164086],[-105.573367,28.164144],[-105.573234,28.164173],[-105.573094,28.16421],[-105.572941,28.164245],[-105.572686,28.164299],[-105.57249,28.164364],[-105.57231,28.164438],[-105.572081,28.164522],[-105.571827,28.164637],[-105.571647,28.164711],[-105.57154,28.164757],[-105.571417,28.164781],[-105.571201,28.164799],[-105.571013,28.16479],[-105.570785,28.164747],[-105.570601,28.164708],[-105.570383,28.164664],[-105.570052,28.164615],[-105.569769,28.164564],[-105.569541,28.164521],[-105.569382,28.164477],[-105.569583,28.164423],[-105.569985,28.164289],[-105.57054,28.164141],[-105.570794,28.163995],[-105.570898,28.163873],[-105.570993,28.163639],[-105.571037,28.163372],[-105.571025,28.163217]]]}},{"type":"Feature","properties":{"modulo":5,"idparcela":"2923","productor":"ALVARA IBARRA AGUSTIN","cultivo":null,"superficie_fisica_ha":5.7549,"superficie_riego_ha":5.65,"hectareas":0},"geometry":{"type":"Polygon","coordinates":[[[-105.577231,28.160511],[-105.577382,28.16027],[-105.577504,28.160086],[-105.57779,28.16011],[-105.579508,28.160219],[-105.579512,28.160948],[-105.579545,28.161392],[-105.579359,28.161333],[-105.57897,28.1612],[-105.577809,28.160855],[-105.577126,28.160709],[-105.577231,28.160511]]]}},{"type":"Feature","properties":{"modulo":5,"idparcela":"2923","productor":"ALVARA IBARRA AGUSTIN","cultivo":null,"superficie_fisica_ha":5.7549,"superficie_riego_ha":5.65,"hectareas":0},"geometry":{"type":"Polygon","coordinates":[[[-105.576175,28.162411],[-105.576339,28.162224],[-105.57642,28.162005],[-105.576467,28.161742],[-105.576502,28.161477],[-105.576614,28.161345],[-105.576725,28.161191],[-105.576856,28.161027],[-105.576956,28.160918],[-105.577081,28.160879],[-105.577377,28.160914],[-105.57771,28.16099],[-105.57954,28.161568],[-105.579535,28.161846],[-105.579532,28.162222],[-105.579531,28.162424],[-105.579544,28.162631],[-105.579542,28.162825],[-105.579312,28.162899],[-105.579072,28.162997],[-105.578729,28.163151],[-105.578527,28.163244],[-105.578303,28.163322],[-105.578062,28.163401],[-105.577666,28.163532],[-105.577182,28.163683],[-105.577228,28.163155],[-105.57729,28.162424],[-105.576175,28.162411]]]}},{"type":"Feature","properties":{"modulo":5,"idparcela":"2922","productor":"OSORIO ALVARADO ENRIQUE","cultivo":null,"superficie_fisica_ha":7.425,"superficie_riego_ha":7.425,"hectareas":0},"geometry":{"type":"Polygon","coordinates":[[[-105.580392,28.160259],[-105.582242,28.16021],[-105.582167,28.160373],[-105.582112,28.160599],[-105.582109,28.160872],[-105.582147,28.161166],[-105.58201,28.161143],[-105.581461,28.160824],[-105.58136,28.16081],[-105.58058,28.161106],[-105.580258,28.161244],[-105.580017,28.161334],[-105.579764,28.161381],[-105.579545,28.161392],[-105.579512,28.160948],[-105.579508,28.160219],[-105.580392,28.160259]]]}},{"type":"Feature","properties":{"modulo":5,"idparcela":"2920","productor":"RIVERA MENDOZA AVELINO","cultivo":null,"superficie_fisica_ha":2.25,"superficie_riego_ha":2.25,"hectareas":0},"geometry":{"type":"Polygon","coordinates":[[[-105.58253,28.162844],[-105.582465,28.162438],[-105.582449,28.162189],[-105.582431,28.162023],[-105.582423,28.161834],[-105.582402,28.161692],[-105.582392,28.161569],[-105.582955,28.161868],[-105.583316,28.162049],[-105.583543,28.162133],[-105.583728,28.162176],[-105.584401,28.162181],[-105.584704,28.162177],[-105.584872,28.162197],[-105.584939,28.162221],[-105.584989,28.16227],[-105.585025,28.162359],[-105.585075,28.162516],[-105.585107,28.162608],[-105.585153,28.162674],[-105.585069,28.162767],[-105.584971,28.162837],[-105.584925,28.16287],[-105.584742,28.162976],[-105.584589,28.16305],[-105.584519,28.163067],[-105.584362,28.163105],[-105.584197,28.163136],[-105.584095,28.163154],[-105.583895,28.163176],[-105.583755,28.163191],[-105.583685,28.163194],[-105.58331,28.163213],[-105.58322,28.163217],[-105.582856,28.163199],[-105.582813,28.163197],[-105.582602,28.163188],[-105.582718,28.163129],[-105.582757,28.163069],[-105.582739,28.162969],[-105.582631,28.16288],[-105.58253,28.162844]]]}},{"type":"Feature","properties":{"modulo":5,"idparcela":"2922","productor":"OSORIO ALVARADO ENRIQUE","cultivo":null,"superficie_fisica_ha":7.425,"superficie_riego_ha":7.425,"hectareas":0},"geometry":{"type":"Polygon","coordinates":[[[-105.579542,28.162825],[-105.579544,28.162631],[-105.579531,28.162424],[-105.579532,28.162222],[-105.579535,28.161846],[-105.57954,28.161568],[-105.579771,28.161553],[-105.580027,28.161486],[-105.580262,28.161402],[-105.580591,28.161284],[-105.581101,28.161073],[-105.581259,28.161028],[-105.581419,28.161046],[-105.581572,28.161108],[-105.582182,28.161452],[-105.582392,28.161569],[-105.582402,28.161692],[-105.582423,28.161834],[-105.582431,28.162023],[-105.582449,28.162189],[-105.582465,28.162438],[-105.58253,28.162844],[-105.582346,28.162845],[-105.582287,28.162908],[-105.582192,28.162967],[-105.582066,28.16299],[-105.581915,28.16298],[-105.581747,28.162959],[-105.581556,28.162942],[-105.581241,28.162913],[-105.580807,28.162888],[-105.580381,28.162866],[-105.580004,28.162881],[-105.579697,28.162863],[-105.579542,28.162825]]]}},{"type":"Feature","properties":{"modulo":5,"idparcela":"3057","productor":"BURROLA FLORES OSWALDO","cultivo":null,"superficie_fisica_ha":6.4,"superficie_riego_ha":6.4,"hectareas":0},"geometry":{"type":"Polygon","coordinates":[[[-105.559075,28.160535],[-105.560392,28.160665],[-105.562168,28.160813],[-105.561987,28.161582],[-105.56175,28.16255],[-105.561411,28.162677],[-105.560171,28.162565],[-105.558645,28.162403],[-105.558711,28.162013],[-105.558854,28.161436],[-105.559075,28.160535]]]}},{"type":"Feature","properties":{"modulo":5,"idparcela":"3075","productor":"RODRIGUEZ ALEMAN ERNESTO","cultivo":null,"superficie_fisica_ha":5.4,"superficie_riego_ha":5.4,"hectareas":0},"geometry":{"type":"Polygon","coordinates":[[[-105.568207,28.146788],[-105.568021,28.146414],[-105.567601,28.145538],[-105.567364,28.144975],[-105.567619,28.144982],[-105.568029,28.144993],[-105.56813,28.144958],[-105.568378,28.144428],[-105.568503,28.144193],[-105.56937,28.144394],[-105.570348,28.144624],[-105.57095,28.14476],[-105.571311,28.144849],[-105.571161,28.144962],[-105.570892,28.145072],[-105.570678,28.145166],[-105.5705,28.145277],[-105.570298,28.145454],[-105.570069,28.145608],[-105.569874,28.145759],[-105.569645,28.145975],[-105.569524,28.146079],[-105.569366,28.146272],[-105.56918,28.146533],[-105.569013,28.146711],[-105.568792,28.14689],[-105.568753,28.146891],[-105.568728,28.14687],[-105.568655,28.146767],[-105.56856,28.146692],[-105.568459,28.146656],[-105.568357,28.146683],[-105.568207,28.146788]]]}},{"type":"Feature","properties":{"modulo":5,"idparcela":"3077","productor":"MARQUEZ QUINONES MARCIAL","cultivo":null,"superficie_fisica_ha":3.266,"superficie_riego_ha":3.266,"hectareas":0},"geometry":{"type":"Polygon","coordinates":[[[-105.568503,28.144193],[-105.568378,28.144428],[-105.56813,28.144958],[-105.568029,28.144993],[-105.567619,28.144982],[-105.567364,28.144975],[-105.566436,28.144957],[-105.566397,28.144886],[-105.566394,28.144511],[-105.566395,28.144278],[-105.566406,28.143909],[-105.566422,28.143682],[-105.56718,28.143885],[-105.568503,28.144193]]]}},{"type":"Feature","properties":{"modulo":5,"idparcela":"3074","productor":"MARQUEZ QUINONES MARCIAL","cultivo":null,"superficie_fisica_ha":5.75,"superficie_riego_ha":5.75,"hectareas":0},"geometry":{"type":"Polygon","coordinates":[[[-105.57086,28.145202],[-105.57105,28.145144],[-105.571209,28.145069],[-105.571381,28.144954],[-105.571502,28.144934],[-105.571861,28.145006],[-105.571891,28.145074],[-105.571776,28.145851],[-105.571665,28.146727],[-105.57157,28.146754],[-105.571234,28.146764],[-105.571237,28.146846],[-105.571294,28.146873],[-105.571462,28.146899],[-105.571631,28.146979],[-105.571734,28.146988],[-105.57177,28.146988],[-105.571748,28.147434],[-105.571458,28.147463],[-105.571107,28.147479],[-105.570804,28.1475],[-105.570547,28.147483],[-105.570289,28.147427],[-105.569964,28.147349],[-105.569508,28.147225],[-105.569234,28.147142],[-105.568913,28.147117],[-105.568736,28.147145],[-105.568705,28.147055],[-105.568843,28.147008],[-105.568967,28.146956],[-105.56907,28.146865],[-105.569213,28.14671],[-105.569382,28.146492],[-105.569522,28.146302],[-105.569659,28.146143],[-105.569845,28.145974],[-105.570022,28.145822],[-105.570204,28.145685],[-105.570323,28.145593],[-105.570451,28.145492],[-105.570583,28.145377],[-105.570736,28.145258],[-105.57086,28.145202]]]}},{"type":"Feature","properties":{"modulo":5,"idparcela":"3022","productor":"BURROLA FLORES OSWALDO","cultivo":null,"superficie_fisica_ha":5.823,"superficie_riego_ha":5.823,"hectareas":0},"geometry":{"type":"Polygon","coordinates":[[[-105.572318,28.150723],[-105.572599,28.15034],[-105.573177,28.149559],[-105.574137,28.148422],[-105.574492,28.148576],[-105.575441,28.149021],[-105.57547,28.149923],[-105.575461,28.149933],[-105.574067,28.151542],[-105.572318,28.150723]]]}},{"type":"Feature","properties":{"modulo":5,"idparcela":"3064","productor":"RODRIGUEZ MARQUEZ MANUEL","cultivo":null,"superficie_fisica_ha":5.7347,"superficie_riego_ha":5.7347,"hectareas":0},"geometry":{"type":"Polygon","coordinates":[[[-105.570852,28.152376],[-105.570714,28.152336],[-105.570519,28.152262],[-105.570355,28.152159],[-105.570203,28.151919],[-105.569787,28.151137],[-105.569055,28.149914],[-105.568776,28.149632],[-105.568279,28.148889],[-105.569279,28.149336],[-105.572224,28.150674],[-105.571384,28.151962],[-105.57119,28.152244],[-105.571107,28.152324],[-105.571004,28.152358],[-105.570852,28.152376]]]}},{"type":"Feature","properties":{"modulo":5,"idparcela":"3021","productor":"RODRIGUEZ MARQUEZ MANUEL","cultivo":null,"superficie_fisica_ha":3.15,"superficie_riego_ha":3.15,"hectareas":0},"geometry":{"type":"Polygon","coordinates":[[[-105.57402,28.148349],[-105.57362,28.148153],[-105.57211,28.147487],[-105.572353,28.147491],[-105.573814,28.147419],[-105.575347,28.147352],[-105.575383,28.147445],[-105.575404,28.148604],[-105.575413,28.148859],[-105.575361,28.148913],[-105.574719,28.1486],[-105.574157,28.148331],[-105.57402,28.148349]]]}},{"type":"Feature","properties":{"modulo":5,"idparcela":"3023","productor":"ALDAZ ANCHONDO CRUZ","cultivo":null,"superficie_fisica_ha":6.374,"superficie_riego_ha":6.374,"hectareas":0},"geometry":{"type":"Polygon","coordinates":[[[-105.57211,28.147487],[-105.57362,28.148153],[-105.57402,28.148349],[-105.573375,28.14917],[-105.572224,28.150674],[-105.569279,28.149336],[-105.569493,28.149031],[-105.570519,28.147571],[-105.570756,28.147572],[-105.571135,28.147562],[-105.571656,28.14752],[-105.57211,28.147487]]]}},{"type":"Feature","properties":{"modulo":5,"idparcela":"3079","productor":"RODRIGUEZ ALEMAN ERNESTO","cultivo":null,"superficie_fisica_ha":8.3689,"superficie_riego_ha":8.075,"hectareas":0},"geometry":{"type":"Polygon","coordinates":[[[-105.567933,28.148472],[-105.567751,28.148226],[-105.56755,28.148015],[-105.567422,28.147949],[-105.567075,28.147872],[-105.568135,28.146922],[-105.568174,28.14694],[-105.568256,28.14693],[-105.568396,28.146821],[-105.568436,28.146794],[-105.56853,28.146821],[-105.568615,28.146884],[-105.568705,28.147055],[-105.568736,28.147145],[-105.568822,28.147199],[-105.569034,28.147205],[-105.569425,28.147307],[-105.569784,28.147394],[-105.570138,28.147485],[-105.570519,28.147571],[-105.569493,28.149031],[-105.569279,28.149336],[-105.568279,28.148889],[-105.567933,28.148472]]]}},{"type":"Feature","properties":{"modulo":5,"idparcela":"3020","productor":"RODRIGUEZ MARQUEZ MANUEL","cultivo":null,"superficie_fisica_ha":7.95,"superficie_riego_ha":7.95,"hectareas":0},"geometry":{"type":"Polygon","coordinates":[[[-105.571882,28.146717],[-105.572002,28.145588],[-105.57206,28.145055],[-105.572778,28.145206],[-105.57361,28.145356],[-105.57439,28.145515],[-105.575204,28.145648],[-105.575236,28.146483],[-105.575266,28.147258],[-105.574821,28.147283],[-105.573221,28.147361],[-105.572099,28.147411],[-105.571748,28.147434],[-105.57177,28.146988],[-105.571809,28.146988],[-105.57209,28.146923],[-105.572201,28.14686],[-105.572194,28.146788],[-105.572141,28.146743],[-105.572039,28.146707],[-105.571882,28.146717]]]}},{"type":"Feature","properties":{"modulo":5,"idparcela":"3006","productor":"MENDOZA CHAVIRA VICTOR","cultivo":null,"superficie_fisica_ha":8.0684,"superficie_riego_ha":8.0684,"hectareas":0},"geometry":{"type":"Polygon","coordinates":[[[-105.575603,28.149142],[-105.575598,28.147333],[-105.576019,28.14734],[-105.576317,28.147339],[-105.576809,28.147283],[-105.57725,28.147218],[-105.577668,28.147207],[-105.578067,28.147214],[-105.578317,28.147178],[-105.578633,28.147121],[-105.57885,28.147382],[-105.577533,28.148913],[-105.579232,28.149655],[-105.578526,28.150443],[-105.577763,28.150121],[-105.575603,28.149142]]]}},{"type":"Feature","properties":{"modulo":5,"idparcela":"3037","productor":"URIBE CANO ANDRES","cultivo":null,"superficie_fisica_ha":6,"superficie_riego_ha":6,"hectareas":0},"geometry":{"type":"Polygon","coordinates":[[[-105.561703,28.147227],[-105.56128,28.146526],[-105.561016,28.14604],[-105.564144,28.145333],[-105.564536,28.146109],[-105.56462,28.146323],[-105.564795,28.146681],[-105.56482,28.146735],[-105.56496,28.147008],[-105.564792,28.147016],[-105.564461,28.147069],[-105.563431,28.1473],[-105.562177,28.147565],[-105.562015,28.14759],[-105.561937,28.147557],[-105.561828,28.14742],[-105.561703,28.147227]]]}},{"type":"Feature","properties":{"modulo":5,"idparcela":"3063","productor":"BURROLA FLORES OSWALDO","cultivo":null,"superficie_fisica_ha":5.9918,"superficie_riego_ha":5.925,"hectareas":0},"geometry":{"type":"Polygon","coordinates":[[[-105.571151,28.152527],[-105.571646,28.152701],[-105.571962,28.152814],[-105.572247,28.152919],[-105.572427,28.152998],[-105.572744,28.153149],[-105.572903,28.153247],[-105.570509,28.154946],[-105.570374,28.154845],[-105.570152,28.154719],[-105.568765,28.153923],[-105.568885,28.153843],[-105.569867,28.153184],[-105.570816,28.152522],[-105.570952,28.152451],[-105.571151,28.152527]]]}},{"type":"Feature","properties":{"modulo":5,"idparcela":"3069","productor":"BURROLA FLORES OSWALDO","cultivo":null,"superficie_fisica_ha":6.425,"superficie_riego_ha":6.425,"hectareas":0},"geometry":{"type":"Polygon","coordinates":[[[-105.569105,28.157336],[-105.568301,28.156838],[-105.567482,28.156372],[-105.566746,28.155946],[-105.569286,28.154325],[-105.570214,28.154862],[-105.570451,28.154991],[-105.570324,28.155218],[-105.569979,28.155753],[-105.569921,28.15593],[-105.569694,28.156768],[-105.569614,28.156908],[-105.569105,28.157336]]]}},{"type":"Feature","properties":{"modulo":5,"idparcela":"3067","productor":"RIVERA LOZOYA JOSE LUIS","cultivo":null,"superficie_fisica_ha":5.35,"superficie_riego_ha":5.35,"hectareas":0},"geometry":{"type":"Polygon","coordinates":[[[-105.566828,28.152791],[-105.56846,28.151869],[-105.569787,28.151137],[-105.570203,28.151919],[-105.570355,28.152159],[-105.570519,28.152262],[-105.570714,28.152336],[-105.570852,28.152376],[-105.570582,28.152574],[-105.57009,28.152915],[-105.569198,28.153528],[-105.568734,28.153845],[-105.568643,28.153847],[-105.568486,28.153756],[-105.567894,28.1534],[-105.566828,28.152791]]]}},{"type":"Feature","properties":{"modulo":5,"idparcela":"3068","productor":"MEDINA NEVAREZ JAIME RAUL","cultivo":null,"superficie_fisica_ha":6,"superficie_riego_ha":6,"hectareas":0},"geometry":{"type":"Polygon","coordinates":[[[-105.566746,28.155946],[-105.566469,28.155801],[-105.565703,28.155297],[-105.566893,28.152929],[-105.568131,28.15365],[-105.569286,28.154325],[-105.566746,28.155946]]]}},{"type":"Feature","properties":{"modulo":5,"idparcela":"3053","productor":"HERNANDEZ MENDOZA LUZ ELENA","cultivo":null,"superficie_fisica_ha":6.0452,"superficie_riego_ha":6.0452,"hectareas":0},"geometry":{"type":"Polygon","coordinates":[[[-105.562168,28.160813],[-105.560392,28.160665],[-105.559075,28.160535],[-105.559157,28.16027],[-105.559256,28.159983],[-105.55961,28.158762],[-105.5602,28.158871],[-105.560154,28.159029],[-105.560192,28.159146],[-105.560273,28.159281],[-105.560341,28.159416],[-105.560342,28.159444],[-105.560518,28.159325],[-105.560613,28.159163],[-105.560633,28.159072],[-105.560583,28.158991],[-105.560573,28.158917],[-105.560885,28.158954],[-105.562604,28.159181],[-105.562432,28.159815],[-105.562304,28.160359],[-105.562168,28.160813]]]}},{"type":"Feature","properties":{"modulo":5,"idparcela":"3070","productor":"QUI¥ONES ESPARZA VICENTE","cultivo":null,"superficie_fisica_ha":8,"superficie_riego_ha":8,"hectareas":0},"geometry":{"type":"Polygon","coordinates":[[[-105.561162,28.153462],[-105.56124,28.153276],[-105.561345,28.153122],[-105.561492,28.153008],[-105.56259,28.153597],[-105.563779,28.154242],[-105.565174,28.155066],[-105.564029,28.15555],[-105.563969,28.155471],[-105.560727,28.154808],[-105.560876,28.154329],[-105.561013,28.153907],[-105.561162,28.153462]]]}},{"type":"Feature","properties":{"modulo":5,"idparcela":"3025","productor":"BURROLA FLORES SERGIO","cultivo":null,"superficie_fisica_ha":6.075,"superficie_riego_ha":6.075,"hectareas":0},"geometry":{"type":"Polygon","coordinates":[[[-105.575217,28.154507],[-105.575611,28.154743],[-105.576036,28.155011],[-105.576468,28.155301],[-105.574001,28.157029],[-105.573339,28.156673],[-105.57264,28.156227],[-105.572208,28.155972],[-105.574693,28.15423],[-105.575217,28.154507]]]}},{"type":"Feature","properties":{"modulo":5,"idparcela":"3027","productor":"MEDINA NEVAREZ JAIME RAUL","cultivo":null,"superficie_fisica_ha":5.775,"superficie_riego_ha":5.775,"hectareas":0},"geometry":{"type":"Polygon","coordinates":[[[-105.556221,28.142988],[-105.55749,28.142753],[-105.559302,28.142395],[-105.560028,28.14395],[-105.557055,28.144746],[-105.556694,28.144059],[-105.556221,28.142988]]]}},{"type":"Feature","properties":{"modulo":5,"idparcela":"3083","productor":"MARQUEZ GUTIERREZ MARCO ANTONIO","cultivo":null,"superficie_fisica_ha":7.875,"superficie_riego_ha":7.875,"hectareas":0},"geometry":{"type":"Polygon","coordinates":[[[-105.554344,28.146342],[-105.55261,28.146718],[-105.551343,28.147003],[-105.550648,28.145797],[-105.550454,28.145459],[-105.550502,28.145402],[-105.550655,28.145278],[-105.550995,28.14507],[-105.55124,28.144917],[-105.551486,28.144776],[-105.551651,28.14468],[-105.551653,28.144766],[-105.552025,28.144641],[-105.55235,28.144547],[-105.552702,28.144429],[-105.553072,28.144235],[-105.553344,28.144001],[-105.553591,28.144625],[-105.554344,28.146342]]]}},{"type":"Feature","properties":{"modulo":5,"idparcela":"3033","productor":"IBARRA CHAVEZ VICTOR","cultivo":null,"superficie_fisica_ha":4.7,"superficie_riego_ha":4.7,"hectareas":0},"geometry":{"type":"Polygon","coordinates":[[[-105.555214,28.147986],[-105.555243,28.147077],[-105.555252,28.146117],[-105.557295,28.145627],[-105.558136,28.14731],[-105.555214,28.147986]]]}},{"type":"Feature","properties":{"modulo":5,"idparcela":"3111","productor":"MARQUEZ DIAZ JOSE ALEJANDR","cultivo":null,"superficie_fisica_ha":5.9322,"superficie_riego_ha":5.6258,"hectareas":0},"geometry":{"type":"Polygon","coordinates":[[[-105.544449,28.149969],[-105.542472,28.149054],[-105.542501,28.14894],[-105.542994,28.148796],[-105.544267,28.148368],[-105.54543,28.147987],[-105.546135,28.147731],[-105.546612,28.147543],[-105.547222,28.148552],[-105.544449,28.149969]]]}},{"type":"Feature","properties":{"modulo":5,"idparcela":"3115","productor":"IBARRA MACIAS CARLOS","cultivo":null,"superficie_fisica_ha":8.175,"superficie_riego_ha":8.175,"hectareas":0},"geometry":{"type":"Polygon","coordinates":[[[-105.541858,28.151605],[-105.542155,28.150371],[-105.542472,28.149054],[-105.544449,28.149969],[-105.546164,28.150849],[-105.543241,28.152268],[-105.543208,28.152162],[-105.541858,28.151605]]]}},{"type":"Feature","properties":{"modulo":5,"idparcela":"3113","productor":"LOPEZ CARRILLO JESUS","cultivo":null,"superficie_fisica_ha":5.125,"superficie_riego_ha":5.125,"hectareas":0},"geometry":{"type":"Polygon","coordinates":[[[-105.549374,28.149786],[-105.549935,28.150112],[-105.550874,28.150692],[-105.550521,28.150749],[-105.550226,28.150803],[-105.549977,28.150841],[-105.549656,28.150916],[-105.549413,28.151005],[-105.549275,28.151096],[-105.549078,28.151204],[-105.548871,28.151356],[-105.54861,28.151504],[-105.548294,28.151659],[-105.54793,28.151902],[-105.546164,28.150849],[-105.548296,28.150014],[-105.54914,28.149675],[-105.549374,28.149786]]]}},{"type":"Feature","properties":{"modulo":5,"idparcela":"3099","productor":"RODRIGUEZ MARQUEZ MANUEL","cultivo":null,"superficie_fisica_ha":5.9,"superficie_riego_ha":5.9,"hectareas":0},"geometry":{"type":"Polygon","coordinates":[[[-105.550214,28.149233],[-105.550661,28.149083],[-105.552035,28.148583],[-105.552157,28.148686],[-105.552267,28.1487],[-105.553083,28.15034],[-105.552874,28.150407],[-105.552573,28.150462],[-105.552044,28.150531],[-105.551551,28.150598],[-105.550874,28.150692],[-105.549935,28.150112],[-105.549374,28.149786],[-105.549626,28.14961],[-105.550214,28.149233]]]}},{"type":"Feature","properties":{"modulo":5,"idparcela":"3098","productor":"MEDINA NEVAREZ JAIME RAUL","cultivo":null,"superficie_fisica_ha":7.4,"superficie_riego_ha":7.4,"hectareas":0},"geometry":{"type":"Polygon","coordinates":[[[-105.548687,28.146441],[-105.550285,28.145469],[-105.550932,28.146465],[-105.551811,28.148085],[-105.552035,28.148583],[-105.550661,28.149083],[-105.550214,28.149233],[-105.550036,28.148907],[-105.548687,28.146441]]]}},{"type":"Feature","properties":{"modulo":5,"idparcela":"3110","productor":"MELENDEZ QUI¥ONEZ EDUARDO","cultivo":null,"superficie_fisica_ha":6.125,"superficie_riego_ha":6.125,"hectareas":0},"geometry":{"type":"Polygon","coordinates":[[[-105.549374,28.149786],[-105.54914,28.149675],[-105.548296,28.150014],[-105.547222,28.148552],[-105.546612,28.147543],[-105.547513,28.147141],[-105.548687,28.146441],[-105.550036,28.148907],[-105.550214,28.149233],[-105.549626,28.14961],[-105.549374,28.149786]]]}},{"type":"Feature","properties":{"modulo":5,"idparcela":"3085","productor":"JURADO GINER ERNESTO","cultivo":null,"superficie_fisica_ha":7.775,"superficie_riego_ha":7.775,"hectareas":0},"geometry":{"type":"Polygon","coordinates":[[[-105.552885,28.150576],[-105.553068,28.150512],[-105.553286,28.150473],[-105.553615,28.150415],[-105.554011,28.150346],[-105.554472,28.150266],[-105.55509,28.150107],[-105.555103,28.151218],[-105.555102,28.15255],[-105.555002,28.152633],[-105.554865,28.152748],[-105.554801,28.152815],[-105.552286,28.152365],[-105.552274,28.15241],[-105.551736,28.152313],[-105.55213,28.150677],[-105.55231,28.150659],[-105.552418,28.150641],[-105.55272,28.150613],[-105.552885,28.150576]]]}},{"type":"Feature","properties":{"modulo":5,"idparcela":"3103","productor":"LOPEZ MONTANEZ MARTIN","cultivo":null,"superficie_fisica_ha":6,"superficie_riego_ha":6,"hectareas":0},"geometry":{"type":"Polygon","coordinates":[[[-105.551387,28.15384],[-105.55102,28.154028],[-105.550052,28.154082],[-105.549641,28.154091],[-105.550422,28.150938],[-105.550843,28.150863],[-105.551285,28.15079],[-105.55184,28.150715],[-105.55213,28.150677],[-105.551736,28.152313],[-105.551387,28.15384]]]}},{"type":"Feature","properties":{"modulo":5,"idparcela":"3106","productor":"BURROLA FLORES OSWALDO","cultivo":null,"superficie_fisica_ha":2.8159,"superficie_riego_ha":2.8159,"hectareas":0},"geometry":{"type":"Polygon","coordinates":[[[-105.548838,28.154084],[-105.549525,28.15114],[-105.549713,28.151076],[-105.550422,28.150938],[-105.549641,28.154091],[-105.548838,28.154084]]]}},{"type":"Feature","properties":{"modulo":5,"idparcela":"3100","productor":"LOPEZ CARRILLO JESUS","cultivo":null,"superficie_fisica_ha":6.3241,"superficie_riego_ha":6.3241,"hectareas":0},"geometry":{"type":"Polygon","coordinates":[[[-105.548117,28.154104],[-105.545559,28.153623],[-105.544892,28.153504],[-105.545104,28.153331],[-105.54529,28.153204],[-105.546432,28.152686],[-105.547262,28.152349],[-105.547793,28.152121],[-105.548253,28.151885],[-105.548351,28.151785],[-105.548558,28.151694],[-105.549029,28.151459],[-105.549271,28.151317],[-105.549525,28.15114],[-105.548838,28.154084],[-105.548223,28.154089],[-105.548117,28.154104]]]}},{"type":"Feature","properties":{"modulo":5,"idparcela":"3084","productor":"MARQUEZ GUTIERREZ MARCO ANTONIO","cultivo":null,"superficie_fisica_ha":5.6,"superficie_riego_ha":5.6,"hectareas":0},"geometry":{"type":"Polygon","coordinates":[[[-105.551343,28.147003],[-105.55261,28.146718],[-105.554344,28.146342],[-105.555118,28.14785],[-105.555114,28.148029],[-105.552551,28.148587],[-105.552357,28.148617],[-105.552219,28.148612],[-105.552135,28.148549],[-105.551709,28.147686],[-105.551343,28.147003]]]}},{"type":"Feature","properties":{"modulo":5,"idparcela":"3034","productor":"VILLA RIVERA OSCAR","cultivo":null,"superficie_fisica_ha":6.684,"superficie_riego_ha":6.684,"hectareas":0},"geometry":{"type":"Polygon","coordinates":[[[-105.559251,28.149405],[-105.558545,28.149547],[-105.558158,28.149632],[-105.557964,28.149274],[-105.556102,28.149724],[-105.555216,28.148075],[-105.556486,28.147779],[-105.558194,28.147396],[-105.55836,28.147684],[-105.558882,28.148665],[-105.559251,28.149405]]]}},{"type":"Feature","properties":{"modulo":5,"idparcela":"3044","productor":"MARQUEZ MARQUEZ MANUEL","cultivo":null,"superficie_fisica_ha":8.35,"superficie_riego_ha":8.35,"hectareas":0},"geometry":{"type":"Polygon","coordinates":[[[-105.562728,28.1505],[-105.5619,28.149997],[-105.561088,28.150729],[-105.560709,28.151088],[-105.560185,28.151576],[-105.559833,28.151917],[-105.559083,28.151503],[-105.558726,28.151302],[-105.558412,28.151101],[-105.558107,28.150921],[-105.557909,28.1508],[-105.55778,28.150677],[-105.557865,28.150675],[-105.557966,28.150658],[-105.558115,28.15063],[-105.558255,28.15058],[-105.558392,28.15053],[-105.558508,28.150474],[-105.558664,28.150406],[-105.558819,28.150291],[-105.558955,28.150227],[-105.559076,28.150192],[-105.559217,28.150171],[-105.559374,28.150146],[-105.55949,28.150096],[-105.559529,28.150031],[-105.55953,28.14992],[-105.559464,28.149741],[-105.55942,28.149602],[-105.559453,28.149517],[-105.560179,28.149373],[-105.561071,28.149186],[-105.561573,28.149075],[-105.562069,28.148965],[-105.562758,28.148821],[-105.56308,28.148747],[-105.563639,28.148646],[-105.564481,28.148479],[-105.564513,28.148597],[-105.564575,28.148723],[-105.564615,28.14875],[-105.564691,28.14875],[-105.562728,28.1505]]]}},{"type":"Feature","properties":{"modulo":5,"idparcela":"3102","productor":"ALVAREZ ALVARADO BENITO","cultivo":null,"superficie_fisica_ha":2.25,"superficie_riego_ha":2.25,"hectareas":0},"geometry":{"type":"Polygon","coordinates":[[[-105.549239,28.156235],[-105.550797,28.156113],[-105.549677,28.157031],[-105.54906,28.157551],[-105.549239,28.156235]]]}},{"type":"Feature","properties":{"modulo":5,"idparcela":"3101","productor":"BURROLA FLORES SERGIO","cultivo":null,"superficie_fisica_ha":6.6,"superficie_riego_ha":6.6,"hectareas":0},"geometry":{"type":"Polygon","coordinates":[[[-105.549641,28.154091],[-105.550052,28.154082],[-105.55102,28.154028],[-105.551387,28.15384],[-105.551362,28.154061],[-105.550973,28.155418],[-105.550797,28.156113],[-105.549239,28.156235],[-105.547705,28.156324],[-105.548223,28.154089],[-105.548838,28.154084],[-105.549641,28.154091]]]}},{"type":"Feature","properties":{"modulo":5,"idparcela":"3119","productor":"RODRIGUEZ MARQUEZ MANUEL","cultivo":null,"superficie_fisica_ha":3.54,"superficie_riego_ha":3.54,"hectareas":0},"geometry":{"type":"Polygon","coordinates":[[[-105.547292,28.159096],[-105.547189,28.159086],[-105.547065,28.159059],[-105.547705,28.156324],[-105.549239,28.156235],[-105.54906,28.157551],[-105.548398,28.158161],[-105.547788,28.158727],[-105.547413,28.159079],[-105.547292,28.159096]]]}},{"type":"Feature","properties":{"modulo":5,"idparcela":"3133","productor":"MEDINA NEVAREZ JAIME RAUL","cultivo":null,"superficie_fisica_ha":5.9,"superficie_riego_ha":5.9,"hectareas":0},"geometry":{"type":"Polygon","coordinates":[[[-105.539367,28.157627],[-105.539512,28.157366],[-105.539635,28.157132],[-105.540003,28.156538],[-105.540106,28.156385],[-105.540821,28.155191],[-105.540941,28.154991],[-105.540991,28.154901],[-105.541014,28.154829],[-105.54126,28.153904],[-105.542145,28.154703],[-105.542307,28.155112],[-105.542127,28.155293],[-105.542,28.155472],[-105.541901,28.155759],[-105.541841,28.155987],[-105.541792,28.15622],[-105.5417,28.156665],[-105.541645,28.157006],[-105.541566,28.157341],[-105.541474,28.157597],[-105.541383,28.157841],[-105.541323,28.157965],[-105.541289,28.157996],[-105.541232,28.158005],[-105.541185,28.158],[-105.539909,28.157753],[-105.539887,28.157822],[-105.539682,28.157781],[-105.539506,28.157738],[-105.539329,28.157701],[-105.539367,28.157627]]]}},{"type":"Feature","properties":{"modulo":5,"idparcela":"3117","productor":"MARTINEZ FUENTES RAMON ARTURO","cultivo":null,"superficie_fisica_ha":7.3864,"superficie_riego_ha":7.3864,"hectareas":0},"geometry":{"type":"Polygon","coordinates":[[[-105.543241,28.152268],[-105.544084,28.152606],[-105.544754,28.152876],[-105.544906,28.152961],[-105.544979,28.153058],[-105.545023,28.153181],[-105.544812,28.153361],[-105.544404,28.153723],[-105.544229,28.153874],[-105.544003,28.154031],[-105.543746,28.154179],[-105.543369,28.154329],[-105.542994,28.154503],[-105.542702,28.154741],[-105.542307,28.155112],[-105.542145,28.154703],[-105.54126,28.153904],[-105.541368,28.153466],[-105.541547,28.152697],[-105.541832,28.15173],[-105.543241,28.152268]]]}},{"type":"Feature","properties":{"modulo":5,"idparcela":"3116","productor":"MARTINEZ FUENTES JESUS ALBERTO","cultivo":null,"superficie_fisica_ha":5.5,"superficie_riego_ha":5.5,"hectareas":0},"geometry":{"type":"Polygon","coordinates":[[[-105.545023,28.153181],[-105.544979,28.153058],[-105.544906,28.152961],[-105.544754,28.152876],[-105.544084,28.152606],[-105.543241,28.152268],[-105.546164,28.150849],[-105.54793,28.151902],[-105.547147,28.152232],[-105.546251,28.152612],[-105.54533,28.153016],[-105.545023,28.153181]]]}},{"type":"Feature","properties":{"modulo":5,"idparcela":"3050","productor":"ROJAS HERNANDEZ JUAN","cultivo":null,"superficie_fisica_ha":6.0343,"superficie_riego_ha":5.9886,"hectareas":0},"geometry":{"type":"Polygon","coordinates":[[[-105.557341,28.155841],[-105.559034,28.156068],[-105.560228,28.156241],[-105.560099,28.156769],[-105.559841,28.15783],[-105.559801,28.157964],[-105.559724,28.158003],[-105.559633,28.158017],[-105.559495,28.158008],[-105.559069,28.157952],[-105.558522,28.157884],[-105.557194,28.15771],[-105.557081,28.15767],[-105.557019,28.157618],[-105.556982,28.157523],[-105.557054,28.157158],[-105.557179,28.156549],[-105.557259,28.156145],[-105.557341,28.155841]]]}},{"type":"Feature","properties":{"modulo":5,"idparcela":"3048","productor":"MARQUEZ QUINONES GUILLERMO","cultivo":null,"superficie_fisica_ha":5.25,"superficie_riego_ha":5.25,"hectareas":0},"geometry":{"type":"Polygon","coordinates":[[[-105.560228,28.156241],[-105.559034,28.156068],[-105.557341,28.155841],[-105.55706,28.155799],[-105.557296,28.154691],[-105.557332,28.154604],[-105.557435,28.154521],[-105.557495,28.154449],[-105.557782,28.154322],[-105.55823,28.154151],[-105.558562,28.154067],[-105.559393,28.15424],[-105.560698,28.154459],[-105.560546,28.15503],[-105.560228,28.156241]]]}},{"type":"Feature","properties":{"modulo":5,"idparcela":"3047","productor":"MARQUEZ QUINONES GUILLERMO","cultivo":null,"superficie_fisica_ha":7.35,"superficie_riego_ha":6.775,"hectareas":0},"geometry":{"type":"Polygon","coordinates":[[[-105.559733,28.151955],[-105.560741,28.152516],[-105.561328,28.152863],[-105.561195,28.153008],[-105.561095,28.153148],[-105.56101,28.153345],[-105.560903,28.153692],[-105.560811,28.154013],[-105.560707,28.154367],[-105.558676,28.154025],[-105.558668,28.153745],[-105.558664,28.153621],[-105.558614,28.15349],[-105.558503,28.153368],[-105.558393,28.153275],[-105.558278,28.153236],[-105.558119,28.153178],[-105.558023,28.153147],[-105.557974,28.153097],[-105.557965,28.153022],[-105.558448,28.151616],[-105.558571,28.151299],[-105.559733,28.151955]]]}},{"type":"Feature","properties":{"modulo":5,"idparcela":"3088","productor":"SILVEIRA TERRAZAS ROBERTO","cultivo":null,"superficie_fisica_ha":6,"superficie_riego_ha":6,"hectareas":0},"geometry":{"type":"Polygon","coordinates":[[[-105.553418,28.158884],[-105.552234,28.15866],[-105.55033,28.158376],[-105.550339,28.158336],[-105.550739,28.156612],[-105.551318,28.156138],[-105.553822,28.15694],[-105.553764,28.157265],[-105.553418,28.158884]]]}},{"type":"Feature","properties":{"modulo":5,"idparcela":"3114","productor":"ESTRADA TARANGO EULALIA","cultivo":null,"superficie_fisica_ha":9.3,"superficie_riego_ha":9.3,"hectareas":0},"geometry":{"type":"Polygon","coordinates":[[[-105.541832,28.15173],[-105.541547,28.152697],[-105.541368,28.153466],[-105.54126,28.153904],[-105.541014,28.154829],[-105.540991,28.154901],[-105.540941,28.154991],[-105.540821,28.155191],[-105.540106,28.156385],[-105.540003,28.156538],[-105.539635,28.157132],[-105.537764,28.157022],[-105.539395,28.154871],[-105.540182,28.153794],[-105.540462,28.153396],[-105.54068,28.153115],[-105.540926,28.152781],[-105.541071,28.152608],[-105.541262,28.152265],[-105.541389,28.151938],[-105.541413,28.151587],[-105.541406,28.151401],[-105.541396,28.151038],[-105.541369,28.149728],[-105.54138,28.14953],[-105.541442,28.149457],[-105.54156,28.149412],[-105.542501,28.14894],[-105.542472,28.149054],[-105.542155,28.150371],[-105.541858,28.151605],[-105.541832,28.15173]]]}},{"type":"Feature","properties":{"modulo":5,"idparcela":"3091","productor":"GOMEZ CELIS MANUEL","cultivo":null,"superficie_fisica_ha":5.95,"superficie_riego_ha":5.95,"hectareas":0},"geometry":{"type":"Polygon","coordinates":[[[-105.552802,28.162898],[-105.55267,28.163363],[-105.552583,28.163682],[-105.552492,28.163974],[-105.552374,28.164336],[-105.552185,28.164533],[-105.551979,28.16469],[-105.551832,28.16482],[-105.551655,28.16491],[-105.551461,28.164948],[-105.551319,28.164964],[-105.551057,28.164997],[-105.55081,28.165022],[-105.550623,28.165046],[-105.550451,28.165077],[-105.550228,28.165141],[-105.550094,28.165211],[-105.550014,28.165292],[-105.549887,28.165469],[-105.549805,28.16561],[-105.54971,28.165685],[-105.54956,28.165708],[-105.549312,28.16568],[-105.549079,28.165659],[-105.548845,28.165644],[-105.548683,28.165635],[-105.548848,28.164805],[-105.548899,28.164521],[-105.549227,28.163243],[-105.549233,28.163201],[-105.54925,28.163098],[-105.54926,28.163058],[-105.54941,28.162484],[-105.549418,28.162437],[-105.550183,28.162535],[-105.550605,28.162579],[-105.550606,28.162579],[-105.550606,28.162578],[-105.550924,28.162576],[-105.551454,28.162651],[-105.552042,28.162713],[-105.552493,28.16279],[-105.552802,28.162898]]]}},{"type":"Feature","properties":{"modulo":5,"idparcela":"3272","productor":"GARCIA NUÑEZ MARIA","cultivo":null,"superficie_fisica_ha":5.6073,"superficie_riego_ha":5.4,"hectareas":0},"geometry":{"type":"Polygon","coordinates":[[[-105.553254,28.163479],[-105.553224,28.163319],[-105.553209,28.163096],[-105.553142,28.162962],[-105.552943,28.16291],[-105.552802,28.162898],[-105.552842,28.162701],[-105.553013,28.160897],[-105.555144,28.161433],[-105.55515,28.1619],[-105.555166,28.16282],[-105.555133,28.16301],[-105.555033,28.163153],[-105.554894,28.163213],[-105.554707,28.163242],[-105.554233,28.163304],[-105.55346,28.16338],[-105.553254,28.163479]]]}},{"type":"Feature","properties":{"modulo":5,"idparcela":"3008","productor":"MARMOLEJO GONZALEZ JESUS","cultivo":null,"superficie_fisica_ha":6.275,"superficie_riego_ha":6.275,"hectareas":0},"geometry":{"type":"Polygon","coordinates":[[[-105.576838,28.152768],[-105.576449,28.152593],[-105.576145,28.152459],[-105.577763,28.150121],[-105.578526,28.150443],[-105.579443,28.150877],[-105.577993,28.153303],[-105.577589,28.15312],[-105.576838,28.152768]]]}},{"type":"Feature","properties":{"modulo":5,"idparcela":"3007","productor":"BURROLA FLORES OSWALDO","cultivo":null,"superficie_fisica_ha":5.848,"superficie_riego_ha":5.848,"hectareas":0},"geometry":{"type":"Polygon","coordinates":[[[-105.579443,28.150877],[-105.580525,28.151345],[-105.581311,28.151674],[-105.581181,28.151919],[-105.579844,28.15416],[-105.579641,28.154147],[-105.579511,28.154073],[-105.579373,28.153993],[-105.579203,28.153896],[-105.579101,28.153845],[-105.578989,28.153789],[-105.578851,28.153728],[-105.578619,28.153625],[-105.578301,28.153484],[-105.578124,28.153378],[-105.577993,28.153303],[-105.579443,28.150877]]]}},{"type":"Feature","properties":{"modulo":5,"idparcela":"3012","productor":"GOMEZ ALEMAN ROLANDO","cultivo":null,"superficie_fisica_ha":3.6535,"superficie_riego_ha":3.6535,"hectareas":0},"geometry":{"type":"Polygon","coordinates":[[[-105.576838,28.152768],[-105.577589,28.15312],[-105.577993,28.153303],[-105.578124,28.153378],[-105.576558,28.155223],[-105.576195,28.154975],[-105.575739,28.154702],[-105.575263,28.154397],[-105.575519,28.154099],[-105.575646,28.153944],[-105.576838,28.152768]]]}},{"type":"Feature","properties":{"modulo":5,"idparcela":"3017","productor":"QUI¥ONEZ MORALES OSCAR","cultivo":null,"superficie_fisica_ha":5.075,"superficie_riego_ha":5.075,"hectareas":0},"geometry":{"type":"Polygon","coordinates":[[[-105.576468,28.155301],[-105.576736,28.155442],[-105.577028,28.155539],[-105.577275,28.155599],[-105.577533,28.155681],[-105.577777,28.15573],[-105.57806,28.155751],[-105.578226,28.155749],[-105.578404,28.15576],[-105.578589,28.155777],[-105.579171,28.155944],[-105.579499,28.156029],[-105.579636,28.156075],[-105.579797,28.156133],[-105.579557,28.156281],[-105.579434,28.156363],[-105.5793,28.156437],[-105.574074,28.15707],[-105.574001,28.157029],[-105.576468,28.155301]]]}},{"type":"Feature","properties":{"modulo":5,"idparcela":"3011","productor":"BURROLA FLORES OSWALDO","cultivo":null,"superficie_fisica_ha":6.3,"superficie_riego_ha":6.076,"hectareas":0},"geometry":{"type":"Polygon","coordinates":[[[-105.579626,28.155961],[-105.57918,28.155835],[-105.578741,28.155709],[-105.578549,28.155658],[-105.578278,28.155637],[-105.578063,28.155636],[-105.577804,28.155626],[-105.5776,28.155576],[-105.577322,28.1555],[-105.576963,28.155416],[-105.57674,28.155339],[-105.576558,28.155223],[-105.578124,28.153378],[-105.578301,28.153484],[-105.578619,28.153625],[-105.578851,28.153728],[-105.578989,28.153789],[-105.579101,28.153845],[-105.579203,28.153896],[-105.579373,28.153993],[-105.579511,28.154073],[-105.579641,28.154147],[-105.579844,28.15416],[-105.579965,28.154232],[-105.580675,28.154527],[-105.579785,28.155724],[-105.579626,28.155961]]]}},{"type":"Feature","properties":{"modulo":5,"idparcela":"3024","productor":"BURROLA FLORES OSWALDO","cultivo":null,"superficie_fisica_ha":6.875,"superficie_riego_ha":6.875,"hectareas":0},"geometry":{"type":"Polygon","coordinates":[[[-105.573011,28.153167],[-105.572811,28.153062],[-105.572531,28.152933],[-105.572297,28.152826],[-105.572023,28.152739],[-105.571686,28.152617],[-105.571172,28.152395],[-105.571282,28.152249],[-105.571795,28.151504],[-105.572318,28.150723],[-105.574067,28.151542],[-105.575038,28.151985],[-105.573897,28.153654],[-105.573011,28.153167]]]}},{"type":"Feature","properties":{"modulo":5,"idparcela":"3026","productor":"RODRIGUEZ MARQUEZ MANUEL","cultivo":null,"superficie_fisica_ha":5.475,"superficie_riego_ha":5.475,"hectareas":0},"geometry":{"type":"Polygon","coordinates":[[[-105.573788,28.153722],[-105.574231,28.153962],[-105.574693,28.15423],[-105.572208,28.155972],[-105.570584,28.155019],[-105.573002,28.153298],[-105.573788,28.153722]]]}},{"type":"Feature","properties":{"modulo":5,"idparcela":"3065","productor":"RIVERA DE ANDA JOSE","cultivo":null,"superficie_fisica_ha":5.6,"superficie_riego_ha":5.6,"hectareas":0},"geometry":{"type":"Polygon","coordinates":[[[-105.569787,28.151137],[-105.56846,28.151869],[-105.566828,28.152791],[-105.565616,28.152109],[-105.566794,28.151212],[-105.568776,28.149632],[-105.569055,28.149914],[-105.569787,28.151137]]]}},{"type":"Feature","properties":{"modulo":5,"idparcela":"3082","productor":"MARQUEZ RAMIREZ RENE","cultivo":null,"superficie_fisica_ha":6.8162,"superficie_riego_ha":6.8162,"hectareas":0},"geometry":{"type":"Polygon","coordinates":[[[-105.560152,28.144233],[-105.561541,28.143852],[-105.563216,28.143391],[-105.563483,28.143979],[-105.564144,28.145333],[-105.561016,28.14604],[-105.560831,28.145649],[-105.560816,28.145616],[-105.560152,28.144233]]]}},{"type":"Feature","properties":{"modulo":5,"idparcela":"3035","productor":"MARQUEZ QUINONES GUILLERMO","cultivo":null,"superficie_fisica_ha":6,"superficie_riego_ha":6,"hectareas":0},"geometry":{"type":"Polygon","coordinates":[[[-105.557884,28.146349],[-105.5574,28.145451],[-105.557306,28.145259],[-105.557055,28.144746],[-105.560028,28.14395],[-105.560152,28.144233],[-105.560816,28.145616],[-105.557884,28.146349]]]}},{"type":"Feature","properties":{"modulo":5,"idparcela":"3042","productor":"MARQUEZ QUINONES MARCIAL","cultivo":null,"superficie_fisica_ha":5.825,"superficie_riego_ha":5.825,"hectareas":0},"geometry":{"type":"Polygon","coordinates":[[[-105.5619,28.153115],[-105.562615,28.152073],[-105.562894,28.151712],[-105.563007,28.151412],[-105.563235,28.151187],[-105.563497,28.150949],[-105.564063,28.151264],[-105.56442,28.15144],[-105.564707,28.151621],[-105.565003,28.151801],[-105.565178,28.151922],[-105.563822,28.154144],[-105.5619,28.153115]]]}},{"type":"Feature","properties":{"modulo":5,"idparcela":"3055","productor":"AGUIRRE GONZALEZ JOSE DOLORES","cultivo":null,"superficie_fisica_ha":0.5116,"superficie_riego_ha":0.5116,"hectareas":0},"geometry":{"type":"Polygon","coordinates":[[[-105.56189,28.162519],[-105.562108,28.161577],[-105.562465,28.161621],[-105.563994,28.161819],[-105.56189,28.162519]]]}},{"type":"Feature","properties":{"modulo":5,"idparcela":"3036","productor":"MARQUEZ QUINONES MARCIAL","cultivo":null,"superficie_fisica_ha":7,"superficie_riego_ha":7,"hectareas":0},"geometry":{"type":"Polygon","coordinates":[[[-105.561016,28.14604],[-105.56128,28.146526],[-105.561703,28.147227],[-105.561418,28.147331],[-105.558827,28.148314],[-105.558324,28.147267],[-105.557898,28.146474],[-105.557882,28.146442],[-105.557884,28.146349],[-105.560816,28.145616],[-105.560831,28.145649],[-105.561016,28.14604]]]}},{"type":"Feature","properties":{"modulo":5,"idparcela":"3005","productor":"RIVERA NAJERA MAIA SERAFINA MONSERRATA","cultivo":null,"superficie_fisica_ha":6.53,"superficie_riego_ha":6.53,"hectareas":0},"geometry":{"type":"Polygon","coordinates":[[[-105.57885,28.147382],[-105.578633,28.147121],[-105.57941,28.147079],[-105.580194,28.1471],[-105.580817,28.147375],[-105.581136,28.147312],[-105.581313,28.148515],[-105.57885,28.147382]]]}},{"type":"Feature","properties":{"modulo":5,"idparcela":"3020","productor":"RODRIGUEZ MARQUEZ MANUEL","cultivo":null,"superficie_fisica_ha":7.95,"superficie_riego_ha":7.95,"hectareas":0},"geometry":{"type":"Polygon","coordinates":[[[-105.575598,28.147333],[-105.575562,28.147285],[-105.575571,28.146916],[-105.575561,28.146916],[-105.575493,28.145754],[-105.575644,28.145767],[-105.57575,28.145746],[-105.576868,28.146063],[-105.576869,28.14623],[-105.576893,28.14637],[-105.577294,28.146603],[-105.577611,28.146695],[-105.57803,28.146797],[-105.57813,28.146783],[-105.578292,28.146846],[-105.57836,28.147013],[-105.578338,28.147113],[-105.578317,28.147178],[-105.578067,28.147214],[-105.577668,28.147207],[-105.57725,28.147218],[-105.576809,28.147283],[-105.576317,28.147339],[-105.576019,28.14734],[-105.575598,28.147333]]]}},{"type":"Feature","properties":{"modulo":5,"idparcela":"3002","productor":"TERRAZAS ALDAZ JESUS GILIBALDO","cultivo":null,"superficie_fisica_ha":6.642,"superficie_riego_ha":6.642,"hectareas":0},"geometry":{"type":"Polygon","coordinates":[[[-105.582084,28.154232],[-105.581948,28.154264],[-105.581558,28.154363],[-105.58081,28.154519],[-105.580675,28.154527],[-105.579965,28.154232],[-105.579844,28.15416],[-105.581181,28.151919],[-105.58143,28.151871],[-105.581575,28.151896],[-105.581748,28.151956],[-105.581824,28.15206],[-105.581895,28.152497],[-105.582051,28.153641],[-105.582084,28.154232]]]}},{"type":"Feature","properties":{"modulo":5,"idparcela":"3003","productor":"ALEMAN GARCIA JOSE SOCORRO","cultivo":null,"superficie_fisica_ha":9.378,"superficie_riego_ha":9.378,"hectareas":0},"geometry":{"type":"Polygon","coordinates":[[[-105.579626,28.155961],[-105.579785,28.155724],[-105.580675,28.154527],[-105.58081,28.154519],[-105.581558,28.154363],[-105.581948,28.154264],[-105.582084,28.154232],[-105.581653,28.155429],[-105.581327,28.156354],[-105.581286,28.156502],[-105.581194,28.156432],[-105.581014,28.156312],[-105.580901,28.156265],[-105.580604,28.156217],[-105.580292,28.156176],[-105.579989,28.156103],[-105.579825,28.156033],[-105.579626,28.155961]]]}},{"type":"Feature","properties":{"modulo":5,"idparcela":"3051","productor":"BURROLA FLORES JUAN CARLOS","cultivo":null,"superficie_fisica_ha":5.925,"superficie_riego_ha":5.925,"hectareas":0},"geometry":{"type":"Polygon","coordinates":[[[-105.560153,28.157012],[-105.561677,28.157184],[-105.562494,28.157283],[-105.562784,28.157312],[-105.563172,28.157351],[-105.562967,28.158057],[-105.562832,28.15856],[-105.562682,28.159077],[-105.560369,28.158788],[-105.560347,28.158887],[-105.560236,28.158864],[-105.5602,28.158871],[-105.55961,28.158762],[-105.559706,28.158393],[-105.559773,28.158109],[-105.559874,28.158117],[-105.560153,28.157012]]]}},{"type":"Feature","properties":{"modulo":5,"idparcela":"3046","productor":"RIVERA RIVERA ERNESTO","cultivo":null,"superficie_fisica_ha":9.255,"superficie_riego_ha":9.255,"hectareas":0},"geometry":{"type":"Polygon","coordinates":[[[-105.555235,28.155954],[-105.555234,28.154599],[-105.555219,28.1526],[-105.55534,28.152467],[-105.555501,28.152283],[-105.555761,28.152001],[-105.556009,28.151767],[-105.55606,28.151756],[-105.556133,28.151812],[-105.5562,28.151927],[-105.55631,28.152194],[-105.556375,28.152401],[-105.55641,28.152487],[-105.556466,28.152531],[-105.556805,28.152632],[-105.557716,28.15288],[-105.55783,28.152929],[-105.557855,28.152979],[-105.557834,28.153085],[-105.557846,28.153145],[-105.557895,28.153192],[-105.557988,28.153236],[-105.558128,28.153281],[-105.558252,28.153323],[-105.558353,28.153348],[-105.558431,28.15341],[-105.55849,28.153479],[-105.558555,28.153581],[-105.558581,28.153676],[-105.558577,28.153848],[-105.558562,28.154067],[-105.55823,28.154151],[-105.557782,28.154322],[-105.557495,28.154449],[-105.557435,28.154521],[-105.557332,28.154604],[-105.557296,28.154691],[-105.55706,28.155799],[-105.556892,28.156424],[-105.555408,28.155999],[-105.555235,28.155954]]]}},{"type":"Feature","properties":{"modulo":5,"idparcela":"3046","productor":"RIVERA RIVERA ERNESTO","cultivo":null,"superficie_fisica_ha":9.255,"superficie_riego_ha":9.255,"hectareas":0},"geometry":{"type":"Polygon","coordinates":[[[-105.554271,28.154929],[-105.554672,28.153595],[-105.554721,28.153459],[-105.554746,28.153352],[-105.554749,28.153144],[-105.554767,28.15306],[-105.554797,28.153002],[-105.554874,28.152901],[-105.554982,28.152793],[-105.555054,28.152737],[-105.555108,28.152711],[-105.555124,28.1559],[-105.554142,28.155606],[-105.554271,28.154929]]]}},{"type":"Feature","properties":{"modulo":5,"idparcela":"3052","productor":"MARQUEZ GUTIERREZ MARCO ANTONIO","cultivo":null,"superficie_fisica_ha":6.2,"superficie_riego_ha":6.2,"hectareas":0},"geometry":{"type":"Polygon","coordinates":[[[-105.559773,28.158109],[-105.559706,28.158393],[-105.55961,28.158762],[-105.559256,28.159983],[-105.558006,28.159908],[-105.556537,28.159837],[-105.556938,28.157957],[-105.556974,28.157864],[-105.557033,28.157813],[-105.557106,28.1578],[-105.557297,28.157819],[-105.559773,28.158109]]]}},{"type":"Feature","properties":{"modulo":5,"idparcela":"3059","productor":"GARCIA VALLEJO SAMUEL","cultivo":null,"superficie_fisica_ha":6.425,"superficie_riego_ha":6.425,"hectareas":0},"geometry":{"type":"Polygon","coordinates":[[[-105.556537,28.159837],[-105.558006,28.159908],[-105.559256,28.159983],[-105.559157,28.16027],[-105.559075,28.160535],[-105.558854,28.161436],[-105.558711,28.162013],[-105.556011,28.161748],[-105.55595,28.161613],[-105.555579,28.161516],[-105.555561,28.16093],[-105.555637,28.160851],[-105.555775,28.160778],[-105.556039,28.160668],[-105.556216,28.160586],[-105.556349,28.160494],[-105.556416,28.160384],[-105.556487,28.160116],[-105.556537,28.159837]]]}},{"type":"Feature","properties":{"modulo":5,"idparcela":"3089","productor":"ESTRADA AGUILAR JOSE","cultivo":null,"superficie_fisica_ha":5.95,"superficie_riego_ha":5.95,"hectareas":0},"geometry":{"type":"Polygon","coordinates":[[[-105.55033,28.158376],[-105.552234,28.15866],[-105.553418,28.158884],[-105.553319,28.159298],[-105.553032,28.160688],[-105.551291,28.160402],[-105.549941,28.160214],[-105.55033,28.158376]]]}},{"type":"Feature","properties":{"modulo":5,"idparcela":"3090","productor":"VILLA RIVERA OSCAR","cultivo":null,"superficie_fisica_ha":8.1567,"superficie_riego_ha":8.1567,"hectareas":0},"geometry":{"type":"Polygon","coordinates":[[[-105.549941,28.160214],[-105.551291,28.160402],[-105.553032,28.160688],[-105.553013,28.160897],[-105.552842,28.162701],[-105.552802,28.162898],[-105.552493,28.16279],[-105.552042,28.162713],[-105.551454,28.162651],[-105.550924,28.162576],[-105.550606,28.162578],[-105.550606,28.162579],[-105.550605,28.162579],[-105.550183,28.162535],[-105.549418,28.162437],[-105.549476,28.162169],[-105.549639,28.161525],[-105.549941,28.160214]]]}},{"type":"Feature","properties":{"modulo":5,"idparcela":"3004","productor":"TAPIA ZAMBRANO JOSE LUIS","cultivo":null,"superficie_fisica_ha":4.8,"superficie_riego_ha":4.8,"hectareas":0},"geometry":{"type":"Polygon","coordinates":[[[-105.57885,28.147382],[-105.581313,28.148515],[-105.58139,28.148951],[-105.579776,28.14903],[-105.579232,28.149655],[-105.577533,28.148913],[-105.57885,28.147382]]]}},{"type":"Feature","properties":{"modulo":5,"idparcela":"3000","productor":"PORRAS TORRES MARCOS","cultivo":null,"superficie_fisica_ha":5.751,"superficie_riego_ha":5.751,"hectareas":0},"geometry":{"type":"Polygon","coordinates":[[[-105.581553,28.15025],[-105.579999,28.150695],[-105.579443,28.150877],[-105.578526,28.150443],[-105.579232,28.149655],[-105.579776,28.14903],[-105.58139,28.148951],[-105.581553,28.15025]]]}},{"type":"Feature","properties":{"modulo":5,"idparcela":"3001","productor":"LOZOYA MENDOZA FELIX","cultivo":null,"superficie_fisica_ha":5.679,"superficie_riego_ha":5.679,"hectareas":0},"geometry":{"type":"Polygon","coordinates":[[[-105.579443,28.150877],[-105.579999,28.150695],[-105.581553,28.15025],[-105.581756,28.151517],[-105.581835,28.151906],[-105.581311,28.151674],[-105.580525,28.151345],[-105.579443,28.150877]]]}},{"type":"Feature","properties":{"modulo":5,"idparcela":"3102","productor":"ALVAREZ ALVARADO BENITO","cultivo":null,"superficie_fisica_ha":2.25,"superficie_riego_ha":2.25,"hectareas":0},"geometry":{"type":"Polygon","coordinates":[[[-105.548748,28.158277],[-105.549458,28.157667],[-105.550007,28.157199],[-105.550739,28.156612],[-105.550339,28.158336],[-105.548748,28.158277]]]}},{"type":"Feature","properties":{"modulo":5,"idparcela":"3127","productor":"MARMOLEJO GONZALEZ JESUS","cultivo":null,"superficie_fisica_ha":11.1564,"superficie_riego_ha":5.8,"hectareas":0},"geometry":{"type":"Polygon","coordinates":[[[-105.548899,28.164521],[-105.547655,28.164317],[-105.547508,28.164317],[-105.547116,28.164256],[-105.546931,28.164263],[-105.546431,28.164111],[-105.54594,28.164017],[-105.546431,28.161372],[-105.546718,28.160155],[-105.547005,28.15989],[-105.547522,28.159427],[-105.548419,28.161525],[-105.548634,28.161976],[-105.548725,28.162012],[-105.548767,28.162084],[-105.548977,28.162606],[-105.549179,28.163039],[-105.54926,28.163058],[-105.54925,28.163098],[-105.549233,28.163201],[-105.549227,28.163243],[-105.548899,28.164521]]]}},{"type":"Feature","properties":{"modulo":5,"idparcela":"3129","productor":"QUIÑONES AGUIRRE JESUS MANUEL","cultivo":null,"superficie_fisica_ha":6.5898,"superficie_riego_ha":6.3,"hectareas":0},"geometry":{"type":"Polygon","coordinates":[[[-105.548025,28.168728],[-105.547838,28.169706],[-105.547661,28.1706],[-105.544523,28.170346],[-105.544733,28.169205],[-105.54487,28.168526],[-105.548025,28.168728]]]}},{"type":"Feature","properties":{"modulo":5,"idparcela":"3108","productor":"DE ANDA ESTRADA JUAN PEDRO","cultivo":null,"superficie_fisica_ha":7.8,"superficie_riego_ha":7.8,"hectareas":0},"geometry":{"type":"Polygon","coordinates":[[[-105.549941,28.160214],[-105.549639,28.161525],[-105.549476,28.162169],[-105.549418,28.162437],[-105.54941,28.162484],[-105.54926,28.163058],[-105.549179,28.163039],[-105.548977,28.162606],[-105.548767,28.162084],[-105.548725,28.162012],[-105.548634,28.161976],[-105.548419,28.161525],[-105.547522,28.159427],[-105.547887,28.159097],[-105.548282,28.15872],[-105.548748,28.158277],[-105.550339,28.158336],[-105.55033,28.158376],[-105.549941,28.160214]]]}},{"type":"Feature","properties":{"modulo":5,"idparcela":"2694","productor":"CARMONA N JOVITA","cultivo":null,"superficie_fisica_ha":14.35,"superficie_riego_ha":14.35,"hectareas":0},"geometry":{"type":"Polygon","coordinates":[[[-105.49288,28.099258],[-105.498633,28.099183],[-105.49961,28.102164],[-105.495922,28.102127],[-105.495566,28.102141],[-105.495354,28.101726],[-105.495117,28.101304],[-105.494952,28.101052],[-105.49475,28.10078],[-105.494548,28.100543],[-105.494303,28.100271],[-105.493774,28.099992],[-105.493336,28.099751],[-105.49288,28.099258]]]}},{"type":"Feature","properties":{"modulo":5,"idparcela":"2840","productor":"ANTILLON DOMINGUEZ BERNARDO","cultivo":null,"superficie_fisica_ha":24.2,"superficie_riego_ha":24.2,"hectareas":0},"geometry":{"type":"Polygon","coordinates":[[[-105.51963,28.109933],[-105.519614,28.105556],[-105.519715,28.105557],[-105.520015,28.105538],[-105.520095,28.105615],[-105.520169,28.105686],[-105.52024,28.105684],[-105.520299,28.105668],[-105.520356,28.105612],[-105.520424,28.105561],[-105.521381,28.10554],[-105.524184,28.105519],[-105.524353,28.105535],[-105.524411,28.105594],[-105.524396,28.106673],[-105.52442,28.109587],[-105.524453,28.110355],[-105.524386,28.110377],[-105.52425,28.11036],[-105.524137,28.110322],[-105.523899,28.110268],[-105.523637,28.110164],[-105.523296,28.110041],[-105.522989,28.109938],[-105.51963,28.109933]]]}},{"type":"Feature","properties":{"modulo":5,"idparcela":"2743","productor":"FAJER CAMARENA VICTOR","cultivo":null,"superficie_fisica_ha":12.8,"superficie_riego_ha":12.8,"hectareas":0},"geometry":{"type":"Polygon","coordinates":[[[-105.504061,28.114451],[-105.504112,28.11888],[-105.501516,28.11892],[-105.501509,28.114309],[-105.501618,28.114401],[-105.50176,28.114429],[-105.501938,28.114431],[-105.504061,28.114451]]]}},{"type":"Feature","properties":{"modulo":5,"idparcela":"2746","productor":"PEREZ RANGEL REFUGIO","cultivo":null,"superficie_fisica_ha":8.54,"superficie_riego_ha":8.54,"hectareas":0},"geometry":{"type":"Polygon","coordinates":[[[-105.49724,28.121246],[-105.497276,28.121209],[-105.497526,28.120932],[-105.497679,28.120711],[-105.497772,28.120514],[-105.497766,28.120318],[-105.497737,28.120145],[-105.497683,28.119983],[-105.497567,28.119769],[-105.497388,28.119501],[-105.497184,28.119212],[-105.497059,28.119106],[-105.497082,28.119062],[-105.497192,28.119049],[-105.497499,28.119053],[-105.497768,28.119047],[-105.500352,28.119013],[-105.501405,28.11899],[-105.501433,28.121216],[-105.49724,28.121246]]]}},{"type":"Feature","properties":{"modulo":5,"idparcela":"2065","productor":"PAYAN HERMANOS SPR DE RL","cultivo":null,"superficie_fisica_ha":19.95,"superficie_riego_ha":19.95,"hectareas":0},"geometry":{"type":"Polygon","coordinates":[[[-105.534644,28.096532],[-105.534048,28.100832],[-105.533441,28.100838],[-105.532327,28.100847],[-105.532161,28.100861],[-105.532003,28.100913],[-105.531628,28.101106],[-105.530853,28.10149],[-105.530473,28.101676],[-105.530189,28.101795],[-105.530132,28.101803],[-105.530094,28.101785],[-105.530085,28.101746],[-105.530087,28.101415],[-105.530134,28.100829],[-105.530167,28.100359],[-105.530244,28.099132],[-105.530328,28.097714],[-105.530354,28.097387],[-105.530471,28.097166],[-105.530551,28.096916],[-105.53113,28.096265],[-105.531213,28.096107],[-105.531352,28.096058],[-105.531724,28.096159],[-105.532239,28.096381],[-105.532683,28.096573],[-105.533071,28.096658],[-105.533548,28.096757],[-105.534003,28.096716],[-105.534369,28.09663],[-105.534644,28.096532]]]}},{"type":"Feature","properties":{"modulo":5,"idparcela":"2676","productor":"SOCIEDAD AGRICOLA GINER SPR DE RL Y CV","cultivo":null,"superficie_fisica_ha":12,"superficie_riego_ha":12,"hectareas":0},"geometry":{"type":"Polygon","coordinates":[[[-105.503018,28.16037],[-105.506174,28.159084],[-105.507231,28.16046],[-105.504439,28.161813],[-105.503018,28.16037]]]}},{"type":"Feature","properties":{"modulo":5,"idparcela":"2823","productor":"AGROPECUARIA SAN JOSE DEL VADO SPR DE RL","cultivo":null,"superficie_fisica_ha":16.47,"superficie_riego_ha":16.47,"hectareas":0},"geometry":{"type":"Polygon","coordinates":[[[-105.537723,28.134573],[-105.537536,28.128401],[-105.537575,28.12841],[-105.537819,28.128415],[-105.538004,28.12837],[-105.538221,28.128252],[-105.538406,28.128238],[-105.539595,28.128418],[-105.539812,28.135919],[-105.539641,28.136],[-105.537723,28.134573]]]}},{"type":"Feature","properties":{"modulo":5,"idparcela":"2579","productor":"MADERO GONZALEZ EVARISTO","cultivo":null,"superficie_fisica_ha":1.223,"superficie_riego_ha":1.223,"hectareas":0},"geometry":{"type":"Polygon","coordinates":[[[-105.483682,28.170639],[-105.485329,28.171712],[-105.483968,28.172939],[-105.483682,28.170639]]]}},{"type":"Feature","properties":{"modulo":5,"idparcela":"2567","productor":"REYES RODRIGUEZ TRINIDAD","cultivo":null,"superficie_fisica_ha":1.3987,"superficie_riego_ha":1.3987,"hectareas":0},"geometry":{"type":"Polygon","coordinates":[[[-105.48385,28.173042],[-105.483862,28.175521],[-105.482457,28.174262],[-105.48385,28.173042]]]}},{"type":"Feature","properties":{"modulo":5,"idparcela":"2573","productor":"LOPEZ JAIME HERMENEGILDO","cultivo":null,"superficie_fisica_ha":1.4082,"superficie_riego_ha":1.4082,"hectareas":0},"geometry":{"type":"Polygon","coordinates":[[[-105.491331,28.176961],[-105.489885,28.178183],[-105.489121,28.17751],[-105.490539,28.176275],[-105.491331,28.176961]]]}},{"type":"Feature","properties":{"modulo":5,"idparcela":"2585","productor":"DELGADO N MARIA","cultivo":null,"superficie_fisica_ha":1.25,"superficie_riego_ha":1.25,"hectareas":0},"geometry":{"type":"Polygon","coordinates":[[[-105.492487,28.175898],[-105.491331,28.176961],[-105.490539,28.176275],[-105.491763,28.175208],[-105.492169,28.175395],[-105.492311,28.175605],[-105.492487,28.175898]]]}},{"type":"Feature","properties":{"modulo":5,"idparcela":"2845","productor":"BERJES CASTELLANOS JUAN JOSE","cultivo":null,"superficie_fisica_ha":21.57,"superficie_riego_ha":21.57,"hectareas":0},"geometry":{"type":"Polygon","coordinates":[[[-105.557312,28.120617],[-105.560113,28.120595],[-105.56013,28.123242],[-105.557337,28.123264],[-105.557312,28.120617]]]}},{"type":"Feature","properties":{"modulo":5,"idparcela":"2844","productor":"BERJES CASTELLANOS JUAN JOSE","cultivo":null,"superficie_fisica_ha":17.72,"superficie_riego_ha":13.18,"hectareas":0},"geometry":{"type":"Polygon","coordinates":[[[-105.557263,28.115362],[-105.557337,28.123264],[-105.555205,28.123281],[-105.555196,28.122983],[-105.555199,28.122749],[-105.555203,28.122587],[-105.555196,28.122321],[-105.555182,28.120523],[-105.555191,28.11987],[-105.555143,28.115854],[-105.555225,28.115215],[-105.555298,28.114845],[-105.555343,28.114559],[-105.555364,28.114357],[-105.555359,28.114172],[-105.555426,28.113961],[-105.555513,28.113798],[-105.555635,28.113625],[-105.555923,28.113522],[-105.556185,28.11346],[-105.55678,28.114544],[-105.557239,28.11534],[-105.557263,28.115362]]]}},{"type":"Feature","properties":{"modulo":5,"idparcela":"2859","productor":"PAYAN DE LA CRUZ MYRNA","cultivo":null,"superficie_fisica_ha":11,"superficie_riego_ha":11,"hectareas":0},"geometry":{"type":"Polygon","coordinates":[[[-105.549631,28.136568],[-105.549515,28.132387],[-105.551587,28.13239],[-105.552013,28.132391],[-105.552027,28.132971],[-105.552118,28.136773],[-105.551595,28.136784],[-105.551127,28.13658],[-105.549631,28.136568]]]}},{"type":"Feature","properties":{"modulo":5,"idparcela":"2893","productor":"GOMEZ ALEMAN ROLANDO","cultivo":null,"superficie_fisica_ha":10.75,"superficie_riego_ha":10.75,"hectareas":0},"geometry":{"type":"Polygon","coordinates":[[[-105.580381,28.144671],[-105.580336,28.138777],[-105.582079,28.13942],[-105.58216,28.139435],[-105.582199,28.144941],[-105.58204,28.144874],[-105.580381,28.144671]]]}},{"type":"Feature","properties":{"modulo":5,"idparcela":"3112","productor":"RIVERA ALVARADO RAUL LEONEL","cultivo":null,"superficie_fisica_ha":6.1725,"superficie_riego_ha":6,"hectareas":0},"geometry":{"type":"Polygon","coordinates":[[[-105.548296,28.150014],[-105.546164,28.150849],[-105.544449,28.149969],[-105.547222,28.148552],[-105.548296,28.150014]]]}},{"type":"Feature","properties":{"modulo":5,"idparcela":"3043","productor":"MARQUEZ QUINONES MARCIAL","cultivo":null,"superficie_fisica_ha":6.725,"superficie_riego_ha":6.725,"hectareas":0},"geometry":{"type":"Polygon","coordinates":[[[-105.563497,28.150949],[-105.563235,28.151187],[-105.563007,28.151412],[-105.562894,28.151712],[-105.562615,28.152073],[-105.5619,28.153115],[-105.561518,28.152891],[-105.560893,28.152522],[-105.559833,28.151917],[-105.560185,28.151576],[-105.560709,28.151088],[-105.561088,28.150729],[-105.5619,28.149997],[-105.562728,28.1505],[-105.563497,28.150949]]]}},{"type":"Feature","properties":{"modulo":5,"idparcela":"3165","productor":"VILLA RIVERA OSCAR","cultivo":null,"superficie_fisica_ha":5.7898,"superficie_riego_ha":5.7898,"hectareas":0},"geometry":{"type":"Polygon","coordinates":[[[-105.529086,28.187357],[-105.530851,28.185406],[-105.53208,28.185621],[-105.531636,28.187781],[-105.531376,28.187776],[-105.529516,28.187437],[-105.529336,28.187403],[-105.529086,28.187357]]]}},{"type":"Feature","properties":{"modulo":5,"idparcela":"2053","productor":"TORRES GUEVARA MARCO ANTONIO","cultivo":null,"superficie_fisica_ha":6,"superficie_riego_ha":6,"hectareas":0},"geometry":{"type":"Polygon","coordinates":[[[-105.508574,28.188018],[-105.506124,28.187318],[-105.506733,28.185177],[-105.509068,28.18596],[-105.508574,28.188018]]]}},{"type":"Feature","properties":{"modulo":5,"idparcela":"3367","productor":"VILLA RIVERA OSCAR","cultivo":null,"superficie_fisica_ha":6.325,"superficie_riego_ha":6.325,"hectareas":0},"geometry":{"type":"Polygon","coordinates":[[[-105.509259,28.192859],[-105.506251,28.192013],[-105.506338,28.191825],[-105.507031,28.190332],[-105.508968,28.19086],[-105.510033,28.19119],[-105.509259,28.192859]]]}},{"type":"Feature","properties":{"modulo":5,"idparcela":"3360","productor":"GUZMAN IBARRA JOSE MANUEL","cultivo":null,"superficie_fisica_ha":6.7826,"superficie_riego_ha":6.7826,"hectareas":0},"geometry":{"type":"Polygon","coordinates":[[[-105.516011,28.193029],[-105.514247,28.192507],[-105.514581,28.192089],[-105.515519,28.190964],[-105.516526,28.189758],[-105.518293,28.190045],[-105.518154,28.190236],[-105.516011,28.193029]]]}},{"type":"Feature","properties":{"modulo":5,"idparcela":"3182","productor":"SANCHEZ BERNAL JAIME","cultivo":null,"superficie_fisica_ha":5.9,"superficie_riego_ha":5.9,"hectareas":0},"geometry":{"type":"Polygon","coordinates":[[[-105.521763,28.196433],[-105.517935,28.195478],[-105.519314,28.19397],[-105.519866,28.19413],[-105.52166,28.19461],[-105.522104,28.194779],[-105.522278,28.194817],[-105.522215,28.195015],[-105.521763,28.196433]]]}},{"type":"Feature","properties":{"modulo":5,"idparcela":"3319","productor":"GINER JIMENEZ JAIME","cultivo":null,"superficie_fisica_ha":6.15,"superficie_riego_ha":6,"hectareas":0},"geometry":{"type":"Polygon","coordinates":[[[-105.50981,28.209109],[-105.507376,28.208656],[-105.507847,28.206585],[-105.509096,28.206808],[-105.510271,28.207017],[-105.50981,28.209109]]]}},{"type":"Feature","properties":{"modulo":5,"idparcela":"3223","productor":"CARRILLO SANCHEZ EFRAIN","cultivo":null,"superficie_fisica_ha":1.625,"superficie_riego_ha":1.625,"hectareas":0},"geometry":{"type":"Polygon","coordinates":[[[-105.516666,28.212714],[-105.516727,28.212667],[-105.516903,28.211882],[-105.517041,28.211245],[-105.517068,28.211106],[-105.517168,28.21059],[-105.517688,28.210661],[-105.518188,28.210742],[-105.518038,28.210929],[-105.51801,28.21104],[-105.518036,28.211214],[-105.517956,28.211326],[-105.517896,28.211401],[-105.51793,28.211434],[-105.517822,28.211672],[-105.517657,28.211872],[-105.5175,28.211972],[-105.5173,28.212105],[-105.517161,28.212307],[-105.517024,28.212558],[-105.516929,28.212723],[-105.516666,28.212714]]]}},{"type":"Feature","properties":{"modulo":5,"idparcela":"3221","productor":"VILLA GARCIA OSCAR","cultivo":null,"superficie_fisica_ha":5.812,"superficie_riego_ha":5.812,"hectareas":0},"geometry":{"type":"Polygon","coordinates":[[[-105.514664,28.210149],[-105.514242,28.21232],[-105.511781,28.211873],[-105.51183,28.211655],[-105.512236,28.209696],[-105.514598,28.210137],[-105.514664,28.210149]]]}},{"type":"Feature","properties":{"modulo":5,"idparcela":"3244","productor":"ENRIQUEZ OROZCO ROGELIO","cultivo":null,"superficie_fisica_ha":6.4,"superficie_riego_ha":6.4,"hectareas":0},"geometry":{"type":"Polygon","coordinates":[[[-105.509714,28.220451],[-105.507352,28.220042],[-105.507386,28.219889],[-105.507829,28.217878],[-105.510154,28.218349],[-105.510011,28.219029],[-105.509915,28.219492],[-105.509812,28.219983],[-105.509714,28.220451]]]}},{"type":"Feature","properties":{"modulo":5,"idparcela":"3253","productor":"CHAVEZ CORRAL PABLO","cultivo":null,"superficie_fisica_ha":5.575,"superficie_riego_ha":5.575,"hectareas":0},"geometry":{"type":"Polygon","coordinates":[[[-105.506873,28.222254],[-105.506533,28.22416],[-105.503998,28.223736],[-105.504448,28.221807],[-105.506873,28.222254]]]}},{"type":"Feature","properties":{"modulo":5,"idparcela":"3252","productor":"AMAYA MELENDEZ CARLOS EDUARDO","cultivo":null,"superficie_fisica_ha":5.2717,"superficie_riego_ha":5.2717,"hectareas":0},"geometry":{"type":"Polygon","coordinates":[[[-105.501512,28.223295],[-105.501957,28.221338],[-105.504368,28.221757],[-105.50391,28.223721],[-105.501512,28.223295]]]}},{"type":"Feature","properties":{"modulo":5,"idparcela":"3471","productor":"JASSO CORTES JOSE FELIPE","cultivo":null,"superficie_fisica_ha":3.3,"superficie_riego_ha":3.3,"hectareas":0},"geometry":{"type":"Polygon","coordinates":[[[-105.499532,28.232115],[-105.500988,28.230009],[-105.500939,28.230276],[-105.500931,28.23053],[-105.500909,28.230824],[-105.500815,28.231227],[-105.500823,28.231521],[-105.500797,28.231668],[-105.500741,28.23183],[-105.500245,28.232441],[-105.500126,28.232511],[-105.499961,28.232528],[-105.499761,28.232385],[-105.499681,28.232213],[-105.499634,28.232147],[-105.499532,28.232115]]]}},{"type":"Feature","properties":{"modulo":5,"idparcela":"2656","productor":"TERRAZAS VILLALOBOS EMILIA","cultivo":null,"superficie_fisica_ha":21.3,"superficie_riego_ha":21.3,"hectareas":0},"geometry":{"type":"Polygon","coordinates":[[[-105.506393,28.152717],[-105.506566,28.152908],[-105.506717,28.153159],[-105.506797,28.153486],[-105.506805,28.153772],[-105.506805,28.154206],[-105.506814,28.154535],[-105.506795,28.154684],[-105.506726,28.154812],[-105.506585,28.15489],[-105.499302,28.154909],[-105.499194,28.15488],[-105.499119,28.154754],[-105.499196,28.152581],[-105.499328,28.152609],[-105.499676,28.152707],[-105.499928,28.152778],[-105.50029,28.152894],[-105.500543,28.15302],[-105.500765,28.153109],[-105.501131,28.153243],[-105.501273,28.153252],[-105.501537,28.153251],[-105.50191,28.153258],[-105.502334,28.153253],[-105.503687,28.153079],[-105.506393,28.152717]]]}},{"type":"Feature","properties":{"modulo":5,"idparcela":"2985","productor":"RIOS MONARREZ JULIO CESAR","cultivo":null,"superficie_fisica_ha":2.0706,"superficie_riego_ha":2.0706,"hectareas":0},"geometry":{"type":"Polygon","coordinates":[[[-105.540289,28.188591],[-105.540368,28.188295],[-105.540358,28.188204],[-105.541034,28.188327],[-105.541203,28.188116],[-105.541699,28.187497],[-105.542297,28.186749],[-105.542724,28.18615],[-105.543062,28.185719],[-105.543422,28.185425],[-105.543408,28.185479],[-105.543371,28.186018],[-105.543325,28.186306],[-105.543233,28.186616],[-105.543113,28.187023],[-105.542995,28.187231],[-105.542899,28.18739],[-105.542772,28.187523],[-105.542568,28.187691],[-105.542287,28.187854],[-105.541672,28.188174],[-105.541099,28.188389],[-105.540843,28.188504],[-105.540566,28.188626],[-105.540352,28.188761],[-105.540184,28.188902],[-105.540289,28.188591]]]}},{"type":"Feature","properties":{"modulo":5,"idparcela":"3344","productor":"HERNANDEZ GINEZ BLAS","cultivo":null,"superficie_fisica_ha":3.45,"superficie_riego_ha":3.45,"hectareas":0},"geometry":{"type":"Polygon","coordinates":[[[-105.493978,28.184498],[-105.493987,28.184825],[-105.492241,28.185212],[-105.492173,28.18522],[-105.492294,28.18494],[-105.492373,28.184814],[-105.492531,28.184678],[-105.49267,28.184614],[-105.492794,28.184569],[-105.493013,28.184488],[-105.493242,28.184418],[-105.493462,28.184345],[-105.493695,28.184268],[-105.493972,28.184161],[-105.493978,28.184498]]]}},{"type":"Feature","properties":{"modulo":5,"idparcela":"2718","productor":"VALDEZ 0 SAUL ABRAHAM","cultivo":null,"superficie_fisica_ha":10,"superficie_riego_ha":10,"hectareas":0},"geometry":{"type":"Polygon","coordinates":[[[-105.516497,28.144998],[-105.516615,28.145119],[-105.516745,28.145296],[-105.516946,28.145498],[-105.517183,28.145737],[-105.517353,28.145872],[-105.517412,28.145984],[-105.517487,28.146124],[-105.517535,28.146256],[-105.517513,28.1464],[-105.517455,28.146475],[-105.517398,28.14655],[-105.517324,28.146647],[-105.517238,28.146759],[-105.517215,28.146901],[-105.517256,28.147066],[-105.51733,28.147182],[-105.517412,28.147251],[-105.517502,28.147262],[-105.517601,28.147209],[-105.517711,28.14715],[-105.517833,28.147085],[-105.517975,28.147081],[-105.518146,28.147149],[-105.518363,28.147293],[-105.518582,28.147501],[-105.518622,28.147603],[-105.518594,28.147586],[-105.518511,28.14755],[-105.518416,28.147524],[-105.518279,28.147526],[-105.517827,28.147535],[-105.517473,28.147518],[-105.517353,28.147473],[-105.515551,28.147444],[-105.513987,28.147478],[-105.51397,28.14721],[-105.513976,28.145032],[-105.514167,28.145023],[-105.514402,28.145008],[-105.514927,28.145002],[-105.516036,28.144987],[-105.516497,28.144998]]]}},{"type":"Feature","properties":{"modulo":5,"idparcela":"2724","productor":"RUIZ SERNA JUAN","cultivo":null,"superficie_fisica_ha":10,"superficie_riego_ha":10,"hectareas":0},"geometry":{"type":"Polygon","coordinates":[[[-105.513453,28.141894],[-105.513582,28.141984],[-105.513715,28.142123],[-105.513892,28.142309],[-105.514139,28.142567],[-105.514276,28.142711],[-105.514507,28.142861],[-105.514727,28.143003],[-105.514962,28.143156],[-105.515167,28.143243],[-105.515392,28.143308],[-105.515648,28.143418],[-105.515814,28.143489],[-105.516022,28.143634],[-105.516244,28.143788],[-105.516332,28.143895],[-105.516424,28.144104],[-105.51646,28.144334],[-105.516484,28.144494],[-105.516529,28.144602],[-105.516566,28.144743],[-105.516579,28.144845],[-105.516526,28.144894],[-105.516422,28.144901],[-105.516285,28.144895],[-105.516056,28.144888],[-105.514508,28.144895],[-105.51318,28.144872],[-105.512558,28.144892],[-105.51246,28.144875],[-105.512387,28.14483],[-105.512367,28.144768],[-105.512368,28.144685],[-105.512373,28.144574],[-105.512379,28.144382],[-105.512428,28.14381],[-105.512437,28.143324],[-105.512458,28.14307],[-105.512475,28.141974],[-105.512489,28.141518],[-105.512528,28.141436],[-105.512568,28.141373],[-105.512621,28.141337],[-105.512673,28.141351],[-105.513406,28.141862],[-105.513453,28.141894]]]}},{"type":"Feature","properties":{"modulo":5,"idparcela":"2725","productor":"LICON N MA.LORENZA","cultivo":null,"superficie_fisica_ha":19.2,"superficie_riego_ha":19.2,"hectareas":0},"geometry":{"type":"Polygon","coordinates":[[[-105.519194,28.148759],[-105.519034,28.149205],[-105.51889,28.149606],[-105.518813,28.149514],[-105.518719,28.149402],[-105.518581,28.149311],[-105.518426,28.149246],[-105.518295,28.149192],[-105.518131,28.1492],[-105.517992,28.149227],[-105.517939,28.149285],[-105.51791,28.149365],[-105.517976,28.149464],[-105.518046,28.149569],[-105.518126,28.149689],[-105.518209,28.149739],[-105.51836,28.1498],[-105.518509,28.149813],[-105.518621,28.149786],[-105.518742,28.149731],[-105.518854,28.149713],[-105.518769,28.149907],[-105.518669,28.150045],[-105.518541,28.150148],[-105.518266,28.150369],[-105.518067,28.150404],[-105.517742,28.15036],[-105.517356,28.150334],[-105.516967,28.150327],[-105.516552,28.150238],[-105.516556,28.150184],[-105.516434,28.150138],[-105.516237,28.150095],[-105.515983,28.15006],[-105.515639,28.150052],[-105.515643,28.149474],[-105.515551,28.147444],[-105.517353,28.147473],[-105.517473,28.147518],[-105.517827,28.147535],[-105.518279,28.147526],[-105.518416,28.147524],[-105.518511,28.14755],[-105.518594,28.147586],[-105.518722,28.147665],[-105.51881,28.147852],[-105.518914,28.148072],[-105.518973,28.148189],[-105.51904,28.148315],[-105.519052,28.148357],[-105.51907,28.148423],[-105.519083,28.148481],[-105.519165,28.148604],[-105.519194,28.148759]]]}},{"type":"Feature","properties":{"modulo":5,"idparcela":"2726","productor":"VILLA GARCIA FLORENTINO","cultivo":null,"superficie_fisica_ha":19.24,"superficie_riego_ha":15.24,"hectareas":0},"geometry":{"type":"Polygon","coordinates":[[[-105.518266,28.150369],[-105.51791,28.150633],[-105.517637,28.150767],[-105.517264,28.150893],[-105.516979,28.151017],[-105.516849,28.151127],[-105.516729,28.151562],[-105.516634,28.15176],[-105.516583,28.151869],[-105.516264,28.151964],[-105.516065,28.152024],[-105.515957,28.152079],[-105.515893,28.152188],[-105.515776,28.152391],[-105.515642,28.152714],[-105.515536,28.152893],[-105.515486,28.153051],[-105.515481,28.153296],[-105.515478,28.153483],[-105.515433,28.153562],[-105.51508,28.153599],[-105.514637,28.153646],[-105.514484,28.153681],[-105.514332,28.153763],[-105.514246,28.153873],[-105.514049,28.154126],[-105.513859,28.15437],[-105.513762,28.154493],[-105.513668,28.154644],[-105.513645,28.15464],[-105.513628,28.154562],[-105.513657,28.153571],[-105.51369,28.152427],[-105.5137,28.151894],[-105.513729,28.151779],[-105.513725,28.151355],[-105.513724,28.151024],[-105.513722,28.150664],[-105.513716,28.150427],[-105.514328,28.150401],[-105.514874,28.150409],[-105.515118,28.15039],[-105.515386,28.150384],[-105.515694,28.150377],[-105.515889,28.150387],[-105.516117,28.150404],[-105.516343,28.150394],[-105.516525,28.150366],[-105.516552,28.150238],[-105.516967,28.150327],[-105.517356,28.150334],[-105.517742,28.15036],[-105.518067,28.150404],[-105.518266,28.150369]]]}},{"type":"Feature","properties":{"modulo":5,"idparcela":"2726","productor":"VILLA GARCIA FLORENTINO","cultivo":null,"superficie_fisica_ha":19.24,"superficie_riego_ha":15.24,"hectareas":0},"geometry":{"type":"Polygon","coordinates":[[[-105.513933,28.154946],[-105.514076,28.15495],[-105.514265,28.154955],[-105.514582,28.154963],[-105.514894,28.154971],[-105.515093,28.154976],[-105.515308,28.154981],[-105.514539,28.155286],[-105.513963,28.155519],[-105.513883,28.155347],[-105.513762,28.155073],[-105.513795,28.155021],[-105.513933,28.154946]]]}},{"type":"Feature","properties":{"modulo":5,"idparcela":"2463","productor":"MARTINEZ N CONCEPCION","cultivo":null,"superficie_fisica_ha":27,"superficie_riego_ha":23.55,"hectareas":0},"geometry":{"type":"Polygon","coordinates":[[[-105.45343,28.159611],[-105.458258,28.161754],[-105.458093,28.161992],[-105.458143,28.162372],[-105.453464,28.162334],[-105.45343,28.159611]]]}},{"type":"Feature","properties":{"modulo":5,"idparcela":"2534","productor":"PORTILLO SOLIS ALFONSO","cultivo":null,"superficie_fisica_ha":0.9056,"superficie_riego_ha":0.9056,"hectareas":0},"geometry":{"type":"Polygon","coordinates":[[[-105.473822,28.173471],[-105.474648,28.172705],[-105.475177,28.17316],[-105.473918,28.174284],[-105.473801,28.174172],[-105.473822,28.173471]]]}},{"type":"Feature","properties":{"modulo":5,"idparcela":"2476","productor":"FIERRO ZAPIEN ALFREDO","cultivo":null,"superficie_fisica_ha":74.55,"superficie_riego_ha":49.76,"hectareas":0},"geometry":{"type":"Polygon","coordinates":[[[-105.473767,28.158252],[-105.478173,28.156955],[-105.478722,28.159817],[-105.479069,28.161292],[-105.479518,28.163786],[-105.479936,28.165629],[-105.4803,28.16723],[-105.480598,28.167861],[-105.481196,28.168586],[-105.477109,28.170511],[-105.473733,28.168174],[-105.473767,28.158252]]]}},{"type":"Feature","properties":{"modulo":5,"idparcela":"2467","productor":"VILLA GARCIA FERNANDO","cultivo":null,"superficie_fisica_ha":5.23,"superficie_riego_ha":4.23,"hectareas":0},"geometry":{"type":"Polygon","coordinates":[[[-105.473617,28.172199],[-105.47087,28.173351],[-105.470864,28.169334],[-105.473609,28.169383],[-105.473617,28.172199]]]}},{"type":"Feature","properties":{"modulo":5,"idparcela":"2464","productor":"SANCHEZ MARQUEZ EDUARDO","cultivo":null,"superficie_fisica_ha":4.24,"superficie_riego_ha":4.24,"hectareas":0},"geometry":{"type":"Polygon","coordinates":[[[-105.468562,28.164361],[-105.466872,28.165897],[-105.466663,28.16557],[-105.466206,28.16472],[-105.465859,28.164105],[-105.465549,28.163406],[-105.466462,28.162655],[-105.466886,28.162981],[-105.468508,28.164323],[-105.468562,28.164361]]]}},{"type":"Feature","properties":{"modulo":5,"idparcela":"2494","productor":"ORTIZ TERRAZAS JOSE LUIS","cultivo":null,"superficie_fisica_ha":17.83,"superficie_riego_ha":17.83,"hectareas":0},"geometry":{"type":"Polygon","coordinates":[[[-105.461443,28.133088],[-105.461432,28.135867],[-105.461246,28.135935],[-105.458704,28.135951],[-105.458636,28.135543],[-105.458625,28.135159],[-105.458616,28.134824],[-105.458776,28.134336],[-105.459048,28.133716],[-105.459275,28.133198],[-105.459584,28.132705],[-105.459662,28.132396],[-105.459844,28.132188],[-105.460088,28.131908],[-105.460246,28.131727],[-105.460399,28.131331],[-105.460268,28.130866],[-105.459583,28.13014],[-105.458777,28.129301],[-105.464151,28.126305],[-105.464206,28.131407],[-105.464257,28.132041],[-105.464281,28.132418],[-105.464201,28.132702],[-105.46409,28.132854],[-105.463964,28.132929],[-105.463362,28.132918],[-105.462472,28.132973],[-105.461946,28.133068],[-105.461607,28.133027],[-105.461443,28.133088]]]}},{"type":"Feature","properties":{"modulo":5,"idparcela":"3092","productor":"VILLALPANDO IBARRA VIRGINIA","cultivo":null,"superficie_fisica_ha":6.6048,"superficie_riego_ha":6.325,"hectareas":0},"geometry":{"type":"Polygon","coordinates":[[[-105.555264,28.167327],[-105.551952,28.166488],[-105.552166,28.165311],[-105.552189,28.165182],[-105.552362,28.164567],[-105.552859,28.164709],[-105.555228,28.165385],[-105.555264,28.167327]]]}},{"type":"Feature","properties":{"modulo":5,"idparcela":"3151","productor":"TORRES GUEVARA FERNANDO","cultivo":null,"superficie_fisica_ha":5.8642,"superficie_riego_ha":5.8642,"hectareas":0},"geometry":{"type":"Polygon","coordinates":[[[-105.53846,28.179889],[-105.535957,28.17949],[-105.536467,28.177187],[-105.538911,28.177613],[-105.53846,28.179889]]]}},{"type":"Feature","properties":{"modulo":5,"idparcela":"3155","productor":"GINER CARRASCO MA. DEL ROSARIO","cultivo":null,"superficie_fisica_ha":2.0384,"superficie_riego_ha":2.0384,"hectareas":0},"geometry":{"type":"Polygon","coordinates":[[[-105.535957,28.17949],[-105.534965,28.179332],[-105.534854,28.17865],[-105.534937,28.178668],[-105.53507,28.17866],[-105.535124,28.178615],[-105.535919,28.177266],[-105.536021,28.177111],[-105.536281,28.176718],[-105.536675,28.176248],[-105.536467,28.177187],[-105.535957,28.17949]]]}},{"type":"Feature","properties":{"modulo":5,"idparcela":"3162","productor":"GINER MONTES RAMON SAUL","cultivo":null,"superficie_fisica_ha":5.0311,"superficie_riego_ha":5.0311,"hectareas":0},"geometry":{"type":"Polygon","coordinates":[[[-105.529418,28.186069],[-105.528035,28.18764],[-105.527998,28.187518],[-105.527911,28.187284],[-105.527828,28.187077],[-105.527694,28.186825],[-105.527624,28.186717],[-105.528141,28.185866],[-105.528451,28.185923],[-105.529062,28.186117],[-105.529246,28.186146],[-105.529418,28.186069]]]}},{"type":"Feature","properties":{"modulo":5,"idparcela":"2635","productor":"JIMENEZ RIOS HIPOLITO","cultivo":null,"superficie_fisica_ha":16.21,"superficie_riego_ha":12,"hectareas":0},"geometry":{"type":"Polygon","coordinates":[[[-105.531978,28.163977],[-105.532459,28.166346],[-105.528578,28.16687],[-105.528374,28.16694],[-105.528143,28.166691],[-105.527883,28.166149],[-105.52759,28.165539],[-105.527405,28.165302],[-105.527224,28.164892],[-105.526982,28.164476],[-105.526684,28.164138],[-105.52678,28.164059],[-105.526978,28.164056],[-105.531978,28.163977]]]}},{"type":"Feature","properties":{"modulo":5,"idparcela":"2678","productor":"BOLIVAR HEREDIA RAMON","cultivo":null,"superficie_fisica_ha":42.65,"superficie_riego_ha":25.35,"hectareas":0},"geometry":{"type":"Polygon","coordinates":[[[-105.532459,28.166346],[-105.533652,28.171447],[-105.533967,28.172237],[-105.533936,28.172529],[-105.533893,28.172943],[-105.533873,28.173133],[-105.533611,28.173183],[-105.532907,28.173318],[-105.531254,28.173634],[-105.530968,28.173824],[-105.530573,28.17357],[-105.529629,28.17161],[-105.528951,28.17017],[-105.528176,28.16857],[-105.527643,28.16745],[-105.528072,28.167251],[-105.528374,28.16694],[-105.528578,28.16687],[-105.532459,28.166346]]]}},{"type":"Feature","properties":{"modulo":5,"idparcela":"2659","productor":"SOCIEDAD AGRICOLA GINER SPR DE RL Y CV","cultivo":null,"superficie_fisica_ha":20.06,"superficie_riego_ha":20.06,"hectareas":0},"geometry":{"type":"Polygon","coordinates":[[[-105.524422,28.160134],[-105.524116,28.160539],[-105.523734,28.160754],[-105.523521,28.161421],[-105.522805,28.162603],[-105.522167,28.163658],[-105.521037,28.163968],[-105.52007,28.164469],[-105.519213,28.165197],[-105.518449,28.165846],[-105.516752,28.167678],[-105.516722,28.167679],[-105.516666,28.167731],[-105.516339,28.167589],[-105.516414,28.167444],[-105.516455,28.167302],[-105.516676,28.166858],[-105.518227,28.164267],[-105.51908,28.163285],[-105.520122,28.162202],[-105.521551,28.160748],[-105.523039,28.159159],[-105.523457,28.158736],[-105.523682,28.158764],[-105.524213,28.159611],[-105.524422,28.160134]]]}},{"type":"Feature","properties":{"modulo":5,"idparcela":"2658","productor":"RUIZ SALINAS SERGIO","cultivo":null,"superficie_fisica_ha":18.22,"superficie_riego_ha":18.22,"hectareas":0},"geometry":{"type":"Polygon","coordinates":[[[-105.524529,28.164508],[-105.523789,28.164524],[-105.522994,28.164656],[-105.522185,28.165037],[-105.521657,28.165431],[-105.520911,28.165733],[-105.520385,28.166223],[-105.519884,28.166807],[-105.518295,28.168658],[-105.516915,28.168063],[-105.516861,28.167984],[-105.516852,28.167843],[-105.516849,28.167732],[-105.516796,28.167677],[-105.516752,28.167678],[-105.518449,28.165846],[-105.519213,28.165197],[-105.52007,28.164469],[-105.521037,28.163968],[-105.522167,28.163658],[-105.522805,28.162603],[-105.523521,28.161421],[-105.523734,28.160754],[-105.524116,28.160539],[-105.524422,28.160134],[-105.52443,28.160155],[-105.524537,28.164011],[-105.524529,28.164508]]]}},{"type":"Feature","properties":{"modulo":5,"idparcela":"2067","productor":"FLORES LICON CESAR OCTAVIO","cultivo":null,"superficie_fisica_ha":4.9,"superficie_riego_ha":4.9,"hectareas":0},"geometry":{"type":"Polygon","coordinates":[[[-105.510744,28.10561],[-105.510811,28.109328],[-105.509516,28.108498],[-105.50936,28.108401],[-105.509347,28.108301],[-105.509285,28.105696],[-105.509314,28.105623],[-105.509446,28.105602],[-105.510744,28.10561]]]}},{"type":"Feature","properties":{"modulo":5,"idparcela":"2074","productor":"VILLA GARCIA ENRIQUE","cultivo":null,"superficie_fisica_ha":8,"superficie_riego_ha":8,"hectareas":0},"geometry":{"type":"Polygon","coordinates":[[[-105.464087,28.132972],[-105.464184,28.135931],[-105.463966,28.135938],[-105.463213,28.135952],[-105.462275,28.135955],[-105.461626,28.135949],[-105.461557,28.135903],[-105.461514,28.135836],[-105.461499,28.134806],[-105.461516,28.133874],[-105.461536,28.133091],[-105.461738,28.133099],[-105.461935,28.133156],[-105.462075,28.133196],[-105.4622,28.1332],[-105.462394,28.133159],[-105.462594,28.133105],[-105.462822,28.133038],[-105.463106,28.133001],[-105.46334,28.132965],[-105.463593,28.132979],[-105.463942,28.133008],[-105.464,28.133003],[-105.464087,28.132972]]]}},{"type":"Feature","properties":{"modulo":5,"idparcela":"2465","productor":"SANCHEZ MARQUEZ EDUARDO","cultivo":null,"superficie_fisica_ha":1.5,"superficie_riego_ha":1.5,"hectareas":0},"geometry":{"type":"Polygon","coordinates":[[[-105.466462,28.162655],[-105.465549,28.163406],[-105.465529,28.163362],[-105.465079,28.162647],[-105.465363,28.16181],[-105.466462,28.162655]]]}},{"type":"Feature","properties":{"modulo":5,"idparcela":"2466","productor":"SANCHEZ MARQUEZ EDUARDO","cultivo":null,"superficie_fisica_ha":2.24,"superficie_riego_ha":2.24,"hectareas":0},"geometry":{"type":"Polygon","coordinates":[[[-105.466872,28.165897],[-105.468562,28.164361],[-105.469518,28.165033],[-105.467565,28.16685],[-105.466909,28.165955],[-105.466872,28.165897]]]}},{"type":"Feature","properties":{"modulo":5,"idparcela":"2477","productor":"ORNELAS AGUIRRE HILARIA","cultivo":null,"superficie_fisica_ha":12,"superficie_riego_ha":12,"hectareas":0},"geometry":{"type":"Polygon","coordinates":[[[-105.478173,28.156955],[-105.473767,28.158252],[-105.473778,28.154967],[-105.478902,28.154995],[-105.479045,28.15558],[-105.478173,28.156955]]]}},{"type":"Feature","properties":{"modulo":5,"idparcela":"2604","productor":"FUENTES HINOSTROZA JOSE MARIA","cultivo":null,"superficie_fisica_ha":13.75,"superficie_riego_ha":13.75,"hectareas":0},"geometry":{"type":"Polygon","coordinates":[[[-105.473503,28.139732],[-105.473546,28.142058],[-105.471734,28.142105],[-105.470246,28.142097],[-105.469948,28.142174],[-105.468521,28.142681],[-105.468527,28.141923],[-105.468544,28.140896],[-105.46852,28.139844],[-105.468584,28.139747],[-105.470842,28.13974],[-105.473503,28.139732]]]}},{"type":"Feature","properties":{"modulo":5,"idparcela":"2556","productor":"QUIROZ N HERMINIA","cultivo":null,"superficie_fisica_ha":1.2862,"superficie_riego_ha":1.2862,"hectareas":0},"geometry":{"type":"Polygon","coordinates":[[[-105.483927,28.178132],[-105.482617,28.176916],[-105.483884,28.175763],[-105.483927,28.178132]]]}},{"type":"Feature","properties":{"modulo":5,"idparcela":"2587","productor":"BARRERA GARCIA FRANCISCO","cultivo":null,"superficie_fisica_ha":1.7075,"superficie_riego_ha":1.7075,"hectareas":0},"geometry":{"type":"Polygon","coordinates":[[[-105.490814,28.174711],[-105.489774,28.175612],[-105.488338,28.174355],[-105.488451,28.174254],[-105.488341,28.174158],[-105.489001,28.173552],[-105.490814,28.174711]]]}},{"type":"Feature","properties":{"modulo":5,"idparcela":"2561","productor":"SAUCEDO LICERIO SACRAMENTO","cultivo":null,"superficie_fisica_ha":2.2452,"superficie_riego_ha":2.2452,"hectareas":0},"geometry":{"type":"Polygon","coordinates":[[[-105.491175,28.179546],[-105.489734,28.180744],[-105.48858,28.179682],[-105.489382,28.178999],[-105.489629,28.178872],[-105.489947,28.178825],[-105.490267,28.178838],[-105.490637,28.179032],[-105.491175,28.179546]]]}},{"type":"Feature","properties":{"modulo":5,"idparcela":"2538","productor":"MARQUEZ N LAURENCIO","cultivo":null,"superficie_fisica_ha":1.295,"superficie_riego_ha":1.295,"hectareas":0},"geometry":{"type":"Polygon","coordinates":[[[-105.487055,28.181012],[-105.488287,28.181985],[-105.486016,28.181932],[-105.487055,28.181012]]]}},{"type":"Feature","properties":{"modulo":5,"idparcela":"2539","productor":"CUEVAS N REYES","cultivo":null,"superficie_fisica_ha":0.702,"superficie_riego_ha":0.702,"hectareas":0},"geometry":{"type":"Polygon","coordinates":[[[-105.485766,28.182165],[-105.487947,28.182231],[-105.486882,28.183129],[-105.485766,28.182165]]]}},{"type":"Feature","properties":{"modulo":5,"idparcela":"2541","productor":"GARCIA N CATALINA","cultivo":null,"superficie_fisica_ha":1.404,"superficie_riego_ha":1.404,"hectareas":0},"geometry":{"type":"Polygon","coordinates":[[[-105.4854,28.179582],[-105.486044,28.180125],[-105.48467,28.18132],[-105.484048,28.180759],[-105.4854,28.179582]]]}},{"type":"Feature","properties":{"modulo":5,"idparcela":"2540","productor":"TORRES GARCIA J.GUADALUPE","cultivo":null,"superficie_fisica_ha":1.233,"superficie_riego_ha":1.233,"hectareas":0},"geometry":{"type":"Polygon","coordinates":[[[-105.486161,28.180225],[-105.486791,28.180745],[-105.485417,28.182002],[-105.484771,28.181402],[-105.486161,28.180225]]]}},{"type":"Feature","properties":{"modulo":5,"idparcela":"2543","productor":"BUNSOW WILSON EMMA","cultivo":null,"superficie_fisica_ha":1.2857,"superficie_riego_ha":1.2857,"hectareas":0},"geometry":{"type":"Polygon","coordinates":[[[-105.483945,28.178387],[-105.483975,28.180687],[-105.482679,28.179545],[-105.483945,28.178387]]]}},{"type":"Feature","properties":{"modulo":5,"idparcela":"2595","productor":"TAPIA HERNANDEZ JOSE JESUS","cultivo":null,"superficie_fisica_ha":2.4888,"superficie_riego_ha":2.4888,"hectareas":0},"geometry":{"type":"Polygon","coordinates":[[[-105.485194,28.184711],[-105.483985,28.185805],[-105.482855,28.184836],[-105.484056,28.183736],[-105.485194,28.184711]]]}},{"type":"Feature","properties":{"modulo":5,"idparcela":"2594","productor":"SANCHEZ MARQUEZ ANA","cultivo":null,"superficie_fisica_ha":2.42,"superficie_riego_ha":2.42,"hectareas":0},"geometry":{"type":"Polygon","coordinates":[[[-105.483776,28.185983],[-105.482825,28.186837],[-105.481687,28.185877],[-105.482656,28.185053],[-105.483776,28.185983]]]}},{"type":"Feature","properties":{"modulo":5,"idparcela":"2540","productor":"TORRES GARCIA J.GUADALUPE","cultivo":null,"superficie_fisica_ha":1.233,"superficie_riego_ha":1.233,"hectareas":0},"geometry":{"type":"Polygon","coordinates":[[[-105.486761,28.183268],[-105.485395,28.18454],[-105.484291,28.183564],[-105.485658,28.182323],[-105.486761,28.183268]]]}},{"type":"Feature","properties":{"modulo":5,"idparcela":"2592","productor":"TORRES GARCIA J.GUADALUPE","cultivo":null,"superficie_fisica_ha":1.28,"superficie_riego_ha":1.28,"hectareas":0},"geometry":{"type":"Polygon","coordinates":[[[-105.483878,28.180983],[-105.483887,28.183179],[-105.48266,28.182069],[-105.483878,28.180983]]]}},{"type":"Feature","properties":{"modulo":5,"idparcela":"2593","productor":"TORRES GARCIA J.GUADALUPE","cultivo":null,"superficie_fisica_ha":1.11,"superficie_riego_ha":1.11,"hectareas":0},"geometry":{"type":"Polygon","coordinates":[[[-105.484059,28.183205],[-105.484014,28.18095],[-105.485345,28.182102],[-105.484059,28.183205]]]}},{"type":"Feature","properties":{"modulo":5,"idparcela":"2591","productor":"VILLALOBOS PORRAS IGNACIO","cultivo":null,"superficie_fisica_ha":7.05,"superficie_riego_ha":7.05,"hectareas":0},"geometry":{"type":"Polygon","coordinates":[[[-105.483825,28.183422],[-105.481345,28.185575],[-105.479969,28.184442],[-105.482476,28.182225],[-105.483825,28.183422]]]}},{"type":"Feature","properties":{"modulo":5,"idparcela":"2590","productor":"PORRAS VILLALOBOS JOSE","cultivo":null,"superficie_fisica_ha":4.0704,"superficie_riego_ha":4.0704,"hectareas":0},"geometry":{"type":"Polygon","coordinates":[[[-105.480918,28.183379],[-105.47985,28.184326],[-105.478606,28.183232],[-105.479674,28.182255],[-105.480918,28.183379]]]}},{"type":"Feature","properties":{"modulo":5,"idparcela":"2512","productor":"SAMANIEGO N CONCEPCION","cultivo":null,"superficie_fisica_ha":2.4335,"superficie_riego_ha":2.4335,"hectareas":0},"geometry":{"type":"Polygon","coordinates":[[[-105.479464,28.182077],[-105.478413,28.183024],[-105.477151,28.1819],[-105.478201,28.180923],[-105.479464,28.182077]]]}},{"type":"Feature","properties":{"modulo":5,"idparcela":"2590","productor":"PORRAS VILLALOBOS JOSE","cultivo":null,"superficie_fisica_ha":4.0704,"superficie_riego_ha":4.0704,"hectareas":0},"geometry":{"type":"Polygon","coordinates":[[[-105.47984,28.1821],[-105.481708,28.18151],[-105.48237,28.182075],[-105.481077,28.183232],[-105.47984,28.1821]]]}},{"type":"Feature","properties":{"modulo":5,"idparcela":"2521","productor":"PRIETO SEIJAS PEDRO","cultivo":null,"superficie_fisica_ha":3.2431,"superficie_riego_ha":3.2431,"hectareas":0},"geometry":{"type":"Polygon","coordinates":[[[-105.48095,28.180788],[-105.479674,28.181929],[-105.478352,28.180784],[-105.479619,28.179635],[-105.48095,28.180788]]]}},{"type":"Feature","properties":{"modulo":5,"idparcela":"2513","productor":"HERRERA N LILY","cultivo":null,"superficie_fisica_ha":2.5293,"superficie_riego_ha":2.5293,"hectareas":0},"geometry":{"type":"Polygon","coordinates":[[[-105.478008,28.180745],[-105.476991,28.181661],[-105.475661,28.180538],[-105.47673,28.179637],[-105.478008,28.180745]]]}},{"type":"Feature","properties":{"modulo":5,"idparcela":"2522","productor":"BLAKE ARIAS JAVIER","cultivo":null,"superficie_fisica_ha":3.2416,"superficie_riego_ha":3.2416,"hectareas":0},"geometry":{"type":"Polygon","coordinates":[[[-105.479452,28.179509],[-105.478259,28.180528],[-105.476964,28.179435],[-105.4782,28.178363],[-105.479452,28.179509]]]}},{"type":"Feature","properties":{"modulo":5,"idparcela":"2514","productor":"GONZALEZ VALLES JESUS","cultivo":null,"superficie_fisica_ha":3.1459,"superficie_riego_ha":3.1459,"hectareas":0},"geometry":{"type":"Polygon","coordinates":[[[-105.476587,28.179509],[-105.475422,28.180521],[-105.47413,28.179371],[-105.47423,28.179117],[-105.475182,28.178313],[-105.476587,28.179509]]]}},{"type":"Feature","properties":{"modulo":5,"idparcela":"2505","productor":"DOMINGUEZ VILLALOBOS DEMETRIO","cultivo":null,"superficie_fisica_ha":0.689,"superficie_riego_ha":0.689,"hectareas":0},"geometry":{"type":"Polygon","coordinates":[[[-105.474935,28.180511],[-105.473898,28.18151],[-105.473792,28.181424],[-105.473818,28.179512],[-105.474935,28.180511]]]}},{"type":"Feature","properties":{"modulo":5,"idparcela":"2507","productor":"PRIETO CHACON JOSE","cultivo":null,"superficie_fisica_ha":3.1777,"superficie_riego_ha":3.1777,"hectareas":0},"geometry":{"type":"Polygon","coordinates":[[[-105.472194,28.180615],[-105.47097,28.179516],[-105.47231,28.178284],[-105.473588,28.179374],[-105.472194,28.180615]]]}},{"type":"Feature","properties":{"modulo":5,"idparcela":"2515","productor":"ACOSTA LICON RAMON SERGIO","cultivo":null,"superficie_fisica_ha":1.2839,"superficie_riego_ha":1.2839,"hectareas":0},"geometry":{"type":"Polygon","coordinates":[[[-105.475053,28.178193],[-105.473786,28.179346],[-105.473798,28.177007],[-105.475053,28.178193]]]}},{"type":"Feature","properties":{"modulo":5,"idparcela":"2516","productor":"MIRANDA FRANCO MARIANO","cultivo":null,"superficie_fisica_ha":1.2855,"superficie_riego_ha":1.2855,"hectareas":0},"geometry":{"type":"Polygon","coordinates":[[[-105.473633,28.179268],[-105.472418,28.178154],[-105.473616,28.177078],[-105.473633,28.179268]]]}},{"type":"Feature","properties":{"modulo":5,"idparcela":"2517","productor":"HUERECA TAPIA SOLEDAD","cultivo":null,"superficie_fisica_ha":3.2431,"superficie_riego_ha":3.2431,"hectareas":0},"geometry":{"type":"Polygon","coordinates":[[[-105.473568,28.176885],[-105.472303,28.178053],[-105.470968,28.176877],[-105.472256,28.17573],[-105.473568,28.176885]]]}},{"type":"Feature","properties":{"modulo":5,"idparcela":"2527","productor":"ESPINOZA CANO HERMANOS","cultivo":null,"superficie_fisica_ha":2.9137,"superficie_riego_ha":2.9137,"hectareas":0},"geometry":{"type":"Polygon","coordinates":[[[-105.473609,28.174329],[-105.472332,28.175467],[-105.471182,28.174469],[-105.47247,28.173386],[-105.473609,28.174329]]]}},{"type":"Feature","properties":{"modulo":5,"idparcela":"2519","productor":"DOMINGUEZ CANO PEDRO","cultivo":null,"superficie_fisica_ha":0.3433,"superficie_riego_ha":0.3433,"hectareas":0},"geometry":{"type":"Polygon","coordinates":[[[-105.470885,28.174424],[-105.46948,28.175666],[-105.469418,28.174837],[-105.470733,28.174284],[-105.470885,28.174424]]]}},{"type":"Feature","properties":{"modulo":5,"idparcela":"2509","productor":"MONTOYA MARTINEZ ANTONIO","cultivo":null,"superficie_fisica_ha":1.2849,"superficie_riego_ha":1.2849,"hectareas":0},"geometry":{"type":"Polygon","coordinates":[[[-105.470715,28.176918],[-105.469495,28.17802],[-105.469499,28.175852],[-105.470715,28.176918]]]}},{"type":"Feature","properties":{"modulo":5,"idparcela":"2503","productor":"GUERRA N TERESA","cultivo":null,"superficie_fisica_ha":1.1707,"superficie_riego_ha":1.1707,"hectareas":0},"geometry":{"type":"Polygon","coordinates":[[[-105.470632,28.179522],[-105.469488,28.180578],[-105.469517,28.178518],[-105.470632,28.179522]]]}},{"type":"Feature","properties":{"modulo":5,"idparcela":"2506","productor":"LOPEZ CABALLEROS MANUEL","cultivo":null,"superficie_fisica_ha":1.1464,"superficie_riego_ha":1.1464,"hectareas":0},"geometry":{"type":"Polygon","coordinates":[[[-105.47358,28.179682],[-105.473566,28.181524],[-105.473345,28.1817],[-105.472368,28.180739],[-105.47358,28.179682]]]}},{"type":"Feature","properties":{"modulo":5,"idparcela":"2501","productor":"MIRELES BARCENAS JOSE DOLORES","cultivo":null,"superficie_fisica_ha":0.16,"superficie_riego_ha":0.16,"hectareas":0},"geometry":{"type":"Polygon","coordinates":[[[-105.47082,28.18205],[-105.472202,28.180888],[-105.473355,28.181964],[-105.471991,28.183125],[-105.47082,28.18205]]]}},{"type":"Feature","properties":{"modulo":5,"idparcela":"2497","productor":"GARCIA LECHUGA ANGEL","cultivo":null,"superficie_fisica_ha":2.4637,"superficie_riego_ha":2.4637,"hectareas":0},"geometry":{"type":"Polygon","coordinates":[[[-105.471867,28.183224],[-105.470594,28.184376],[-105.46955,28.183469],[-105.469549,28.183282],[-105.470704,28.182222],[-105.471867,28.183224]]]}},{"type":"Feature","properties":{"modulo":5,"idparcela":"2496","productor":"CHAVEZ MEDINA PAZCUAL","cultivo":null,"superficie_fisica_ha":0.5313,"superficie_riego_ha":0.5313,"hectareas":0},"geometry":{"type":"Polygon","coordinates":[[[-105.469551,28.183691],[-105.470488,28.184482],[-105.469993,28.184943],[-105.469538,28.184559],[-105.469551,28.183691]]]}},{"type":"Feature","properties":{"modulo":5,"idparcela":"0","productor":null,"cultivo":null,"superficie_fisica_ha":0,"superficie_riego_ha":0,"hectareas":0},"geometry":{"type":"Polygon","coordinates":[[[-105.469573,28.181177],[-105.470594,28.182063],[-105.469579,28.183048],[-105.469573,28.181177]]]}},{"type":"Feature","properties":{"modulo":5,"idparcela":"2498","productor":"SANCHEZ CERECEDA MANUEL","cultivo":null,"superficie_fisica_ha":1.448,"superficie_riego_ha":1.448,"hectareas":0},"geometry":{"type":"Polygon","coordinates":[[[-105.469325,28.181023],[-105.469288,28.183198],[-105.468099,28.18212],[-105.469325,28.181023]]]}},{"type":"Feature","properties":{"modulo":5,"idparcela":"2504","productor":"CHAVEZ SAENZ JOSE MARIA","cultivo":null,"superficie_fisica_ha":1.5236,"superficie_riego_ha":1.5236,"hectareas":0},"geometry":{"type":"Polygon","coordinates":[[[-105.469291,28.18066],[-105.468016,28.179552],[-105.469327,28.178421],[-105.469291,28.18066]]]}},{"type":"Feature","properties":{"modulo":5,"idparcela":"2499","productor":"GINER N ESPERANZA","cultivo":null,"superficie_fisica_ha":3.2443,"superficie_riego_ha":3.2443,"hectareas":0},"geometry":{"type":"Polygon","coordinates":[[[-105.4692,28.180844],[-105.467938,28.181985],[-105.466565,28.180792],[-105.467899,28.179683],[-105.4692,28.180844]]]}},{"type":"Feature","properties":{"modulo":5,"idparcela":"2510","productor":"FLORES LICON CESAR OCTAVIO","cultivo":null,"superficie_fisica_ha":1.4029,"superficie_riego_ha":1.4029,"hectareas":0},"geometry":{"type":"Polygon","coordinates":[[[-105.469317,28.178068],[-105.468077,28.176906],[-105.469352,28.175798],[-105.469317,28.178068]]]}},{"type":"Feature","properties":{"modulo":5,"idparcela":"0","productor":null,"cultivo":null,"superficie_fisica_ha":0,"superficie_riego_ha":0,"hectareas":0},"geometry":{"type":"Polygon","coordinates":[[[-105.46919,28.178264],[-105.46788,28.179416],[-105.46655,28.178229],[-105.467858,28.177078],[-105.46919,28.178264]]]}},{"type":"Feature","properties":{"modulo":5,"idparcela":"2500","productor":"BARRERA N MARGARITA","cultivo":null,"superficie_fisica_ha":2.3826,"superficie_riego_ha":2.3826,"hectareas":0},"geometry":{"type":"Polygon","coordinates":[[[-105.467738,28.179548],[-105.46644,28.180689],[-105.465748,28.180071],[-105.466611,28.178533],[-105.467738,28.179548]]]}},{"type":"Feature","properties":{"modulo":5,"idparcela":"2663","productor":"ARMENDARIZ CARLOS EFRAIN","cultivo":null,"superficie_fisica_ha":13.51,"superficie_riego_ha":11.5,"hectareas":0},"geometry":{"type":"Polygon","coordinates":[[[-105.530222,28.160389],[-105.530754,28.161167],[-105.531308,28.161986],[-105.529942,28.162015],[-105.528013,28.16207],[-105.527019,28.162092],[-105.526127,28.162137],[-105.525886,28.16216],[-105.525097,28.16052],[-105.530222,28.160389]]]}},{"type":"Feature","properties":{"modulo":5,"idparcela":"2643","productor":"IBARRA MACIAS CARLOS","cultivo":null,"superficie_fisica_ha":20.2,"superficie_riego_ha":20.2,"hectareas":0},"geometry":{"type":"Polygon","coordinates":[[[-105.510594,28.176721],[-105.510625,28.181498],[-105.509459,28.181507],[-105.509322,28.18146],[-105.509206,28.181362],[-105.509075,28.180928],[-105.508693,28.179679],[-105.508555,28.17916],[-105.508347,28.178569],[-105.508329,28.178435],[-105.508858,28.176735],[-105.510594,28.176721]]]}},{"type":"Feature","properties":{"modulo":5,"idparcela":"2651","productor":"ESC. TECNICA AGOPECUARIA NUMERO 1(UNO)","cultivo":null,"superficie_fisica_ha":35.64,"superficie_riego_ha":22.34,"hectareas":0},"geometry":{"type":"Polygon","coordinates":[[[-105.514483,28.176622],[-105.517356,28.175792],[-105.520228,28.17488],[-105.520236,28.181772],[-105.517356,28.181531],[-105.514616,28.181429],[-105.514631,28.177872],[-105.514537,28.176944],[-105.514483,28.176622]]]}},{"type":"Feature","properties":{"modulo":5,"idparcela":"2691","productor":"GONZALEZ N HORTENCIA","cultivo":null,"superficie_fisica_ha":45.7,"superficie_riego_ha":24.3,"hectareas":0},"geometry":{"type":"Polygon","coordinates":[[[-105.481457,28.095066],[-105.48241,28.095065],[-105.483202,28.095063],[-105.483379,28.095206],[-105.483602,28.095395],[-105.483841,28.095596],[-105.484175,28.096003],[-105.484411,28.096378],[-105.485336,28.097896],[-105.485602,28.098241],[-105.485592,28.098464],[-105.485584,28.098714],[-105.485574,28.098922],[-105.485566,28.099034],[-105.485499,28.099094],[-105.485418,28.09911],[-105.4849,28.099109],[-105.484246,28.099092],[-105.483645,28.09909],[-105.482699,28.099065],[-105.482183,28.099061],[-105.481447,28.099055],[-105.481455,28.098468],[-105.481449,28.097994],[-105.481469,28.096851],[-105.481447,28.096028],[-105.481407,28.095676],[-105.481457,28.095066]]]}},{"type":"Feature","properties":{"modulo":5,"idparcela":"2749","productor":"BUSTILLOS NU¥EZ JOSE MARIO","cultivo":null,"superficie_fisica_ha":14.16,"superficie_riego_ha":14.16,"hectareas":0},"geometry":{"type":"Polygon","coordinates":[[[-105.504112,28.118983],[-105.506073,28.118996],[-105.506245,28.119009],[-105.506321,28.119013],[-105.506364,28.119064],[-105.506352,28.119171],[-105.506312,28.119298],[-105.506329,28.119446],[-105.506387,28.119695],[-105.506485,28.119978],[-105.506606,28.12018],[-105.506649,28.120328],[-105.506655,28.120533],[-105.506725,28.120748],[-105.506821,28.120962],[-105.507009,28.121266],[-105.507247,28.121512],[-105.507473,28.121769],[-105.507697,28.121981],[-105.507908,28.122158],[-105.508172,28.122415],[-105.508253,28.122538],[-105.50832,28.122699],[-105.508348,28.122868],[-105.508347,28.123065],[-105.508335,28.123175],[-105.508332,28.123343],[-105.506716,28.123363],[-105.504863,28.12338],[-105.504123,28.123379],[-105.504112,28.118983]]]}},{"type":"Feature","properties":{"modulo":5,"idparcela":"2748","productor":"FAJER CAMARENA VICTOR","cultivo":null,"superficie_fisica_ha":15.64,"superficie_riego_ha":12.64,"hectareas":0},"geometry":{"type":"Polygon","coordinates":[[[-105.501555,28.123048],[-105.501555,28.122558],[-105.501547,28.121817],[-105.501537,28.120051],[-105.501506,28.119055],[-105.501525,28.119006],[-105.501516,28.11892],[-105.502472,28.118982],[-105.503205,28.118977],[-105.504112,28.118983],[-105.504123,28.123379],[-105.50344,28.123369],[-105.501885,28.12336],[-105.501677,28.123359],[-105.501584,28.123332],[-105.501561,28.123265],[-105.501555,28.123048]]]}},{"type":"Feature","properties":{"modulo":5,"idparcela":"2896","productor":"MARQUEZ QUINONES MARCIAL","cultivo":null,"superficie_fisica_ha":47.5,"superficie_riego_ha":47.5,"hectareas":0},"geometry":{"type":"Polygon","coordinates":[[[-105.599276,28.146084],[-105.599337,28.146072],[-105.599619,28.146406],[-105.599812,28.146675],[-105.599954,28.146902],[-105.599958,28.147023],[-105.599976,28.147241],[-105.599961,28.147571],[-105.599954,28.147768],[-105.599903,28.148164],[-105.599883,28.148734],[-105.599867,28.149063],[-105.599841,28.149447],[-105.599883,28.149622],[-105.600036,28.149783],[-105.600226,28.149954],[-105.600667,28.150432],[-105.600434,28.1504],[-105.600211,28.15035],[-105.599823,28.150211],[-105.599485,28.150041],[-105.599157,28.149854],[-105.598927,28.149766],[-105.598732,28.149685],[-105.598422,28.149545],[-105.598207,28.149348],[-105.59799,28.149113],[-105.597818,28.148907],[-105.597595,28.148757],[-105.597367,28.148724],[-105.597087,28.148722],[-105.596798,28.148705],[-105.596632,28.148701],[-105.596249,28.148764],[-105.596049,28.148815],[-105.595839,28.148827],[-105.595533,28.148819],[-105.595166,28.148819],[-105.594945,28.148746],[-105.594698,28.148667],[-105.594335,28.148512],[-105.593866,28.148282],[-105.593456,28.148105],[-105.592862,28.147759],[-105.592616,28.147619],[-105.592253,28.147413],[-105.591906,28.147163],[-105.591706,28.14698],[-105.591427,28.146857],[-105.590968,28.146638],[-105.590671,28.146472],[-105.590474,28.146376],[-105.590228,28.146252],[-105.589995,28.146056],[-105.589877,28.145886],[-105.589725,28.14566],[-105.589641,28.145576],[-105.589508,28.145435],[-105.589309,28.145281],[-105.589315,28.145119],[-105.589422,28.142408],[-105.589441,28.141932],[-105.592831,28.143193],[-105.595074,28.144033],[-105.597396,28.1448],[-105.598297,28.145139],[-105.598861,28.145586],[-105.599276,28.146084]]]}},{"type":"Feature","properties":{"modulo":5,"idparcela":"2909","productor":"REDE QUINTANA GERONIMO","cultivo":null,"superficie_fisica_ha":1.7159,"superficie_riego_ha":1.7159,"hectareas":0},"geometry":{"type":"Polygon","coordinates":[[[-105.588191,28.160298],[-105.58836,28.16016],[-105.589451,28.15944],[-105.590237,28.158952],[-105.591798,28.158044],[-105.592058,28.157938],[-105.592198,28.157835],[-105.59236,28.157731],[-105.59257,28.157687],[-105.59296,28.157665],[-105.593057,28.157883],[-105.592879,28.157987],[-105.592512,28.158035],[-105.5919,28.158202],[-105.591485,28.158417],[-105.591243,28.158636],[-105.591128,28.158819],[-105.59087,28.158924],[-105.590698,28.159055],[-105.590529,28.159205],[-105.590323,28.159356],[-105.590224,28.159466],[-105.58837,28.161306],[-105.588342,28.16124],[-105.588277,28.161079],[-105.588198,28.160879],[-105.588164,28.160765],[-105.588109,28.160586],[-105.588048,28.160375],[-105.588191,28.160298]]]}},{"type":"Feature","properties":{"modulo":5,"idparcela":"2910","productor":"CAMPOS MORENO ROBERTO","cultivo":null,"superficie_fisica_ha":2.3591,"superficie_riego_ha":1.85,"hectareas":0},"geometry":{"type":"Polygon","coordinates":[[[-105.590224,28.159466],[-105.59023,28.159505],[-105.590355,28.159676],[-105.590441,28.1598],[-105.59052,28.159925],[-105.590571,28.160137],[-105.590521,28.160225],[-105.590531,28.160331],[-105.589871,28.160933],[-105.589602,28.161232],[-105.589499,28.161321],[-105.589356,28.161337],[-105.589214,28.16136],[-105.589057,28.161391],[-105.588938,28.161433],[-105.588731,28.161472],[-105.588485,28.161505],[-105.58845,28.161511],[-105.588395,28.161365],[-105.58837,28.161306],[-105.590224,28.159466]]]}},{"type":"Feature","properties":{"modulo":5,"idparcela":"2913","productor":"GOMEZ HERNANDEZ ANSELMA","cultivo":null,"superficie_fisica_ha":8.2357,"superficie_riego_ha":8.2357,"hectareas":0},"geometry":{"type":"Polygon","coordinates":[[[-105.584874,28.155368],[-105.585149,28.1554],[-105.585491,28.155378],[-105.585604,28.155364],[-105.585915,28.155335],[-105.586141,28.155323],[-105.58629,28.155293],[-105.586455,28.155276],[-105.586576,28.155294],[-105.586634,28.15535],[-105.587401,28.157809],[-105.585627,28.157947],[-105.585441,28.157228],[-105.585262,28.156642],[-105.585159,28.156304],[-105.584874,28.155368]]]}},{"type":"Feature","properties":{"modulo":5,"idparcela":"2913","productor":"GOMEZ HERNANDEZ ANSELMA","cultivo":null,"superficie_fisica_ha":8.2357,"superficie_riego_ha":8.2357,"hectareas":0},"geometry":{"type":"Polygon","coordinates":[[[-105.587401,28.157809],[-105.587796,28.159066],[-105.587922,28.159486],[-105.586439,28.159586],[-105.586123,28.159622],[-105.585704,28.158178],[-105.585627,28.157947],[-105.587401,28.157809]]]}},{"type":"Feature","properties":{"modulo":5,"idparcela":"0","productor":null,"cultivo":null,"superficie_fisica_ha":0,"superficie_riego_ha":0,"hectareas":0},"geometry":{"type":"Polygon","coordinates":[[[-105.588048,28.160375],[-105.588109,28.160586],[-105.588164,28.160765],[-105.588198,28.160879],[-105.588277,28.161079],[-105.588342,28.16124],[-105.58837,28.161306],[-105.588395,28.161365],[-105.58845,28.161511],[-105.588282,28.161537],[-105.587899,28.161731],[-105.587486,28.161954],[-105.587156,28.162098],[-105.586905,28.162169],[-105.586637,28.162268],[-105.586435,28.162322],[-105.586241,28.162441],[-105.586063,28.162499],[-105.585824,28.162538],[-105.585658,28.162579],[-105.585594,28.162601],[-105.585478,28.162628],[-105.585361,28.162636],[-105.585282,28.162614],[-105.585217,28.162569],[-105.585155,28.16251],[-105.585114,28.162385],[-105.585076,28.162215],[-105.585254,28.162145],[-105.585641,28.161901],[-105.585991,28.161659],[-105.586481,28.161359],[-105.58682,28.161133],[-105.587279,28.160818],[-105.587781,28.160517],[-105.588048,28.160375]]]}},{"type":"Feature","properties":{"modulo":5,"idparcela":"2919","productor":"RIVERA MORALES CRISTOBAL","cultivo":null,"superficie_fisica_ha":4.5237,"superficie_riego_ha":4.5237,"hectareas":0},"geometry":{"type":"Polygon","coordinates":[[[-105.58233,28.160258],[-105.583294,28.160019],[-105.583757,28.159944],[-105.584013,28.159901],[-105.584137,28.159885],[-105.584159,28.159971],[-105.584231,28.160342],[-105.584339,28.160673],[-105.5844,28.160823],[-105.583862,28.161049],[-105.583505,28.161196],[-105.583295,28.161275],[-105.583138,28.161286],[-105.582281,28.161165],[-105.582227,28.161089],[-105.582192,28.160903],[-105.582186,28.160682],[-105.582196,28.16051],[-105.58233,28.160258]]]}},{"type":"Feature","properties":{"modulo":5,"idparcela":"2918","productor":"RIVERA MORALES CRISTOBAL","cultivo":null,"superficie_fisica_ha":2.8449,"superficie_riego_ha":2.6013,"hectareas":0},"geometry":{"type":"Polygon","coordinates":[[[-105.5844,28.160823],[-105.584466,28.160987],[-105.584611,28.161345],[-105.584822,28.161821],[-105.584949,28.162032],[-105.58498,28.162091],[-105.584855,28.16207],[-105.583938,28.162031],[-105.583676,28.161994],[-105.583407,28.16191],[-105.583155,28.161795],[-105.582859,28.161615],[-105.58272,28.161516],[-105.582453,28.16135],[-105.582337,28.161246],[-105.582281,28.161165],[-105.583138,28.161286],[-105.583295,28.161275],[-105.583505,28.161196],[-105.583862,28.161049],[-105.5844,28.160823]]]}},{"type":"Feature","properties":{"modulo":5,"idparcela":"3029","productor":"VILLALPANDO IBARRA VIRGINIA","cultivo":null,"superficie_fisica_ha":0.5914,"superficie_riego_ha":0.5914,"hectareas":0},"geometry":{"type":"Polygon","coordinates":[[[-105.555068,28.143238],[-105.554893,28.143273],[-105.553787,28.143515],[-105.553746,28.143312],[-105.553887,28.143211],[-105.554875,28.142624],[-105.555061,28.1425],[-105.555068,28.143238]]]}},{"type":"Feature","properties":{"modulo":5,"idparcela":"3030","productor":"MELENDEZ VAZQUEZ JOSE","cultivo":null,"superficie_fisica_ha":3.64,"superficie_riego_ha":3.64,"hectareas":0},"geometry":{"type":"Polygon","coordinates":[[[-105.555091,28.144272],[-105.554473,28.144408],[-105.553591,28.144625],[-105.553344,28.144001],[-105.553787,28.143515],[-105.554893,28.143273],[-105.555068,28.143238],[-105.555091,28.144272]]]}},{"type":"Feature","properties":{"modulo":5,"idparcela":"3028","productor":"VILLALPANDO IBARRA VIRGINIA","cultivo":null,"superficie_fisica_ha":3.7935,"superficie_riego_ha":3.7036,"hectareas":0},"geometry":{"type":"Polygon","coordinates":[[[-105.559302,28.142395],[-105.55749,28.142753],[-105.556221,28.142988],[-105.556096,28.143014],[-105.55578,28.143081],[-105.555235,28.143206],[-105.555175,28.143218],[-105.555171,28.142428],[-105.555392,28.142293],[-105.555687,28.14213],[-105.556233,28.141828],[-105.556436,28.141754],[-105.556585,28.141736],[-105.55674,28.141733],[-105.556901,28.141744],[-105.557168,28.141773],[-105.557747,28.141866],[-105.558872,28.14205],[-105.559148,28.142101],[-105.559302,28.142395]]]}},{"type":"Feature","properties":{"modulo":5,"idparcela":"3030","productor":"MELENDEZ VAZQUEZ JOSE","cultivo":null,"superficie_fisica_ha":3.64,"superficie_riego_ha":3.64,"hectareas":0},"geometry":{"type":"Polygon","coordinates":[[[-105.556482,28.143918],[-105.555347,28.144194],[-105.5552,28.14423],[-105.555175,28.143218],[-105.555235,28.143206],[-105.55578,28.143081],[-105.556096,28.143014],[-105.556482,28.143918]]]}},{"type":"Feature","properties":{"modulo":5,"idparcela":"3031","productor":"IBARRA CHAVEZ VICTOR","cultivo":null,"superficie_fisica_ha":5.38,"superficie_riego_ha":5.38,"hectareas":0},"geometry":{"type":"Polygon","coordinates":[[[-105.5552,28.14423],[-105.555347,28.144194],[-105.556482,28.143918],[-105.557295,28.145627],[-105.555252,28.146117],[-105.5552,28.14423]]]}},{"type":"Feature","properties":{"modulo":5,"idparcela":"3031","productor":"IBARRA CHAVEZ VICTOR","cultivo":null,"superficie_fisica_ha":5.38,"superficie_riego_ha":5.38,"hectareas":0},"geometry":{"type":"Polygon","coordinates":[[[-105.553591,28.144625],[-105.554473,28.144408],[-105.555091,28.144272],[-105.555135,28.146146],[-105.554344,28.146342],[-105.553591,28.144625]]]}},{"type":"Feature","properties":{"modulo":5,"idparcela":"3032","productor":"MARTHA V.DE QUI¥ONEZ CELIA","cultivo":null,"superficie_fisica_ha":0.44,"superficie_riego_ha":0.44,"hectareas":0},"geometry":{"type":"Polygon","coordinates":[[[-105.555135,28.146146],[-105.555118,28.14785],[-105.554344,28.146342],[-105.555135,28.146146]]]}},{"type":"Feature","properties":{"modulo":5,"idparcela":"3107","productor":"BURROLA FLORES SERGIO","cultivo":null,"superficie_fisica_ha":5.365,"superficie_riego_ha":5.365,"hectareas":0},"geometry":{"type":"Polygon","coordinates":[[[-105.555216,28.148075],[-105.556102,28.149724],[-105.555205,28.149958],[-105.555216,28.148075]]]}},{"type":"Feature","properties":{"modulo":5,"idparcela":"3107","productor":"BURROLA FLORES SERGIO","cultivo":null,"superficie_fisica_ha":5.365,"superficie_riego_ha":5.365,"hectareas":0},"geometry":{"type":"Polygon","coordinates":[[[-105.553083,28.15034],[-105.552267,28.1487],[-105.552422,28.14868],[-105.552641,28.148655],[-105.554406,28.148255],[-105.555117,28.148118],[-105.555082,28.149975],[-105.554139,28.150144],[-105.55351,28.150239],[-105.553083,28.15034]]]}},{"type":"Feature","properties":{"modulo":5,"idparcela":"3274","productor":"SILVEIRA TERRAZAS ROBERTO","cultivo":null,"superficie_fisica_ha":5.3145,"superficie_riego_ha":5.202,"hectareas":0},"geometry":{"type":"Polygon","coordinates":[[[-105.553764,28.157265],[-105.554548,28.157494],[-105.555132,28.157665],[-105.55515,28.15968],[-105.554499,28.159543],[-105.553319,28.159298],[-105.553418,28.158884],[-105.553764,28.157265]]]}},{"type":"Feature","properties":{"modulo":5,"idparcela":"3273","productor":"ISLAS HERNANDEZ CANDIDO","cultivo":null,"superficie_fisica_ha":5.675,"superficie_riego_ha":5.675,"hectareas":0},"geometry":{"type":"Polygon","coordinates":[[[-105.553319,28.159298],[-105.554499,28.159543],[-105.55515,28.15968],[-105.555171,28.160902],[-105.555129,28.160967],[-105.555144,28.161433],[-105.553013,28.160897],[-105.553032,28.160688],[-105.553319,28.159298]]]}},{"type":"Feature","properties":{"modulo":5,"idparcela":"3062","productor":"GINER AGUILAR MA. DE LA LUZ","cultivo":null,"superficie_fisica_ha":4.89,"superficie_riego_ha":4.89,"hectareas":0},"geometry":{"type":"Polygon","coordinates":[[[-105.555132,28.157665],[-105.554548,28.157494],[-105.553764,28.157265],[-105.553822,28.15694],[-105.554142,28.155606],[-105.555124,28.1559],[-105.555132,28.157665]]]}},{"type":"Feature","properties":{"modulo":5,"idparcela":"3274","productor":"SILVEIRA TERRAZAS ROBERTO","cultivo":null,"superficie_fisica_ha":5.3145,"superficie_riego_ha":5.202,"hectareas":0},"geometry":{"type":"Polygon","coordinates":[[[-105.556214,28.159905],[-105.555253,28.159702],[-105.555241,28.15769],[-105.556549,28.157991],[-105.556407,28.158663],[-105.556306,28.159271],[-105.556214,28.159905]]]}},{"type":"Feature","properties":{"modulo":5,"idparcela":"3273","productor":"ISLAS HERNANDEZ CANDIDO","cultivo":null,"superficie_fisica_ha":5.675,"superficie_riego_ha":5.675,"hectareas":0},"geometry":{"type":"Polygon","coordinates":[[[-105.555253,28.159702],[-105.556214,28.159905],[-105.556173,28.160161],[-105.556083,28.160361],[-105.555985,28.160448],[-105.555842,28.160509],[-105.555618,28.16063],[-105.555494,28.160677],[-105.555321,28.160784],[-105.555259,28.16083],[-105.555253,28.159702]]]}},{"type":"Feature","properties":{"modulo":5,"idparcela":"3062","productor":"GINER AGUILAR MA. DE LA LUZ","cultivo":null,"superficie_fisica_ha":4.89,"superficie_riego_ha":4.89,"hectareas":0},"geometry":{"type":"Polygon","coordinates":[[[-105.556892,28.156424],[-105.556705,28.157161],[-105.556549,28.157991],[-105.555241,28.15769],[-105.555235,28.155954],[-105.555408,28.155999],[-105.556892,28.156424]]]}},{"type":"Feature","properties":{"modulo":5,"idparcela":"3087","productor":"VEGA SOSA J. CARMEN","cultivo":null,"superficie_fisica_ha":5.645,"superficie_riego_ha":5.645,"hectareas":0},"geometry":{"type":"Polygon","coordinates":[[[-105.553231,28.1546],[-105.554271,28.154929],[-105.554142,28.155606],[-105.553822,28.15694],[-105.551318,28.156138],[-105.551663,28.155836],[-105.552182,28.155456],[-105.55273,28.154983],[-105.553231,28.1546]]]}},{"type":"Feature","properties":{"modulo":5,"idparcela":"3086","productor":"MARQUEZ DIAZ JOSE ALEJANDRO","cultivo":null,"superficie_fisica_ha":4.9367,"superficie_riego_ha":4.9367,"hectareas":0},"geometry":{"type":"Polygon","coordinates":[[[-105.554271,28.154929],[-105.553231,28.1546],[-105.553626,28.1543],[-105.554301,28.153756],[-105.554526,28.153568],[-105.554746,28.153352],[-105.554721,28.153459],[-105.554672,28.153595],[-105.554271,28.154929]]]}},{"type":"Feature","properties":{"modulo":5,"idparcela":"3087","productor":"VEGA SOSA J. CARMEN","cultivo":null,"superficie_fisica_ha":5.645,"superficie_riego_ha":5.645,"hectareas":0},"geometry":{"type":"Polygon","coordinates":[[[-105.551362,28.154061],[-105.552822,28.154478],[-105.552129,28.155043],[-105.551489,28.155554],[-105.551062,28.155914],[-105.550797,28.156113],[-105.550973,28.155418],[-105.551362,28.154061]]]}},{"type":"Feature","properties":{"modulo":5,"idparcela":"3086","productor":"MARQUEZ DIAZ JOSE ALEJANDRO","cultivo":null,"superficie_fisica_ha":4.9367,"superficie_riego_ha":4.9367,"hectareas":0},"geometry":{"type":"Polygon","coordinates":[[[-105.552822,28.154478],[-105.551362,28.154061],[-105.551387,28.15384],[-105.551736,28.152313],[-105.552274,28.15241],[-105.552263,28.152455],[-105.554734,28.152893],[-105.55467,28.152975],[-105.554518,28.15311],[-105.554244,28.153347],[-105.553685,28.153811],[-105.553126,28.154256],[-105.552822,28.154478]]]}},{"type":"Feature","properties":{"modulo":5,"idparcela":"3061","productor":"QUI¥ONEZ SANCHEZ ENRIQUETA","cultivo":null,"superficie_fisica_ha":5.5,"superficie_riego_ha":5.5,"hectareas":0},"geometry":{"type":"Polygon","coordinates":[[[-105.557341,28.164376],[-105.557479,28.164381],[-105.557664,28.164396],[-105.557951,28.16446],[-105.557981,28.164527],[-105.558,28.164614],[-105.557991,28.164696],[-105.557967,28.164807],[-105.557808,28.165383],[-105.557699,28.165797],[-105.557551,28.166366],[-105.557508,28.166566],[-105.557489,28.166687],[-105.555497,28.166339],[-105.555499,28.165023],[-105.557341,28.164376]]]}},{"type":"Feature","properties":{"modulo":5,"idparcela":"3061","productor":"QUI¥ONEZ SANCHEZ ENRIQUETA","cultivo":null,"superficie_fisica_ha":5.5,"superficie_riego_ha":5.5,"hectareas":0},"geometry":{"type":"Polygon","coordinates":[[[-105.555563,28.164511],[-105.555707,28.164037],[-105.556379,28.164141],[-105.557094,28.164255],[-105.555565,28.16481],[-105.555563,28.164511]]]}},{"type":"Feature","properties":{"modulo":5,"idparcela":"3058","productor":"DELGADO REYES ANASTACIO","cultivo":null,"superficie_fisica_ha":4.65,"superficie_riego_ha":4.65,"hectareas":0},"geometry":{"type":"Polygon","coordinates":[[[-105.561193,28.164495],[-105.560762,28.164454],[-105.560131,28.164408],[-105.559425,28.164351],[-105.558657,28.164299],[-105.558192,28.164266],[-105.558219,28.164034],[-105.561633,28.162845],[-105.561549,28.163172],[-105.561493,28.163411],[-105.561353,28.163919],[-105.561193,28.164495]]]}},{"type":"Feature","properties":{"modulo":5,"idparcela":"3060","productor":"MENDEZ RODRIGUEZ EVERARDO","cultivo":null,"superficie_fisica_ha":5.725,"superficie_riego_ha":5.725,"hectareas":0},"geometry":{"type":"Polygon","coordinates":[[[-105.557094,28.164255],[-105.556379,28.164141],[-105.555707,28.164037],[-105.555563,28.164511],[-105.555573,28.162639],[-105.555579,28.161516],[-105.55595,28.161613],[-105.556011,28.161748],[-105.558711,28.162013],[-105.558645,28.162403],[-105.558578,28.162594],[-105.558243,28.163847],[-105.557681,28.164042],[-105.557094,28.164255]]]}},{"type":"Feature","properties":{"modulo":5,"idparcela":"3058","productor":"DELGADO REYES ANASTACIO","cultivo":null,"superficie_fisica_ha":4.65,"superficie_riego_ha":4.65,"hectareas":0},"geometry":{"type":"Polygon","coordinates":[[[-105.558243,28.163847],[-105.558578,28.162594],[-105.558645,28.162403],[-105.560171,28.162565],[-105.561411,28.162677],[-105.558243,28.163847]]]}},{"type":"Feature","properties":{"modulo":5,"idparcela":"2951","productor":"ISLAS HERNANDEZ CANDIDO","cultivo":null,"superficie_fisica_ha":6.7137,"superficie_riego_ha":6.1,"hectareas":0},"geometry":{"type":"Polygon","coordinates":[[[-105.559045,28.16613],[-105.559175,28.166281],[-105.559291,28.166432],[-105.559454,28.1666],[-105.559428,28.166741],[-105.55935,28.166961],[-105.559192,28.167404],[-105.559056,28.167766],[-105.558938,28.167965],[-105.558673,28.168119],[-105.558354,28.168283],[-105.558229,28.168081],[-105.557656,28.167182],[-105.559045,28.16613]]]}},{"type":"Feature","properties":{"modulo":5,"idparcela":"2951","productor":"ISLAS HERNANDEZ CANDIDO","cultivo":null,"superficie_fisica_ha":6.7137,"superficie_riego_ha":6.1,"hectareas":0},"geometry":{"type":"Polygon","coordinates":[[[-105.558192,28.164266],[-105.558657,28.164299],[-105.559425,28.164351],[-105.560131,28.164408],[-105.560762,28.164454],[-105.561193,28.164495],[-105.561083,28.164629],[-105.560926,28.16473],[-105.56067,28.164877],[-105.560345,28.165026],[-105.56,28.165175],[-105.559665,28.165342],[-105.559478,28.165452],[-105.559326,28.165567],[-105.559242,28.16568],[-105.559089,28.165863],[-105.558977,28.165991],[-105.557646,28.166996],[-105.557615,28.166921],[-105.557586,28.166811],[-105.557561,28.16671],[-105.557579,28.166584],[-105.557633,28.166364],[-105.55783,28.1656],[-105.557899,28.165308],[-105.557987,28.164962],[-105.558051,28.164769],[-105.558081,28.164607],[-105.558079,28.16453],[-105.558039,28.164487],[-105.558032,28.164419],[-105.558047,28.164366],[-105.558078,28.164312],[-105.558121,28.164282],[-105.558192,28.164266]]]}},{"type":"Feature","properties":{"modulo":5,"idparcela":"2952","productor":"AGUIRRE ESPARZA GUADALUPE","cultivo":null,"superficie_fisica_ha":4.075,"superficie_riego_ha":4.075,"hectareas":0},"geometry":{"type":"Polygon","coordinates":[[[-105.558023,28.168228],[-105.55798,28.168221],[-105.5576,28.168214],[-105.557088,28.168189],[-105.556831,28.168145],[-105.556678,28.168106],[-105.556544,28.168032],[-105.557656,28.167182],[-105.558229,28.168081],[-105.558354,28.168283],[-105.558023,28.168228]]]}},{"type":"Feature","properties":{"modulo":5,"idparcela":"2952","productor":"AGUIRRE ESPARZA GUADALUPE","cultivo":null,"superficie_fisica_ha":4.075,"superficie_riego_ha":4.075,"hectareas":0},"geometry":{"type":"Polygon","coordinates":[[[-105.555881,28.168401],[-105.555529,28.168686],[-105.555524,28.167628],[-105.555497,28.166339],[-105.557489,28.166687],[-105.557527,28.16687],[-105.557569,28.16699],[-105.557582,28.16704],[-105.556423,28.167981],[-105.555881,28.168401]]]}},{"type":"Feature","properties":{"modulo":5,"idparcela":"2963","productor":"GOMEZ ALVAREZ MARCIAL","cultivo":null,"superficie_fisica_ha":10.325,"superficie_riego_ha":10.325,"hectareas":0},"geometry":{"type":"Polygon","coordinates":[[[-105.549985,28.174527],[-105.550532,28.172114],[-105.552147,28.172568],[-105.551829,28.172914],[-105.551416,28.173347],[-105.551145,28.173615],[-105.550908,28.173827],[-105.550709,28.173986],[-105.550423,28.174216],[-105.550176,28.174385],[-105.549985,28.174527]]]}},{"type":"Feature","properties":{"modulo":5,"idparcela":"2963","productor":"GOMEZ ALVAREZ MARCIAL","cultivo":null,"superficie_fisica_ha":10.325,"superficie_riego_ha":10.325,"hectareas":0},"geometry":{"type":"Polygon","coordinates":[[[-105.553173,28.17288],[-105.553219,28.172924],[-105.553204,28.173],[-105.553064,28.173256],[-105.553088,28.173357],[-105.552549,28.174217],[-105.552021,28.174887],[-105.551722,28.175249],[-105.551526,28.175448],[-105.551071,28.175766],[-105.55069,28.176119],[-105.550492,28.17649],[-105.550362,28.17659],[-105.550065,28.176808],[-105.549736,28.17708],[-105.549491,28.177252],[-105.549287,28.177343],[-105.54927,28.177226],[-105.549616,28.175998],[-105.549932,28.174697],[-105.550274,28.174435],[-105.550626,28.174177],[-105.550892,28.173948],[-105.551234,28.173665],[-105.551518,28.173409],[-105.551764,28.173162],[-105.552107,28.172807],[-105.552278,28.172608],[-105.553173,28.17288]]]}},{"type":"Feature","properties":{"modulo":5,"idparcela":"3138","productor":"MARQUEZ HERNANDEZ GUILLERMO","cultivo":null,"superficie_fisica_ha":4.5712,"superficie_riego_ha":4.5712,"hectareas":0},"geometry":{"type":"Polygon","coordinates":[[[-105.544853,28.165082],[-105.544822,28.164884],[-105.54475,28.164669],[-105.544662,28.164443],[-105.544423,28.163858],[-105.544366,28.163715],[-105.544341,28.163597],[-105.544366,28.163492],[-105.544445,28.163336],[-105.545581,28.163929],[-105.545713,28.163999],[-105.545918,28.164117],[-105.545616,28.165504],[-105.545506,28.165488],[-105.544864,28.165095],[-105.544853,28.165082]]]}},{"type":"Feature","properties":{"modulo":5,"idparcela":"3138","productor":"MARQUEZ HERNANDEZ GUILLERMO","cultivo":null,"superficie_fisica_ha":4.5712,"superficie_riego_ha":4.5712,"hectareas":0},"geometry":{"type":"Polygon","coordinates":[[[-105.545472,28.165547],[-105.545445,28.165669],[-105.545348,28.166051],[-105.545243,28.166459],[-105.545162,28.166795],[-105.543979,28.166128],[-105.544343,28.165693],[-105.544553,28.165455],[-105.544741,28.165258],[-105.54483,28.165159],[-105.545472,28.165547]]]}},{"type":"Feature","properties":{"modulo":5,"idparcela":"3128","productor":"GUTIERREZ GOMEZ MANUELA","cultivo":null,"superficie_fisica_ha":15,"superficie_riego_ha":15,"hectareas":0},"geometry":{"type":"Polygon","coordinates":[[[-105.54594,28.164017],[-105.546431,28.164111],[-105.546931,28.164263],[-105.547116,28.164256],[-105.547508,28.164317],[-105.547655,28.164317],[-105.548899,28.164521],[-105.548848,28.164805],[-105.548683,28.165635],[-105.545616,28.165504],[-105.545918,28.164117],[-105.54594,28.164017]]]}},{"type":"Feature","properties":{"modulo":5,"idparcela":"3128","productor":"GUTIERREZ GOMEZ MANUELA","cultivo":null,"superficie_fisica_ha":15,"superficie_riego_ha":15,"hectareas":0},"geometry":{"type":"Polygon","coordinates":[[[-105.548674,28.165689],[-105.548638,28.165811],[-105.548578,28.166001],[-105.548405,28.166724],[-105.548248,28.167464],[-105.548041,28.168385],[-105.548095,28.168394],[-105.548025,28.168728],[-105.54487,28.168526],[-105.545202,28.16717],[-105.545383,28.166371],[-105.545549,28.165572],[-105.545789,28.165585],[-105.548674,28.165689]]]}},{"type":"Feature","properties":{"modulo":5,"idparcela":"3271","productor":"ALEMAN MORENO GREGORIO","cultivo":null,"superficie_fisica_ha":4.825,"superficie_riego_ha":3.41,"hectareas":0},"geometry":{"type":"Polygon","coordinates":[[[-105.553033,28.164759],[-105.553368,28.163629],[-105.553496,28.1636],[-105.55383,28.163566],[-105.554186,28.163518],[-105.554624,28.16345],[-105.55492,28.16341],[-105.555172,28.163376],[-105.555181,28.163742],[-105.555182,28.164113],[-105.555192,28.16445],[-105.555221,28.165137],[-105.555228,28.165385],[-105.553033,28.164759]]]}},{"type":"Feature","properties":{"modulo":5,"idparcela":"3272","productor":"GARCIA NUÑEZ MARIA","cultivo":null,"superficie_fisica_ha":5.6073,"superficie_riego_ha":5.4,"hectareas":0},"geometry":{"type":"Polygon","coordinates":[[[-105.552492,28.163974],[-105.552583,28.163682],[-105.55267,28.163363],[-105.552802,28.162898],[-105.552943,28.16291],[-105.553142,28.162962],[-105.553209,28.163096],[-105.553224,28.163319],[-105.553254,28.163479],[-105.553091,28.163662],[-105.552901,28.163859],[-105.552608,28.164118],[-105.552374,28.164336],[-105.552492,28.163974]]]}},{"type":"Feature","properties":{"modulo":5,"idparcela":"2976","productor":"RIVERA DE ANDA JOSE","cultivo":null,"superficie_fisica_ha":6,"superficie_riego_ha":6,"hectareas":0},"geometry":{"type":"Polygon","coordinates":[[[-105.53905,28.184872],[-105.539221,28.184123],[-105.540409,28.184163],[-105.541432,28.184209],[-105.541372,28.184463],[-105.541171,28.185318],[-105.53905,28.184872]]]}},{"type":"Feature","properties":{"modulo":5,"idparcela":"2978","productor":"IBARRA ALONSO MARIA FLORA","cultivo":null,"superficie_fisica_ha":7.0469,"superficie_riego_ha":6.37,"hectareas":0},"geometry":{"type":"Polygon","coordinates":[[[-105.538709,28.186388],[-105.538089,28.186392],[-105.536703,28.186456],[-105.536609,28.186497],[-105.536545,28.186717],[-105.536502,28.186918],[-105.53646,28.186943],[-105.536404,28.186932],[-105.536316,28.186888],[-105.536213,28.186825],[-105.536136,28.186394],[-105.536026,28.185719],[-105.536466,28.185442],[-105.536801,28.185123],[-105.537074,28.184994],[-105.537281,28.184818],[-105.537393,28.184628],[-105.537521,28.18444],[-105.537685,28.184164],[-105.537727,28.18406],[-105.539221,28.184123],[-105.53905,28.184872],[-105.538709,28.186388]]]}},{"type":"Feature","properties":{"modulo":5,"idparcela":"2975","productor":"GINEZ AGUILAR RAUL","cultivo":null,"superficie_fisica_ha":6.425,"superficie_riego_ha":6.425,"hectareas":0},"geometry":{"type":"Polygon","coordinates":[[[-105.54362,28.184684],[-105.54353,28.184657],[-105.543459,28.184642],[-105.543383,28.184643],[-105.543318,28.18467],[-105.543256,28.184695],[-105.543104,28.184712],[-105.541372,28.184463],[-105.541432,28.184209],[-105.542001,28.18423],[-105.543662,28.184274],[-105.543651,28.184296],[-105.543615,28.184484],[-105.54362,28.184684]]]}},{"type":"Feature","properties":{"modulo":5,"idparcela":"2976","productor":"RIVERA DE ANDA JOSE","cultivo":null,"superficie_fisica_ha":6,"superficie_riego_ha":6,"hectareas":0},"geometry":{"type":"Polygon","coordinates":[[[-105.539407,28.18321],[-105.539517,28.182714],[-105.539646,28.182169],[-105.54174,28.182488],[-105.541552,28.183358],[-105.541406,28.184042],[-105.54028,28.183997],[-105.53925,28.183961],[-105.539407,28.18321]]]}},{"type":"Feature","properties":{"modulo":5,"idparcela":"2978","productor":"IBARRA ALONSO MARIA FLORA","cultivo":null,"superficie_fisica_ha":7.0469,"superficie_riego_ha":6.37,"hectareas":0},"geometry":{"type":"Polygon","coordinates":[[[-105.537774,28.183887],[-105.538018,28.183331],[-105.538071,28.183185],[-105.538807,28.183193],[-105.539407,28.18321],[-105.53925,28.183961],[-105.537774,28.183887]]]}},{"type":"Feature","properties":{"modulo":5,"idparcela":"2975","productor":"GINEZ AGUILAR RAUL","cultivo":null,"superficie_fisica_ha":6.425,"superficie_riego_ha":6.425,"hectareas":0},"geometry":{"type":"Polygon","coordinates":[[[-105.541534,28.184058],[-105.541564,28.183932],[-105.542109,28.181447],[-105.544762,28.181744],[-105.544907,28.181821],[-105.544947,28.181932],[-105.54494,28.182068],[-105.544883,28.182211],[-105.544764,28.18251],[-105.544517,28.183],[-105.54417,28.183625],[-105.543988,28.183876],[-105.543889,28.183995],[-105.543756,28.184137],[-105.542536,28.184094],[-105.541534,28.184058]]]}},{"type":"Feature","properties":{"modulo":5,"idparcela":"2979","productor":"CHAVEZ SANCHEZ NOE","cultivo":null,"superficie_fisica_ha":1.8748,"superficie_riego_ha":1.8748,"hectareas":0},"geometry":{"type":"Polygon","coordinates":[[[-105.536801,28.185123],[-105.536466,28.185442],[-105.536026,28.185719],[-105.535721,28.184071],[-105.535798,28.184018],[-105.535913,28.183975],[-105.536309,28.183991],[-105.537481,28.184047],[-105.53729,28.184299],[-105.537115,28.184487],[-105.536942,28.184598],[-105.536887,28.184672],[-105.53684,28.184869],[-105.536801,28.185123]]]}},{"type":"Feature","properties":{"modulo":5,"idparcela":"3352","productor":"NATIVIDAD CEDILLO LORENZO","cultivo":null,"superficie_fisica_ha":7.0827,"superficie_riego_ha":7.0827,"hectareas":0},"geometry":{"type":"Polygon","coordinates":[[[-105.502009,28.188625],[-105.501884,28.188831],[-105.501138,28.188607],[-105.501079,28.188617],[-105.500996,28.18865],[-105.500723,28.188557],[-105.501048,28.188155],[-105.501049,28.188154],[-105.502009,28.188625]]]}},{"type":"Feature","properties":{"modulo":5,"idparcela":"3352","productor":"NATIVIDAD CEDILLO LORENZO","cultivo":null,"superficie_fisica_ha":7.0827,"superficie_riego_ha":7.0827,"hectareas":0},"geometry":{"type":"Polygon","coordinates":[[[-105.501172,28.188012],[-105.501989,28.187025],[-105.502543,28.186325],[-105.504611,28.186964],[-105.503928,28.188742],[-105.502717,28.188743],[-105.502589,28.188733],[-105.502495,28.188709],[-105.502175,28.188532],[-105.501172,28.188012]]]}},{"type":"Feature","properties":{"modulo":5,"idparcela":"3361","productor":"GINEZ PEREZ JOSE INES","cultivo":null,"superficie_fisica_ha":5.3563,"superficie_riego_ha":5.3563,"hectareas":0},"geometry":{"type":"Polygon","coordinates":[[[-105.49192,28.185782],[-105.492635,28.186059],[-105.493154,28.186272],[-105.493541,28.186387],[-105.493768,28.18641],[-105.493971,28.186396],[-105.493998,28.188446],[-105.490741,28.18758],[-105.490699,28.187559],[-105.490681,28.187517],[-105.490686,28.187474],[-105.490786,28.1873],[-105.490934,28.187041],[-105.49192,28.185782]]]}},{"type":"Feature","properties":{"modulo":5,"idparcela":"3362","productor":"GUADARRAMA PORTILLO MA.DEL ROSARI","cultivo":null,"superficie_fisica_ha":0.5366,"superficie_riego_ha":0.5366,"hectareas":0},"geometry":{"type":"Polygon","coordinates":[[[-105.494353,28.186626],[-105.49455,28.186704],[-105.495077,28.186915],[-105.494733,28.187573],[-105.494387,28.188261],[-105.494353,28.186626]]]}},{"type":"Feature","properties":{"modulo":5,"idparcela":"3388","productor":"SALGADO CUBAS JESUS","cultivo":null,"superficie_fisica_ha":1.0865,"superficie_riego_ha":1,"hectareas":0},"geometry":{"type":"Polygon","coordinates":[[[-105.495623,28.197588],[-105.496902,28.197967],[-105.496022,28.199486],[-105.495623,28.197588]]]}},{"type":"Feature","properties":{"modulo":5,"idparcela":"3389","productor":"SALGADO CUBAS JESUS","cultivo":null,"superficie_fisica_ha":3.9121,"superficie_riego_ha":3.57,"hectareas":0},"geometry":{"type":"Polygon","coordinates":[[[-105.495733,28.200356],[-105.494366,28.199994],[-105.49349,28.19974],[-105.494968,28.197418],[-105.49514,28.197471],[-105.495733,28.200356]]]}},{"type":"Feature","properties":{"modulo":5,"idparcela":"3415","productor":"LOZANO NU¥EZ JAIME","cultivo":null,"superficie_fisica_ha":1.7125,"superficie_riego_ha":1.3744,"hectareas":0},"geometry":{"type":"Polygon","coordinates":[[[-105.496865,28.204541],[-105.498002,28.204736],[-105.497539,28.206916],[-105.497328,28.206875],[-105.496865,28.204541]]]}},{"type":"Feature","properties":{"modulo":5,"idparcela":"3416","productor":"NUóEZ AVILA MARTINIANA","cultivo":null,"superficie_fisica_ha":1.8256,"superficie_riego_ha":1.8256,"hectareas":0},"geometry":{"type":"Polygon","coordinates":[[[-105.496922,28.206789],[-105.495153,28.206466],[-105.49541,28.205369],[-105.495651,28.204322],[-105.496488,28.204473],[-105.496922,28.206789]]]}},{"type":"Feature","properties":{"modulo":5,"idparcela":"3166","productor":"VALDEZ GONZALEZ ANDRES M.","cultivo":null,"superficie_fisica_ha":5.5183,"superficie_riego_ha":5.475,"hectareas":0},"geometry":{"type":"Polygon","coordinates":[[[-105.53208,28.185621],[-105.533537,28.185868],[-105.534404,28.186042],[-105.534373,28.186174],[-105.534177,28.186164],[-105.533956,28.186164],[-105.53377,28.186187],[-105.53358,28.186253],[-105.533384,28.186363],[-105.533257,28.186456],[-105.533109,28.186574],[-105.532919,28.186722],[-105.532798,28.186815],[-105.532687,28.186913],[-105.532539,28.187026],[-105.532333,28.187184],[-105.532122,28.187356],[-105.531927,28.187513],[-105.531775,28.187655],[-105.531636,28.187781],[-105.53208,28.185621]]]}},{"type":"Feature","properties":{"modulo":5,"idparcela":"3163","productor":"GOMEZ RIVERA JESUS EUGENIO","cultivo":null,"superficie_fisica_ha":5.825,"superficie_riego_ha":5.825,"hectareas":0},"geometry":{"type":"Polygon","coordinates":[[[-105.53208,28.185621],[-105.532162,28.185183],[-105.532481,28.183797],[-105.53254,28.183525],[-105.532795,28.183566],[-105.533482,28.183674],[-105.534309,28.183817],[-105.534896,28.183915],[-105.534404,28.186042],[-105.533537,28.185868],[-105.53208,28.185621]]]}},{"type":"Feature","properties":{"modulo":5,"idparcela":"3180","productor":"MENDEZ GARCIA MANUEL","cultivo":null,"superficie_fisica_ha":1.594,"superficie_riego_ha":1.594,"hectareas":0},"geometry":{"type":"Polygon","coordinates":[[[-105.527078,28.196079],[-105.526301,28.195885],[-105.527089,28.194209],[-105.527867,28.194388],[-105.527488,28.195193],[-105.527078,28.196079]]]}},{"type":"Feature","properties":{"modulo":5,"idparcela":"3179","productor":"ALVAREZ CHAVARRIA JOSE","cultivo":null,"superficie_fisica_ha":4.406,"superficie_riego_ha":4.406,"hectareas":0},"geometry":{"type":"Polygon","coordinates":[[[-105.526301,28.195885],[-105.525337,28.195645],[-105.523963,28.195269],[-105.524878,28.193647],[-105.526832,28.19415],[-105.527089,28.194209],[-105.526301,28.195885]]]}},{"type":"Feature","properties":{"modulo":5,"idparcela":"3191","productor":"PEREZ SANTILLANES MONICA","cultivo":null,"superficie_fisica_ha":3.8399,"superficie_riego_ha":3.8399,"hectareas":0},"geometry":{"type":"Polygon","coordinates":[[[-105.526936,28.198027],[-105.528313,28.198443],[-105.526355,28.20057],[-105.525303,28.200297],[-105.525069,28.200248],[-105.526936,28.198027]]]}},{"type":"Feature","properties":{"modulo":5,"idparcela":"3192","productor":"ONTIVEROS VILLALOBOS HECTOR JESUS","cultivo":null,"superficie_fisica_ha":1.941,"superficie_riego_ha":1.941,"hectareas":0},"geometry":{"type":"Polygon","coordinates":[[[-105.528313,28.198443],[-105.528963,28.198632],[-105.528226,28.199437],[-105.526915,28.200743],[-105.526355,28.20057],[-105.528313,28.198443]]]}},{"type":"Feature","properties":{"modulo":5,"idparcela":"3212","productor":"CARRASCO GUTIERREZ SANTIAGO","cultivo":null,"superficie_fisica_ha":6.4047,"superficie_riego_ha":5.175,"hectareas":0},"geometry":{"type":"Polygon","coordinates":[[[-105.519035,28.207061],[-105.51945,28.207176],[-105.518958,28.208532],[-105.518554,28.208457],[-105.519035,28.207061]]]}},{"type":"Feature","properties":{"modulo":5,"idparcela":"3213","productor":"RABELO MORENO MA. DE LA LUZ","cultivo":null,"superficie_fisica_ha":1,"superficie_riego_ha":1,"hectareas":0},"geometry":{"type":"Polygon","coordinates":[[[-105.518413,28.206888],[-105.519035,28.207061],[-105.518554,28.208457],[-105.517965,28.208349],[-105.518413,28.206888]]]}},{"type":"Feature","properties":{"modulo":5,"idparcela":"3212","productor":"CARRASCO GUTIERREZ SANTIAGO","cultivo":null,"superficie_fisica_ha":6.4047,"superficie_riego_ha":5.175,"hectareas":0},"geometry":{"type":"Polygon","coordinates":[[[-105.517363,28.208239],[-105.517336,28.208073],[-105.517289,28.207726],[-105.517266,28.207437],[-105.517231,28.207099],[-105.517259,28.206824],[-105.517298,28.206578],[-105.518413,28.206888],[-105.517965,28.208349],[-105.517363,28.208239]]]}},{"type":"Feature","properties":{"modulo":5,"idparcela":"3234","productor":"CHAVEZ CORRAL PABLO","cultivo":null,"superficie_fisica_ha":6.7962,"superficie_riego_ha":6.7962,"hectareas":0},"geometry":{"type":"Polygon","coordinates":[[[-105.513602,28.21681],[-105.512935,28.216592],[-105.512463,28.216457],[-105.512836,28.216106],[-105.51307,28.215902],[-105.513571,28.215524],[-105.514005,28.215613],[-105.514358,28.21569],[-105.514362,28.215694],[-105.514457,28.215773],[-105.514223,28.216005],[-105.513962,28.216393],[-105.513761,28.216624],[-105.513637,28.216768],[-105.513602,28.21681]]]}},{"type":"Feature","properties":{"modulo":5,"idparcela":"3240","productor":"CARRASCO VAZQUEZ ROSA MARIA","cultivo":null,"superficie_fisica_ha":3.166,"superficie_riego_ha":3.166,"hectareas":0},"geometry":{"type":"Polygon","coordinates":[[[-105.511781,28.218513],[-105.511483,28.218456],[-105.511088,28.218371],[-105.510398,28.21822],[-105.510829,28.216152],[-105.512327,28.216427],[-105.512193,28.216952],[-105.512002,28.217656],[-105.511781,28.218513]]]}},{"type":"Feature","properties":{"modulo":5,"idparcela":"3239","productor":"CARRASCO VAZQUEZ ROSA MARIA","cultivo":null,"superficie_fisica_ha":1.934,"superficie_riego_ha":1.934,"hectareas":0},"geometry":{"type":"Polygon","coordinates":[[[-105.512463,28.216457],[-105.512935,28.216592],[-105.513602,28.21681],[-105.513421,28.217027],[-105.513239,28.217217],[-105.513117,28.217309],[-105.512967,28.217391],[-105.512685,28.217581],[-105.512553,28.21769],[-105.512513,28.217785],[-105.512465,28.217964],[-105.512381,28.218168],[-105.512265,28.218337],[-105.512131,28.21851],[-105.512036,28.21855],[-105.511892,28.218532],[-105.512244,28.217231],[-105.512374,28.21674],[-105.512463,28.216457]]]}},{"type":"Feature","properties":{"modulo":5,"idparcela":"3259","productor":"PEREZ SANTILLANES MONICA","cultivo":null,"superficie_fisica_ha":2.6932,"superficie_riego_ha":2.6932,"hectareas":0},"geometry":{"type":"Polygon","coordinates":[[[-105.507624,28.224342],[-105.50856,28.224498],[-105.508192,28.225034],[-105.507941,28.22551],[-105.507792,28.225771],[-105.5076,28.226078],[-105.507435,28.226298],[-105.507269,28.226465],[-105.50716,28.2266],[-105.507057,28.22669],[-105.50694,28.226743],[-105.50683,28.226817],[-105.506732,28.226874],[-105.506593,28.226757],[-105.507624,28.224342]]]}},{"type":"Feature","properties":{"modulo":5,"idparcela":"3258","productor":"BRIBIEZCA BAEZA EFREN","cultivo":null,"superficie_fisica_ha":3.4318,"superficie_riego_ha":3.4318,"hectareas":0},"geometry":{"type":"Polygon","coordinates":[[[-105.506533,28.22416],[-105.507624,28.224342],[-105.506593,28.226757],[-105.506591,28.226756],[-105.506355,28.226534],[-105.506161,28.226361],[-105.506533,28.22416]]]}},{"type":"Feature","properties":{"modulo":5,"idparcela":"3326","productor":"VILLA GARCIA OSCAR","cultivo":null,"superficie_fisica_ha":4.5999,"superficie_riego_ha":4.5999,"hectareas":0},"geometry":{"type":"Polygon","coordinates":[[[-105.504009,28.212589],[-105.501662,28.212169],[-105.501649,28.212138],[-105.501634,28.212106],[-105.5016,28.212069],[-105.503142,28.210283],[-105.504491,28.210522],[-105.504009,28.212589]]]}},{"type":"Feature","properties":{"modulo":5,"idparcela":"3327","productor":"VILLA GARCIA OSCAR","cultivo":null,"superficie_fisica_ha":1.3189,"superficie_riego_ha":1.2751,"hectareas":0},"geometry":{"type":"Polygon","coordinates":[[[-105.50154,28.212006],[-105.501959,28.210074],[-105.503031,28.210263],[-105.50154,28.212006]]]}},{"type":"Feature","properties":{"modulo":5,"idparcela":"3313","productor":"GINER SOTO SOCORRO","cultivo":null,"superficie_fisica_ha":3.1514,"superficie_riego_ha":3.1514,"hectareas":0},"geometry":{"type":"Polygon","coordinates":[[[-105.509544,28.20437],[-105.510703,28.204723],[-105.510295,28.206908],[-105.510271,28.207017],[-105.509096,28.206808],[-105.509544,28.20437]]]}},{"type":"Feature","properties":{"modulo":5,"idparcela":"3312","productor":"JURADO FLORES ERNESTO","cultivo":null,"superficie_fisica_ha":3.7986,"superficie_riego_ha":3.7986,"hectareas":0},"geometry":{"type":"Polygon","coordinates":[[[-105.507847,28.206585],[-105.507857,28.206535],[-105.507937,28.206051],[-105.508043,28.204875],[-105.508085,28.204545],[-105.508106,28.204446],[-105.508133,28.204359],[-105.508178,28.204309],[-105.508247,28.204271],[-105.508327,28.204265],[-105.508423,28.204271],[-105.508516,28.204285],[-105.508605,28.2043],[-105.508705,28.204315],[-105.50881,28.204338],[-105.508907,28.204341],[-105.509005,28.20433],[-105.509076,28.204296],[-105.50912,28.204241],[-105.509544,28.20437],[-105.509096,28.206808],[-105.507847,28.206585]]]}},{"type":"Feature","properties":{"modulo":5,"idparcela":"3385","productor":"MONCAYO RODRIGUEZ ANGEL AURELIO","cultivo":null,"superficie_fisica_ha":5.55,"superficie_riego_ha":5.55,"hectareas":0},"geometry":{"type":"Polygon","coordinates":[[[-105.495029,28.194573],[-105.495943,28.19484],[-105.495377,28.196343],[-105.495029,28.194573]]]}},{"type":"Feature","properties":{"modulo":5,"idparcela":"3385","productor":"MONCAYO RODRIGUEZ ANGEL AURELIO","cultivo":null,"superficie_fisica_ha":5.55,"superficie_riego_ha":5.55,"hectareas":0},"geometry":{"type":"Polygon","coordinates":[[[-105.495943,28.19484],[-105.49788,28.195407],[-105.496902,28.197967],[-105.495623,28.197588],[-105.495377,28.196343],[-105.495943,28.19484]]]}},{"type":"Feature","properties":{"modulo":5,"idparcela":"3398","productor":"ENRIQUEZ OROZCO ROGELIO","cultivo":null,"superficie_fisica_ha":6,"superficie_riego_ha":4.692,"hectareas":0},"geometry":{"type":"Polygon","coordinates":[[[-105.493367,28.191228],[-105.493835,28.191358],[-105.494242,28.193278],[-105.493693,28.194082],[-105.492101,28.193602],[-105.491966,28.193566],[-105.493367,28.191228]]]}},{"type":"Feature","properties":{"modulo":5,"idparcela":"3378","productor":"GUADERRAMA PORTILLO MA.DL ROSARIO","cultivo":null,"superficie_fisica_ha":0.6538,"superficie_riego_ha":0.6538,"hectareas":0},"geometry":{"type":"Polygon","coordinates":[[[-105.494242,28.193278],[-105.494461,28.194314],[-105.493693,28.194082],[-105.494242,28.193278]]]}},{"type":"Feature","properties":{"modulo":5,"idparcela":"3398","productor":"ENRIQUEZ OROZCO ROGELIO","cultivo":null,"superficie_fisica_ha":6,"superficie_riego_ha":4.692,"hectareas":0},"geometry":{"type":"Polygon","coordinates":[[[-105.494683,28.192632],[-105.494509,28.191691],[-105.494505,28.191532],[-105.495282,28.191754],[-105.494683,28.192632]]]}},{"type":"Feature","properties":{"modulo":5,"idparcela":"3377","productor":"PEREZ SANTILLANES MONICA","cultivo":null,"superficie_fisica_ha":5.3462,"superficie_riego_ha":4.3262,"hectareas":0},"geometry":{"type":"Polygon","coordinates":[[[-105.497277,28.192325],[-105.497158,28.192401],[-105.497089,28.192468],[-105.496977,28.192607],[-105.495687,28.194634],[-105.495019,28.194457],[-105.494683,28.192632],[-105.495282,28.191754],[-105.495431,28.191797],[-105.497277,28.192325]]]}},{"type":"Feature","properties":{"modulo":5,"idparcela":"2551","productor":"SAUCEDO LICERIO SACRAMENTO","cultivo":null,"superficie_fisica_ha":2.561,"superficie_riego_ha":2.561,"hectareas":0},"geometry":{"type":"Polygon","coordinates":[[[-105.489653,28.180854],[-105.488527,28.181798],[-105.487961,28.181305],[-105.489064,28.180341],[-105.489653,28.180854]]]}},{"type":"Feature","properties":{"modulo":5,"idparcela":"2551","productor":"SAUCEDO LICERIO SACRAMENTO","cultivo":null,"superficie_fisica_ha":2.561,"superficie_riego_ha":2.561,"hectareas":0},"geometry":{"type":"Polygon","coordinates":[[[-105.487961,28.181305],[-105.487371,28.180791],[-105.488458,28.179812],[-105.489064,28.180341],[-105.487961,28.181305]]]}},{"type":"Feature","properties":{"modulo":5,"idparcela":"2734","productor":"TERRAZAS VILLALOBOS JORGE LUIS","cultivo":null,"superficie_fisica_ha":3,"superficie_riego_ha":3,"hectareas":0},"geometry":{"type":"Polygon","coordinates":[[[-105.505783,28.158477],[-105.505739,28.158688],[-105.505756,28.158814],[-105.505817,28.158962],[-105.502691,28.160286],[-105.499407,28.161671],[-105.499328,28.161545],[-105.499281,28.16147],[-105.499254,28.161278],[-105.499252,28.161202],[-105.505783,28.158477]]]}},{"type":"Feature","properties":{"modulo":5,"idparcela":"2639","productor":"TERRAZAS VILLALOBOS JORGE LUIS","cultivo":null,"superficie_fisica_ha":29.4,"superficie_riego_ha":28.5,"hectareas":0},"geometry":{"type":"Polygon","coordinates":[[[-105.499324,28.158594],[-105.499302,28.158351],[-105.499288,28.157078],[-105.499282,28.156282],[-105.499281,28.155998],[-105.499285,28.155752],[-105.499306,28.155473],[-105.499301,28.155292],[-105.499324,28.155219],[-105.499476,28.155147],[-105.499869,28.155154],[-105.500149,28.155168],[-105.500765,28.155158],[-105.501114,28.155156],[-105.501463,28.155152],[-105.502066,28.155145],[-105.502267,28.15521],[-105.502522,28.155226],[-105.502633,28.155207],[-105.50282,28.15527],[-105.50301,28.155337],[-105.503236,28.155418],[-105.50346,28.155502],[-105.503746,28.155611],[-105.503931,28.155689],[-105.504093,28.155806],[-105.504265,28.15591],[-105.504439,28.156049],[-105.504685,28.156219],[-105.504862,28.156336],[-105.505043,28.156447],[-105.505252,28.156529],[-105.505496,28.156656],[-105.505706,28.156763],[-105.505881,28.156863],[-105.505997,28.15693],[-105.506068,28.156999],[-105.506139,28.157107],[-105.506144,28.157198],[-105.506071,28.157406],[-105.50594,28.157803],[-105.50584,28.158155],[-105.505783,28.158477],[-105.499252,28.161202],[-105.499249,28.161004],[-105.499243,28.160607],[-105.499228,28.160255],[-105.499223,28.159615],[-105.49923,28.158911],[-105.499308,28.158775],[-105.499324,28.158594]]]}},{"type":"Feature","properties":{"modulo":5,"idparcela":"2741","productor":"TERRAZAS VILLALOBOS JORGE LUIS","cultivo":null,"superficie_fisica_ha":5.1277,"superficie_riego_ha":5.1277,"hectareas":0},"geometry":{"type":"Polygon","coordinates":[[[-105.513669,28.155152],[-105.513707,28.155251],[-105.513765,28.155413],[-105.513792,28.155498],[-105.513793,28.15554],[-105.513764,28.155574],[-105.509225,28.157482],[-105.50892,28.157216],[-105.513669,28.155152]]]}},{"type":"Feature","properties":{"modulo":5,"idparcela":"2672","productor":"TREVI¥O PIZARRO JAIME ENRIQUE","cultivo":null,"superficie_fisica_ha":5.1277,"superficie_riego_ha":5.1277,"hectareas":0},"geometry":{"type":"Polygon","coordinates":[[[-105.510422,28.1551],[-105.510634,28.155059],[-105.510877,28.155034],[-105.511606,28.154921],[-105.511729,28.154956],[-105.511826,28.154946],[-105.511882,28.155012],[-105.512011,28.155028],[-105.512122,28.155027],[-105.513474,28.154924],[-105.513551,28.154949],[-105.513612,28.155003],[-105.513669,28.155152],[-105.50892,28.157216],[-105.507961,28.156379],[-105.507946,28.156316],[-105.507981,28.156257],[-105.508083,28.156224],[-105.508341,28.156116],[-105.508508,28.156058],[-105.509044,28.155883],[-105.509336,28.155802],[-105.509651,28.155702],[-105.51008,28.155483],[-105.51025,28.155369],[-105.510462,28.155237],[-105.510446,28.155202],[-105.510415,28.15516],[-105.510372,28.155128],[-105.510422,28.1551]]]}},{"type":"Feature","properties":{"modulo":5,"idparcela":"2688","productor":"SOTELO VALDEZ HECTOR MANUEL","cultivo":null,"superficie_fisica_ha":18.4,"superficie_riego_ha":18.4,"hectareas":0},"geometry":{"type":"Polygon","coordinates":[[[-105.482696,28.093054],[-105.490475,28.093008],[-105.490343,28.093479],[-105.490229,28.094045],[-105.490208,28.094209],[-105.490241,28.094488],[-105.490278,28.094804],[-105.490298,28.095059],[-105.4834,28.095067],[-105.483284,28.094983],[-105.483183,28.094863],[-105.483116,28.094747],[-105.483048,28.094579],[-105.482947,28.094116],[-105.482862,28.093695],[-105.482763,28.093325],[-105.482696,28.093054]]]}},{"type":"Feature","properties":{"modulo":5,"idparcela":"2689","productor":"SOTELO VALDEZ HECTOR MANUEL","cultivo":null,"superficie_fisica_ha":12.5,"superficie_riego_ha":12.5,"hectareas":0},"geometry":{"type":"Polygon","coordinates":[[[-105.482782,28.092151],[-105.482887,28.092125],[-105.482998,28.092121],[-105.483155,28.092098],[-105.48328,28.09204],[-105.483392,28.09193],[-105.483511,28.091811],[-105.485056,28.091786],[-105.487329,28.091763],[-105.489642,28.091757],[-105.490784,28.09175],[-105.490523,28.092788],[-105.490475,28.093008],[-105.482696,28.093054],[-105.482655,28.092927],[-105.482628,28.092775],[-105.482631,28.092615],[-105.482644,28.09246],[-105.482681,28.092304],[-105.482719,28.092204],[-105.482782,28.092151]]]}},{"type":"Feature","properties":{"modulo":5,"idparcela":"2688","productor":"SOTELO VALDEZ HECTOR MANUEL","cultivo":null,"superficie_fisica_ha":18.4,"superficie_riego_ha":18.4,"hectareas":0},"geometry":{"type":"Polygon","coordinates":[[[-105.483202,28.095063],[-105.48241,28.095065],[-105.481457,28.095066],[-105.481676,28.09383],[-105.481763,28.09306],[-105.482583,28.093042],[-105.482634,28.093275],[-105.482711,28.093555],[-105.482795,28.093949],[-105.482846,28.094218],[-105.482933,28.094582],[-105.482975,28.094735],[-105.483023,28.094847],[-105.483101,28.094959],[-105.483202,28.095063]]]}},{"type":"Feature","properties":{"modulo":5,"idparcela":"2689","productor":"SOTELO VALDEZ HECTOR MANUEL","cultivo":null,"superficie_fisica_ha":12.5,"superficie_riego_ha":12.5,"hectareas":0},"geometry":{"type":"Polygon","coordinates":[[[-105.481763,28.09306],[-105.481817,28.092391],[-105.481849,28.092259],[-105.481924,28.092216],[-105.482018,28.092214],[-105.482125,28.092252],[-105.482239,28.092289],[-105.482323,28.092334],[-105.482409,28.092413],[-105.482464,28.092495],[-105.482504,28.092637],[-105.482555,28.092863],[-105.482583,28.093042],[-105.481763,28.09306]]]}},{"type":"Feature","properties":{"modulo":5,"idparcela":"2691","productor":"GONZALEZ N HORTENCIA","cultivo":null,"superficie_fisica_ha":45.7,"superficie_riego_ha":24.3,"hectareas":0},"geometry":{"type":"Polygon","coordinates":[[[-105.490298,28.095059],[-105.490331,28.09539],[-105.490339,28.095703],[-105.490333,28.096077],[-105.490327,28.09616],[-105.490177,28.096238],[-105.490042,28.096241],[-105.489916,28.096236],[-105.489746,28.096187],[-105.48961,28.09616],[-105.489484,28.09617],[-105.48925,28.096228],[-105.489042,28.096329],[-105.4887,28.096486],[-105.488485,28.096625],[-105.488263,28.096825],[-105.487959,28.09713],[-105.487746,28.097351],[-105.487615,28.097489],[-105.487507,28.097543],[-105.487339,28.097562],[-105.487079,28.097605],[-105.486778,28.097679],[-105.486301,28.097831],[-105.485867,28.09799],[-105.485675,28.098054],[-105.485466,28.097789],[-105.485191,28.097287],[-105.484864,28.096756],[-105.484582,28.096298],[-105.484432,28.096048],[-105.484326,28.095885],[-105.484125,28.095613],[-105.4834,28.095067],[-105.490298,28.095059]]]}},{"type":"Feature","properties":{"modulo":5,"idparcela":"2694","productor":"CARMONA N JOVITA","cultivo":null,"superficie_fisica_ha":14.35,"superficie_riego_ha":14.35,"hectareas":0},"geometry":{"type":"Polygon","coordinates":[[[-105.492611,28.099301],[-105.492854,28.099563],[-105.493198,28.099936],[-105.493379,28.100027],[-105.493815,28.100293],[-105.494154,28.100486],[-105.49451,28.100848],[-105.492653,28.100833],[-105.492611,28.099301]]]}},{"type":"Feature","properties":{"modulo":5,"idparcela":"2694","productor":"CARMONA N JOVITA","cultivo":null,"superficie_fisica_ha":14.35,"superficie_riego_ha":14.35,"hectareas":0},"geometry":{"type":"Polygon","coordinates":[[[-105.495304,28.102101],[-105.492698,28.102131],[-105.492665,28.100942],[-105.493939,28.100949],[-105.493956,28.101174],[-105.493991,28.101295],[-105.49412,28.101386],[-105.494307,28.101409],[-105.494541,28.10133],[-105.49472,28.101298],[-105.494869,28.101351],[-105.494968,28.101489],[-105.495268,28.102045],[-105.495304,28.102101]]]}},{"type":"Feature","properties":{"modulo":5,"idparcela":"2732","productor":"BURROLA FLORES JUAN CARLOS","cultivo":null,"superficie_fisica_ha":25.19,"superficie_riego_ha":15.19,"hectareas":0},"geometry":{"type":"Polygon","coordinates":[[[-105.492698,28.102131],[-105.492745,28.105394],[-105.492629,28.105396],[-105.489078,28.105399],[-105.489173,28.104359],[-105.489266,28.103523],[-105.489342,28.102819],[-105.489326,28.102623],[-105.489295,28.102296],[-105.489247,28.101313],[-105.488984,28.101319],[-105.488856,28.100919],[-105.492665,28.100942],[-105.492698,28.102131]]]}},{"type":"Feature","properties":{"modulo":5,"idparcela":"2692","productor":"VARELA CARMONA LUIS CARLOS","cultivo":null,"superficie_fisica_ha":31.35,"superficie_riego_ha":31.35,"hectareas":0},"geometry":{"type":"Polygon","coordinates":[[[-105.490403,28.096817],[-105.490467,28.096877],[-105.490712,28.097115],[-105.490921,28.097322],[-105.491466,28.09776],[-105.491621,28.097981],[-105.491854,28.098358],[-105.492092,28.098734],[-105.492411,28.099086],[-105.492611,28.099301],[-105.492653,28.100833],[-105.490501,28.100815],[-105.490403,28.096817]]]}},{"type":"Feature","properties":{"modulo":5,"idparcela":"2691","productor":"GONZALEZ N HORTENCIA","cultivo":null,"superficie_fisica_ha":45.7,"superficie_riego_ha":24.3,"hectareas":0},"geometry":{"type":"Polygon","coordinates":[[[-105.489193,28.100805],[-105.489193,28.100805],[-105.488835,28.100802],[-105.488772,28.100516],[-105.488699,28.100192],[-105.488635,28.099961],[-105.488524,28.099739],[-105.488345,28.09958],[-105.488113,28.099415],[-105.4879,28.099288],[-105.487706,28.099199],[-105.487486,28.099142],[-105.487311,28.09913],[-105.487101,28.099119],[-105.486838,28.099109],[-105.486368,28.099069],[-105.485971,28.099004],[-105.485826,28.098977],[-105.485741,28.098908],[-105.485726,28.09878],[-105.485735,28.09853],[-105.485754,28.09827],[-105.48581,28.098204],[-105.485923,28.098151],[-105.486172,28.09807],[-105.48644,28.097971],[-105.486838,28.097839],[-105.48736,28.097735],[-105.487652,28.097677],[-105.487775,28.097609],[-105.488037,28.097341],[-105.488315,28.097071],[-105.488576,28.096864],[-105.488783,28.096733],[-105.488945,28.096639],[-105.489204,28.096525],[-105.48943,28.096434],[-105.489668,28.096418],[-105.489872,28.096477],[-105.490186,28.096659],[-105.490403,28.096817],[-105.490501,28.100815],[-105.489193,28.100805]]]}},{"type":"Feature","properties":{"modulo":5,"idparcela":"2693","productor":"SOTELO CHAVEZ MARCO ANTONIO","cultivo":null,"superficie_fisica_ha":22.6,"superficie_riego_ha":22.6,"hectareas":0},"geometry":{"type":"Polygon","coordinates":[[[-105.509173,28.109652],[-105.507505,28.109658],[-105.504294,28.109687],[-105.504198,28.105593],[-105.509147,28.108699],[-105.509173,28.109652]]]}},{"type":"Feature","properties":{"modulo":5,"idparcela":"2808","productor":"SOTELO CHAVEZ CRISOFORO ALBERTO","cultivo":null,"superficie_fisica_ha":24.75,"superficie_riego_ha":24.6,"hectareas":0},"geometry":{"type":"Polygon","coordinates":[[[-105.5091,28.102516],[-105.509123,28.104738],[-105.509087,28.104912],[-105.509078,28.105151],[-105.50908,28.105334],[-105.508473,28.105337],[-105.507429,28.105365],[-105.506492,28.105352],[-105.5056,28.105366],[-105.505099,28.10536],[-105.504896,28.105342],[-105.504813,28.105327],[-105.504698,28.10529],[-105.504474,28.105177],[-105.504313,28.105107],[-105.504242,28.105091],[-105.504218,28.105054],[-105.504203,28.104865],[-105.504196,28.104028],[-105.504209,28.102736],[-105.504177,28.102007],[-105.504224,28.101917],[-105.504316,28.101877],[-105.504921,28.101883],[-105.505379,28.101886],[-105.506493,28.101938],[-105.507805,28.10196],[-105.508426,28.101965],[-105.508845,28.101997],[-105.509023,28.102064],[-105.509092,28.102233],[-105.5091,28.102516]]]}},{"type":"Feature","properties":{"modulo":5,"idparcela":"2808","productor":"SOTELO CHAVEZ CRISOFORO ALBERTO","cultivo":null,"superficie_fisica_ha":24.75,"superficie_riego_ha":24.6,"hectareas":0},"geometry":{"type":"Polygon","coordinates":[[[-105.509081,28.105402],[-105.509087,28.105773],[-105.509112,28.106677],[-105.509131,28.107364],[-105.50914,28.108022],[-105.509098,28.108112],[-105.509016,28.108157],[-105.508911,28.108147],[-105.508708,28.108024],[-105.508044,28.107604],[-105.50684,28.106835],[-105.50557,28.106052],[-105.504997,28.105674],[-105.504722,28.10547],[-105.504465,28.105302],[-105.504307,28.10519],[-105.504302,28.105182],[-105.504373,28.105202],[-105.50452,28.105271],[-105.504674,28.105341],[-105.504726,28.105362],[-105.504841,28.105399],[-105.504967,28.105408],[-105.505208,28.105419],[-105.506126,28.105416],[-105.509081,28.105402]]]}},{"type":"Feature","properties":{"modulo":5,"idparcela":"2687","productor":"PRIETO VEGA RAMON","cultivo":null,"superficie_fisica_ha":29.51,"superficie_riego_ha":28.05,"hectareas":0},"geometry":{"type":"Polygon","coordinates":[[[-105.51374,28.117562],[-105.513924,28.116979],[-105.51413,28.116248],[-105.51418,28.115942],[-105.5142,28.115452],[-105.514188,28.114959],[-105.514162,28.114827],[-105.5141,28.114705],[-105.513838,28.114394],[-105.51362,28.114089],[-105.513465,28.113831],[-105.513346,28.113608],[-105.513227,28.113383],[-105.513126,28.113203],[-105.513012,28.113041],[-105.512908,28.112941],[-105.512647,28.11274],[-105.512392,28.112566],[-105.512252,28.11248],[-105.512133,28.112394],[-105.512014,28.112296],[-105.511933,28.112109],[-105.511839,28.111852],[-105.511738,28.111529],[-105.511668,28.111394],[-105.511598,28.111288],[-105.511496,28.111291],[-105.511067,28.111323],[-105.510637,28.111355],[-105.510445,28.111225],[-105.510194,28.110979],[-105.509962,28.110679],[-105.509715,28.110291],[-105.509607,28.110054],[-105.509559,28.109846],[-105.511103,28.109895],[-105.512911,28.110969],[-105.513332,28.111237],[-105.513697,28.111539],[-105.514624,28.112132],[-105.514976,28.112367],[-105.515369,28.112762],[-105.515712,28.113287],[-105.515975,28.114266],[-105.516397,28.116356],[-105.516605,28.117271],[-105.516729,28.117797],[-105.516872,28.118448],[-105.51687,28.118585],[-105.516827,28.11872],[-105.516732,28.118777],[-105.516186,28.118789],[-105.515206,28.118795],[-105.514407,28.118788],[-105.513345,28.118788],[-105.51374,28.117562]]]}},{"type":"Feature","properties":{"modulo":5,"idparcela":"2687","productor":"PRIETO VEGA RAMON","cultivo":null,"superficie_fisica_ha":29.51,"superficie_riego_ha":28.05,"hectareas":0},"geometry":{"type":"Polygon","coordinates":[[[-105.511589,28.111566],[-105.511642,28.11169],[-105.511729,28.111962],[-105.511789,28.11215],[-105.511837,28.112248],[-105.511904,28.112387],[-105.51199,28.112485],[-105.512418,28.112782],[-105.512636,28.112918],[-105.512803,28.113064],[-105.512909,28.113177],[-105.512984,28.113288],[-105.513064,28.11345],[-105.513169,28.11364],[-105.513327,28.113892],[-105.513516,28.114176],[-105.513705,28.11444],[-105.513879,28.114667],[-105.513979,28.114793],[-105.514015,28.114921],[-105.51405,28.115144],[-105.514029,28.115618],[-105.513969,28.116169],[-105.513862,28.116535],[-105.513762,28.116871],[-105.513687,28.117162],[-105.513583,28.117504],[-105.512452,28.117502],[-105.512395,28.114443],[-105.512063,28.114038],[-105.50926,28.110852],[-105.509847,28.110839],[-105.510069,28.111118],[-105.510233,28.111305],[-105.510366,28.11143],[-105.510448,28.111506],[-105.510534,28.111559],[-105.510644,28.111565],[-105.511319,28.111488],[-105.511503,28.111494],[-105.511589,28.111566]]]}},{"type":"Feature","properties":{"modulo":5,"idparcela":"2727","productor":"OLIVAS SOTELO ESTREBERTO","cultivo":null,"superficie_fisica_ha":28.9,"superficie_riego_ha":28.9,"hectareas":0},"geometry":{"type":"Polygon","coordinates":[[[-105.50461,28.110809],[-105.504585,28.109878],[-105.509361,28.109814],[-105.509375,28.109964],[-105.509435,28.110143],[-105.509566,28.110414],[-105.509734,28.110697],[-105.509807,28.110792],[-105.509131,28.110789],[-105.504614,28.110809],[-105.50461,28.110809]]]}},{"type":"Feature","properties":{"modulo":5,"idparcela":"2727","productor":"OLIVAS SOTELO ESTREBERTO","cultivo":null,"superficie_fisica_ha":28.9,"superficie_riego_ha":28.9,"hectareas":0},"geometry":{"type":"Polygon","coordinates":[[[-105.512382,28.117503],[-105.508739,28.117512],[-105.506645,28.117509],[-105.506637,28.117218],[-105.506594,28.116783],[-105.506504,28.116333],[-105.506133,28.115489],[-105.512318,28.114982],[-105.512382,28.117503]]]}},{"type":"Feature","properties":{"modulo":5,"idparcela":"2727","productor":"OLIVAS SOTELO ESTREBERTO","cultivo":null,"superficie_fisica_ha":28.9,"superficie_riego_ha":28.9,"hectareas":0},"geometry":{"type":"Polygon","coordinates":[[[-105.506097,28.115412],[-105.505079,28.113329],[-105.511261,28.113269],[-105.512306,28.114488],[-105.512316,28.11488],[-105.506097,28.115412]]]}},{"type":"Feature","properties":{"modulo":5,"idparcela":"2721","productor":"SOTELO CHAVEZ ADELA","cultivo":null,"superficie_fisica_ha":16,"superficie_riego_ha":16,"hectareas":0},"geometry":{"type":"Polygon","coordinates":[[[-105.505079,28.113329],[-105.504718,28.112591],[-105.504515,28.112243],[-105.504416,28.111962],[-105.50443,28.111585],[-105.504452,28.111225],[-105.504509,28.110968],[-105.504614,28.110809],[-105.509131,28.110789],[-105.509529,28.111248],[-105.511261,28.113269],[-105.505079,28.113329]]]}},{"type":"Feature","properties":{"modulo":5,"idparcela":"2751","productor":"HUERECA TAPIA ERNESTO","cultivo":null,"superficie_fisica_ha":30,"superficie_riego_ha":20,"hectareas":0},"geometry":{"type":"Polygon","coordinates":[[[-105.499031,28.123509],[-105.501429,28.123561],[-105.501446,28.125489],[-105.501461,28.127358],[-105.499061,28.127346],[-105.499045,28.127346],[-105.499031,28.123509]]]}},{"type":"Feature","properties":{"modulo":5,"idparcela":"2751","productor":"HUERECA TAPIA ERNESTO","cultivo":null,"superficie_fisica_ha":30,"superficie_riego_ha":20,"hectareas":0},"geometry":{"type":"Polygon","coordinates":[[[-105.495743,28.123503],[-105.495833,28.123469],[-105.498978,28.123508],[-105.499031,28.123509],[-105.499045,28.127346],[-105.497477,28.127331],[-105.497407,28.127105],[-105.49719,28.126539],[-105.496992,28.126025],[-105.496772,28.12552],[-105.496719,28.125403],[-105.496426,28.124827],[-105.496113,28.124259],[-105.495741,28.123539],[-105.495743,28.123503]]]}},{"type":"Feature","properties":{"modulo":5,"idparcela":"2713","productor":"VILLA GARCIA OSCAR","cultivo":null,"superficie_fisica_ha":9.5,"superficie_riego_ha":8,"hectareas":0},"geometry":{"type":"Polygon","coordinates":[[[-105.51085,28.13728],[-105.510853,28.136728],[-105.510855,28.136388],[-105.510909,28.136379],[-105.511031,28.13636],[-105.511181,28.136333],[-105.511278,28.136269],[-105.511359,28.136125],[-105.511272,28.135879],[-105.511181,28.135788],[-105.511011,28.135763],[-105.510879,28.135372],[-105.5115,28.135366],[-105.511965,28.135346],[-105.512247,28.135345],[-105.512336,28.135275],[-105.51378,28.135294],[-105.514847,28.13529],[-105.514896,28.135317],[-105.514919,28.135362],[-105.514937,28.13681],[-105.514941,28.137199],[-105.51085,28.13728]]]}},{"type":"Feature","properties":{"modulo":5,"idparcela":"2715","productor":"JIMENEZ RIOS LUIS ARTURO","cultivo":null,"superficie_fisica_ha":10.5,"superficie_riego_ha":8.67,"hectareas":0},"geometry":{"type":"Polygon","coordinates":[[[-105.514969,28.138015],[-105.515026,28.138132],[-105.515061,28.138249],[-105.51511,28.13843],[-105.515202,28.138583],[-105.515454,28.138826],[-105.51599,28.139352],[-105.511707,28.139445],[-105.511618,28.139317],[-105.511393,28.138952],[-105.511321,28.138805],[-105.511251,28.138622],[-105.511124,28.138207],[-105.511056,28.137993],[-105.511002,28.13781],[-105.510968,28.137708],[-105.510941,28.137604],[-105.510897,28.137466],[-105.51085,28.13728],[-105.514941,28.137199],[-105.514969,28.138015]]]}},{"type":"Feature","properties":{"modulo":5,"idparcela":"2714","productor":"JIMENEZ RIOS LUIS ARTURO","cultivo":null,"superficie_fisica_ha":10,"superficie_riego_ha":9,"hectareas":0},"geometry":{"type":"Polygon","coordinates":[[[-105.51599,28.139352],[-105.516355,28.139712],[-105.516964,28.140354],[-105.51714,28.140504],[-105.51722,28.140604],[-105.517246,28.140725],[-105.517278,28.140899],[-105.517303,28.141077],[-105.517293,28.141159],[-105.517244,28.141189],[-105.516056,28.141197],[-105.51425,28.141203],[-105.513639,28.141197],[-105.513471,28.141188],[-105.513219,28.141153],[-105.513028,28.141055],[-105.512761,28.140875],[-105.512408,28.140606],[-105.512293,28.140516],[-105.512174,28.140408],[-105.512034,28.140165],[-105.511976,28.139967],[-105.511801,28.139579],[-105.511707,28.139445],[-105.51599,28.139352]]]}},{"type":"Feature","properties":{"modulo":5,"idparcela":"2750","productor":"GARCIA ESTRADA ANA MARIA","cultivo":null,"superficie_fisica_ha":12.6444,"superficie_riego_ha":12.6444,"hectareas":0},"geometry":{"type":"Polygon","coordinates":[[[-105.506636,28.127739],[-105.504131,28.127773],[-105.504167,28.124326],[-105.505773,28.124295],[-105.50834,28.124275],[-105.508246,28.124412],[-105.50811,28.124553],[-105.507951,28.124681],[-105.507792,28.124798],[-105.50761,28.124897],[-105.507449,28.124945],[-105.507227,28.124989],[-105.507076,28.125007],[-105.506898,28.125046],[-105.506759,28.125084],[-105.506628,28.125176],[-105.506383,28.125643],[-105.506257,28.125938],[-105.506211,28.126088],[-105.506203,28.126207],[-105.506228,28.126338],[-105.506377,28.126801],[-105.50646,28.127073],[-105.506533,28.127306],[-105.506588,28.127529],[-105.506636,28.127739]]]}},{"type":"Feature","properties":{"modulo":5,"idparcela":"2750","productor":"GARCIA ESTRADA ANA MARIA","cultivo":null,"superficie_fisica_ha":12.6444,"superficie_riego_ha":12.6444,"hectareas":0},"geometry":{"type":"Polygon","coordinates":[[[-105.501568,28.125724],[-105.501572,28.123533],[-105.501962,28.123539],[-105.503826,28.123546],[-105.503902,28.123606],[-105.503998,28.123689],[-105.504111,28.123779],[-105.504309,28.123995],[-105.504354,28.12394],[-105.504427,28.123823],[-105.504489,28.123732],[-105.504541,28.123614],[-105.504586,28.123551],[-105.504763,28.123526],[-105.505076,28.12352],[-105.506668,28.123531],[-105.508275,28.123538],[-105.508333,28.123543],[-105.508368,28.123579],[-105.508377,28.123648],[-105.508366,28.124115],[-105.508361,28.124187],[-105.50834,28.124275],[-105.505773,28.124295],[-105.504167,28.124326],[-105.504131,28.127773],[-105.501574,28.127762],[-105.501568,28.125724]]]}},{"type":"Feature","properties":{"modulo":5,"idparcela":"2700","productor":"PORRAS MU¥IZ EVA ANGELINA","cultivo":null,"superficie_fisica_ha":2.03,"superficie_riego_ha":2.03,"hectareas":0},"geometry":{"type":"Polygon","coordinates":[[[-105.508537,28.123762],[-105.508549,28.12352],[-105.509538,28.123507],[-105.510763,28.123497],[-105.510699,28.123916],[-105.510654,28.12431],[-105.508467,28.124322],[-105.508501,28.124181],[-105.508516,28.124022],[-105.508537,28.123762]]]}},{"type":"Feature","properties":{"modulo":5,"idparcela":"2774","productor":"BURROLA FLORES JOSE LUIS","cultivo":null,"superficie_fisica_ha":13.88,"superficie_riego_ha":10.99,"hectareas":0},"geometry":{"type":"Polygon","coordinates":[[[-105.510841,28.125761],[-105.508108,28.126123],[-105.508452,28.127615],[-105.508507,28.127878],[-105.506922,28.128063],[-105.506437,28.126267],[-105.506447,28.126147],[-105.506627,28.125756],[-105.506732,28.125521],[-105.506817,28.125346],[-105.506929,28.125269],[-105.507104,28.125216],[-105.507307,28.125154],[-105.507491,28.125109],[-105.507656,28.125048],[-105.507857,28.124936],[-105.508022,28.124834],[-105.508186,28.124724],[-105.508321,28.124589],[-105.508401,28.124481],[-105.508467,28.124322],[-105.510654,28.12431],[-105.510649,28.124953],[-105.510841,28.125761]]]}},{"type":"Feature","properties":{"modulo":5,"idparcela":"2842","productor":"SAENZ MORALES FRANCISCA","cultivo":null,"superficie_fisica_ha":5.03,"superficie_riego_ha":5.03,"hectareas":0},"geometry":{"type":"Polygon","coordinates":[[[-105.553168,28.116664],[-105.553544,28.114279],[-105.553577,28.113996],[-105.553624,28.113771],[-105.553688,28.113639],[-105.553794,28.113555],[-105.553955,28.113539],[-105.554101,28.113418],[-105.55433,28.113413],[-105.554534,28.113479],[-105.554675,28.113677],[-105.554972,28.113682],[-105.554993,28.115856],[-105.555001,28.116623],[-105.553168,28.116664]]]}},{"type":"Feature","properties":{"modulo":5,"idparcela":"2841","productor":"OLIVAS SOTELO ESTREBERTO","cultivo":null,"superficie_fisica_ha":8,"superficie_riego_ha":6.7,"hectareas":0},"geometry":{"type":"Polygon","coordinates":[[[-105.552889,28.119891],[-105.552805,28.119718],[-105.552746,28.11953],[-105.552736,28.119414],[-105.552764,28.119223],[-105.553168,28.116664],[-105.555001,28.116623],[-105.555033,28.119896],[-105.552889,28.119891]]]}},{"type":"Feature","properties":{"modulo":5,"idparcela":"2710","productor":"SERNA LOPEZ LUIS ARTURO","cultivo":null,"superficie_fisica_ha":12.8,"superficie_riego_ha":10.92,"hectareas":0},"geometry":{"type":"Polygon","coordinates":[[[-105.531542,28.138133],[-105.531531,28.138091],[-105.531361,28.137496],[-105.531267,28.137117],[-105.53126,28.13702],[-105.5313,28.136976],[-105.531431,28.136973],[-105.53246,28.13697],[-105.53973,28.136963],[-105.539902,28.136992],[-105.53999,28.137066],[-105.540066,28.137173],[-105.540103,28.138063],[-105.531542,28.138133]]]}},{"type":"Feature","properties":{"modulo":5,"idparcela":"2756","productor":"SERNA LOPEZ LUIS ARTURO","cultivo":null,"superficie_fisica_ha":17.15,"superficie_riego_ha":12.84,"hectareas":0},"geometry":{"type":"Polygon","coordinates":[[[-105.531792,28.139408],[-105.531677,28.13936],[-105.531633,28.139269],[-105.531633,28.139025],[-105.531632,28.138743],[-105.531611,28.138416],[-105.531542,28.138133],[-105.540103,28.138063],[-105.540144,28.139084],[-105.540137,28.139258],[-105.54003,28.139369],[-105.539908,28.139405],[-105.531792,28.139408]]]}},{"type":"Feature","properties":{"modulo":5,"idparcela":"2885","productor":"FRANCO LOPEZ ELADIO","cultivo":null,"superficie_fisica_ha":6,"superficie_riego_ha":5.395,"hectareas":0},"geometry":{"type":"Polygon","coordinates":[[[-105.589006,28.139305],[-105.59024,28.136047],[-105.590328,28.136189],[-105.590482,28.136332],[-105.590651,28.136461],[-105.590781,28.136571],[-105.590904,28.136655],[-105.591056,28.136751],[-105.591149,28.136862],[-105.591032,28.136957],[-105.590918,28.1369],[-105.59079,28.13687],[-105.590654,28.136839],[-105.590519,28.136842],[-105.590453,28.13687],[-105.590447,28.136937],[-105.590479,28.137023],[-105.590541,28.137074],[-105.590679,28.137184],[-105.590833,28.137327],[-105.590971,28.137437],[-105.59109,28.137531],[-105.591106,28.14014],[-105.589006,28.139305]]]}},{"type":"Feature","properties":{"modulo":5,"idparcela":"2886","productor":"CORRALES VAZQUEZ EFRAIN","cultivo":null,"superficie_fisica_ha":5.3,"superficie_riego_ha":5.3,"hectareas":0},"geometry":{"type":"Polygon","coordinates":[[[-105.591089,28.142314],[-105.590998,28.142279],[-105.58995,28.141898],[-105.588416,28.141371],[-105.588187,28.141284],[-105.589006,28.139305],[-105.591106,28.14014],[-105.591089,28.142314]]]}},{"type":"Feature","properties":{"modulo":5,"idparcela":"3076","productor":"RODRIGUEZ MARQUEZ MANUEL","cultivo":null,"superficie_fisica_ha":3.559,"superficie_riego_ha":3.559,"hectareas":0},"geometry":{"type":"Polygon","coordinates":[[[-105.575501,28.145204],[-105.577296,28.145622],[-105.577278,28.145804],[-105.575479,28.145446],[-105.575501,28.145204]]]}},{"type":"Feature","properties":{"modulo":5,"idparcela":"3105","productor":"SILVA CHAVEZ JUAN","cultivo":null,"superficie_fisica_ha":0.25,"superficie_riego_ha":0.25,"hectareas":0},"geometry":{"type":"Polygon","coordinates":[[[-105.54767,28.146732],[-105.546595,28.147352],[-105.546592,28.147254],[-105.547663,28.146342],[-105.54767,28.146732]]]}},{"type":"Feature","properties":{"modulo":5,"idparcela":"0","productor":null,"cultivo":null,"superficie_fisica_ha":0,"superficie_riego_ha":0,"hectareas":0},"geometry":{"type":"Polygon","coordinates":[[[-105.547663,28.146342],[-105.549437,28.144914],[-105.54967,28.144722],[-105.54976,28.144655],[-105.54986,28.144604],[-105.551793,28.143944],[-105.552248,28.143804],[-105.552439,28.143759],[-105.551647,28.144272],[-105.550197,28.145182],[-105.549196,28.145797],[-105.54767,28.146732],[-105.547663,28.146342]]]}},{"type":"Feature","properties":{"modulo":5,"idparcela":"3120","productor":"SERNA LOPEZ LUIS ARTURO","cultivo":null,"superficie_fisica_ha":6.525,"superficie_riego_ha":6.525,"hectareas":0},"geometry":{"type":"Polygon","coordinates":[[[-105.545308,28.155904],[-105.547606,28.1563],[-105.546981,28.159024],[-105.5454,28.158736],[-105.544638,28.1586],[-105.545308,28.155904]]]}},{"type":"Feature","properties":{"modulo":5,"idparcela":"3121","productor":"VILLA RIVERA OSCAR","cultivo":null,"superficie_fisica_ha":6.536,"superficie_riego_ha":6.025,"hectareas":0},"geometry":{"type":"Polygon","coordinates":[[[-105.545016,28.155851],[-105.545308,28.155904],[-105.544638,28.1586],[-105.543459,28.158389],[-105.544085,28.155692],[-105.545016,28.155851]]]}},{"type":"Feature","properties":{"modulo":5,"idparcela":"3118","productor":"MARQUEZ QUI¥ONEZ DANIEL","cultivo":null,"superficie_fisica_ha":6.275,"superficie_riego_ha":6.275,"hectareas":0},"geometry":{"type":"Polygon","coordinates":[[[-105.545559,28.153623],[-105.548117,28.154104],[-105.547606,28.1563],[-105.545308,28.155904],[-105.545016,28.155851],[-105.545559,28.153623]]]}},{"type":"Feature","properties":{"modulo":5,"idparcela":"3121","productor":"VILLA RIVERA OSCAR","cultivo":null,"superficie_fisica_ha":6.536,"superficie_riego_ha":6.025,"hectareas":0},"geometry":{"type":"Polygon","coordinates":[[[-105.545016,28.155851],[-105.544085,28.155692],[-105.544496,28.153885],[-105.54463,28.153767],[-105.544892,28.153504],[-105.545559,28.153623],[-105.545016,28.155851]]]}},{"type":"Feature","properties":{"modulo":5,"idparcela":"3123","productor":"GOMEZ DE LOS SANTOS FERNANDO","cultivo":null,"superficie_fisica_ha":2.3125,"superficie_riego_ha":2,"hectareas":0},"geometry":{"type":"Polygon","coordinates":[[[-105.542226,28.155377],[-105.542303,28.155302],[-105.542396,28.155202],[-105.54266,28.154955],[-105.542819,28.154812],[-105.543032,28.154631],[-105.543208,28.15454],[-105.543406,28.154458],[-105.543654,28.154376],[-105.543876,28.154294],[-105.544079,28.154167],[-105.544285,28.15404],[-105.544496,28.153885],[-105.544085,28.155692],[-105.542226,28.155377]]]}},{"type":"Feature","properties":{"modulo":5,"idparcela":"3122","productor":"BURROLA FLORES SERGIO","cultivo":null,"superficie_fisica_ha":6.1936,"superficie_riego_ha":5.94,"hectareas":0},"geometry":{"type":"Polygon","coordinates":[[[-105.542436,28.158295],[-105.541622,28.158167],[-105.541443,28.158138],[-105.54149,28.158023],[-105.541532,28.15787],[-105.541621,28.1576],[-105.541698,28.157328],[-105.541758,28.157092],[-105.541877,28.156404],[-105.542033,28.155808],[-105.542178,28.155429],[-105.542226,28.155377],[-105.544085,28.155692],[-105.543459,28.158389],[-105.54345,28.158468],[-105.542436,28.158295]]]}},{"type":"Feature","properties":{"modulo":5,"idparcela":"3155","productor":"GINER CARRASCO MA. DEL ROSARIO","cultivo":null,"superficie_fisica_ha":2.0384,"superficie_riego_ha":2.0384,"hectareas":0},"geometry":{"type":"Polygon","coordinates":[[[-105.530938,28.179487],[-105.531039,28.179178],[-105.532459,28.179436],[-105.532606,28.178874],[-105.53421,28.179138],[-105.533718,28.179389],[-105.533011,28.179751],[-105.532505,28.179997],[-105.532199,28.17992],[-105.531643,28.179747],[-105.531298,28.179637],[-105.530939,28.179487],[-105.530938,28.179487]]]}},{"type":"Feature","properties":{"modulo":5,"idparcela":"2679","productor":"RODRIGUEZ N MARTHA","cultivo":null,"superficie_fisica_ha":30.6,"superficie_riego_ha":21.85,"hectareas":0},"geometry":{"type":"Polygon","coordinates":[[[-105.53421,28.179138],[-105.532606,28.178874],[-105.532459,28.179436],[-105.531039,28.179178],[-105.530938,28.179487],[-105.529628,28.179],[-105.529187,28.178841],[-105.52903,28.178659],[-105.528781,28.178258],[-105.529051,28.17784],[-105.529755,28.176832],[-105.530302,28.176182],[-105.530519,28.17602],[-105.530695,28.175937],[-105.531025,28.175871],[-105.531264,28.175679],[-105.531436,28.175498],[-105.531651,28.175345],[-105.531846,28.175085],[-105.531952,28.174754],[-105.532008,28.174361],[-105.532116,28.173867],[-105.532265,28.173698],[-105.53257,28.173588],[-105.533076,28.17348],[-105.533475,28.17342],[-105.533595,28.173528],[-105.533529,28.174476],[-105.533626,28.175104],[-105.533947,28.176899],[-105.534,28.1776],[-105.53405,28.178197],[-105.534111,28.178706],[-105.53421,28.179138]]]}},{"type":"Feature","properties":{"modulo":5,"idparcela":"2980","productor":"RAMIREZ HERNANDEZ SALVADOR","cultivo":null,"superficie_fisica_ha":2.7122,"superficie_riego_ha":2.0752,"hectareas":0},"geometry":{"type":"Polygon","coordinates":[[[-105.535527,28.185902],[-105.535724,28.187188],[-105.534315,28.186957],[-105.534418,28.186511],[-105.534457,28.186339],[-105.534549,28.18633],[-105.53493,28.186221],[-105.53512,28.18614],[-105.535335,28.186027],[-105.535527,28.185902]]]}},{"type":"Feature","properties":{"modulo":5,"idparcela":"2980","productor":"RAMIREZ HERNANDEZ SALVADOR","cultivo":null,"superficie_fisica_ha":2.7122,"superficie_riego_ha":2.0752,"hectareas":0},"geometry":{"type":"Polygon","coordinates":[[[-105.534503,28.186246],[-105.534685,28.185584],[-105.535014,28.184104],[-105.535105,28.184186],[-105.535217,28.184293],[-105.535274,28.184325],[-105.535514,28.18582],[-105.53529,28.185958],[-105.535031,28.18608],[-105.534815,28.18617],[-105.53465,28.186212],[-105.534503,28.186246]]]}},{"type":"Feature","properties":{"modulo":5,"idparcela":"3359","productor":"ESTAVILLO NERI MANUEL","cultivo":null,"superficie_fisica_ha":1.7442,"superficie_riego_ha":1.7442,"hectareas":0},"geometry":{"type":"Polygon","coordinates":[[[-105.515284,28.189527],[-105.515595,28.189579],[-105.516526,28.189758],[-105.515519,28.190964],[-105.514592,28.190348],[-105.515284,28.189527]]]}},{"type":"Feature","properties":{"modulo":5,"idparcela":"3358","productor":"ESTAVILLO NERI MANUEL","cultivo":null,"superficie_fisica_ha":2.9538,"superficie_riego_ha":2.9538,"hectareas":0},"geometry":{"type":"Polygon","coordinates":[[[-105.514581,28.192089],[-105.513076,28.191651],[-105.514622,28.189811],[-105.514869,28.189535],[-105.514967,28.18949],[-105.515073,28.189492],[-105.515284,28.189527],[-105.514592,28.190348],[-105.515519,28.190964],[-105.514581,28.192089]]]}},{"type":"Feature","properties":{"modulo":5,"idparcela":"2965","productor":"TONCHE CABRERA MANUEL","cultivo":null,"superficie_fisica_ha":6.076,"superficie_riego_ha":6.076,"hectareas":0},"geometry":{"type":"Polygon","coordinates":[[[-105.554243,28.17312],[-105.554173,28.173339],[-105.554175,28.17355],[-105.554231,28.173924],[-105.554507,28.174011],[-105.554781,28.174009],[-105.554615,28.174164],[-105.554497,28.174254],[-105.55438,28.174399],[-105.554147,28.17496],[-105.554098,28.175158],[-105.554107,28.17542],[-105.553816,28.175232],[-105.553731,28.175196],[-105.553632,28.175187],[-105.55266,28.175281],[-105.552114,28.175257],[-105.551951,28.175266],[-105.551722,28.175249],[-105.552021,28.174887],[-105.552549,28.174217],[-105.553088,28.173357],[-105.553165,28.173238],[-105.553379,28.172862],[-105.554243,28.17312]]]}},{"type":"Feature","properties":{"modulo":5,"idparcela":"2962","productor":"VILLAREAL CHAVARRIA PABLO","cultivo":null,"superficie_fisica_ha":1.846,"superficie_riego_ha":1.846,"hectareas":0},"geometry":{"type":"Polygon","coordinates":[[[-105.554522,28.171081],[-105.554522,28.171384],[-105.554475,28.171863],[-105.554473,28.172089],[-105.554471,28.172269],[-105.554435,28.172487],[-105.554342,28.172811],[-105.554243,28.17312],[-105.553379,28.172862],[-105.55435,28.171051],[-105.554522,28.171081]]]}},{"type":"Feature","properties":{"modulo":5,"idparcela":"2967","productor":"MUNOZ VENEGAS RAUL","cultivo":null,"superficie_fisica_ha":3.25,"superficie_riego_ha":3.25,"hectareas":0},"geometry":{"type":"Polygon","coordinates":[[[-105.555221,28.173841],[-105.555306,28.174219],[-105.555082,28.174855],[-105.554793,28.175551],[-105.554553,28.176079],[-105.55397,28.17683],[-105.553361,28.177428],[-105.552539,28.176614],[-105.552723,28.176463],[-105.55302,28.176264],[-105.553217,28.176173],[-105.553473,28.175991],[-105.553746,28.175809],[-105.55389,28.175637],[-105.554062,28.175465],[-105.554107,28.17542],[-105.554098,28.175158],[-105.554147,28.17496],[-105.55438,28.174399],[-105.554497,28.174254],[-105.554615,28.174164],[-105.554781,28.174009],[-105.554923,28.173859],[-105.555221,28.173841]]]}},{"type":"Feature","properties":{"modulo":5,"idparcela":"2966","productor":"MAESE N. SEVERIANO","cultivo":null,"superficie_fisica_ha":4.8,"superficie_riego_ha":4.8,"hectareas":0},"geometry":{"type":"Polygon","coordinates":[[[-105.553361,28.177428],[-105.552784,28.177997],[-105.552514,28.177755],[-105.551277,28.178807],[-105.551109,28.178941],[-105.551035,28.179015],[-105.551099,28.178745],[-105.551126,28.178593],[-105.551133,28.178419],[-105.551109,28.178207],[-105.55108,28.178061],[-105.55123,28.177859],[-105.551358,28.177696],[-105.551939,28.177107],[-105.552539,28.176614],[-105.553361,28.177428]]]}},{"type":"Feature","properties":{"modulo":5,"idparcela":"3009","productor":"RODRIGUEZ MARQUEZ MANUEL","cultivo":null,"superficie_fisica_ha":4.6615,"superficie_riego_ha":4.5679,"hectareas":0},"geometry":{"type":"Polygon","coordinates":[[[-105.576145,28.152459],[-105.575642,28.152226],[-105.575603,28.149142],[-105.577763,28.150121],[-105.576145,28.152459]]]}},{"type":"Feature","properties":{"modulo":5,"idparcela":"3013","productor":"CARDENAS TERRAZAS J. DE LA LUZ","cultivo":null,"superficie_fisica_ha":3.525,"superficie_riego_ha":3.525,"hectareas":0},"geometry":{"type":"Polygon","coordinates":[[[-105.575642,28.152226],[-105.576145,28.152459],[-105.576449,28.152593],[-105.576838,28.152768],[-105.575646,28.153944],[-105.575642,28.152226]]]}},{"type":"Feature","properties":{"modulo":5,"idparcela":"3010","productor":"RODRIGUEZ MARQUEZ MANUEL","cultivo":null,"superficie_fisica_ha":1.7821,"superficie_riego_ha":1.7821,"hectareas":0},"geometry":{"type":"Polygon","coordinates":[[[-105.575485,28.152159],[-105.575038,28.151985],[-105.574067,28.151542],[-105.575461,28.149933],[-105.575485,28.152159]]]}},{"type":"Feature","properties":{"modulo":5,"idparcela":"3013","productor":"CARDENAS TERRAZAS J. DE LA LUZ","cultivo":null,"superficie_fisica_ha":3.525,"superficie_riego_ha":3.525,"hectareas":0},"geometry":{"type":"Polygon","coordinates":[[[-105.574826,28.154145],[-105.574389,28.15391],[-105.573897,28.153654],[-105.575038,28.151985],[-105.575485,28.152159],[-105.575519,28.154099],[-105.575263,28.154397],[-105.574826,28.154145]]]}},{"type":"Feature","properties":{"modulo":5,"idparcela":"3078","productor":"RIVERA LOZOYA JOSE LUIS","cultivo":null,"superficie_fisica_ha":5.2874,"superficie_riego_ha":5.2874,"hectareas":0},"geometry":{"type":"Polygon","coordinates":[[[-105.567601,28.145538],[-105.565942,28.145854],[-105.565409,28.145951],[-105.56541,28.144171],[-105.566395,28.144278],[-105.566394,28.144511],[-105.566397,28.144886],[-105.566436,28.144957],[-105.567364,28.144975],[-105.567601,28.145538]]]}},{"type":"Feature","properties":{"modulo":5,"idparcela":"3081","productor":"URIBE REDE EFREN","cultivo":null,"superficie_fisica_ha":1.5525,"superficie_riego_ha":1.5525,"hectareas":0},"geometry":{"type":"Polygon","coordinates":[[[-105.566395,28.144278],[-105.56541,28.144171],[-105.565396,28.143454],[-105.565591,28.143499],[-105.566201,28.143635],[-105.566422,28.143682],[-105.566406,28.143909],[-105.566395,28.144278]]]}},{"type":"Feature","properties":{"modulo":5,"idparcela":"3040","productor":"MARQUEZ QUI¥ONEZ DANIEL","cultivo":null,"superficie_fisica_ha":8.225,"superficie_riego_ha":8.225,"hectareas":0},"geometry":{"type":"Polygon","coordinates":[[[-105.567075,28.147872],[-105.567422,28.147949],[-105.56755,28.148015],[-105.567751,28.148226],[-105.567933,28.148472],[-105.566649,28.1495],[-105.56541,28.150577],[-105.565406,28.148994],[-105.565414,28.148982],[-105.565617,28.148828],[-105.565818,28.1487],[-105.566006,28.148588],[-105.566273,28.14846],[-105.566536,28.14827],[-105.566839,28.147992],[-105.567075,28.147872]]]}},{"type":"Feature","properties":{"modulo":5,"idparcela":"3066","productor":"RIVERA ARTEAGA JOSE LUIS","cultivo":null,"superficie_fisica_ha":5.78,"superficie_riego_ha":5.78,"hectareas":0},"geometry":{"type":"Polygon","coordinates":[[[-105.565403,28.152089],[-105.566893,28.152929],[-105.565703,28.155297],[-105.5654,28.155137],[-105.565403,28.152089]]]}},{"type":"Feature","properties":{"modulo":5,"idparcela":"3041","productor":"MARQUEZ QUI¥ONEZ DANIEL","cultivo":null,"superficie_fisica_ha":6.45,"superficie_riego_ha":6.45,"hectareas":0},"geometry":{"type":"Polygon","coordinates":[[[-105.568776,28.149632],[-105.566794,28.151212],[-105.565616,28.152109],[-105.565403,28.151979],[-105.56541,28.150577],[-105.566649,28.1495],[-105.567933,28.148472],[-105.568279,28.148889],[-105.568776,28.149632]]]}},{"type":"Feature","properties":{"modulo":5,"idparcela":"3073","productor":"ESPARZA WEMIS FRANCISCO","cultivo":null,"superficie_fisica_ha":6.776,"superficie_riego_ha":6.776,"hectareas":0},"geometry":{"type":"Polygon","coordinates":[[[-105.565397,28.158024],[-105.566342,28.158098],[-105.565823,28.159228],[-105.56558,28.159913],[-105.56552,28.159958],[-105.565396,28.159952],[-105.565397,28.158024]]]}},{"type":"Feature","properties":{"modulo":5,"idparcela":"3072","productor":"TORRES HERNANDEZ CARLOS HUMBER","cultivo":null,"superficie_fisica_ha":6.475,"superficie_riego_ha":6.475,"hectareas":0},"geometry":{"type":"Polygon","coordinates":[[[-105.566342,28.158098],[-105.565397,28.158024],[-105.565413,28.15626],[-105.567077,28.15632],[-105.566631,28.157444],[-105.566342,28.158098]]]}},{"type":"Feature","properties":{"modulo":5,"idparcela":"3039","productor":"HERNANDEZ CAMPOS GUADALUPE","cultivo":null,"superficie_fisica_ha":6.23,"superficie_riego_ha":6.23,"hectareas":0},"geometry":{"type":"Polygon","coordinates":[[[-105.567601,28.145538],[-105.568021,28.146414],[-105.568207,28.146788],[-105.568129,28.146848],[-105.568135,28.146922],[-105.567075,28.147872],[-105.566839,28.147992],[-105.566829,28.147864],[-105.566466,28.147853],[-105.566069,28.147923],[-105.565788,28.147983],[-105.565417,28.148071],[-105.565413,28.14765],[-105.565406,28.147034],[-105.565409,28.145951],[-105.565942,28.145854],[-105.567601,28.145538]]]}},{"type":"Feature","properties":{"modulo":5,"idparcela":"3054","productor":"ROJAS HERNANDEZ JUAN","cultivo":null,"superficie_fisica_ha":6.375,"superficie_riego_ha":6.375,"hectareas":0},"geometry":{"type":"Polygon","coordinates":[[[-105.565623,28.16006],[-105.565936,28.161132],[-105.565394,28.161325],[-105.565396,28.160051],[-105.565623,28.16006]]]}},{"type":"Feature","properties":{"modulo":5,"idparcela":"3038","productor":"MARQUEZ GUTIERREZ MARCO ANTONIO","cultivo":null,"superficie_fisica_ha":7.75,"superficie_riego_ha":7.75,"hectareas":0},"geometry":{"type":"Polygon","coordinates":[[[-105.561644,28.14895],[-105.560708,28.149137],[-105.55938,28.149416],[-105.558883,28.148411],[-105.559504,28.148176],[-105.560761,28.14769],[-105.561573,28.147383],[-105.561635,28.14739],[-105.561679,28.147406],[-105.561764,28.14754],[-105.561854,28.147666],[-105.56196,28.14769],[-105.562061,28.147679],[-105.563438,28.147395],[-105.564505,28.147158],[-105.564739,28.147122],[-105.564953,28.147103],[-105.565204,28.147121],[-105.565222,28.148171],[-105.565155,28.14824],[-105.564876,28.148289],[-105.564492,28.148351],[-105.562936,28.148659],[-105.561644,28.14895]]]}},{"type":"Feature","properties":{"modulo":5,"idparcela":"3049","productor":"ROSAS CORRALES MA. DE LA LUZ","cultivo":null,"superficie_fisica_ha":7.3,"superficie_riego_ha":7.3,"hectareas":0},"geometry":{"type":"Polygon","coordinates":[[[-105.563172,28.157351],[-105.562784,28.157312],[-105.562494,28.157283],[-105.561677,28.157184],[-105.560153,28.157012],[-105.560711,28.154906],[-105.561173,28.155005],[-105.562253,28.155211],[-105.563861,28.155537],[-105.563895,28.155622],[-105.563936,28.155701],[-105.564058,28.15567],[-105.564029,28.15555],[-105.565174,28.155066],[-105.56524,28.155116],[-105.565241,28.156247],[-105.565068,28.156248],[-105.56498,28.156293],[-105.564892,28.156302],[-105.564758,28.156294],[-105.564442,28.156286],[-105.564408,28.156277],[-105.564348,28.156214],[-105.563559,28.156029],[-105.563172,28.157351]]]}},{"type":"Feature","properties":{"modulo":5,"idparcela":"3078","productor":"RIVERA LOZOYA JOSE LUIS","cultivo":null,"superficie_fisica_ha":5.2874,"superficie_riego_ha":5.2874,"hectareas":0},"geometry":{"type":"Polygon","coordinates":[[[-105.565215,28.145985],[-105.564536,28.146109],[-105.564144,28.145333],[-105.563483,28.143979],[-105.564493,28.144076],[-105.565223,28.144146],[-105.565215,28.145985]]]}},{"type":"Feature","properties":{"modulo":5,"idparcela":"3080","productor":"DE ANDA ESTRADA FRANCISCO","cultivo":null,"superficie_fisica_ha":5.8847,"superficie_riego_ha":5.8847,"hectareas":0},"geometry":{"type":"Polygon","coordinates":[[[-105.565223,28.144146],[-105.564493,28.144076],[-105.563483,28.143979],[-105.563216,28.143391],[-105.561541,28.143852],[-105.560152,28.144233],[-105.560028,28.14395],[-105.559302,28.142395],[-105.559148,28.142101],[-105.559985,28.142257],[-105.560638,28.142372],[-105.56082,28.142355],[-105.561474,28.142503],[-105.562025,28.142633],[-105.562922,28.142853],[-105.564047,28.143119],[-105.565208,28.14341],[-105.565223,28.144146]]]}},{"type":"Feature","properties":{"modulo":5,"idparcela":"3040","productor":"MARQUEZ QUI¥ONEZ DANIEL","cultivo":null,"superficie_fisica_ha":8.225,"superficie_riego_ha":8.225,"hectareas":0},"geometry":{"type":"Polygon","coordinates":[[[-105.565235,28.150738],[-105.564817,28.151102],[-105.56442,28.15144],[-105.564063,28.151264],[-105.563497,28.150949],[-105.562728,28.1505],[-105.564691,28.14875],[-105.56479,28.148757],[-105.56487,28.148832],[-105.564882,28.148936],[-105.564883,28.149092],[-105.564941,28.149288],[-105.565059,28.149337],[-105.565207,28.14928],[-105.565233,28.149242],[-105.565235,28.150738]]]}},{"type":"Feature","properties":{"modulo":5,"idparcela":"3066","productor":"RIVERA ARTEAGA JOSE LUIS","cultivo":null,"superficie_fisica_ha":5.78,"superficie_riego_ha":5.78,"hectareas":0},"geometry":{"type":"Polygon","coordinates":[[[-105.563822,28.154144],[-105.565178,28.151922],[-105.565236,28.151966],[-105.565239,28.154988],[-105.563822,28.154144]]]}},{"type":"Feature","properties":{"modulo":5,"idparcela":"3041","productor":"MARQUEZ QUI¥ONEZ DANIEL","cultivo":null,"superficie_fisica_ha":6.45,"superficie_riego_ha":6.45,"hectareas":0},"geometry":{"type":"Polygon","coordinates":[[[-105.565236,28.151966],[-105.565178,28.151922],[-105.565003,28.151801],[-105.564707,28.151621],[-105.56442,28.15144],[-105.564817,28.151102],[-105.565235,28.150738],[-105.565236,28.151966]]]}},{"type":"Feature","properties":{"modulo":5,"idparcela":"3073","productor":"ESPARZA WEMIS FRANCISCO","cultivo":null,"superficie_fisica_ha":6.776,"superficie_riego_ha":6.776,"hectareas":0},"geometry":{"type":"Polygon","coordinates":[[[-105.562832,28.15856],[-105.564906,28.157543],[-105.565241,28.157378],[-105.565244,28.160045],[-105.562535,28.159873],[-105.562652,28.159456],[-105.562733,28.159184],[-105.562682,28.159077],[-105.562832,28.15856]]]}},{"type":"Feature","properties":{"modulo":5,"idparcela":"3072","productor":"TORRES HERNANDEZ CARLOS HUMBER","cultivo":null,"superficie_fisica_ha":6.475,"superficie_riego_ha":6.475,"hectareas":0},"geometry":{"type":"Polygon","coordinates":[[[-105.565241,28.157378],[-105.564906,28.157543],[-105.562832,28.15856],[-105.562967,28.158057],[-105.563172,28.157351],[-105.563559,28.156029],[-105.564348,28.156214],[-105.564408,28.156277],[-105.564442,28.156286],[-105.564758,28.156294],[-105.564892,28.156302],[-105.56498,28.156293],[-105.565068,28.156248],[-105.565241,28.156247],[-105.565241,28.157378]]]}},{"type":"Feature","properties":{"modulo":5,"idparcela":"3039","productor":"HERNANDEZ CAMPOS GUADALUPE","cultivo":null,"superficie_fisica_ha":6.23,"superficie_riego_ha":6.23,"hectareas":0},"geometry":{"type":"Polygon","coordinates":[[[-105.565213,28.14702],[-105.565087,28.147028],[-105.56496,28.147008],[-105.56482,28.146735],[-105.564795,28.146681],[-105.56462,28.146323],[-105.564536,28.146109],[-105.565215,28.145985],[-105.565213,28.14702]]]}},{"type":"Feature","properties":{"modulo":5,"idparcela":"3054","productor":"ROJAS HERNANDEZ JUAN","cultivo":null,"superficie_fisica_ha":6.375,"superficie_riego_ha":6.375,"hectareas":0},"geometry":{"type":"Polygon","coordinates":[[[-105.565245,28.161378],[-105.563994,28.161819],[-105.562465,28.161621],[-105.562108,28.161577],[-105.562535,28.159873],[-105.565244,28.160045],[-105.565245,28.161378]]]}},{"type":"Feature","properties":{"modulo":5,"idparcela":"3056","productor":"GOMEZ QUI¥ONEZ PEDRO","cultivo":null,"superficie_fisica_ha":6.05,"superficie_riego_ha":6.05,"hectareas":0},"geometry":{"type":"Polygon","coordinates":[[[-105.564254,28.165311],[-105.564111,28.165311],[-105.563837,28.165344],[-105.563549,28.16537],[-105.563202,28.165411],[-105.562869,28.165467],[-105.562627,28.165565],[-105.563227,28.163408],[-105.563532,28.16223],[-105.565023,28.161703],[-105.565292,28.161593],[-105.565285,28.161729],[-105.565262,28.161883],[-105.565143,28.162334],[-105.564819,28.163427],[-105.564617,28.164167],[-105.564386,28.164934],[-105.564302,28.165178],[-105.564254,28.165311]]]}},{"type":"Feature","properties":{"modulo":5,"idparcela":"2947","productor":"TERRAZAS ALVIDREZ PEDRO","cultivo":null,"superficie_fisica_ha":3.9,"superficie_riego_ha":3.9,"hectareas":0},"geometry":{"type":"Polygon","coordinates":[[[-105.562903,28.167919],[-105.563252,28.16753],[-105.563151,28.166143],[-105.563777,28.165875],[-105.564305,28.16533],[-105.565155,28.166871],[-105.565131,28.166967],[-105.563769,28.168469],[-105.563383,28.168157],[-105.563073,28.168003],[-105.562903,28.167919]]]}},{"type":"Feature","properties":{"modulo":5,"idparcela":"2948","productor":"TERRAZAS CHAVIRA ARMANDO","cultivo":null,"superficie_fisica_ha":2.78,"superficie_riego_ha":2.78,"hectareas":0},"geometry":{"type":"Polygon","coordinates":[[[-105.562267,28.167151],[-105.562221,28.167148],[-105.562001,28.166314],[-105.561851,28.165741],[-105.562627,28.165565],[-105.562869,28.165467],[-105.563202,28.165411],[-105.563549,28.16537],[-105.563837,28.165344],[-105.564111,28.165311],[-105.564254,28.165311],[-105.564305,28.16533],[-105.563777,28.165875],[-105.563151,28.166143],[-105.563252,28.16753],[-105.562903,28.167919],[-105.562766,28.167764],[-105.562614,28.16763],[-105.562495,28.167528],[-105.562453,28.167431],[-105.562435,28.167307],[-105.562389,28.167236],[-105.562313,28.167172],[-105.562267,28.167151]]]}},{"type":"Feature","properties":{"modulo":5,"idparcela":"3045","productor":"RIVERA LOZOYA JOSE LUIS","cultivo":null,"superficie_fisica_ha":8.307,"superficie_riego_ha":8.307,"hectareas":0},"geometry":{"type":"Polygon","coordinates":[[[-105.556102,28.149724],[-105.557964,28.149274],[-105.558158,28.149632],[-105.558545,28.149547],[-105.559251,28.149405],[-105.559347,28.149625],[-105.559413,28.149804],[-105.559449,28.149918],[-105.559455,28.149975],[-105.55944,28.150022],[-105.559404,28.150052],[-105.55934,28.150082],[-105.559227,28.150102],[-105.55911,28.150123],[-105.558981,28.150144],[-105.558821,28.150205],[-105.558709,28.150275],[-105.558598,28.150346],[-105.558462,28.150417],[-105.558317,28.150478],[-105.55812,28.150536],[-105.557992,28.150568],[-105.557848,28.150559],[-105.5577,28.150554],[-105.557575,28.15054],[-105.557459,28.150526],[-105.557344,28.150545],[-105.55719,28.150651],[-105.555804,28.15184],[-105.555462,28.15221],[-105.555238,28.152457],[-105.555205,28.149958],[-105.556102,28.149724]]]}},{"type":"Feature","properties":{"modulo":5,"idparcela":"3045","productor":"RIVERA LOZOYA JOSE LUIS","cultivo":null,"superficie_fisica_ha":8.307,"superficie_riego_ha":8.307,"hectareas":0},"geometry":{"type":"Polygon","coordinates":[[[-105.557563,28.150606],[-105.557675,28.150686],[-105.557796,28.150802],[-105.557928,28.150895],[-105.55818,28.151046],[-105.558456,28.151227],[-105.558478,28.151288],[-105.558465,28.151359],[-105.558437,28.151448],[-105.558139,28.15231],[-105.557926,28.152857],[-105.557049,28.152611],[-105.55661,28.152483],[-105.556521,28.152442],[-105.556489,28.152401],[-105.556418,28.152205],[-105.556354,28.152028],[-105.556283,28.151888],[-105.556192,28.151742],[-105.556104,28.151663],[-105.55641,28.151394],[-105.556623,28.151217],[-105.556907,28.150969],[-105.557192,28.150733],[-105.557291,28.150653],[-105.557337,28.150615],[-105.557387,28.150589],[-105.557465,28.15059],[-105.557563,28.150606]]]}},{"type":"Feature","properties":{"modulo":5,"idparcela":"2936","productor":"VILLA HERNANDEZ RAMON","cultivo":null,"superficie_fisica_ha":6.188,"superficie_riego_ha":6.188,"hectareas":0},"geometry":{"type":"Polygon","coordinates":[[[-105.565936,28.161132],[-105.565623,28.16006],[-105.565908,28.159332],[-105.56597,28.159265],[-105.566643,28.158947],[-105.567124,28.158729],[-105.567207,28.158965],[-105.567257,28.159064],[-105.56742,28.159361],[-105.567533,28.159532],[-105.567626,28.159637],[-105.56755,28.159738],[-105.567296,28.160054],[-105.567,28.160439],[-105.566745,28.160707],[-105.566433,28.160908],[-105.565936,28.161132]]]}},{"type":"Feature","properties":{"modulo":5,"idparcela":"3018","productor":"REDE QUINTANA J. DOLORES","cultivo":null,"superficie_fisica_ha":6.054,"superficie_riego_ha":6.054,"hectareas":0},"geometry":{"type":"Polygon","coordinates":[[[-105.569211,28.157398],[-105.569936,28.157789],[-105.570409,28.158056],[-105.570628,28.158196],[-105.569793,28.158544],[-105.5691,28.158811],[-105.568505,28.159057],[-105.56817,28.159201],[-105.567965,28.159312],[-105.567729,28.159501],[-105.567626,28.159637],[-105.567533,28.159532],[-105.56742,28.159361],[-105.567257,28.159064],[-105.567207,28.158965],[-105.567124,28.158729],[-105.567367,28.158609],[-105.567753,28.158427],[-105.568078,28.158261],[-105.568326,28.158137],[-105.568436,28.158065],[-105.569211,28.157398]]]}},{"type":"Feature","properties":{"modulo":5,"idparcela":"2936","productor":"VILLA HERNANDEZ RAMON","cultivo":null,"superficie_fisica_ha":6.188,"superficie_riego_ha":6.188,"hectareas":0},"geometry":{"type":"Polygon","coordinates":[[[-105.567794,28.159849],[-105.568624,28.160889],[-105.568551,28.161005],[-105.568414,28.161198],[-105.568063,28.161479],[-105.566504,28.16274],[-105.566279,28.162154],[-105.566191,28.161818],[-105.566115,28.161543],[-105.566049,28.161389],[-105.566355,28.161249],[-105.566915,28.160916],[-105.567118,28.160737],[-105.56733,28.1605],[-105.567552,28.160194],[-105.567794,28.159849]]]}},{"type":"Feature","properties":{"modulo":5,"idparcela":"3018","productor":"REDE QUINTANA J. DOLORES","cultivo":null,"superficie_fisica_ha":6.054,"superficie_riego_ha":6.054,"hectareas":0},"geometry":{"type":"Polygon","coordinates":[[[-105.570823,28.158412],[-105.570874,28.158462],[-105.570902,28.158545],[-105.570895,28.158665],[-105.570815,28.158914],[-105.570735,28.15913],[-105.570641,28.159248],[-105.570432,28.159466],[-105.570245,28.159617],[-105.570109,28.159725],[-105.569986,28.159832],[-105.569809,28.159974],[-105.569211,28.160346],[-105.568888,28.160546],[-105.56873,28.160682],[-105.568624,28.160889],[-105.567794,28.159849],[-105.567964,28.159681],[-105.568222,28.1595],[-105.568513,28.159348],[-105.569,28.159124],[-105.56979,28.158806],[-105.570364,28.158599],[-105.570823,28.158412]]]}},{"type":"Feature","properties":{"modulo":5,"idparcela":"2950","productor":"AREVALO DAVILA JOSE FRANCISCO","cultivo":null,"superficie_fisica_ha":12.7417,"superficie_riego_ha":8.5034,"hectareas":0},"geometry":{"type":"Polygon","coordinates":[[[-105.573997,28.157427],[-105.572657,28.157442],[-105.57249,28.157464],[-105.572365,28.157493],[-105.572167,28.157571],[-105.571997,28.157645],[-105.571667,28.157788],[-105.571408,28.157909],[-105.571092,28.158033],[-105.57166,28.15743],[-105.57264,28.156227],[-105.573339,28.156673],[-105.574001,28.157029],[-105.574074,28.15707],[-105.574005,28.157384],[-105.573997,28.157427]]]}},{"type":"Feature","properties":{"modulo":5,"idparcela":"2950","productor":"AREVALO DAVILA JOSE FRANCISCO","cultivo":null,"superficie_fisica_ha":12.7417,"superficie_riego_ha":8.5034,"hectareas":0},"geometry":{"type":"Polygon","coordinates":[[[-105.57249,28.157464],[-105.572657,28.157442],[-105.573997,28.157427],[-105.573841,28.158251],[-105.574468,28.158276],[-105.575135,28.158264],[-105.57566,28.158289],[-105.575565,28.158803],[-105.575489,28.159038],[-105.575216,28.159626],[-105.575115,28.159807],[-105.574811,28.15997],[-105.574693,28.159899],[-105.57415,28.159774],[-105.573791,28.159722],[-105.573177,28.159679],[-105.572483,28.159619],[-105.570873,28.159083],[-105.570901,28.159021],[-105.570973,28.158823],[-105.571015,28.158537],[-105.571063,28.158344],[-105.571125,28.15829],[-105.571316,28.158203],[-105.571654,28.158075],[-105.572164,28.157854],[-105.572522,28.1577],[-105.572613,28.15764],[-105.572631,28.157561],[-105.572598,28.157516],[-105.57249,28.157464]]]}},{"type":"Feature","properties":{"modulo":5,"idparcela":"2934","productor":"TERRAZAS ALVIDRES ROSARIO","cultivo":null,"superficie_fisica_ha":5.4,"superficie_riego_ha":5.4,"hectareas":0},"geometry":{"type":"Polygon","coordinates":[[[-105.572483,28.159619],[-105.572049,28.160677],[-105.571478,28.160415],[-105.570998,28.160187],[-105.570599,28.160008],[-105.570287,28.159854],[-105.570244,28.159755],[-105.570285,28.159683],[-105.570437,28.159583],[-105.570662,28.15941],[-105.570815,28.159211],[-105.570873,28.159083],[-105.572483,28.159619]]]}},{"type":"Feature","properties":{"modulo":5,"idparcela":"0","productor":null,"cultivo":null,"superficie_fisica_ha":0,"superficie_riego_ha":0,"hectareas":0},"geometry":{"type":"Polygon","coordinates":[[[-105.58498,28.162091],[-105.584949,28.162032],[-105.584822,28.161821],[-105.584611,28.161345],[-105.584466,28.160987],[-105.5844,28.160823],[-105.584339,28.160673],[-105.584231,28.160342],[-105.584159,28.159971],[-105.584137,28.159885],[-105.5842,28.15987],[-105.58425,28.159858],[-105.584263,28.159855],[-105.585037,28.159747],[-105.586123,28.159622],[-105.586439,28.159586],[-105.587922,28.159486],[-105.588111,28.160112],[-105.588107,28.160129],[-105.587785,28.160351],[-105.587124,28.160793],[-105.586604,28.161129],[-105.586141,28.161449],[-105.585626,28.161785],[-105.585396,28.161921],[-105.585245,28.162019],[-105.58512,28.162068],[-105.58498,28.162091]]]}},{"type":"Feature","properties":{"modulo":5,"idparcela":"2917","productor":"LOZOYA MENDOZA RUBEN","cultivo":null,"superficie_fisica_ha":6.35,"superficie_riego_ha":6.35,"hectareas":0},"geometry":{"type":"Polygon","coordinates":[[[-105.584137,28.159885],[-105.584013,28.159901],[-105.583757,28.159944],[-105.583294,28.160019],[-105.58233,28.160258],[-105.582378,28.160144],[-105.582408,28.160018],[-105.582419,28.159885],[-105.582368,28.159673],[-105.582297,28.159301],[-105.582119,28.158572],[-105.581873,28.157645],[-105.583417,28.157173],[-105.583498,28.15715],[-105.583709,28.15787],[-105.584046,28.159104],[-105.58425,28.159858],[-105.5842,28.15987],[-105.584137,28.159885]],[[-105.581856,28.157588],[-105.5818,28.157406],[-105.581649,28.156931],[-105.581612,28.156812],[-105.581562,28.156707],[-105.581395,28.156641],[-105.581658,28.156622],[-105.582219,28.156517],[-105.582599,28.156415],[-105.583001,28.156273],[-105.58322,28.156197],[-105.58348,28.157089],[-105.581856,28.157588]]]}},{"type":"Feature","properties":{"modulo":5,"idparcela":"2916","productor":"GOMEZ BUENO JOSE GPE.","cultivo":null,"superficie_fisica_ha":7.525,"superficie_riego_ha":7.525,"hectareas":0},"geometry":{"type":"Polygon","coordinates":[[[-105.586123,28.159622],[-105.585037,28.159747],[-105.584263,28.159855],[-105.58425,28.159858],[-105.584046,28.159104],[-105.583709,28.15787],[-105.583498,28.15715],[-105.583821,28.157056],[-105.584475,28.156883],[-105.584904,28.15678],[-105.584894,28.156745],[-105.585262,28.156642],[-105.585441,28.157228],[-105.585627,28.157947],[-105.585704,28.158178],[-105.586123,28.159622]]]}},{"type":"Feature","properties":{"modulo":5,"idparcela":"2916","productor":"GOMEZ BUENO JOSE GPE.","cultivo":null,"superficie_fisica_ha":7.525,"superficie_riego_ha":7.525,"hectareas":0},"geometry":{"type":"Polygon","coordinates":[[[-105.584894,28.156745],[-105.584886,28.156719],[-105.58348,28.157089],[-105.58322,28.156197],[-105.583482,28.156077],[-105.583838,28.155914],[-105.584165,28.15568],[-105.584378,28.155482],[-105.584534,28.155412],[-105.584874,28.155368],[-105.585159,28.156304],[-105.585262,28.156642],[-105.584894,28.156745]]]}},{"type":"Feature","properties":{"modulo":5,"idparcela":"9766","productor":"PORTILLO CARRILLO ARTURO","cultivo":null,"superficie_fisica_ha":0.9229,"superficie_riego_ha":0.9229,"hectareas":0},"geometry":{"type":"Polygon","coordinates":[[[-105.573348,28.165702],[-105.573213,28.165734],[-105.572964,28.16576],[-105.572784,28.165777],[-105.572558,28.16581],[-105.572586,28.165726],[-105.572623,28.165657],[-105.572722,28.165557],[-105.572876,28.165426],[-105.573043,28.165287],[-105.573188,28.165161],[-105.573309,28.165023],[-105.573382,28.164918],[-105.57342,28.164855],[-105.573523,28.164879],[-105.573676,28.16489],[-105.573896,28.164847],[-105.574115,28.164759],[-105.574456,28.164664],[-105.574566,28.164649],[-105.574468,28.164742],[-105.574265,28.164898],[-105.574073,28.165079],[-105.573709,28.165505],[-105.573572,28.165623],[-105.573497,28.165649],[-105.573348,28.165702]]]}},{"type":"Feature","properties":{"modulo":5,"idparcela":"2928","productor":"CARRILLO ZUBIA MARIA DEL ROSARIO","cultivo":null,"superficie_fisica_ha":3.1021,"superficie_riego_ha":3.1021,"hectareas":0},"geometry":{"type":"Polygon","coordinates":[[[-105.574566,28.164649],[-105.574456,28.164664],[-105.574115,28.164759],[-105.573896,28.164847],[-105.573676,28.16489],[-105.573523,28.164879],[-105.57342,28.164855],[-105.573541,28.164567],[-105.573595,28.164373],[-105.573633,28.164241],[-105.573654,28.164135],[-105.573812,28.164099],[-105.57405,28.164039],[-105.574405,28.16394],[-105.574637,28.163901],[-105.575001,28.163874],[-105.575417,28.163857],[-105.5759,28.163871],[-105.576229,28.163915],[-105.576113,28.164051],[-105.576141,28.164201],[-105.576212,28.164481],[-105.576278,28.164782],[-105.576346,28.165097],[-105.57634,28.165173],[-105.576278,28.165139],[-105.576078,28.165031],[-105.576015,28.164998],[-105.57569,28.164872],[-105.575622,28.164846],[-105.575342,28.164782],[-105.575271,28.164766],[-105.574984,28.16471],[-105.574913,28.164695],[-105.574667,28.164651],[-105.574566,28.164649]]]}},{"type":"Feature","properties":{"modulo":5,"idparcela":"2929","productor":"SERNA LOPEZ LUIS ARTURO","cultivo":null,"superficie_fisica_ha":2.5,"superficie_riego_ha":2.5,"hectareas":0},"geometry":{"type":"Polygon","coordinates":[[[-105.572498,28.165807],[-105.572495,28.165807],[-105.572396,28.165806],[-105.572341,28.165819],[-105.572247,28.165841],[-105.572083,28.165915],[-105.571839,28.166077],[-105.571552,28.166163],[-105.571394,28.166196],[-105.571211,28.166238],[-105.570783,28.166393],[-105.570639,28.16644],[-105.570424,28.166489],[-105.570293,28.166479],[-105.569259,28.166675],[-105.569103,28.166678],[-105.569034,28.166642],[-105.568992,28.166575],[-105.568957,28.166483],[-105.56891,28.166337],[-105.568816,28.166124],[-105.569428,28.16604],[-105.569337,28.165596],[-105.569966,28.165439],[-105.569965,28.165377],[-105.569967,28.165312],[-105.570052,28.165222],[-105.570373,28.165085],[-105.570482,28.164976],[-105.570639,28.164803],[-105.570743,28.164818],[-105.571046,28.164879],[-105.571404,28.164847],[-105.5715,28.164854],[-105.571516,28.164955],[-105.57151,28.165031],[-105.571636,28.165096],[-105.571706,28.165115],[-105.571794,28.165097],[-105.572006,28.165006],[-105.572281,28.164919],[-105.572378,28.16494],[-105.572449,28.164959],[-105.572582,28.164913],[-105.572632,28.164895],[-105.572794,28.164851],[-105.572828,28.164808],[-105.572952,28.164784],[-105.573023,28.164788],[-105.573279,28.164804],[-105.573325,28.164819],[-105.573363,28.164831],[-105.573322,28.164899],[-105.573194,28.165063],[-105.573,28.165235],[-105.57286,28.165349],[-105.572734,28.165462],[-105.572639,28.165558],[-105.572575,28.165637],[-105.572531,28.16571],[-105.57251,28.165768],[-105.572498,28.165807]]]}},{"type":"Feature","properties":{"modulo":5,"idparcela":"2928","productor":"CARRILLO ZUBIA MARIA DEL ROSARIO","cultivo":null,"superficie_fisica_ha":3.1021,"superficie_riego_ha":3.1021,"hectareas":0},"geometry":{"type":"Polygon","coordinates":[[[-105.573363,28.164831],[-105.573325,28.164819],[-105.573279,28.164804],[-105.573023,28.164788],[-105.572952,28.164784],[-105.572828,28.164808],[-105.572794,28.164851],[-105.572632,28.164895],[-105.572582,28.164913],[-105.572449,28.164959],[-105.572378,28.16494],[-105.572281,28.164919],[-105.572006,28.165006],[-105.571794,28.165097],[-105.571706,28.165115],[-105.571636,28.165096],[-105.57151,28.165031],[-105.571516,28.164955],[-105.5715,28.164854],[-105.571618,28.164818],[-105.571763,28.164755],[-105.571916,28.164673],[-105.572037,28.164609],[-105.572171,28.164556],[-105.572335,28.164491],[-105.572492,28.164431],[-105.57265,28.164372],[-105.572913,28.164303],[-105.573264,28.164225],[-105.573357,28.164203],[-105.573517,28.164166],[-105.573582,28.164151],[-105.573522,28.164383],[-105.573471,28.164548],[-105.573389,28.164776],[-105.573363,28.164831]]]}},{"type":"Feature","properties":{"modulo":5,"idparcela":"2927","productor":"APODACA LOZOYA RAMON","cultivo":null,"superficie_fisica_ha":4.1477,"superficie_riego_ha":4.1477,"hectareas":0},"geometry":{"type":"Polygon","coordinates":[[[-105.570181,28.168958],[-105.570097,28.168958],[-105.569962,28.168967],[-105.569729,28.168941],[-105.569383,28.168916],[-105.569381,28.168872],[-105.569407,28.16875],[-105.569492,28.168663],[-105.56973,28.168491],[-105.569991,28.168336],[-105.57026,28.168181],[-105.570462,28.167991],[-105.570586,28.167837],[-105.570604,28.167769],[-105.570616,28.167672],[-105.570621,28.167602],[-105.570613,28.16752],[-105.570585,28.16735],[-105.570527,28.16721],[-105.570484,28.167109],[-105.57046,28.166898],[-105.570418,28.166797],[-105.570396,28.166659],[-105.570429,28.166563],[-105.570424,28.166489],[-105.570639,28.16644],[-105.570783,28.166393],[-105.571211,28.166238],[-105.571394,28.166196],[-105.571552,28.166163],[-105.571839,28.166077],[-105.572083,28.165915],[-105.572247,28.165841],[-105.572341,28.165819],[-105.572396,28.165806],[-105.572495,28.165807],[-105.572477,28.165875],[-105.572439,28.165934],[-105.572338,28.166053],[-105.57219,28.166172],[-105.571997,28.16631],[-105.571856,28.166412],[-105.57172,28.166491],[-105.571598,28.166569],[-105.571495,28.166659],[-105.57138,28.166778],[-105.571267,28.166949],[-105.571066,28.167244],[-105.570939,28.167409],[-105.570813,28.167604],[-105.570719,28.167763],[-105.570677,28.167886],[-105.570634,28.167998],[-105.570586,28.16815],[-105.570487,28.168384],[-105.570181,28.168958]]]}},{"type":"Feature","properties":{"modulo":5,"idparcela":"2927","productor":"APODACA LOZOYA RAMON","cultivo":null,"superficie_fisica_ha":4.1477,"superficie_riego_ha":4.1477,"hectareas":0},"geometry":{"type":"Polygon","coordinates":[[[-105.572558,28.16581],[-105.572784,28.165777],[-105.572964,28.16576],[-105.573213,28.165734],[-105.573348,28.165702],[-105.573493,28.166271],[-105.573543,28.166469],[-105.573586,28.166611],[-105.573633,28.166748],[-105.57372,28.166876],[-105.57382,28.166981],[-105.573904,28.167174],[-105.574022,28.167383],[-105.574128,28.167536],[-105.57419,28.167647],[-105.574246,28.167732],[-105.574085,28.167714],[-105.573928,28.167705],[-105.573661,28.167745],[-105.57345,28.167789],[-105.573136,28.167853],[-105.57302,28.167899],[-105.572796,28.168019],[-105.572634,28.168122],[-105.572537,28.1682],[-105.572494,28.16833],[-105.572514,28.168359],[-105.572544,28.168368],[-105.572692,28.168352],[-105.572665,28.168463],[-105.572571,28.168595],[-105.572389,28.16875],[-105.572203,28.168877],[-105.571869,28.168969],[-105.57131,28.169061],[-105.57088,28.169027],[-105.570472,28.168965],[-105.570371,28.168957],[-105.570271,28.168957],[-105.57038,28.168747],[-105.570497,28.168506],[-105.57064,28.168213],[-105.570726,28.16799],[-105.570787,28.167831],[-105.570862,28.167713],[-105.570943,28.16756],[-105.571082,28.16736],[-105.571239,28.167124],[-105.571384,28.166894],[-105.571478,28.166758],[-105.571562,28.166686],[-105.571729,28.166578],[-105.571884,28.166482],[-105.572064,28.166361],[-105.572296,28.166188],[-105.572423,28.166063],[-105.572518,28.165921],[-105.572558,28.16581]]]}},{"type":"Feature","properties":{"modulo":5,"idparcela":"2939","productor":"HERNANDEZ VALDEZ JOSE","cultivo":null,"superficie_fisica_ha":9.325,"superficie_riego_ha":9.325,"hectareas":0},"geometry":{"type":"Polygon","coordinates":[[[-105.564832,28.163722],[-105.565004,28.163145],[-105.565334,28.161954],[-105.565373,28.161756],[-105.565392,28.161643],[-105.565384,28.161571],[-105.565469,28.161542],[-105.565629,28.161496],[-105.565728,28.161481],[-105.565848,28.161491],[-105.56595,28.161524],[-105.56604,28.161566],[-105.566076,28.161639],[-105.566296,28.162485],[-105.56625,28.162623],[-105.566321,28.162774],[-105.566438,28.162863],[-105.566508,28.162939],[-105.566684,28.16349],[-105.566821,28.163826],[-105.566844,28.163875],[-105.566376,28.163807],[-105.565827,28.163743],[-105.565462,28.163725],[-105.565069,28.163717],[-105.564832,28.163722]]]}},{"type":"Feature","properties":{"modulo":5,"idparcela":"2939","productor":"HERNANDEZ VALDEZ JOSE","cultivo":null,"superficie_fisica_ha":9.325,"superficie_riego_ha":9.325,"hectareas":0},"geometry":{"type":"Polygon","coordinates":[[[-105.564341,28.165309],[-105.564393,28.165176],[-105.564597,28.164517],[-105.564832,28.163722],[-105.565069,28.163717],[-105.565462,28.163725],[-105.565827,28.163743],[-105.566376,28.163807],[-105.566844,28.163875],[-105.566925,28.164046],[-105.567008,28.164196],[-105.567067,28.164303],[-105.567125,28.164404],[-105.567189,28.164496],[-105.567286,28.164612],[-105.5674,28.164723],[-105.567563,28.164831],[-105.567405,28.164897],[-105.567289,28.164907],[-105.567156,28.1649],[-105.566961,28.164865],[-105.566576,28.164775],[-105.565938,28.16476],[-105.565805,28.1647],[-105.565642,28.164688],[-105.565453,28.164687],[-105.565276,28.164701],[-105.565044,28.164736],[-105.564885,28.164803],[-105.564827,28.164891],[-105.564821,28.164972],[-105.564845,28.165089],[-105.564932,28.165215],[-105.564751,28.165279],[-105.564638,28.165369],[-105.56446,28.165533],[-105.564341,28.165309]]]}},{"type":"Feature","properties":{"modulo":5,"idparcela":"2959","productor":"CARRILLO VEGA JOSE DOLORES","cultivo":null,"superficie_fisica_ha":1.144,"superficie_riego_ha":1.144,"hectareas":0},"geometry":{"type":"Polygon","coordinates":[[[-105.564234,28.169295],[-105.564318,28.169321],[-105.564421,28.169315],[-105.564593,28.1693],[-105.564744,28.169289],[-105.564903,28.16926],[-105.56506,28.169219],[-105.56529,28.169157],[-105.565543,28.169101],[-105.565682,28.169065],[-105.565833,28.169043],[-105.566042,28.169039],[-105.566288,28.16903],[-105.566359,28.169065],[-105.566413,28.169103],[-105.566435,28.169154],[-105.566441,28.169223],[-105.56639,28.169308],[-105.566306,28.169379],[-105.566214,28.16945],[-105.56613,28.169532],[-105.566046,28.169599],[-105.565944,28.169623],[-105.565866,28.169636],[-105.565794,28.169688],[-105.565701,28.169745],[-105.565591,28.169773],[-105.565452,28.16979],[-105.565263,28.169801],[-105.565083,28.169806],[-105.564821,28.16983],[-105.564585,28.169901],[-105.564402,28.16998],[-105.564254,28.170049],[-105.564072,28.170137],[-105.563928,28.170167],[-105.563823,28.170143],[-105.563663,28.170142],[-105.56344,28.1702],[-105.563336,28.170233],[-105.563207,28.170249],[-105.563051,28.170231],[-105.562844,28.170129],[-105.5626,28.169988],[-105.562237,28.169783],[-105.562299,28.169745],[-105.562403,28.169688],[-105.563012,28.169512],[-105.56323,28.169415],[-105.564234,28.169295]]]}},{"type":"Feature","properties":{"modulo":5,"idparcela":"9665","productor":"GAONA GARCIA Ma DE LA LUZ","cultivo":null,"superficie_fisica_ha":1.02,"superficie_riego_ha":1.02,"hectareas":0},"geometry":{"type":"Polygon","coordinates":[[[-105.520628,28.135591],[-105.52308,28.135479],[-105.523198,28.135541],[-105.523423,28.135585],[-105.523807,28.135565],[-105.524452,28.135545],[-105.524482,28.135653],[-105.52448,28.136465],[-105.524466,28.13652],[-105.524414,28.136601],[-105.524323,28.136673],[-105.524177,28.136746],[-105.524015,28.136801],[-105.523524,28.136974],[-105.522175,28.137431],[-105.521302,28.137696],[-105.521261,28.13766],[-105.521226,28.13757],[-105.521175,28.137389],[-105.521109,28.137218],[-105.521139,28.137092],[-105.521209,28.137064],[-105.521438,28.136982],[-105.522378,28.136717],[-105.522278,28.136411],[-105.522207,28.136239],[-105.522115,28.136077],[-105.522004,28.135978],[-105.521847,28.135961],[-105.521667,28.135971],[-105.521608,28.135953],[-105.521506,28.135854],[-105.521369,28.135773],[-105.521181,28.135684],[-105.52093,28.135622],[-105.520628,28.135591]]]}},{"type":"Feature","properties":{"modulo":5,"idparcela":"2520","productor":"VILLALOBOS PORRAS JOSE","cultivo":null,"superficie_fisica_ha":0.4818,"superficie_riego_ha":0.4818,"hectareas":0},"geometry":{"type":"Polygon","coordinates":[[[-105.481708,28.18151],[-105.47984,28.1821],[-105.481074,28.180967],[-105.481708,28.18151]]]}},{"type":"Feature","properties":{"modulo":5,"idparcela":"3150","productor":"RAMIREZ GUILLEN JESUS","cultivo":null,"superficie_fisica_ha":2.2378,"superficie_riego_ha":2.2378,"hectareas":0},"geometry":{"type":"Polygon","coordinates":[[[-105.536668,28.176248],[-105.539191,28.176491],[-105.539107,28.176651],[-105.53905,28.17691],[-105.538988,28.177217],[-105.538911,28.177613],[-105.536467,28.177187],[-105.536668,28.176248]]]}},{"type":"Feature","properties":{"modulo":5,"idparcela":"3153","productor":"PERALES PERALES FLORENTINO","cultivo":null,"superficie_fisica_ha":1.58,"superficie_riego_ha":1.58,"hectareas":0},"geometry":{"type":"Polygon","coordinates":[[[-105.535957,28.17949],[-105.53555,28.181445],[-105.535298,28.181401],[-105.535034,28.179758],[-105.534965,28.179332],[-105.535957,28.17949]]]}},{"type":"Feature","properties":{"modulo":5,"idparcela":"2941","productor":"CONTRERAS TARIN MAURILIO","cultivo":null,"superficie_fisica_ha":3,"superficie_riego_ha":3,"hectareas":0},"geometry":{"type":"Polygon","coordinates":[[[-105.579528,28.162933],[-105.580285,28.164817],[-105.580176,28.16499],[-105.57998,28.165045],[-105.579583,28.165155],[-105.579429,28.165174],[-105.579189,28.165193],[-105.579058,28.16523],[-105.578949,28.165224],[-105.578796,28.165238],[-105.578606,28.165253],[-105.578381,28.165281],[-105.578128,28.165314],[-105.57791,28.165344],[-105.577738,28.165359],[-105.577579,28.165359],[-105.577342,28.165356],[-105.577379,28.165295],[-105.577504,28.165086],[-105.578576,28.163299],[-105.578792,28.163218],[-105.579194,28.163037],[-105.57938,28.162961],[-105.579528,28.162933]]]}},{"type":"Feature","properties":{"modulo":5,"idparcela":"2925","productor":"TERRAZAS ALVIDREZ ROSARIO","cultivo":null,"superficie_fisica_ha":3,"superficie_riego_ha":3,"hectareas":0},"geometry":{"type":"Polygon","coordinates":[[[-105.577342,28.165356],[-105.573573,28.16657],[-105.573543,28.166469],[-105.573493,28.166271],[-105.573348,28.165702],[-105.573497,28.165649],[-105.573572,28.165623],[-105.573709,28.165505],[-105.574073,28.165079],[-105.574265,28.164898],[-105.574468,28.164742],[-105.574566,28.164649],[-105.574667,28.164651],[-105.574913,28.164695],[-105.574984,28.16471],[-105.575271,28.164766],[-105.575342,28.164782],[-105.575622,28.164846],[-105.57569,28.164872],[-105.576015,28.164998],[-105.576078,28.165031],[-105.576278,28.165139],[-105.57634,28.165173],[-105.576463,28.165239],[-105.576534,28.165256],[-105.576657,28.165284],[-105.576728,28.165287],[-105.57682,28.165292],[-105.576891,28.165301],[-105.577179,28.165336],[-105.577271,28.165337],[-105.577342,28.165356]]]}},{"type":"Feature","properties":{"modulo":5,"idparcela":"3271","productor":"ALEMAN MORENO GREGORIO","cultivo":null,"superficie_fisica_ha":4.825,"superficie_riego_ha":3.41,"hectareas":0},"geometry":{"type":"Polygon","coordinates":[[[-105.553368,28.163629],[-105.553033,28.164759],[-105.552859,28.164709],[-105.552362,28.164567],[-105.552664,28.164338],[-105.553062,28.163975],[-105.553287,28.163704],[-105.553368,28.163629]]]}},{"type":"Feature","properties":{"modulo":5,"idparcela":"2511","productor":"BLAKE BUSTAMANTE CARLOS","cultivo":null,"superficie_fisica_ha":1.5309,"superficie_riego_ha":1.5309,"hectareas":0},"geometry":{"type":"Polygon","coordinates":[[[-105.469242,28.175661],[-105.467944,28.176838],[-105.46785,28.17668],[-105.467856,28.17651],[-105.467931,28.176339],[-105.467947,28.176109],[-105.467906,28.17584],[-105.46788,28.175674],[-105.467763,28.175573],[-105.468699,28.175163],[-105.469242,28.175661]]]}},{"type":"Feature","properties":{"modulo":5,"idparcela":"2535","productor":"MARTINEZ RAMOS ANGEL","cultivo":null,"superficie_fisica_ha":0.3951,"superficie_riego_ha":0.3951,"hectareas":0},"geometry":{"type":"Polygon","coordinates":[[[-105.474648,28.172705],[-105.473822,28.173471],[-105.473842,28.172833],[-105.474485,28.172565],[-105.474648,28.172705]]]}},{"type":"Feature","properties":{"modulo":5,"idparcela":"2537","productor":"VERA N ROSA MARGARIT","cultivo":null,"superficie_fisica_ha":2.252,"superficie_riego_ha":2.252,"hectareas":0},"geometry":{"type":"Polygon","coordinates":[[[-105.473598,28.174078],[-105.472714,28.173305],[-105.473598,28.172937],[-105.473598,28.174078]]]}},{"type":"Feature","properties":{"modulo":5,"idparcela":"3264","productor":"CHAVEZ N MELQUIADES","cultivo":null,"superficie_fisica_ha":7.3,"superficie_riego_ha":7.3,"hectareas":0},"geometry":{"type":"Polygon","coordinates":[[[-105.506805,28.228173],[-105.508594,28.229178],[-105.507853,28.230186],[-105.504917,28.230899],[-105.504802,28.230643],[-105.50463,28.230295],[-105.504471,28.230007],[-105.504297,28.229752],[-105.504199,28.22962],[-105.506805,28.228173]]]}},{"type":"Feature","properties":{"modulo":5,"idparcela":"3263","productor":"PEREYRA N. MANUEL","cultivo":null,"superficie_fisica_ha":9.65,"superficie_riego_ha":9.65,"hectareas":0},"geometry":{"type":"Polygon","coordinates":[[[-105.503058,28.227776],[-105.505935,28.226623],[-105.506164,28.226532],[-105.506573,28.226913],[-105.506675,28.227008],[-105.507203,28.226649],[-105.507359,28.226492],[-105.507699,28.226737],[-105.506805,28.228173],[-105.504199,28.22962],[-105.504064,28.229442],[-105.503929,28.229297],[-105.503727,28.229168],[-105.503585,28.229106],[-105.503419,28.229088],[-105.50325,28.229086],[-105.503108,28.229024],[-105.50299,28.228929],[-105.502898,28.228815],[-105.502927,28.228627],[-105.502956,28.228442],[-105.503,28.228154],[-105.503058,28.227776]]]}},{"type":"Feature","properties":{"modulo":5,"idparcela":"3266","productor":"CHAVEZ MENDOZA RAUL","cultivo":null,"superficie_fisica_ha":15.75,"superficie_riego_ha":15.75,"hectareas":0},"geometry":{"type":"Polygon","coordinates":[[[-105.502808,28.228933],[-105.502925,28.229037],[-105.503053,28.229122],[-105.503133,28.229171],[-105.503253,28.229192],[-105.503399,28.229198],[-105.503594,28.229245],[-105.503763,28.229324],[-105.503902,28.229437],[-105.504048,28.229609],[-105.504177,28.229754],[-105.504285,28.229909],[-105.504675,28.230599],[-105.504798,28.230892],[-105.504721,28.231139],[-105.504533,28.23169],[-105.504274,28.23255],[-105.504127,28.233398],[-105.504111,28.234217],[-105.504101,28.234741],[-105.504093,28.235134],[-105.503867,28.235629],[-105.503846,28.235861],[-105.503879,28.23607],[-105.503678,28.236173],[-105.503454,28.236063],[-105.503281,28.235838],[-105.502016,28.234624],[-105.50184,28.231394],[-105.501773,28.230687],[-105.501722,28.230423],[-105.501653,28.230029],[-105.5016,28.229775],[-105.501651,28.229626],[-105.501832,28.229492],[-105.502185,28.229369],[-105.502506,28.22915],[-105.502808,28.228933]]]}},{"type":"Feature","properties":{"modulo":5,"idparcela":"2475","productor":"GINER SOTO JESUS VITO","cultivo":null,"superficie_fisica_ha":19.9,"superficie_riego_ha":19.9,"hectareas":0},"geometry":{"type":"Polygon","coordinates":[[[-105.467215,28.157008],[-105.467296,28.156952],[-105.467435,28.156767],[-105.467432,28.156658],[-105.467507,28.156401],[-105.467686,28.156197],[-105.467682,28.15607],[-105.467611,28.155708],[-105.467583,28.155436],[-105.467555,28.155145],[-105.472046,28.155049],[-105.473577,28.155045],[-105.4736,28.158381],[-105.469315,28.158475],[-105.469126,28.158227],[-105.469001,28.158062],[-105.468803,28.157802],[-105.468641,28.157654],[-105.46844,28.15747],[-105.468286,28.15733],[-105.468078,28.157243],[-105.467791,28.157123],[-105.467609,28.157087],[-105.467391,28.157043],[-105.467215,28.157008]]]}},{"type":"Feature","properties":{"modulo":5,"idparcela":"3229","productor":"REYNA LUNA MANUEL","cultivo":null,"superficie_fisica_ha":3.975,"superficie_riego_ha":3.975,"hectareas":0},"geometry":{"type":"Polygon","coordinates":[[[-105.519042,28.212718],[-105.518743,28.213131],[-105.518777,28.213229],[-105.518796,28.213335],[-105.517419,28.215516],[-105.517181,28.21557],[-105.516879,28.215626],[-105.516616,28.215667],[-105.515951,28.215734],[-105.516786,28.214421],[-105.517731,28.212939],[-105.517813,28.212919],[-105.517938,28.212925],[-105.518071,28.212858],[-105.51813,28.212756],[-105.518157,28.212617],[-105.518164,28.212479],[-105.518211,28.212313],[-105.518281,28.212201],[-105.518433,28.212097],[-105.518628,28.211991],[-105.518691,28.212018],[-105.518841,28.212217],[-105.519018,28.212599],[-105.519042,28.212718]]]}},{"type":"Feature","properties":{"modulo":5,"idparcela":"2994","productor":"MARQUEZ QUINONES MARCIAL","cultivo":null,"superficie_fisica_ha":6.625,"superficie_riego_ha":6.625,"hectareas":0},"geometry":{"type":"Polygon","coordinates":[[[-105.585559,28.149429],[-105.585576,28.150413],[-105.583031,28.149216],[-105.583504,28.148775],[-105.58365,28.148638],[-105.585478,28.14945],[-105.585559,28.149429]]]}},{"type":"Feature","properties":{"modulo":5,"idparcela":"2995","productor":"REDE ROBLEDO GUADALUPE","cultivo":null,"superficie_fisica_ha":6.6377,"superficie_riego_ha":6.175,"hectareas":0},"geometry":{"type":"Polygon","coordinates":[[[-105.585502,28.146235],[-105.585559,28.149429],[-105.585478,28.14945],[-105.58365,28.148638],[-105.583883,28.148442],[-105.584164,28.14814],[-105.584444,28.147838],[-105.584948,28.147207],[-105.583396,28.146371],[-105.583856,28.146333],[-105.585467,28.146249],[-105.585502,28.146235]]]}},{"type":"Feature","properties":{"modulo":5,"idparcela":"0","productor":null,"cultivo":null,"superficie_fisica_ha":0,"superficie_riego_ha":0,"hectareas":0},"geometry":{"type":"Polygon","coordinates":[[[-105.585715,28.150585],[-105.585733,28.150579],[-105.586693,28.150994],[-105.587586,28.151416],[-105.587134,28.151526],[-105.585849,28.151846],[-105.585734,28.151879],[-105.585727,28.151881],[-105.585715,28.150585]]]}}]}