{"type":"FeatureCollection","features":[{"type":"Feature","properties":{"modulo":3,"idparcela":"9486","productor":"SORIANO TREVI¥O MANUEL","cultivo":"Ma­z","superficie_fisica_ha":10,"superficie_riego_ha":10,"hectareas":10.838},"geometry":{"type":"Polygon","coordinates":[[[-105.392257,28.155163],[-105.394491,28.15511],[-105.394489,28.159573],[-105.394471,28.159638],[-105.392286,28.159654],[-105.392257,28.155163]]]}},{"type":"Feature","properties":{"modulo":3,"idparcela":"9611","productor":"MARTINEZ N LUZ","cultivo":"Sin Cultivo","superficie_fisica_ha":14.4,"superficie_riego_ha":14.4,"hectareas":13.863},"geometry":{"type":"Polygon","coordinates":[[[-105.394511,28.161664],[-105.394507,28.160993],[-105.396855,28.160955],[-105.402426,28.16092],[-105.402444,28.163188],[-105.398153,28.163184],[-105.398134,28.162942],[-105.397751,28.162927],[-105.397678,28.162879],[-105.397694,28.162426],[-105.397655,28.162107],[-105.397649,28.161875],[-105.397645,28.161725],[-105.397604,28.161657],[-105.394511,28.161664]]]}},{"type":"Feature","properties":{"modulo":3,"idparcela":"1390","productor":"SANTIESTEBAN FRANCO JUVENAL","cultivo":"Alfalfa","superficie_fisica_ha":21.35,"superficie_riego_ha":19.22,"hectareas":8.807},"geometry":{"type":"Polygon","coordinates":[[[-105.405215,28.19131],[-105.405527,28.191321],[-105.405187,28.19157],[-105.405025,28.191709],[-105.404434,28.192456],[-105.403551,28.193675],[-105.4032,28.194105],[-105.402835,28.194358],[-105.401658,28.192811],[-105.400831,28.191856],[-105.399893,28.191229],[-105.400947,28.191238],[-105.40328,28.191258],[-105.405168,28.191274],[-105.405215,28.19131]]]}},{"type":"Feature","properties":{"modulo":3,"idparcela":"1870","productor":"SOLIS GALLARDO OCTAVIO A.","cultivo":"Alfalfa","superficie_fisica_ha":33.68,"superficie_riego_ha":20.5,"hectareas":12.541},"geometry":{"type":"Polygon","coordinates":[[[-105.395666,28.283455],[-105.395341,28.283565],[-105.394761,28.283791],[-105.39438,28.283956],[-105.39415,28.283878],[-105.393928,28.283932],[-105.393803,28.284086],[-105.393817,28.284289],[-105.393514,28.284523],[-105.393124,28.284813],[-105.392754,28.285241],[-105.392139,28.285985],[-105.391944,28.286253],[-105.391667,28.285193],[-105.391476,28.284624],[-105.391387,28.28387],[-105.391495,28.283713],[-105.391486,28.283638],[-105.391275,28.283612],[-105.391235,28.28342],[-105.391286,28.283246],[-105.391282,28.283091],[-105.391216,28.282974],[-105.391205,28.28285],[-105.391271,28.282694],[-105.391227,28.282614],[-105.391128,28.28256],[-105.391023,28.282333],[-105.391141,28.28231],[-105.39116,28.282194],[-105.391089,28.28217],[-105.391035,28.282078],[-105.391028,28.281973],[-105.391116,28.281884],[-105.391178,28.281821],[-105.391112,28.281736],[-105.391041,28.2817],[-105.390732,28.281657],[-105.390674,28.28159],[-105.390691,28.281428],[-105.39069,28.281229],[-105.390735,28.281238],[-105.391853,28.281457],[-105.392846,28.281643],[-105.393899,28.281793],[-105.394431,28.281889],[-105.394444,28.28202],[-105.394501,28.282076],[-105.394535,28.282191],[-105.39463,28.282345],[-105.394715,28.282599],[-105.394892,28.282918],[-105.395191,28.283173],[-105.395399,28.283292],[-105.395666,28.283455]]]}},{"type":"Feature","properties":{"modulo":3,"idparcela":"1879","productor":"SOLIS GALLARDO OCTAVIO A.","cultivo":"Alfalfa","superficie_fisica_ha":7,"superficie_riego_ha":7,"hectareas":5.089},"geometry":{"type":"Polygon","coordinates":[[[-105.390733,28.281159],[-105.390751,28.28092],[-105.390771,28.280607],[-105.390742,28.280237],[-105.390919,28.280225],[-105.391169,28.280212],[-105.392633,28.280362],[-105.393733,28.280471],[-105.394619,28.280559],[-105.395458,28.280632],[-105.395332,28.280791],[-105.395078,28.281027],[-105.394815,28.281288],[-105.394445,28.281715],[-105.394326,28.281759],[-105.393868,28.281686],[-105.392888,28.281542],[-105.39185,28.281342],[-105.390733,28.281159]]]}},{"type":"Feature","properties":{"modulo":3,"idparcela":"1810","productor":"SOLIS GALLARDO OCTAVIO A.","cultivo":"Alfalfa","superficie_fisica_ha":7.125,"superficie_riego_ha":7.125,"hectareas":7.407},"geometry":{"type":"Polygon","coordinates":[[[-105.390672,28.280041],[-105.390656,28.279811],[-105.390651,28.279597],[-105.390468,28.279387],[-105.389937,28.278987],[-105.389481,28.278643],[-105.389515,28.278645],[-105.391595,28.278738],[-105.391721,28.278738],[-105.392004,28.278738],[-105.394156,28.27887],[-105.394648,28.27888],[-105.395225,28.279584],[-105.395675,28.28006],[-105.395698,28.280224],[-105.39561,28.280407],[-105.39473,28.280327],[-105.393657,28.280229],[-105.392611,28.280131],[-105.391127,28.280032],[-105.390672,28.280041]]]}},{"type":"Feature","properties":{"modulo":3,"idparcela":"1801","productor":"AGUIRRE CASIANO OSCAR","cultivo":"Alfalfa","superficie_fisica_ha":13.23,"superficie_riego_ha":13.23,"hectareas":3.42},"geometry":{"type":"Polygon","coordinates":[[[-105.392004,28.278738],[-105.391823,28.278583],[-105.391738,28.278441],[-105.391749,28.278249],[-105.391872,28.278132],[-105.391865,28.277863],[-105.391779,28.277703],[-105.391613,28.277545],[-105.391369,28.277405],[-105.391409,28.277334],[-105.393407,28.277325],[-105.393476,28.277447],[-105.393544,28.277561],[-105.393807,28.278025],[-105.394183,28.278511],[-105.394648,28.27888],[-105.394156,28.27887],[-105.392004,28.278738]]]}},{"type":"Feature","properties":{"modulo":3,"idparcela":"1550","productor":"REYES PAZ JOSE","cultivo":"Sin Cultivo","superficie_fisica_ha":3,"superficie_riego_ha":3,"hectareas":6.759},"geometry":{"type":"Polygon","coordinates":[[[-105.391912,28.274657],[-105.39193,28.274721],[-105.39188,28.274959],[-105.39178,28.275147],[-105.391727,28.275285],[-105.391715,28.27536],[-105.391577,28.275462],[-105.391503,28.275557],[-105.391456,28.275657],[-105.391432,28.275794],[-105.391472,28.27598],[-105.391586,28.276294],[-105.391641,28.276542],[-105.391756,28.276893],[-105.391839,28.277128],[-105.391866,28.277199],[-105.389374,28.277274],[-105.389355,28.277082],[-105.389322,28.276618],[-105.389348,28.276009],[-105.389363,28.275798],[-105.389347,28.275463],[-105.389212,28.275373],[-105.388988,28.275123],[-105.388875,28.27484],[-105.388976,28.274693],[-105.38998,28.274664],[-105.391833,28.274659],[-105.391912,28.274657]]]}},{"type":"Feature","properties":{"modulo":3,"idparcela":"1548","productor":"SOLIS GALLARDO OCTAVIO A.","cultivo":"Alfalfa","superficie_fisica_ha":12.8,"superficie_riego_ha":12.48,"hectareas":11.79},"geometry":{"type":"Polygon","coordinates":[[[-105.392983,28.274313],[-105.392082,28.274311],[-105.391076,28.27432],[-105.3904,28.274334],[-105.389692,28.274373],[-105.38903,28.274375],[-105.388801,28.274381],[-105.388644,28.27435],[-105.388567,28.274266],[-105.388498,28.274092],[-105.388396,28.273771],[-105.388334,28.273497],[-105.388248,28.273189],[-105.388145,28.272793],[-105.388319,28.272723],[-105.388663,28.272716],[-105.38936,28.272693],[-105.389716,28.272785],[-105.39005,28.272849],[-105.39094,28.272727],[-105.391218,28.272655],[-105.392998,28.272626],[-105.394426,28.272619],[-105.394818,28.272686],[-105.395049,28.272726],[-105.395026,28.272838],[-105.394993,28.273003],[-105.394929,28.273367],[-105.394861,28.273599],[-105.394807,28.273674],[-105.394714,28.273676],[-105.394643,28.273826],[-105.394611,28.274016],[-105.394691,28.274195],[-105.394647,28.274295],[-105.394559,28.274398],[-105.394306,28.274452],[-105.393937,28.274524],[-105.393731,28.274523],[-105.392983,28.274313]]]}},{"type":"Feature","properties":{"modulo":3,"idparcela":"1542","productor":"AGRICOLA PINO SOLO, SPR DE RL","cultivo":"Alfalfa","superficie_fisica_ha":12.4,"superficie_riego_ha":12.4,"hectareas":11.907},"geometry":{"type":"Polygon","coordinates":[[[-105.395145,28.272432],[-105.394775,28.272451],[-105.39358,28.272431],[-105.392272,28.272413],[-105.39208,28.268066],[-105.393006,28.268058],[-105.393148,28.268134],[-105.393332,28.268377],[-105.394174,28.26945],[-105.395378,28.270302],[-105.395456,28.271323],[-105.39539,28.271497],[-105.395145,28.272432]]]}},{"type":"Feature","properties":{"modulo":3,"idparcela":"1546","productor":"AGRICOLA PINO SOLO, SPR DE RL","cultivo":"Alfalfa","superficie_fisica_ha":13.1,"superficie_riego_ha":13.1,"hectareas":13.046},"geometry":{"type":"Polygon","coordinates":[[[-105.389395,28.272419],[-105.389393,28.271965],[-105.389431,28.270858],[-105.389461,28.270163],[-105.389496,28.269657],[-105.389483,28.269169],[-105.389494,28.268886],[-105.389476,28.268543],[-105.389499,28.268337],[-105.389502,28.268097],[-105.389884,28.268112],[-105.390721,28.268083],[-105.391457,28.268068],[-105.39208,28.268066],[-105.392272,28.272413],[-105.391219,28.272458],[-105.390765,28.272568],[-105.390296,28.272612],[-105.390119,28.272627],[-105.389888,28.272553],[-105.389657,28.272446],[-105.389395,28.272419]]]}},{"type":"Feature","properties":{"modulo":3,"idparcela":"1545","productor":"AGRICOLA PINO SOLO, SPR DE RL","cultivo":"Alfalfa","superficie_fisica_ha":12.8,"superficie_riego_ha":12.8,"hectareas":12.009},"geometry":{"type":"Polygon","coordinates":[[[-105.389502,28.268097],[-105.389499,28.268337],[-105.389476,28.268543],[-105.389494,28.268886],[-105.389483,28.269169],[-105.389496,28.269657],[-105.389461,28.270163],[-105.389431,28.270858],[-105.389393,28.271965],[-105.389395,28.272419],[-105.388883,28.272456],[-105.388438,28.272482],[-105.388109,28.27248],[-105.387993,28.272491],[-105.387828,28.272461],[-105.387738,28.272377],[-105.387619,28.272276],[-105.387487,28.272041],[-105.387364,28.271785],[-105.387344,28.271374],[-105.387332,28.270945],[-105.387274,28.270561],[-105.38721,28.270237],[-105.387167,28.270047],[-105.386924,28.269512],[-105.386821,28.269216],[-105.386574,28.269007],[-105.386289,28.268858],[-105.385995,28.268744],[-105.385772,28.268693],[-105.385554,28.268596],[-105.385406,28.26844],[-105.385286,28.268279],[-105.385185,28.268136],[-105.385693,28.268099],[-105.386594,28.268091],[-105.387382,28.268097],[-105.388054,28.268083],[-105.388613,28.268083],[-105.389502,28.268097]]]}},{"type":"Feature","properties":{"modulo":3,"idparcela":"1919","productor":"MONTILLA TREJO RAFAEL","cultivo":"Sin Cultivo","superficie_fisica_ha":4.522,"superficie_riego_ha":4.522,"hectareas":4.912},"geometry":{"type":"Polygon","coordinates":[[[-105.389892,28.28418],[-105.38986,28.283963],[-105.38983,28.283816],[-105.389766,28.283709],[-105.389684,28.283586],[-105.38938,28.28336],[-105.388987,28.283042],[-105.388535,28.282698],[-105.388415,28.282612],[-105.390056,28.281236],[-105.390208,28.281271],[-105.390319,28.281494],[-105.390374,28.281586],[-105.390385,28.281686],[-105.390485,28.281839],[-105.390655,28.281975],[-105.390782,28.282128],[-105.390839,28.282313],[-105.390835,28.282484],[-105.390839,28.282647],[-105.390895,28.282754],[-105.390985,28.282869],[-105.390988,28.282962],[-105.390972,28.283009],[-105.390921,28.283072],[-105.390906,28.283165],[-105.390912,28.283413],[-105.390943,28.283568],[-105.391007,28.283667],[-105.391078,28.283736],[-105.391133,28.283812],[-105.391144,28.283889],[-105.391077,28.284],[-105.391009,28.284079],[-105.390958,28.284134],[-105.390882,28.284244],[-105.390822,28.284292],[-105.390761,28.284336],[-105.390696,28.284343],[-105.390601,28.284343],[-105.390522,28.284344],[-105.390455,28.284343],[-105.390262,28.28434],[-105.390157,28.284337],[-105.390024,28.284319],[-105.389949,28.28427],[-105.389892,28.28418]]]}},{"type":"Feature","properties":{"modulo":3,"idparcela":"************","productor":null,"cultivo":"Sin Cultivo","superficie_fisica_ha":null,"superficie_riego_ha":null,"hectareas":3.038},"geometry":{"type":"Polygon","coordinates":[[[-105.387965,28.280286],[-105.387866,28.281946],[-105.387863,28.282002],[-105.387852,28.282187],[-105.386578,28.281452],[-105.386285,28.281282],[-105.38607,28.281116],[-105.38596,28.281007],[-105.38581,28.280852],[-105.385647,28.280703],[-105.385518,28.280581],[-105.385516,28.280531],[-105.385528,28.280475],[-105.385681,28.280397],[-105.386056,28.28029],[-105.386429,28.28031],[-105.386855,28.280298],[-105.38719,28.28031],[-105.387558,28.280302],[-105.387965,28.280286]]]}},{"type":"Feature","properties":{"modulo":3,"idparcela":"************","productor":null,"cultivo":"Sin Cultivo","superficie_fisica_ha":null,"superficie_riego_ha":null,"hectareas":3.323},"geometry":{"type":"Polygon","coordinates":[[[-105.387852,28.282187],[-105.387863,28.282002],[-105.387866,28.281946],[-105.387965,28.280286],[-105.387995,28.280285],[-105.388231,28.280288],[-105.388529,28.280321],[-105.388918,28.28046],[-105.389042,28.280519],[-105.389239,28.280709],[-105.38947,28.280813],[-105.389594,28.280888],[-105.389692,28.280956],[-105.389748,28.281102],[-105.389988,28.281221],[-105.390056,28.281236],[-105.38842,28.282603],[-105.388175,28.282424],[-105.387852,28.282187]]]}},{"type":"Feature","properties":{"modulo":3,"idparcela":"1921","productor":"SOLIS GALLARDO OCTAVIO A.","cultivo":"Ma­z","superficie_fisica_ha":10.5,"superficie_riego_ha":10.5,"hectareas":11.417},"geometry":{"type":"Polygon","coordinates":[[[-105.390092,28.267881],[-105.387589,28.267905],[-105.387548,28.267779],[-105.387551,28.26768],[-105.387563,28.267517],[-105.387515,28.266941],[-105.387512,28.265619],[-105.387532,28.26398],[-105.388351,28.263585],[-105.389483,28.263558],[-105.389913,28.263542],[-105.390092,28.267881]]]}},{"type":"Feature","properties":{"modulo":3,"idparcela":"1572","productor":"SOLIS GALLARDO OCTAVIO A.","cultivo":"Nogal (Nuez)","superficie_fisica_ha":11.95,"superficie_riego_ha":11.95,"hectareas":11.541},"geometry":{"type":"Polygon","coordinates":[[[-105.392911,28.267843],[-105.392835,28.267858],[-105.39274,28.267867],[-105.390092,28.267881],[-105.389913,28.263542],[-105.390303,28.263541],[-105.392183,28.263537],[-105.392349,28.263534],[-105.392371,28.263804],[-105.392377,28.264747],[-105.392378,28.266239],[-105.392391,28.266719],[-105.392455,28.266941],[-105.392556,28.26711],[-105.392797,28.267397],[-105.392966,28.267686],[-105.392956,28.267765],[-105.392911,28.267843]]]}},{"type":"Feature","properties":{"modulo":3,"idparcela":"1547","productor":"PAZ JAQUEZ OFELIA","cultivo":"Sin Cultivo","superficie_fisica_ha":15.75,"superficie_riego_ha":14.1,"hectareas":14.752},"geometry":{"type":"Polygon","coordinates":[[[-105.387343,28.266966],[-105.387308,28.267847],[-105.38616,28.26785],[-105.384939,28.267819],[-105.384506,28.267515],[-105.384192,28.26719],[-105.38385,28.266874],[-105.383568,28.266544],[-105.38332,28.266231],[-105.383106,28.265947],[-105.382941,28.265664],[-105.382818,28.265426],[-105.382758,28.265235],[-105.382716,28.265105],[-105.382613,28.264977],[-105.382376,28.264695],[-105.382194,28.264445],[-105.382036,28.264208],[-105.381982,28.264081],[-105.382303,28.26406],[-105.382529,28.264105],[-105.382818,28.264113],[-105.383149,28.264156],[-105.383327,28.264209],[-105.383725,28.26428],[-105.38403,28.264358],[-105.384271,28.264394],[-105.384522,28.26444],[-105.384659,28.264473],[-105.384941,28.264688],[-105.385236,28.264876],[-105.385397,28.264936],[-105.385775,28.26489],[-105.386096,28.264718],[-105.386148,28.264591],[-105.386433,28.264443],[-105.386672,28.264345],[-105.387099,28.264123],[-105.387327,28.26402],[-105.387337,28.264967],[-105.387331,28.266224],[-105.387343,28.266966]]]}},{"type":"Feature","properties":{"modulo":3,"idparcela":"1540","productor":"AGRICOLA PINO SOLO, SPR DE RL","cultivo":"Alfalfa","superficie_fisica_ha":10.95,"superficie_riego_ha":10.95,"hectareas":11.35},"geometry":{"type":"Polygon","coordinates":[[[-105.392335,28.263367],[-105.392285,28.263395],[-105.390872,28.263424],[-105.389964,28.263439],[-105.389925,28.259047],[-105.391189,28.259046],[-105.392239,28.259033],[-105.392299,28.259122],[-105.392329,28.259397],[-105.392345,28.25996],[-105.392341,28.260953],[-105.392352,28.262499],[-105.392335,28.263367]]]}},{"type":"Feature","properties":{"modulo":3,"idparcela":"1541","productor":"AGRICOLA PINO SOLO, SPR DE RL","cultivo":"Alfalfa","superficie_fisica_ha":11.3,"superficie_riego_ha":11.3,"hectareas":11.507},"geometry":{"type":"Polygon","coordinates":[[[-105.389964,28.263439],[-105.388712,28.26346],[-105.388288,28.263469],[-105.387994,28.263635],[-105.387859,28.263695],[-105.38762,28.263796],[-105.387515,28.263646],[-105.387403,28.263604],[-105.387423,28.262441],[-105.387416,28.260448],[-105.38739,28.260255],[-105.387472,28.260143],[-105.387776,28.259788],[-105.388042,28.259541],[-105.388299,28.259339],[-105.388727,28.259115],[-105.388978,28.259038],[-105.389856,28.259047],[-105.389925,28.259047],[-105.389964,28.263439]]]}},{"type":"Feature","properties":{"modulo":3,"idparcela":"1543","productor":"AGRICOLA PINO SOLO, SPR DE RL","cultivo":"Alfalfa","superficie_fisica_ha":9.1,"superficie_riego_ha":9.1,"hectareas":6.955},"geometry":{"type":"Polygon","coordinates":[[[-105.387232,28.26393],[-105.385918,28.2646],[-105.385913,28.264584],[-105.385773,28.264167],[-105.385629,28.263782],[-105.385522,28.263445],[-105.38549,28.26336],[-105.38536,28.263265],[-105.385174,28.263151],[-105.385013,28.263052],[-105.384902,28.262984],[-105.38484,28.262926],[-105.384851,28.262657],[-105.384903,28.261881],[-105.384906,28.261751],[-105.384903,28.261633],[-105.38498,28.261552],[-105.384988,28.261542],[-105.385184,28.261476],[-105.385462,28.261416],[-105.385815,28.261309],[-105.386184,28.261144],[-105.386471,28.261022],[-105.386757,28.260867],[-105.387196,28.260494],[-105.387184,28.261446],[-105.387182,28.262076],[-105.387167,28.262192],[-105.387141,28.262292],[-105.387162,28.262366],[-105.387211,28.262465],[-105.387212,28.262854],[-105.387216,28.263359],[-105.387232,28.26393]]]}},{"type":"Feature","properties":{"modulo":3,"idparcela":"1544","productor":"SOLTERO DELGADO JOSE LUIS","cultivo":"Cebolla","superficie_fisica_ha":8.54,"superficie_riego_ha":8.54,"hectareas":10.198},"geometry":{"type":"Polygon","coordinates":[[[-105.385918,28.2646],[-105.38577,28.264663],[-105.385565,28.264736],[-105.385254,28.264735],[-105.385167,28.264706],[-105.385018,28.264625],[-105.38479,28.264477],[-105.384728,28.264425],[-105.384658,28.26438],[-105.38435,28.264337],[-105.383954,28.264253],[-105.383454,28.264157],[-105.383156,28.264068],[-105.38301,28.264063],[-105.382767,28.264038],[-105.382567,28.264019],[-105.38247,28.264014],[-105.382351,28.263955],[-105.382339,28.263895],[-105.382354,28.263262],[-105.382341,28.262772],[-105.382318,28.262218],[-105.382306,28.26161],[-105.3823,28.26109],[-105.382319,28.260181],[-105.382329,28.260205],[-105.382892,28.260604],[-105.383217,28.260819],[-105.383348,28.260885],[-105.383496,28.260943],[-105.383661,28.260993],[-105.383936,28.26116],[-105.384124,28.261277],[-105.384267,28.261378],[-105.384399,28.261482],[-105.384574,28.261587],[-105.384722,28.261598],[-105.384885,28.261571],[-105.38498,28.261552],[-105.384903,28.261633],[-105.384906,28.261751],[-105.384903,28.261881],[-105.384851,28.262657],[-105.38484,28.262926],[-105.384902,28.262984],[-105.385013,28.263052],[-105.385174,28.263151],[-105.38536,28.263265],[-105.38549,28.26336],[-105.385522,28.263445],[-105.385629,28.263782],[-105.385773,28.264167],[-105.385918,28.2646]]]}},{"type":"Feature","properties":{"modulo":3,"idparcela":"1571","productor":"SOLTERO DELGADO JOSE LUIS","cultivo":"Cebolla","superficie_fisica_ha":15.5,"superficie_riego_ha":15.5,"hectareas":14.906},"geometry":{"type":"Polygon","coordinates":[[[-105.387408,28.260044],[-105.387012,28.26048],[-105.386828,28.260664],[-105.386415,28.260924],[-105.386188,28.261013],[-105.385921,28.261138],[-105.385572,28.261265],[-105.38517,28.261393],[-105.384902,28.261471],[-105.384659,28.261512],[-105.384577,28.261477],[-105.384426,28.261385],[-105.384232,28.261221],[-105.383985,28.261071],[-105.383697,28.260933],[-105.383328,28.260773],[-105.382923,28.26052],[-105.382556,28.26025],[-105.382309,28.260056],[-105.382316,28.259423],[-105.382321,28.258236],[-105.383031,28.258227],[-105.383625,28.258228],[-105.384179,28.258205],[-105.384855,28.258214],[-105.385653,28.25821],[-105.386248,28.258209],[-105.387444,28.258236],[-105.387408,28.260044]]]}},{"type":"Feature","properties":{"modulo":3,"idparcela":"1537","productor":"AGRICOLA PINO SOLO, SPR DE RL","cultivo":"Alfalfa","superficie_fisica_ha":16.25,"superficie_riego_ha":15.85,"hectareas":15.468},"geometry":{"type":"Polygon","coordinates":[[[-105.392259,28.258922],[-105.390636,28.258944],[-105.389608,28.258929],[-105.388892,28.258944],[-105.388637,28.259021],[-105.388277,28.259221],[-105.387932,28.259467],[-105.387408,28.260044],[-105.387444,28.258236],[-105.387438,28.257246],[-105.387441,28.256457],[-105.38768,28.256634],[-105.388219,28.257042],[-105.388422,28.25705],[-105.388515,28.257],[-105.388902,28.256801],[-105.389316,28.2566],[-105.389883,28.256463],[-105.390107,28.256356],[-105.390267,28.256245],[-105.39057,28.255939],[-105.39095,28.255512],[-105.391214,28.255255],[-105.391398,28.255072],[-105.391585,28.25496],[-105.391892,28.254834],[-105.39228,28.254646],[-105.392287,28.255436],[-105.392292,28.256119],[-105.3923,28.256921],[-105.392261,28.258],[-105.392259,28.258922]]]}},{"type":"Feature","properties":{"modulo":3,"idparcela":"1570","productor":"SOLTERO DELGADO JOSE LUIS","cultivo":"Chile verde","superficie_fisica_ha":13.35,"superficie_riego_ha":13.35,"hectareas":12.544},"geometry":{"type":"Polygon","coordinates":[[[-105.387272,28.258068],[-105.387268,28.258089],[-105.385269,28.258124],[-105.382305,28.258113],[-105.382307,28.25697],[-105.382283,28.255463],[-105.382299,28.254559],[-105.382378,28.25459],[-105.382627,28.254788],[-105.382976,28.255176],[-105.383265,28.255362],[-105.383893,28.255612],[-105.384548,28.255826],[-105.385417,28.255939],[-105.386851,28.256299],[-105.386906,28.256554],[-105.386975,28.256758],[-105.387136,28.257054],[-105.387252,28.257193],[-105.387272,28.258068]]]}},{"type":"Feature","properties":{"modulo":3,"idparcela":"1573","productor":"INDUSTRIAL AGROPECUARIA DURHSA, S.A. DE","cultivo":"Triticale","superficie_fisica_ha":9.8,"superficie_riego_ha":9.8,"hectareas":9.25},"geometry":{"type":"Polygon","coordinates":[[[-105.37797,28.256905],[-105.377744,28.256762],[-105.377427,28.256504],[-105.377366,28.256383],[-105.377337,28.25484],[-105.377354,28.254616],[-105.377357,28.254477],[-105.377502,28.254474],[-105.377797,28.254454],[-105.379421,28.254448],[-105.380436,28.25444],[-105.382061,28.254393],[-105.38215,28.254406],[-105.382163,28.255387],[-105.37797,28.256905]]]}},{"type":"Feature","properties":{"modulo":3,"idparcela":"1574","productor":"VITOLAS ZUBIA GILBERTO","cultivo":"Chile verde","superficie_fisica_ha":9.45,"superficie_riego_ha":9.45,"hectareas":9.061},"geometry":{"type":"Polygon","coordinates":[[[-105.379799,28.25866],[-105.379847,28.258393],[-105.379834,28.258216],[-105.37973,28.258102],[-105.37958,28.258008],[-105.379117,28.257677],[-105.378543,28.257212],[-105.37797,28.256905],[-105.382163,28.255387],[-105.382168,28.256121],[-105.382159,28.257513],[-105.382155,28.258641],[-105.382154,28.258631],[-105.380852,28.258647],[-105.379799,28.25866]]]}},{"type":"Feature","properties":{"modulo":3,"idparcela":"1532","productor":"AGRICOLA PINO SOLO, SPR DE RL","cultivo":"Alfalfa","superficie_fisica_ha":14.55,"superficie_riego_ha":14.2,"hectareas":14.989},"geometry":{"type":"Polygon","coordinates":[[[-105.387306,28.256218],[-105.387306,28.253993],[-105.387306,28.253821],[-105.387288,28.253744],[-105.387281,28.251974],[-105.387279,28.251821],[-105.387199,28.250012],[-105.387252,28.249785],[-105.387401,28.249744],[-105.38765,28.249777],[-105.387825,28.249868],[-105.388119,28.249909],[-105.388436,28.249831],[-105.388624,28.249829],[-105.388884,28.249955],[-105.389027,28.250054],[-105.38916,28.250087],[-105.389415,28.250152],[-105.389405,28.250282],[-105.389416,28.250705],[-105.389399,28.253048],[-105.389374,28.253803],[-105.389348,28.254614],[-105.389176,28.254653],[-105.389031,28.254703],[-105.389133,28.255054],[-105.389351,28.255238],[-105.389328,28.25638],[-105.388829,28.256591],[-105.38837,28.256824],[-105.38821,28.256816],[-105.388006,28.256655],[-105.387597,28.256275],[-105.387436,28.256208],[-105.387306,28.256218]]]}},{"type":"Feature","properties":{"modulo":3,"idparcela":"1531","productor":"ALDERETE CHAVARRIA TOMAS","cultivo":"Alfalfa","superficie_fisica_ha":4.85,"superficie_riego_ha":4.85,"hectareas":4.948},"geometry":{"type":"Polygon","coordinates":[[[-105.385305,28.253764],[-105.385344,28.25579],[-105.384524,28.255669],[-105.38392,28.255458],[-105.383276,28.255236],[-105.383017,28.254982],[-105.382661,28.254589],[-105.382497,28.25444],[-105.38231,28.254385],[-105.382303,28.25381],[-105.385305,28.253764]]]}},{"type":"Feature","properties":{"modulo":3,"idparcela":"1528","productor":"RODRIGUEZ GUEVARA VICTORIANO","cultivo":"Alfalfa","superficie_fisica_ha":10.5,"superficie_riego_ha":10.5,"hectareas":10.624},"geometry":{"type":"Polygon","coordinates":[[[-105.387199,28.250012],[-105.387279,28.251821],[-105.387281,28.251974],[-105.386061,28.252],[-105.38431,28.25213],[-105.382677,28.252197],[-105.382636,28.252154],[-105.382397,28.252159],[-105.382288,28.252067],[-105.382287,28.25202],[-105.382283,28.251396],[-105.382324,28.250085],[-105.383697,28.250072],[-105.383699,28.250154],[-105.383771,28.250353],[-105.383852,28.25041],[-105.384051,28.250406],[-105.384198,28.250402],[-105.384275,28.25033],[-105.384269,28.250083],[-105.384331,28.250094],[-105.3853,28.250074],[-105.387072,28.250024],[-105.387199,28.250012]]]}},{"type":"Feature","properties":{"modulo":3,"idparcela":"1529","productor":"ALDERETE CHAVARRIA TOMAS","cultivo":"Alfalfa","superficie_fisica_ha":9.6,"superficie_riego_ha":9.6,"hectareas":8.959},"geometry":{"type":"Polygon","coordinates":[[[-105.387281,28.251974],[-105.387288,28.253744],[-105.385305,28.253764],[-105.382303,28.25381],[-105.382288,28.252561],[-105.382341,28.25256],[-105.382607,28.252566],[-105.382685,28.252506],[-105.382677,28.252197],[-105.38431,28.25213],[-105.386061,28.252],[-105.387281,28.251974]]]}},{"type":"Feature","properties":{"modulo":3,"idparcela":"1534","productor":"ALDERETE CHAVARRIA TOMAS","cultivo":"Chile verde","superficie_fisica_ha":11.05,"superficie_riego_ha":10.618,"hectareas":11.689},"geometry":{"type":"Polygon","coordinates":[[[-105.392471,28.250671],[-105.392966,28.250716],[-105.393515,28.250818],[-105.393689,28.2509],[-105.394071,28.25113],[-105.394511,28.251402],[-105.395031,28.251775],[-105.39582,28.252422],[-105.395619,28.252926],[-105.395333,28.253633],[-105.394941,28.254892],[-105.394929,28.255024],[-105.394997,28.25531],[-105.39522,28.255852],[-105.395249,28.255917],[-105.395112,28.255877],[-105.394972,28.255773],[-105.394452,28.255272],[-105.394229,28.254992],[-105.393912,28.254777],[-105.39334,28.254506],[-105.392984,28.254407],[-105.392749,28.254408],[-105.392466,28.254396],[-105.39246,28.253011],[-105.392484,28.251388],[-105.392471,28.250671]]]}},{"type":"Feature","properties":{"modulo":3,"idparcela":"1595","productor":"CUETO RODRIGUEZ JOSE ROBERTO","cultivo":"Chile verde","superficie_fisica_ha":7.272,"superficie_riego_ha":7.272,"hectareas":3.714},"geometry":{"type":"Polygon","coordinates":[[[-105.3945,28.249519],[-105.39451,28.249526],[-105.394638,28.249524],[-105.396239,28.251366],[-105.395955,28.252106],[-105.395859,28.252287],[-105.395812,28.252425],[-105.395023,28.251778],[-105.394503,28.251406],[-105.394063,28.251133],[-105.393681,28.250903],[-105.3945,28.249519]]]}},{"type":"Feature","properties":{"modulo":3,"idparcela":"1594","productor":"ARMENDARIZ VEGA VICENTE","cultivo":"Ma­z","superficie_fisica_ha":10.75,"superficie_riego_ha":10.25,"hectareas":10.328},"geometry":{"type":"Polygon","coordinates":[[[-105.393689,28.2509],[-105.393515,28.250818],[-105.392966,28.250716],[-105.392471,28.250671],[-105.392482,28.248935],[-105.392505,28.246016],[-105.392711,28.246173],[-105.392941,28.246455],[-105.393309,28.246608],[-105.393735,28.24656],[-105.394311,28.246772],[-105.394609,28.24685],[-105.394885,28.246951],[-105.395162,28.247107],[-105.39568,28.24742],[-105.39543,28.247864],[-105.395422,28.247877],[-105.395219,28.248237],[-105.39474,28.249089],[-105.394687,28.249185],[-105.394643,28.249093],[-105.394436,28.248884],[-105.393762,28.248294],[-105.393739,28.248344],[-105.393789,28.248428],[-105.394531,28.249124],[-105.394599,28.249272],[-105.394503,28.249281],[-105.394448,28.249339],[-105.394419,28.249447],[-105.394508,28.249515],[-105.393689,28.2509]]]}},{"type":"Feature","properties":{"modulo":3,"idparcela":"1539","productor":"AGRICOLA PINO SOLO, SPR DE RL","cultivo":"Alfalfa","superficie_fisica_ha":8.8,"superficie_riego_ha":8.8,"hectareas":8.451},"geometry":{"type":"Polygon","coordinates":[[[-105.389163,28.24995],[-105.389049,28.249926],[-105.388833,28.249786],[-105.388619,28.249692],[-105.388494,28.249705],[-105.388333,28.249731],[-105.388047,28.249781],[-105.38791,28.249773],[-105.387657,28.249656],[-105.387469,28.249627],[-105.387319,28.249597],[-105.387293,28.249576],[-105.38729,28.248526],[-105.38731,28.245522],[-105.387417,28.245518],[-105.388395,28.245488],[-105.389116,28.2455],[-105.389163,28.24995]]]}},{"type":"Feature","properties":{"modulo":3,"idparcela":"1593","productor":"DELGADO PORRAS LUIS","cultivo":"Alfalfa","superficie_fisica_ha":8.75,"superficie_riego_ha":8.75,"hectareas":8.34},"geometry":{"type":"Polygon","coordinates":[[[-105.390714,28.250446],[-105.390329,28.250219],[-105.390014,28.250104],[-105.389563,28.250036],[-105.389163,28.24995],[-105.389116,28.2455],[-105.390808,28.245466],[-105.390809,28.245713],[-105.390814,28.246873],[-105.390788,28.249182],[-105.390714,28.250446]]]}},{"type":"Feature","properties":{"modulo":3,"idparcela":"1592","productor":"RODRIGUEZ GUEVARA VICTORIANO","cultivo":"Alfalfa","superficie_fisica_ha":8.85,"superficie_riego_ha":8.85,"hectareas":7.743},"geometry":{"type":"Polygon","coordinates":[[[-105.391031,28.245478],[-105.391799,28.245461],[-105.39236,28.245496],[-105.392363,28.245582],[-105.39232,28.246764],[-105.39232,28.249015],[-105.392064,28.248393],[-105.391846,28.247691],[-105.391648,28.247287],[-105.391285,28.246322],[-105.391013,28.245466],[-105.391031,28.245478]],[[-105.392296,28.250531],[-105.392281,28.250619],[-105.391228,28.250697],[-105.39109,28.250667],[-105.390714,28.250446],[-105.390788,28.249182],[-105.390814,28.246873],[-105.390809,28.245713],[-105.39118,28.246578],[-105.391634,28.247718],[-105.39198,28.248495],[-105.392101,28.248922],[-105.392263,28.249306],[-105.392296,28.250531]]]}},{"type":"Feature","properties":{"modulo":3,"idparcela":"1526","productor":"RODRIGUEZ GUEVARA VICTORIANO","cultivo":"Alfalfa","superficie_fisica_ha":10.65,"superficie_riego_ha":10.65,"hectareas":10.405},"geometry":{"type":"Polygon","coordinates":[[[-105.387135,28.2497],[-105.387106,28.249805],[-105.387029,28.249935],[-105.386891,28.249938],[-105.384911,28.249979],[-105.384914,28.248175],[-105.384881,28.245754],[-105.384957,28.245928],[-105.3852,28.245915],[-105.385345,28.245764],[-105.385417,28.245587],[-105.385678,28.245578],[-105.386751,28.245589],[-105.38712,28.245592],[-105.387128,28.245713],[-105.387139,28.246575],[-105.387145,28.247756],[-105.387131,28.24864],[-105.387135,28.2497]]]}},{"type":"Feature","properties":{"modulo":3,"idparcela":"1527","productor":"RODRIGUEZ GUEVARA VICTORIANO","cultivo":"Alfalfa","superficie_fisica_ha":10.9,"superficie_riego_ha":10.9,"hectareas":11.031},"geometry":{"type":"Polygon","coordinates":[[[-105.384911,28.249979],[-105.384872,28.24998],[-105.382298,28.249994],[-105.382294,28.249873],[-105.382289,28.249549],[-105.382291,28.248631],[-105.382283,28.247676],[-105.382281,28.246591],[-105.382296,28.245516],[-105.383046,28.246028],[-105.383041,28.246172],[-105.38303,28.246292],[-105.382934,28.246398],[-105.382864,28.246499],[-105.38283,28.24658],[-105.382828,28.246664],[-105.38288,28.246849],[-105.382967,28.24676],[-105.383028,28.246687],[-105.383099,28.246638],[-105.38316,28.246573],[-105.383276,28.246531],[-105.383356,28.246493],[-105.383405,28.24641],[-105.383402,28.246288],[-105.38355,28.246252],[-105.384048,28.246205],[-105.38435,28.246079],[-105.384597,28.245915],[-105.384792,28.245823],[-105.384881,28.245754],[-105.384914,28.248175],[-105.384911,28.249979]]]}},{"type":"Feature","properties":{"modulo":3,"idparcela":"1566","productor":"SOLTERO DELGADO JOSE LUIS","cultivo":"Chile verde","superficie_fisica_ha":12.73,"superficie_riego_ha":12.73,"hectareas":11.259},"geometry":{"type":"Polygon","coordinates":[[[-105.382102,28.247686],[-105.379808,28.247639],[-105.377594,28.247656],[-105.377509,28.247572],[-105.377253,28.247204],[-105.377034,28.246719],[-105.376916,28.246423],[-105.376857,28.246194],[-105.376777,28.245941],[-105.376739,28.245822],[-105.376655,28.245526],[-105.378557,28.245516],[-105.381361,28.245535],[-105.38137,28.245923],[-105.381385,28.246023],[-105.381383,28.246103],[-105.382084,28.246095],[-105.382109,28.246873],[-105.382102,28.247686]]]}},{"type":"Feature","properties":{"modulo":3,"idparcela":"1567","productor":"VASQUEZ LARA RICARDO","cultivo":"Chile verde","superficie_fisica_ha":10.58,"superficie_riego_ha":10.58,"hectareas":10.224},"geometry":{"type":"Polygon","coordinates":[[[-105.377594,28.247656],[-105.379808,28.247639],[-105.382102,28.247686],[-105.382108,28.248527],[-105.382129,28.249338],[-105.382117,28.249886],[-105.380195,28.249913],[-105.377646,28.249914],[-105.37759,28.249778],[-105.377872,28.249504],[-105.378108,28.249297],[-105.378208,28.249154],[-105.378205,28.249038],[-105.378158,28.248894],[-105.378026,28.248559],[-105.377808,28.248009],[-105.377594,28.247656]]]}},{"type":"Feature","properties":{"modulo":3,"idparcela":"1564","productor":"ARMENDARIZ CARLOS EFRAIN","cultivo":"Alfalfa","superficie_fisica_ha":18.95,"superficie_riego_ha":18.95,"hectareas":17.712},"geometry":{"type":"Polygon","coordinates":[[[-105.375282,28.243061],[-105.375068,28.242862],[-105.374853,28.242605],[-105.374624,28.242296],[-105.374445,28.241915],[-105.374349,28.241626],[-105.374106,28.241292],[-105.373913,28.240938],[-105.373987,28.240936],[-105.375947,28.240943],[-105.377316,28.240944],[-105.378378,28.240941],[-105.379319,28.240922],[-105.380621,28.240914],[-105.381831,28.240956],[-105.382121,28.240966],[-105.382136,28.241037],[-105.382161,28.242384],[-105.382183,28.243117],[-105.3812,28.243123],[-105.378352,28.243068],[-105.376448,28.243042],[-105.375282,28.243061]]]}},{"type":"Feature","properties":{"modulo":3,"idparcela":"1565","productor":"ARMENDARIZ CARLOS EFRAIN","cultivo":"Alfalfa","superficie_fisica_ha":15.6,"superficie_riego_ha":15.6,"hectareas":15.25},"geometry":{"type":"Polygon","coordinates":[[[-105.382219,28.245399],[-105.379372,28.24539],[-105.376733,28.245368],[-105.376601,28.245376],[-105.376459,28.245354],[-105.376285,28.244999],[-105.376145,28.244662],[-105.375738,28.243769],[-105.375404,28.243175],[-105.375282,28.243061],[-105.376448,28.243042],[-105.378352,28.243068],[-105.3812,28.243123],[-105.382183,28.243117],[-105.382195,28.243496],[-105.382189,28.243513],[-105.382163,28.243519],[-105.381928,28.243524],[-105.38183,28.243555],[-105.381812,28.243672],[-105.381839,28.244292],[-105.38193,28.244425],[-105.382143,28.244615],[-105.382204,28.244827],[-105.382219,28.245399]]]}},{"type":"Feature","properties":{"modulo":3,"idparcela":"1524","productor":"AGRICOLA PINO SOLO, SPR DE RL","cultivo":"Alfalfa","superficie_fisica_ha":11.55,"superficie_riego_ha":11.55,"hectareas":11.019},"geometry":{"type":"Polygon","coordinates":[[[-105.387109,28.242757],[-105.385715,28.243018],[-105.384479,28.24326],[-105.383467,28.243498],[-105.382289,28.243699],[-105.382294,28.243441],[-105.382295,28.242332],[-105.382297,28.241258],[-105.382301,28.241097],[-105.382476,28.241083],[-105.382864,28.241111],[-105.383475,28.241117],[-105.384504,28.241122],[-105.385548,28.241106],[-105.386228,28.241101],[-105.387083,28.241092],[-105.387067,28.241265],[-105.387094,28.242006],[-105.387109,28.242757]]]}},{"type":"Feature","properties":{"modulo":3,"idparcela":"1525","productor":"MERCADO AVILA VICTOR MANUEL","cultivo":"Alfalfa","superficie_fisica_ha":12.3,"superficie_riego_ha":12.3,"hectareas":12.818},"geometry":{"type":"Polygon","coordinates":[[[-105.382289,28.243699],[-105.383467,28.243498],[-105.384479,28.24326],[-105.385715,28.243018],[-105.387109,28.242757],[-105.387121,28.243404],[-105.387127,28.244405],[-105.387125,28.245469],[-105.385486,28.245476],[-105.38513,28.245529],[-105.384888,28.245606],[-105.384637,28.245738],[-105.384316,28.245925],[-105.384185,28.245973],[-105.383953,28.246077],[-105.383749,28.246123],[-105.383726,28.245973],[-105.383704,28.245892],[-105.38361,28.245822],[-105.383499,28.245861],[-105.38343,28.245925],[-105.383332,28.24609],[-105.382846,28.245802],[-105.382337,28.245434],[-105.3823,28.244812],[-105.382282,28.244127],[-105.382289,28.243699]]]}},{"type":"Feature","properties":{"modulo":3,"idparcela":"1569","productor":"PI¥ON ALDERETE PEDRO","cultivo":"Alfalfa","superficie_fisica_ha":12.2,"superficie_riego_ha":12.2,"hectareas":11.048},"geometry":{"type":"Polygon","coordinates":[[[-105.382165,28.254194],[-105.382179,28.25427],[-105.379417,28.254335],[-105.377388,28.254368],[-105.377338,28.254359],[-105.377302,28.253942],[-105.377272,28.253306],[-105.37726,28.252824],[-105.377277,28.25256],[-105.377271,28.2522],[-105.37733,28.252211],[-105.379861,28.252191],[-105.381371,28.252185],[-105.381448,28.252342],[-105.381565,28.25243],[-105.381696,28.252452],[-105.38208,28.252436],[-105.382167,28.2525],[-105.382156,28.253156],[-105.382165,28.254194]]]}},{"type":"Feature","properties":{"modulo":3,"idparcela":"1568","productor":"CHAVEZ LERMA JORGE ALBERTO","cultivo":"Alfalfa","superficie_fisica_ha":12,"superficie_riego_ha":10.95,"hectareas":10.648},"geometry":{"type":"Polygon","coordinates":[[[-105.382142,28.251936],[-105.382062,28.252079],[-105.377525,28.252124],[-105.377278,28.25211],[-105.377283,28.252066],[-105.377275,28.251763],[-105.377257,28.250817],[-105.377257,28.250246],[-105.377259,28.250024],[-105.377375,28.250002],[-105.378521,28.250007],[-105.378861,28.250211],[-105.379116,28.250248],[-105.37996,28.250245],[-105.380181,28.250198],[-105.380396,28.250028],[-105.382154,28.250025],[-105.382147,28.250061],[-105.382156,28.250241],[-105.382154,28.250748],[-105.382142,28.251936]]]}},{"type":"Feature","properties":{"modulo":3,"idparcela":"1506","productor":"BERMUDEZ QUI¥ONEZ ROGELIO ARMAN","cultivo":"Sin Cultivo","superficie_fisica_ha":12.8,"superficie_riego_ha":9.792,"hectareas":10.606},"geometry":{"type":"Polygon","coordinates":[[[-105.383459,28.278539],[-105.384256,28.278473],[-105.385125,28.278492],[-105.386995,28.278568],[-105.389171,28.278657],[-105.389276,28.278821],[-105.389588,28.279064],[-105.389863,28.279266],[-105.390201,28.279602],[-105.390319,28.279829],[-105.390337,28.280203],[-105.390246,28.280451],[-105.390272,28.280565],[-105.390381,28.280687],[-105.390445,28.280893],[-105.390462,28.281069],[-105.390303,28.281096],[-105.390107,28.281015],[-105.389928,28.280864],[-105.389819,28.280709],[-105.389711,28.280608],[-105.389523,28.28058],[-105.389438,28.280499],[-105.389331,28.280418],[-105.389222,28.280296],[-105.389138,28.280226],[-105.388973,28.280208],[-105.388718,28.280177],[-105.388466,28.280094],[-105.388197,28.2801],[-105.387716,28.280089],[-105.386902,28.280095],[-105.386204,28.2801],[-105.385777,28.280075],[-105.385217,28.280147],[-105.384771,28.280156],[-105.384555,28.280032],[-105.384353,28.279753],[-105.384252,28.279601],[-105.384101,28.279398],[-105.383932,28.279221],[-105.383751,28.278976],[-105.383459,28.278539]]]}},{"type":"Feature","properties":{"modulo":3,"idparcela":"1505","productor":"REYES MORALES JOSE RAMIRO","cultivo":"Sin Cultivo","superficie_fisica_ha":6.7,"superficie_riego_ha":5.7,"hectareas":5.971},"geometry":{"type":"Polygon","coordinates":[[[-105.385452,28.277386],[-105.387081,28.277394],[-105.388941,28.277405],[-105.389112,28.27741],[-105.389106,28.277466],[-105.389094,28.277783],[-105.389119,28.278025],[-105.389115,28.27821],[-105.389087,28.278322],[-105.388853,28.278325],[-105.388581,28.278303],[-105.388293,28.278261],[-105.388055,28.278239],[-105.387812,28.278213],[-105.387675,28.278184],[-105.387492,28.278174],[-105.387247,28.278105],[-105.387085,28.278092],[-105.386854,28.278099],[-105.386753,28.278073],[-105.386512,28.27802],[-105.38634,28.278034],[-105.38614,28.277977],[-105.385881,28.277947],[-105.385677,28.277876],[-105.385522,28.277866],[-105.385242,28.277851],[-105.385137,28.277874],[-105.38501,28.277862],[-105.384838,28.277811],[-105.38465,28.277782],[-105.384364,28.27778],[-105.384086,28.277733],[-105.383874,28.277735],[-105.38371,28.277711],[-105.383647,28.277622],[-105.383646,28.277437],[-105.383891,28.27742],[-105.385452,28.277386]],[[-105.385125,28.278492],[-105.384256,28.278473],[-105.383459,28.278539],[-105.383399,28.278417],[-105.383453,28.278347],[-105.38354,28.278225],[-105.383559,28.278048],[-105.383562,28.277975],[-105.383646,28.277918],[-105.383762,28.277889],[-105.384041,28.277896],[-105.384299,28.27796],[-105.384499,28.277928],[-105.384647,28.277946],[-105.384795,28.277943],[-105.384936,28.278022],[-105.3851,28.278046],[-105.385371,28.278027],[-105.385565,28.278029],[-105.385659,28.278075],[-105.385783,28.278087],[-105.385925,28.278145],[-105.386018,28.278171],[-105.386181,28.278168],[-105.38626,28.278235],[-105.386424,28.278265],[-105.386562,28.278215],[-105.386858,28.278243],[-105.38709,28.278238],[-105.387472,28.278305],[-105.387635,28.278295],[-105.387737,28.278341],[-105.387892,28.278345],[-105.387986,28.278377],[-105.388087,28.278375],[-105.388164,28.27836],[-105.388265,28.278371],[-105.388414,28.278423],[-105.388539,28.278448],[-105.388685,28.278404],[-105.388872,28.278434],[-105.389006,28.278406],[-105.389098,28.278435],[-105.389127,28.278492],[-105.389171,28.278657],[-105.386995,28.278568],[-105.385125,28.278492]]]}},{"type":"Feature","properties":{"modulo":3,"idparcela":"1490","productor":"REYES GARCIA REFUGIO","cultivo":"Alfalfa","superficie_fisica_ha":8.25,"superficie_riego_ha":8.25,"hectareas":7.77},"geometry":{"type":"Polygon","coordinates":[[[-105.383398,28.276009],[-105.385718,28.276023],[-105.385841,28.276058],[-105.386013,28.276055],[-105.387736,28.276049],[-105.389117,28.276026],[-105.389115,28.27674],[-105.389141,28.277198],[-105.389123,28.27731],[-105.386985,28.277302],[-105.385603,28.277314],[-105.383636,28.27732],[-105.383593,28.277023],[-105.383513,28.276894],[-105.383398,28.276009]]]}},{"type":"Feature","properties":{"modulo":3,"idparcela":"1489","productor":"COLORINES DE SAN DIEGO SPR DE RL","cultivo":"Nogal (Nuez)","superficie_fisica_ha":9.6,"superficie_riego_ha":9.6,"hectareas":9.557},"geometry":{"type":"Polygon","coordinates":[[[-105.389117,28.276026],[-105.387736,28.276049],[-105.386013,28.276055],[-105.385841,28.276058],[-105.385718,28.276023],[-105.383398,28.276009],[-105.383332,28.275372],[-105.383342,28.274956],[-105.383381,28.274958],[-105.383422,28.274856],[-105.383403,28.274503],[-105.383376,28.274397],[-105.385147,28.274406],[-105.387144,28.274394],[-105.388316,28.274381],[-105.388509,28.274761],[-105.388734,28.275182],[-105.388978,28.275558],[-105.389101,28.275698],[-105.389117,28.276026]]]}},{"type":"Feature","properties":{"modulo":3,"idparcela":"1488","productor":"VASQUEZ SALAS JAIME","cultivo":"Chile verde","superficie_fisica_ha":9.65,"superficie_riego_ha":9.65,"hectareas":9.675},"geometry":{"type":"Polygon","coordinates":[[[-105.383257,28.274393],[-105.383129,28.273267],[-105.382998,28.272581],[-105.384896,28.272579],[-105.387536,28.272533],[-105.387814,28.272876],[-105.388006,28.273246],[-105.388172,28.27398],[-105.388316,28.274381],[-105.387144,28.274394],[-105.385147,28.274406],[-105.383376,28.274397],[-105.383257,28.274393]]]}},{"type":"Feature","properties":{"modulo":3,"idparcela":"1492","productor":"SOLIS CAZARES JAVIER","cultivo":"Alfalfa","superficie_fisica_ha":9.8,"superficie_riego_ha":9.8,"hectareas":10.024},"geometry":{"type":"Polygon","coordinates":[[[-105.382998,28.272581],[-105.382995,28.272451],[-105.382723,28.271724],[-105.382363,28.270807],[-105.382384,28.270553],[-105.385024,28.270483],[-105.387006,28.270437],[-105.387012,28.270513],[-105.387056,28.271001],[-105.387053,28.27169],[-105.38715,28.272159],[-105.387536,28.272533],[-105.384896,28.272579],[-105.382998,28.272581]]]}},{"type":"Feature","properties":{"modulo":3,"idparcela":"1491","productor":"VITOLAS ZUBIA GILBERTO","cultivo":"Alfalfa","superficie_fisica_ha":9.4,"superficie_riego_ha":9.4,"hectareas":9.615},"geometry":{"type":"Polygon","coordinates":[[[-105.382384,28.270553],[-105.38236,28.270193],[-105.382365,28.268524],[-105.382502,28.268347],[-105.382724,28.268141],[-105.383123,28.268109],[-105.384638,28.268115],[-105.384838,28.268329],[-105.38505,28.268508],[-105.385346,28.268764],[-105.385564,28.268924],[-105.386014,28.269],[-105.386461,28.269196],[-105.386599,28.269367],[-105.386764,28.269713],[-105.387006,28.270437],[-105.385024,28.270483],[-105.382384,28.270553]]]}},{"type":"Feature","properties":{"modulo":3,"idparcela":"1520","productor":"FACIO VALENZUELA ALEJANDRO","cultivo":"Sin Cultivo","superficie_fisica_ha":11.15,"superficie_riego_ha":11.15,"hectareas":10.858},"geometry":{"type":"Polygon","coordinates":[[[-105.387079,28.240937],[-105.38508,28.240933],[-105.385065,28.237249],[-105.385093,28.236755],[-105.385102,28.236336],[-105.386844,28.235654],[-105.3871,28.235555],[-105.387093,28.235672],[-105.387081,28.240774],[-105.387079,28.240937]]]}},{"type":"Feature","properties":{"modulo":3,"idparcela":"1522","productor":"GONZALEZ ORNELAS JESUS","cultivo":"Alfalfa","superficie_fisica_ha":9.4938,"superficie_riego_ha":9.4938,"hectareas":9.447},"geometry":{"type":"Polygon","coordinates":[[[-105.382283,28.238365],[-105.385065,28.237249],[-105.38508,28.240933],[-105.383313,28.240953],[-105.38231,28.240936],[-105.382283,28.238365]]]}},{"type":"Feature","properties":{"modulo":3,"idparcela":"1559","productor":"REYES HERNANDEZ MARIANO","cultivo":"Sin Cultivo","superficie_fisica_ha":9.75,"superficie_riego_ha":9.65,"hectareas":10.27},"geometry":{"type":"Polygon","coordinates":[[[-105.379838,28.238197],[-105.380879,28.239158],[-105.380861,28.239164],[-105.380822,28.24084],[-105.376261,28.240842],[-105.375639,28.239844],[-105.376673,28.239443],[-105.378094,28.238903],[-105.379838,28.238197]]]}},{"type":"Feature","properties":{"modulo":3,"idparcela":"1557","productor":"LIMAS MUNOZ ESPERANZA","cultivo":"Cebolla","superficie_fisica_ha":3.25,"superficie_riego_ha":2.4188,"hectareas":3.237},"geometry":{"type":"Polygon","coordinates":[[[-105.377505,28.237607],[-105.378654,28.23733],[-105.380552,28.236798],[-105.380583,28.236864],[-105.380868,28.236835],[-105.381073,28.236756],[-105.381215,28.236735],[-105.381447,28.236891],[-105.381824,28.237182],[-105.381815,28.237309],[-105.380467,28.237836],[-105.379595,28.238161],[-105.377505,28.237607]]]}},{"type":"Feature","properties":{"modulo":3,"idparcela":"1481","productor":"ALDERETE CHAVARRIA TOMAS","cultivo":"Chile verde","superficie_fisica_ha":13.4,"superficie_riego_ha":13,"hectareas":12.566},"geometry":{"type":"Polygon","coordinates":[[[-105.381004,28.263086],[-105.381069,28.263194],[-105.379256,28.2632],[-105.377303,28.263184],[-105.377173,28.263075],[-105.377177,28.261323],[-105.37718,28.259237],[-105.377317,28.259216],[-105.377446,28.259146],[-105.377459,28.259097],[-105.377464,28.259036],[-105.379236,28.259011],[-105.379297,28.259046],[-105.379441,28.260264],[-105.379563,28.260668],[-105.379732,28.26095],[-105.380189,28.261586],[-105.380626,28.262413],[-105.381004,28.263086]]]}},{"type":"Feature","properties":{"modulo":3,"idparcela":"1434","productor":"MADERO PORRAS EVARISTO","cultivo":"Algod½n","superficie_fisica_ha":26.75,"superficie_riego_ha":26.75,"hectareas":26.303},"geometry":{"type":"Polygon","coordinates":[[[-105.379309,28.258902],[-105.377482,28.25896],[-105.377403,28.258861],[-105.377276,28.25883],[-105.377163,28.258866],[-105.377088,28.258923],[-105.376904,28.258906],[-105.374969,28.258912],[-105.372343,28.258873],[-105.372206,28.258876],[-105.372178,28.258668],[-105.372204,28.257942],[-105.372188,28.256773],[-105.372169,28.256055],[-105.372095,28.254637],[-105.372117,28.25456],[-105.373633,28.254596],[-105.376934,28.254571],[-105.376974,28.254649],[-105.376966,28.25525],[-105.376993,28.256559],[-105.377095,28.256698],[-105.379112,28.25808],[-105.379243,28.258145],[-105.379353,28.258283],[-105.379372,28.258424],[-105.379309,28.258902]]]}},{"type":"Feature","properties":{"modulo":3,"idparcela":"1475","productor":"MADERO PORRAS EVARISTO","cultivo":"Alfalfa","superficie_fisica_ha":24.35,"superficie_riego_ha":22.09,"hectareas":22.21},"geometry":{"type":"Polygon","coordinates":[[[-105.376659,28.25424],[-105.374847,28.254256],[-105.373351,28.254253],[-105.372591,28.254269],[-105.372248,28.254254],[-105.372149,28.254251],[-105.372144,28.253178],[-105.37217,28.251326],[-105.372192,28.250214],[-105.372199,28.250012],[-105.375228,28.250005],[-105.37699,28.250019],[-105.376981,28.250137],[-105.377001,28.252325],[-105.377006,28.253436],[-105.376983,28.254032],[-105.376998,28.254263],[-105.376659,28.25424]]]}},{"type":"Feature","properties":{"modulo":3,"idparcela":"1459","productor":"GONZALEZ GAMEZ GMO JOSE L.","cultivo":"Nogal (Nuez)","superficie_fisica_ha":21.25,"superficie_riego_ha":20.55,"hectareas":20.793},"geometry":{"type":"Polygon","coordinates":[[[-105.372092,28.245589],[-105.371866,28.245336],[-105.370979,28.244458],[-105.370127,28.243747],[-105.369196,28.242925],[-105.368977,28.242676],[-105.369068,28.242623],[-105.371272,28.241741],[-105.371537,28.241608],[-105.373373,28.240862],[-105.373556,28.241033],[-105.37382,28.241425],[-105.374056,28.241927],[-105.374337,28.242494],[-105.37459,28.242827],[-105.375014,28.243232],[-105.375321,28.243592],[-105.375717,28.244542],[-105.37609,28.245389],[-105.376169,28.245487],[-105.372092,28.245589]]]}},{"type":"Feature","properties":{"modulo":3,"idparcela":"1913","productor":"MADERO MU¥OZ EVARISTO JORGE","cultivo":"Alfalfa","superficie_fisica_ha":22.7,"superficie_riego_ha":19.56,"hectareas":21.934},"geometry":{"type":"Polygon","coordinates":[[[-105.376957,28.249682],[-105.37561,28.249692],[-105.373548,28.249698],[-105.372717,28.249715],[-105.372167,28.249482],[-105.372179,28.248711],[-105.372185,28.247734],[-105.37214,28.245903],[-105.372092,28.245589],[-105.376169,28.245487],[-105.376367,28.245862],[-105.376437,28.246095],[-105.376522,28.246488],[-105.376693,28.246917],[-105.376961,28.247447],[-105.377148,28.247706],[-105.377626,28.248513],[-105.377789,28.249045],[-105.37774,28.249206],[-105.37718,28.249678],[-105.376957,28.249682]]]}},{"type":"Feature","properties":{"modulo":3,"idparcela":"1457","productor":"GONZALEZ GAMEZ GMO JOSE L.","cultivo":"Nogal (Nuez)","superficie_fisica_ha":35.2,"superficie_riego_ha":29.67,"hectareas":35.097},"geometry":{"type":"Polygon","coordinates":[[[-105.373353,28.24063],[-105.371897,28.241218],[-105.370702,28.241685],[-105.369717,28.242034],[-105.368694,28.242478],[-105.368543,28.242373],[-105.368062,28.241929],[-105.367431,28.241386],[-105.367022,28.240999],[-105.366957,28.240818],[-105.366976,28.240176],[-105.366934,28.239952],[-105.366806,28.239708],[-105.366267,28.23896],[-105.365413,28.238218],[-105.36503,28.238002],[-105.365084,28.237985],[-105.365927,28.237937],[-105.365904,28.237792],[-105.365727,28.237676],[-105.365393,28.237495],[-105.365185,28.237319],[-105.365065,28.237133],[-105.365153,28.236858],[-105.365266,28.236688],[-105.365342,28.236511],[-105.366989,28.236569],[-105.368245,28.236554],[-105.369744,28.23655],[-105.371494,28.236549],[-105.37187,28.236532],[-105.37196,28.236633],[-105.371981,28.236926],[-105.371966,28.237842],[-105.371961,28.238148],[-105.372074,28.238439],[-105.372777,28.239316],[-105.373104,28.239791],[-105.373305,28.240525],[-105.373353,28.24063]]]}},{"type":"Feature","properties":{"modulo":3,"idparcela":"1482","productor":"MEDINA NEVAREZ JAIME RAUL","cultivo":"Nogal (Nuez)","superficie_fisica_ha":8.35,"superficie_riego_ha":8.35,"hectareas":6.814},"geometry":{"type":"Polygon","coordinates":[[[-105.38212,28.265115],[-105.381816,28.265091],[-105.381416,28.265081],[-105.380699,28.265096],[-105.379817,28.26509],[-105.379396,28.265086],[-105.379059,28.265112],[-105.378432,28.265106],[-105.37788,28.265087],[-105.377611,28.265087],[-105.377547,28.265021],[-105.377547,28.264509],[-105.377526,28.263972],[-105.377511,28.263667],[-105.377544,28.263599],[-105.377896,28.263604],[-105.378385,28.263594],[-105.378854,28.263602],[-105.379151,28.263592],[-105.379646,28.263542],[-105.38027,28.263519],[-105.380838,28.263502],[-105.381078,28.263512],[-105.381134,28.263567],[-105.381313,28.26382],[-105.381608,28.264296],[-105.381874,28.264705],[-105.382209,28.265107],[-105.38212,28.265115]]]}},{"type":"Feature","properties":{"modulo":3,"idparcela":"************","productor":null,"cultivo":"Sin Cultivo","superficie_fisica_ha":null,"superficie_riego_ha":null,"hectareas":8.033},"geometry":{"type":"Polygon","coordinates":[[[-105.384279,28.267975],[-105.383561,28.267984],[-105.382823,28.267993],[-105.382502,28.267988],[-105.382065,28.267966],[-105.381424,28.267979],[-105.380783,28.267974],[-105.380032,28.267978],[-105.37948,28.267965],[-105.378694,28.267975],[-105.378197,28.267991],[-105.378047,28.267852],[-105.377882,28.26743],[-105.377729,28.267178],[-105.377583,28.26715],[-105.377524,28.266796],[-105.377525,28.266761],[-105.378658,28.266729],[-105.379412,28.266728],[-105.380722,28.266731],[-105.381326,28.266711],[-105.381896,28.266692],[-105.382607,28.26669],[-105.383106,28.266699],[-105.38327,28.266909],[-105.383569,28.267239],[-105.383887,28.267562],[-105.384141,28.26777],[-105.384298,28.267938],[-105.384279,28.267975]]]}},{"type":"Feature","properties":{"modulo":3,"idparcela":"1479","productor":"FLORES DELGADO ANTONIO","cultivo":"Sin Cultivo","superficie_fisica_ha":4.6901,"superficie_riego_ha":3,"hectareas":11.282},"geometry":{"type":"Polygon","coordinates":[[[-105.37759,28.269695],[-105.377503,28.269713],[-105.376915,28.269532],[-105.3763,28.269344],[-105.375855,28.269292],[-105.375426,28.269224],[-105.37526,28.269189],[-105.375221,28.269051],[-105.375173,28.268551],[-105.375097,28.268313],[-105.374905,28.267978],[-105.374717,28.267774],[-105.374591,28.267614],[-105.374212,28.267121],[-105.373751,28.266506],[-105.37357,28.266232],[-105.373461,28.266057],[-105.373422,28.265896],[-105.373472,28.265818],[-105.373915,28.26577],[-105.374594,28.265772],[-105.375552,28.265767],[-105.377093,28.26575],[-105.37713,28.265827],[-105.377131,28.266212],[-105.377222,28.266665],[-105.377293,28.267065],[-105.377345,28.267357],[-105.377385,28.267888],[-105.377403,28.268234],[-105.37747,28.268487],[-105.377507,28.268887],[-105.377526,28.269257],[-105.37759,28.269695]]]}},{"type":"Feature","properties":{"modulo":3,"idparcela":"1477","productor":"SOLTERO DELGADO JOSE LUIS","cultivo":"Alfalfa","superficie_fisica_ha":10.15,"superficie_riego_ha":10.15,"hectareas":9.959},"geometry":{"type":"Polygon","coordinates":[[[-105.374818,28.263485],[-105.374035,28.263472],[-105.373219,28.263489],[-105.372868,28.263525],[-105.372807,28.263283],[-105.372773,28.263065],[-105.372673,28.262126],[-105.372631,28.261346],[-105.372679,28.261333],[-105.373488,28.261305],[-105.374687,28.26127],[-105.374707,28.261713],[-105.374703,28.262249],[-105.374733,28.262677],[-105.374807,28.263327],[-105.374818,28.263485]],[[-105.374787,28.261289],[-105.375793,28.261268],[-105.376847,28.261246],[-105.376938,28.261272],[-105.376996,28.261434],[-105.377004,28.261704],[-105.377027,28.262638],[-105.377028,28.263442],[-105.376397,28.263461],[-105.37495,28.263482],[-105.374918,28.263511],[-105.374819,28.262581],[-105.374837,28.261855],[-105.374787,28.261289]]]}},{"type":"Feature","properties":{"modulo":3,"idparcela":"1478","productor":"SOLTERO DELGADO JOSE LUIS","cultivo":"Alfalfa","superficie_fisica_ha":9.8,"superficie_riego_ha":9.8,"hectareas":8.924},"geometry":{"type":"Polygon","coordinates":[[[-105.372868,28.263525],[-105.373219,28.263489],[-105.374035,28.263472],[-105.374818,28.263485],[-105.374906,28.263887],[-105.374959,28.264243],[-105.374983,28.265001],[-105.374978,28.265618],[-105.374214,28.26564],[-105.373652,28.265639],[-105.373414,28.265638],[-105.373284,28.265116],[-105.373126,28.264474],[-105.372983,28.264024],[-105.372868,28.263525]],[[-105.377096,28.265415],[-105.377102,28.265629],[-105.375922,28.265649],[-105.375103,28.265634],[-105.375114,28.264966],[-105.375056,28.264202],[-105.374992,28.263847],[-105.374918,28.263511],[-105.37495,28.263482],[-105.376397,28.263461],[-105.377028,28.263442],[-105.377043,28.263695],[-105.377052,28.264531],[-105.37706,28.264977],[-105.377096,28.265415]]]}},{"type":"Feature","properties":{"modulo":3,"idparcela":"1476","productor":"REYES CUETO PORFIRIO","cultivo":"Cacahuate","superficie_fisica_ha":10.5,"superficie_riego_ha":10.5,"hectareas":10.705},"geometry":{"type":"Polygon","coordinates":[[[-105.376945,28.261146],[-105.376043,28.261175],[-105.374987,28.261197],[-105.374138,28.261195],[-105.373583,28.261216],[-105.373083,28.261227],[-105.372883,28.261231],[-105.3728,28.261233],[-105.372656,28.261223],[-105.372639,28.260918],[-105.372495,28.260401],[-105.37238,28.260152],[-105.372204,28.259793],[-105.372185,28.259067],[-105.372399,28.259068],[-105.373577,28.259062],[-105.374859,28.259054],[-105.376119,28.259063],[-105.377002,28.259052],[-105.377012,28.259169],[-105.377022,28.259545],[-105.377027,28.260537],[-105.377031,28.261096],[-105.376945,28.261146]]]}},{"type":"Feature","properties":{"modulo":3,"idparcela":"1433","productor":"SOLIS QUI¥ONEZ SARA","cultivo":"Sin Cultivo","superficie_fisica_ha":13.5,"superficie_riego_ha":13.5,"hectareas":15.991},"geometry":{"type":"Polygon","coordinates":[[[-105.370446,28.264237],[-105.370809,28.264106],[-105.37221,28.263625],[-105.372705,28.263487],[-105.372842,28.264126],[-105.373064,28.264917],[-105.373279,28.265898],[-105.373315,28.266059],[-105.373412,28.266276],[-105.374127,28.267278],[-105.374954,28.268351],[-105.375036,28.268595],[-105.375101,28.269191],[-105.374858,28.269136],[-105.373819,28.268977],[-105.371919,28.268725],[-105.371767,28.268634],[-105.371719,28.268517],[-105.371782,28.268284],[-105.371684,28.268225],[-105.371519,28.268134],[-105.371074,28.267178],[-105.370804,28.26651],[-105.370733,28.266182],[-105.370625,28.265989],[-105.370453,28.265994],[-105.370174,28.265378],[-105.370115,28.264647],[-105.370376,28.26461],[-105.37055,28.264558],[-105.370505,28.26438],[-105.370446,28.264237]]]}},{"type":"Feature","properties":{"modulo":3,"idparcela":"1432","productor":"REYES CUETO PORFIRIO","cultivo":"Cacahuate","superficie_fisica_ha":11.4,"superficie_riego_ha":11.4,"hectareas":12.964},"geometry":{"type":"Polygon","coordinates":[[[-105.372705,28.263487],[-105.37221,28.263625],[-105.370809,28.264106],[-105.370446,28.264237],[-105.370145,28.26432],[-105.370099,28.264245],[-105.370112,28.263825],[-105.370043,28.262773],[-105.370009,28.262011],[-105.370008,28.261766],[-105.369911,28.26069],[-105.3698,28.260204],[-105.369634,28.259549],[-105.370099,28.259672],[-105.37012,28.259426],[-105.369646,28.259327],[-105.369793,28.25915],[-105.369946,28.259095],[-105.370773,28.25909],[-105.371456,28.259112],[-105.372013,28.259076],[-105.372027,28.259179],[-105.372065,28.259818],[-105.372322,28.260339],[-105.372489,28.260916],[-105.372502,28.261416],[-105.372666,28.263232],[-105.372705,28.263487]]]}},{"type":"Feature","properties":{"modulo":3,"idparcela":"1459","productor":"GONZALEZ GAMEZ GMO JOSE L.","cultivo":"Nogal (Nuez)","superficie_fisica_ha":21.25,"superficie_riego_ha":20.55,"hectareas":13.055},"geometry":{"type":"Polygon","coordinates":[[[-105.366845,28.246733],[-105.365954,28.246245],[-105.365628,28.246103],[-105.365518,28.245996],[-105.365306,28.245552],[-105.365063,28.245054],[-105.364789,28.244544],[-105.364771,28.244449],[-105.364814,28.244353],[-105.365133,28.244224],[-105.365238,28.24414],[-105.365266,28.244031],[-105.365295,28.243962],[-105.365949,28.243731],[-105.366709,28.243457],[-105.367484,28.243169],[-105.368182,28.242856],[-105.368293,28.242989],[-105.368415,28.242987],[-105.368508,28.242999],[-105.368663,28.243063],[-105.368785,28.243047],[-105.368906,28.242963],[-105.368984,28.242958],[-105.37002,28.243878],[-105.370368,28.244208],[-105.368708,28.245346],[-105.366845,28.246733]]]}},{"type":"Feature","properties":{"modulo":3,"idparcela":"************","productor":null,"cultivo":"Sin Cultivo","superficie_fisica_ha":null,"superficie_riego_ha":null,"hectareas":15.374},"geometry":{"type":"Polygon","coordinates":[[[-105.372022,28.24934],[-105.371949,28.249358],[-105.371587,28.249159],[-105.370686,28.248729],[-105.369845,28.248298],[-105.369191,28.247931],[-105.368352,28.247528],[-105.3672,28.246926],[-105.366845,28.246733],[-105.368708,28.245346],[-105.370368,28.244208],[-105.37065,28.244476],[-105.371326,28.245101],[-105.371847,28.245546],[-105.371811,28.245692],[-105.371706,28.246001],[-105.371965,28.246025],[-105.371985,28.247384],[-105.372022,28.24934]]]}},{"type":"Feature","properties":{"modulo":3,"idparcela":"1458","productor":"ZU¥IGA N BEATRIZ GPE.","cultivo":"Sin Cultivo","superficie_fisica_ha":29.5,"superficie_riego_ha":28.85,"hectareas":27.451},"geometry":{"type":"Polygon","coordinates":[[[-105.367161,28.243052],[-105.366261,28.243416],[-105.36526,28.243757],[-105.365116,28.243772],[-105.36453,28.242928],[-105.363897,28.241919],[-105.363399,28.241118],[-105.363115,28.240733],[-105.362212,28.239308],[-105.361414,28.238084],[-105.360736,28.237012],[-105.360508,28.236582],[-105.360506,28.236492],[-105.360694,28.236497],[-105.361234,28.236496],[-105.361388,28.236538],[-105.361567,28.236751],[-105.361712,28.236787],[-105.361929,28.236808],[-105.362075,28.236856],[-105.362279,28.236954],[-105.362452,28.23695],[-105.362653,28.236882],[-105.362852,28.236763],[-105.363009,28.236696],[-105.363193,28.236564],[-105.363364,28.236484],[-105.363987,28.236483],[-105.364893,28.236491],[-105.365124,28.236473],[-105.365112,28.236563],[-105.364794,28.237276],[-105.364492,28.237662],[-105.364482,28.237816],[-105.365144,28.238313],[-105.36538,28.2385],[-105.365633,28.238727],[-105.365842,28.238951],[-105.366126,28.239231],[-105.366307,28.239448],[-105.366553,28.23972],[-105.366717,28.239977],[-105.366713,28.240516],[-105.366816,28.240912],[-105.366925,28.241213],[-105.367706,28.241814],[-105.368386,28.242439],[-105.368457,28.242527],[-105.367161,28.243052]]]}},{"type":"Feature","properties":{"modulo":3,"idparcela":"1430","productor":"JAQUEZ HEBERT","cultivo":"Alfalfa","superficie_fisica_ha":17.3,"superficie_riego_ha":15.45,"hectareas":16.057},"geometry":{"type":"Polygon","coordinates":[[[-105.366949,28.256034],[-105.366834,28.256096],[-105.366279,28.255708],[-105.365962,28.255476],[-105.365275,28.255208],[-105.364488,28.254797],[-105.363861,28.254384],[-105.363488,28.254439],[-105.362598,28.254454],[-105.362135,28.254469],[-105.361772,28.254445],[-105.361771,28.2535],[-105.361845,28.251939],[-105.361879,28.2503],[-105.36196,28.250346],[-105.363814,28.251587],[-105.365056,28.252466],[-105.366787,28.253659],[-105.366831,28.25473],[-105.366949,28.256034]]]}},{"type":"Feature","properties":{"modulo":3,"idparcela":"1429","productor":"GONZALEZ GAMEZ GMO JOSE L.","cultivo":"Alfalfa","superficie_fisica_ha":21.8,"superficie_riego_ha":21.2,"hectareas":21.189},"geometry":{"type":"Polygon","coordinates":[[[-105.361658,28.254392],[-105.361654,28.254448],[-105.359834,28.254504],[-105.358995,28.254477],[-105.358635,28.254188],[-105.358224,28.25384],[-105.357857,28.253298],[-105.357576,28.2528],[-105.357388,28.252655],[-105.357168,28.252585],[-105.356898,28.252532],[-105.356628,28.252463],[-105.356541,28.252361],[-105.356525,28.251084],[-105.356536,28.250238],[-105.356526,28.250161],[-105.357907,28.25015],[-105.358746,28.250133],[-105.360002,28.250107],[-105.361645,28.250088],[-105.361765,28.250189],[-105.361745,28.250709],[-105.361704,28.252313],[-105.361683,28.253427],[-105.361658,28.254392]]]}},{"type":"Feature","properties":{"modulo":3,"idparcela":"1473","productor":"GONZALEZ GAMEZ GMO JOSE L.","cultivo":"Alfalfa","superficie_fisica_ha":19.85,"superficie_riego_ha":18.8,"hectareas":19.003},"geometry":{"type":"Polygon","coordinates":[[[-105.361798,28.249834],[-105.361949,28.248923],[-105.362009,28.248002],[-105.361963,28.247542],[-105.361823,28.247398],[-105.361881,28.247334],[-105.361918,28.247098],[-105.361761,28.246255],[-105.361876,28.246149],[-105.362092,28.246085],[-105.362313,28.246199],[-105.362623,28.24649],[-105.363234,28.246957],[-105.36418,28.247704],[-105.365501,28.248835],[-105.366722,28.249997],[-105.366831,28.251568],[-105.366838,28.25182],[-105.366875,28.25323],[-105.364485,28.251602],[-105.362912,28.250447],[-105.362075,28.249886],[-105.361856,28.249831],[-105.361798,28.249834]]]}},{"type":"Feature","properties":{"modulo":3,"idparcela":"1471","productor":"GONZALEZ GAMEZ GMO JOSE L.","cultivo":"Alfalfa","superficie_fisica_ha":21.5,"superficie_riego_ha":13.95,"hectareas":14.436},"geometry":{"type":"Polygon","coordinates":[[[-105.361823,28.247398],[-105.361963,28.247542],[-105.362009,28.248002],[-105.361949,28.248923],[-105.361798,28.249834],[-105.360249,28.249909],[-105.35755,28.249935],[-105.356617,28.249938],[-105.356702,28.249552],[-105.356954,28.249064],[-105.357267,28.248706],[-105.357485,28.248537],[-105.357847,28.248617],[-105.358086,28.248744],[-105.358319,28.248673],[-105.358296,28.248331],[-105.358123,28.248127],[-105.357982,28.247863],[-105.357637,28.247513],[-105.35755,28.247396],[-105.357663,28.247231],[-105.358111,28.247058],[-105.358808,28.246777],[-105.360034,28.246266],[-105.36014,28.246422],[-105.360324,28.246656],[-105.360682,28.247011],[-105.360947,28.247268],[-105.361174,28.247395],[-105.361547,28.247443],[-105.361823,28.247398]]]}},{"type":"Feature","properties":{"modulo":3,"idparcela":"1354","productor":"TERRAZAS VILLALOBOS NICOLAS","cultivo":"Cacahuate","superficie_fisica_ha":32,"superficie_riego_ha":30,"hectareas":18.433},"geometry":{"type":"Polygon","coordinates":[[[-105.372016,28.249857],[-105.370859,28.249851],[-105.370256,28.249864],[-105.369115,28.249814],[-105.367959,28.249852],[-105.367002,28.249813],[-105.366555,28.249377],[-105.365544,28.248552],[-105.364633,28.247727],[-105.363678,28.24692],[-105.36261,28.24603],[-105.362334,28.245738],[-105.362201,28.245617],[-105.362626,28.245361],[-105.362783,28.245182],[-105.362809,28.244956],[-105.363334,28.244738],[-105.364332,28.244351],[-105.364448,28.244507],[-105.365068,28.245786],[-105.365299,28.246256],[-105.365623,28.246472],[-105.369804,28.248626],[-105.371944,28.24968],[-105.372016,28.249857]]]}},{"type":"Feature","properties":{"modulo":3,"idparcela":"************","productor":null,"cultivo":"Sin Cultivo","superficie_fisica_ha":null,"superficie_riego_ha":null,"hectareas":3.199},"geometry":{"type":"Polygon","coordinates":[[[-105.360955,28.244662],[-105.361667,28.244345],[-105.362736,28.243905],[-105.36365,28.243518],[-105.364395,28.243214],[-105.364484,28.243363],[-105.364797,28.243898],[-105.364444,28.24407],[-105.363746,28.244288],[-105.362601,28.244742],[-105.360912,28.245473],[-105.360933,28.245235],[-105.360955,28.244662]]]}},{"type":"Feature","properties":{"modulo":3,"idparcela":"************","productor":null,"cultivo":"Sin Cultivo","superficie_fisica_ha":null,"superficie_riego_ha":null,"hectareas":4.546},"geometry":{"type":"Polygon","coordinates":[[[-105.364395,28.243214],[-105.36365,28.243518],[-105.362736,28.243905],[-105.361667,28.244345],[-105.360955,28.244662],[-105.360965,28.243975],[-105.361028,28.243482],[-105.36108,28.243116],[-105.362059,28.24275],[-105.362875,28.242537],[-105.363772,28.242245],[-105.364002,28.242592],[-105.364395,28.243214]]]}},{"type":"Feature","properties":{"modulo":3,"idparcela":"9805","productor":"BRITO BAEZA JESUS JOSE","cultivo":"Alfalfa","superficie_fisica_ha":3.8437,"superficie_riego_ha":3.8437,"hectareas":3.881},"geometry":{"type":"Polygon","coordinates":[[[-105.361139,28.242153],[-105.361153,28.241664],[-105.361122,28.24118],[-105.36138,28.241177],[-105.362618,28.241176],[-105.363064,28.241154],[-105.363417,28.241678],[-105.363772,28.242245],[-105.362875,28.242537],[-105.362059,28.24275],[-105.36108,28.243116],[-105.361075,28.243042],[-105.361073,28.24302],[-105.361072,28.242994],[-105.36105,28.242673],[-105.361131,28.242246],[-105.361139,28.242153]]]}},{"type":"Feature","properties":{"modulo":3,"idparcela":"1425","productor":"MOLINA GUTIERREZ SOCORRO","cultivo":"Alfalfa","superficie_fisica_ha":3.9187,"superficie_riego_ha":3.9187,"hectareas":4.069},"geometry":{"type":"Polygon","coordinates":[[[-105.360828,28.244494],[-105.360743,28.245362],[-105.360711,28.245542],[-105.360547,28.245627],[-105.358616,28.246388],[-105.357862,28.246714],[-105.357458,28.246869],[-105.357369,28.246881],[-105.357367,28.246806],[-105.357496,28.246596],[-105.357746,28.245956],[-105.357867,28.245445],[-105.35787,28.245355],[-105.358402,28.245214],[-105.359125,28.244962],[-105.359904,28.244725],[-105.360828,28.244494]]]}},{"type":"Feature","properties":{"modulo":3,"idparcela":"************","productor":null,"cultivo":"Sin Cultivo","superficie_fisica_ha":null,"superficie_riego_ha":null,"hectareas":3.419},"geometry":{"type":"Polygon","coordinates":[[[-105.357566,28.244667],[-105.358344,28.244405],[-105.359163,28.243955],[-105.360067,28.243568],[-105.360523,28.243354],[-105.360995,28.243125],[-105.360905,28.243444],[-105.360844,28.243945],[-105.360828,28.244494],[-105.359904,28.244725],[-105.359125,28.244962],[-105.358402,28.245214],[-105.35787,28.245355],[-105.357831,28.245186],[-105.357709,28.244916],[-105.357566,28.244667]]]}},{"type":"Feature","properties":{"modulo":3,"idparcela":"************","productor":null,"cultivo":"Sin Cultivo","superficie_fisica_ha":null,"superficie_riego_ha":null,"hectareas":3.87},"geometry":{"type":"Polygon","coordinates":[[[-105.356875,28.244106],[-105.358099,28.243543],[-105.359404,28.242936],[-105.360417,28.242465],[-105.361139,28.242153],[-105.361131,28.242246],[-105.36105,28.242673],[-105.361072,28.242994],[-105.361073,28.24302],[-105.361075,28.243042],[-105.36108,28.243116],[-105.360995,28.243125],[-105.360523,28.243354],[-105.360067,28.243568],[-105.359163,28.243955],[-105.358344,28.244405],[-105.357566,28.244667],[-105.357443,28.244571],[-105.357289,28.244425],[-105.357086,28.244278],[-105.356875,28.244106]]]}},{"type":"Feature","properties":{"modulo":3,"idparcela":"1428","productor":"REYES CUETO PORFIRIO","cultivo":"Alfalfa","superficie_fisica_ha":3.79,"superficie_riego_ha":3.79,"hectareas":3.078},"geometry":{"type":"Polygon","coordinates":[[[-105.360023,28.240957],[-105.35921,28.241347],[-105.358154,28.241842],[-105.357483,28.242223],[-105.356492,28.24278],[-105.356498,28.24252],[-105.356497,28.241957],[-105.356383,28.24149],[-105.356329,28.24108],[-105.358122,28.24107],[-105.35936,28.241016],[-105.360023,28.240957]]]}},{"type":"Feature","properties":{"modulo":3,"idparcela":"1427","productor":"CAMPOS BRITO ALAN","cultivo":"Cacahuate","superficie_fisica_ha":4.0794,"superficie_riego_ha":3.8,"hectareas":4.337},"geometry":{"type":"Polygon","coordinates":[[[-105.356492,28.24278],[-105.357483,28.242223],[-105.358154,28.241842],[-105.35921,28.241347],[-105.360023,28.240957],[-105.360487,28.240916],[-105.361319,28.240922],[-105.362825,28.24086],[-105.363064,28.241154],[-105.362618,28.241176],[-105.36138,28.241177],[-105.361122,28.24118],[-105.36092,28.241244],[-105.359918,28.241772],[-105.358043,28.2428],[-105.357798,28.242973],[-105.3576,28.24309],[-105.35677,28.243531],[-105.356703,28.2433],[-105.356572,28.242984],[-105.356492,28.24278]]]}},{"type":"Feature","properties":{"modulo":3,"idparcela":"1426","productor":"RUIZ DANIEL","cultivo":"Chile verde","superficie_fisica_ha":3.8281,"superficie_riego_ha":3.8281,"hectareas":3.65},"geometry":{"type":"Polygon","coordinates":[[[-105.361139,28.242153],[-105.360417,28.242465],[-105.359404,28.242936],[-105.358099,28.243543],[-105.356875,28.244106],[-105.356824,28.244012],[-105.356811,28.243971],[-105.356832,28.243815],[-105.356885,28.243732],[-105.356949,28.243706],[-105.357043,28.24377],[-105.357173,28.243767],[-105.357236,28.243733],[-105.357289,28.243618],[-105.357314,28.243527],[-105.35743,28.243377],[-105.357485,28.243352],[-105.357483,28.243303],[-105.35751,28.243261],[-105.3576,28.24309],[-105.357798,28.242973],[-105.358043,28.2428],[-105.359918,28.241772],[-105.36092,28.241244],[-105.361122,28.24118],[-105.361153,28.241664],[-105.361139,28.242153]]]}},{"type":"Feature","properties":{"modulo":3,"idparcela":"1422","productor":"LARA HERNANDEZ JAIME","cultivo":"Chile verde","superficie_fisica_ha":39.26,"superficie_riego_ha":34.63,"hectareas":36.315},"geometry":{"type":"Polygon","coordinates":[[[-105.360873,28.237966],[-105.359919,28.23804],[-105.358527,28.23821],[-105.358244,28.238205],[-105.358084,28.238196],[-105.357761,28.2379],[-105.357511,28.23775],[-105.357149,28.237633],[-105.35668,28.237457],[-105.356096,28.237236],[-105.355724,28.237096],[-105.355449,28.236993],[-105.355245,28.236932],[-105.355136,28.237077],[-105.355296,28.237152],[-105.355423,28.237189],[-105.355571,28.23727],[-105.356013,28.237439],[-105.356385,28.237571],[-105.356695,28.237689],[-105.356971,28.237775],[-105.35734,28.237901],[-105.357562,28.238028],[-105.357856,28.238266],[-105.357364,28.238266],[-105.356641,28.238281],[-105.355758,28.238256],[-105.355034,28.23825],[-105.354519,28.238239],[-105.354015,28.238173],[-105.353733,28.238179],[-105.353419,28.238326],[-105.353337,28.238502],[-105.353213,28.238592],[-105.353158,28.238507],[-105.352714,28.237625],[-105.352195,28.236561],[-105.352243,28.236495],[-105.353934,28.236492],[-105.355737,28.236542],[-105.357795,28.236521],[-105.35907,28.236505],[-105.360148,28.236483],[-105.361083,28.23794],[-105.360873,28.237966]],[[-105.362658,28.240566],[-105.362706,28.240653],[-105.362751,28.240714],[-105.361267,28.240801],[-105.360924,28.240809],[-105.360434,28.240819],[-105.35987,28.24082],[-105.358806,28.240907],[-105.357299,28.240916],[-105.356429,28.240945],[-105.355719,28.240907],[-105.355124,28.240911],[-105.354639,28.240906],[-105.354427,28.24078],[-105.354194,28.24055],[-105.353995,28.240337],[-105.35392,28.240152],[-105.353889,28.23988],[-105.353757,28.239524],[-105.353589,28.239205],[-105.353391,28.239007],[-105.353297,28.238817],[-105.353354,28.238675],[-105.353438,28.238608],[-105.353508,28.238485],[-105.353585,28.238413],[-105.35375,28.238348],[-105.354008,28.238369],[-105.354217,28.238447],[-105.355076,28.238444],[-105.356023,28.238487],[-105.356904,28.238493],[-105.357381,28.238466],[-105.357635,28.238461],[-105.358995,28.23833],[-105.359978,28.238242],[-105.361123,28.238148],[-105.361176,28.238274],[-105.362084,28.23971],[-105.362658,28.240566]]]}},{"type":"Feature","properties":{"modulo":3,"idparcela":"1493","productor":"BRITO CAMPOS JOSE","cultivo":"Alfalfa","superficie_fisica_ha":10.4004,"superficie_riego_ha":10.4004,"hectareas":13.187},"geometry":{"type":"Polygon","coordinates":[[[-105.356177,28.254583],[-105.355882,28.254546],[-105.355551,28.254359],[-105.355328,28.254004],[-105.355023,28.253587],[-105.354882,28.253351],[-105.354665,28.25303],[-105.354563,28.252869],[-105.354369,28.252504],[-105.354288,28.252224],[-105.354195,28.251954],[-105.354328,28.251865],[-105.35468,28.251749],[-105.355287,28.251519],[-105.356156,28.251204],[-105.356421,28.25112],[-105.356446,28.2513],[-105.356464,28.252461],[-105.356515,28.252525],[-105.356625,28.252534],[-105.357246,28.252705],[-105.357403,28.252807],[-105.357557,28.252981],[-105.357819,28.253497],[-105.35812,28.253892],[-105.358552,28.254297],[-105.358608,28.254718],[-105.358615,28.254978],[-105.358264,28.255181],[-105.357829,28.255417],[-105.357637,28.255573],[-105.357421,28.255741],[-105.357202,28.255789],[-105.35682,28.255721],[-105.356731,28.255592],[-105.356678,28.255452],[-105.356568,28.254999],[-105.356514,28.254864],[-105.356413,28.25472],[-105.356177,28.254583]],[[-105.355348,28.254753],[-105.35507,28.254433],[-105.354848,28.254372],[-105.35469,28.25443],[-105.3543,28.254069],[-105.354019,28.25364],[-105.353894,28.253068],[-105.353849,28.252776],[-105.35373,28.252452],[-105.353837,28.252331],[-105.354034,28.252359],[-105.354248,28.25255],[-105.354454,28.252915],[-105.354602,28.253223],[-105.354902,28.253655],[-105.355081,28.253944],[-105.355412,28.254382],[-105.355803,28.254664],[-105.356143,28.254682],[-105.356406,28.254904],[-105.356474,28.255142],[-105.356475,28.255417],[-105.356442,28.255507],[-105.356236,28.255564],[-105.356028,28.255433],[-105.355651,28.255104],[-105.35543,28.254945],[-105.355348,28.254753]]]}},{"type":"Feature","properties":{"modulo":3,"idparcela":"1375","productor":"CALDERON LORENZO","cultivo":"Cacahuate","superficie_fisica_ha":7.53,"superficie_riego_ha":7.53,"hectareas":5.174},"geometry":{"type":"Polygon","coordinates":[[[-105.356412,28.25101],[-105.355612,28.251306],[-105.354227,28.251769],[-105.353766,28.251931],[-105.353679,28.2519],[-105.353442,28.251753],[-105.352854,28.252232],[-105.352562,28.252167],[-105.3524,28.252102],[-105.35225,28.252021],[-105.352116,28.251892],[-105.351881,28.251568],[-105.352258,28.251484],[-105.353571,28.251053],[-105.354312,28.250812],[-105.355118,28.250537],[-105.355218,28.249826],[-105.355472,28.249714],[-105.355519,28.249637],[-105.35655,28.249203],[-105.356576,28.249257],[-105.356521,28.249518],[-105.356454,28.249748],[-105.3564,28.250085],[-105.356409,28.250427],[-105.356412,28.25101]]]}},{"type":"Feature","properties":{"modulo":3,"idparcela":"1496","productor":"CASO CABALLERO ROBERTO","cultivo":"Ma­z","superficie_fisica_ha":5.02,"superficie_riego_ha":5.02,"hectareas":5.052},"geometry":{"type":"Polygon","coordinates":[[[-105.352825,28.250181],[-105.35252,28.249807],[-105.352278,28.249591],[-105.352346,28.249482],[-105.352661,28.24911],[-105.352898,28.248918],[-105.353148,28.248949],[-105.35337,28.249019],[-105.353548,28.249277],[-105.353156,28.250152],[-105.352963,28.25033],[-105.352825,28.250181]],[[-105.354098,28.2508],[-105.353328,28.251053],[-105.352936,28.251166],[-105.352235,28.251405],[-105.351997,28.251459],[-105.351943,28.251165],[-105.351912,28.250903],[-105.351867,28.250581],[-105.352211,28.250639],[-105.352613,28.250543],[-105.352832,28.250452],[-105.353062,28.250361],[-105.353253,28.25015],[-105.353502,28.249578],[-105.353762,28.249022],[-105.353911,28.248628],[-105.353957,28.248518],[-105.354005,28.248474],[-105.354067,28.248494],[-105.354831,28.250007],[-105.355096,28.249923],[-105.355068,28.250207],[-105.355027,28.250471],[-105.354098,28.2508]]]}},{"type":"Feature","properties":{"modulo":3,"idparcela":"1917","productor":"VALDEZ CASO ABELARDO","cultivo":"Cacahuate","superficie_fisica_ha":4,"superficie_riego_ha":4,"hectareas":4.318},"geometry":{"type":"Polygon","coordinates":[[[-105.351947,28.24693],[-105.352154,28.247252],[-105.352308,28.247506],[-105.35244,28.247686],[-105.353105,28.248611],[-105.352958,28.248689],[-105.352339,28.249318],[-105.352164,28.249568],[-105.351978,28.249362],[-105.351533,28.248909],[-105.351165,28.248465],[-105.350882,28.24814],[-105.350668,28.24784],[-105.350605,28.247715],[-105.350613,28.247573],[-105.350806,28.247238],[-105.351108,28.246748],[-105.351444,28.24615],[-105.351947,28.24693]]]}},{"type":"Feature","properties":{"modulo":3,"idparcela":"1887","productor":"MONTES MINJARES FRANCISCO","cultivo":"Sand­a","superficie_fisica_ha":3.9391,"superficie_riego_ha":3.75,"hectareas":3.917},"geometry":{"type":"Polygon","coordinates":[[[-105.353105,28.248611],[-105.35244,28.247686],[-105.352308,28.247506],[-105.352154,28.247252],[-105.351947,28.24693],[-105.353397,28.246565],[-105.354316,28.246423],[-105.354569,28.247423],[-105.354579,28.247459],[-105.354695,28.247878],[-105.353746,28.248169],[-105.353746,28.248377],[-105.353105,28.248611]]]}},{"type":"Feature","properties":{"modulo":3,"idparcela":"1888","productor":"MONTES MINJARES FRANCISCO","cultivo":"Cacahuate","superficie_fisica_ha":3.508,"superficie_riego_ha":3.508,"hectareas":3.415},"geometry":{"type":"Polygon","coordinates":[[[-105.351947,28.24693],[-105.351444,28.24615],[-105.351579,28.245891],[-105.351684,28.245532],[-105.351699,28.245411],[-105.353004,28.245471],[-105.354217,28.245562],[-105.354214,28.245599],[-105.354242,28.24592],[-105.354266,28.246106],[-105.354316,28.246423],[-105.353397,28.246565],[-105.351947,28.24693]]]}},{"type":"Feature","properties":{"modulo":3,"idparcela":"1889","productor":"MONTES BARRIOS FRANCISCO","cultivo":"Cacahuate","superficie_fisica_ha":3.8211,"superficie_riego_ha":3.8211,"hectareas":3.724},"geometry":{"type":"Polygon","coordinates":[[[-105.351699,28.245411],[-105.351877,28.243969],[-105.353256,28.244143],[-105.354318,28.244178],[-105.354217,28.245562],[-105.353004,28.245471],[-105.351699,28.245411]]]}},{"type":"Feature","properties":{"modulo":3,"idparcela":"1891","productor":"CASO CABALLERO RAMONA","cultivo":"Cacahuate","superficie_fisica_ha":4.5103,"superficie_riego_ha":4,"hectareas":3.358},"geometry":{"type":"Polygon","coordinates":[[[-105.354419,28.242678],[-105.35314,28.242653],[-105.352028,28.242608],[-105.35208,28.242138],[-105.35204,28.241937],[-105.35183,28.241629],[-105.351996,28.241605],[-105.35312,28.24138],[-105.353624,28.241309],[-105.354412,28.241167],[-105.354447,28.241388],[-105.354464,28.242032],[-105.354422,28.242593],[-105.354419,28.242678]]]}},{"type":"Feature","properties":{"modulo":3,"idparcela":"1890","productor":"MONTES MINJARES FRANCISCO","cultivo":"Cacahuate","superficie_fisica_ha":3.8432,"superficie_riego_ha":3.8432,"hectareas":3.819},"geometry":{"type":"Polygon","coordinates":[[[-105.352028,28.242608],[-105.35314,28.242653],[-105.354419,28.242678],[-105.354411,28.242915],[-105.354349,28.243763],[-105.354318,28.244178],[-105.353256,28.244143],[-105.351877,28.243969],[-105.351984,28.243101],[-105.352028,28.242608]]]}},{"type":"Feature","properties":{"modulo":3,"idparcela":"1892","productor":"CALDERON GALLEGOS EMILIO","cultivo":"Cacahuate","superficie_fisica_ha":3.966,"superficie_riego_ha":3.966,"hectareas":3.565},"geometry":{"type":"Polygon","coordinates":[[[-105.352982,28.241028],[-105.352067,28.241166],[-105.351686,28.241242],[-105.351512,28.241177],[-105.350956,28.240426],[-105.350651,28.24006],[-105.351335,28.239553],[-105.351921,28.239155],[-105.351918,28.239168],[-105.352435,28.239869],[-105.352752,28.240287],[-105.353169,28.240165],[-105.353189,28.240159],[-105.353464,28.240425],[-105.353684,28.240776],[-105.353687,28.24089],[-105.353687,28.240895],[-105.352982,28.241028]]]}},{"type":"Feature","properties":{"modulo":3,"idparcela":"1894","productor":"HERRERA BUSTOS JUAN","cultivo":"Nogal (Nuez)","superficie_fisica_ha":3.3629,"superficie_riego_ha":3.3629,"hectareas":3.331},"geometry":{"type":"Polygon","coordinates":[[[-105.350004,28.239445],[-105.349902,28.239304],[-105.349361,28.238718],[-105.349463,28.238626],[-105.34983,28.238397],[-105.350771,28.237767],[-105.351316,28.237382],[-105.352214,28.236847],[-105.352615,28.237673],[-105.351684,28.238274],[-105.350893,28.238799],[-105.350004,28.239445]]]}},{"type":"Feature","properties":{"modulo":3,"idparcela":"1895","productor":"CAMPOS BRITO ALAN","cultivo":"Alfalfa","superficie_fisica_ha":3.6304,"superficie_riego_ha":3.6304,"hectareas":3.612},"geometry":{"type":"Polygon","coordinates":[[[-105.349463,28.238626],[-105.349378,28.238554],[-105.349127,28.238306],[-105.348779,28.237923],[-105.348838,28.237852],[-105.348935,28.23779],[-105.349346,28.237491],[-105.350344,28.236843],[-105.351491,28.236076],[-105.351689,28.236289],[-105.352102,28.236659],[-105.352214,28.236847],[-105.351316,28.237382],[-105.350771,28.237767],[-105.34983,28.238397],[-105.349463,28.238626]]]}},{"type":"Feature","properties":{"modulo":3,"idparcela":"1896","productor":"SANDOVAL CASO ARTURO","cultivo":"Chile verde","superficie_fisica_ha":4.49,"superficie_riego_ha":4,"hectareas":4.134},"geometry":{"type":"Polygon","coordinates":[[[-105.348935,28.23779],[-105.348838,28.237852],[-105.348571,28.237663],[-105.348286,28.237848],[-105.347461,28.237453],[-105.348165,28.23699],[-105.349614,28.236044],[-105.350266,28.235661],[-105.35078,28.235375],[-105.351117,28.235673],[-105.351491,28.236076],[-105.350344,28.236843],[-105.349346,28.237491],[-105.348935,28.23779]]]}},{"type":"Feature","properties":{"modulo":3,"idparcela":"1898","productor":"MONTOYA SANCHEZ VICTOR MANUEL","cultivo":"Cacahuate","superficie_fisica_ha":5.0313,"superficie_riego_ha":4,"hectareas":4.866},"geometry":{"type":"Polygon","coordinates":[[[-105.348955,28.235418],[-105.347791,28.236129],[-105.346951,28.23663],[-105.347054,28.236321],[-105.347317,28.235299],[-105.347514,28.234411],[-105.347602,28.234121],[-105.347841,28.233911],[-105.348984,28.23341],[-105.349121,28.233616],[-105.349394,28.234011],[-105.349648,28.234312],[-105.349989,28.234638],[-105.349642,28.234882],[-105.348955,28.235418]]]}},{"type":"Feature","properties":{"modulo":3,"idparcela":"1897","productor":"CALDERON CASO CARLOS EMILIO","cultivo":"Sand­a","superficie_fisica_ha":3.9151,"superficie_riego_ha":3.75,"hectareas":4.037},"geometry":{"type":"Polygon","coordinates":[[[-105.346951,28.23663],[-105.347791,28.236129],[-105.348955,28.235418],[-105.349642,28.234882],[-105.349989,28.234638],[-105.350313,28.234927],[-105.350567,28.235142],[-105.35078,28.235375],[-105.350266,28.235661],[-105.349614,28.236044],[-105.348165,28.23699],[-105.347461,28.237453],[-105.347238,28.237357],[-105.34707,28.237268],[-105.34691,28.237162],[-105.346879,28.23688],[-105.346951,28.23663]]]}},{"type":"Feature","properties":{"modulo":3,"idparcela":"1258","productor":"DELMAR DEL NORTE DE DELICIAS SPR DE RL","cultivo":"Alfalfa","superficie_fisica_ha":22.15,"superficie_riego_ha":22.15,"hectareas":21.64},"geometry":{"type":"Polygon","coordinates":[[[-105.361756,28.148178],[-105.361748,28.147486],[-105.361776,28.1471],[-105.361924,28.146997],[-105.362595,28.146765],[-105.363192,28.146536],[-105.363763,28.146405],[-105.365947,28.14634],[-105.366679,28.146346],[-105.366701,28.146729],[-105.366701,28.147154],[-105.366714,28.147654],[-105.366726,28.148111],[-105.366259,28.148131],[-105.365551,28.148157],[-105.364424,28.14818],[-105.363452,28.14819],[-105.362756,28.148204],[-105.361756,28.148178]],[[-105.366537,28.150617],[-105.363677,28.150638],[-105.362388,28.150626],[-105.361794,28.150655],[-105.361755,28.150589],[-105.361738,28.149193],[-105.361769,28.148289],[-105.362674,28.14828],[-105.363346,28.148266],[-105.364521,28.148242],[-105.365421,28.148244],[-105.366525,28.148211],[-105.366728,28.148198],[-105.366688,28.148259],[-105.366716,28.148759],[-105.366707,28.149535],[-105.366741,28.150025],[-105.366612,28.150156],[-105.366543,28.150263],[-105.366523,28.150423],[-105.366537,28.150617]]]}},{"type":"Feature","properties":{"modulo":3,"idparcela":"1257","productor":"DELMAR DEL NORTE DE DELICIAS SPR DE RL","cultivo":"Alfalfa","superficie_fisica_ha":24.1,"superficie_riego_ha":24.05,"hectareas":22.985},"geometry":{"type":"Polygon","coordinates":[[[-105.371832,28.146251],[-105.371882,28.147209],[-105.371887,28.147519],[-105.371894,28.147918],[-105.371894,28.148295],[-105.371896,28.148911],[-105.371761,28.148804],[-105.371434,28.148683],[-105.371119,28.148535],[-105.370875,28.148418],[-105.370629,28.1482],[-105.370454,28.147948],[-105.370242,28.147644],[-105.370167,28.147539],[-105.370047,28.147521],[-105.369496,28.147564],[-105.368717,28.147612],[-105.368052,28.147625],[-105.367414,28.147652],[-105.36682,28.147638],[-105.366773,28.146727],[-105.366798,28.146312],[-105.367914,28.146278],[-105.371705,28.14624],[-105.371832,28.146251]],[[-105.371898,28.149009],[-105.371892,28.149111],[-105.371883,28.149791],[-105.371593,28.150169],[-105.371113,28.150615],[-105.370744,28.150609],[-105.369007,28.150632],[-105.36816,28.15061],[-105.367117,28.150645],[-105.366889,28.15065],[-105.366883,28.150405],[-105.366844,28.150289],[-105.366841,28.150183],[-105.366857,28.149895],[-105.366822,28.149002],[-105.366814,28.148258],[-105.366823,28.147783],[-105.367724,28.147728],[-105.368192,28.147729],[-105.368678,28.147718],[-105.369223,28.147665],[-105.369938,28.147652],[-105.370073,28.147616],[-105.370171,28.147688],[-105.370309,28.147898],[-105.370509,28.148192],[-105.370792,28.148462],[-105.371097,28.148647],[-105.371399,28.148737],[-105.371764,28.1489],[-105.371898,28.149009]]]}},{"type":"Feature","properties":{"modulo":3,"idparcela":"1296","productor":"DELMAR DEL NORTE DE DELICIAS SPR DE RL","cultivo":"Alfalfa","superficie_fisica_ha":24.8,"superficie_riego_ha":24.8,"hectareas":21.864},"geometry":{"type":"Polygon","coordinates":[[[-105.371305,28.1507],[-105.371539,28.150356],[-105.371985,28.149846],[-105.371994,28.149044],[-105.37197,28.148899],[-105.371896,28.148911],[-105.371894,28.148295],[-105.371894,28.147918],[-105.371887,28.147519],[-105.371882,28.147209],[-105.371832,28.146251],[-105.372041,28.146224],[-105.372617,28.146222],[-105.373963,28.146217],[-105.374146,28.146217],[-105.374599,28.146215],[-105.375089,28.146213],[-105.375349,28.146219],[-105.376138,28.146161],[-105.376161,28.146346],[-105.376204,28.147084],[-105.376278,28.14805],[-105.376313,28.148496],[-105.376364,28.148689],[-105.376448,28.14903],[-105.376565,28.149527],[-105.376605,28.149921],[-105.376718,28.150274],[-105.376742,28.150603],[-105.37512,28.150655],[-105.374139,28.150675],[-105.373667,28.150685],[-105.372686,28.150691],[-105.371305,28.1507]]]}},{"type":"Feature","properties":{"modulo":3,"idparcela":"1277","productor":"GRANJA DEL NORTE SPR DE RL DE CV","cultivo":"Alfalfa","superficie_fisica_ha":23.35,"superficie_riego_ha":23.35,"hectareas":23.637},"geometry":{"type":"Polygon","coordinates":[[[-105.376762,28.154957],[-105.375052,28.154947],[-105.373548,28.155002],[-105.372314,28.155005],[-105.371848,28.155006],[-105.371822,28.154361],[-105.371832,28.153921],[-105.371804,28.153358],[-105.371814,28.152783],[-105.371771,28.15214],[-105.371721,28.151727],[-105.37135,28.150918],[-105.371305,28.1507],[-105.372686,28.150691],[-105.373667,28.150685],[-105.374139,28.150675],[-105.37512,28.150655],[-105.376742,28.150603],[-105.376774,28.15126],[-105.376777,28.151918],[-105.376817,28.152978],[-105.376793,28.15452],[-105.376772,28.154761],[-105.376762,28.154957]]]}},{"type":"Feature","properties":{"modulo":3,"idparcela":"1278","productor":"RUBIO CHAVEZ MANUELA","cultivo":"Alfalfa","superficie_fisica_ha":23.7,"superficie_riego_ha":23.7,"hectareas":23.643},"geometry":{"type":"Polygon","coordinates":[[[-105.371698,28.154963],[-105.371711,28.155118],[-105.366765,28.155131],[-105.36664,28.154904],[-105.366651,28.154835],[-105.366992,28.153999],[-105.367077,28.153756],[-105.367072,28.153572],[-105.366976,28.153367],[-105.366605,28.15311],[-105.365988,28.152847],[-105.365684,28.152646],[-105.365579,28.152568],[-105.365961,28.152307],[-105.366379,28.151918],[-105.366678,28.151452],[-105.367133,28.150724],[-105.368905,28.150738],[-105.371124,28.150727],[-105.371512,28.15165],[-105.371651,28.15251],[-105.37165,28.152936],[-105.37165,28.15347],[-105.371665,28.153994],[-105.371654,28.154581],[-105.371698,28.154963]]]}},{"type":"Feature","properties":{"modulo":3,"idparcela":"1256","productor":"RUBIO CHAVEZ MANUELA","cultivo":"Alfalfa","superficie_fisica_ha":22.4,"superficie_riego_ha":22.4,"hectareas":23.121},"geometry":{"type":"Polygon","coordinates":[[[-105.366765,28.155131],[-105.365153,28.15513],[-105.361842,28.155084],[-105.361736,28.155006],[-105.361695,28.154926],[-105.361737,28.152567],[-105.361756,28.150853],[-105.361845,28.150793],[-105.361944,28.150779],[-105.362883,28.150749],[-105.363739,28.150754],[-105.365088,28.150714],[-105.366931,28.150722],[-105.367133,28.150724],[-105.366678,28.151452],[-105.366379,28.151918],[-105.365961,28.152307],[-105.365579,28.152568],[-105.365684,28.152646],[-105.365988,28.152847],[-105.366605,28.15311],[-105.366976,28.153367],[-105.367072,28.153572],[-105.367077,28.153756],[-105.366992,28.153999],[-105.366651,28.154835],[-105.36664,28.154904],[-105.366765,28.155131]]]}},{"type":"Feature","properties":{"modulo":3,"idparcela":"1292","productor":"AGRICOLA PINO SOLO, SPR DE RL","cultivo":"Alfalfa","superficie_fisica_ha":5.25,"superficie_riego_ha":5.25,"hectareas":5.14},"geometry":{"type":"Polygon","coordinates":[[[-105.36156,28.148421],[-105.360846,28.148392],[-105.359029,28.148401],[-105.357796,28.148413],[-105.356952,28.148471],[-105.357234,28.148022],[-105.357535,28.147742],[-105.358001,28.14756],[-105.358582,28.147447],[-105.359211,28.147319],[-105.359599,28.147268],[-105.360035,28.147173],[-105.360956,28.147038],[-105.361281,28.14706],[-105.361572,28.147026],[-105.361614,28.147272],[-105.361591,28.147562],[-105.361593,28.147802],[-105.36156,28.148421]]]}},{"type":"Feature","properties":{"modulo":3,"idparcela":"1255","productor":"FACULTAD DE AGRONOMIA","cultivo":"Alfalfa","superficie_fisica_ha":25.45,"superficie_riego_ha":25.45,"hectareas":25.167},"geometry":{"type":"Polygon","coordinates":[[[-105.361621,28.151265],[-105.361611,28.152158],[-105.361577,28.153324],[-105.361423,28.153554],[-105.36134,28.153766],[-105.361242,28.153992],[-105.361204,28.154256],[-105.36128,28.154365],[-105.358144,28.152964],[-105.357765,28.15277],[-105.357728,28.152598],[-105.357722,28.152369],[-105.357582,28.151954],[-105.357296,28.151601],[-105.356948,28.151292],[-105.35665,28.151097],[-105.35642,28.150914],[-105.358043,28.15101],[-105.359457,28.151096],[-105.360937,28.151209],[-105.361621,28.151265]],[[-105.356952,28.148471],[-105.357796,28.148413],[-105.359029,28.148401],[-105.360846,28.148392],[-105.36156,28.148421],[-105.361593,28.149024],[-105.361626,28.150893],[-105.3616,28.151138],[-105.360219,28.151066],[-105.359162,28.150987],[-105.357407,28.150865],[-105.356349,28.150791],[-105.356333,28.150758],[-105.356443,28.150626],[-105.356488,28.150482],[-105.356517,28.150352],[-105.356448,28.150195],[-105.356298,28.150054],[-105.356296,28.149954],[-105.356351,28.149607],[-105.356456,28.14926],[-105.356952,28.148471]]]}},{"type":"Feature","properties":{"modulo":3,"idparcela":"1299","productor":"DELMAR DEL NORTE DE DELICIAS SPR DE RL","cultivo":"Triticale","superficie_fisica_ha":35.17,"superficie_riego_ha":34.74,"hectareas":10.164},"geometry":{"type":"Polygon","coordinates":[[[-105.361395,28.155039],[-105.356122,28.155048],[-105.355027,28.155014],[-105.355255,28.154792],[-105.355332,28.154618],[-105.355279,28.154447],[-105.355242,28.154304],[-105.355624,28.154008],[-105.355943,28.153786],[-105.356131,28.153538],[-105.356207,28.153349],[-105.356199,28.153033],[-105.356108,28.152661],[-105.356112,28.152406],[-105.357103,28.152885],[-105.357512,28.153006],[-105.357738,28.152972],[-105.358312,28.153176],[-105.360396,28.154096],[-105.361447,28.154578],[-105.361467,28.154692],[-105.36147,28.154822],[-105.36144,28.154908],[-105.361395,28.155039]]]}},{"type":"Feature","properties":{"modulo":3,"idparcela":"1259","productor":"SANDOVAL TARIN CARLOS","cultivo":"Alfalfa","superficie_fisica_ha":12.1,"superficie_riego_ha":12,"hectareas":11.75},"geometry":{"type":"Polygon","coordinates":[[[-105.354913,28.155017],[-105.353575,28.155057],[-105.353326,28.155037],[-105.353074,28.155043],[-105.352829,28.155073],[-105.352944,28.153877],[-105.352956,28.153733],[-105.35283,28.153275],[-105.352459,28.152118],[-105.352316,28.151603],[-105.352091,28.15109],[-105.352114,28.150731],[-105.352144,28.150615],[-105.353834,28.151356],[-105.355476,28.152099],[-105.356006,28.152355],[-105.356027,28.152677],[-105.356119,28.153092],[-105.356108,28.153294],[-105.356047,28.153439],[-105.355954,28.153613],[-105.355796,28.153775],[-105.355494,28.153997],[-105.355192,28.154233],[-105.355145,28.154291],[-105.355198,28.154448],[-105.35522,28.154692],[-105.354913,28.155017]]]}},{"type":"Feature","properties":{"modulo":3,"idparcela":"1260","productor":"SANDOVAL TARIN CARLOS","cultivo":"Alfalfa","superficie_fisica_ha":18.6,"superficie_riego_ha":18.6,"hectareas":16.358},"geometry":{"type":"Polygon","coordinates":[[[-105.351724,28.15175],[-105.351641,28.151906],[-105.348758,28.151965],[-105.349105,28.151281],[-105.349418,28.150628],[-105.349582,28.15027],[-105.349709,28.149625],[-105.349887,28.149608],[-105.350683,28.14996],[-105.351149,28.150187],[-105.351234,28.150328],[-105.351158,28.15073],[-105.351114,28.151024],[-105.351221,28.151145],[-105.35145,28.151248],[-105.351658,28.151259],[-105.351716,28.151473],[-105.351724,28.15175]],[[-105.35268,28.155072],[-105.352072,28.1551],[-105.351326,28.155115],[-105.350622,28.155115],[-105.350487,28.154897],[-105.350319,28.154505],[-105.350223,28.154329],[-105.350013,28.154112],[-105.34957,28.15375],[-105.349147,28.153528],[-105.348677,28.153492],[-105.348429,28.153455],[-105.34811,28.153172],[-105.347809,28.152847],[-105.347591,28.15263],[-105.347555,28.152468],[-105.34795,28.152275],[-105.348346,28.152159],[-105.349995,28.152094],[-105.350863,28.152076],[-105.352217,28.152017],[-105.352323,28.152076],[-105.352743,28.153531],[-105.352821,28.153821],[-105.352737,28.154624],[-105.35268,28.155072]]]}},{"type":"Feature","properties":{"modulo":3,"idparcela":"1266","productor":"GOMEZ RAMOS LUIS ALONSO","cultivo":"Ma­z","superficie_fisica_ha":13.9,"superficie_riego_ha":13.01,"hectareas":13.605},"geometry":{"type":"Polygon","coordinates":[[[-105.343104,28.149018],[-105.342777,28.147824],[-105.342476,28.146922],[-105.342378,28.146508],[-105.342429,28.146461],[-105.342603,28.146472],[-105.344396,28.147282],[-105.345327,28.147679],[-105.346627,28.148222],[-105.34877,28.149117],[-105.349596,28.149484],[-105.349568,28.149716],[-105.349489,28.150041],[-105.349362,28.150475],[-105.349226,28.150601],[-105.349053,28.150635],[-105.345573,28.149752],[-105.343104,28.149018]]]}},{"type":"Feature","properties":{"modulo":3,"idparcela":"1264","productor":"GOMEZ RAMOS LUIS ALONSO","cultivo":"Alfalfa","superficie_fisica_ha":5,"superficie_riego_ha":5,"hectareas":5.614},"geometry":{"type":"Polygon","coordinates":[[[-105.342636,28.153415],[-105.342873,28.151564],[-105.343936,28.151816],[-105.345197,28.152121],[-105.345954,28.152309],[-105.345766,28.153714],[-105.342636,28.153415]]]}},{"type":"Feature","properties":{"modulo":3,"idparcela":"1291","productor":"RASCON AGUAYO LUIS ALBERTO","cultivo":"Alfalfa","superficie_fisica_ha":22.55,"superficie_riego_ha":22.55,"hectareas":24.005},"geometry":{"type":"Polygon","coordinates":[[[-105.351051,28.164146],[-105.350085,28.164154],[-105.34833,28.164166],[-105.347227,28.164165],[-105.345811,28.164146],[-105.345389,28.164127],[-105.345066,28.161684],[-105.345432,28.161633],[-105.345716,28.161566],[-105.345544,28.161244],[-105.345316,28.160875],[-105.345111,28.160708],[-105.344905,28.160244],[-105.344749,28.159943],[-105.345306,28.159958],[-105.346367,28.159949],[-105.348178,28.159947],[-105.348818,28.15997],[-105.349402,28.159935],[-105.350124,28.159943],[-105.350341,28.159915],[-105.35029,28.160037],[-105.350094,28.160378],[-105.34971,28.160784],[-105.349639,28.16116],[-105.349801,28.161651],[-105.349986,28.161936],[-105.350335,28.162279],[-105.350736,28.1625],[-105.351149,28.162672],[-105.351374,28.162945],[-105.351438,28.163318],[-105.351356,28.163814],[-105.351239,28.164034],[-105.351051,28.164146]]]}},{"type":"Feature","properties":{"modulo":3,"idparcela":"1290","productor":"MARTINEZ ARMENDARIZ LUIS CARLOS","cultivo":"Ma­z","superficie_fisica_ha":20.05,"superficie_riego_ha":20.05,"hectareas":16.213},"geometry":{"type":"Polygon","coordinates":[[[-105.345389,28.164127],[-105.344505,28.164161],[-105.343705,28.16431],[-105.34338,28.164365],[-105.343146,28.164273],[-105.342618,28.163838],[-105.342206,28.163714],[-105.341725,28.163555],[-105.341301,28.163455],[-105.341317,28.16302],[-105.341403,28.162162],[-105.341593,28.160578],[-105.341674,28.160046],[-105.341739,28.159936],[-105.341983,28.159882],[-105.343916,28.159903],[-105.34457,28.159937],[-105.344786,28.160367],[-105.344977,28.160894],[-105.345153,28.161397],[-105.345074,28.161515],[-105.345066,28.161684],[-105.345389,28.164127]]]}},{"type":"Feature","properties":{"modulo":3,"idparcela":"1289","productor":"GUADALUPE BAEZA DE RODRIGUEZ","cultivo":"Alfalfa","superficie_fisica_ha":11.5,"superficie_riego_ha":11,"hectareas":11.212},"geometry":{"type":"Polygon","coordinates":[[[-105.355882,28.164022],[-105.355813,28.164167],[-105.355434,28.164175],[-105.35507,28.164055],[-105.354708,28.164046],[-105.354477,28.164195],[-105.351659,28.164189],[-105.351567,28.164111],[-105.351632,28.163854],[-105.351677,28.163501],[-105.351683,28.163052],[-105.351549,28.162751],[-105.351309,28.162564],[-105.350942,28.162347],[-105.350503,28.162148],[-105.350343,28.161998],[-105.351383,28.161922],[-105.352501,28.161883],[-105.354505,28.161809],[-105.355732,28.161799],[-105.355756,28.161991],[-105.355823,28.16247],[-105.3559,28.163333],[-105.355882,28.164022]]]}},{"type":"Feature","properties":{"modulo":3,"idparcela":"1287","productor":"MARTINEZ ARMENDARIZ CARMEN","cultivo":"Sin Cultivo","superficie_fisica_ha":6.275,"superficie_riego_ha":6.275,"hectareas":5.758},"geometry":{"type":"Polygon","coordinates":[[[-105.352936,28.160011],[-105.353131,28.160007],[-105.355338,28.159988],[-105.356399,28.159997],[-105.356195,28.16032],[-105.355889,28.161094],[-105.355748,28.161703],[-105.355722,28.161719],[-105.354647,28.161726],[-105.353275,28.161771],[-105.352983,28.161777],[-105.352936,28.160011]]]}},{"type":"Feature","properties":{"modulo":3,"idparcela":"1285","productor":"AUED HADAD JOSEPH","cultivo":"Sin Cultivo","superficie_fisica_ha":12.8,"superficie_riego_ha":12.7,"hectareas":12.043},"geometry":{"type":"Polygon","coordinates":[[[-105.358888,28.164163],[-105.358477,28.163776],[-105.358468,28.163456],[-105.358856,28.16308],[-105.358911,28.162438],[-105.358894,28.161798],[-105.359245,28.161407],[-105.359245,28.160718],[-105.358916,28.159909],[-105.359748,28.159923],[-105.360687,28.159936],[-105.361555,28.15995],[-105.361578,28.160157],[-105.361573,28.161599],[-105.361576,28.162309],[-105.361184,28.162343],[-105.361133,28.16244],[-105.361208,28.162551],[-105.361584,28.162511],[-105.361613,28.163503],[-105.361624,28.163935],[-105.361539,28.164145],[-105.36004,28.164144],[-105.359011,28.164165],[-105.358888,28.164163]]]}},{"type":"Feature","properties":{"modulo":3,"idparcela":"1286","productor":"BURROLA N LEONILA","cultivo":"Sin Cultivo","superficie_fisica_ha":12.55,"superficie_riego_ha":12.55,"hectareas":12.676},"geometry":{"type":"Polygon","coordinates":[[[-105.358916,28.159909],[-105.359245,28.160718],[-105.359245,28.161407],[-105.358894,28.161798],[-105.358911,28.162438],[-105.358856,28.16308],[-105.358468,28.163456],[-105.358477,28.163776],[-105.358888,28.164163],[-105.357746,28.164143],[-105.35686,28.164114],[-105.356101,28.164113],[-105.356086,28.163553],[-105.356141,28.162896],[-105.356054,28.162337],[-105.355931,28.161796],[-105.35611,28.161039],[-105.356348,28.160458],[-105.356678,28.159971],[-105.356789,28.159949],[-105.358032,28.159943],[-105.358916,28.159909]]]}},{"type":"Feature","properties":{"modulo":3,"idparcela":"1282","productor":"RUBIO CHAVEZ MANUELA","cultivo":"Nogal (Nuez)","superficie_fisica_ha":33.45,"superficie_riego_ha":33.25,"hectareas":32.865},"geometry":{"type":"Polygon","coordinates":[[[-105.363512,28.162491],[-105.362832,28.162385],[-105.362321,28.162282],[-105.361949,28.162303],[-105.361767,28.162247],[-105.361731,28.161747],[-105.361745,28.159726],[-105.361715,28.157581],[-105.361711,28.155858],[-105.361721,28.155265],[-105.361766,28.15527],[-105.362731,28.155263],[-105.364585,28.155264],[-105.366685,28.155281],[-105.366698,28.155391],[-105.366659,28.155576],[-105.366589,28.155749],[-105.366312,28.155939],[-105.366157,28.156245],[-105.366013,28.156998],[-105.366008,28.157353],[-105.366076,28.157681],[-105.366302,28.15787],[-105.366693,28.158122],[-105.366992,28.158336],[-105.36723,28.158644],[-105.367349,28.159234],[-105.367332,28.159681],[-105.367306,28.159908],[-105.366973,28.160177],[-105.366327,28.160511],[-105.36577,28.160783],[-105.365346,28.160972],[-105.36512,28.160976],[-105.364302,28.160793],[-105.364079,28.160878],[-105.363639,28.161327],[-105.363557,28.161629],[-105.363638,28.162128],[-105.363748,28.16253],[-105.363512,28.162491]]]}},{"type":"Feature","properties":{"modulo":3,"idparcela":"1281","productor":"RUBIO CHAVEZ MANUELA","cultivo":"Ma­z","superficie_fisica_ha":10.6,"superficie_riego_ha":10.6,"hectareas":10.97},"geometry":{"type":"Polygon","coordinates":[[[-105.369752,28.16108],[-105.368226,28.161452],[-105.367501,28.161586],[-105.366768,28.161823],[-105.365915,28.16202],[-105.365333,28.162213],[-105.364954,28.162381],[-105.364878,28.162062],[-105.364735,28.161765],[-105.36466,28.161506],[-105.364793,28.161403],[-105.365285,28.161233],[-105.365596,28.161026],[-105.366131,28.160775],[-105.366598,28.160505],[-105.367222,28.160192],[-105.367331,28.16007],[-105.367419,28.159968],[-105.367471,28.159661],[-105.368665,28.159262],[-105.370074,28.158752],[-105.370433,28.158654],[-105.370653,28.1593],[-105.37078,28.159818],[-105.370794,28.160333],[-105.370686,28.160743],[-105.370514,28.160884],[-105.370069,28.160993],[-105.369752,28.16108]]]}},{"type":"Feature","properties":{"modulo":3,"idparcela":"1279","productor":"RUBIO CHAVEZ MANUELA","cultivo":"Sin Cultivo","superficie_fisica_ha":9.7,"superficie_riego_ha":9.7,"hectareas":8.538},"geometry":{"type":"Polygon","coordinates":[[[-105.371145,28.156233],[-105.370929,28.156461],[-105.370669,28.156743],[-105.370188,28.157109],[-105.370029,28.15727],[-105.368742,28.157059],[-105.366951,28.156776],[-105.366254,28.156637],[-105.366329,28.156329],[-105.366413,28.156087],[-105.366678,28.155841],[-105.366829,28.155578],[-105.366823,28.155358],[-105.366889,28.155296],[-105.367565,28.155262],[-105.368176,28.15529],[-105.36971,28.155302],[-105.370764,28.155294],[-105.371639,28.155262],[-105.371602,28.155539],[-105.371391,28.155991],[-105.371145,28.156233]]]}},{"type":"Feature","properties":{"modulo":3,"idparcela":"1280","productor":"RUBIO CHAVEZ MANUELA","cultivo":"Avena","superficie_fisica_ha":9.55,"superficie_riego_ha":9.55,"hectareas":8.2},"geometry":{"type":"Polygon","coordinates":[[[-105.367471,28.159661],[-105.367497,28.159506],[-105.367463,28.159067],[-105.367315,28.158589],[-105.367079,28.158214],[-105.366552,28.157905],[-105.366298,28.15769],[-105.366154,28.157393],[-105.366207,28.156831],[-105.366254,28.156637],[-105.366951,28.156776],[-105.368742,28.157059],[-105.370029,28.15727],[-105.370048,28.157414],[-105.370335,28.158366],[-105.370433,28.158654],[-105.370074,28.158752],[-105.368665,28.159262],[-105.367471,28.159661]]]}},{"type":"Feature","properties":{"modulo":3,"idparcela":"1297","productor":"CARDENAS SEYFFERT JOSE ALBERTO","cultivo":"Alfalfa","superficie_fisica_ha":44.95,"superficie_riego_ha":44.41,"hectareas":47.518},"geometry":{"type":"Polygon","coordinates":[[[-105.377478,28.157674],[-105.377345,28.157677],[-105.376909,28.157675],[-105.376466,28.15771],[-105.375555,28.157776],[-105.374713,28.15777],[-105.373783,28.157797],[-105.372613,28.157839],[-105.372029,28.157859],[-105.372005,28.157751],[-105.371963,28.156151],[-105.371985,28.15537],[-105.372156,28.155287],[-105.372618,28.155292],[-105.375166,28.155213],[-105.377042,28.155267],[-105.377792,28.155264],[-105.378816,28.155312],[-105.378614,28.15561],[-105.378409,28.155849],[-105.378192,28.156146],[-105.377989,28.156491],[-105.377778,28.157006],[-105.377527,28.157556],[-105.377478,28.157674]],[[-105.374717,28.164209],[-105.374697,28.162601],[-105.374357,28.162621],[-105.373811,28.162719],[-105.372997,28.162946],[-105.371994,28.163034],[-105.37201,28.160373],[-105.372067,28.159271],[-105.372056,28.158871],[-105.372059,28.158475],[-105.372077,28.15801],[-105.372086,28.157998],[-105.373421,28.157935],[-105.374836,28.157894],[-105.375102,28.157912],[-105.375173,28.158085],[-105.375226,28.158445],[-105.375404,28.158621],[-105.375578,28.158711],[-105.375729,28.158789],[-105.37603,28.158944],[-105.376588,28.159237],[-105.376968,28.159669],[-105.377121,28.160111],[-105.377202,28.160344],[-105.377294,28.160563],[-105.377376,28.16076],[-105.377549,28.161178],[-105.377718,28.161452],[-105.378094,28.162167],[-105.378065,28.162688],[-105.378037,28.163249],[-105.377916,28.163591],[-105.377665,28.163917],[-105.377523,28.163998],[-105.377302,28.164124],[-105.377068,28.164158],[-105.375807,28.164228],[-105.374717,28.164209]]]}},{"type":"Feature","properties":{"modulo":3,"idparcela":"1338","productor":"CARDENAS SEYFFERT JOSE ALBERTO","cultivo":"Alfalfa","superficie_fisica_ha":36.25,"superficie_riego_ha":36.25,"hectareas":33.43},"geometry":{"type":"Polygon","coordinates":[[[-105.392381,28.16416],[-105.391253,28.164184],[-105.390888,28.164187],[-105.388969,28.164201],[-105.388065,28.164208],[-105.387078,28.164215],[-105.386684,28.164274],[-105.38533,28.164302],[-105.384172,28.164276],[-105.383636,28.164262],[-105.383234,28.164021],[-105.382791,28.16321],[-105.382718,28.162869],[-105.382823,28.161303],[-105.382742,28.161154],[-105.392335,28.160819],[-105.392402,28.161702],[-105.392384,28.163154],[-105.392377,28.163954],[-105.392381,28.16416]]]}},{"type":"Feature","properties":{"modulo":3,"idparcela":"1277","productor":"GRANJA DEL NORTE SPR DE RL DE CV","cultivo":"Alfalfa","superficie_fisica_ha":23.35,"superficie_riego_ha":23.35,"hectareas":23.636},"geometry":{"type":"Polygon","coordinates":[[[-105.392174,28.154799],[-105.390768,28.154828],[-105.389509,28.154834],[-105.388578,28.154829],[-105.388126,28.154838],[-105.387773,28.15427],[-105.387539,28.153975],[-105.387473,28.153626],[-105.387213,28.153381],[-105.386366,28.153399],[-105.385096,28.153376],[-105.384335,28.153416],[-105.384136,28.153371],[-105.383927,28.15295],[-105.383724,28.152729],[-105.383551,28.152607],[-105.383377,28.152411],[-105.383287,28.152238],[-105.383591,28.151981],[-105.383954,28.151848],[-105.384715,28.151783],[-105.386154,28.151777],[-105.387506,28.151733],[-105.388396,28.151688],[-105.389171,28.151664],[-105.390153,28.151444],[-105.391301,28.151119],[-105.391836,28.151058],[-105.392117,28.151027],[-105.392207,28.151225],[-105.392247,28.153776],[-105.392174,28.154799]]]}},{"type":"Feature","properties":{"modulo":3,"idparcela":"1252","productor":"GRANJA DEL NORTE SPR DE RL DE CV","cultivo":"Ma­z","superficie_fisica_ha":21.71,"superficie_riego_ha":21.71,"hectareas":22.048},"geometry":{"type":"Polygon","coordinates":[[[-105.383275,28.148437],[-105.383243,28.148554],[-105.384538,28.150702],[-105.385216,28.150606],[-105.385655,28.150543],[-105.385933,28.150504],[-105.386193,28.150521],[-105.38804,28.151058],[-105.388043,28.151136],[-105.386832,28.151147],[-105.385603,28.151173],[-105.38425,28.151257],[-105.383359,28.15146],[-105.383112,28.151576],[-105.38216,28.15224],[-105.382146,28.151148],[-105.382101,28.15057],[-105.38212,28.149637],[-105.382152,28.149147],[-105.382134,28.148472],[-105.382123,28.148057],[-105.382119,28.147504],[-105.382126,28.146503],[-105.382128,28.146183],[-105.382323,28.14618],[-105.38285,28.146169],[-105.383343,28.146158],[-105.385448,28.146133],[-105.385884,28.146127],[-105.386117,28.146229],[-105.386416,28.146381],[-105.386964,28.14666],[-105.387226,28.146805],[-105.387602,28.147013],[-105.387951,28.147206],[-105.387959,28.147487],[-105.387979,28.14833],[-105.386905,28.14843],[-105.386465,28.148439],[-105.386176,28.148445],[-105.385268,28.148614],[-105.384669,28.148695],[-105.384246,28.148724],[-105.383818,28.148525],[-105.383322,28.148328],[-105.383275,28.148437]]]}},{"type":"Feature","properties":{"modulo":3,"idparcela":"1251","productor":"MARTINEZ ENRIQUE","cultivo":"Alfalfa","superficie_fisica_ha":16.44,"superficie_riego_ha":16.44,"hectareas":11.788},"geometry":{"type":"Polygon","coordinates":[[[-105.394535,28.148592],[-105.394538,28.148587],[-105.39456,28.148597],[-105.394535,28.148592]],[[-105.388397,28.148933],[-105.388741,28.148995],[-105.389213,28.149032],[-105.389973,28.149127],[-105.39071,28.149201],[-105.391225,28.149224],[-105.391325,28.149224],[-105.391435,28.149227],[-105.391668,28.149181],[-105.392111,28.149141],[-105.393013,28.148983],[-105.39319,28.148902],[-105.393629,28.14861],[-105.393856,28.148548],[-105.39409,28.148518],[-105.394535,28.148592],[-105.394502,28.149329],[-105.39433,28.149559],[-105.394013,28.149803],[-105.393838,28.149915],[-105.393911,28.150141],[-105.393623,28.15021],[-105.392608,28.150453],[-105.391967,28.150633],[-105.391241,28.150796],[-105.390736,28.150902],[-105.390227,28.151039],[-105.38915,28.15132],[-105.388381,28.15141],[-105.388208,28.151324],[-105.388189,28.15034],[-105.388174,28.148928],[-105.388397,28.148933]]]}},{"type":"Feature","properties":{"modulo":3,"idparcela":"1293","productor":"AGRICOLA PINO SOLO, SPR DE RL","cultivo":"Alfalfa","superficie_fisica_ha":19.45,"superficie_riego_ha":19.45,"hectareas":18.543},"geometry":{"type":"Polygon","coordinates":[[[-105.357295,28.152733],[-105.35585,28.152015],[-105.354269,28.151373],[-105.352992,28.150807],[-105.351422,28.150114],[-105.350378,28.149651],[-105.348891,28.149023],[-105.348471,28.148835],[-105.34827,28.148613],[-105.348632,28.148641],[-105.350646,28.14883],[-105.351894,28.148947],[-105.352275,28.148921],[-105.353888,28.148407],[-105.356144,28.147933],[-105.356945,28.147845],[-105.357067,28.147896],[-105.35707,28.148021],[-105.356918,28.148327],[-105.356647,28.148742],[-105.356203,28.149409],[-105.356114,28.149838],[-105.35616,28.150069],[-105.356285,28.150226],[-105.356348,28.150332],[-105.356351,28.150456],[-105.356256,28.150636],[-105.356178,28.150745],[-105.356247,28.150937],[-105.356399,28.151065],[-105.357083,28.151545],[-105.357357,28.15202],[-105.357502,28.152212],[-105.357535,28.15271],[-105.357295,28.152733]]]}},{"type":"Feature","properties":{"modulo":3,"idparcela":"1326","productor":"BAEZA GOMEZ GABRIEL","cultivo":"Alfalfa","superficie_fisica_ha":33.25,"superficie_riego_ha":31.13,"hectareas":27.954},"geometry":{"type":"Polygon","coordinates":[[[-105.341255,28.165141],[-105.341673,28.165158],[-105.342425,28.165002],[-105.342937,28.164815],[-105.343277,28.164524],[-105.343346,28.164561],[-105.343621,28.164533],[-105.343948,28.164487],[-105.344174,28.164544],[-105.344798,28.165354],[-105.345299,28.166278],[-105.345825,28.16718],[-105.345758,28.167448],[-105.345498,28.168099],[-105.345505,28.168388],[-105.345734,28.168494],[-105.345838,28.168626],[-105.345977,28.169134],[-105.346287,28.169462],[-105.346257,28.170241],[-105.346264,28.171464],[-105.346142,28.1716],[-105.34594,28.17156],[-105.345599,28.17147],[-105.345237,28.17153],[-105.344989,28.171435],[-105.343337,28.170268],[-105.342089,28.169417],[-105.34094,28.168549],[-105.340558,28.168312],[-105.340466,28.168236],[-105.340577,28.168111],[-105.340715,28.167563],[-105.340941,28.166658],[-105.341232,28.165317],[-105.341255,28.165141]]]}},{"type":"Feature","properties":{"modulo":3,"idparcela":"1321","productor":"SANCHEZ BERNAL JAIME","cultivo":"Chile verde","superficie_fisica_ha":12.94,"superficie_riego_ha":12.04,"hectareas":13.116},"geometry":{"type":"Polygon","coordinates":[[[-105.346474,28.169724],[-105.347728,28.169619],[-105.349117,28.169431],[-105.349974,28.169258],[-105.349999,28.16934],[-105.350035,28.169637],[-105.350072,28.169879],[-105.35017,28.170115],[-105.35038,28.170445],[-105.350612,28.17082],[-105.350654,28.170901],[-105.350749,28.171004],[-105.35093,28.171329],[-105.351069,28.171537],[-105.350764,28.171683],[-105.349994,28.171988],[-105.349771,28.172104],[-105.348853,28.172523],[-105.348432,28.172754],[-105.348107,28.172806],[-105.346954,28.172874],[-105.34652,28.172894],[-105.346495,28.172827],[-105.346456,28.171938],[-105.346468,28.170912],[-105.346476,28.169792],[-105.346474,28.169724]]]}},{"type":"Feature","properties":{"modulo":3,"idparcela":"1275","productor":"MARTINEZ ARMENDARIZ LUIS CARLOS","cultivo":"Alfalfa","superficie_fisica_ha":8.95,"superficie_riego_ha":8.95,"hectareas":8.643},"geometry":{"type":"Polygon","coordinates":[[[-105.345949,28.16699],[-105.345317,28.166011],[-105.345142,28.1657],[-105.350974,28.165348],[-105.350724,28.16575],[-105.350301,28.166447],[-105.349959,28.166872],[-105.349418,28.167306],[-105.34912,28.167401],[-105.349067,28.167412],[-105.348541,28.167346],[-105.34791,28.167226],[-105.347129,28.167108],[-105.346197,28.167016],[-105.345949,28.16699]]]}},{"type":"Feature","properties":{"modulo":3,"idparcela":"1274","productor":"GOMEZ RAMOS ADRIANA","cultivo":"Alfalfa","superficie_fisica_ha":9.15,"superficie_riego_ha":9.15,"hectareas":8.306},"geometry":{"type":"Polygon","coordinates":[[[-105.345102,28.165628],[-105.344685,28.164889],[-105.344246,28.164409],[-105.344269,28.16432],[-105.344568,28.164247],[-105.346351,28.164277],[-105.348435,28.164278],[-105.350331,28.16429],[-105.351298,28.164279],[-105.351325,28.164418],[-105.351097,28.165134],[-105.351061,28.165258],[-105.350355,28.16529],[-105.348841,28.165404],[-105.347362,28.165479],[-105.346134,28.165571],[-105.345102,28.165628]]]}},{"type":"Feature","properties":{"modulo":3,"idparcela":"1273","productor":"DELMAR DEL NORTE DE DELICIAS SPR DE RL","cultivo":"Alfalfa","superficie_fisica_ha":11.1,"superficie_riego_ha":11.1,"hectareas":10.953},"geometry":{"type":"Polygon","coordinates":[[[-105.357525,28.17102],[-105.357153,28.171194],[-105.356503,28.171297],[-105.355123,28.171325],[-105.353717,28.171332],[-105.352789,28.171352],[-105.351877,28.171367],[-105.351574,28.171393],[-105.35126,28.171472],[-105.351132,28.171341],[-105.350844,28.170902],[-105.350572,28.170407],[-105.355104,28.169056],[-105.355141,28.169167],[-105.355397,28.169362],[-105.356039,28.169905],[-105.356397,28.170099],[-105.356728,28.170227],[-105.357315,28.170679],[-105.357525,28.17102]]]}},{"type":"Feature","properties":{"modulo":3,"idparcela":"1272","productor":"RANGEL BERNAL MARCIA ELENA","cultivo":"Nogal (Nuez)","superficie_fisica_ha":10.7,"superficie_riego_ha":10.7,"hectareas":9.273},"geometry":{"type":"Polygon","coordinates":[[[-105.349691,28.167922],[-105.351134,28.167972],[-105.351446,28.167984],[-105.352546,28.167959],[-105.352694,28.167954],[-105.354331,28.167952],[-105.35443,28.167948],[-105.355277,28.167912],[-105.35521,28.167986],[-105.355101,28.168612],[-105.355059,28.168924],[-105.35507,28.168956],[-105.354164,28.169232],[-105.351946,28.169856],[-105.350505,28.170271],[-105.350368,28.170109],[-105.350239,28.169748],[-105.350122,28.169227],[-105.350141,28.169023],[-105.350108,28.168789],[-105.350049,28.168544],[-105.349691,28.167922]]]}},{"type":"Feature","properties":{"modulo":3,"idparcela":"1270","productor":"SANDOVAL TARIN CARLOS","cultivo":"Alfalfa","superficie_fisica_ha":10.2,"superficie_riego_ha":10.1,"hectareas":9.746},"geometry":{"type":"Polygon","coordinates":[[[-105.350774,28.166236],[-105.351004,28.165742],[-105.351206,28.165353],[-105.351339,28.16493],[-105.351503,28.164382],[-105.35185,28.164318],[-105.353548,28.164331],[-105.354762,28.164325],[-105.355887,28.164345],[-105.35591,28.164461],[-105.356062,28.164877],[-105.356097,28.165064],[-105.356114,28.165323],[-105.356006,28.16579],[-105.355857,28.16609],[-105.354837,28.166192],[-105.353306,28.166202],[-105.351825,28.166232],[-105.350774,28.166236]]]}},{"type":"Feature","properties":{"modulo":3,"idparcela":"1271","productor":"SANDOVAL TARIN CARLOS","cultivo":"Alfalfa","superficie_fisica_ha":9.75,"superficie_riego_ha":9.75,"hectareas":10.271},"geometry":{"type":"Polygon","coordinates":[[[-105.355277,28.167912],[-105.35443,28.167948],[-105.354331,28.167952],[-105.352694,28.167954],[-105.352546,28.167959],[-105.351446,28.167984],[-105.351134,28.167972],[-105.349691,28.167922],[-105.349566,28.167772],[-105.349453,28.167661],[-105.349348,28.167503],[-105.349482,28.167407],[-105.350112,28.166957],[-105.350705,28.166322],[-105.351727,28.166301],[-105.352756,28.166302],[-105.354111,28.166274],[-105.355215,28.166251],[-105.355822,28.166199],[-105.355749,28.166507],[-105.355666,28.167176],[-105.355552,28.167623],[-105.355277,28.167912]]]}},{"type":"Feature","properties":{"modulo":3,"idparcela":"1268","productor":"LARA HERNANDEZ JAIME","cultivo":"Chile verde","superficie_fisica_ha":9.5,"superficie_riego_ha":9.5,"hectareas":8.837},"geometry":{"type":"Polygon","coordinates":[[[-105.355777,28.167193],[-105.355786,28.166973],[-105.35587,28.166349],[-105.356061,28.165967],[-105.356118,28.16581],[-105.358114,28.165768],[-105.360124,28.165815],[-105.361631,28.165869],[-105.361656,28.167351],[-105.360288,28.167258],[-105.359007,28.16724],[-105.357573,28.167137],[-105.355777,28.167193]]]}},{"type":"Feature","properties":{"modulo":3,"idparcela":"1267","productor":"LARA HERNANDEZ JAIME","cultivo":"Chile verde","superficie_fisica_ha":9.6,"superficie_riego_ha":9,"hectareas":8.588},"geometry":{"type":"Polygon","coordinates":[[[-105.356155,28.165715],[-105.356225,28.165518],[-105.356234,28.164917],[-105.356099,28.164564],[-105.356098,28.164314],[-105.356105,28.164206],[-105.356619,28.164196],[-105.358001,28.164248],[-105.358918,28.164246],[-105.360208,28.16422],[-105.361217,28.164243],[-105.3615,28.164273],[-105.361546,28.16454],[-105.361609,28.165754],[-105.359793,28.165702],[-105.358401,28.165669],[-105.356155,28.165715]]]}},{"type":"Feature","properties":{"modulo":3,"idparcela":"1188","productor":"ORNELAS RODRIGUEZ MARIO ALBERTO","cultivo":"Chile verde","superficie_fisica_ha":9.4,"superficie_riego_ha":9.4,"hectareas":8.482},"geometry":{"type":"Polygon","coordinates":[[[-105.361625,28.169407],[-105.360838,28.169745],[-105.360212,28.170107],[-105.359664,28.170275],[-105.358744,28.170583],[-105.358172,28.170817],[-105.358006,28.170555],[-105.357877,28.170218],[-105.357813,28.170121],[-105.357745,28.169847],[-105.3575,28.169118],[-105.357403,28.168789],[-105.360002,28.168799],[-105.361633,28.168916],[-105.361625,28.169407]],[[-105.357716,28.17023],[-105.357631,28.170295],[-105.357334,28.170456],[-105.356771,28.170045],[-105.35634,28.169876],[-105.355701,28.169467],[-105.355316,28.169141],[-105.355232,28.168809],[-105.355233,28.168793],[-105.357215,28.168788],[-105.357284,28.16879],[-105.357385,28.169196],[-105.357716,28.17023]]]}},{"type":"Feature","properties":{"modulo":3,"idparcela":"1269","productor":"ORNELAS RODRIGUEZ MARIO ALBERTO","cultivo":"Chile verde","superficie_fisica_ha":9.5,"superficie_riego_ha":9.5,"hectareas":9.027},"geometry":{"type":"Polygon","coordinates":[[[-105.359348,28.167338],[-105.359411,28.167343],[-105.361088,28.1674],[-105.361658,28.167464],[-105.361615,28.168445],[-105.361663,28.168841],[-105.360226,28.168728],[-105.359548,28.16872],[-105.357665,28.168714],[-105.357412,28.168713],[-105.357657,28.168403],[-105.357927,28.168197],[-105.358816,28.167622],[-105.359348,28.167338]],[[-105.355238,28.168705],[-105.355267,28.168208],[-105.355344,28.168009],[-105.355588,28.167727],[-105.355624,28.167639],[-105.355771,28.167352],[-105.355774,28.167282],[-105.357575,28.167226],[-105.358229,28.167256],[-105.359129,28.167322],[-105.358714,28.167558],[-105.358171,28.167925],[-105.357811,28.168112],[-105.357522,28.168072],[-105.357147,28.168124],[-105.357125,28.168236],[-105.357234,28.168545],[-105.357284,28.168713],[-105.355238,28.168705]]]}},{"type":"Feature","properties":{"modulo":3,"idparcela":"1284","productor":"RUBIO CHAVEZ MANUELA","cultivo":"Alfalfa","superficie_fisica_ha":14.42,"superficie_riego_ha":13.52,"hectareas":12.541},"geometry":{"type":"Polygon","coordinates":[[[-105.364874,28.167146],[-105.363801,28.167926],[-105.363777,28.166776],[-105.363811,28.165526],[-105.363813,28.162682],[-105.364134,28.162729],[-105.364337,28.162813],[-105.364594,28.163031],[-105.36498,28.163015],[-105.365244,28.162855],[-105.365566,28.162849],[-105.366571,28.16278],[-105.366654,28.162862],[-105.36674,28.165632],[-105.366572,28.165849],[-105.364874,28.167146]]]}},{"type":"Feature","properties":{"modulo":3,"idparcela":"1283","productor":"RUBIO CHAVEZ MANUELA","cultivo":"Ma­z","superficie_fisica_ha":13.43,"superficie_riego_ha":13.43,"hectareas":13.273},"geometry":{"type":"Polygon","coordinates":[[[-105.363801,28.167926],[-105.36345,28.168194],[-105.362319,28.169085],[-105.362065,28.169255],[-105.361813,28.169414],[-105.361778,28.16809],[-105.361785,28.166916],[-105.36183,28.16578],[-105.361768,28.16438],[-105.361768,28.162706],[-105.361788,28.162471],[-105.36241,28.162469],[-105.363128,28.162583],[-105.363162,28.162803],[-105.363339,28.162895],[-105.363728,28.162887],[-105.363813,28.162682],[-105.363811,28.165526],[-105.363777,28.166776],[-105.363801,28.167926]]]}},{"type":"Feature","properties":{"modulo":3,"idparcela":"1307","productor":"RUBIO CHAVEZ MANUELA","cultivo":"Alfalfa","superficie_fisica_ha":21.25,"superficie_riego_ha":21.25,"hectareas":18.419},"geometry":{"type":"Polygon","coordinates":[[[-105.365302,28.177717],[-105.364344,28.177674],[-105.363132,28.177665],[-105.362344,28.177674],[-105.362014,28.177688],[-105.361788,28.17767],[-105.361766,28.177356],[-105.36178,28.174043],[-105.367231,28.174076],[-105.367379,28.174155],[-105.367579,28.174209],[-105.366721,28.175347],[-105.365934,28.176477],[-105.36573,28.176763],[-105.365797,28.177086],[-105.365904,28.177435],[-105.365887,28.1777],[-105.365726,28.17772],[-105.365302,28.177717]]]}},{"type":"Feature","properties":{"modulo":3,"idparcela":"1308","productor":"RUBIO CHAVEZ MANUELA","cultivo":"Alfalfa","superficie_fisica_ha":29.85,"superficie_riego_ha":29.85,"hectareas":24.185},"geometry":{"type":"Polygon","coordinates":[[[-105.36178,28.174043],[-105.361798,28.169664],[-105.362431,28.169249],[-105.363085,28.168731],[-105.364009,28.168053],[-105.364495,28.167741],[-105.364822,28.168566],[-105.365135,28.169392],[-105.365462,28.170265],[-105.365706,28.170964],[-105.365935,28.171639],[-105.366328,28.172452],[-105.366623,28.173115],[-105.366928,28.173625],[-105.367231,28.174076],[-105.36178,28.174043]]]}},{"type":"Feature","properties":{"modulo":3,"idparcela":"1306","productor":"RUBIO CHAVEZ MANUELA","cultivo":"Alfalfa","superficie_fisica_ha":32.7,"superficie_riego_ha":32.7,"hectareas":35.26},"geometry":{"type":"Polygon","coordinates":[[[-105.366667,28.172785],[-105.366475,28.16623],[-105.366711,28.166053],[-105.367057,28.165825],[-105.367152,28.165742],[-105.367356,28.165743],[-105.367665,28.165611],[-105.368009,28.165585],[-105.368586,28.165596],[-105.370304,28.16566],[-105.371734,28.165689],[-105.371768,28.165948],[-105.371804,28.167295],[-105.371596,28.167346],[-105.371544,28.167393],[-105.371576,28.167579],[-105.371839,28.167643],[-105.371758,28.169571],[-105.37175,28.169759],[-105.371083,28.16975],[-105.370902,28.169846],[-105.370673,28.17013],[-105.369836,28.171193],[-105.368623,28.172915],[-105.367963,28.173737],[-105.367641,28.174067],[-105.367362,28.174026],[-105.367098,28.173562],[-105.366835,28.17311],[-105.366667,28.172785]]]}},{"type":"Feature","properties":{"modulo":3,"idparcela":"1313","productor":"LOS CUATRO VILLALOBOS SPR DE RL DE C.V.","cultivo":"Alfalfa","superficie_fisica_ha":32.6,"superficie_riego_ha":32.4,"hectareas":30.028},"geometry":{"type":"Polygon","coordinates":[[[-105.361302,28.177667],[-105.360092,28.178529],[-105.359671,28.178846],[-105.359549,28.178927],[-105.358415,28.178839],[-105.357328,28.178683],[-105.356829,28.178684],[-105.356196,28.178762],[-105.355979,28.178661],[-105.355495,28.178296],[-105.355179,28.178143],[-105.354467,28.177995],[-105.353655,28.178035],[-105.353517,28.178067],[-105.353473,28.17611],[-105.353467,28.175026],[-105.356565,28.175024],[-105.358767,28.175025],[-105.361582,28.174944],[-105.361578,28.175222],[-105.361558,28.17743],[-105.361302,28.177667]]]}},{"type":"Feature","properties":{"modulo":3,"idparcela":"1314","productor":"DELMAR DEL NORTE DE DELICIAS SPR DE RL","cultivo":"Alfalfa","superficie_fisica_ha":34.1,"superficie_riego_ha":30,"hectareas":33.598},"geometry":{"type":"Polygon","coordinates":[[[-105.353466,28.174905],[-105.353466,28.174833],[-105.35356,28.173437],[-105.353593,28.172692],[-105.353618,28.17158],[-105.353772,28.17155],[-105.355056,28.171523],[-105.356891,28.171485],[-105.357437,28.171311],[-105.358555,28.17094],[-105.360165,28.170349],[-105.361149,28.169887],[-105.361594,28.169665],[-105.361593,28.169831],[-105.361596,28.17024],[-105.361622,28.170709],[-105.361415,28.17102],[-105.361423,28.171345],[-105.361558,28.171481],[-105.361616,28.172665],[-105.361585,28.174783],[-105.360231,28.174855],[-105.358424,28.174916],[-105.35643,28.174887],[-105.353466,28.174905]]]}},{"type":"Feature","properties":{"modulo":3,"idparcela":"1315","productor":"SOLTERO DELGADO JOSE LUIS","cultivo":"Alfalfa","superficie_fisica_ha":16,"superficie_riego_ha":14.55,"hectareas":13.11},"geometry":{"type":"Polygon","coordinates":[[[-105.353334,28.178188],[-105.352735,28.178564],[-105.352435,28.178711],[-105.351729,28.178563],[-105.351412,28.1785],[-105.351375,28.178497],[-105.351635,28.178007],[-105.3516,28.17666],[-105.351593,28.175429],[-105.35161,28.174081],[-105.35156,28.173176],[-105.351617,28.171641],[-105.352856,28.171592],[-105.353402,28.171602],[-105.353308,28.174813],[-105.353334,28.178188]]]}},{"type":"Feature","properties":{"modulo":3,"idparcela":"1319","productor":"LOS CUATRO VILLALOBOS SPR DE RL DE C.V.","cultivo":"Avena","superficie_fisica_ha":14.04,"superficie_riego_ha":13.79,"hectareas":12.81},"geometry":{"type":"Polygon","coordinates":[[[-105.3512,28.178485],[-105.35065,28.178446],[-105.349807,28.178301],[-105.349202,28.178197],[-105.348824,28.17781],[-105.348039,28.176874],[-105.347094,28.175847],[-105.346576,28.175243],[-105.346535,28.175014],[-105.347805,28.17503],[-105.348148,28.175036],[-105.349198,28.17506],[-105.350194,28.175057],[-105.35144,28.175052],[-105.351445,28.175781],[-105.351426,28.177036],[-105.351469,28.177894],[-105.3512,28.178485]]]}},{"type":"Feature","properties":{"modulo":3,"idparcela":"1320","productor":"RUBIO CHAVEZ MANUELA","cultivo":"Alfalfa","superficie_fisica_ha":15.47,"superficie_riego_ha":15.37,"hectareas":13.226},"geometry":{"type":"Polygon","coordinates":[[[-105.346535,28.175014],[-105.34649,28.174814],[-105.346502,28.173281],[-105.346494,28.173084],[-105.347017,28.173041],[-105.348093,28.172946],[-105.348598,28.172878],[-105.350169,28.172136],[-105.35126,28.171742],[-105.351458,28.171683],[-105.35137,28.172924],[-105.351413,28.173551],[-105.351435,28.17441],[-105.35144,28.175052],[-105.350194,28.175057],[-105.349198,28.17506],[-105.348148,28.175036],[-105.347805,28.17503],[-105.346535,28.175014]]]}},{"type":"Feature","properties":{"modulo":3,"idparcela":"1323","productor":"MARTINEZ BETANCE JOSE DOLORES","cultivo":"Alfalfa","superficie_fisica_ha":9,"superficie_riego_ha":8.9,"hectareas":7.752},"geometry":{"type":"Polygon","coordinates":[[[-105.344353,28.174301],[-105.344065,28.174307],[-105.343987,28.174355],[-105.343671,28.174292],[-105.342557,28.173804],[-105.34107,28.173114],[-105.339929,28.17258],[-105.338762,28.17207],[-105.338336,28.171846],[-105.338445,28.171007],[-105.338507,28.170589],[-105.339308,28.17092],[-105.340611,28.17159],[-105.342263,28.172625],[-105.343808,28.173522],[-105.345033,28.17424],[-105.345458,28.174441],[-105.345514,28.174579],[-105.345332,28.174652],[-105.344939,28.174637],[-105.344566,28.174436],[-105.344353,28.174301]]]}},{"type":"Feature","properties":{"modulo":3,"idparcela":"1324","productor":"BAEZA GOMEZ GABRIEL","cultivo":"Alfalfa","superficie_fisica_ha":10.22,"superficie_riego_ha":10.22,"hectareas":10.31},"geometry":{"type":"Polygon","coordinates":[[[-105.341155,28.171779],[-105.34074,28.171518],[-105.339676,28.170959],[-105.338542,28.170424],[-105.338553,28.170122],[-105.338643,28.169563],[-105.338997,28.169067],[-105.33964,28.168589],[-105.340154,28.168268],[-105.340342,28.168366],[-105.341867,28.169519],[-105.343604,28.170761],[-105.343684,28.170821],[-105.342438,28.171297],[-105.341155,28.171779]]]}},{"type":"Feature","properties":{"modulo":3,"idparcela":"1322","productor":"MARTINEZ BETANCE JOSE DOLORES","cultivo":"Ma­z","superficie_fisica_ha":10.22,"superficie_riego_ha":10.07,"hectareas":9.455},"geometry":{"type":"Polygon","coordinates":[[[-105.346059,28.174382],[-105.345665,28.174344],[-105.345107,28.174076],[-105.343271,28.173045],[-105.342206,28.17244],[-105.341155,28.171779],[-105.342438,28.171297],[-105.343684,28.170821],[-105.344647,28.17153],[-105.345636,28.172293],[-105.346299,28.172944],[-105.346295,28.17323],[-105.346293,28.174284],[-105.346059,28.174382]]]}},{"type":"Feature","properties":{"modulo":3,"idparcela":"1334","productor":"VILLALOBOS PAYAN ESTEBAN","cultivo":"Sin Cultivo","superficie_fisica_ha":19.6,"superficie_riego_ha":17.3,"hectareas":15.583},"geometry":{"type":"Polygon","coordinates":[[[-105.343746,28.176149],[-105.343352,28.176111],[-105.342454,28.175897],[-105.337655,28.174881],[-105.337468,28.174745],[-105.337517,28.174605],[-105.337713,28.174066],[-105.337952,28.173202],[-105.338106,28.172083],[-105.338214,28.172014],[-105.338454,28.172103],[-105.340329,28.172909],[-105.342109,28.173743],[-105.343277,28.174253],[-105.344127,28.174701],[-105.344157,28.174816],[-105.34408,28.174911],[-105.343809,28.175544],[-105.343658,28.175802],[-105.343746,28.176149]]]}},{"type":"Feature","properties":{"modulo":3,"idparcela":"************","productor":null,"cultivo":"Sin Cultivo","superficie_fisica_ha":null,"superficie_riego_ha":null,"hectareas":1.833},"geometry":{"type":"Polygon","coordinates":[[[-105.344923,28.176246],[-105.344597,28.176261],[-105.344187,28.176253],[-105.343962,28.176225],[-105.343895,28.176144],[-105.34388,28.175937],[-105.343912,28.175705],[-105.344042,28.175364],[-105.344121,28.175173],[-105.344283,28.174938],[-105.344279,28.17479],[-105.344275,28.174657],[-105.344338,28.174565],[-105.34444,28.174538],[-105.34459,28.174585],[-105.344789,28.174688],[-105.345051,28.174741],[-105.345368,28.17475],[-105.34548,28.17474],[-105.345562,28.174664],[-105.345617,28.174646],[-105.345645,28.174662],[-105.345703,28.174711],[-105.345741,28.174759],[-105.345734,28.174842],[-105.345902,28.174863],[-105.346014,28.174869],[-105.346148,28.174999],[-105.346216,28.175113],[-105.346285,28.175252],[-105.346297,28.175359],[-105.346244,28.175443],[-105.346105,28.17547],[-105.345974,28.175448],[-105.345841,28.175377],[-105.34566,28.175223],[-105.345422,28.175038],[-105.3453,28.175008],[-105.345089,28.175128],[-105.344906,28.175231],[-105.344703,28.175334],[-105.344539,28.175486],[-105.344413,28.175654],[-105.344416,28.175769],[-105.344522,28.175883],[-105.344637,28.176013],[-105.344789,28.176109],[-105.344883,28.176148],[-105.344959,28.176212],[-105.344923,28.176246]]]}},{"type":"Feature","properties":{"modulo":3,"idparcela":"************","productor":null,"cultivo":"Sin Cultivo","superficie_fisica_ha":null,"superficie_riego_ha":null,"hectareas":0.921},"geometry":{"type":"Polygon","coordinates":[[[-105.345672,28.176024],[-105.345705,28.176222],[-105.345624,28.176322],[-105.345446,28.176285],[-105.345239,28.176231],[-105.345069,28.176119],[-105.344881,28.176057],[-105.344739,28.175969],[-105.344595,28.175832],[-105.344563,28.175667],[-105.344607,28.175584],[-105.344725,28.175466],[-105.345055,28.175261],[-105.345314,28.175156],[-105.345426,28.175162],[-105.345511,28.175235],[-105.345542,28.175317],[-105.345452,28.175467],[-105.345483,28.175557],[-105.345596,28.175629],[-105.345645,28.175703],[-105.345672,28.176024]]]}},{"type":"Feature","properties":{"modulo":3,"idparcela":"1332","productor":"YA¥EZ FLORES GILBERTO","cultivo":"Sin Cultivo","superficie_fisica_ha":19.75,"superficie_riego_ha":18.09,"hectareas":18.92},"geometry":{"type":"Polygon","coordinates":[[[-105.346423,28.177762],[-105.346249,28.177791],[-105.340786,28.177732],[-105.33851,28.177744],[-105.338282,28.177711],[-105.33787,28.17757],[-105.337493,28.177331],[-105.337219,28.176997],[-105.337057,28.176549],[-105.337073,28.176032],[-105.337205,28.175539],[-105.337423,28.174967],[-105.337481,28.17494],[-105.338126,28.175094],[-105.339808,28.175408],[-105.341874,28.175894],[-105.343163,28.176165],[-105.343851,28.176318],[-105.344565,28.176329],[-105.345105,28.17637],[-105.345427,28.176427],[-105.345776,28.176407],[-105.34605,28.176311],[-105.346057,28.176286],[-105.346155,28.176495],[-105.346308,28.177302],[-105.346423,28.177762]]]}},{"type":"Feature","properties":{"modulo":3,"idparcela":"1334","productor":"VILLALOBOS PAYAN ESTEBAN","cultivo":"Sin Cultivo","superficie_fisica_ha":19.6,"superficie_riego_ha":17.3,"hectareas":1.528},"geometry":{"type":"Polygon","coordinates":[[[-105.347847,28.176795],[-105.346396,28.176866],[-105.346268,28.176294],[-105.346119,28.175626],[-105.346118,28.175562],[-105.346363,28.175492],[-105.346549,28.175372],[-105.347088,28.175929],[-105.347734,28.176664],[-105.347847,28.176795]]]}},{"type":"Feature","properties":{"modulo":3,"idparcela":"1330","productor":"MARTINEZ ARMENDARIZ LUIS CARLOS","cultivo":"Chile verde","superficie_fisica_ha":12.75,"superficie_riego_ha":10.05,"hectareas":9.743},"geometry":{"type":"Polygon","coordinates":[[[-105.338214,28.1797],[-105.339426,28.17956],[-105.341317,28.179281],[-105.341779,28.179248],[-105.342716,28.179135],[-105.344183,28.179023],[-105.344302,28.179599],[-105.344014,28.179747],[-105.343799,28.179868],[-105.341422,28.180859],[-105.340182,28.181323],[-105.338554,28.181989],[-105.338518,28.181151],[-105.338466,28.180619],[-105.338214,28.1797]]]}},{"type":"Feature","properties":{"modulo":3,"idparcela":"1329","productor":"AMPARAN GUERRERO RAFAEL","cultivo":"Sin Cultivo","superficie_fisica_ha":6.65,"superficie_riego_ha":6.65,"hectareas":11.375},"geometry":{"type":"Polygon","coordinates":[[[-105.344183,28.179023],[-105.342716,28.179135],[-105.341779,28.179248],[-105.341317,28.179281],[-105.339426,28.17956],[-105.338214,28.1797],[-105.338108,28.179404],[-105.337701,28.178316],[-105.337518,28.178023],[-105.337589,28.177944],[-105.337762,28.177889],[-105.340528,28.177871],[-105.343048,28.177896],[-105.345058,28.177906],[-105.346281,28.177907],[-105.346356,28.177995],[-105.346198,28.178063],[-105.344241,28.178942],[-105.344183,28.179023]]]}},{"type":"Feature","properties":{"modulo":3,"idparcela":"1318","productor":"VILLALOBOS QUINTANA VICTOR","cultivo":"Sin Cultivo","superficie_fisica_ha":9.645,"superficie_riego_ha":7.805,"hectareas":9.619},"geometry":{"type":"Polygon","coordinates":[[[-105.346423,28.185303],[-105.34642,28.185425],[-105.345643,28.185171],[-105.345157,28.184988],[-105.34431,28.184889],[-105.34406,28.184817],[-105.343418,28.184766],[-105.342336,28.184595],[-105.341768,28.184568],[-105.341564,28.184572],[-105.341545,28.18385],[-105.341486,28.183825],[-105.341442,28.183826],[-105.341399,28.183853],[-105.341422,28.184162],[-105.341428,28.184407],[-105.341355,28.184395],[-105.340917,28.184327],[-105.340921,28.183953],[-105.34088,28.183476],[-105.340905,28.183347],[-105.341142,28.18311],[-105.342413,28.183083],[-105.343111,28.18303],[-105.344207,28.183188],[-105.345128,28.183311],[-105.346394,28.183376],[-105.3464,28.184072],[-105.346423,28.185303]]]}},{"type":"Feature","properties":{"modulo":3,"idparcela":"1318","productor":"VILLALOBOS QUINTANA VICTOR","cultivo":"Sin Cultivo","superficie_fisica_ha":9.645,"superficie_riego_ha":7.805,"hectareas":4.238},"geometry":{"type":"Polygon","coordinates":[[[-105.342642,28.181619],[-105.342821,28.181449],[-105.343842,28.180383],[-105.344396,28.179842],[-105.344555,28.179813],[-105.344751,28.180054],[-105.34508,28.180383],[-105.34557,28.18076],[-105.345905,28.180766],[-105.346138,28.180748],[-105.346371,28.180743],[-105.346366,28.18166],[-105.34641,28.181672],[-105.34555,28.181651],[-105.344486,28.181634],[-105.343394,28.181618],[-105.342642,28.181619]]]}},{"type":"Feature","properties":{"modulo":3,"idparcela":"1318","productor":"VILLALOBOS QUINTANA VICTOR","cultivo":"Sin Cultivo","superficie_fisica_ha":9.645,"superficie_riego_ha":7.805,"hectareas":6.635},"geometry":{"type":"Polygon","coordinates":[[[-105.341239,28.183012],[-105.34126,28.182991],[-105.341983,28.182241],[-105.342567,28.181689],[-105.343979,28.181722],[-105.344723,28.181758],[-105.345465,28.181756],[-105.346381,28.181772],[-105.346393,28.183259],[-105.346378,28.183247],[-105.345664,28.183235],[-105.344775,28.183176],[-105.343547,28.182995],[-105.342991,28.182929],[-105.342512,28.182978],[-105.341239,28.183012]]]}},{"type":"Feature","properties":{"modulo":3,"idparcela":"1317","productor":"VILLALOBOS PAYAN ESTEBAN","cultivo":"Alfalfa","superficie_fisica_ha":32.45,"superficie_riego_ha":26.85,"hectareas":28.021},"geometry":{"type":"Polygon","coordinates":[[[-105.347887,28.180107],[-105.347435,28.18025],[-105.347168,28.180287],[-105.346992,28.180239],[-105.346567,28.180041],[-105.346482,28.179939],[-105.346431,28.179754],[-105.346498,28.17965],[-105.346622,28.179676],[-105.346879,28.179882],[-105.346973,28.179981],[-105.347125,28.179978],[-105.347473,28.179888],[-105.34781,28.17985],[-105.347882,28.179941],[-105.347887,28.180107]],[[-105.349278,28.179543],[-105.348876,28.180045],[-105.348514,28.180383],[-105.348465,28.180353],[-105.348412,28.180137],[-105.348374,28.180034],[-105.348258,28.180058],[-105.348176,28.180018],[-105.348089,28.179813],[-105.348342,28.179704],[-105.34836,28.179477],[-105.34833,28.17924],[-105.348234,28.179138],[-105.347861,28.179136],[-105.347742,28.179035],[-105.347695,28.178581],[-105.347563,28.178439],[-105.347246,28.178384],[-105.347034,28.178729],[-105.346821,28.17863],[-105.346723,28.178456],[-105.346523,28.178423],[-105.346527,28.178088],[-105.346701,28.178033],[-105.34836,28.178329],[-105.348809,28.178373],[-105.34922,28.178498],[-105.349661,28.178594],[-105.349483,28.179174],[-105.349344,28.179467],[-105.349278,28.179543]],[[-105.348342,28.180485],[-105.347939,28.180675],[-105.34758,28.180843],[-105.347129,28.180953],[-105.346765,28.18094],[-105.346513,28.180845],[-105.346462,28.180645],[-105.346449,28.180446],[-105.346427,28.180033],[-105.346674,28.180142],[-105.346888,28.180272],[-105.347146,28.180349],[-105.347437,28.180312],[-105.347715,28.180224],[-105.348105,28.180088],[-105.34822,28.180166],[-105.348317,28.180385],[-105.348342,28.180485]],[[-105.348401,28.186007],[-105.34792,28.185924],[-105.3477,28.185864],[-105.347274,28.185757],[-105.346876,28.185572],[-105.346535,28.185321],[-105.346523,28.184568],[-105.346496,28.18398],[-105.346493,28.182988],[-105.346492,28.181634],[-105.346477,28.180973],[-105.346508,28.180986],[-105.346713,28.181046],[-105.347149,28.181061],[-105.347715,28.180922],[-105.347997,28.180774],[-105.348324,28.18062],[-105.348459,28.180571],[-105.348473,28.182068],[-105.348396,28.184121],[-105.348413,28.185862],[-105.348401,28.186007]],[[-105.350155,28.18563],[-105.350215,28.186079],[-105.349877,28.186167],[-105.349492,28.186195],[-105.348992,28.186185],[-105.348786,28.186109],[-105.348524,28.186005],[-105.348529,28.185457],[-105.348534,28.183876],[-105.348573,28.182331],[-105.348582,28.180836],[-105.348588,28.180462],[-105.348938,28.180156],[-105.349234,28.17981],[-105.349496,28.179456],[-105.349625,28.179098],[-105.349706,28.178828],[-105.349757,28.178619],[-105.350276,28.178674],[-105.350476,28.178731],[-105.350458,28.178913],[-105.350384,28.180158],[-105.350397,28.181532],[-105.350385,28.182432],[-105.350404,28.183762],[-105.350384,28.184571],[-105.350147,28.184886],[-105.350155,28.18563]]]}},{"type":"Feature","properties":{"modulo":3,"idparcela":"1328","productor":"CABALLERO URIAS PATRICIA","cultivo":"Sin Cultivo","superficie_fisica_ha":24.85,"superficie_riego_ha":24.85,"hectareas":33.818},"geometry":{"type":"Polygon","coordinates":[[[-105.356082,28.179057],[-105.356441,28.179748],[-105.35672,28.180149],[-105.35702,28.180658],[-105.357102,28.180795],[-105.356996,28.181073],[-105.35681,28.181554],[-105.356663,28.181848],[-105.356548,28.181915],[-105.35633,28.181933],[-105.356322,28.182217],[-105.356297,28.182373],[-105.35645,28.182377],[-105.356564,28.182384],[-105.356645,28.183386],[-105.356625,28.184278],[-105.356612,28.184885],[-105.356581,28.185015],[-105.356573,28.18508],[-105.356408,28.185101],[-105.356195,28.185138],[-105.356003,28.185163],[-105.355387,28.185223],[-105.354792,28.185282],[-105.353863,28.185414],[-105.352502,28.185751],[-105.352248,28.185815],[-105.35213,28.185792],[-105.351982,28.185692],[-105.351822,28.185695],[-105.351689,28.185646],[-105.351575,28.185726],[-105.351532,28.184112],[-105.351509,28.182136],[-105.351514,28.181598],[-105.351536,28.17889],[-105.35176,28.178927],[-105.352446,28.178964],[-105.352568,28.179169],[-105.352733,28.179346],[-105.352869,28.179511],[-105.353033,28.17965],[-105.353271,28.179839],[-105.353463,28.179951],[-105.353902,28.179981],[-105.354354,28.179997],[-105.354468,28.179891],[-105.354445,28.179569],[-105.354418,28.179117],[-105.354519,28.179077],[-105.354959,28.179046],[-105.355291,28.179051],[-105.355559,28.179056],[-105.355814,28.179051],[-105.356082,28.179057]]]}},{"type":"Feature","properties":{"modulo":3,"idparcela":"1316","productor":"CABALLERO LICON FRANCISCO","cultivo":"Nogal (Nuez)","superficie_fisica_ha":8.3,"superficie_riego_ha":8.15,"hectareas":7.849},"geometry":{"type":"Polygon","coordinates":[[[-105.351575,28.185726],[-105.351517,28.185766],[-105.351303,28.185912],[-105.350938,28.18592],[-105.35054,28.185876],[-105.350519,28.185709],[-105.350469,28.185258],[-105.350474,28.184922],[-105.350527,28.184714],[-105.350492,28.184124],[-105.350501,28.183152],[-105.350497,28.182454],[-105.350498,28.181408],[-105.350477,28.180581],[-105.350533,28.179647],[-105.350557,28.179129],[-105.350556,28.178873],[-105.350566,28.178783],[-105.351203,28.178835],[-105.351536,28.17889],[-105.351514,28.181598],[-105.351509,28.182136],[-105.351532,28.184112],[-105.351575,28.185726]]]}},{"type":"Feature","properties":{"modulo":3,"idparcela":"1312","productor":"LOS CUATRO VILLALOBOS SPR DE RL DE C.V.","cultivo":"Nogal (Nuez)","superficie_fisica_ha":31.7,"superficie_riego_ha":28.3,"hectareas":29.093},"geometry":{"type":"Polygon","coordinates":[[[-105.356573,28.18508],[-105.356581,28.185015],[-105.356612,28.184885],[-105.356625,28.184278],[-105.356645,28.183386],[-105.356564,28.182384],[-105.35645,28.182377],[-105.356297,28.182373],[-105.356322,28.182217],[-105.35633,28.181933],[-105.356548,28.181915],[-105.356663,28.181848],[-105.35681,28.181554],[-105.356996,28.181073],[-105.357102,28.180795],[-105.35702,28.180658],[-105.35672,28.180149],[-105.356441,28.179748],[-105.356082,28.179057],[-105.356413,28.178993],[-105.356967,28.178969],[-105.357505,28.178973],[-105.357835,28.179028],[-105.35834,28.179126],[-105.358984,28.179216],[-105.359907,28.17963],[-105.360577,28.180054],[-105.361311,28.180641],[-105.361602,28.181116],[-105.36168,28.181925],[-105.361672,28.183435],[-105.361668,28.184572],[-105.361654,28.184711],[-105.361026,28.184742],[-105.360007,28.184802],[-105.359395,28.18484],[-105.358552,28.184935],[-105.357372,28.184986],[-105.357095,28.18503],[-105.356905,28.185057],[-105.356701,28.185061],[-105.356573,28.18508]]]}},{"type":"Feature","properties":{"modulo":3,"idparcela":"1311","productor":"VALENZUELA N ELENA","cultivo":"Sin Cultivo","superficie_fisica_ha":33.1,"superficie_riego_ha":30.3,"hectareas":32.695},"geometry":{"type":"Polygon","coordinates":[[[-105.371883,28.184568],[-105.369953,28.184375],[-105.366885,28.184116],[-105.366792,28.184123],[-105.366788,28.182671],[-105.366816,28.17988],[-105.366834,28.178308],[-105.367817,28.178581],[-105.368532,28.178605],[-105.369025,28.178517],[-105.369548,28.178454],[-105.369722,28.178399],[-105.370341,28.178115],[-105.370629,28.17798],[-105.371183,28.177981],[-105.37181,28.177954],[-105.371812,28.178045],[-105.37182,28.178885],[-105.371804,28.181043],[-105.371848,28.182153],[-105.371843,28.183613],[-105.371883,28.184568]]]}},{"type":"Feature","properties":{"modulo":3,"idparcela":"1310","productor":"AGRICOLA GANADERA LUJAN, SPR DE RL DE CV","cultivo":"Alfalfa","superficie_fisica_ha":34.95,"superficie_riego_ha":34.95,"hectareas":34.908},"geometry":{"type":"Polygon","coordinates":[[[-105.366792,28.184123],[-105.36607,28.184172],[-105.364573,28.184358],[-105.363846,28.184438],[-105.362756,28.184577],[-105.361942,28.184658],[-105.361809,28.184677],[-105.361805,28.184442],[-105.361816,28.182641],[-105.361806,28.18116],[-105.361783,28.180321],[-105.361791,28.179494],[-105.36177,28.178719],[-105.361743,28.177901],[-105.361895,28.177916],[-105.362448,28.177891],[-105.363527,28.177895],[-105.364446,28.177927],[-105.364891,28.177928],[-105.365802,28.177938],[-105.36626,28.178148],[-105.366834,28.178308],[-105.366816,28.17988],[-105.366788,28.182671],[-105.366792,28.184123]]]}},{"type":"Feature","properties":{"modulo":3,"idparcela":"1309","productor":"RUBIO CHAVEZ MANUELA","cultivo":"Alfalfa","superficie_fisica_ha":33.51,"superficie_riego_ha":28.91,"hectareas":24.28},"geometry":{"type":"Polygon","coordinates":[[[-105.371794,28.177814],[-105.371513,28.177787],[-105.37132,28.177789],[-105.371191,28.177711],[-105.371113,28.177535],[-105.371135,28.176291],[-105.371142,28.175855],[-105.371013,28.175825],[-105.37097,28.176262],[-105.370962,28.177344],[-105.370953,28.177668],[-105.370774,28.177801],[-105.370025,28.177752],[-105.370022,28.177639],[-105.370158,28.177248],[-105.370281,28.177068],[-105.370287,28.176632],[-105.370134,28.176344],[-105.369948,28.176203],[-105.369186,28.176316],[-105.368384,28.176332],[-105.367657,28.176396],[-105.366696,28.176577],[-105.366299,28.176715],[-105.366136,28.176767],[-105.365943,28.17679],[-105.366023,28.176624],[-105.366832,28.175525],[-105.368101,28.173884],[-105.369211,28.172472],[-105.370422,28.170719],[-105.370951,28.17003],[-105.371203,28.169944],[-105.371422,28.169955],[-105.371567,28.169965],[-105.371696,28.169966],[-105.371788,28.170012],[-105.371802,28.17329],[-105.371794,28.177814]]]}},{"type":"Feature","properties":{"modulo":3,"idparcela":"1298","productor":"RUBIO CHAVEZ MANUELA","cultivo":"Alfalfa","superficie_fisica_ha":17.55,"superficie_riego_ha":13.5,"hectareas":2.478},"geometry":{"type":"Polygon","coordinates":[[[-105.371658,28.163039],[-105.371405,28.163109],[-105.37115,28.16313],[-105.370806,28.163218],[-105.370629,28.163399],[-105.370467,28.163483],[-105.370301,28.163406],[-105.370562,28.162932],[-105.370537,28.162674],[-105.370507,28.162239],[-105.370439,28.16174],[-105.370286,28.161452],[-105.370152,28.161213],[-105.370297,28.16121],[-105.370578,28.161495],[-105.370799,28.161555],[-105.371184,28.16166],[-105.371455,28.161589],[-105.371636,28.161521],[-105.371807,28.161453],[-105.371836,28.161501],[-105.371874,28.162953],[-105.371658,28.163039]]]}},{"type":"Feature","properties":{"modulo":3,"idparcela":"1304","productor":"RUBIO CHAVEZ MANUELA","cultivo":"Alfalfa","superficie_fisica_ha":34.145,"superficie_riego_ha":30.875,"hectareas":27.7},"geometry":{"type":"Polygon","coordinates":[[[-105.369913,28.163882],[-105.369611,28.164122],[-105.369126,28.164464],[-105.368321,28.165014],[-105.368178,28.16513],[-105.367322,28.165147],[-105.367264,28.16502],[-105.367243,28.164891],[-105.367214,28.164504],[-105.367226,28.164387],[-105.36759,28.164156],[-105.367571,28.163934],[-105.367539,28.1637],[-105.367775,28.163652],[-105.36821,28.163563],[-105.368554,28.163491],[-105.36919,28.163429],[-105.369242,28.163331],[-105.369645,28.163387],[-105.369862,28.163334],[-105.37012,28.163458],[-105.370343,28.163631],[-105.369913,28.163882]],[[-105.371294,28.165545],[-105.370028,28.165495],[-105.369107,28.16545],[-105.368534,28.165478],[-105.368004,28.16544],[-105.368523,28.165074],[-105.369204,28.164624],[-105.369918,28.164092],[-105.37018,28.163923],[-105.370511,28.163757],[-105.37067,28.163576],[-105.37101,28.163359],[-105.371481,28.163236],[-105.371718,28.163247],[-105.371794,28.163343],[-105.371774,28.163973],[-105.371764,28.164404],[-105.371769,28.164732],[-105.371715,28.165466],[-105.371731,28.165548],[-105.371294,28.165545]],[[-105.381735,28.1658],[-105.380108,28.165591],[-105.378187,28.165325],[-105.377129,28.16525],[-105.376912,28.165335],[-105.376247,28.165672],[-105.376,28.165811],[-105.37574,28.165812],[-105.373996,28.165618],[-105.373266,28.165563],[-105.372289,28.165545],[-105.371915,28.165509],[-105.371967,28.164373],[-105.372001,28.163255],[-105.372171,28.163141],[-105.373069,28.163063],[-105.373958,28.162856],[-105.37454,28.162724],[-105.374569,28.163255],[-105.374568,28.163787],[-105.374571,28.164339],[-105.374721,28.164378],[-105.37583,28.164355],[-105.377597,28.164282],[-105.379317,28.164282],[-105.380553,28.164256],[-105.381531,28.164253],[-105.381821,28.164231],[-105.38204,28.164227],[-105.382569,28.164248],[-105.382763,28.164778],[-105.38285,28.165081],[-105.382909,28.165388],[-105.383008,28.165547],[-105.38217,28.165882],[-105.381735,28.1658]]]}},{"type":"Feature","properties":{"modulo":3,"idparcela":"1303","productor":"GONZALEZ ARRIAGA JOSE ANTONIO","cultivo":"Nogal (Nuez)","superficie_fisica_ha":18.35,"superficie_riego_ha":17.7,"hectareas":35.226},"geometry":{"type":"Polygon","coordinates":[[[-105.381648,28.168692],[-105.379042,28.168666],[-105.376636,28.168668],[-105.375779,28.168653],[-105.375416,28.168709],[-105.374482,28.169177],[-105.37393,28.169477],[-105.373395,28.169815],[-105.373011,28.169845],[-105.372321,28.169853],[-105.371929,28.169815],[-105.371927,28.16945],[-105.372005,28.168416],[-105.371982,28.167523],[-105.37198,28.166481],[-105.371946,28.165673],[-105.372079,28.165693],[-105.372754,28.165703],[-105.373522,28.165734],[-105.374491,28.165819],[-105.375221,28.165898],[-105.376037,28.165999],[-105.376501,28.16573],[-105.376891,28.165499],[-105.37726,28.165409],[-105.377829,28.165421],[-105.379051,28.165571],[-105.379994,28.165704],[-105.381362,28.165875],[-105.381828,28.165959],[-105.382054,28.166001],[-105.38206,28.166374],[-105.381981,28.168201],[-105.382006,28.168688],[-105.381648,28.168692]]]}},{"type":"Feature","properties":{"modulo":3,"idparcela":"1333","productor":"LA CAMPERA SPR DE RL","cultivo":"Ma­z","superficie_fisica_ha":44.05,"superficie_riego_ha":41.6,"hectareas":42.254},"geometry":{"type":"Polygon","coordinates":[[[-105.376599,28.172997],[-105.376321,28.172919],[-105.375608,28.172672],[-105.374542,28.17237],[-105.374272,28.172094],[-105.373557,28.171766],[-105.373051,28.171595],[-105.372592,28.171443],[-105.372105,28.17113],[-105.37206,28.170303],[-105.372062,28.170013],[-105.372238,28.170002],[-105.373055,28.17002],[-105.37351,28.16999],[-105.374048,28.169656],[-105.374586,28.169342],[-105.375404,28.168898],[-105.375644,28.168876],[-105.376669,28.168855],[-105.378583,28.168895],[-105.37879,28.168888],[-105.378636,28.169177],[-105.378527,28.169341],[-105.3783,28.169406],[-105.377872,28.169556],[-105.37764,28.16942],[-105.377368,28.169466],[-105.376983,28.169534],[-105.376599,28.169684],[-105.376378,28.169931],[-105.376361,28.170133],[-105.376389,28.170404],[-105.376443,28.171504],[-105.376537,28.172491],[-105.376599,28.172997]],[[-105.37799,28.173147],[-105.377124,28.173145],[-105.3767,28.173025],[-105.376566,28.171864],[-105.376493,28.170836],[-105.3765,28.170484],[-105.376573,28.170391],[-105.377001,28.17022],[-105.377609,28.169945],[-105.377919,28.169636],[-105.37819,28.169529],[-105.378552,28.169441],[-105.378663,28.169338],[-105.378815,28.169052],[-105.378936,28.168882],[-105.379835,28.168849],[-105.38127,28.16888],[-105.382296,28.168899],[-105.382422,28.16936],[-105.382526,28.169842],[-105.382672,28.170203],[-105.38302,28.170438],[-105.383639,28.170631],[-105.383739,28.170907],[-105.383749,28.17129],[-105.383617,28.171455],[-105.383707,28.17228],[-105.383773,28.173026],[-105.383586,28.173159],[-105.382631,28.173171],[-105.382485,28.173153],[-105.382493,28.172871],[-105.382563,28.172102],[-105.382639,28.171516],[-105.382749,28.171372],[-105.382588,28.171295],[-105.382497,28.171418],[-105.382482,28.171804],[-105.382408,28.172267],[-105.382403,28.172592],[-105.382354,28.172956],[-105.38235,28.173141],[-105.382227,28.173139],[-105.379188,28.173133],[-105.37799,28.173147]]]}},{"type":"Feature","properties":{"modulo":3,"idparcela":"9798","productor":"SANDOVAL RUBIO JOSE RAUL","cultivo":"Sin Cultivo","superficie_fisica_ha":15,"superficie_riego_ha":15,"hectareas":32.372},"geometry":{"type":"Polygon","coordinates":[[[-105.377617,28.177779],[-105.376405,28.177782],[-105.374969,28.177772],[-105.37276,28.177798],[-105.37219,28.177769],[-105.372031,28.177772],[-105.372009,28.177626],[-105.371978,28.176014],[-105.371977,28.174132],[-105.371925,28.172062],[-105.371938,28.171313],[-105.372089,28.171372],[-105.372344,28.171475],[-105.372827,28.171741],[-105.373078,28.171755],[-105.373537,28.171887],[-105.373792,28.172023],[-105.374233,28.172357],[-105.374395,28.172455],[-105.375313,28.172717],[-105.376531,28.173096],[-105.376784,28.173192],[-105.376891,28.173248],[-105.377217,28.174051],[-105.37758,28.174946],[-105.377633,28.175132],[-105.377798,28.176219],[-105.377839,28.177752],[-105.377617,28.177779]]]}},{"type":"Feature","properties":{"modulo":3,"idparcela":"1348","productor":"ROMERO MONTES ROSALIO ARTURO","cultivo":"Alfalfa","superficie_fisica_ha":18.71,"superficie_riego_ha":17.72,"hectareas":17.983},"geometry":{"type":"Polygon","coordinates":[[[-105.377829,28.175673],[-105.377718,28.174909],[-105.377355,28.174016],[-105.37707,28.173392],[-105.377034,28.173289],[-105.377401,28.17326],[-105.379351,28.173263],[-105.380822,28.17324],[-105.38223,28.17326],[-105.383392,28.173276],[-105.383464,28.173396],[-105.383356,28.17364],[-105.383474,28.173779],[-105.383955,28.17389],[-105.384061,28.17403],[-105.384278,28.174055],[-105.384658,28.174003],[-105.384752,28.173795],[-105.385053,28.173877],[-105.385056,28.17417],[-105.385036,28.175119],[-105.385144,28.175547],[-105.382907,28.175587],[-105.380287,28.175582],[-105.377829,28.175673]]]}},{"type":"Feature","properties":{"modulo":3,"idparcela":"1349","productor":"DELMAR DEL NORTE DE DELICIAS SPR DE RL","cultivo":"Alfalfa","superficie_fisica_ha":17.89,"superficie_riego_ha":17.3,"hectareas":17.401},"geometry":{"type":"Polygon","coordinates":[[[-105.385144,28.175547],[-105.385158,28.176059],[-105.385248,28.176479],[-105.385298,28.176626],[-105.385353,28.176788],[-105.385334,28.176929],[-105.385268,28.177012],[-105.385293,28.177298],[-105.385301,28.177394],[-105.385331,28.177656],[-105.38522,28.17778],[-105.384742,28.17779],[-105.382076,28.177765],[-105.380504,28.177757],[-105.378585,28.177816],[-105.378023,28.177809],[-105.377938,28.177696],[-105.377898,28.176214],[-105.377829,28.175673],[-105.380287,28.175582],[-105.382907,28.175587],[-105.385144,28.175547]]]}},{"type":"Feature","properties":{"modulo":3,"idparcela":"1353","productor":"RUBIO CHAVEZ MANUELA","cultivo":"Sin Cultivo","superficie_fisica_ha":37.95,"superficie_riego_ha":37.05,"hectareas":37.275},"geometry":{"type":"Polygon","coordinates":[[[-105.376974,28.185481],[-105.375914,28.185019],[-105.375452,28.184747],[-105.374231,28.184287],[-105.373508,28.184372],[-105.37271,28.18448],[-105.37212,28.184558],[-105.372115,28.184391],[-105.37211,28.182494],[-105.372159,28.180051],[-105.372127,28.177972],[-105.372139,28.177926],[-105.374031,28.177919],[-105.375526,28.177967],[-105.376698,28.177931],[-105.377894,28.177917],[-105.377935,28.177952],[-105.37747,28.179567],[-105.377449,28.179698],[-105.377383,28.17997],[-105.377071,28.180203],[-105.376995,28.180273],[-105.376951,28.181666],[-105.377143,28.184125],[-105.377173,28.184407],[-105.377099,28.184807],[-105.376974,28.185481]]]}},{"type":"Feature","properties":{"modulo":3,"idparcela":"1352","productor":"TORRES CHAVEZ FCO. JAVIER","cultivo":"Sin Cultivo","superficie_fisica_ha":13.05,"superficie_riego_ha":13.05,"hectareas":20.081},"geometry":{"type":"Polygon","coordinates":[[[-105.377129,28.182068],[-105.37712,28.181565],[-105.377135,28.180299],[-105.377489,28.18002],[-105.377582,28.179662],[-105.377886,28.17868],[-105.37805,28.17799],[-105.378185,28.177906],[-105.379847,28.177872],[-105.381648,28.177915],[-105.38161,28.178218],[-105.381344,28.178507],[-105.381534,28.178785],[-105.382044,28.179097],[-105.382051,28.182112],[-105.37916,28.182044],[-105.377129,28.182068]]]}},{"type":"Feature","properties":{"modulo":3,"idparcela":"1708","productor":"TORRES CHAVEZ FCO. JAVIER","cultivo":"Sin Cultivo","superficie_fisica_ha":27.35,"superficie_riego_ha":27.35,"hectareas":14.71},"geometry":{"type":"Polygon","coordinates":[[[-105.381947,28.18574],[-105.381422,28.185542],[-105.381188,28.185454],[-105.380494,28.185064],[-105.379437,28.184743],[-105.379222,28.184677],[-105.378266,28.184384],[-105.377434,28.184214],[-105.377281,28.184183],[-105.377178,28.182893],[-105.377129,28.182068],[-105.37916,28.182044],[-105.382051,28.182112],[-105.382055,28.183821],[-105.382081,28.185657],[-105.381947,28.18574]]]}},{"type":"Feature","properties":{"modulo":3,"idparcela":"1340","productor":"DELMAR DEL NORTE DE DELICIAS SPR DE RL","cultivo":"Alfalfa","superficie_fisica_ha":22.15,"superficie_riego_ha":21.15,"hectareas":21.693},"geometry":{"type":"Polygon","coordinates":[[[-105.385318,28.177898],[-105.385462,28.177943],[-105.38562,28.178169],[-105.385798,28.178366],[-105.385983,28.178435],[-105.386037,28.178473],[-105.386447,28.178683],[-105.386574,28.178752],[-105.386963,28.178918],[-105.387495,28.179073],[-105.387468,28.179206],[-105.387162,28.179697],[-105.386993,28.180185],[-105.387083,28.181011],[-105.38706,28.181839],[-105.387065,28.18204],[-105.387045,28.182142],[-105.3865,28.182194],[-105.385361,28.182197],[-105.384039,28.182164],[-105.383356,28.182179],[-105.382808,28.18215],[-105.382318,28.182118],[-105.382169,28.182102],[-105.382134,28.180791],[-105.382134,28.179055],[-105.382208,28.178428],[-105.382334,28.178022],[-105.382582,28.177936],[-105.383629,28.177914],[-105.384586,28.177894],[-105.385318,28.177898]]]}},{"type":"Feature","properties":{"modulo":3,"idparcela":"1354","productor":"TERRAZAS VILLALOBOS NICOLAS","cultivo":"Cacahuate","superficie_fisica_ha":32,"superficie_riego_ha":30,"hectareas":26.907},"geometry":{"type":"Polygon","coordinates":[[[-105.392413,28.179784],[-105.391551,28.179771],[-105.391301,28.179761],[-105.391278,28.179497],[-105.391078,28.179487],[-105.390863,28.179506],[-105.390832,28.179595],[-105.390682,28.179554],[-105.390481,28.179514],[-105.389924,28.179143],[-105.3889,28.178709],[-105.387859,28.17826],[-105.387366,28.177829],[-105.386543,28.176861],[-105.386116,28.176271],[-105.385958,28.176049],[-105.385933,28.175756],[-105.385885,28.1753],[-105.385859,28.174727],[-105.38755,28.174731],[-105.389772,28.174735],[-105.390967,28.174737],[-105.392261,28.17474],[-105.392306,28.176372],[-105.392399,28.178062],[-105.392404,28.178503],[-105.392411,28.1791],[-105.392414,28.179658],[-105.392415,28.179731],[-105.392413,28.179784]]]}},{"type":"Feature","properties":{"modulo":3,"idparcela":"1342","productor":"SOLTERO DELGADO JOSE LUIS","cultivo":"Alfalfa","superficie_fisica_ha":29.8,"superficie_riego_ha":29.4,"hectareas":30.561},"geometry":{"type":"Polygon","coordinates":[[[-105.387406,28.191172],[-105.386922,28.191165],[-105.387007,28.186802],[-105.387077,28.186803],[-105.38722,28.186769],[-105.387235,28.186432],[-105.387234,28.184533],[-105.387248,28.182893],[-105.387743,28.183145],[-105.388356,28.183902],[-105.389251,28.18486],[-105.390607,28.186428],[-105.39087,28.186758],[-105.391205,28.186996],[-105.391596,28.18776],[-105.391914,28.188575],[-105.392019,28.189016],[-105.391945,28.189732],[-105.391417,28.190581],[-105.390989,28.191228],[-105.390353,28.191204],[-105.387406,28.191172]]]}},{"type":"Feature","properties":{"modulo":3,"idparcela":"1498","productor":"HERRERA GONZALEZ JOSE RICARDO","cultivo":"Alfalfa","superficie_fisica_ha":33.3,"superficie_riego_ha":29.84,"hectareas":32.756},"geometry":{"type":"Polygon","coordinates":[[[-105.376127,28.191107],[-105.375867,28.190906],[-105.375581,28.190498],[-105.375382,28.190183],[-105.374384,28.190129],[-105.373648,28.190332],[-105.373163,28.190455],[-105.372875,28.190761],[-105.37286,28.191006],[-105.372776,28.191045],[-105.37248,28.19107],[-105.372056,28.19106],[-105.372029,28.190835],[-105.372053,28.190159],[-105.372178,28.190062],[-105.373551,28.189883],[-105.375307,28.189753],[-105.375387,28.189582],[-105.375192,28.189436],[-105.373162,28.18961],[-105.372529,28.189717],[-105.3724,28.189645],[-105.372328,28.189346],[-105.37227,28.186361],[-105.372236,28.184791],[-105.37244,28.18478],[-105.372927,28.184732],[-105.37394,28.184579],[-105.374301,28.184591],[-105.374686,28.184733],[-105.375243,28.184946],[-105.375651,28.185145],[-105.376594,28.185538],[-105.376895,28.185701],[-105.376976,28.185551],[-105.377512,28.185782],[-105.377897,28.185943],[-105.377935,28.186543],[-105.377935,28.188158],[-105.377996,28.188852],[-105.377721,28.189684],[-105.377448,28.190553],[-105.377226,28.191121],[-105.376127,28.191107]]]}},{"type":"Feature","properties":{"modulo":3,"idparcela":"1535","productor":"DELGADO PORRAS LUIS","cultivo":"Alfalfa","superficie_fisica_ha":10.3,"superficie_riego_ha":9.204,"hectareas":12.731},"geometry":{"type":"Polygon","coordinates":[[[-105.399486,28.256426],[-105.3987,28.25701],[-105.397778,28.25775],[-105.397541,28.257527],[-105.396659,28.256917],[-105.396158,28.256615],[-105.395567,28.256073],[-105.395404,28.255784],[-105.39513,28.254993],[-105.395445,28.254164],[-105.395718,28.253311],[-105.39589,28.252884],[-105.396013,28.252651],[-105.396743,28.25324],[-105.397985,28.254434],[-105.399019,28.255471],[-105.39923,28.255726],[-105.399407,28.256074],[-105.399486,28.256426]]]}},{"type":"Feature","properties":{"modulo":3,"idparcela":"1536","productor":"HERNANDEZ CARLOS ELISEO","cultivo":"Alfalfa","superficie_fisica_ha":9.95,"superficie_riego_ha":9.35,"hectareas":4.692},"geometry":{"type":"Polygon","coordinates":[[[-105.397778,28.25775],[-105.3987,28.25701],[-105.399486,28.256426],[-105.399535,28.256644],[-105.399921,28.25734],[-105.400179,28.257947],[-105.400414,28.25834],[-105.400575,28.258635],[-105.400492,28.258766],[-105.400268,28.25889],[-105.400167,28.258946],[-105.398924,28.258888],[-105.398049,28.258917],[-105.398006,28.258397],[-105.397915,28.258148],[-105.397778,28.25775]]]}},{"type":"Feature","properties":{"modulo":3,"idparcela":"9648","productor":"RAMON SOLIS","cultivo":"Chile verde","superficie_fisica_ha":1.5,"superficie_riego_ha":1.5,"hectareas":0.427},"geometry":{"type":"Polygon","coordinates":[[[-105.378178,28.26898],[-105.378329,28.26917],[-105.378464,28.269388],[-105.378313,28.269509],[-105.378209,28.269542],[-105.378121,28.269561],[-105.377896,28.26933],[-105.377724,28.269242],[-105.377664,28.268798],[-105.37771,28.268711],[-105.377878,28.268705],[-105.377983,28.268703],[-105.378178,28.26898]]]}},{"type":"Feature","properties":{"modulo":3,"idparcela":"1486","productor":"JAQUEZ VILLAREAL MARIANO","cultivo":"Sin Cultivo","superficie_fisica_ha":12.55,"superficie_riego_ha":10.65,"hectareas":11.993},"geometry":{"type":"Polygon","coordinates":[[[-105.380696,28.271869],[-105.379479,28.270457],[-105.37847,28.268996],[-105.378143,28.268573],[-105.378162,28.268379],[-105.378266,28.268192],[-105.379913,28.26817],[-105.382136,28.268167],[-105.382172,28.268379],[-105.382179,28.269799],[-105.382225,28.270891],[-105.382387,28.271234],[-105.382599,28.27181],[-105.380696,28.271869]]]}},{"type":"Feature","properties":{"modulo":3,"idparcela":"1487","productor":"VAZQUEZ SALAS PAULINO","cultivo":"Alfalfa","superficie_fisica_ha":11.9,"superficie_riego_ha":10.8,"hectareas":10.885},"geometry":{"type":"Polygon","coordinates":[[[-105.383034,28.277299],[-105.382621,28.277286],[-105.38218,28.277124],[-105.38161,28.276684],[-105.381175,28.27595],[-105.380756,28.274929],[-105.380667,28.274491],[-105.381346,28.273949],[-105.381406,28.27383],[-105.381273,28.273147],[-105.381169,28.272836],[-105.381075,28.272466],[-105.381015,28.272294],[-105.380839,28.272006],[-105.380696,28.271869],[-105.382599,28.27181],[-105.382779,28.2723],[-105.382864,28.272795],[-105.38294,28.273271],[-105.383159,28.275621],[-105.383324,28.27725],[-105.383034,28.277299]]]}},{"type":"Feature","properties":{"modulo":3,"idparcela":"9648","productor":"RAMON SOLIS","cultivo":"Chile verde","superficie_fisica_ha":1.5,"superficie_riego_ha":1.5,"hectareas":2.048},"geometry":{"type":"Polygon","coordinates":[[[-105.379183,28.27142],[-105.378916,28.271128],[-105.37809,28.270206],[-105.37797,28.270043],[-105.377921,28.269919],[-105.378155,28.269928],[-105.378482,28.270003],[-105.378556,28.269935],[-105.378528,28.269847],[-105.378466,28.269715],[-105.378434,28.269593],[-105.378533,28.269388],[-105.378595,28.269373],[-105.37861,28.269372],[-105.379181,28.270184],[-105.379685,28.270882],[-105.380445,28.271712],[-105.379872,28.271544],[-105.379504,28.271624],[-105.379392,28.271602],[-105.379183,28.27142]]]}},{"type":"Feature","properties":{"modulo":3,"idparcela":"1598","productor":"INDUSTRIAL AGROPECUARIA DURHSA, S.A. DE","cultivo":"Ma­z","superficie_fisica_ha":6.825,"superficie_riego_ha":6.825,"hectareas":6.487},"geometry":{"type":"Polygon","coordinates":[[[-105.396684,28.252968],[-105.399061,28.250112],[-105.399127,28.250153],[-105.399396,28.250318],[-105.399521,28.250479],[-105.399566,28.250656],[-105.399407,28.251328],[-105.399345,28.251553],[-105.399194,28.252183],[-105.39883,28.253594],[-105.398626,28.25433],[-105.398454,28.254552],[-105.398302,28.254409],[-105.397237,28.253457],[-105.396684,28.252968]]]}},{"type":"Feature","properties":{"modulo":3,"idparcela":"1599","productor":"REYES CASTILLO HECTOR MANUEL","cultivo":"Alfalfa","superficie_fisica_ha":6.825,"superficie_riego_ha":6.825,"hectareas":8.055},"geometry":{"type":"Polygon","coordinates":[[[-105.401253,28.252723],[-105.400673,28.253908],[-105.40036,28.254384],[-105.400278,28.254474],[-105.399917,28.254787],[-105.399697,28.254664],[-105.399504,28.254647],[-105.39878,28.25476],[-105.398665,28.254814],[-105.398616,28.254765],[-105.398835,28.254542],[-105.398962,28.253944],[-105.399202,28.253],[-105.399386,28.252257],[-105.399701,28.251113],[-105.39977,28.250766],[-105.399775,28.250659],[-105.399726,28.250499],[-105.399551,28.250249],[-105.39938,28.250123],[-105.399267,28.24999],[-105.399465,28.249891],[-105.399591,28.250015],[-105.400101,28.250844],[-105.400217,28.250991],[-105.401044,28.251031],[-105.401759,28.251088],[-105.402091,28.251087],[-105.402048,28.251226],[-105.401585,28.252192],[-105.401253,28.252723]]]}},{"type":"Feature","properties":{"modulo":3,"idparcela":"1586","productor":"VITOLAS ZUBIA GILBERTO","cultivo":"Alfalfa","superficie_fisica_ha":14.6,"superficie_riego_ha":13.34,"hectareas":13.238},"geometry":{"type":"Polygon","coordinates":[[[-105.397707,28.247464],[-105.39745,28.247879],[-105.397282,28.248147],[-105.396761,28.247836],[-105.395415,28.247071],[-105.395208,28.246931],[-105.395696,28.246884],[-105.396101,28.246785],[-105.39705,28.247235],[-105.397543,28.247387],[-105.397707,28.247464]],[[-105.40183,28.25069],[-105.401609,28.25082],[-105.401549,28.250934],[-105.401042,28.250888],[-105.400552,28.250877],[-105.400302,28.250847],[-105.400152,28.250665],[-105.399902,28.250243],[-105.399541,28.249673],[-105.398773,28.249148],[-105.397774,28.248429],[-105.397931,28.248155],[-105.398438,28.247296],[-105.398749,28.246748],[-105.398876,28.246503],[-105.399072,28.246615],[-105.399599,28.246959],[-105.399796,28.247033],[-105.399937,28.246976],[-105.400457,28.247362],[-105.400674,28.247502],[-105.400696,28.247581],[-105.400941,28.24774],[-105.401231,28.248047],[-105.401505,28.248441],[-105.401761,28.248886],[-105.402028,28.249346],[-105.402399,28.249884],[-105.402465,28.250063],[-105.402339,28.250448],[-105.402237,28.250663],[-105.40183,28.25069]]]}},{"type":"Feature","properties":{"modulo":3,"idparcela":"1600","productor":"INDUSTRIAL AGROPECUARIA DURHSA, S.A. DE","cultivo":"Ma­z","superficie_fisica_ha":10.89,"superficie_riego_ha":10.29,"hectareas":9.718},"geometry":{"type":"Polygon","coordinates":[[[-105.394923,28.244649],[-105.395046,28.244619],[-105.3954,28.244393],[-105.395687,28.24425],[-105.396307,28.24384],[-105.397005,28.244781],[-105.397033,28.24507],[-105.397119,28.245248],[-105.397429,28.245386],[-105.397574,28.245491],[-105.398135,28.245877],[-105.398684,28.246248],[-105.398518,28.2465],[-105.398238,28.246887],[-105.398066,28.247123],[-105.397828,28.247361],[-105.396923,28.247039],[-105.396097,28.246659],[-105.39568,28.246767],[-105.395043,28.246862],[-105.394468,28.246693],[-105.393488,28.246319],[-105.392871,28.245973],[-105.392954,28.245903],[-105.393313,28.245703],[-105.3934,28.245649],[-105.393624,28.245628],[-105.393855,28.245858],[-105.394084,28.246052],[-105.394266,28.245994],[-105.394238,28.245706],[-105.394254,28.245543],[-105.394331,28.245397],[-105.394409,28.245233],[-105.394572,28.245247],[-105.39472,28.245461],[-105.39499,28.245636],[-105.395196,28.24574],[-105.395295,28.245629],[-105.395166,28.245343],[-105.395057,28.245111],[-105.394886,28.244808],[-105.394923,28.244649]]]}},{"type":"Feature","properties":{"modulo":3,"idparcela":"1587","productor":"LARA QUINTANA EPITACIO","cultivo":"Sin Cultivo","superficie_fisica_ha":6.1,"superficie_riego_ha":5.275,"hectareas":5.474},"geometry":{"type":"Polygon","coordinates":[[[-105.393722,28.242159],[-105.394922,28.244649],[-105.394441,28.245002],[-105.3934,28.245649],[-105.393313,28.245703],[-105.392954,28.245903],[-105.392871,28.245973],[-105.392705,28.24568],[-105.39269,28.245489],[-105.3925,28.245338],[-105.392468,28.244299],[-105.39248,28.243974],[-105.392534,28.24372],[-105.392755,28.243589],[-105.392915,28.243496],[-105.393115,28.243347],[-105.39339,28.242962],[-105.393696,28.242198],[-105.393722,28.242159]]]}},{"type":"Feature","properties":{"modulo":3,"idparcela":"1519","productor":"DELGADO JAQUEZ NOEL","cultivo":"Alfalfa","superficie_fisica_ha":12.5,"superficie_riego_ha":12.5,"hectareas":12.104},"geometry":{"type":"Polygon","coordinates":[[[-105.392131,28.240841],[-105.390684,28.240817],[-105.389725,28.240801],[-105.388442,28.240828],[-105.387647,28.240827],[-105.387363,28.240869],[-105.387221,28.24087],[-105.387238,28.239574],[-105.387241,28.23931],[-105.388611,28.2393],[-105.391764,28.239297],[-105.393515,28.23926],[-105.394171,28.239265],[-105.394313,28.23937],[-105.394509,28.239853],[-105.394722,28.240191],[-105.394891,28.240404],[-105.394596,28.240515],[-105.394377,28.240784],[-105.392131,28.240841]]]}},{"type":"Feature","properties":{"modulo":3,"idparcela":"1518","productor":"MARTINEZ BELTRAN ANTONIO","cultivo":"Ma­z","superficie_fisica_ha":11.3,"superficie_riego_ha":11,"hectareas":10.731},"geometry":{"type":"Polygon","coordinates":[[[-105.39341,28.239136],[-105.39226,28.239175],[-105.390396,28.239199],[-105.389164,28.239188],[-105.388144,28.239191],[-105.387481,28.239188],[-105.387281,28.239173],[-105.387292,28.238181],[-105.387276,28.237586],[-105.387286,28.237512],[-105.387396,28.237493],[-105.389331,28.237471],[-105.390187,28.237471],[-105.391655,28.237513],[-105.392301,28.23748],[-105.392344,28.237561],[-105.392414,28.237695],[-105.393311,28.238488],[-105.393855,28.239],[-105.394024,28.239159],[-105.39341,28.239136]]]}},{"type":"Feature","properties":{"modulo":3,"idparcela":"1517","productor":"INDUSTRIAL AGROPECUARIA DURHSA, S.A. DE","cultivo":"Alfalfa","superficie_fisica_ha":12.35,"superficie_riego_ha":11.35,"hectareas":13.241},"geometry":{"type":"Polygon","coordinates":[[[-105.387286,28.237512],[-105.387241,28.237064],[-105.387302,28.235432],[-105.387722,28.235231],[-105.389013,28.234717],[-105.390687,28.234086],[-105.390796,28.234354],[-105.391327,28.235279],[-105.391932,28.236648],[-105.392301,28.23748],[-105.391655,28.237513],[-105.390187,28.237471],[-105.389331,28.237471],[-105.387396,28.237493],[-105.387286,28.237512]]]}},{"type":"Feature","properties":{"modulo":3,"idparcela":"1512","productor":"BOLIVAR JAQUEZ JOSE MARIO","cultivo":"Sin Cultivo","superficie_fisica_ha":22.3,"superficie_riego_ha":22,"hectareas":21.906},"geometry":{"type":"Polygon","coordinates":[[[-105.382277,28.231914],[-105.382327,28.228213],[-105.382309,28.22753],[-105.382717,28.227543],[-105.384423,28.227513],[-105.384937,28.22752],[-105.38553,28.228582],[-105.38554,28.229362],[-105.385761,28.229667],[-105.386041,28.229925],[-105.386459,28.230307],[-105.387224,28.230337],[-105.387718,28.230401],[-105.388577,28.230745],[-105.389557,28.23122],[-105.39006,28.231569],[-105.390133,28.232083],[-105.387334,28.231929],[-105.384915,28.231867],[-105.384866,28.231866],[-105.38472,28.231877],[-105.382277,28.231914]]]}},{"type":"Feature","properties":{"modulo":3,"idparcela":"1515","productor":"MERCADO AVILA VICTOR MANUEL","cultivo":"Alfalfa","superficie_fisica_ha":23.2,"superficie_riego_ha":23.2,"hectareas":22.594},"geometry":{"type":"Polygon","coordinates":[[[-105.381884,28.236287],[-105.380058,28.236306],[-105.378373,28.236281],[-105.377224,28.236261],[-105.3772,28.23582],[-105.377147,28.233828],[-105.377144,28.232106],[-105.379761,28.232069],[-105.382127,28.232056],[-105.382121,28.234834],[-105.382089,28.236284],[-105.381884,28.236287]]]}},{"type":"Feature","properties":{"modulo":3,"idparcela":"1514","productor":"MERCADO AVILA VICTOR MANUEL","cultivo":"Alfalfa","superficie_fisica_ha":24.2,"superficie_riego_ha":24.05,"hectareas":23.453},"geometry":{"type":"Polygon","coordinates":[[[-105.37712,28.231991],[-105.377153,28.231714],[-105.377204,28.229559],[-105.377344,28.227518],[-105.377716,28.227519],[-105.379846,28.227529],[-105.381562,28.227483],[-105.382052,28.227464],[-105.38206,28.227765],[-105.3821,28.230058],[-105.382103,28.231913],[-105.379194,28.231974],[-105.37712,28.231991]]]}},{"type":"Feature","properties":{"modulo":3,"idparcela":"1516","productor":"CASTRO LINSS HORTENSIA","cultivo":"Nogal (Nuez)","superficie_fisica_ha":23.5,"superficie_riego_ha":23.5,"hectareas":21.932},"geometry":{"type":"Polygon","coordinates":[[[-105.375789,28.236245],[-105.374273,28.236242],[-105.372883,28.236226],[-105.372409,28.236227],[-105.372249,28.236248],[-105.372214,28.231984],[-105.373807,28.23198],[-105.375358,28.232004],[-105.376939,28.232003],[-105.376957,28.232253],[-105.377018,28.235373],[-105.377069,28.236112],[-105.377067,28.236259],[-105.375789,28.236245]]]}},{"type":"Feature","properties":{"modulo":3,"idparcela":"1437","productor":"CASTRO LINSS HORTENSIA","cultivo":"Nogal (Nuez)","superficie_fisica_ha":23.8,"superficie_riego_ha":23.8,"hectareas":22.437},"geometry":{"type":"Polygon","coordinates":[[[-105.372212,28.231834],[-105.372198,28.228949],[-105.372185,28.227651],[-105.372198,28.227518],[-105.374367,28.227493],[-105.37548,28.227485],[-105.377112,28.227505],[-105.37698,28.22915],[-105.376927,28.229631],[-105.376906,28.230747],[-105.376863,28.23184],[-105.373995,28.23186],[-105.372212,28.231834]]]}},{"type":"Feature","properties":{"modulo":3,"idparcela":"1456","productor":"TOUCHE FARES BERTHA","cultivo":"Sin Cultivo","superficie_fisica_ha":0.03,"superficie_riego_ha":0.03,"hectareas":12.639},"geometry":{"type":"Polygon","coordinates":[[[-105.371949,28.236278],[-105.370734,28.236311],[-105.3696,28.236351],[-105.369275,28.23635],[-105.369257,28.236125],[-105.369261,28.233041],[-105.369268,28.232232],[-105.369524,28.232202],[-105.369635,28.232098],[-105.369689,28.231971],[-105.370801,28.231922],[-105.371771,28.231927],[-105.371914,28.23195],[-105.371915,28.233036],[-105.371995,28.234981],[-105.37194,28.236145],[-105.371949,28.236278]]]}},{"type":"Feature","properties":{"modulo":3,"idparcela":"1455","productor":"LARA HERNANDEZ JAIME","cultivo":"Cebolla","superficie_fisica_ha":13.47,"superficie_riego_ha":13.22,"hectareas":12.126},"geometry":{"type":"Polygon","coordinates":[[[-105.368834,28.23631],[-105.367265,28.236343],[-105.365836,28.236337],[-105.365585,28.236351],[-105.365374,28.236351],[-105.36551,28.236069],[-105.365678,28.235694],[-105.365842,28.234669],[-105.365855,28.233772],[-105.366142,28.233834],[-105.366827,28.233825],[-105.367198,28.233792],[-105.367285,28.233744],[-105.367306,28.233562],[-105.367317,28.232905],[-105.367412,28.23267],[-105.367598,28.232578],[-105.367819,28.232465],[-105.368469,28.232249],[-105.368826,28.232128],[-105.369056,28.232078],[-105.369125,28.232235],[-105.369133,28.2336],[-105.369125,28.235404],[-105.36911,28.235976],[-105.369098,28.236305],[-105.368834,28.23631]]]}},{"type":"Feature","properties":{"modulo":3,"idparcela":"1454","productor":"MATA MARTINEZ RAFAEL A.","cultivo":"Alfalfa","superficie_fisica_ha":15.5,"superficie_riego_ha":15.5,"hectareas":15.7},"geometry":{"type":"Polygon","coordinates":[[[-105.364726,28.23637],[-105.363327,28.236349],[-105.362816,28.236461],[-105.361989,28.236453],[-105.361866,28.235909],[-105.36194,28.233547],[-105.361935,28.232284],[-105.361957,28.232074],[-105.363327,28.232027],[-105.363889,28.232025],[-105.364477,28.232557],[-105.365157,28.233253],[-105.365675,28.233759],[-105.365652,28.234727],[-105.365495,28.235622],[-105.365345,28.236029],[-105.365232,28.236332],[-105.364726,28.23637]]]}},{"type":"Feature","properties":{"modulo":3,"idparcela":"1412","productor":"JAQUEZ PAZ ALFREDO","cultivo":"Sin Cultivo","superficie_fisica_ha":9.6552,"superficie_riego_ha":7.1152,"hectareas":9.947},"geometry":{"type":"Polygon","coordinates":[[[-105.371451,28.219863],[-105.371478,28.219547],[-105.371408,28.219285],[-105.371197,28.219145],[-105.371642,28.219083],[-105.372015,28.219093],[-105.371944,28.22203],[-105.371875,28.222052],[-105.371834,28.222185],[-105.371856,28.222343],[-105.371874,28.223288],[-105.371909,28.224982],[-105.371007,28.225127],[-105.371007,28.225127],[-105.370088,28.225286],[-105.370081,28.225293],[-105.369784,28.225345],[-105.369163,28.224327],[-105.368518,28.223636],[-105.368429,28.22348],[-105.368892,28.22292],[-105.369023,28.222944],[-105.369602,28.223051],[-105.370213,28.222945],[-105.370446,28.222775],[-105.370514,28.22232],[-105.371308,28.221987],[-105.371411,28.221774],[-105.371434,28.221434],[-105.371434,28.221371],[-105.371451,28.219863]]]}},{"type":"Feature","properties":{"modulo":3,"idparcela":"1451","productor":"LARA HERNANDEZ JAIME","cultivo":"Cebolla","superficie_fisica_ha":12.57,"superficie_riego_ha":12.57,"hectareas":12.065},"geometry":{"type":"Polygon","coordinates":[[[-105.36937,28.231826],[-105.369427,28.228908],[-105.369419,28.227513],[-105.369572,28.227493],[-105.371967,28.227425],[-105.371947,28.231679],[-105.371845,28.231812],[-105.370196,28.231847],[-105.369645,28.231839],[-105.36937,28.231826]]]}},{"type":"Feature","properties":{"modulo":3,"idparcela":"1450","productor":"LARA HERNANDEZ JAIME","cultivo":"Cebolla","superficie_fisica_ha":12.58,"superficie_riego_ha":12.58,"hectareas":12.131},"geometry":{"type":"Polygon","coordinates":[[[-105.369419,28.227513],[-105.369427,28.228908],[-105.36937,28.231826],[-105.368636,28.232085],[-105.367695,28.232383],[-105.367316,28.232562],[-105.367187,28.232742],[-105.367073,28.231406],[-105.366913,28.22856],[-105.366917,28.227589],[-105.367781,28.227579],[-105.369419,28.227513]]]}},{"type":"Feature","properties":{"modulo":3,"idparcela":"1448","productor":"LARA HERNANDEZ JAIME","cultivo":"Cebolla","superficie_fisica_ha":9.83,"superficie_riego_ha":9.49,"hectareas":9.143},"geometry":{"type":"Polygon","coordinates":[[[-105.36575,28.233534],[-105.365829,28.230397],[-105.365822,28.228096],[-105.365889,28.226884],[-105.365986,28.226811],[-105.366348,28.226532],[-105.366857,28.226261],[-105.366845,28.227587],[-105.366917,28.227589],[-105.366913,28.22856],[-105.367073,28.231406],[-105.367187,28.232742],[-105.367076,28.232916],[-105.367104,28.233354],[-105.367089,28.233579],[-105.367035,28.233665],[-105.366556,28.233709],[-105.366245,28.23369],[-105.36596,28.233642],[-105.36575,28.233534]]]}},{"type":"Feature","properties":{"modulo":3,"idparcela":"1449","productor":"JAQUEZ ROMERO HEBERT","cultivo":"Nogal (Nuez)","superficie_fisica_ha":10.63,"superficie_riego_ha":10.26,"hectareas":11.034},"geometry":{"type":"Polygon","coordinates":[[[-105.365889,28.226884],[-105.365822,28.228096],[-105.365829,28.230397],[-105.36575,28.233534],[-105.365603,28.23345],[-105.36467,28.232542],[-105.36404,28.231918],[-105.363965,28.231872],[-105.364071,28.229894],[-105.363989,28.227321],[-105.364078,28.227311],[-105.364512,28.227056],[-105.364859,28.226973],[-105.364937,28.227176],[-105.36529,28.22708],[-105.365496,28.227028],[-105.365692,28.226928],[-105.365889,28.226884]]]}},{"type":"Feature","properties":{"modulo":3,"idparcela":"1915","productor":"JAQUEZ ROMERO HEBERT","cultivo":"Alfalfa","superficie_fisica_ha":9.8,"superficie_riego_ha":9.75,"hectareas":10.299},"geometry":{"type":"Polygon","coordinates":[[[-105.363965,28.231872],[-105.363806,28.231867],[-105.362662,28.231931],[-105.362157,28.23192],[-105.361904,28.231903],[-105.361905,28.231252],[-105.361907,28.22887],[-105.361939,28.227708],[-105.361923,28.227517],[-105.362506,28.227426],[-105.363728,28.227352],[-105.363989,28.227321],[-105.364071,28.229894],[-105.363965,28.231872]]]}},{"type":"Feature","properties":{"modulo":3,"idparcela":"1885","productor":"LUJAN BARRIENTOS EVERARDO ALF.","cultivo":"Sin Cultivo","superficie_fisica_ha":41.16,"superficie_riego_ha":9.88,"hectareas":13.048},"geometry":{"type":"Polygon","coordinates":[[[-105.366179,28.22391],[-105.364442,28.224732],[-105.363147,28.225359],[-105.363039,28.225305],[-105.363,28.223825],[-105.363253,28.223782],[-105.363722,28.223904],[-105.364101,28.22384],[-105.36463,28.223599],[-105.364965,28.223313],[-105.365226,28.222597],[-105.365067,28.221983],[-105.364492,28.221439],[-105.364349,28.22123],[-105.365152,28.221175],[-105.365233,28.221043],[-105.365114,28.220558],[-105.366452,28.220601],[-105.367165,28.220634],[-105.36728,28.221262],[-105.368714,28.22211],[-105.368903,28.222337],[-105.368798,28.222794],[-105.367241,28.223381],[-105.366595,28.223732],[-105.366179,28.22391]]]}},{"type":"Feature","properties":{"modulo":3,"idparcela":"1920","productor":"REYES CUETO PORFIRIO","cultivo":"Cacahuate","superficie_fisica_ha":4.855,"superficie_riego_ha":4.855,"hectareas":8.547},"geometry":{"type":"Polygon","coordinates":[[[-105.393261,28.232781],[-105.392758,28.233013],[-105.392457,28.233126],[-105.392252,28.233011],[-105.392036,28.23289],[-105.391919,28.232914],[-105.391484,28.233425],[-105.391252,28.233576],[-105.390912,28.233709],[-105.390604,28.233858],[-105.390386,28.233595],[-105.390325,28.232425],[-105.390281,28.231939],[-105.39023,28.231549],[-105.390013,28.231365],[-105.389613,28.231079],[-105.389713,28.231032],[-105.39,28.230884],[-105.391263,28.23044],[-105.39236,28.229999],[-105.392433,28.230081],[-105.392462,28.230288],[-105.39236,28.230856],[-105.392461,28.231105],[-105.392611,28.231319],[-105.392733,28.23158],[-105.392926,28.231805],[-105.393121,28.231948],[-105.393288,28.232049],[-105.393531,28.232274],[-105.393538,28.232566],[-105.393518,28.232692],[-105.393261,28.232781]]]}},{"type":"Feature","properties":{"modulo":3,"idparcela":"1507","productor":"SOTO MORALES HERIBERTA","cultivo":"Sin Cultivo","superficie_fisica_ha":11.765,"superficie_riego_ha":7.9082,"hectareas":16.141},"geometry":{"type":"Polygon","coordinates":[[[-105.38868,28.228278],[-105.388637,28.228075],[-105.388534,28.22798],[-105.388267,28.227798],[-105.387962,28.22767],[-105.387731,28.227693],[-105.387604,28.227757],[-105.38754,28.228009],[-105.387423,28.228075],[-105.387403,28.2282],[-105.387578,28.228573],[-105.387606,28.228719],[-105.387632,28.228823],[-105.388007,28.22871],[-105.388176,28.228853],[-105.388363,28.228787],[-105.38836,28.228661],[-105.38857,28.228594],[-105.388637,28.228446],[-105.38868,28.228278]],[[-105.392217,28.229939],[-105.391126,28.230387],[-105.389998,28.230801],[-105.38949,28.230965],[-105.389076,28.230757],[-105.388227,28.230439],[-105.387819,28.230251],[-105.387394,28.230171],[-105.387031,28.230173],[-105.386617,28.230116],[-105.386413,28.230004],[-105.386045,28.229586],[-105.385829,28.229362],[-105.385862,28.228839],[-105.38583,28.228544],[-105.385573,28.228161],[-105.385249,28.227548],[-105.385545,28.22757],[-105.385877,28.227626],[-105.386294,28.227803],[-105.386676,28.227804],[-105.386892,28.227626],[-105.387128,28.227358],[-105.387389,28.227352],[-105.38783,28.227376],[-105.388357,28.227404],[-105.388584,28.22736],[-105.38896,28.22729],[-105.389129,28.227254],[-105.389469,28.227568],[-105.389847,28.227815],[-105.390063,28.227915],[-105.390278,28.228036],[-105.39046,28.228448],[-105.390904,28.228503],[-105.391256,28.228412],[-105.391387,28.228491],[-105.391672,28.228968],[-105.391993,28.229505],[-105.392189,28.229752],[-105.392217,28.229939]]]}},{"type":"Feature","properties":{"modulo":3,"idparcela":"1511","productor":"MERCADO AVILA VICTOR MANUEL","cultivo":"Alfalfa","superficie_fisica_ha":18,"superficie_riego_ha":17.8,"hectareas":20.496},"geometry":{"type":"Polygon","coordinates":[[[-105.384005,28.227331],[-105.382636,28.227339],[-105.382257,28.227307],[-105.382209,28.227243],[-105.382189,28.226512],[-105.382187,28.224651],[-105.382275,28.221765],[-105.382238,28.219628],[-105.382311,28.219548],[-105.382435,28.219402],[-105.382494,28.219335],[-105.382932,28.219849],[-105.383207,28.220428],[-105.383263,28.220741],[-105.383411,28.220988],[-105.383796,28.221273],[-105.384345,28.221491],[-105.384466,28.221614],[-105.384424,28.221876],[-105.384318,28.222245],[-105.383945,28.223197],[-105.384089,28.223399],[-105.384357,28.223707],[-105.384465,28.223784],[-105.384815,28.224095],[-105.385343,28.224397],[-105.385827,28.224847],[-105.385979,28.225241],[-105.386166,28.225657],[-105.386094,28.225988],[-105.385826,28.22652],[-105.385716,28.226877],[-105.385513,28.227237],[-105.38535,28.227324],[-105.384429,28.227322],[-105.384005,28.227331]]]}},{"type":"Feature","properties":{"modulo":3,"idparcela":"1510","productor":"CASTRO LINSS HORTENSIA","cultivo":"Nogal (Nuez)","superficie_fisica_ha":32,"superficie_riego_ha":32,"hectareas":10.608},"geometry":{"type":"Polygon","coordinates":[[[-105.381024,28.227298],[-105.381015,28.225086],[-105.380996,28.223338],[-105.380844,28.223217],[-105.380008,28.222798],[-105.379846,28.222693],[-105.379819,28.222516],[-105.379818,28.221339],[-105.380287,28.221023],[-105.380992,28.220558],[-105.382058,28.219825],[-105.38207,28.219813],[-105.382027,28.221289],[-105.382051,28.225762],[-105.382062,28.227058],[-105.382066,28.227204],[-105.38206,28.227285],[-105.381738,28.227295],[-105.381024,28.227298]]]}},{"type":"Feature","properties":{"modulo":3,"idparcela":"1510","productor":"CASTRO LINSS HORTENSIA","cultivo":"Nogal (Nuez)","superficie_fisica_ha":32,"superficie_riego_ha":32,"hectareas":18.138},"geometry":{"type":"Polygon","coordinates":[[[-105.379818,28.221339],[-105.379819,28.222516],[-105.379846,28.222693],[-105.380008,28.222798],[-105.380844,28.223217],[-105.380996,28.223338],[-105.381015,28.225086],[-105.381024,28.227298],[-105.380158,28.227348],[-105.379252,28.227335],[-105.378518,28.227351],[-105.377631,28.227351],[-105.37734,28.227375],[-105.377322,28.227081],[-105.377352,28.225651],[-105.377404,28.224859],[-105.377422,28.22473],[-105.377633,28.224705],[-105.377867,28.224616],[-105.378123,28.224464],[-105.377905,28.224281],[-105.377849,28.223927],[-105.377837,28.223488],[-105.377937,28.222939],[-105.378123,28.222688],[-105.378421,28.222389],[-105.378861,28.222045],[-105.379818,28.221339]]]}},{"type":"Feature","properties":{"modulo":3,"idparcela":"1436","productor":"CASTRO LINSS HORTENSIA","cultivo":"Nogal (Nuez)","superficie_fisica_ha":24.8,"superficie_riego_ha":24.8,"hectareas":24.333},"geometry":{"type":"Polygon","coordinates":[[[-105.377125,28.222889],[-105.377133,28.222889],[-105.377213,28.223083],[-105.377243,28.224232],[-105.377251,28.224359],[-105.377214,28.224898],[-105.377149,28.226237],[-105.377151,28.227085],[-105.377157,28.227299],[-105.376594,28.227318],[-105.375767,28.227315],[-105.373998,28.227331],[-105.372747,28.227336],[-105.372346,28.227344],[-105.372183,28.227331],[-105.372171,28.226972],[-105.372095,28.22413],[-105.372115,28.223262],[-105.372123,28.223158],[-105.37211,28.223069],[-105.372108,28.222971],[-105.372441,28.222911],[-105.374281,28.222893],[-105.37584,28.222858],[-105.377125,28.222889]]]}},{"type":"Feature","properties":{"modulo":3,"idparcela":"1435","productor":"LARA HERNANDEZ JAIME","cultivo":"Camote","superficie_fisica_ha":25.2,"superficie_riego_ha":23.8,"hectareas":23.699},"geometry":{"type":"Polygon","coordinates":[[[-105.372035,28.222125],[-105.372048,28.222004],[-105.372109,28.219109],[-105.372269,28.219117],[-105.373002,28.219117],[-105.373244,28.219112],[-105.3733,28.219709],[-105.37361,28.22074],[-105.373889,28.221466],[-105.374128,28.221565],[-105.374291,28.221499],[-105.374381,28.22133],[-105.374584,28.220971],[-105.374694,28.220676],[-105.374571,28.220469],[-105.374448,28.220284],[-105.374252,28.220016],[-105.374148,28.219663],[-105.374012,28.218997],[-105.374566,28.218525],[-105.37542,28.217797],[-105.376599,28.216873],[-105.377152,28.216397],[-105.377176,28.218157],[-105.377237,28.220455],[-105.377262,28.222274],[-105.377124,28.222402],[-105.37701,28.222571],[-105.377038,28.222738],[-105.377125,28.222889],[-105.37584,28.222858],[-105.374281,28.222893],[-105.372441,28.222911],[-105.372108,28.222971],[-105.372086,28.2229],[-105.372084,28.22282],[-105.372078,28.222633],[-105.372047,28.222319],[-105.372035,28.222125]]]}},{"type":"Feature","properties":{"modulo":3,"idparcela":"1409","productor":"JUAREZ BUSTOS EVARISTO","cultivo":"Cacahuate","superficie_fisica_ha":20.9,"superficie_riego_ha":20.9,"hectareas":23.478},"geometry":{"type":"Polygon","coordinates":[[[-105.377251,28.224359],[-105.377243,28.224232],[-105.377213,28.223083],[-105.377133,28.222889],[-105.377125,28.222889],[-105.377038,28.222738],[-105.37701,28.222571],[-105.377124,28.222402],[-105.377262,28.222274],[-105.377237,28.220455],[-105.377176,28.218157],[-105.377152,28.216397],[-105.377476,28.216116],[-105.378841,28.214939],[-105.378795,28.215148],[-105.378874,28.21546],[-105.379003,28.215875],[-105.379149,28.216039],[-105.379367,28.216244],[-105.379679,28.216517],[-105.379764,28.216967],[-105.37999,28.217485],[-105.380449,28.217894],[-105.380858,28.218157],[-105.381223,28.218588],[-105.381637,28.21906],[-105.382224,28.219442],[-105.382156,28.219542],[-105.381436,28.220101],[-105.380417,28.220782],[-105.379231,28.221628],[-105.378323,28.222298],[-105.378067,28.222517],[-105.377979,28.222628],[-105.377818,28.222757],[-105.377746,28.222961],[-105.377699,28.223087],[-105.377526,28.223327],[-105.377435,28.223475],[-105.377489,28.223725],[-105.377251,28.224359]]]}},{"type":"Feature","properties":{"modulo":3,"idparcela":"1885","productor":"LUJAN BARRIENTOS EVERARDO ALF.","cultivo":"Sin Cultivo","superficie_fisica_ha":41.16,"superficie_riego_ha":9.88,"hectareas":2.152},"geometry":{"type":"Polygon","coordinates":[[[-105.362652,28.220896],[-105.362559,28.219604],[-105.36305,28.219448],[-105.36387,28.219143],[-105.364081,28.219154],[-105.364116,28.219593],[-105.364178,28.220135],[-105.364183,28.220344],[-105.363895,28.22044],[-105.362652,28.220896]]]}},{"type":"Feature","properties":{"modulo":3,"idparcela":"1411","productor":"LARA ONTIVEROS DAVID","cultivo":"Avena","superficie_fisica_ha":19.2,"superficie_riego_ha":18.22,"hectareas":20.131},"geometry":{"type":"Polygon","coordinates":[[[-105.3657,28.218595],[-105.365783,28.21875],[-105.368451,28.217659],[-105.368344,28.217412],[-105.369309,28.216976],[-105.371202,28.216247],[-105.372485,28.215698],[-105.372788,28.215566],[-105.372997,28.215529],[-105.37312,28.215622],[-105.373131,28.215616],[-105.373158,28.216144],[-105.373357,28.216537],[-105.373869,28.217345],[-105.374297,28.218148],[-105.374482,28.218354],[-105.374259,28.218525],[-105.373868,28.21801],[-105.373677,28.217957],[-105.373545,28.217987],[-105.373208,28.218141],[-105.373169,28.218436],[-105.373297,28.218914],[-105.371849,28.218888],[-105.371437,28.218945],[-105.370576,28.219141],[-105.368991,28.219531],[-105.368614,28.219823],[-105.367541,28.219828],[-105.366739,28.219829],[-105.366461,28.219771],[-105.366163,28.219651],[-105.365901,28.219514],[-105.365691,28.219298],[-105.365532,28.219017],[-105.365476,28.218846],[-105.365606,28.218809],[-105.3657,28.218595]]]}},{"type":"Feature","properties":{"modulo":3,"idparcela":"1388","productor":"ARMENDARIZ CARLOS EFRAIN","cultivo":"Ma­z","superficie_fisica_ha":25.4,"superficie_riego_ha":25.4,"hectareas":25.256},"geometry":{"type":"Polygon","coordinates":[[[-105.371242,28.209286],[-105.371083,28.209121],[-105.370841,28.208875],[-105.370639,28.208378],[-105.370339,28.207736],[-105.369987,28.206949],[-105.369758,28.206689],[-105.369713,28.20639],[-105.369631,28.206012],[-105.369576,28.205703],[-105.369589,28.205264],[-105.369729,28.204905],[-105.369911,28.204877],[-105.37068,28.204861],[-105.371879,28.204828],[-105.372098,28.205123],[-105.372174,28.205244],[-105.372954,28.206678],[-105.373175,28.207072],[-105.373524,28.207098],[-105.375937,28.207055],[-105.377636,28.20704],[-105.377955,28.207062],[-105.377945,28.207138],[-105.378015,28.207596],[-105.37816,28.20924],[-105.378163,28.20937],[-105.376234,28.209348],[-105.374109,28.20933],[-105.371242,28.209286]]]}},{"type":"Feature","properties":{"modulo":3,"idparcela":"1408","productor":"SOLTERO DELGADO JOSE LUIS","cultivo":"Alfalfa","superficie_fisica_ha":26.55,"superficie_riego_ha":26.55,"hectareas":29.586},"geometry":{"type":"Polygon","coordinates":[[[-105.377994,28.213357],[-105.377688,28.213436],[-105.376587,28.213773],[-105.375912,28.2141],[-105.3747,28.21469],[-105.373885,28.215083],[-105.37335,28.215384],[-105.373212,28.215379],[-105.373025,28.214683],[-105.372656,28.214126],[-105.372506,28.213816],[-105.372495,28.213398],[-105.372495,28.21252],[-105.37239,28.212104],[-105.372208,28.211502],[-105.371822,28.210276],[-105.371693,28.209861],[-105.371399,28.209449],[-105.371242,28.209286],[-105.374109,28.20933],[-105.376234,28.209348],[-105.378163,28.20937],[-105.377946,28.209835],[-105.377567,28.210658],[-105.377252,28.21125],[-105.377215,28.211648],[-105.377392,28.212063],[-105.377634,28.212528],[-105.377498,28.21252],[-105.377308,28.212461],[-105.377216,28.212568],[-105.377314,28.212691],[-105.377462,28.212939],[-105.377675,28.212956],[-105.377838,28.212987],[-105.377994,28.213357]]]}},{"type":"Feature","properties":{"modulo":3,"idparcela":"1387","productor":"BORUNDA RIVERO MONSERRAT","cultivo":"Sin Cultivo","superficie_fisica_ha":16.39,"superficie_riego_ha":16.39,"hectareas":31.71},"geometry":{"type":"Polygon","coordinates":[[[-105.372079,28.204836],[-105.372078,28.204397],[-105.372126,28.202691],[-105.372109,28.202075],[-105.371961,28.202001],[-105.371539,28.201791],[-105.370707,28.201291],[-105.370366,28.201023],[-105.370099,28.200577],[-105.369965,28.199861],[-105.369951,28.199361],[-105.370201,28.198853],[-105.370333,28.198739],[-105.370502,28.198648],[-105.370952,28.19865],[-105.371315,28.198766],[-105.371744,28.198997],[-105.372073,28.199524],[-105.372598,28.200402],[-105.372701,28.201137],[-105.372886,28.201349],[-105.373525,28.201694],[-105.374347,28.20214],[-105.374573,28.202312],[-105.374789,28.202615],[-105.374818,28.20284],[-105.375059,28.203201],[-105.37622,28.20387],[-105.377013,28.204294],[-105.377372,28.204532],[-105.377843,28.204666],[-105.379026,28.2048],[-105.379351,28.204842],[-105.379199,28.204908],[-105.378635,28.205143],[-105.378376,28.205603],[-105.378081,28.206049],[-105.377927,28.206431],[-105.377913,28.206759],[-105.377905,28.206909],[-105.377558,28.206916],[-105.375919,28.20695],[-105.373593,28.20695],[-105.373318,28.206956],[-105.37305,28.206491],[-105.372262,28.205104],[-105.372079,28.204836]]]}},{"type":"Feature","properties":{"modulo":3,"idparcela":"1360","productor":"LOS CUATRO VILLALOBOS SPR DE RL DE C.V.","cultivo":"Alfalfa","superficie_fisica_ha":29.15,"superficie_riego_ha":28.15,"hectareas":28.229},"geometry":{"type":"Polygon","coordinates":[[[-105.37193,28.204689],[-105.371273,28.204727],[-105.370024,28.204753],[-105.369529,28.204805],[-105.368466,28.204765],[-105.367239,28.204769],[-105.366885,28.204735],[-105.366525,28.204533],[-105.366242,28.204272],[-105.365647,28.203444],[-105.364992,28.202748],[-105.364746,28.202437],[-105.36465,28.202252],[-105.364569,28.201961],[-105.36465,28.201571],[-105.364631,28.201257],[-105.364602,28.200844],[-105.364674,28.20085],[-105.365368,28.20092],[-105.366514,28.200668],[-105.367284,28.200485],[-105.367813,28.200418],[-105.369225,28.200443],[-105.369865,28.200415],[-105.370036,28.20076],[-105.370241,28.201081],[-105.370427,28.201275],[-105.370978,28.201598],[-105.371762,28.20205],[-105.371945,28.202133],[-105.371987,28.203357],[-105.371974,28.204441],[-105.37193,28.204689]]]}},{"type":"Feature","properties":{"modulo":3,"idparcela":"1438","productor":"CARRASCO RUIZ FIDEL","cultivo":"Alfalfa","superficie_fisica_ha":24.85,"superficie_riego_ha":24.85,"hectareas":25.441},"geometry":{"type":"Polygon","coordinates":[[[-105.372905,28.215084],[-105.368256,28.217077],[-105.367415,28.215524],[-105.36639,28.213559],[-105.366272,28.213365],[-105.365557,28.212191],[-105.365607,28.212188],[-105.366058,28.212155],[-105.369214,28.212168],[-105.371338,28.21215],[-105.372258,28.21213],[-105.372347,28.21239],[-105.372356,28.213827],[-105.372575,28.214293],[-105.372905,28.215084]]]}},{"type":"Feature","properties":{"modulo":3,"idparcela":"1439","productor":"AGRICOLA PINO SOLO, SPR DE RL","cultivo":"Alfalfa","superficie_fisica_ha":10.15,"superficie_riego_ha":10.15,"hectareas":10.373},"geometry":{"type":"Polygon","coordinates":[[[-105.364159,28.210803],[-105.365344,28.210811],[-105.368723,28.21084],[-105.371849,28.210832],[-105.371963,28.211274],[-105.372258,28.21213],[-105.371338,28.21215],[-105.369214,28.212168],[-105.366058,28.212155],[-105.365607,28.212188],[-105.365557,28.212191],[-105.364159,28.210803]]]}},{"type":"Feature","properties":{"modulo":3,"idparcela":"1440","productor":"DELMAR DEL NORTE DE DELICIAS SPR DE RL","cultivo":"Alfalfa","superficie_fisica_ha":13.05,"superficie_riego_ha":13.05,"hectareas":23.645},"geometry":{"type":"Polygon","coordinates":[[[-105.371849,28.210832],[-105.368723,28.21084],[-105.365344,28.210811],[-105.364159,28.210803],[-105.364012,28.210695],[-105.362842,28.209922],[-105.361828,28.209276],[-105.361836,28.208171],[-105.363035,28.208298],[-105.36569,28.208295],[-105.367889,28.208292],[-105.368374,28.208292],[-105.368936,28.208358],[-105.369734,28.208394],[-105.37055,28.208413],[-105.370722,28.208948],[-105.371176,28.209402],[-105.371614,28.210009],[-105.371849,28.210832]]]}},{"type":"Feature","properties":{"modulo":3,"idparcela":"1441","productor":"DELMAR DEL NORTE DE DELICIAS SPR DE RL","cultivo":"Alfalfa","superficie_fisica_ha":12.4,"superficie_riego_ha":11.9,"hectareas":8.837},"geometry":{"type":"Polygon","coordinates":[[[-105.366926,28.204858],[-105.36743,28.204888],[-105.367901,28.204905],[-105.369109,28.204879],[-105.369493,28.204897],[-105.369512,28.205007],[-105.36942,28.205474],[-105.369502,28.205997],[-105.369563,28.206231],[-105.36964,28.20674],[-105.369904,28.207032],[-105.370459,28.208249],[-105.37055,28.208413],[-105.369734,28.208394],[-105.368936,28.208358],[-105.368374,28.208292],[-105.367889,28.208292],[-105.367474,28.206612],[-105.366926,28.204858]]]}},{"type":"Feature","properties":{"modulo":3,"idparcela":"1407","productor":"DELMAR DEL NORTE DE DELICIAS SPR DE RL","cultivo":"Alfalfa","superficie_fisica_ha":28.35,"superficie_riego_ha":25.95,"hectareas":19.039},"geometry":{"type":"Polygon","coordinates":[[[-105.361836,28.208171],[-105.361846,28.206833],[-105.361781,28.204947],[-105.361944,28.20495],[-105.362506,28.205043],[-105.362744,28.20509],[-105.362927,28.205321],[-105.363849,28.205214],[-105.364117,28.20602],[-105.366313,28.204546],[-105.366723,28.204813],[-105.366926,28.204858],[-105.367474,28.206612],[-105.367889,28.208292],[-105.36569,28.208295],[-105.363035,28.208298],[-105.361836,28.208171]]]}},{"type":"Feature","properties":{"modulo":3,"idparcela":"1453","productor":"GARCIA SALGADO FDO. ERNESTO","cultivo":"Alfalfa","superficie_fisica_ha":15,"superficie_riego_ha":15,"hectareas":14.384},"geometry":{"type":"Polygon","coordinates":[[[-105.361686,28.236359],[-105.360798,28.236356],[-105.360444,28.236363],[-105.360236,28.236289],[-105.359413,28.235287],[-105.358282,28.233763],[-105.357464,28.232749],[-105.356954,28.232069],[-105.359389,28.232072],[-105.361034,28.232102],[-105.361721,28.232215],[-105.361744,28.23401],[-105.361708,28.23618],[-105.361686,28.236359]]]}},{"type":"Feature","properties":{"modulo":3,"idparcela":"1452","productor":"DELMAR DEL NORTE DE DELICIAS SPR DE RL","cultivo":"Nogal (Nuez)","superficie_fisica_ha":41.9,"superficie_riego_ha":29.9,"hectareas":20.145},"geometry":{"type":"Polygon","coordinates":[[[-105.356867,28.231965],[-105.356482,28.231559],[-105.355919,28.23106],[-105.355965,28.230969],[-105.356365,28.230658],[-105.358454,28.228915],[-105.360207,28.22738],[-105.360754,28.226954],[-105.361144,28.227125],[-105.361534,28.227352],[-105.361686,28.227532],[-105.361718,28.227921],[-105.361718,28.231687],[-105.36174,28.232055],[-105.361037,28.231987],[-105.359621,28.231991],[-105.357672,28.231953],[-105.356867,28.231965]]]}},{"type":"Feature","properties":{"modulo":3,"idparcela":"1910","productor":"HERRERA BUSTOS JUAN","cultivo":"Nogal (Nuez)","superficie_fisica_ha":4.2154,"superficie_riego_ha":4.2154,"hectareas":3.899},"geometry":{"type":"Polygon","coordinates":[[[-105.356354,28.236425],[-105.355961,28.23643],[-105.354161,28.236389],[-105.352714,28.236341],[-105.352147,28.236363],[-105.352165,28.23606],[-105.35215,28.235812],[-105.352239,28.235562],[-105.352446,28.23541],[-105.352978,28.235337],[-105.353454,28.235332],[-105.354302,28.235341],[-105.354723,28.235371],[-105.354907,28.235616],[-105.35515,28.23561],[-105.355557,28.235575],[-105.356354,28.236425]]]}},{"type":"Feature","properties":{"modulo":3,"idparcela":"1911","productor":"MONTES ORTIZ ANTONIO","cultivo":"Nogal (Nuez)","superficie_fisica_ha":4.2088,"superficie_riego_ha":4.2088,"hectareas":4.26},"geometry":{"type":"Polygon","coordinates":[[[-105.359206,28.236389],[-105.356354,28.236425],[-105.355557,28.235575],[-105.355676,28.235487],[-105.359115,28.23522],[-105.359453,28.235678],[-105.359969,28.236243],[-105.36006,28.236345],[-105.359206,28.236389]]]}},{"type":"Feature","properties":{"modulo":3,"idparcela":"9826","productor":"GONZALEZ CABALLERO JOSE LUIS","cultivo":"Nogal (Nuez)","superficie_fisica_ha":3.285,"superficie_riego_ha":3.285,"hectareas":4.053},"geometry":{"type":"Polygon","coordinates":[[[-105.355676,28.235487],[-105.355693,28.235208],[-105.355611,28.234801],[-105.35558,28.234295],[-105.355578,28.234215],[-105.35829,28.234112],[-105.358657,28.234597],[-105.359115,28.23522],[-105.355676,28.235487]]]}},{"type":"Feature","properties":{"modulo":3,"idparcela":"1912","productor":"DOMINGUEZ QUEZADA RAMON","cultivo":"Nogal (Nuez)","superficie_fisica_ha":3.8808,"superficie_riego_ha":3.8808,"hectareas":3.814},"geometry":{"type":"Polygon","coordinates":[[[-105.355578,28.234215],[-105.355554,28.233303],[-105.355505,28.233144],[-105.356742,28.232088],[-105.357006,28.232411],[-105.35829,28.234112],[-105.355578,28.234215]]]}},{"type":"Feature","properties":{"modulo":3,"idparcela":"************","productor":null,"cultivo":"Sin Cultivo","superficie_fisica_ha":null,"superficie_riego_ha":null,"hectareas":4.427},"geometry":{"type":"Polygon","coordinates":[[[-105.355505,28.233144],[-105.35549,28.233095],[-105.355066,28.232686],[-105.354824,28.232482],[-105.354457,28.23228],[-105.354107,28.232131],[-105.353209,28.231786],[-105.353049,28.231696],[-105.353879,28.2313],[-105.355147,28.230861],[-105.355521,28.230926],[-105.356396,28.231666],[-105.356742,28.232088],[-105.355505,28.233144]]]}},{"type":"Feature","properties":{"modulo":3,"idparcela":"1902","productor":"DOMINGUEZ QUEZADA RAMON","cultivo":"Chile verde","superficie_fisica_ha":3.5849,"superficie_riego_ha":3.5,"hectareas":3.293},"geometry":{"type":"Polygon","coordinates":[[[-105.354431,28.232397],[-105.354746,28.2326],[-105.355357,28.233146],[-105.355424,28.233362],[-105.355442,28.234394],[-105.355515,28.235159],[-105.355548,28.235408],[-105.355497,28.235463],[-105.355024,28.235481],[-105.354834,28.235244],[-105.354149,28.235215],[-105.354431,28.232397]]]}},{"type":"Feature","properties":{"modulo":3,"idparcela":"1901","productor":"REYES CUETO PORFIRIO","cultivo":"Alfalfa","superficie_fisica_ha":3.7598,"superficie_riego_ha":3.7598,"hectareas":3.917},"geometry":{"type":"Polygon","coordinates":[[[-105.354149,28.235215],[-105.353215,28.235207],[-105.353129,28.235212],[-105.353121,28.233563],[-105.353125,28.231912],[-105.354062,28.232234],[-105.354431,28.232397],[-105.354149,28.235215]]]}},{"type":"Feature","properties":{"modulo":3,"idparcela":"1900","productor":"SOTO PACHECO LEONARDO","cultivo":"Alfalfa","superficie_fisica_ha":4.913,"superficie_riego_ha":4,"hectareas":2.876},"geometry":{"type":"Polygon","coordinates":[[[-105.353129,28.235212],[-105.352537,28.235247],[-105.352398,28.235256],[-105.352114,28.235456],[-105.351965,28.235785],[-105.351939,28.236155],[-105.351459,28.233679],[-105.351699,28.23367],[-105.352729,28.233571],[-105.353121,28.233563],[-105.353129,28.235212]]]}},{"type":"Feature","properties":{"modulo":3,"idparcela":"1899","productor":"SOTO PACHECO LEONARDO","cultivo":"Alfalfa","superficie_fisica_ha":3.5457,"superficie_riego_ha":3.5457,"hectareas":4.398},"geometry":{"type":"Polygon","coordinates":[[[-105.351939,28.236155],[-105.35198,28.236359],[-105.35116,28.235589],[-105.350433,28.234898],[-105.34958,28.234057],[-105.349114,28.233337],[-105.349706,28.233058],[-105.350375,28.232705],[-105.350413,28.23269],[-105.350565,28.233197],[-105.350811,28.233558],[-105.350991,28.233685],[-105.351459,28.233679],[-105.351939,28.236155]]]}},{"type":"Feature","properties":{"modulo":3,"idparcela":"9694","productor":"MONTES MINJARES FRANCISCO","cultivo":"Cacahuate","superficie_fisica_ha":4.5843,"superficie_riego_ha":3.5,"hectareas":3.321},"geometry":{"type":"Polygon","coordinates":[[[-105.346995,28.235522],[-105.346847,28.236116],[-105.346713,28.236654],[-105.346675,28.236888],[-105.346666,28.237122],[-105.346571,28.237158],[-105.346435,28.237076],[-105.346334,28.236891],[-105.346212,28.236638],[-105.346129,28.236418],[-105.345875,28.236253],[-105.345585,28.236174],[-105.345411,28.236143],[-105.345214,28.235977],[-105.345093,28.235741],[-105.344839,28.23561],[-105.344278,28.235434],[-105.344268,28.235432],[-105.344554,28.234557],[-105.346114,28.235124],[-105.346995,28.235522]]]}},{"type":"Feature","properties":{"modulo":3,"idparcela":"9695","productor":"VILLEZCAS RODRIGUEZ AUSENCIO","cultivo":"Cacahuate","superficie_fisica_ha":4.0299,"superficie_riego_ha":3.5,"hectareas":4.011},"geometry":{"type":"Polygon","coordinates":[[[-105.341388,28.23329],[-105.341967,28.233486],[-105.34238,28.233623],[-105.344199,28.234224],[-105.344238,28.234297],[-105.344359,28.234406],[-105.344422,28.234513],[-105.344147,28.235388],[-105.343815,28.235314],[-105.343529,28.235238],[-105.343342,28.235117],[-105.343014,28.234961],[-105.342709,28.234891],[-105.342328,28.234867],[-105.341919,28.234593],[-105.341365,28.234356],[-105.341088,28.234246],[-105.341022,28.233966],[-105.341054,28.233684],[-105.341107,28.233468],[-105.341388,28.23329]]]}},{"type":"Feature","properties":{"modulo":3,"idparcela":"9697","productor":"CASO CABALLERO ROBERTO","cultivo":"Sin Cultivo","superficie_fisica_ha":3.8751,"superficie_riego_ha":3.5,"hectareas":3.423},"geometry":{"type":"Polygon","coordinates":[[[-105.347365,28.234197],[-105.347126,28.235039],[-105.34704,28.235437],[-105.346047,28.234992],[-105.344582,28.234462],[-105.344642,28.234213],[-105.344972,28.233469],[-105.344997,28.233399],[-105.345738,28.233586],[-105.346746,28.233929],[-105.347373,28.234176],[-105.347365,28.234197]]]}},{"type":"Feature","properties":{"modulo":3,"idparcela":"9696","productor":"VILLEZCAS RODRIGUEZ AUSENCIO","cultivo":"Cacahuate","superficie_fisica_ha":3.6165,"superficie_riego_ha":3.5,"hectareas":3.225},"geometry":{"type":"Polygon","coordinates":[[[-105.344359,28.234406],[-105.344238,28.234297],[-105.344199,28.234224],[-105.34238,28.233623],[-105.341967,28.233486],[-105.341388,28.23329],[-105.342066,28.232929],[-105.34274,28.232687],[-105.342771,28.232629],[-105.344073,28.233035],[-105.344802,28.233333],[-105.344882,28.233378],[-105.344543,28.234138],[-105.344454,28.234419],[-105.344422,28.234513],[-105.344359,28.234406]]]}},{"type":"Feature","properties":{"modulo":3,"idparcela":"9693","productor":"VILLEZCAS RODRIGUEZ AMADO","cultivo":"Cacahuate","superficie_fisica_ha":7.5263,"superficie_riego_ha":7,"hectareas":5.581},"geometry":{"type":"Polygon","coordinates":[[[-105.349637,28.2329],[-105.349254,28.233094],[-105.348285,28.233476],[-105.347434,28.233861],[-105.347436,28.233928],[-105.347389,28.234056],[-105.346708,28.233814],[-105.345762,28.2335],[-105.345073,28.233308],[-105.34504,28.233296],[-105.345011,28.233285],[-105.345347,28.2326],[-105.34565,28.232044],[-105.345837,28.232309],[-105.346152,28.232761],[-105.346181,28.232803],[-105.347373,28.231922],[-105.348657,28.232458],[-105.3495,28.232708],[-105.349637,28.2329]]]}},{"type":"Feature","properties":{"modulo":3,"idparcela":"9698","productor":"CASO SANDOVAL ROBERTO","cultivo":"Alfalfa","superficie_fisica_ha":5.9017,"superficie_riego_ha":5.75,"hectareas":6.904},"geometry":{"type":"Polygon","coordinates":[[[-105.350251,28.232607],[-105.350004,28.232736],[-105.349731,28.232864],[-105.349553,28.232624],[-105.348703,28.232376],[-105.347374,28.231813],[-105.346204,28.232668],[-105.345694,28.231918],[-105.345767,28.23176],[-105.346473,28.230241],[-105.347772,28.230641],[-105.348844,28.231069],[-105.348984,28.231066],[-105.349115,28.230981],[-105.349217,28.231263],[-105.350207,28.231592],[-105.35022,28.232073],[-105.350251,28.232607]]]}},{"type":"Feature","properties":{"modulo":3,"idparcela":"9702","productor":"BRITO BAEZA JESUS JOSE","cultivo":"Ma­z","superficie_fisica_ha":3.8681,"superficie_riego_ha":3.5,"hectareas":3.682},"geometry":{"type":"Polygon","coordinates":[[[-105.348012,28.229463],[-105.347666,28.228936],[-105.347752,28.228864],[-105.348259,28.229409],[-105.348885,28.2303],[-105.350051,28.23002],[-105.350128,28.230274],[-105.350187,28.231173],[-105.350195,28.231476],[-105.349281,28.231209],[-105.349131,28.230886],[-105.34898,28.230991],[-105.348806,28.230969],[-105.347823,28.230578],[-105.346524,28.230162],[-105.346549,28.230033],[-105.346792,28.229938],[-105.348012,28.229463]]]}},{"type":"Feature","properties":{"modulo":3,"idparcela":"9703","productor":"SOTO PACHECO LEONARDO","cultivo":"Alfalfa","superficie_fisica_ha":3.7146,"superficie_riego_ha":3.5,"hectareas":3.368},"geometry":{"type":"Polygon","coordinates":[[[-105.347861,28.226995],[-105.347924,28.22698],[-105.348111,28.226959],[-105.348232,28.227139],[-105.348401,28.227264],[-105.348507,28.227258],[-105.348622,28.227104],[-105.348808,28.227383],[-105.348865,28.227902],[-105.348874,28.228814],[-105.348934,28.228968],[-105.349062,28.229062],[-105.349544,28.229302],[-105.34985,28.229521],[-105.349989,28.229778],[-105.350044,28.22992],[-105.348908,28.230198],[-105.348266,28.229294],[-105.347802,28.228793],[-105.347792,28.228747],[-105.347774,28.228438],[-105.347848,28.22821],[-105.348036,28.228028],[-105.348078,28.227843],[-105.348035,28.227636],[-105.347861,28.226995]]]}},{"type":"Feature","properties":{"modulo":3,"idparcela":"9701","productor":"GONZALEZ CABALLERO JOSE LUIS","cultivo":"Alfalfa","superficie_fisica_ha":5.91,"superficie_riego_ha":5.58,"hectareas":5.672},"geometry":{"type":"Polygon","coordinates":[[[-105.344678,28.227593],[-105.344978,28.227377],[-105.345863,28.228026],[-105.346274,28.228092],[-105.346665,28.228015],[-105.346807,28.227937],[-105.34724,28.227411],[-105.347525,28.227058],[-105.347792,28.226996],[-105.347948,28.227665],[-105.347997,28.227866],[-105.347948,28.227991],[-105.347753,28.228236],[-105.347699,28.228446],[-105.347695,28.22879],[-105.347555,28.228936],[-105.347835,28.229359],[-105.347863,28.229428],[-105.346753,28.229863],[-105.346457,28.229962],[-105.34605,28.230133],[-105.345171,28.228382],[-105.344678,28.227593]]]}},{"type":"Feature","properties":{"modulo":3,"idparcela":"1904","productor":"CALDERON CASO CARLOS EMILIO","cultivo":"Frijol","superficie_fisica_ha":3.5681,"superficie_riego_ha":3.5,"hectareas":3.33},"geometry":{"type":"Polygon","coordinates":[[[-105.350402,28.231348],[-105.350393,28.231248],[-105.350312,28.230272],[-105.35025,28.230041],[-105.350155,28.229796],[-105.350914,28.229505],[-105.351468,28.229245],[-105.351726,28.229058],[-105.351921,28.229529],[-105.352167,28.230466],[-105.352221,28.23089],[-105.352091,28.230947],[-105.351603,28.231077],[-105.35104,28.231198],[-105.350402,28.231348]]]}},{"type":"Feature","properties":{"modulo":3,"idparcela":"1905","productor":"SOTO PACHECO LEONARDO","cultivo":"Ma­z","superficie_fisica_ha":3.9073,"superficie_riego_ha":3.75,"hectareas":3.655},"geometry":{"type":"Polygon","coordinates":[[[-105.350139,28.2297],[-105.350043,28.229507],[-105.349774,28.229268],[-105.349228,28.228986],[-105.349115,28.22889],[-105.349042,28.228708],[-105.349048,28.228147],[-105.349864,28.227945],[-105.350591,28.227784],[-105.351077,28.227684],[-105.351223,28.228174],[-105.351691,28.228991],[-105.351379,28.229193],[-105.350712,28.229478],[-105.350139,28.2297]]]}},{"type":"Feature","properties":{"modulo":3,"idparcela":"9535","productor":"RUIZ DANIEL","cultivo":"Cacahuate","superficie_fisica_ha":2.5,"superficie_riego_ha":2.5,"hectareas":3.355},"geometry":{"type":"Polygon","coordinates":[[[-105.350185,28.225461],[-105.350091,28.22549],[-105.349149,28.22577],[-105.348414,28.22606],[-105.348231,28.22613],[-105.34812,28.226005],[-105.348057,28.225827],[-105.348008,28.225686],[-105.347997,28.225545],[-105.34805,28.225334],[-105.348407,28.225143],[-105.348987,28.224871],[-105.350318,28.224309],[-105.350809,28.224115],[-105.351103,28.224471],[-105.351476,28.224891],[-105.351094,28.225047],[-105.350185,28.225461]]]}},{"type":"Feature","properties":{"modulo":3,"idparcela":"9541","productor":"REYES CUETO PORFIRIO","cultivo":"Cacahuate","superficie_fisica_ha":2,"superficie_riego_ha":2,"hectareas":4.233},"geometry":{"type":"Polygon","coordinates":[[[-105.350911,28.224073],[-105.351957,28.223618],[-105.353629,28.22288],[-105.35459,28.222524],[-105.354658,28.222629],[-105.354807,28.223069],[-105.354954,28.223387],[-105.354966,28.223502],[-105.354614,28.223578],[-105.353582,28.224017],[-105.353132,28.224228],[-105.352446,28.224509],[-105.35207,28.224639],[-105.351556,28.224876],[-105.351292,28.224564],[-105.351006,28.224187],[-105.350911,28.224073]]]}},{"type":"Feature","properties":{"modulo":3,"idparcela":"1420","productor":"DELMAR DEL NORTE DE DELICIAS SPR DE RL","cultivo":"Alfalfa","superficie_fisica_ha":8.8,"superficie_riego_ha":8.45,"hectareas":10.306},"geometry":{"type":"Polygon","coordinates":[[[-105.351557,28.224975],[-105.351951,28.225379],[-105.352211,28.225715],[-105.352278,28.225823],[-105.352445,28.22609],[-105.352707,28.227047],[-105.352949,28.228094],[-105.35392,28.231181],[-105.353443,28.23137],[-105.353098,28.231543],[-105.352958,28.231566],[-105.35278,28.231397],[-105.352429,28.230932],[-105.352311,28.230314],[-105.352166,28.229774],[-105.352031,28.229342],[-105.351819,28.228943],[-105.351578,28.228505],[-105.351361,28.22807],[-105.351162,28.22742],[-105.350813,28.226569],[-105.350248,28.225543],[-105.350878,28.225245],[-105.351557,28.224975]]]}},{"type":"Feature","properties":{"modulo":3,"idparcela":"1417","productor":"DELMAR DEL NORTE DE DELICIAS SPR DE RL","cultivo":"Nogal (Nuez)","superficie_fisica_ha":27.3,"superficie_riego_ha":26.7,"hectareas":26.704},"geometry":{"type":"Polygon","coordinates":[[[-105.351615,28.224911],[-105.35231,28.224641],[-105.353353,28.224215],[-105.353908,28.223999],[-105.354334,28.223829],[-105.354631,28.223719],[-105.354973,28.2236],[-105.354977,28.223601],[-105.355051,28.223813],[-105.35528,28.223961],[-105.355453,28.223988],[-105.35564,28.224117],[-105.355983,28.224376],[-105.356218,28.224668],[-105.35646,28.224981],[-105.356582,28.225245],[-105.356614,28.226792],[-105.356628,28.228867],[-105.356549,28.23018],[-105.356483,28.230311],[-105.355945,28.230842],[-105.35581,28.230967],[-105.355723,28.230953],[-105.35554,28.230806],[-105.355136,28.23076],[-105.355049,28.230809],[-105.354174,28.231123],[-105.354016,28.231179],[-105.353368,28.229142],[-105.353063,28.228217],[-105.352848,28.22719],[-105.35254,28.226086],[-105.352332,28.225739],[-105.351928,28.225225],[-105.351615,28.224911]]]}},{"type":"Feature","properties":{"modulo":3,"idparcela":"1452","productor":"DELMAR DEL NORTE DE DELICIAS SPR DE RL","cultivo":"Nogal (Nuez)","superficie_fisica_ha":41.9,"superficie_riego_ha":29.9,"hectareas":11.054},"geometry":{"type":"Polygon","coordinates":[[[-105.36057,28.226909],[-105.359676,28.227692],[-105.358816,28.228459],[-105.357549,28.229524],[-105.35684,28.230105],[-105.356671,28.23023],[-105.356714,28.229251],[-105.356763,28.227844],[-105.35672,28.226687],[-105.358037,28.225754],[-105.358663,28.225468],[-105.359368,28.225247],[-105.359495,28.225448],[-105.360481,28.226804],[-105.36057,28.226909]]]}},{"type":"Feature","properties":{"modulo":3,"idparcela":"1452","productor":"DELMAR DEL NORTE DE DELICIAS SPR DE RL","cultivo":"Nogal (Nuez)","superficie_fisica_ha":41.9,"superficie_riego_ha":29.9,"hectareas":13.484},"geometry":{"type":"Polygon","coordinates":[[[-105.356725,28.226592],[-105.356704,28.226286],[-105.356698,28.225399],[-105.356688,28.225156],[-105.356595,28.224972],[-105.356376,28.224642],[-105.3558,28.224073],[-105.355414,28.223821],[-105.355258,28.223778],[-105.355187,28.223703],[-105.355039,28.22334],[-105.354761,28.222627],[-105.354791,28.222458],[-105.356172,28.221818],[-105.357306,28.221352],[-105.357542,28.221209],[-105.357866,28.221279],[-105.358461,28.221572],[-105.358741,28.221734],[-105.35871,28.221857],[-105.358614,28.222119],[-105.358569,28.222732],[-105.358421,28.223764],[-105.358423,28.224034],[-105.358445,28.224247],[-105.358434,28.224462],[-105.358582,28.224841],[-105.358953,28.2251],[-105.359243,28.225169],[-105.359076,28.225243],[-105.358426,28.225471],[-105.35789,28.225739],[-105.357219,28.226231],[-105.356725,28.226592]]]}},{"type":"Feature","properties":{"modulo":3,"idparcela":"1452","productor":"DELMAR DEL NORTE DE DELICIAS SPR DE RL","cultivo":"Nogal (Nuez)","superficie_fisica_ha":41.9,"superficie_riego_ha":29.9,"hectareas":12.083},"geometry":{"type":"Polygon","coordinates":[[[-105.361736,28.225886],[-105.361146,28.225722],[-105.360707,28.225561],[-105.360126,28.226007],[-105.35993,28.225716],[-105.359738,28.225474],[-105.3589,28.224467],[-105.358631,28.224075],[-105.358635,28.223524],[-105.358704,28.222927],[-105.358756,28.222204],[-105.358866,28.221829],[-105.359027,28.221912],[-105.359596,28.222053],[-105.359924,28.222077],[-105.360368,28.221915],[-105.361068,28.221625],[-105.361718,28.221397],[-105.361825,28.221533],[-105.361755,28.22476],[-105.361732,28.225815],[-105.361736,28.225886]]]}},{"type":"Feature","properties":{"modulo":3,"idparcela":"9488","productor":"ALMANZA N. LILIA I.","cultivo":"Sin Cultivo","superficie_fisica_ha":33.67,"superficie_riego_ha":33.67,"hectareas":31.622},"geometry":{"type":"Polygon","coordinates":[[[-105.359002,28.221682],[-105.358842,28.22161],[-105.358338,28.221334],[-105.358176,28.221197],[-105.35767,28.219316],[-105.357387,28.217716],[-105.357449,28.217412],[-105.357516,28.217174],[-105.357291,28.217148],[-105.357152,28.21709],[-105.357005,28.216772],[-105.357012,28.216374],[-105.35747,28.216074],[-105.357843,28.215837],[-105.357944,28.215728],[-105.357661,28.215459],[-105.357288,28.215054],[-105.358115,28.215021],[-105.358444,28.215045],[-105.358562,28.214951],[-105.358531,28.214447],[-105.358518,28.213928],[-105.358933,28.213908],[-105.360668,28.213887],[-105.361664,28.213872],[-105.361676,28.213923],[-105.361679,28.214046],[-105.361734,28.216781],[-105.361765,28.220543],[-105.36057,28.221039],[-105.359002,28.221682]]]}},{"type":"Feature","properties":{"modulo":3,"idparcela":"1452","productor":"DELMAR DEL NORTE DE DELICIAS SPR DE RL","cultivo":"Nogal (Nuez)","superficie_fisica_ha":41.9,"superficie_riego_ha":29.9,"hectareas":1.737},"geometry":{"type":"Polygon","coordinates":[[[-105.361493,28.221356],[-105.360222,28.221851],[-105.359857,28.221971],[-105.359623,28.221964],[-105.359002,28.221682],[-105.36057,28.221039],[-105.361765,28.220543],[-105.361766,28.221244],[-105.361493,28.221356]]]}},{"type":"Feature","properties":{"modulo":3,"idparcela":"1465","productor":"MONTES VARELA EFREN","cultivo":"Cacahuate","superficie_fisica_ha":24.75,"superficie_riego_ha":24.75,"hectareas":25.658},"geometry":{"type":"Polygon","coordinates":[[[-105.353614,28.217584],[-105.354286,28.217715],[-105.355777,28.217935],[-105.355922,28.218145],[-105.35653,28.219244],[-105.356654,28.219674],[-105.356723,28.219936],[-105.356811,28.219906],[-105.356648,28.219253],[-105.356267,28.218486],[-105.355942,28.217932],[-105.356486,28.218021],[-105.356704,28.218477],[-105.356967,28.2191],[-105.357067,28.219094],[-105.357021,28.218953],[-105.356823,28.218424],[-105.35655,28.21793],[-105.356517,28.21788],[-105.356496,28.217802],[-105.356467,28.217287],[-105.356445,28.217135],[-105.356359,28.217121],[-105.356364,28.217856],[-105.354853,28.217627],[-105.353618,28.217423],[-105.353645,28.216322],[-105.353694,28.213942],[-105.355133,28.213936],[-105.355576,28.213937],[-105.355692,28.214078],[-105.355764,28.214343],[-105.355687,28.214552],[-105.355779,28.214881],[-105.355932,28.215153],[-105.356107,28.215318],[-105.356388,28.21628],[-105.357217,28.217524],[-105.357266,28.217697],[-105.357442,28.218918],[-105.357616,28.219633],[-105.35792,28.220697],[-105.358088,28.221182],[-105.357799,28.221065],[-105.357481,28.221042],[-105.357155,28.221125],[-105.356804,28.221321],[-105.356354,28.221524],[-105.355645,28.221462],[-105.354381,28.22132],[-105.353522,28.221262],[-105.353613,28.217622],[-105.353614,28.217584]]]}},{"type":"Feature","properties":{"modulo":3,"idparcela":"1445","productor":"MARTINEZ GOMEZ MANUEL","cultivo":"Ma­z","superficie_fisica_ha":21.426,"superficie_riego_ha":18,"hectareas":0.926},"geometry":{"type":"Polygon","coordinates":[[[-105.361361,28.213749],[-105.360755,28.213776],[-105.360272,28.213786],[-105.360141,28.213775],[-105.36022,28.213709],[-105.360321,28.213615],[-105.360365,28.213309],[-105.36031,28.213172],[-105.360338,28.212927],[-105.360352,28.212804],[-105.36072,28.212946],[-105.360875,28.213007],[-105.361173,28.213185],[-105.361405,28.213326],[-105.361544,28.213463],[-105.361574,28.213653],[-105.361532,28.213724],[-105.361361,28.213749]]]}},{"type":"Feature","properties":{"modulo":3,"idparcela":"1445","productor":"MARTINEZ GOMEZ MANUEL","cultivo":"Ma­z","superficie_fisica_ha":21.426,"superficie_riego_ha":18,"hectareas":6.783},"geometry":{"type":"Polygon","coordinates":[[[-105.357513,28.21378],[-105.355408,28.213778],[-105.354924,28.213773],[-105.354884,28.213544],[-105.354918,28.212886],[-105.354993,28.212817],[-105.355435,28.212888],[-105.355727,28.212824],[-105.355946,28.212621],[-105.356153,28.212616],[-105.356362,28.212658],[-105.357051,28.212628],[-105.357447,28.212611],[-105.357858,28.212408],[-105.35792,28.21229],[-105.357992,28.212237],[-105.358087,28.212248],[-105.358198,28.212285],[-105.358273,28.212367],[-105.35874,28.212351],[-105.359076,28.212363],[-105.359273,28.212439],[-105.359895,28.212659],[-105.360164,28.212865],[-105.360192,28.213282],[-105.360148,28.213588],[-105.359887,28.213758],[-105.357513,28.21378]]]}},{"type":"Feature","properties":{"modulo":3,"idparcela":"1914","productor":"MARTINEZ GOMEZ MANUEL","cultivo":"Sin Cultivo","superficie_fisica_ha":10.6,"superficie_riego_ha":10.6,"hectareas":10.645},"geometry":{"type":"Polygon","coordinates":[[[-105.353026,28.213828],[-105.352551,28.213838],[-105.351715,28.213819],[-105.351713,28.213721],[-105.351698,28.213156],[-105.351684,28.212621],[-105.351542,28.212456],[-105.350882,28.211938],[-105.350734,28.211612],[-105.350681,28.211231],[-105.351091,28.210731],[-105.351494,28.210653],[-105.351647,28.210526],[-105.35168,28.209827],[-105.351712,28.207776],[-105.351835,28.20781],[-105.353232,28.208156],[-105.353026,28.213828]]]}},{"type":"Feature","properties":{"modulo":3,"idparcela":"1447","productor":"MARTINEZ GOMEZ MANUEL","cultivo":"Alfalfa","superficie_fisica_ha":13.95,"superficie_riego_ha":13.2,"hectareas":12.672},"geometry":{"type":"Polygon","coordinates":[[[-105.355428,28.212336],[-105.35506,28.212396],[-105.354893,28.212598],[-105.354813,28.212814],[-105.354766,28.213029],[-105.354776,28.21338],[-105.354752,28.213748],[-105.354729,28.213814],[-105.353779,28.213827],[-105.353026,28.213828],[-105.353232,28.208156],[-105.354212,28.208363],[-105.354792,28.208467],[-105.355517,28.208618],[-105.355519,28.208698],[-105.355448,28.209418],[-105.355422,28.20973],[-105.355433,28.211611],[-105.355428,28.212336]]]}},{"type":"Feature","properties":{"modulo":3,"idparcela":"1445","productor":"MARTINEZ GOMEZ MANUEL","cultivo":"Ma­z","superficie_fisica_ha":21.426,"superficie_riego_ha":18,"hectareas":12.37},"geometry":{"type":"Polygon","coordinates":[[[-105.358445,28.212092],[-105.358517,28.208738],[-105.359534,28.208983],[-105.360002,28.209097],[-105.360772,28.209242],[-105.36168,28.209419],[-105.361684,28.209593],[-105.361715,28.211147],[-105.361754,28.212599],[-105.361746,28.213387],[-105.361553,28.213275],[-105.361106,28.213012],[-105.360604,28.212729],[-105.360181,28.212599],[-105.359313,28.212313],[-105.3586,28.212114],[-105.358445,28.212092]]]}},{"type":"Feature","properties":{"modulo":3,"idparcela":"1418","productor":"RUIZ DANIEL","cultivo":"Alfalfa","superficie_fisica_ha":12.6,"superficie_riego_ha":12.6,"hectareas":13.875},"geometry":{"type":"Polygon","coordinates":[[[-105.347994,28.225167],[-105.347817,28.225386],[-105.347771,28.225567],[-105.347859,28.225949],[-105.34803,28.22624],[-105.348018,28.22628],[-105.347835,28.226347],[-105.347477,28.226508],[-105.346964,28.226702],[-105.346861,28.226704],[-105.346702,28.226569],[-105.346319,28.225782],[-105.346227,28.225586],[-105.345932,28.225257],[-105.345553,28.224855],[-105.345469,28.224778],[-105.345246,28.224732],[-105.345061,28.224555],[-105.344611,28.223204],[-105.344501,28.222917],[-105.344918,28.222875],[-105.346192,28.222927],[-105.346848,28.222959],[-105.347694,28.222972],[-105.347797,28.222939],[-105.348119,28.222719],[-105.348404,28.222629],[-105.348836,28.222452],[-105.348928,28.222573],[-105.349087,28.222775],[-105.34927,28.223026],[-105.349407,28.22312],[-105.349499,28.223347],[-105.349398,28.223456],[-105.349162,28.22366],[-105.349009,28.223755],[-105.348947,28.224001],[-105.349123,28.22415],[-105.349278,28.224116],[-105.349395,28.223976],[-105.349511,28.223806],[-105.349473,28.223654],[-105.349519,28.223465],[-105.349747,28.22346],[-105.350368,28.223559],[-105.351216,28.223679],[-105.351253,28.223754],[-105.350894,28.223899],[-105.349444,28.224526],[-105.347994,28.225167]]]}},{"type":"Feature","properties":{"modulo":3,"idparcela":"1419","productor":"RUIZ VILLALOBOS ELISEO","cultivo":"Sin Cultivo","superficie_fisica_ha":11.45,"superficie_riego_ha":11.45,"hectareas":10.733},"geometry":{"type":"Polygon","coordinates":[[[-105.34861,28.221715],[-105.348753,28.22188],[-105.348863,28.222122],[-105.348877,28.222292],[-105.348772,28.222397],[-105.348391,28.22256],[-105.348094,28.222647],[-105.347726,28.22289],[-105.346889,28.222874],[-105.346293,28.222848],[-105.345464,28.222835],[-105.34486,28.222801],[-105.344492,28.222816],[-105.344301,28.22231],[-105.344109,28.221758],[-105.343992,28.221412],[-105.344475,28.220886],[-105.345005,28.220401],[-105.346592,28.220407],[-105.347698,28.220419],[-105.347913,28.220429],[-105.348077,28.220754],[-105.34861,28.221715]]]}},{"type":"Feature","properties":{"modulo":3,"idparcela":"************","productor":null,"cultivo":"Sin Cultivo","superficie_fisica_ha":null,"superficie_riego_ha":null,"hectareas":1.566},"geometry":{"type":"Polygon","coordinates":[[[-105.35012,28.220391],[-105.350113,28.220391],[-105.350403,28.219969],[-105.350459,28.219896],[-105.350473,28.219824],[-105.350437,28.219676],[-105.350357,28.219179],[-105.350451,28.219177],[-105.350821,28.219088],[-105.351175,28.219146],[-105.351542,28.219438],[-105.35157,28.219878],[-105.351588,28.220322],[-105.351594,28.220377],[-105.351417,28.220381],[-105.35012,28.220391]]]}},{"type":"Feature","properties":{"modulo":3,"idparcela":"************","productor":null,"cultivo":"Sin Cultivo","superficie_fisica_ha":null,"superficie_riego_ha":null,"hectareas":5.101},"geometry":{"type":"Polygon","coordinates":[[[-105.349997,28.220391],[-105.348871,28.220391],[-105.348003,28.220357],[-105.347822,28.220328],[-105.34639,28.220323],[-105.345013,28.220308],[-105.345081,28.21991],[-105.345167,28.219445],[-105.345466,28.219459],[-105.346892,28.219482],[-105.348068,28.219457],[-105.349757,28.219422],[-105.350166,28.219336],[-105.350283,28.219149],[-105.350295,28.219153],[-105.350345,28.219449],[-105.350403,28.219858],[-105.350286,28.220047],[-105.350075,28.22034],[-105.349997,28.220391]]]}},{"type":"Feature","properties":{"modulo":3,"idparcela":"************","productor":null,"cultivo":"Sin Cultivo","superficie_fisica_ha":null,"superficie_riego_ha":null,"hectareas":3.44},"geometry":{"type":"Polygon","coordinates":[[[-105.345177,28.219393],[-105.345236,28.219073],[-105.345314,28.218785],[-105.346359,28.218764],[-105.347181,28.218708],[-105.348019,28.218716],[-105.349268,28.21873],[-105.349981,28.218768],[-105.350166,28.219045],[-105.350217,28.219113],[-105.350112,28.219296],[-105.349748,28.219358],[-105.348125,28.219391],[-105.346553,28.219424],[-105.345177,28.219393]]]}},{"type":"Feature","properties":{"modulo":3,"idparcela":"************","productor":null,"cultivo":"Sin Cultivo","superficie_fisica_ha":null,"superficie_riego_ha":null,"hectareas":3.54},"geometry":{"type":"Polygon","coordinates":[[[-105.345363,28.218689],[-105.345579,28.217872],[-105.346512,28.217875],[-105.34804,28.21787],[-105.349117,28.217838],[-105.349244,28.218041],[-105.349429,28.21817],[-105.349684,28.21833],[-105.349897,28.218488],[-105.350022,28.21871],[-105.349178,28.218666],[-105.348093,28.218648],[-105.347105,28.218631],[-105.345931,28.218694],[-105.345363,28.218689]]]}},{"type":"Feature","properties":{"modulo":3,"idparcela":"************","productor":null,"cultivo":"Sin Cultivo","superficie_fisica_ha":null,"superficie_riego_ha":null,"hectareas":3.256},"geometry":{"type":"Polygon","coordinates":[[[-105.345638,28.217793],[-105.345605,28.217783],[-105.34585,28.216887],[-105.346588,28.216906],[-105.34728,28.216896],[-105.348205,28.216877],[-105.348984,28.216874],[-105.349241,28.216881],[-105.349114,28.217094],[-105.348959,28.217308],[-105.348983,28.217382],[-105.34905,28.217719],[-105.349076,28.217757],[-105.348523,28.217769],[-105.347084,28.217811],[-105.345638,28.217793]]]}},{"type":"Feature","properties":{"modulo":3,"idparcela":"************","productor":null,"cultivo":"Sin Cultivo","superficie_fisica_ha":null,"superficie_riego_ha":null,"hectareas":3.496},"geometry":{"type":"Polygon","coordinates":[[[-105.345889,28.216813],[-105.346088,28.21586],[-105.347046,28.215846],[-105.348339,28.215833],[-105.348898,28.215847],[-105.34935,28.216002],[-105.349485,28.216097],[-105.349504,28.21616],[-105.34949,28.216263],[-105.349393,28.216593],[-105.349327,28.216791],[-105.348659,28.216802],[-105.347821,28.216781],[-105.346249,28.216813],[-105.345889,28.216813]]]}},{"type":"Feature","properties":{"modulo":3,"idparcela":"1916","productor":"LARA RODRIGUEZ JESUS JOSE","cultivo":"Alfalfa","superficie_fisica_ha":3.732,"superficie_riego_ha":3.732,"hectareas":3.508},"geometry":{"type":"Polygon","coordinates":[[[-105.34438,28.216667],[-105.345183,28.215702],[-105.345325,28.215778],[-105.345512,28.215605],[-105.345561,28.215474],[-105.345972,28.215988],[-105.345741,28.217058],[-105.345525,28.217805],[-105.345325,28.218564],[-105.345134,28.219127],[-105.345049,28.219246],[-105.344817,28.218809],[-105.344549,28.217564],[-105.34438,28.216667]]]}},{"type":"Feature","properties":{"modulo":3,"idparcela":"1468","productor":"MONTES VARELA MANUEL","cultivo":"Cacahuate","superficie_fisica_ha":9.05,"superficie_riego_ha":8.3,"hectareas":10.012},"geometry":{"type":"Polygon","coordinates":[[[-105.351276,28.219053],[-105.350907,28.219008],[-105.350598,28.218988],[-105.350425,28.219],[-105.350253,28.218981],[-105.350136,28.218764],[-105.350011,28.218467],[-105.349936,28.218403],[-105.349816,28.218315],[-105.349443,28.218101],[-105.349247,28.21791],[-105.349154,28.21773],[-105.349075,28.217536],[-105.349083,28.217383],[-105.349206,28.217263],[-105.349444,28.217021],[-105.349499,28.216889],[-105.349564,28.216562],[-105.349671,28.216183],[-105.349843,28.215997],[-105.350025,28.215668],[-105.349959,28.215383],[-105.349918,28.214941],[-105.349929,28.21481],[-105.349986,28.214731],[-105.350271,28.214387],[-105.350325,28.214229],[-105.35027,28.213986],[-105.350284,28.213899],[-105.350513,28.213887],[-105.350808,28.213874],[-105.351529,28.213895],[-105.351634,28.213895],[-105.35164,28.214383],[-105.351637,28.215237],[-105.351584,28.216273],[-105.351605,28.216481],[-105.351593,28.216599],[-105.351587,28.216873],[-105.35158,28.217224],[-105.351584,28.217667],[-105.351529,28.218058],[-105.351479,28.21841],[-105.351442,28.218613],[-105.351384,28.218921],[-105.351349,28.219064],[-105.351276,28.219053]]]}},{"type":"Feature","properties":{"modulo":3,"idparcela":"1395","productor":"JAQUEZ PAZ CRUZ","cultivo":"Camote","superficie_fisica_ha":9.65,"superficie_riego_ha":9.4,"hectareas":7.78},"geometry":{"type":"Polygon","coordinates":[[[-105.3516,28.213792],[-105.350961,28.213776],[-105.350518,28.213756],[-105.35041,28.213525],[-105.350027,28.212934],[-105.350011,28.212851],[-105.349975,28.212661],[-105.350141,28.210575],[-105.35032,28.207343],[-105.350344,28.207242],[-105.350361,28.20718],[-105.350733,28.207386],[-105.351534,28.207695],[-105.351559,28.207747],[-105.35154,28.209222],[-105.351499,28.210451],[-105.351491,28.210508],[-105.351302,28.210577],[-105.351106,28.210596],[-105.351008,28.210612],[-105.350567,28.211126],[-105.350541,28.21127],[-105.350591,28.211705],[-105.350699,28.211929],[-105.350812,28.212082],[-105.351289,28.212454],[-105.351552,28.212713],[-105.351603,28.21363],[-105.3516,28.213792]]]}},{"type":"Feature","properties":{"modulo":3,"idparcela":"1396","productor":"LARA GARCIA ROSENDO","cultivo":"Cacahuate","superficie_fisica_ha":6.95,"superficie_riego_ha":6.95,"hectareas":16.534},"geometry":{"type":"Polygon","coordinates":[[[-105.34994,28.212853],[-105.349874,28.213119],[-105.349862,28.213211],[-105.34978,28.213329],[-105.349799,28.213822],[-105.349652,28.213825],[-105.348998,28.213853],[-105.348992,28.213801],[-105.348942,28.213516],[-105.348796,28.213415],[-105.348526,28.213447],[-105.347982,28.213419],[-105.347914,28.213524],[-105.347919,28.213732],[-105.347836,28.213838],[-105.347608,28.213856],[-105.347506,28.21378],[-105.347514,28.213533],[-105.347588,28.213101],[-105.347538,28.212816],[-105.347535,28.212712],[-105.347591,28.212672],[-105.347768,28.21285],[-105.347868,28.212861],[-105.347965,28.212755],[-105.347936,28.210035],[-105.347976,28.208978],[-105.347963,28.206301],[-105.348017,28.206155],[-105.348048,28.206089],[-105.348351,28.206225],[-105.349035,28.206549],[-105.34975,28.206899],[-105.350271,28.207149],[-105.350236,28.207345],[-105.350064,28.210577],[-105.349905,28.212663],[-105.34994,28.212853]]]}},{"type":"Feature","properties":{"modulo":3,"idparcela":"1397","productor":"LARA HERNANDEZ JAIME","cultivo":"Alfalfa","superficie_fisica_ha":13,"superficie_riego_ha":10.35,"hectareas":8.735},"geometry":{"type":"Polygon","coordinates":[[[-105.347887,28.208981],[-105.347612,28.20906],[-105.347262,28.209295],[-105.347111,28.20964],[-105.34714,28.210063],[-105.347111,28.210635],[-105.347232,28.210865],[-105.347121,28.211005],[-105.347111,28.211244],[-105.347072,28.211963],[-105.347274,28.212436],[-105.347351,28.212662],[-105.347363,28.213134],[-105.347197,28.21389],[-105.346763,28.213914],[-105.346565,28.213899],[-105.346491,28.213803],[-105.346497,28.212512],[-105.346471,28.211504],[-105.346565,28.207295],[-105.346524,28.205431],[-105.346519,28.205257],[-105.346627,28.205299],[-105.347515,28.205752],[-105.347959,28.206087],[-105.347886,28.2063],[-105.347887,28.208981]]]}},{"type":"Feature","properties":{"modulo":3,"idparcela":"1398","productor":"LARA HERNANDEZ JAIME","cultivo":"Alfalfa","superficie_fisica_ha":14.15,"superficie_riego_ha":12.05,"hectareas":12.836},"geometry":{"type":"Polygon","coordinates":[[[-105.346418,28.2125],[-105.346323,28.212618],[-105.346262,28.213677],[-105.346117,28.213583],[-105.345384,28.212784],[-105.344971,28.212391],[-105.344945,28.212341],[-105.345039,28.211244],[-105.344972,28.206196],[-105.345017,28.204505],[-105.345011,28.204365],[-105.345019,28.204313],[-105.3454,28.204615],[-105.345925,28.204946],[-105.346337,28.205174],[-105.346444,28.205223],[-105.346482,28.207268],[-105.3464,28.21151],[-105.346418,28.2125]]]}},{"type":"Feature","properties":{"modulo":3,"idparcela":"1400","productor":"HERNANDEZ ORNELAS JESUS ANTONIO","cultivo":"Ma­z","superficie_fisica_ha":3.05,"superficie_riego_ha":3.05,"hectareas":2.99},"geometry":{"type":"Polygon","coordinates":[[[-105.344005,28.206493],[-105.344891,28.207029],[-105.344949,28.210005],[-105.343983,28.209519],[-105.344008,28.206904],[-105.344005,28.206493]]]}},{"type":"Feature","properties":{"modulo":3,"idparcela":"1402","productor":"GUEVARA REYES VICTOR MANUEL","cultivo":"Ma­z","superficie_fisica_ha":11,"superficie_riego_ha":9.55,"hectareas":9.389},"geometry":{"type":"Polygon","coordinates":[[[-105.343926,28.211185],[-105.343884,28.211328],[-105.343674,28.21119],[-105.342992,28.210594],[-105.342733,28.210355],[-105.342719,28.209892],[-105.342719,28.208673],[-105.342781,28.208686],[-105.343262,28.208656],[-105.343488,28.208628],[-105.343709,28.208616],[-105.343904,28.208583],[-105.343912,28.209782],[-105.343867,28.209823],[-105.343918,28.21088],[-105.343926,28.211185]],[[-105.342719,28.207403],[-105.342736,28.204008],[-105.342686,28.202464],[-105.342684,28.202355],[-105.343503,28.202976],[-105.343904,28.203354],[-105.343918,28.205652],[-105.343909,28.207829],[-105.343911,28.208012],[-105.343815,28.207983],[-105.343675,28.207979],[-105.343245,28.207985],[-105.342946,28.207991],[-105.342874,28.20785],[-105.342894,28.207748],[-105.342867,28.207606],[-105.342719,28.207403]]]}},{"type":"Feature","properties":{"modulo":3,"idparcela":"1403","productor":"LARA HERNANDEZ JAIME","cultivo":"Alfalfa","superficie_fisica_ha":10.8,"superficie_riego_ha":9.95,"hectareas":9.422},"geometry":{"type":"Polygon","coordinates":[[[-105.341333,28.208513],[-105.341357,28.2078],[-105.341359,28.207584],[-105.341378,28.205538],[-105.341383,28.205094],[-105.341378,28.205051],[-105.341371,28.203115],[-105.341368,28.202104],[-105.34135,28.201802],[-105.341348,28.201766],[-105.341326,28.201373],[-105.341699,28.201609],[-105.342331,28.202044],[-105.342612,28.202262],[-105.342646,28.204417],[-105.342621,28.207414],[-105.342495,28.207411],[-105.342357,28.207413],[-105.342194,28.207335],[-105.341965,28.20734],[-105.341812,28.207648],[-105.341839,28.207811],[-105.341933,28.20787],[-105.342071,28.207867],[-105.3423,28.207842],[-105.342483,28.207838],[-105.342616,28.207963],[-105.342612,28.208385],[-105.342594,28.20951],[-105.341401,28.208535],[-105.341333,28.208513]]]}},{"type":"Feature","properties":{"modulo":3,"idparcela":"1404","productor":"LARA HERNANDEZ JAIME","cultivo":"Alfalfa","superficie_fisica_ha":10.25,"superficie_riego_ha":10.15,"hectareas":10.276},"geometry":{"type":"Polygon","coordinates":[[[-105.341329,28.209064],[-105.340496,28.208245],[-105.340259,28.207965],[-105.340138,28.20766],[-105.340114,28.206463],[-105.340121,28.203574],[-105.340127,28.200399],[-105.340138,28.200203],[-105.340745,28.200857],[-105.341326,28.201373],[-105.341348,28.201766],[-105.34135,28.201802],[-105.341368,28.202104],[-105.341371,28.203115],[-105.341378,28.205051],[-105.341383,28.205094],[-105.341378,28.205538],[-105.341359,28.207584],[-105.341357,28.2078],[-105.341333,28.208513],[-105.341319,28.208961],[-105.341329,28.209064]]]}},{"type":"Feature","properties":{"modulo":3,"idparcela":"1405","productor":"MONTES VARELA MANUEL","cultivo":"Cacahuate","superficie_fisica_ha":11.1,"superficie_riego_ha":10.45,"hectareas":11.627},"geometry":{"type":"Polygon","coordinates":[[[-105.339884,28.207668],[-105.33958,28.20745],[-105.339417,28.206739],[-105.339094,28.205353],[-105.338999,28.204574],[-105.338306,28.203531],[-105.337254,28.201945],[-105.336968,28.201408],[-105.340029,28.200089],[-105.340053,28.200138],[-105.340024,28.201624],[-105.339986,28.20561],[-105.340021,28.207645],[-105.339884,28.207668]]]}},{"type":"Feature","properties":{"modulo":3,"idparcela":"1406","productor":"LARA PACHECO ENRIQUE","cultivo":"Sin Cultivo","superficie_fisica_ha":10.3,"superficie_riego_ha":10.3,"hectareas":10.157},"geometry":{"type":"Polygon","coordinates":[[[-105.336925,28.201335],[-105.336505,28.200537],[-105.336386,28.199808],[-105.336268,28.199071],[-105.336359,28.198465],[-105.336449,28.197527],[-105.336491,28.197275],[-105.336644,28.197096],[-105.337231,28.196718],[-105.337343,28.196669],[-105.337462,28.196774],[-105.33822,28.197633],[-105.338433,28.197893],[-105.338325,28.198506],[-105.338603,28.198812],[-105.33915,28.19936],[-105.339957,28.199957],[-105.340002,28.200009],[-105.336925,28.201335]]]}},{"type":"Feature","properties":{"modulo":3,"idparcela":"1372","productor":"SANTOS PORTILLO EUGENIO","cultivo":"Chile verde","superficie_fisica_ha":26.15,"superficie_riego_ha":24.7,"hectareas":20.744},"geometry":{"type":"Polygon","coordinates":[[[-105.343292,28.200193],[-105.342554,28.200198],[-105.341545,28.200252],[-105.341114,28.200299],[-105.340706,28.200315],[-105.340442,28.200069],[-105.339246,28.199117],[-105.338942,28.1989],[-105.338563,28.19846],[-105.338622,28.198093],[-105.338591,28.197788],[-105.338187,28.197268],[-105.337572,28.196569],[-105.337847,28.196563],[-105.340349,28.196532],[-105.341152,28.196535],[-105.341934,28.19656],[-105.34267,28.196606],[-105.343565,28.196587],[-105.344037,28.19656],[-105.344531,28.196563],[-105.344643,28.196545],[-105.344804,28.196558],[-105.344763,28.196683],[-105.344699,28.19695],[-105.344191,28.197713],[-105.343998,28.198226],[-105.343723,28.199127],[-105.343803,28.199532],[-105.343919,28.200216],[-105.343793,28.200199],[-105.343292,28.200193]]]}},{"type":"Feature","properties":{"modulo":3,"idparcela":"1372","productor":"SANTOS PORTILLO EUGENIO","cultivo":"Chile verde","superficie_fisica_ha":26.15,"superficie_riego_ha":24.7,"hectareas":6.428},"geometry":{"type":"Polygon","coordinates":[[[-105.345786,28.200249],[-105.345016,28.200239],[-105.344534,28.200249],[-105.344074,28.200232],[-105.343919,28.19957],[-105.34386,28.199083],[-105.344094,28.198387],[-105.344369,28.197704],[-105.344817,28.197041],[-105.345158,28.196941],[-105.345335,28.196673],[-105.345494,28.196608],[-105.34617,28.196627],[-105.346163,28.196717],[-105.345958,28.197677],[-105.345794,28.199287],[-105.345783,28.200112],[-105.345786,28.200249]]]}},{"type":"Feature","properties":{"modulo":3,"idparcela":"1365","productor":"DELGADO MARQUEZ MIRNA","cultivo":"Sin Cultivo","superficie_fisica_ha":35,"superficie_riego_ha":35,"hectareas":5.558},"geometry":{"type":"Polygon","coordinates":[[[-105.350315,28.201818],[-105.349649,28.201835],[-105.34919,28.2018],[-105.34853,28.201656],[-105.348037,28.201418],[-105.347632,28.20108],[-105.347376,28.200923],[-105.347077,28.200908],[-105.34671,28.200916],[-105.34648,28.200921],[-105.346162,28.20081],[-105.34578,28.200488],[-105.345755,28.200407],[-105.347171,28.200443],[-105.349155,28.200467],[-105.350741,28.200441],[-105.351478,28.200432],[-105.351458,28.200757],[-105.351423,28.201144],[-105.351061,28.201355],[-105.350444,28.201469],[-105.350496,28.201779],[-105.350315,28.201818]]]}},{"type":"Feature","properties":{"modulo":3,"idparcela":"1384","productor":"LARA PACHECO ALBINO","cultivo":"Sin Cultivo","superficie_fisica_ha":13.65,"superficie_riego_ha":12.1652,"hectareas":12.461},"geometry":{"type":"Polygon","coordinates":[[[-105.341966,28.200404],[-105.343137,28.2004],[-105.344352,28.200396],[-105.345525,28.200412],[-105.345784,28.20063],[-105.346089,28.200888],[-105.346414,28.201024],[-105.346781,28.201016],[-105.346843,28.201625],[-105.34677,28.202339],[-105.346477,28.202548],[-105.346215,28.20265],[-105.346272,28.202613],[-105.346091,28.202699],[-105.346215,28.20265],[-105.345324,28.203223],[-105.344986,28.203474],[-105.34479,28.203583],[-105.344659,28.203664],[-105.343402,28.202612],[-105.342206,28.20166],[-105.341646,28.201326],[-105.340917,28.20067],[-105.34076,28.200502],[-105.341966,28.200404]]]}},{"type":"Feature","properties":{"modulo":3,"idparcela":"1382","productor":"FLORES VARGAS ELADIO","cultivo":"Cacahuate","superficie_fisica_ha":11.85,"superficie_riego_ha":10.78,"hectareas":4.755},"geometry":{"type":"Polygon","coordinates":[[[-105.352154,28.207031],[-105.352404,28.207581],[-105.352356,28.207713],[-105.3518,28.207605],[-105.350503,28.207098],[-105.349197,28.206438],[-105.347962,28.205731],[-105.346912,28.205123],[-105.346701,28.205],[-105.346544,28.204919],[-105.347587,28.2046],[-105.348818,28.204247],[-105.34871,28.204516],[-105.34853,28.204989],[-105.348274,28.205399],[-105.348235,28.20555],[-105.348267,28.205641],[-105.348375,28.205743],[-105.348631,28.205758],[-105.349002,28.205822],[-105.349098,28.205846],[-105.349463,28.205995],[-105.34958,28.205941],[-105.349675,28.205893],[-105.349778,28.205884],[-105.34989,28.205941],[-105.350501,28.206248],[-105.351082,28.206501],[-105.352017,28.20689],[-105.352154,28.207031]]]}},{"type":"Feature","properties":{"modulo":3,"idparcela":"1382","productor":"FLORES VARGAS ELADIO","cultivo":"Cacahuate","superficie_fisica_ha":11.85,"superficie_riego_ha":10.78,"hectareas":5.391},"geometry":{"type":"Polygon","coordinates":[[[-105.348938,28.204242],[-105.349114,28.204162],[-105.351529,28.203502],[-105.351561,28.20464],[-105.351578,28.205311],[-105.35156,28.205494],[-105.351239,28.205501],[-105.350615,28.205351],[-105.350473,28.205393],[-105.349982,28.20571],[-105.349949,28.205772],[-105.349478,28.205781],[-105.348971,28.205711],[-105.348648,28.205656],[-105.348443,28.205637],[-105.348391,28.205619],[-105.348351,28.205502],[-105.348393,28.205416],[-105.348641,28.205006],[-105.348832,28.20444],[-105.348938,28.204242]]]}},{"type":"Feature","properties":{"modulo":3,"idparcela":"1365","productor":"DELGADO MARQUEZ MIRNA","cultivo":"Sin Cultivo","superficie_fisica_ha":35,"superficie_riego_ha":35,"hectareas":26.097},"geometry":{"type":"Polygon","coordinates":[[[-105.352597,28.200387],[-105.351402,28.200351],[-105.349267,28.200375],[-105.347109,28.200346],[-105.34592,28.200305],[-105.345921,28.200057],[-105.345968,28.198918],[-105.346074,28.197715],[-105.346236,28.196898],[-105.346322,28.196652],[-105.347047,28.196047],[-105.34771,28.195452],[-105.347926,28.195232],[-105.348037,28.194968],[-105.348739,28.195158],[-105.348883,28.196254],[-105.348908,28.196733],[-105.348929,28.197127],[-105.349132,28.197855],[-105.349614,28.197854],[-105.349792,28.197854],[-105.351356,28.197756],[-105.352092,28.19772],[-105.352515,28.198172],[-105.35359,28.199395],[-105.353858,28.199775],[-105.353243,28.200219],[-105.352894,28.200422],[-105.352597,28.200387]]]}},{"type":"Feature","properties":{"modulo":3,"idparcela":"1363","productor":"DELMAR DEL NORTE DE DELICIAS SPR DE RL","cultivo":"Nogal (Nuez)","superficie_fisica_ha":20.15,"superficie_riego_ha":17.14,"hectareas":20.982},"geometry":{"type":"Polygon","coordinates":[[[-105.356367,28.203319],[-105.356174,28.203497],[-105.355823,28.203686],[-105.355657,28.20373],[-105.354752,28.20374],[-105.354548,28.203846],[-105.352488,28.204966],[-105.351681,28.205445],[-105.351648,28.204455],[-105.35163,28.20293],[-105.351593,28.201527],[-105.351818,28.201319],[-105.352637,28.200761],[-105.353391,28.200255],[-105.353956,28.199851],[-105.354007,28.19989],[-105.354574,28.200513],[-105.354827,28.200524],[-105.355585,28.200509],[-105.356745,28.200499],[-105.357494,28.200483],[-105.357492,28.20055],[-105.357405,28.200756],[-105.356741,28.202559],[-105.356367,28.203319]]]}},{"type":"Feature","properties":{"modulo":3,"idparcela":"1381","productor":"GRANJA DEL NORTE SPR DE RL DE CV","cultivo":"Ma­z","superficie_fisica_ha":19.83,"superficie_riego_ha":18.325,"hectareas":18.291},"geometry":{"type":"Polygon","coordinates":[[[-105.357895,28.2049],[-105.357996,28.207001],[-105.357551,28.207091],[-105.357183,28.206867],[-105.356952,28.206865],[-105.356622,28.206862],[-105.356134,28.206872],[-105.356111,28.207074],[-105.356106,28.207455],[-105.356039,28.207622],[-105.355857,28.207791],[-105.355747,28.207972],[-105.35576,28.20846],[-105.355588,28.208442],[-105.354917,28.208252],[-105.353509,28.207996],[-105.352702,28.20785],[-105.352357,28.207183],[-105.352279,28.207015],[-105.352147,28.206845],[-105.351659,28.206611],[-105.350336,28.206069],[-105.350172,28.20595],[-105.350977,28.206015],[-105.351529,28.206064],[-105.351503,28.205923],[-105.351474,28.205699],[-105.351881,28.205467],[-105.352783,28.204945],[-105.353124,28.204931],[-105.35407,28.204893],[-105.355587,28.204923],[-105.357584,28.204893],[-105.357895,28.2049]]]}},{"type":"Feature","properties":{"modulo":3,"idparcela":"1378","productor":"DELMAR DEL NORTE DE DELICIAS SPR DE RL","cultivo":"Ma­z","superficie_fisica_ha":16,"superficie_riego_ha":16,"hectareas":15.461},"geometry":{"type":"Polygon","coordinates":[[[-105.356308,28.203565],[-105.356508,28.203317],[-105.356878,28.202516],[-105.357586,28.200703],[-105.357688,28.200495],[-105.359143,28.200475],[-105.360749,28.200442],[-105.361209,28.200473],[-105.361215,28.200697],[-105.361386,28.20108],[-105.361669,28.201379],[-105.361663,28.202864],[-105.36165,28.203676],[-105.356308,28.203565]]]}},{"type":"Feature","properties":{"modulo":3,"idparcela":"1377","productor":"LOS CUATRO VILLALOBOS SPR DE RL DE C.V.","cultivo":"Alfalfa","superficie_fisica_ha":15.5,"superficie_riego_ha":13.85,"hectareas":16.1},"geometry":{"type":"Polygon","coordinates":[[[-105.364185,28.205815],[-105.363955,28.20509],[-105.363453,28.205141],[-105.36318,28.204855],[-105.362795,28.204875],[-105.362313,28.204864],[-105.361831,28.204769],[-105.361822,28.204549],[-105.36185,28.203003],[-105.361874,28.201314],[-105.36183,28.200487],[-105.362105,28.200475],[-105.36299,28.200462],[-105.363621,28.200505],[-105.363776,28.200574],[-105.364201,28.200737],[-105.364468,28.20087],[-105.364521,28.201549],[-105.364438,28.201892],[-105.364465,28.202183],[-105.364571,28.202408],[-105.364762,28.202696],[-105.365147,28.20307],[-105.365609,28.203596],[-105.366105,28.204307],[-105.366237,28.204442],[-105.365661,28.204836],[-105.364185,28.205815]]]}},{"type":"Feature","properties":{"modulo":3,"idparcela":"1710","productor":"ORNELAS RODRIGUEZ MARIO ALBERTO","cultivo":"Pradera","superficie_fisica_ha":25.35,"superficie_riego_ha":24.95,"hectareas":25.077},"geometry":{"type":"Polygon","coordinates":[[[-105.380912,28.204009],[-105.380186,28.204329],[-105.379755,28.204521],[-105.379437,28.20467],[-105.378953,28.204579],[-105.378582,28.204444],[-105.378111,28.204007],[-105.377693,28.203832],[-105.37735,28.2039],[-105.377126,28.204108],[-105.376637,28.203854],[-105.376289,28.203676],[-105.376296,28.202254],[-105.376265,28.199367],[-105.376309,28.198116],[-105.376371,28.198164],[-105.376868,28.198703],[-105.377455,28.19922],[-105.378201,28.199631],[-105.378693,28.199987],[-105.379596,28.20077],[-105.380171,28.201177],[-105.380427,28.201293],[-105.380732,28.201572],[-105.382512,28.202877],[-105.38331,28.203447],[-105.383515,28.203683],[-105.383688,28.203931],[-105.383211,28.204103],[-105.381899,28.204009],[-105.381232,28.203962],[-105.380912,28.204009]]]}},{"type":"Feature","properties":{"modulo":3,"idparcela":"1355","productor":"CARRASCO RUIZ FIDEL","cultivo":"Alfalfa","superficie_fisica_ha":25.35,"superficie_riego_ha":24.95,"hectareas":25.24},"geometry":{"type":"Polygon","coordinates":[[[-105.376289,28.203676],[-105.375209,28.203078],[-105.37505,28.202842],[-105.374961,28.202565],[-105.374804,28.202285],[-105.374243,28.201911],[-105.373292,28.201372],[-105.373018,28.201234],[-105.37285,28.200991],[-105.372753,28.200395],[-105.372659,28.200194],[-105.372156,28.199411],[-105.372006,28.198926],[-105.371964,28.195612],[-105.371967,28.194859],[-105.372009,28.194736],[-105.374894,28.197015],[-105.376309,28.198116],[-105.376265,28.199367],[-105.376296,28.202254],[-105.376289,28.203676]]]}},{"type":"Feature","properties":{"modulo":3,"idparcela":"9516","productor":"TARANGO GRADO EFRAIN","cultivo":"Alfalfa","superficie_fisica_ha":14.62,"superficie_riego_ha":2.5,"hectareas":2.221},"geometry":{"type":"Polygon","coordinates":[[[-105.382696,28.204922],[-105.381836,28.205068],[-105.381087,28.205389],[-105.380997,28.205472],[-105.380849,28.205089],[-105.380449,28.204731],[-105.379736,28.204685],[-105.380007,28.204516],[-105.380709,28.204189],[-105.380959,28.204103],[-105.381372,28.20404],[-105.38195,28.204092],[-105.38238,28.20462],[-105.382696,28.204922]]]}},{"type":"Feature","properties":{"modulo":3,"idparcela":"1350","productor":"OLIVAS CHAVEZ CARLOS","cultivo":"Sin Cultivo","superficie_fisica_ha":59.7,"superficie_riego_ha":57,"hectareas":63.051},"geometry":{"type":"Polygon","coordinates":[[[-105.388262,28.194241],[-105.388352,28.194202],[-105.389028,28.193897],[-105.389554,28.193447],[-105.390265,28.192646],[-105.390925,28.191989],[-105.391259,28.191413],[-105.391285,28.191351],[-105.391627,28.191354],[-105.393463,28.191315],[-105.395612,28.191308],[-105.397251,28.191312],[-105.398435,28.191332],[-105.399176,28.191337],[-105.399587,28.191522],[-105.399651,28.191576],[-105.400445,28.192669],[-105.400829,28.193093],[-105.400948,28.193442],[-105.400903,28.193702],[-105.400768,28.194035],[-105.399756,28.194819],[-105.398604,28.195759],[-105.397761,28.196412],[-105.396961,28.196556],[-105.395532,28.196764],[-105.394187,28.196919],[-105.392214,28.197215],[-105.391413,28.197283],[-105.391122,28.197162],[-105.390744,28.196966],[-105.389138,28.197025],[-105.388626,28.197188],[-105.388592,28.197324],[-105.388262,28.194241]]]}},{"type":"Feature","properties":{"modulo":3,"idparcela":"1351","productor":"OLIVAS CHAVEZ CARLOS MARIO","cultivo":"Nogal (Nuez)","superficie_fisica_ha":47.75,"superficie_riego_ha":47.75,"hectareas":55.962},"geometry":{"type":"Polygon","coordinates":[[[-105.384661,28.202408],[-105.384701,28.202839],[-105.384379,28.203685],[-105.384041,28.203921],[-105.383625,28.203396],[-105.382923,28.202902],[-105.382251,28.202458],[-105.381343,28.201765],[-105.380608,28.201119],[-105.379996,28.200751],[-105.379438,28.200279],[-105.378764,28.199759],[-105.378214,28.199402],[-105.377623,28.199081],[-105.377067,28.198549],[-105.376987,28.198417],[-105.376952,28.19805],[-105.376934,28.197912],[-105.377038,28.197456],[-105.377124,28.197282],[-105.377316,28.19712],[-105.377913,28.197024],[-105.378774,28.196839],[-105.379178,28.196793],[-105.37986,28.196762],[-105.379861,28.196761],[-105.380898,28.196892],[-105.38196,28.196921],[-105.382446,28.196835],[-105.382958,28.196671],[-105.383589,28.195984],[-105.383973,28.195704],[-105.38411,28.195614],[-105.384778,28.19526],[-105.385291,28.194872],[-105.385568,28.194773],[-105.386159,28.194674],[-105.386979,28.194534],[-105.388262,28.194241],[-105.388592,28.197324],[-105.388548,28.197495],[-105.38838,28.197651],[-105.3875,28.198],[-105.386736,28.198423],[-105.385779,28.19913],[-105.385412,28.199366],[-105.385287,28.20003],[-105.385164,28.200821],[-105.384909,28.200953],[-105.384748,28.201363],[-105.384643,28.201722],[-105.384661,28.202408]]]}},{"type":"Feature","properties":{"modulo":3,"idparcela":"1347","productor":"AGRICOLA PINO SOLO, SPR DE RL","cultivo":"Alfalfa","superficie_fisica_ha":33.7,"superficie_riego_ha":32.75,"hectareas":32.004},"geometry":{"type":"Polygon","coordinates":[[[-105.39693,28.19109],[-105.395295,28.191124],[-105.393832,28.191155],[-105.392283,28.191187],[-105.391273,28.191184],[-105.391412,28.190926],[-105.392158,28.189741],[-105.392253,28.188976],[-105.392031,28.188192],[-105.39173,28.187568],[-105.391423,28.186934],[-105.39107,28.18661],[-105.391399,28.186378],[-105.392735,28.185492],[-105.394057,28.184539],[-105.394408,28.184786],[-105.394534,28.18519],[-105.394794,28.185286],[-105.395139,28.185305],[-105.395671,28.185878],[-105.39663,28.186316],[-105.397101,28.186764],[-105.397229,28.187244],[-105.396744,28.188449],[-105.396877,28.189133],[-105.397282,28.190294],[-105.397439,28.19109],[-105.39693,28.19109]]]}},{"type":"Feature","properties":{"modulo":3,"idparcela":"1499","productor":"SOLTERO DELGADO JOSE LUIS","cultivo":"Sin Cultivo","superficie_fisica_ha":28.05,"superficie_riego_ha":26.1,"hectareas":21.407},"geometry":{"type":"Polygon","coordinates":[[[-105.386922,28.191165],[-105.384204,28.191126],[-105.382658,28.191177],[-105.382194,28.191149],[-105.381969,28.190497],[-105.381927,28.190028],[-105.381823,28.189496],[-105.382017,28.189408],[-105.382057,28.188979],[-105.382071,28.188241],[-105.382175,28.188163],[-105.382706,28.188076],[-105.382993,28.187879],[-105.38338,28.187612],[-105.383515,28.187452],[-105.383618,28.18701],[-105.383728,28.186798],[-105.384216,28.186806],[-105.386356,28.186799],[-105.387007,28.186802],[-105.386922,28.191165]]]}},{"type":"Feature","properties":{"modulo":3,"idparcela":"1499","productor":"SOLTERO DELGADO JOSE LUIS","cultivo":"Sin Cultivo","superficie_fisica_ha":28.05,"superficie_riego_ha":26.1,"hectareas":4.498},"geometry":{"type":"Polygon","coordinates":[[[-105.382194,28.191149],[-105.37753,28.191206],[-105.377917,28.190714],[-105.378128,28.190288],[-105.379023,28.19001],[-105.379281,28.189937],[-105.380433,28.189608],[-105.380501,28.190602],[-105.381969,28.190497],[-105.382194,28.191149]]]}},{"type":"Feature","properties":{"modulo":3,"idparcela":"1358","productor":"SANCHEZ BERNAL JAIME","cultivo":"Cacahuate","superficie_fisica_ha":10.26,"superficie_riego_ha":10.26,"hectareas":9.995},"geometry":{"type":"Polygon","coordinates":[[[-105.36694,28.195834],[-105.367694,28.195838],[-105.368563,28.195818],[-105.369516,28.195799],[-105.36993,28.195802],[-105.370885,28.195791],[-105.371388,28.195792],[-105.371849,28.195792],[-105.371873,28.197671],[-105.369711,28.197673],[-105.366942,28.197713],[-105.366937,28.197562],[-105.36694,28.195834]]]}},{"type":"Feature","properties":{"modulo":3,"idparcela":"1359","productor":"RODRIGUEZ CEBALLOS GLORIA HORTEN","cultivo":"Sin Cultivo","superficie_fisica_ha":10.26,"superficie_riego_ha":10.26,"hectareas":10.23},"geometry":{"type":"Polygon","coordinates":[[[-105.366942,28.197713],[-105.369711,28.197673],[-105.371873,28.197671],[-105.371859,28.198102],[-105.371882,28.198763],[-105.371885,28.198863],[-105.37135,28.198609],[-105.370866,28.198489],[-105.370444,28.198498],[-105.370202,28.198633],[-105.369943,28.198947],[-105.369738,28.199389],[-105.369753,28.199947],[-105.369802,28.200278],[-105.369375,28.200318],[-105.368664,28.200297],[-105.367881,28.200288],[-105.367315,28.200317],[-105.366966,28.200409],[-105.366958,28.200084],[-105.366942,28.197713]]]}},{"type":"Feature","properties":{"modulo":3,"idparcela":"1373","productor":"RANGEL GARCIA MANUEL HUMBERTO","cultivo":"Ma­z","superficie_fisica_ha":10.85,"superficie_riego_ha":9.1,"hectareas":9.727},"geometry":{"type":"Polygon","coordinates":[[[-105.364794,28.195865],[-105.366459,28.195862],[-105.366457,28.195945],[-105.366536,28.197184],[-105.366616,28.197589],[-105.366804,28.197768],[-105.366804,28.199036],[-105.366796,28.200415],[-105.366509,28.20048],[-105.36591,28.200601],[-105.365413,28.200726],[-105.364746,28.200679],[-105.364643,28.200675],[-105.364942,28.200268],[-105.364957,28.199959],[-105.364889,28.199084],[-105.364759,28.198821],[-105.364713,28.198242],[-105.364734,28.19766],[-105.364764,28.19675],[-105.364783,28.196],[-105.364794,28.195865]]]}},{"type":"Feature","properties":{"modulo":3,"idparcela":"1374","productor":"DELMAR DEL NORTE DE DELICIAS SPR DE RL","cultivo":"Chile verde","superficie_fisica_ha":13.9,"superficie_riego_ha":11.8,"hectareas":11.981},"geometry":{"type":"Polygon","coordinates":[[[-105.361816,28.195879],[-105.364668,28.195851],[-105.364635,28.197345],[-105.364595,28.198445],[-105.364519,28.198889],[-105.363373,28.198957],[-105.363372,28.199296],[-105.363513,28.199695],[-105.363658,28.200356],[-105.363175,28.200325],[-105.362374,28.200308],[-105.362051,28.200323],[-105.361789,28.200312],[-105.361764,28.199927],[-105.361789,28.197384],[-105.361816,28.195879]]]}},{"type":"Feature","properties":{"modulo":3,"idparcela":"1361","productor":"MATA MARTINEZ RAFAEL A.","cultivo":"Alfalfa","superficie_fisica_ha":13.25,"superficie_riego_ha":12.6,"hectareas":13.812},"geometry":{"type":"Polygon","coordinates":[[[-105.360997,28.200297],[-105.35996,28.200311],[-105.358306,28.200341],[-105.358032,28.20033],[-105.358254,28.200041],[-105.358382,28.199652],[-105.358373,28.199327],[-105.358275,28.199084],[-105.35792,28.198685],[-105.357828,28.198454],[-105.357855,28.198378],[-105.357927,28.198268],[-105.358111,28.198074],[-105.358451,28.197921],[-105.358951,28.197728],[-105.359442,28.197229],[-105.359995,28.19663],[-105.360386,28.196111],[-105.3611,28.195111],[-105.361508,28.194583],[-105.361619,28.194459],[-105.361644,28.194519],[-105.361656,28.194987],[-105.361631,28.197489],[-105.361635,28.199381],[-105.361573,28.199626],[-105.361216,28.199669],[-105.361074,28.19986],[-105.361126,28.200103],[-105.361167,28.200277],[-105.360997,28.200297]]]}},{"type":"Feature","properties":{"modulo":3,"idparcela":"1362","productor":"GUTIERREZ DE LA GARZA MARIA ANGELES","cultivo":"Nogal (Nuez)","superficie_fisica_ha":31.8,"superficie_riego_ha":28.28,"hectareas":8.913},"geometry":{"type":"Polygon","coordinates":[[[-105.357215,28.200336],[-105.357225,28.200184],[-105.357317,28.199945],[-105.357375,28.199795],[-105.357413,28.199509],[-105.357251,28.199204],[-105.357067,28.198966],[-105.356824,28.198604],[-105.356948,28.198411],[-105.357216,28.19811],[-105.357342,28.197983],[-105.357301,28.197864],[-105.35726,28.197742],[-105.35715,28.197418],[-105.357102,28.197278],[-105.35702,28.19698],[-105.356926,28.196564],[-105.357059,28.196526],[-105.357671,28.196252],[-105.358489,28.195886],[-105.359349,28.195421],[-105.360322,28.194872],[-105.361075,28.194506],[-105.361381,28.194484],[-105.361482,28.194482],[-105.360838,28.195288],[-105.360075,28.196388],[-105.359647,28.196859],[-105.359193,28.197357],[-105.35897,28.197605],[-105.358594,28.197751],[-105.358262,28.197895],[-105.35795,28.198094],[-105.357727,28.198323],[-105.357709,28.198527],[-105.357948,28.198888],[-105.35816,28.199087],[-105.358263,28.199492],[-105.358226,28.199838],[-105.358072,28.200106],[-105.357827,28.200339],[-105.357543,28.200353],[-105.357387,28.200341],[-105.357215,28.200336]]]}},{"type":"Feature","properties":{"modulo":3,"idparcela":"1364","productor":"DELMAR DEL NORTE DE DELICIAS SPR DE RL","cultivo":"Ma­z","superficie_fisica_ha":49.75,"superficie_riego_ha":49.75,"hectareas":45.136},"geometry":{"type":"Polygon","coordinates":[[[-105.356926,28.196564],[-105.35702,28.19698],[-105.357102,28.197278],[-105.35715,28.197418],[-105.35726,28.197742],[-105.357301,28.197864],[-105.357342,28.197983],[-105.357216,28.19811],[-105.356948,28.198411],[-105.356824,28.198604],[-105.357067,28.198966],[-105.357251,28.199204],[-105.357413,28.199509],[-105.357375,28.199795],[-105.357317,28.199945],[-105.357225,28.200184],[-105.357215,28.200336],[-105.356563,28.20034],[-105.355162,28.200329],[-105.354698,28.20032],[-105.354414,28.199982],[-105.354507,28.199875],[-105.355702,28.199056],[-105.355904,28.198849],[-105.355779,28.198465],[-105.355237,28.197968],[-105.355091,28.197892],[-105.354935,28.197832],[-105.354661,28.197858],[-105.354339,28.197864],[-105.354015,28.197769],[-105.353645,28.197655],[-105.353413,28.197558],[-105.352863,28.19761],[-105.352502,28.197841],[-105.352053,28.197383],[-105.350997,28.196229],[-105.35047,28.195666],[-105.350384,28.195037],[-105.350323,28.192869],[-105.35013,28.192357],[-105.349774,28.191917],[-105.349487,28.191496],[-105.349422,28.191376],[-105.351276,28.191418],[-105.354654,28.191511],[-105.355028,28.191768],[-105.356313,28.192636],[-105.356531,28.192894],[-105.356512,28.194931],[-105.35656,28.195876],[-105.356724,28.196271],[-105.356855,28.196497],[-105.356926,28.196564]]]}},{"type":"Feature","properties":{"modulo":3,"idparcela":"************","productor":null,"cultivo":"Sin Cultivo","superficie_fisica_ha":null,"superficie_riego_ha":null,"hectareas":3.207},"geometry":{"type":"Polygon","coordinates":[[[-105.354283,28.199909],[-105.353774,28.199255],[-105.353471,28.198899],[-105.353374,28.198767],[-105.35386,28.19883],[-105.354482,28.198919],[-105.354501,28.198756],[-105.354372,28.19823],[-105.354093,28.198113],[-105.353516,28.198003],[-105.353264,28.198029],[-105.353415,28.198514],[-105.35314,28.19854],[-105.352593,28.197906],[-105.352865,28.197691],[-105.353344,28.197661],[-105.354087,28.19789],[-105.354343,28.197946],[-105.354617,28.19796],[-105.35505,28.197977],[-105.35557,28.198388],[-105.35574,28.198665],[-105.355762,28.19884],[-105.355418,28.199168],[-105.354572,28.199731],[-105.354283,28.199909]]]}},{"type":"Feature","properties":{"modulo":3,"idparcela":"1362","productor":"GUTIERREZ DE LA GARZA MARIA ANGELES","cultivo":"Nogal (Nuez)","superficie_fisica_ha":31.8,"superficie_riego_ha":28.28,"hectareas":20.887},"geometry":{"type":"Polygon","coordinates":[[[-105.360452,28.194584],[-105.359569,28.195071],[-105.358142,28.195792],[-105.357665,28.196005],[-105.357279,28.196176],[-105.357074,28.196221],[-105.356958,28.196162],[-105.356814,28.195951],[-105.356824,28.194578],[-105.356848,28.192829],[-105.356515,28.192506],[-105.355347,28.1917],[-105.35502,28.191463],[-105.354841,28.191348],[-105.356802,28.191406],[-105.358503,28.191419],[-105.359202,28.1916],[-105.359938,28.191646],[-105.360439,28.191513],[-105.360757,28.191384],[-105.361601,28.191449],[-105.361604,28.19156],[-105.361625,28.193713],[-105.361612,28.194194],[-105.361547,28.194318],[-105.361317,28.194322],[-105.36095,28.19433],[-105.360452,28.194584]]]}},{"type":"Feature","properties":{"modulo":3,"idparcela":"1365","productor":"DELGADO MARQUEZ MIRNA","cultivo":"Sin Cultivo","superficie_fisica_ha":35,"superficie_riego_ha":35,"hectareas":14.367},"geometry":{"type":"Polygon","coordinates":[[[-105.349331,28.19514],[-105.346993,28.194416],[-105.345441,28.193919],[-105.345276,28.193739],[-105.34504,28.193451],[-105.34501,28.193307],[-105.345063,28.193039],[-105.3454,28.192726],[-105.346607,28.191962],[-105.347263,28.191583],[-105.347344,28.191633],[-105.347893,28.191553],[-105.348112,28.191586],[-105.348621,28.191738],[-105.349102,28.191687],[-105.349334,28.191764],[-105.349877,28.192322],[-105.350144,28.192906],[-105.350213,28.194589],[-105.350205,28.195268],[-105.350003,28.195391],[-105.349331,28.19514]]]}},{"type":"Feature","properties":{"modulo":3,"idparcela":"1711","productor":"CUETO FLORES EDMUNDO","cultivo":"Sin Cultivo","superficie_fisica_ha":29.15,"superficie_riego_ha":28.15,"hectareas":9.52},"geometry":{"type":"Polygon","coordinates":[[[-105.344516,28.193653],[-105.342424,28.192948],[-105.341779,28.192649],[-105.340892,28.19201],[-105.340375,28.191583],[-105.340163,28.191404],[-105.341977,28.191387],[-105.34457,28.191354],[-105.346647,28.191341],[-105.347283,28.191362],[-105.347235,28.191421],[-105.346218,28.192032],[-105.345519,28.192494],[-105.345007,28.192857],[-105.344907,28.193004],[-105.344849,28.193219],[-105.344847,28.193341],[-105.344887,28.193539],[-105.344995,28.19372],[-105.344928,28.19379],[-105.344516,28.193653]]]}},{"type":"Feature","properties":{"modulo":3,"idparcela":"1711","productor":"CUETO FLORES EDMUNDO","cultivo":"Sin Cultivo","superficie_fisica_ha":29.15,"superficie_riego_ha":28.15,"hectareas":3.713},"geometry":{"type":"Polygon","coordinates":[[[-105.347391,28.195587],[-105.346805,28.196085],[-105.346322,28.196494],[-105.345968,28.196471],[-105.345753,28.19646],[-105.345703,28.195988],[-105.345665,28.19542],[-105.345627,28.194851],[-105.345422,28.194532],[-105.345449,28.194224],[-105.345539,28.19412],[-105.347437,28.194712],[-105.347888,28.194919],[-105.347813,28.195162],[-105.347391,28.195587]]]}},{"type":"Feature","properties":{"modulo":3,"idparcela":"1736","productor":"CUETO FLORES TOMAS ANGEL","cultivo":"Cacahuate","superficie_fisica_ha":29.7,"superficie_riego_ha":14.15,"hectareas":15.069},"geometry":{"type":"Polygon","coordinates":[[[-105.345642,28.196462],[-105.344085,28.196469],[-105.342778,28.196517],[-105.341467,28.196462],[-105.339928,28.196433],[-105.338368,28.196465],[-105.337634,28.196481],[-105.338062,28.196167],[-105.338148,28.195961],[-105.338138,28.195575],[-105.337829,28.195175],[-105.337682,28.194986],[-105.338556,28.194895],[-105.341558,28.19465],[-105.343413,28.194469],[-105.344067,28.194345],[-105.344947,28.194336],[-105.345231,28.194656],[-105.345427,28.194715],[-105.345536,28.194935],[-105.345592,28.195732],[-105.345646,28.196344],[-105.345642,28.196462]]]}},{"type":"Feature","properties":{"modulo":3,"idparcela":"1502","productor":"CALDERON GALLEGOS GABRIEL","cultivo":"Alfalfa","superficie_fisica_ha":5.6,"superficie_riego_ha":5.6,"hectareas":1.233},"geometry":{"type":"Polygon","coordinates":[[[-105.337495,28.196443],[-105.337139,28.196003],[-105.336683,28.195239],[-105.337191,28.195114],[-105.337572,28.195017],[-105.337905,28.195438],[-105.338072,28.195678],[-105.338033,28.195964],[-105.337901,28.19617],[-105.337495,28.196443]]]}},{"type":"Feature","properties":{"modulo":3,"idparcela":"1711","productor":"CUETO FLORES EDMUNDO","cultivo":"Sin Cultivo","superficie_fisica_ha":29.15,"superficie_riego_ha":28.15,"hectareas":18.58},"geometry":{"type":"Polygon","coordinates":[[[-105.341716,28.194566],[-105.339379,28.194736],[-105.337605,28.194883],[-105.337557,28.194734],[-105.337193,28.193682],[-105.336891,28.192672],[-105.3365,28.191785],[-105.336375,28.191401],[-105.337109,28.191365],[-105.338004,28.191347],[-105.338171,28.191587],[-105.338568,28.191844],[-105.338961,28.191937],[-105.338943,28.192141],[-105.339131,28.19232],[-105.339499,28.192333],[-105.339518,28.19219],[-105.339306,28.191971],[-105.339095,28.191812],[-105.339161,28.191709],[-105.339391,28.191705],[-105.33969,28.191719],[-105.339826,28.191675],[-105.339867,28.191491],[-105.339833,28.191399],[-105.340041,28.191425],[-105.340764,28.192066],[-105.341667,28.192715],[-105.342375,28.193041],[-105.343609,28.19345],[-105.345285,28.194065],[-105.345433,28.194107],[-105.345348,28.194253],[-105.344164,28.194251],[-105.343821,28.194278],[-105.343434,28.19439],[-105.341716,28.194566]]]}},{"type":"Feature","properties":{"modulo":3,"idparcela":"1394","productor":"RASCON AGUAYO LUIS ALBERTO","cultivo":"Alfalfa","superficie_fisica_ha":10.5,"superficie_riego_ha":10.5,"hectareas":5.047},"geometry":{"type":"Polygon","coordinates":[[[-105.337291,28.194988],[-105.336778,28.195116],[-105.336653,28.195138],[-105.336345,28.194636],[-105.336151,28.194324],[-105.335428,28.193821],[-105.334938,28.193505],[-105.33511,28.19322],[-105.335584,28.192366],[-105.335668,28.192189],[-105.335458,28.19146],[-105.335961,28.191389],[-105.336237,28.191383],[-105.336246,28.191406],[-105.336519,28.192131],[-105.3367,28.192563],[-105.336782,28.19275],[-105.337028,28.193543],[-105.337327,28.194432],[-105.337501,28.194917],[-105.337291,28.194988]]]}},{"type":"Feature","properties":{"modulo":3,"idparcela":"1392","productor":"GARCIA SERNA MANUEL","cultivo":"Alfalfa","superficie_fisica_ha":1.136,"superficie_riego_ha":1.136,"hectareas":1.356},"geometry":{"type":"Polygon","coordinates":[[[-105.335458,28.19146],[-105.335409,28.191339],[-105.335231,28.190672],[-105.335124,28.190104],[-105.335091,28.189822],[-105.335278,28.189857],[-105.335624,28.189911],[-105.336015,28.189944],[-105.335995,28.190046],[-105.335934,28.190332],[-105.33601,28.190595],[-105.336198,28.191128],[-105.336246,28.191406],[-105.336237,28.191383],[-105.335961,28.191389],[-105.335458,28.19146]]]}},{"type":"Feature","properties":{"modulo":3,"idparcela":"1371","productor":"ARREDONDO RAMIREZ LUIS CARLOS","cultivo":"Alfalfa","superficie_fisica_ha":16.4,"superficie_riego_ha":15.45,"hectareas":2.814},"geometry":{"type":"Polygon","coordinates":[[[-105.33791,28.191267],[-105.337336,28.191279],[-105.336402,28.191275],[-105.336273,28.191016],[-105.336074,28.190431],[-105.336097,28.190163],[-105.336238,28.189675],[-105.337993,28.190045],[-105.338079,28.190433],[-105.338031,28.190771],[-105.33791,28.191267]]]}},{"type":"Feature","properties":{"modulo":3,"idparcela":"1371","productor":"ARREDONDO RAMIREZ LUIS CARLOS","cultivo":"Alfalfa","superficie_fisica_ha":16.4,"superficie_riego_ha":15.45,"hectareas":3.59},"geometry":{"type":"Polygon","coordinates":[[[-105.337951,28.189923],[-105.336653,28.189664],[-105.336261,28.189554],[-105.336422,28.188816],[-105.336632,28.18808],[-105.33706,28.187745],[-105.337488,28.187452],[-105.338035,28.188173],[-105.33832,28.188513],[-105.338597,28.188824],[-105.338627,28.188916],[-105.338401,28.18898],[-105.338101,28.189129],[-105.337752,28.189565],[-105.337706,28.189644],[-105.337951,28.189923]]]}},{"type":"Feature","properties":{"modulo":3,"idparcela":"1371","productor":"ARREDONDO RAMIREZ LUIS CARLOS","cultivo":"Alfalfa","superficie_fisica_ha":16.4,"superficie_riego_ha":15.45,"hectareas":9.432},"geometry":{"type":"Polygon","coordinates":[[[-105.340711,28.191245],[-105.339733,28.191265],[-105.339401,28.191264],[-105.339107,28.191278],[-105.338338,28.191277],[-105.338025,28.191267],[-105.338065,28.191061],[-105.338169,28.190652],[-105.338185,28.190387],[-105.338109,28.190019],[-105.33808,28.189881],[-105.337867,28.189641],[-105.338155,28.189248],[-105.338426,28.18908],[-105.3387,28.188993],[-105.339107,28.189636],[-105.339246,28.189694],[-105.338767,28.188931],[-105.338409,28.188409],[-105.337908,28.187687],[-105.337623,28.187347],[-105.338143,28.187031],[-105.338798,28.186631],[-105.338972,28.186865],[-105.339519,28.187857],[-105.340241,28.189124],[-105.340036,28.189169],[-105.339924,28.189293],[-105.340298,28.18926],[-105.340464,28.189787],[-105.340899,28.190575],[-105.341252,28.191251],[-105.340802,28.191248],[-105.340711,28.191245]]]}},{"type":"Feature","properties":{"modulo":3,"idparcela":"1369","productor":"JAQUEZ LARA MANUEL","cultivo":"Sin Cultivo","superficie_fisica_ha":8.725,"superficie_riego_ha":8.225,"hectareas":7.389},"geometry":{"type":"Polygon","coordinates":[[[-105.343777,28.191249],[-105.342135,28.191282],[-105.341433,28.191281],[-105.341181,28.190793],[-105.340708,28.190043],[-105.340381,28.189203],[-105.340236,28.188941],[-105.340671,28.188891],[-105.341067,28.189107],[-105.341413,28.189161],[-105.341596,28.189137],[-105.341473,28.188814],[-105.34193,28.188723],[-105.342478,28.18861],[-105.342751,28.188543],[-105.342925,28.188449],[-105.343204,28.189165],[-105.343585,28.190092],[-105.343982,28.191077],[-105.344023,28.191227],[-105.343777,28.191249]]]}},{"type":"Feature","properties":{"modulo":3,"idparcela":"1370","productor":"JAQUEZ LARA MANUEL","cultivo":"Sin Cultivo","superficie_fisica_ha":8.725,"superficie_riego_ha":8.225,"hectareas":9.637},"geometry":{"type":"Polygon","coordinates":[[[-105.342293,28.188573],[-105.341288,28.188757],[-105.34067,28.18883],[-105.340211,28.18886],[-105.339704,28.187969],[-105.339026,28.186755],[-105.338908,28.186572],[-105.340381,28.185704],[-105.340946,28.185367],[-105.34133,28.185135],[-105.341476,28.185457],[-105.341732,28.185574],[-105.342394,28.187168],[-105.342822,28.188123],[-105.342907,28.188337],[-105.342658,28.188484],[-105.342293,28.188573]]]}},{"type":"Feature","properties":{"modulo":3,"idparcela":"1368","productor":"RUIZ DANIEL","cultivo":"Chile verde","superficie_fisica_ha":16.5,"superficie_riego_ha":16.5,"hectareas":16.113},"geometry":{"type":"Polygon","coordinates":[[[-105.345119,28.190641],[-105.344766,28.190922],[-105.34461,28.191129],[-105.344574,28.191233],[-105.344195,28.191257],[-105.344054,28.190937],[-105.343464,28.189464],[-105.342825,28.18785],[-105.342094,28.186238],[-105.341554,28.184907],[-105.341573,28.184764],[-105.341823,28.184677],[-105.342882,28.184777],[-105.343643,28.184904],[-105.344266,28.185034],[-105.344956,28.18508],[-105.345419,28.185234],[-105.345345,28.186624],[-105.345177,28.189104],[-105.345142,28.190386],[-105.345119,28.190641]]]}},{"type":"Feature","properties":{"modulo":3,"idparcela":"1367","productor":"MATA MARTINEZ NARCISO ALBERTO","cultivo":"Alfalfa","superficie_fisica_ha":12.8,"superficie_riego_ha":12.8,"hectareas":11.429},"geometry":{"type":"Polygon","coordinates":[[[-105.346818,28.191266],[-105.345578,28.191272],[-105.344683,28.19127],[-105.344747,28.191106],[-105.345152,28.190772],[-105.345198,28.190729],[-105.345632,28.190701],[-105.346024,28.190754],[-105.346203,28.190863],[-105.346482,28.190956],[-105.346833,28.190981],[-105.346907,28.190972],[-105.346818,28.191266]],[[-105.34525,28.190588],[-105.345288,28.189847],[-105.345588,28.189888],[-105.345744,28.189702],[-105.34592,28.189414],[-105.345866,28.18911],[-105.345304,28.188896],[-105.345412,28.187346],[-105.345528,28.185275],[-105.345813,28.185368],[-105.346208,28.185543],[-105.346404,28.186007],[-105.346593,28.186226],[-105.346693,28.186509],[-105.346873,28.186681],[-105.347067,28.186766],[-105.347454,28.18685],[-105.347602,28.187001],[-105.347929,28.187361],[-105.348077,28.187611],[-105.347276,28.189629],[-105.34691,28.190882],[-105.346716,28.190882],[-105.3463,28.190769],[-105.34586,28.190615],[-105.345446,28.190603],[-105.34525,28.190588]]]}},{"type":"Feature","properties":{"modulo":3,"idparcela":"1366","productor":"INGENIERIA ELECTRICA APLICADA DEL NORTE S.A DE C.V.","cultivo":"Alfalfa","superficie_fisica_ha":12.75,"superficie_riego_ha":11.95,"hectareas":12.239},"geometry":{"type":"Polygon","coordinates":[[[-105.349473,28.191282],[-105.348471,28.191273],[-105.34776,28.191288],[-105.346919,28.191235],[-105.346997,28.190956],[-105.3472,28.190933],[-105.347473,28.190846],[-105.348252,28.19081],[-105.348897,28.190878],[-105.349338,28.191072],[-105.349473,28.191282]],[[-105.350515,28.191292],[-105.349588,28.191283],[-105.349452,28.191029],[-105.349103,28.190853],[-105.348924,28.190791],[-105.348595,28.190742],[-105.347883,28.190736],[-105.347448,28.190765],[-105.347129,28.190874],[-105.347009,28.190876],[-105.347078,28.190671],[-105.347338,28.189847],[-105.347738,28.188821],[-105.348093,28.187874],[-105.348155,28.187713],[-105.348381,28.187837],[-105.348798,28.187971],[-105.34905,28.187986],[-105.349351,28.188081],[-105.349701,28.188278],[-105.35012,28.188513],[-105.350335,28.188814],[-105.350618,28.189093],[-105.350783,28.189272],[-105.351022,28.189634],[-105.351377,28.190013],[-105.351677,28.190639],[-105.351928,28.191277],[-105.350515,28.191292]]]}},{"type":"Feature","properties":{"modulo":3,"idparcela":"1393","productor":"GUEVARA REYES RODOLFO","cultivo":"Ma­z","superficie_fisica_ha":5.5096,"superficie_riego_ha":4.656,"hectareas":6.119},"geometry":{"type":"Polygon","coordinates":[[[-105.338863,28.186488],[-105.33823,28.186847],[-105.337552,28.187267],[-105.337214,28.187518],[-105.337008,28.187543],[-105.336754,28.187467],[-105.336498,28.18733],[-105.336247,28.187396],[-105.336084,28.187298],[-105.336437,28.186782],[-105.336928,28.186223],[-105.337518,28.185966],[-105.337651,28.185801],[-105.337575,28.185497],[-105.337594,28.185354],[-105.33853,28.185172],[-105.339627,28.184987],[-105.340427,28.184828],[-105.341296,28.184708],[-105.341436,28.184807],[-105.341395,28.184971],[-105.339994,28.185813],[-105.338863,28.186488]]]}},{"type":"Feature","properties":{"modulo":3,"idparcela":"1386","productor":"DELMAR DEL NORTE DE DELICIAS SPR DE RL","cultivo":"Ma­z","superficie_fisica_ha":38.8,"superficie_riego_ha":38.8,"hectareas":30.444},"geometry":{"type":"Polygon","coordinates":[[[-105.35498,28.188209],[-105.354279,28.18863],[-105.354065,28.189204],[-105.354049,28.189489],[-105.354286,28.189769],[-105.354619,28.190248],[-105.354696,28.190493],[-105.35457,28.190871],[-105.354467,28.191081],[-105.354448,28.191278],[-105.354326,28.191274],[-105.353063,28.19128],[-105.352185,28.191245],[-105.352081,28.190939],[-105.351866,28.190287],[-105.351533,28.189826],[-105.35113,28.189367],[-105.350986,28.189105],[-105.350703,28.188826],[-105.350204,28.188186],[-105.349606,28.187906],[-105.349236,28.187738],[-105.348698,28.187688],[-105.348466,28.187591],[-105.348231,28.187372],[-105.347946,28.187012],[-105.34764,28.186734],[-105.347266,28.186569],[-105.347008,28.186429],[-105.346844,28.186256],[-105.346524,28.185828],[-105.346429,28.185626],[-105.347252,28.186014],[-105.347877,28.186159],[-105.348476,28.186208],[-105.348915,28.186341],[-105.349789,28.186384],[-105.350657,28.186224],[-105.351706,28.186171],[-105.352251,28.18605],[-105.353559,28.185696],[-105.354101,28.185562],[-105.354639,28.185533],[-105.355299,28.185436],[-105.355476,28.185469],[-105.356199,28.185682],[-105.356545,28.185756],[-105.356614,28.185775],[-105.356621,28.187748],[-105.356277,28.187775],[-105.355481,28.188056],[-105.35498,28.188209]]]}},{"type":"Feature","properties":{"modulo":3,"idparcela":"1881","productor":"AGRICOLA GANADERA LUJAN, SPR DE RL DE CV","cultivo":"Alfalfa","superficie_fisica_ha":16.05,"superficie_riego_ha":10.05,"hectareas":17.71},"geometry":{"type":"Polygon","coordinates":[[[-105.360684,28.191223],[-105.359009,28.191269],[-105.358229,28.191274],[-105.357402,28.191271],[-105.357012,28.191259],[-105.356908,28.191254],[-105.356707,28.191125],[-105.356726,28.190858],[-105.356709,28.189353],[-105.356721,28.188035],[-105.358918,28.187822],[-105.358924,28.188025],[-105.361658,28.187837],[-105.361647,28.189413],[-105.361647,28.191163],[-105.360684,28.191223]]]}},{"type":"Feature","properties":{"modulo":3,"idparcela":"1385","productor":"ESPARZA TERRAZAS LUIS CARLOS","cultivo":"Alfalfa","superficie_fisica_ha":16.05,"superficie_riego_ha":12.76,"hectareas":15.064},"geometry":{"type":"Polygon","coordinates":[[[-105.356721,28.188035],[-105.356736,28.187923],[-105.356746,28.186423],[-105.356775,28.185467],[-105.356784,28.185308],[-105.357357,28.18521],[-105.35848,28.185146],[-105.359717,28.185039],[-105.360795,28.184976],[-105.361599,28.184953],[-105.36162,28.185071],[-105.361667,28.186707],[-105.361658,28.187837],[-105.358924,28.188025],[-105.358918,28.187822],[-105.356721,28.188035]]]}},{"type":"Feature","properties":{"modulo":3,"idparcela":"1343","productor":"LUJAN SAENZ MARTHA PATRIC","cultivo":"Sin Cultivo","superficie_fisica_ha":36.9,"superficie_riego_ha":36.1,"hectareas":25.408},"geometry":{"type":"Polygon","coordinates":[[[-105.371542,28.19114],[-105.370486,28.191162],[-105.369839,28.19117],[-105.369765,28.190811],[-105.369725,28.190161],[-105.369232,28.189764],[-105.368064,28.188975],[-105.367308,28.188472],[-105.367292,28.188462],[-105.367487,28.18801],[-105.367937,28.187675],[-105.367975,28.186515],[-105.367966,28.18442],[-105.368819,28.18447],[-105.370149,28.184588],[-105.371371,28.184715],[-105.371889,28.184782],[-105.371904,28.184887],[-105.371874,28.187207],[-105.371918,28.188874],[-105.371931,28.191091],[-105.371542,28.19114]]]}},{"type":"Feature","properties":{"modulo":3,"idparcela":"1376","productor":"LARA HERNANDEZ JAIME","cultivo":"Chile verde","superficie_fisica_ha":8.1,"superficie_riego_ha":7.3,"hectareas":8.397},"geometry":{"type":"Polygon","coordinates":[[[-105.36181,28.192997],[-105.361782,28.192319],[-105.361782,28.191498],[-105.361792,28.191434],[-105.363316,28.191393],[-105.365127,28.191387],[-105.366281,28.191412],[-105.366719,28.191417],[-105.366747,28.191646],[-105.366742,28.192338],[-105.366731,28.192766],[-105.366706,28.192939],[-105.366292,28.192944],[-105.36181,28.192997]]]}},{"type":"Feature","properties":{"modulo":3,"idparcela":"1375","productor":"CALDERON LORENZO","cultivo":"Cacahuate","superficie_fisica_ha":7.53,"superficie_riego_ha":7.53,"hectareas":7.224},"geometry":{"type":"Polygon","coordinates":[[[-105.366718,28.194413],[-105.366733,28.19533],[-105.366735,28.195752],[-105.362711,28.195796],[-105.361831,28.195775],[-105.361799,28.194425],[-105.366718,28.194413]]]}},{"type":"Feature","properties":{"modulo":3,"idparcela":"1356","productor":"SANCHEZ BERNAL JAIME","cultivo":"Chile verde","superficie_fisica_ha":10.27,"superficie_riego_ha":10.26,"hectareas":10.151},"geometry":{"type":"Polygon","coordinates":[[[-105.366911,28.193903],[-105.366895,28.192538],[-105.366887,28.191437],[-105.367072,28.191416],[-105.36822,28.191392],[-105.369321,28.191389],[-105.36962,28.191404],[-105.36963,28.191749],[-105.369821,28.19203],[-105.370102,28.192268],[-105.370754,28.1926],[-105.371321,28.193199],[-105.371726,28.193726],[-105.371777,28.193879],[-105.366911,28.193903]]]}},{"type":"Feature","properties":{"modulo":3,"idparcela":"1357","productor":"MARTINEZ MONTES JOSE","cultivo":"Cacahuate","superficie_fisica_ha":10.26,"superficie_riego_ha":10.26,"hectareas":10.227},"geometry":{"type":"Polygon","coordinates":[[[-105.371849,28.195792],[-105.371388,28.195792],[-105.370885,28.195791],[-105.36993,28.195802],[-105.369516,28.195799],[-105.368563,28.195818],[-105.367694,28.195838],[-105.36694,28.195834],[-105.366903,28.195447],[-105.366913,28.194084],[-105.366911,28.193903],[-105.371777,28.193879],[-105.371849,28.194377],[-105.371856,28.194618],[-105.371814,28.195315],[-105.371849,28.195792]]]}},{"type":"Feature","properties":{"modulo":3,"idparcela":"1503","productor":"DELMAR DEL NORTE DE DELICIAS SPR DE RL","cultivo":"Alfalfa","superficie_fisica_ha":15.125,"superficie_riego_ha":14.2,"hectareas":37.621},"geometry":{"type":"Polygon","coordinates":[[[-105.367308,28.188472],[-105.36565,28.189737],[-105.365998,28.189852],[-105.364393,28.191235],[-105.363256,28.191231],[-105.362017,28.191257],[-105.361799,28.191243],[-105.361787,28.190744],[-105.361837,28.187945],[-105.361809,28.186013],[-105.361827,28.184902],[-105.362382,28.184843],[-105.363316,28.184738],[-105.365304,28.184475],[-105.365991,28.18442],[-105.36693,28.18432],[-105.367966,28.18442],[-105.367975,28.186515],[-105.367937,28.187675],[-105.367487,28.18801],[-105.367292,28.188462],[-105.367308,28.188472]]]}},{"type":"Feature","properties":{"modulo":3,"idparcela":"1344","productor":"DELMAR DEL NORTE DE DELICIAS SPR DE RL","cultivo":"Ma­z","superficie_fisica_ha":15.2,"superficie_riego_ha":14.2,"hectareas":9.638},"geometry":{"type":"Polygon","coordinates":[[[-105.364393,28.191235],[-105.365998,28.189852],[-105.36565,28.189737],[-105.367308,28.188472],[-105.368064,28.188975],[-105.369232,28.189764],[-105.369725,28.190161],[-105.369765,28.190811],[-105.369839,28.19117],[-105.369197,28.191208],[-105.366678,28.191261],[-105.364393,28.191235]]]}},{"type":"Feature","properties":{"modulo":3,"idparcela":"1533","productor":"SOLTERO DELGADO JOSE LUIS","cultivo":"Alfalfa","superficie_fisica_ha":14.9,"superficie_riego_ha":14.55,"hectareas":13.763},"geometry":{"type":"Polygon","coordinates":[[[-105.391211,28.25493],[-105.390936,28.255227],[-105.390365,28.255822],[-105.390077,28.2561],[-105.389391,28.256363],[-105.389416,28.255529],[-105.389409,28.255238],[-105.389712,28.255169],[-105.389969,28.255101],[-105.390289,28.254762],[-105.390723,28.254274],[-105.391188,28.254217],[-105.391806,28.25419],[-105.392183,28.254196],[-105.392201,28.254267],[-105.392207,28.254388],[-105.391837,28.254625],[-105.391211,28.25493]],[[-105.389415,28.250152],[-105.38982,28.25023],[-105.390095,28.250246],[-105.390245,28.250329],[-105.39047,28.250479],[-105.390911,28.250747],[-105.391122,28.250847],[-105.391541,28.250794],[-105.392266,28.250728],[-105.392313,28.250778],[-105.392341,28.252226],[-105.392325,28.253387],[-105.392333,28.254126],[-105.392133,28.254097],[-105.391812,28.254111],[-105.39117,28.254132],[-105.390106,28.254247],[-105.389937,28.254166],[-105.389921,28.254018],[-105.389916,28.253828],[-105.389784,28.253778],[-105.389374,28.253803],[-105.389399,28.253048],[-105.389416,28.250705],[-105.389405,28.250282],[-105.389415,28.250152]]]}},{"type":"Feature","properties":{"modulo":3,"idparcela":"1576","productor":"VITOLAS ORNELAS SERGIO","cultivo":"Sand­a","superficie_fisica_ha":2,"superficie_riego_ha":2,"hectareas":2.117},"geometry":{"type":"Polygon","coordinates":[[[-105.380032,28.260509],[-105.380464,28.260266],[-105.380866,28.26006],[-105.380866,28.260106],[-105.3822,28.261404],[-105.382199,28.261607],[-105.380665,28.261649],[-105.380424,28.261227],[-105.380193,28.260854],[-105.380032,28.260509]]]}},{"type":"Feature","properties":{"modulo":3,"idparcela":"1431","productor":"MADERO MU¥OZ EVARISTO JORGE","cultivo":"Alfalfa","superficie_fisica_ha":16.75,"superficie_riego_ha":16.75,"hectareas":8.677},"geometry":{"type":"Polygon","coordinates":[[[-105.366928,28.253787],[-105.367218,28.253968],[-105.367532,28.254206],[-105.367964,28.254507],[-105.368339,28.254631],[-105.368891,28.254638],[-105.369697,28.254621],[-105.370504,28.254633],[-105.371925,28.254622],[-105.371913,28.254725],[-105.371949,28.254959],[-105.371947,28.255381],[-105.371955,28.255979],[-105.369,28.256387],[-105.368526,28.256274],[-105.367873,28.256079],[-105.367466,28.255939],[-105.367344,28.255974],[-105.36718,28.256067],[-105.367102,28.255909],[-105.367101,28.255751],[-105.36706,28.255342],[-105.367055,28.255261],[-105.367,28.254653],[-105.366978,28.254544],[-105.366971,28.254216],[-105.366928,28.253787]],[[-105.366927,28.253786],[-105.366928,28.253784],[-105.366928,28.253787],[-105.366927,28.253786]]]}},{"type":"Feature","properties":{"modulo":3,"idparcela":"1431","productor":"MADERO MU¥OZ EVARISTO JORGE","cultivo":"Alfalfa","superficie_fisica_ha":16.75,"superficie_riego_ha":16.75,"hectareas":5.751},"geometry":{"type":"Polygon","coordinates":[[[-105.371993,28.258853],[-105.371599,28.258882],[-105.371145,28.258918],[-105.370697,28.258907],[-105.370466,28.258897],[-105.370377,28.258779],[-105.37024,28.257925],[-105.370122,28.257537],[-105.36999,28.257135],[-105.369858,28.256864],[-105.369689,28.25678],[-105.369374,28.256769],[-105.369197,28.256738],[-105.369108,28.256723],[-105.369038,28.256663],[-105.369015,28.256568],[-105.369073,28.256515],[-105.369076,28.256514],[-105.369273,28.256457],[-105.371973,28.256099],[-105.371964,28.256132],[-105.371983,28.256219],[-105.372,28.256871],[-105.372028,28.25794],[-105.372009,28.25868],[-105.371993,28.258853]]]}},{"type":"Feature","properties":{"modulo":3,"idparcela":"9626","productor":"RODRIGUEZ SOTO MANUEL","cultivo":"Sin Cultivo","superficie_fisica_ha":1,"superficie_riego_ha":1,"hectareas":1.64},"geometry":{"type":"Polygon","coordinates":[[[-105.37019,28.258958],[-105.369879,28.258965],[-105.369812,28.258999],[-105.369696,28.259088],[-105.36956,28.259226],[-105.369461,28.258817],[-105.369463,28.258731],[-105.369402,28.258424],[-105.369335,28.258163],[-105.369157,28.257616],[-105.369173,28.257536],[-105.369439,28.257167],[-105.369802,28.257019],[-105.369894,28.257207],[-105.370112,28.257872],[-105.370258,28.258563],[-105.370328,28.258929],[-105.37019,28.258958]]]}},{"type":"Feature","properties":{"modulo":3,"idparcela":"1423","productor":"GONZALEZ CABALLERO JOSE LUIS","cultivo":"Cacahuate","superficie_fisica_ha":16.25,"superficie_riego_ha":14,"hectareas":1.553},"geometry":{"type":"Polygon","coordinates":[[[-105.354349,28.243763],[-105.354701,28.244151],[-105.354855,28.244408],[-105.354878,28.24457],[-105.35476,28.24498],[-105.354678,28.24534],[-105.35476,28.245664],[-105.354844,28.246053],[-105.354759,28.246341],[-105.354624,28.246774],[-105.354579,28.247459],[-105.354569,28.247423],[-105.354316,28.246423],[-105.354266,28.246106],[-105.354242,28.24592],[-105.354214,28.245599],[-105.354217,28.245562],[-105.354318,28.244178],[-105.354349,28.243763]]]}},{"type":"Feature","properties":{"modulo":3,"idparcela":"1423","productor":"GONZALEZ CABALLERO JOSE LUIS","cultivo":"Cacahuate","superficie_fisica_ha":16.25,"superficie_riego_ha":14,"hectareas":0.633},"geometry":{"type":"Polygon","coordinates":[[[-105.354748,28.243241],[-105.354582,28.243274],[-105.354509,28.243264],[-105.354526,28.242943],[-105.354653,28.242814],[-105.354623,28.242676],[-105.354556,28.242586],[-105.354565,28.241866],[-105.354552,28.241179],[-105.354666,28.241169],[-105.354787,28.241474],[-105.354856,28.241747],[-105.354872,28.242258],[-105.354882,28.242724],[-105.354844,28.243268],[-105.354748,28.243241]]]}},{"type":"Feature","properties":{"modulo":3,"idparcela":"1299","productor":"DELMAR DEL NORTE DE DELICIAS SPR DE RL","cultivo":"Triticale","superficie_fisica_ha":35.17,"superficie_riego_ha":34.74,"hectareas":22.852},"geometry":{"type":"Polygon","coordinates":[[[-105.361016,28.159734],[-105.357333,28.159739],[-105.356869,28.157549],[-105.356827,28.157513],[-105.358523,28.15752],[-105.361409,28.157497],[-105.361444,28.158129],[-105.361402,28.159007],[-105.361357,28.159138],[-105.361123,28.159502],[-105.361016,28.159734]],[[-105.356699,28.15738],[-105.354876,28.155318],[-105.35655,28.155298],[-105.357881,28.155313],[-105.358431,28.155244],[-105.361451,28.155263],[-105.361469,28.155397],[-105.361481,28.155842],[-105.361239,28.15589],[-105.360851,28.155942],[-105.360892,28.156272],[-105.360991,28.156341],[-105.361461,28.156332],[-105.361471,28.156677],[-105.361412,28.157358],[-105.359908,28.157346],[-105.358163,28.157378],[-105.356699,28.15738]]]}},{"type":"Feature","properties":{"modulo":3,"idparcela":"1302","productor":"DELMAR DEL NORTE DE DELICIAS SPR DE RL","cultivo":"Alfalfa","superficie_fisica_ha":12.66,"superficie_riego_ha":10.77,"hectareas":15.822},"geometry":{"type":"Polygon","coordinates":[[[-105.345489,28.159725],[-105.341955,28.159663],[-105.341771,28.159508],[-105.341763,28.159215],[-105.342476,28.155532],[-105.342622,28.15537],[-105.34361,28.155323],[-105.345419,28.155306],[-105.345428,28.156694],[-105.345462,28.157981],[-105.345472,28.159085],[-105.345489,28.159725]]]}},{"type":"Feature","properties":{"modulo":3,"idparcela":"1301","productor":"DELMAR DEL NORTE DE DELICIAS SPR DE RL","cultivo":"Alfalfa","superficie_fisica_ha":26,"superficie_riego_ha":24.75,"hectareas":17.769},"geometry":{"type":"Polygon","coordinates":[[[-105.349694,28.159745],[-105.349574,28.159718],[-105.345489,28.159725],[-105.345472,28.159085],[-105.345462,28.157981],[-105.345428,28.156694],[-105.345419,28.155306],[-105.345949,28.155301],[-105.348152,28.155342],[-105.348614,28.155369],[-105.34868,28.155378],[-105.348822,28.156225],[-105.349217,28.157546],[-105.349694,28.159745]]]}},{"type":"Feature","properties":{"modulo":3,"idparcela":"1300","productor":"DELMAR DEL NORTE DE DELICIAS SPR DE RL","cultivo":"Alfalfa","superficie_fisica_ha":19.71,"superficie_riego_ha":18.92,"hectareas":30.169},"geometry":{"type":"Polygon","coordinates":[[[-105.357333,28.159739],[-105.356068,28.159765],[-105.354299,28.159744],[-105.353245,28.159752],[-105.352254,28.159729],[-105.351021,28.15974],[-105.350374,28.159727],[-105.350053,28.159741],[-105.349866,28.15973],[-105.349798,28.159507],[-105.349373,28.157579],[-105.349436,28.157473],[-105.351497,28.157487],[-105.353266,28.15748],[-105.355229,28.157468],[-105.356218,28.157461],[-105.356689,28.15748],[-105.356827,28.157513],[-105.356869,28.157549],[-105.357333,28.159739]],[[-105.356605,28.157381],[-105.355956,28.157366],[-105.353458,28.157375],[-105.351738,28.157396],[-105.350392,28.157395],[-105.349467,28.157386],[-105.349336,28.157345],[-105.349334,28.157288],[-105.349228,28.156959],[-105.348896,28.155379],[-105.348909,28.155312],[-105.350743,28.155332],[-105.350874,28.155386],[-105.350972,28.156017],[-105.35107,28.156677],[-105.351138,28.156761],[-105.352143,28.156755],[-105.352905,28.156739],[-105.353,28.156651],[-105.353047,28.155945],[-105.353079,28.155312],[-105.354701,28.155293],[-105.354876,28.155318],[-105.356699,28.15738],[-105.356605,28.157381]]]}},{"type":"Feature","properties":{"modulo":3,"idparcela":"1337","productor":"CARDENAS SEYFFERT JOSE ALBERTO","cultivo":"Ma­z","superficie_fisica_ha":21,"superficie_riego_ha":21,"hectareas":28.437},"geometry":{"type":"Polygon","coordinates":[[[-105.379445,28.159834],[-105.378755,28.160012],[-105.377971,28.160228],[-105.377626,28.160306],[-105.377432,28.16034],[-105.377188,28.159664],[-105.376793,28.159232],[-105.37622,28.158904],[-105.375615,28.15858],[-105.375372,28.158441],[-105.375339,28.157895],[-105.375492,28.157879],[-105.376132,28.157832],[-105.376939,28.157815],[-105.377335,28.157795],[-105.377544,28.157775],[-105.377605,28.15778],[-105.377766,28.157793],[-105.378046,28.157815],[-105.37855,28.157854],[-105.379301,28.157915],[-105.379457,28.157942],[-105.37985,28.158007],[-105.379801,28.158198],[-105.379734,28.158611],[-105.379806,28.158769],[-105.380088,28.159163],[-105.380345,28.15945],[-105.379445,28.159834]],[[-105.382969,28.163926],[-105.382657,28.164093],[-105.382507,28.164115],[-105.381189,28.164083],[-105.379857,28.164091],[-105.378458,28.16412],[-105.377623,28.164135],[-105.377911,28.163912],[-105.378173,28.163586],[-105.378299,28.163243],[-105.37833,28.162682],[-105.378361,28.162161],[-105.378122,28.161686],[-105.377793,28.161173],[-105.377469,28.16044],[-105.377547,28.160437],[-105.378332,28.160221],[-105.378825,28.16009],[-105.379319,28.15998],[-105.379666,28.159882],[-105.380512,28.159493],[-105.380613,28.159544],[-105.381493,28.160235],[-105.382163,28.160781],[-105.382557,28.161153],[-105.382656,28.161511],[-105.382544,28.162374],[-105.382568,28.163274],[-105.382853,28.163788],[-105.382969,28.163926]]]}},{"type":"Feature","properties":{"modulo":3,"idparcela":"1254","productor":"CARDENAS SEYFFERT JOSE ALBERTO","cultivo":"Alfalfa","superficie_fisica_ha":37.3,"superficie_riego_ha":37.3,"hectareas":36.718},"geometry":{"type":"Polygon","coordinates":[[[-105.382742,28.161154],[-105.382675,28.161031],[-105.382529,28.160858],[-105.380164,28.158957],[-105.379984,28.15856],[-105.380002,28.158185],[-105.380037,28.158029],[-105.380112,28.157959],[-105.392087,28.157957],[-105.392081,28.159582],[-105.392211,28.160115],[-105.392335,28.160819],[-105.382742,28.161154]]]}},{"type":"Feature","properties":{"modulo":3,"idparcela":"1250","productor":"CARDENAS SEYFFERT JOSE ALBERTO","cultivo":"Alfalfa","superficie_fisica_ha":36.05,"superficie_riego_ha":36.05,"hectareas":39.834},"geometry":{"type":"Polygon","coordinates":[[[-105.379457,28.157942],[-105.379301,28.157915],[-105.37855,28.157854],[-105.378046,28.157815],[-105.377766,28.157793],[-105.377605,28.15778],[-105.377663,28.157619],[-105.378149,28.156558],[-105.378366,28.1562],[-105.378602,28.155853],[-105.378814,28.155561],[-105.379038,28.155291],[-105.380776,28.155283],[-105.380325,28.15675],[-105.379936,28.157791],[-105.37985,28.158007],[-105.379457,28.157942]],[[-105.381042,28.15528],[-105.383978,28.155249],[-105.388673,28.155241],[-105.390846,28.15522],[-105.392085,28.155206],[-105.392087,28.157957],[-105.380112,28.157959],[-105.380231,28.157875],[-105.38032,28.157786],[-105.380331,28.157655],[-105.380258,28.157571],[-105.381042,28.15528]]]}},{"type":"Feature","properties":{"modulo":3,"idparcela":"1281","productor":"RUBIO CHAVEZ MANUELA","cultivo":"Ma­z","superficie_fisica_ha":10.6,"superficie_riego_ha":10.6,"hectareas":1.944},"geometry":{"type":"Polygon","coordinates":[[[-105.371777,28.161324],[-105.371656,28.161361],[-105.371344,28.161507],[-105.37114,28.161491],[-105.370731,28.16138],[-105.370432,28.161186],[-105.37043,28.161126],[-105.370765,28.160959],[-105.370935,28.160555],[-105.371005,28.159813],[-105.370966,28.159633],[-105.371891,28.159602],[-105.371777,28.161324]]]}},{"type":"Feature","properties":{"modulo":3,"idparcela":"1279","productor":"RUBIO CHAVEZ MANUELA","cultivo":"Sin Cultivo","superficie_fisica_ha":9.7,"superficie_riego_ha":9.7,"hectareas":1.193},"geometry":{"type":"Polygon","coordinates":[[[-105.370326,28.157318],[-105.370594,28.15708],[-105.37108,28.15669],[-105.371514,28.156147],[-105.371818,28.155574],[-105.371865,28.157321],[-105.370826,28.157296],[-105.370326,28.157318]]]}},{"type":"Feature","properties":{"modulo":3,"idparcela":"1192","productor":"PARCELA ESCOLAR ROQUE OROPEZA","cultivo":"Sin Cultivo","superficie_fisica_ha":1.5,"superficie_riego_ha":1.5,"hectareas":3.157},"geometry":{"type":"Polygon","coordinates":[[[-105.370966,28.159633],[-105.370876,28.159216],[-105.370535,28.158242],[-105.370312,28.157506],[-105.370326,28.157318],[-105.370826,28.157296],[-105.371865,28.157321],[-105.371876,28.157754],[-105.371891,28.159602],[-105.370966,28.159633]]]}},{"type":"Feature","properties":{"modulo":3,"idparcela":"1346","productor":"ORNELAS RODRIGUEZ MARIO ALBERTO","cultivo":"Alfalfa","superficie_fisica_ha":29.05,"superficie_riego_ha":22.7,"hectareas":28.375},"geometry":{"type":"Polygon","coordinates":[[[-105.392587,28.182143],[-105.392242,28.182159],[-105.391925,28.181764],[-105.391422,28.181182],[-105.390708,28.180319],[-105.390512,28.180119],[-105.389934,28.179782],[-105.389097,28.179427],[-105.387892,28.178886],[-105.388115,28.178544],[-105.38933,28.179014],[-105.390003,28.179324],[-105.390293,28.17951],[-105.390851,28.180061],[-105.392608,28.182087],[-105.392587,28.182143]],[[-105.388926,28.184289],[-105.38874,28.184093],[-105.388141,28.183388],[-105.387967,28.18308],[-105.387694,28.182957],[-105.387271,28.182671],[-105.387236,28.181367],[-105.387261,28.18019],[-105.387722,28.180333],[-105.388141,28.180282],[-105.388552,28.180229],[-105.389057,28.180316],[-105.389288,28.180497],[-105.390048,28.180995],[-105.390553,28.181279],[-105.390865,28.181309],[-105.391292,28.181919],[-105.391665,28.182487],[-105.391441,28.182657],[-105.391084,28.182835],[-105.390604,28.183192],[-105.389748,28.183731],[-105.388926,28.184289]],[[-105.393966,28.184449],[-105.393969,28.184446],[-105.394057,28.184539],[-105.393966,28.184449]],[[-105.390945,28.181197],[-105.390799,28.181163],[-105.390488,28.181152],[-105.390109,28.180939],[-105.389644,28.180636],[-105.389178,28.18026],[-105.38904,28.180223],[-105.388739,28.18014],[-105.388115,28.180138],[-105.388812,28.179771],[-105.389072,28.179501],[-105.389903,28.179896],[-105.390413,28.18019],[-105.390968,28.180775],[-105.391613,28.181554],[-105.392243,28.182402],[-105.392764,28.183255],[-105.393966,28.184449],[-105.39362,28.184671],[-105.393246,28.184991],[-105.391982,28.185826],[-105.390983,28.186509],[-105.390838,28.186494],[-105.390174,28.185717],[-105.389167,28.184543],[-105.38903,28.184376],[-105.38974,28.183894],[-105.390792,28.183204],[-105.391196,28.182909],[-105.39173,28.182615],[-105.391833,28.182576],[-105.391464,28.181958],[-105.391198,28.181584],[-105.390945,28.181197]]]}},{"type":"Feature","properties":{"modulo":3,"idparcela":"1585","productor":"JAQUEZ LARA ALFREDO","cultivo":"Sin Cultivo","superficie_fisica_ha":12.15,"superficie_riego_ha":12.15,"hectareas":10.577},"geometry":{"type":"Polygon","coordinates":[[[-105.398197,28.266503],[-105.399274,28.266502],[-105.39988,28.26651],[-105.40008,28.267113],[-105.400414,28.267982],[-105.399536,28.267936],[-105.398676,28.267922],[-105.397853,28.267917],[-105.397588,28.267923],[-105.397912,28.267152],[-105.398024,28.266888],[-105.398197,28.266503]],[[-105.3925,28.266422],[-105.393347,28.266405],[-105.394643,28.266431],[-105.396313,28.266439],[-105.397871,28.266427],[-105.397642,28.266873],[-105.397179,28.267789],[-105.396885,28.267802],[-105.395458,28.267818],[-105.394309,28.267813],[-105.393265,28.267835],[-105.393114,28.267642],[-105.392936,28.267335],[-105.392702,28.26707],[-105.392586,28.266903],[-105.392505,28.266604],[-105.3925,28.266422]]]}},{"type":"Feature","properties":{"modulo":3,"idparcela":"1584","productor":"GARAY GONZALEZ JESUS","cultivo":"Sin Cultivo","superficie_fisica_ha":8.9334,"superficie_riego_ha":8.4834,"hectareas":10.529},"geometry":{"type":"Polygon","coordinates":[[[-105.399869,28.266398],[-105.399253,28.266399],[-105.39821,28.26639],[-105.39845,28.26611],[-105.398469,28.26594],[-105.398352,28.265434],[-105.398158,28.265029],[-105.399409,28.264981],[-105.39955,28.26548],[-105.399687,28.265837],[-105.399869,28.266398]],[[-105.397871,28.266427],[-105.396313,28.266439],[-105.394643,28.266431],[-105.393347,28.266405],[-105.3925,28.266422],[-105.392517,28.266143],[-105.392506,28.265737],[-105.392496,28.26534],[-105.392522,28.264965],[-105.392921,28.264967],[-105.394107,28.264964],[-105.39533,28.26497],[-105.396782,28.264961],[-105.397845,28.265011],[-105.398037,28.265864],[-105.398019,28.266091],[-105.397871,28.266427]]]}},{"type":"Feature","properties":{"modulo":3,"idparcela":"1583","productor":"JAQUEZ LARA MANUEL","cultivo":"Sin Cultivo","superficie_fisica_ha":12.4,"superficie_riego_ha":12.15,"hectareas":9.888},"geometry":{"type":"Polygon","coordinates":[[[-105.397702,28.263492],[-105.398822,28.263442],[-105.398826,28.263596],[-105.398836,28.263828],[-105.398769,28.26402],[-105.398877,28.264188],[-105.399167,28.264584],[-105.399409,28.264981],[-105.398158,28.265029],[-105.397864,28.263884],[-105.397702,28.263492]],[[-105.392522,28.264965],[-105.392507,28.264624],[-105.392523,28.26384],[-105.392515,28.263538],[-105.392513,28.263512],[-105.393251,28.263489],[-105.394416,28.263508],[-105.396191,28.263492],[-105.397412,28.263495],[-105.397655,28.264404],[-105.397845,28.265011],[-105.396782,28.264961],[-105.39533,28.26497],[-105.394107,28.264964],[-105.392921,28.264967],[-105.392522,28.264965]]]}},{"type":"Feature","properties":{"modulo":3,"idparcela":"1581","productor":"SOLIS ONTIVEROS RICARDO","cultivo":"Sin Cultivo","superficie_fisica_ha":7.2,"superficie_riego_ha":6.2,"hectareas":5.786},"geometry":{"type":"Polygon","coordinates":[[[-105.396694,28.263383],[-105.395774,28.263388],[-105.394377,28.263377],[-105.393119,28.263357],[-105.392531,28.263353],[-105.392527,28.263205],[-105.392535,28.262537],[-105.392535,28.262246],[-105.392541,28.262174],[-105.392539,28.262096],[-105.392507,28.262011],[-105.392584,28.262011],[-105.39375,28.262011],[-105.396152,28.261984],[-105.396694,28.263383]]]}},{"type":"Feature","properties":{"modulo":3,"idparcela":"1579","productor":"HERNANDEZ CARLOS ELISEO","cultivo":"Ma­z","superficie_fisica_ha":13.93,"superficie_riego_ha":13,"hectareas":1.598},"geometry":{"type":"Polygon","coordinates":[[[-105.398976,28.261986],[-105.398926,28.261876],[-105.398626,28.261303],[-105.398269,28.260588],[-105.398248,28.260526],[-105.399892,28.260538],[-105.399741,28.260931],[-105.399362,28.261979],[-105.398976,28.261986]]]}},{"type":"Feature","properties":{"modulo":3,"idparcela":"1579","productor":"HERNANDEZ CARLOS ELISEO","cultivo":"Ma­z","superficie_fisica_ha":13.93,"superficie_riego_ha":13,"hectareas":12.32},"geometry":{"type":"Polygon","coordinates":[[[-105.398924,28.258888],[-105.400167,28.258946],[-105.400257,28.259419],[-105.400235,28.259669],[-105.400086,28.260196],[-105.399885,28.260532],[-105.398241,28.26052],[-105.398079,28.260038],[-105.398049,28.258917],[-105.398924,28.258888]],[[-105.396414,28.258929],[-105.396996,28.258943],[-105.397916,28.258926],[-105.397949,28.259245],[-105.39794,28.259753],[-105.397983,28.260194],[-105.398089,28.260543],[-105.397475,28.260524],[-105.396882,28.260526],[-105.396833,28.260179],[-105.39673,28.260046],[-105.396724,28.260003],[-105.396414,28.258929]],[[-105.392545,28.26051],[-105.392527,28.260134],[-105.392508,28.25968],[-105.392488,28.25893],[-105.394318,28.258932],[-105.395271,28.258912],[-105.396068,28.258886],[-105.39607,28.258914],[-105.39648,28.260478],[-105.396376,28.260494],[-105.395227,28.260497],[-105.393388,28.260514],[-105.392545,28.26051]]]}},{"type":"Feature","properties":{"modulo":3,"idparcela":"1538","productor":"SOLTERO DELGADO JOSE LUIS","cultivo":"Alfalfa","superficie_fisica_ha":16.45,"superficie_riego_ha":15.95,"hectareas":15.134},"geometry":{"type":"Polygon","coordinates":[[[-105.395423,28.2562],[-105.395641,28.256359],[-105.396198,28.256871],[-105.396764,28.257307],[-105.397246,28.25761],[-105.397471,28.257897],[-105.397705,28.25824],[-105.397807,28.258451],[-105.39784,28.258785],[-105.397445,28.258773],[-105.397052,28.258781],[-105.396508,28.258806],[-105.396338,28.258795],[-105.395961,28.257666],[-105.395423,28.2562]],[[-105.392488,28.25893],[-105.392523,28.257992],[-105.392547,28.257201],[-105.392507,28.256237],[-105.392501,28.255461],[-105.392495,28.254671],[-105.392498,28.254531],[-105.393004,28.254534],[-105.393279,28.254635],[-105.393869,28.254936],[-105.394173,28.255185],[-105.394469,28.255513],[-105.394794,28.255801],[-105.395035,28.256021],[-105.395954,28.258463],[-105.396057,28.258865],[-105.396068,28.258886],[-105.395271,28.258912],[-105.394318,28.258932],[-105.392488,28.25893]]]}},{"type":"Feature","properties":{"modulo":3,"idparcela":"1591","productor":"REYES CASTILLO HECTOR MANUEL","cultivo":"Chile verde","superficie_fisica_ha":9.05,"superficie_riego_ha":9.05,"hectareas":9.055},"geometry":{"type":"Polygon","coordinates":[[[-105.390574,28.243678],[-105.390808,28.243705],[-105.392143,28.243667],[-105.39235,28.243688],[-105.392338,28.243995],[-105.392351,28.244482],[-105.392367,28.245095],[-105.392347,28.245369],[-105.391131,28.245374],[-105.39102,28.245368],[-105.390906,28.244965],[-105.390712,28.24429],[-105.390574,28.243678]],[[-105.390621,28.245348],[-105.389074,28.245399],[-105.388116,28.245401],[-105.38728,28.2454],[-105.387261,28.245065],[-105.387264,28.243633],[-105.388558,28.243623],[-105.390369,28.243672],[-105.390397,28.243785],[-105.390617,28.244971],[-105.390751,28.245355],[-105.390621,28.245348]]]}},{"type":"Feature","properties":{"modulo":3,"idparcela":"1589","productor":"RODRIGUEZ CHAVIRA OSCAR IVAN","cultivo":"Chile verde","superficie_fisica_ha":9.7,"superficie_riego_ha":9.7,"hectareas":8.852},"geometry":{"type":"Polygon","coordinates":[[[-105.390469,28.240924],[-105.391298,28.240949],[-105.393377,28.240941],[-105.394153,28.240907],[-105.394339,28.240912],[-105.39347,28.242168],[-105.391597,28.242224],[-105.390232,28.2422],[-105.390219,28.241809],[-105.390294,28.241329],[-105.390469,28.240924]],[[-105.387226,28.242239],[-105.387228,28.241142],[-105.387225,28.241007],[-105.387732,28.240951],[-105.389529,28.240922],[-105.390286,28.240919],[-105.390163,28.241121],[-105.39005,28.241601],[-105.390014,28.242136],[-105.390026,28.242197],[-105.389232,28.242183],[-105.387226,28.242239]]]}},{"type":"Feature","properties":{"modulo":3,"idparcela":"1590","productor":"RODRIGUEZ GUEVARA VICTORIANO","cultivo":"Sin Cultivo","superficie_fisica_ha":8.35,"superficie_riego_ha":7.65,"hectareas":8.346},"geometry":{"type":"Polygon","coordinates":[[[-105.392143,28.243667],[-105.390808,28.243705],[-105.390574,28.243678],[-105.390513,28.243405],[-105.390328,28.242597],[-105.390232,28.2422],[-105.391597,28.242224],[-105.39347,28.242168],[-105.393176,28.24257],[-105.392873,28.242666],[-105.392755,28.242849],[-105.392622,28.243213],[-105.392423,28.243362],[-105.392262,28.243437],[-105.392143,28.243667]],[[-105.387264,28.243633],[-105.387265,28.243295],[-105.387226,28.242239],[-105.389232,28.242183],[-105.390026,28.242197],[-105.390145,28.242789],[-105.390369,28.243672],[-105.388558,28.243623],[-105.387264,28.243633]]]}},{"type":"Feature","properties":{"modulo":3,"idparcela":"************","productor":null,"cultivo":"Sin Cultivo","superficie_fisica_ha":null,"superficie_riego_ha":null,"hectareas":11.103},"geometry":{"type":"Polygon","coordinates":[[[-105.388836,28.227042],[-105.388957,28.227165],[-105.388334,28.227297],[-105.387662,28.227275],[-105.387166,28.227265],[-105.386831,28.227104],[-105.386568,28.226964],[-105.386798,28.22675],[-105.386871,28.226427],[-105.387075,28.226155],[-105.387299,28.226049],[-105.387602,28.225939],[-105.387988,28.225791],[-105.388071,28.225875],[-105.388245,28.226155],[-105.388494,28.226631],[-105.388836,28.227042]],[[-105.386493,28.226819],[-105.386209,28.226804],[-105.386066,28.226723],[-105.385989,28.226495],[-105.38612,28.22622],[-105.386277,28.225799],[-105.386273,28.225632],[-105.385997,28.225032],[-105.385799,28.224701],[-105.385389,28.224354],[-105.385103,28.224157],[-105.384763,28.223908],[-105.384534,28.223746],[-105.384066,28.223203],[-105.384159,28.222889],[-105.384345,28.22239],[-105.384501,28.222032],[-105.384617,28.221586],[-105.38474,28.221274],[-105.385388,28.221658],[-105.385979,28.222586],[-105.387013,28.224174],[-105.387753,28.225392],[-105.387948,28.225618],[-105.387799,28.225721],[-105.387483,28.225878],[-105.387063,28.226054],[-105.386879,28.226246],[-105.386746,28.226563],[-105.386668,28.226752],[-105.386493,28.226819]]]}},{"type":"Feature","properties":{"modulo":3,"idparcela":"1411","productor":"LARA ONTIVEROS DAVID","cultivo":"Avena","superficie_fisica_ha":19.2,"superficie_riego_ha":18.22,"hectareas":1.196},"geometry":{"type":"Polygon","coordinates":[[[-105.371197,28.219145],[-105.371408,28.219285],[-105.371478,28.219547],[-105.371451,28.219863],[-105.371361,28.219865],[-105.37067,28.219878],[-105.368943,28.219751],[-105.369675,28.219488],[-105.371009,28.219177],[-105.371197,28.219145]]]}},{"type":"Feature","properties":{"modulo":3,"idparcela":"1885","productor":"LUJAN BARRIENTOS EVERARDO ALF.","cultivo":"Sin Cultivo","superficie_fisica_ha":41.16,"superficie_riego_ha":9.88,"hectareas":9.676},"geometry":{"type":"Polygon","coordinates":[[[-105.368892,28.22292],[-105.36895,28.222743],[-105.368968,28.222653],[-105.369059,28.222328],[-105.368915,28.222127],[-105.367967,28.221519],[-105.367428,28.221187],[-105.367318,28.220814],[-105.367294,28.220663],[-105.367788,28.220689],[-105.367978,28.220667],[-105.368177,28.220547],[-105.368943,28.219751],[-105.37067,28.219878],[-105.371361,28.219865],[-105.371451,28.219863],[-105.371434,28.221371],[-105.371434,28.221434],[-105.371411,28.221774],[-105.371308,28.221987],[-105.370514,28.22232],[-105.370446,28.222775],[-105.370213,28.222945],[-105.369602,28.223051],[-105.369023,28.222944],[-105.368892,28.22292]]]}},{"type":"Feature","properties":{"modulo":3,"idparcela":"1410","productor":"PAYAN GUTIERREZ MARCELINO","cultivo":"Alfalfa","superficie_fisica_ha":11.95,"superficie_riego_ha":10.65,"hectareas":12.837},"geometry":{"type":"Polygon","coordinates":[[[-105.373267,28.21571],[-105.375836,28.214542],[-105.378166,28.21352],[-105.378516,28.214263],[-105.378766,28.214836],[-105.378256,28.215285],[-105.376869,28.21638],[-105.375505,28.217453],[-105.374583,28.218288],[-105.37456,28.218305],[-105.374297,28.21792],[-105.373795,28.217029],[-105.373523,28.216554],[-105.373376,28.216348],[-105.373276,28.216141],[-105.373277,28.215751],[-105.373267,28.21571]]]}},{"type":"Feature","properties":{"modulo":3,"idparcela":"1508","productor":"SOLTERO DELGADO JOSE LUIS","cultivo":"Alfalfa","superficie_fisica_ha":12.86,"superficie_riego_ha":11.96,"hectareas":12.261},"geometry":{"type":"Polygon","coordinates":[[[-105.379155,28.214492],[-105.378766,28.214836],[-105.378516,28.214263],[-105.378166,28.21352],[-105.378135,28.213454],[-105.378369,28.213317],[-105.378701,28.213066],[-105.379065,28.212885],[-105.379252,28.212779],[-105.379392,28.212752],[-105.379316,28.213824],[-105.379272,28.214427],[-105.379155,28.214492]],[[-105.379364,28.212586],[-105.37905,28.212775],[-105.378736,28.212933],[-105.378296,28.213256],[-105.378131,28.213329],[-105.377885,28.212868],[-105.377608,28.212225],[-105.377414,28.211843],[-105.377334,28.211602],[-105.377354,28.211317],[-105.377527,28.210952],[-105.377818,28.210339],[-105.377953,28.210107],[-105.378136,28.209719],[-105.378354,28.209388],[-105.378607,28.209863],[-105.378572,28.210303],[-105.378772,28.210738],[-105.379246,28.211689],[-105.379408,28.212086],[-105.379364,28.212586]],[[-105.382261,28.219339],[-105.381681,28.218934],[-105.381315,28.218482],[-105.380926,28.218051],[-105.38053,28.217819],[-105.380106,28.217399],[-105.379881,28.216923],[-105.379821,28.216444],[-105.379459,28.216158],[-105.37929,28.216016],[-105.379116,28.215797],[-105.378967,28.215416],[-105.378927,28.215105],[-105.378977,28.214893],[-105.379157,28.214722],[-105.379249,28.2147],[-105.379323,28.214842],[-105.379352,28.215087],[-105.379471,28.215207],[-105.379965,28.215667],[-105.381226,28.21677],[-105.382311,28.217739],[-105.38254,28.218044],[-105.38266,28.218416],[-105.382688,28.218641],[-105.382682,28.21889],[-105.382261,28.219339]]]}},{"type":"Feature","properties":{"modulo":3,"idparcela":"1443","productor":"CARRASCO RUIZ FIDEL","cultivo":"Alfalfa","superficie_fisica_ha":12.14,"superficie_riego_ha":12.14,"hectareas":25.676},"geometry":{"type":"Polygon","coordinates":[[[-105.368244,28.2173],[-105.36801,28.217418],[-105.366395,28.218111],[-105.36571,28.218415],[-105.365592,28.218474],[-105.36529,28.217954],[-105.365049,28.2176],[-105.364161,28.216875],[-105.363556,28.215929],[-105.363399,28.215543],[-105.363335,28.215224],[-105.363284,28.214993],[-105.364641,28.214222],[-105.366218,28.213458],[-105.366334,28.213648],[-105.367341,28.215577],[-105.368244,28.2173]],[[-105.365082,28.21876],[-105.364555,28.218902],[-105.363908,28.218993],[-105.362652,28.219464],[-105.362098,28.219684],[-105.361952,28.21974],[-105.36189,28.219636],[-105.361837,28.217652],[-105.361818,28.215797],[-105.361812,28.215594],[-105.362134,28.215477],[-105.362717,28.215229],[-105.363126,28.215014],[-105.363236,28.215603],[-105.363476,28.21605],[-105.364031,28.216953],[-105.364633,28.217411],[-105.36512,28.217932],[-105.3654,28.218492],[-105.365468,28.218615],[-105.365082,28.21876]]]}},{"type":"Feature","properties":{"modulo":3,"idparcela":"1444","productor":"AGRICOLA PINO SOLO, SPR DE RL","cultivo":"Alfalfa","superficie_fisica_ha":15,"superficie_riego_ha":15,"hectareas":15.844},"geometry":{"type":"Polygon","coordinates":[[[-105.361812,28.215594],[-105.361778,28.214308],[-105.361795,28.213811],[-105.361869,28.21367],[-105.362058,28.213785],[-105.362501,28.214156],[-105.362723,28.214341],[-105.362871,28.214548],[-105.363126,28.215014],[-105.362717,28.215229],[-105.362134,28.215477],[-105.361812,28.215594]],[[-105.363244,28.214897],[-105.363119,28.214678],[-105.362901,28.214301],[-105.362728,28.214105],[-105.362337,28.213816],[-105.361933,28.213525],[-105.361901,28.213204],[-105.361856,28.211236],[-105.361831,28.209422],[-105.362834,28.210059],[-105.364082,28.210896],[-105.365408,28.212231],[-105.365494,28.212359],[-105.366181,28.213398],[-105.364607,28.214161],[-105.363244,28.214897]]]}},{"type":"Feature","properties":{"modulo":3,"idparcela":"1903","productor":"VILLEZCAS RODRIGUEZ AUSENCIO","cultivo":"Chile verde","superficie_fisica_ha":5.1434,"superficie_riego_ha":4,"hectareas":6.028},"geometry":{"type":"Polygon","coordinates":[[[-105.350413,28.23269],[-105.351281,28.232346],[-105.352207,28.232016],[-105.352894,28.231808],[-105.353125,28.231912],[-105.353121,28.233563],[-105.352729,28.233571],[-105.351699,28.23367],[-105.351459,28.233679],[-105.350991,28.233685],[-105.350811,28.233558],[-105.350565,28.233197],[-105.350413,28.23269]],[[-105.352723,28.231665],[-105.351956,28.231901],[-105.351245,28.232148],[-105.350725,28.232342],[-105.350602,28.232369],[-105.35049,28.23231],[-105.350409,28.231426],[-105.350526,28.231414],[-105.35118,28.231257],[-105.351633,28.231174],[-105.351949,28.231082],[-105.352264,28.23099],[-105.352324,28.231009],[-105.35252,28.231278],[-105.352793,28.231624],[-105.352723,28.231665]]]}},{"type":"Feature","properties":{"modulo":3,"idparcela":"9700","productor":"SOTO PACHECO LEONARDO","cultivo":"Cacahuate","superficie_fisica_ha":3.1691,"superficie_riego_ha":3.1691,"hectareas":5.978},"geometry":{"type":"Polygon","coordinates":[[[-105.342759,28.232562],[-105.34297,28.232169],[-105.343014,28.231638],[-105.34312,28.231479],[-105.343259,28.231269],[-105.343264,28.231268],[-105.345501,28.232132],[-105.34491,28.233294],[-105.344106,28.232973],[-105.342759,28.232562]],[[-105.343345,28.231229],[-105.344369,28.2309],[-105.344583,28.23083],[-105.344573,28.230798],[-105.346052,28.230247],[-105.346418,28.230126],[-105.34627,28.230429],[-105.346022,28.23096],[-105.345748,28.231552],[-105.34567,28.23175],[-105.34554,28.232045],[-105.345459,28.232014],[-105.343345,28.231229]]]}},{"type":"Feature","properties":{"modulo":3,"idparcela":"1906","productor":"MONTES VARELA ARMANDO","cultivo":"Cacahuate","superficie_fisica_ha":4.4942,"superficie_riego_ha":4,"hectareas":4.24},"geometry":{"type":"Polygon","coordinates":[[[-105.349048,28.22808],[-105.349053,28.227583],[-105.348992,28.227364],[-105.348826,28.227104],[-105.349424,28.226976],[-105.350111,28.226852],[-105.350565,28.226806],[-105.35077,28.226822],[-105.350965,28.227311],[-105.351056,28.227614],[-105.350439,28.22775],[-105.349519,28.227965],[-105.349048,28.22808]],[[-105.348766,28.227009],[-105.348344,28.22635],[-105.348269,28.22623],[-105.348616,28.226084],[-105.349292,28.225821],[-105.350119,28.225568],[-105.350438,28.226148],[-105.35067,28.226571],[-105.350722,28.226702],[-105.3503,28.226701],[-105.349847,28.226772],[-105.349092,28.226946],[-105.348766,28.227009]]]}},{"type":"Feature","properties":{"modulo":3,"idparcela":"1467","productor":"LARA HERNANDEZ JAIME","cultivo":"Alfalfa","superficie_fisica_ha":16.8,"superficie_riego_ha":14.35,"hectareas":13.017},"geometry":{"type":"Polygon","coordinates":[[[-105.351692,28.216336],[-105.351761,28.213921],[-105.351822,28.213929],[-105.353099,28.213933],[-105.353694,28.213942],[-105.353645,28.216322],[-105.353618,28.217423],[-105.352607,28.216878],[-105.351692,28.216336]],[[-105.353522,28.221262],[-105.353123,28.22072],[-105.352513,28.219855],[-105.352241,28.219619],[-105.351753,28.219371],[-105.351349,28.219064],[-105.351384,28.218921],[-105.351442,28.218613],[-105.351479,28.21841],[-105.351529,28.218058],[-105.351584,28.217667],[-105.35158,28.217224],[-105.351587,28.216873],[-105.351593,28.216599],[-105.351605,28.216481],[-105.352052,28.216752],[-105.353614,28.217584],[-105.353613,28.217622],[-105.353522,28.221262]]]}},{"type":"Feature","properties":{"modulo":3,"idparcela":"************","productor":null,"cultivo":"Sin Cultivo","superficie_fisica_ha":null,"superficie_riego_ha":null,"hectareas":5.612},"geometry":{"type":"Polygon","coordinates":[[[-105.346106,28.21576],[-105.346208,28.214049],[-105.346596,28.214076],[-105.347674,28.214068],[-105.347914,28.214563],[-105.348071,28.214935],[-105.348185,28.215157],[-105.348366,28.215424],[-105.348498,28.215567],[-105.348631,28.215712],[-105.348065,28.21572],[-105.346721,28.215762],[-105.346106,28.21576]],[[-105.347793,28.213963],[-105.347855,28.213969],[-105.349024,28.213944],[-105.349069,28.213941],[-105.349362,28.213925],[-105.349446,28.214487],[-105.34948,28.214827],[-105.349455,28.215266],[-105.34947,28.2155],[-105.349484,28.215612],[-105.349527,28.215998],[-105.349276,28.215844],[-105.348976,28.215677],[-105.348902,28.215544],[-105.348755,28.21506],[-105.34827,28.214884],[-105.34815,28.214666],[-105.348007,28.214404],[-105.347793,28.213963]]]}},{"type":"Feature","properties":{"modulo":3,"idparcela":"************","productor":null,"cultivo":"Sin Cultivo","superficie_fisica_ha":null,"superficie_riego_ha":null,"hectareas":1.069},"geometry":{"type":"Polygon","coordinates":[[[-105.349434,28.21393],[-105.349582,28.213919],[-105.350169,28.213918],[-105.35022,28.214153],[-105.350227,28.214245],[-105.350196,28.214349],[-105.350083,28.214521],[-105.349913,28.214746],[-105.349856,28.214838],[-105.349861,28.21502],[-105.349918,28.215501],[-105.349952,28.215695],[-105.349855,28.215869],[-105.349741,28.216038],[-105.349638,28.21604],[-105.349594,28.216026],[-105.349539,28.215611],[-105.349531,28.215504],[-105.349514,28.215155],[-105.349528,28.214749],[-105.349481,28.214377],[-105.349434,28.21393]]]}},{"type":"Feature","properties":{"modulo":3,"idparcela":"1504","productor":"GRANJA DEL NORTE SPR DE RL DE CV","cultivo":"Alfalfa","superficie_fisica_ha":31.1,"superficie_riego_ha":24.5,"hectareas":0.734},"geometry":{"type":"Polygon","coordinates":[[[-105.339505,28.207528],[-105.339937,28.207931],[-105.340587,28.208536],[-105.340506,28.208631],[-105.34037,28.208675],[-105.340044,28.208519],[-105.339415,28.208166],[-105.339197,28.208027],[-105.339015,28.207821],[-105.339505,28.207528]]]}},{"type":"Feature","properties":{"modulo":3,"idparcela":"************","productor":null,"cultivo":"Sin Cultivo","superficie_fisica_ha":null,"superficie_riego_ha":null,"hectareas":2.207},"geometry":{"type":"Polygon","coordinates":[[[-105.338999,28.205449],[-105.339053,28.205773],[-105.339505,28.207528],[-105.339015,28.207821],[-105.338703,28.207285],[-105.338372,28.206926],[-105.337705,28.206085],[-105.338999,28.205449]]]}},{"type":"Feature","properties":{"modulo":3,"idparcela":"1883","productor":"LARA PACHECO RAMON","cultivo":"Sin Cultivo","superficie_fisica_ha":3.232,"superficie_riego_ha":3.232,"hectareas":5.955},"geometry":{"type":"Polygon","coordinates":[[[-105.337645,28.206013],[-105.337323,28.205463],[-105.336776,28.204742],[-105.336715,28.204174],[-105.33629,28.203735],[-105.335993,28.203158],[-105.337523,28.202543],[-105.338598,28.204175],[-105.338886,28.204658],[-105.338972,28.205377],[-105.337645,28.206013]]]}},{"type":"Feature","properties":{"modulo":3,"idparcela":"1884","productor":"LARA PACHECO ENRIQUE","cultivo":"Sin Cultivo","superficie_fisica_ha":2.7,"superficie_riego_ha":2.7,"hectareas":4.424},"geometry":{"type":"Polygon","coordinates":[[[-105.335966,28.203093],[-105.335727,28.202404],[-105.335483,28.2013],[-105.335461,28.200778],[-105.335487,28.200197],[-105.335451,28.20006],[-105.335196,28.199669],[-105.335064,28.199364],[-105.335324,28.199279],[-105.335486,28.199239],[-105.335582,28.199498],[-105.335698,28.199536],[-105.336073,28.19943],[-105.336079,28.199648],[-105.336075,28.199895],[-105.336285,28.200033],[-105.336339,28.200542],[-105.337067,28.201847],[-105.33748,28.202484],[-105.335966,28.203093]]]}},{"type":"Feature","properties":{"modulo":3,"idparcela":"1383","productor":"MARTINEZ MONTES JOSE","cultivo":"Cacahuate","superficie_fisica_ha":21.8,"superficie_riego_ha":14.48,"hectareas":14.712},"geometry":{"type":"Polygon","coordinates":[[[-105.351534,28.20341],[-105.349806,28.203864],[-105.348993,28.20409],[-105.348677,28.203255],[-105.348426,28.202427],[-105.34834,28.201712],[-105.349077,28.201884],[-105.349563,28.201929],[-105.350102,28.201944],[-105.350579,28.201882],[-105.350851,28.201843],[-105.351028,28.20184],[-105.351099,28.201924],[-105.351172,28.202105],[-105.35131,28.202102],[-105.351284,28.201981],[-105.351325,28.201797],[-105.351482,28.201672],[-105.351527,28.202587],[-105.351534,28.20341]],[[-105.348913,28.204132],[-105.34877,28.204169],[-105.347676,28.204496],[-105.346947,28.204715],[-105.346446,28.204847],[-105.345957,28.204613],[-105.345561,28.204377],[-105.345027,28.203898],[-105.344816,28.203739],[-105.345306,28.203406],[-105.346209,28.202838],[-105.346773,28.202461],[-105.346861,28.202316],[-105.346934,28.201583],[-105.346895,28.200994],[-105.347194,28.200987],[-105.347438,28.201071],[-105.347846,28.20136],[-105.348214,28.201689],[-105.348285,28.202307],[-105.348735,28.203702],[-105.348913,28.204132]]]}},{"type":"Feature","properties":{"modulo":3,"idparcela":"1295","productor":"AGRICOLA ESPARZA, S.A.","cultivo":"Nogal (Nuez)","superficie_fisica_ha":12,"superficie_riego_ha":12,"hectareas":12.142},"geometry":{"type":"Polygon","coordinates":[[[-105.376943,28.15202],[-105.376911,28.151566],[-105.37692,28.151183],[-105.376929,28.150817],[-105.376907,28.150562],[-105.376866,28.150258],[-105.376846,28.150048],[-105.376767,28.149891],[-105.376699,28.149541],[-105.376581,28.148991],[-105.376541,28.148823],[-105.376521,28.148731],[-105.376508,28.148663],[-105.376875,28.148673],[-105.377416,28.148656],[-105.37994,28.14868],[-105.38018,28.148675],[-105.380128,28.150643],[-105.380138,28.151983],[-105.380051,28.15203],[-105.376943,28.15202]]]}},{"type":"Feature","properties":{"modulo":3,"idparcela":"1294","productor":"AGRICOLA ESPARZA, S.A.","cultivo":"Nogal (Nuez)","superficie_fisica_ha":20.35,"superficie_riego_ha":19.8,"hectareas":19.947},"geometry":{"type":"Polygon","coordinates":[[[-105.381922,28.15056],[-105.381904,28.152087],[-105.381949,28.152678],[-105.381335,28.153505],[-105.380914,28.154768],[-105.380734,28.154852],[-105.380473,28.154777],[-105.380399,28.154434],[-105.380112,28.154382],[-105.379541,28.154394],[-105.379373,28.154432],[-105.379375,28.154865],[-105.378997,28.154865],[-105.377146,28.154872],[-105.376886,28.154855],[-105.37692,28.152942],[-105.376943,28.15202],[-105.380051,28.15203],[-105.380138,28.151983],[-105.380128,28.150643],[-105.38018,28.148675],[-105.381952,28.148621],[-105.381953,28.149333],[-105.381922,28.15056]]]}},{"type":"Feature","properties":{"modulo":3,"idparcela":"1191","productor":"GRANJA DEL NORTE SPR DE RL DE CV","cultivo":"Ma­z","superficie_fisica_ha":11.93,"superficie_riego_ha":11.93,"hectareas":14.828},"geometry":{"type":"Polygon","coordinates":[[[-105.376508,28.148663],[-105.376429,28.148346],[-105.376371,28.147834],[-105.37633,28.14714],[-105.376311,28.146428],[-105.376289,28.146257],[-105.376616,28.146198],[-105.376824,28.146199],[-105.377655,28.146206],[-105.378066,28.146209],[-105.378487,28.14621],[-105.37957,28.146214],[-105.380237,28.146216],[-105.380654,28.146215],[-105.381278,28.146214],[-105.381886,28.146213],[-105.38194,28.146253],[-105.381949,28.146367],[-105.381958,28.147441],[-105.381925,28.148441],[-105.381952,28.148621],[-105.38018,28.148675],[-105.37994,28.14868],[-105.377416,28.148656],[-105.376875,28.148673],[-105.376508,28.148663]]]}},{"type":"Feature","properties":{"modulo":3,"idparcela":"9483","productor":"REYES VALENZUELA FELIPE","cultivo":"Sin Cultivo","superficie_fisica_ha":1.5,"superficie_riego_ha":1.5,"hectareas":1.939},"geometry":{"type":"Polygon","coordinates":[[[-105.39063,28.284922],[-105.390527,28.284986],[-105.39045,28.285025],[-105.390163,28.285037],[-105.389995,28.285041],[-105.389811,28.284958],[-105.389813,28.284891],[-105.389802,28.284649],[-105.389811,28.28442],[-105.389812,28.284185],[-105.389911,28.28432],[-105.390006,28.28437],[-105.390262,28.284393],[-105.390554,28.284398],[-105.390832,28.284388],[-105.390865,28.284418],[-105.39092,28.284474],[-105.390952,28.284521],[-105.390974,28.284566],[-105.391028,28.28467],[-105.391036,28.284717],[-105.390964,28.284735],[-105.390887,28.284738],[-105.390837,28.284701],[-105.390775,28.284694],[-105.390702,28.284726],[-105.390706,28.284871],[-105.39063,28.284922]],[[-105.391535,28.285752],[-105.39143,28.285815],[-105.391381,28.285811],[-105.391039,28.285813],[-105.390906,28.285816],[-105.390775,28.285905],[-105.390621,28.285915],[-105.390524,28.285923],[-105.39044,28.285931],[-105.390328,28.285939],[-105.390251,28.285941],[-105.390142,28.285801],[-105.390054,28.285672],[-105.390044,28.285555],[-105.390051,28.285384],[-105.389892,28.285117],[-105.390109,28.285094],[-105.390284,28.28509],[-105.390473,28.285093],[-105.390646,28.285008],[-105.390791,28.2849],[-105.390944,28.284891],[-105.391037,28.284957],[-105.391215,28.285052],[-105.391356,28.285387],[-105.391535,28.285752]]]}},{"type":"Feature","properties":{"modulo":3,"idparcela":"1474","productor":"MADERO PORRAS EVARISTO","cultivo":"Algod½n","superficie_fisica_ha":23.3,"superficie_riego_ha":22.34,"hectareas":21.62},"geometry":{"type":"Polygon","coordinates":[[[-105.371969,28.254273],[-105.371252,28.254282],[-105.370293,28.254247],[-105.369311,28.254257],[-105.368624,28.254271],[-105.368403,28.254254],[-105.368017,28.254077],[-105.367543,28.253793],[-105.367,28.253334],[-105.366995,28.25278],[-105.366971,28.251663],[-105.366971,28.251656],[-105.367501,28.251771],[-105.368255,28.251982],[-105.368844,28.252115],[-105.369717,28.252188],[-105.370514,28.252218],[-105.371103,28.25225],[-105.371432,28.252279],[-105.371997,28.252313],[-105.371969,28.254273]],[[-105.366995,28.251549],[-105.366935,28.250084],[-105.366933,28.25001],[-105.367267,28.25001],[-105.36845,28.249997],[-105.369075,28.24999],[-105.36958,28.250025],[-105.369589,28.250355],[-105.369628,28.250468],[-105.369937,28.250541],[-105.370146,28.250559],[-105.370183,28.250104],[-105.370254,28.249988],[-105.370992,28.250019],[-105.371924,28.249999],[-105.371988,28.2501],[-105.372017,28.251169],[-105.372002,28.252011],[-105.372009,28.252187],[-105.371712,28.252193],[-105.370787,28.252128],[-105.370454,28.252127],[-105.369725,28.252088],[-105.368943,28.252013],[-105.368255,28.25188],[-105.366995,28.251549]]]}},{"type":"Feature","properties":{"modulo":3,"idparcela":"1423","productor":"GONZALEZ CABALLERO JOSE LUIS","cultivo":"Cacahuate","superficie_fisica_ha":16.25,"superficie_riego_ha":14,"hectareas":13.078},"geometry":{"type":"Polygon","coordinates":[[[-105.356034,28.243781],[-105.355702,28.243723],[-105.355259,28.243683],[-105.354836,28.243676],[-105.354937,28.243315],[-105.355002,28.242988],[-105.355005,28.242402],[-105.354982,28.241793],[-105.354927,28.24154],[-105.354814,28.241119],[-105.355129,28.241113],[-105.35562,28.241118],[-105.35604,28.24111],[-105.356097,28.241272],[-105.356204,28.24184],[-105.356204,28.24254],[-105.356229,28.2428],[-105.356442,28.243186],[-105.356544,28.243591],[-105.356607,28.243899],[-105.356034,28.243781]],[[-105.356425,28.247245],[-105.356165,28.247345],[-105.355628,28.2476],[-105.355393,28.24767],[-105.355156,28.247627],[-105.354862,28.247574],[-105.354702,28.247413],[-105.354725,28.24694],[-105.354735,28.246789],[-105.354817,28.24651],[-105.354914,28.246275],[-105.354987,28.246104],[-105.354946,28.245888],[-105.354874,28.24559],[-105.354825,28.245351],[-105.354922,28.244965],[-105.354951,28.244699],[-105.355038,28.244535],[-105.355016,28.244405],[-105.354813,28.244099],[-105.354775,28.24398],[-105.354927,28.243771],[-105.355273,28.243813],[-105.355581,28.243806],[-105.35591,28.243849],[-105.356423,28.243985],[-105.35666,28.244012],[-105.356851,28.244239],[-105.357018,28.244387],[-105.35733,28.244617],[-105.357499,28.244824],[-105.357711,28.245294],[-105.357722,28.245474],[-105.357666,28.245685],[-105.357451,28.246439],[-105.357339,28.246577],[-105.357133,28.246628],[-105.356894,28.246695],[-105.356826,28.246875],[-105.35676,28.247137],[-105.356425,28.247245]]]}},{"type":"Feature","properties":{"modulo":3,"idparcela":"1893","productor":"DOMINGUEZ QUEZADA RAMON","cultivo":"Chile verde","superficie_fisica_ha":3.1973,"superficie_riego_ha":3.1973,"hectareas":3.3},"geometry":{"type":"Polygon","coordinates":[[[-105.350651,28.24006],[-105.350129,28.239578],[-105.350004,28.239445],[-105.350893,28.238799],[-105.351684,28.238274],[-105.352615,28.237673],[-105.352748,28.237946],[-105.353007,28.238442],[-105.352592,28.238668],[-105.352016,28.239017],[-105.351921,28.239155],[-105.351335,28.239553],[-105.350651,28.24006]],[[-105.353169,28.240165],[-105.35343,28.240012],[-105.353766,28.239872],[-105.353783,28.239922],[-105.353797,28.240016],[-105.353873,28.240292],[-105.353958,28.240435],[-105.35407,28.240553],[-105.354237,28.240706],[-105.354307,28.240789],[-105.353982,28.240844],[-105.353687,28.24089],[-105.353684,28.240776],[-105.353464,28.240425],[-105.353189,28.240159],[-105.353169,28.240165]]]}},{"type":"Feature","properties":{"modulo":3,"idparcela":"9699","productor":"BRITO BAEZA JESUS JOSE","cultivo":"Alfalfa","superficie_fisica_ha":4.7675,"superficie_riego_ha":4,"hectareas":6.472},"geometry":{"type":"Polygon","coordinates":[[[-105.344263,28.230822],[-105.343731,28.230995],[-105.343238,28.231154],[-105.343117,28.231289],[-105.342985,28.231531],[-105.342809,28.23165],[-105.342509,28.231766],[-105.342416,28.231939],[-105.342284,28.232138],[-105.342079,28.232252],[-105.341706,28.232235],[-105.341402,28.232229],[-105.341046,28.232347],[-105.340714,28.232304],[-105.340653,28.232086],[-105.340649,28.231939],[-105.340825,28.231789],[-105.340985,28.231602],[-105.341243,28.231425],[-105.341309,28.231302],[-105.341307,28.231228],[-105.341305,28.231167],[-105.341344,28.231081],[-105.341534,28.230955],[-105.341643,28.230867],[-105.341596,28.230683],[-105.341584,28.230575],[-105.34181,28.230423],[-105.342054,28.230222],[-105.342199,28.229975],[-105.342389,28.229836],[-105.342527,28.229858],[-105.342807,28.229999],[-105.342986,28.229971],[-105.34308,28.229859],[-105.343063,28.229737],[-105.342977,28.229641],[-105.342975,28.229568],[-105.343057,28.229517],[-105.343262,28.229427],[-105.343355,28.229303],[-105.343511,28.228921],[-105.343644,28.228734],[-105.343706,28.228476],[-105.343828,28.228388],[-105.343863,28.228406],[-105.34414,28.229465],[-105.344272,28.23003],[-105.344386,28.230517],[-105.344428,28.230772],[-105.344263,28.230822]]]}},{"type":"Feature","properties":{"modulo":3,"idparcela":"9699","productor":"BRITO BAEZA JESUS JOSE","cultivo":"Alfalfa","superficie_fisica_ha":4.7675,"superficie_riego_ha":4,"hectareas":3.706},"geometry":{"type":"Polygon","coordinates":[[[-105.34415,28.229251],[-105.343904,28.228329],[-105.343976,28.22824],[-105.344124,28.227994],[-105.344617,28.227625],[-105.345098,28.228407],[-105.345974,28.230203],[-105.344527,28.230732],[-105.34415,28.229251]]]}},{"type":"Feature","properties":{"modulo":3,"idparcela":"1590","productor":"RODRIGUEZ GUEVARA VICTORIANO","cultivo":"Sin Cultivo","superficie_fisica_ha":8.35,"superficie_riego_ha":7.65,"hectareas":18.279},"geometry":{"type":"Polygon","coordinates":[[[-105.389995,28.234107],[-105.38811,28.234784],[-105.386415,28.235409],[-105.385366,28.235816],[-105.384553,28.236147],[-105.384509,28.23617],[-105.384915,28.231867],[-105.387334,28.231929],[-105.390133,28.232083],[-105.390151,28.23236],[-105.39023,28.233813],[-105.390237,28.234018],[-105.389995,28.234107]]]}},{"type":"Feature","properties":{"modulo":3,"idparcela":"1590","productor":"RODRIGUEZ GUEVARA VICTORIANO","cultivo":"Sin Cultivo","superficie_fisica_ha":8.35,"superficie_riego_ha":7.65,"hectareas":10.76},"geometry":{"type":"Polygon","coordinates":[[[-105.384313,28.23622],[-105.384305,28.236327],[-105.382423,28.236357],[-105.382302,28.236369],[-105.382295,28.23582],[-105.382262,28.232548],[-105.382275,28.232018],[-105.382277,28.231914],[-105.38472,28.231877],[-105.384619,28.232985],[-105.384603,28.233145],[-105.384565,28.23361],[-105.384313,28.23622]]]}},{"type":"Feature","properties":{"modulo":3,"idparcela":"1319","productor":"LOS CUATRO VILLALOBOS SPR DE RL DE C.V.","cultivo":"Avena","superficie_fisica_ha":14.04,"superficie_riego_ha":13.79,"hectareas":1.165},"geometry":{"type":"Polygon","coordinates":[[[-105.347385,28.177961],[-105.347847,28.176795],[-105.34841,28.17745],[-105.348995,28.178121],[-105.348969,28.178225],[-105.347624,28.178021],[-105.347385,28.177961]]]}},{"type":"Feature","properties":{"modulo":3,"idparcela":"1320","productor":"RUBIO CHAVEZ MANUELA","cultivo":"Alfalfa","superficie_fisica_ha":15.47,"superficie_riego_ha":15.37,"hectareas":1.29},"geometry":{"type":"Polygon","coordinates":[[[-105.346396,28.176866],[-105.347847,28.176795],[-105.347385,28.177961],[-105.346627,28.17777],[-105.346508,28.17767],[-105.34649,28.177528],[-105.3464,28.176885],[-105.346396,28.176866]]]}},{"type":"Feature","properties":{"modulo":3,"idparcela":"1885","productor":"LUJAN BARRIENTOS EVERARDO ALF.","cultivo":"Sin Cultivo","superficie_fisica_ha":41.16,"superficie_riego_ha":9.88,"hectareas":4.17},"geometry":{"type":"Polygon","coordinates":[[[-105.365476,28.218846],[-105.365532,28.219017],[-105.365691,28.219298],[-105.365901,28.219514],[-105.366163,28.219651],[-105.366461,28.219771],[-105.366739,28.219829],[-105.367541,28.219828],[-105.368614,28.219823],[-105.368033,28.220452],[-105.367918,28.220543],[-105.366878,28.220518],[-105.365696,28.220438],[-105.364347,28.220299],[-105.364264,28.219841],[-105.364246,28.219172],[-105.364575,28.219102],[-105.365476,28.218846]]]}},{"type":"Feature","properties":{"modulo":3,"idparcela":"1379","productor":"GUTIERREZ OSOLLO JAVIER","cultivo":"Sorgo","superficie_fisica_ha":9.34,"superficie_riego_ha":7.55,"hectareas":9.43},"geometry":{"type":"Polygon","coordinates":[[[-105.36165,28.203676],[-105.361645,28.203943],[-105.361649,28.204553],[-105.361392,28.204782],[-105.361025,28.20481],[-105.360776,28.204937],[-105.359395,28.204803],[-105.357099,28.20481],[-105.355468,28.204783],[-105.353402,28.204805],[-105.353058,28.204833],[-105.353623,28.204495],[-105.354781,28.203869],[-105.355326,28.203844],[-105.355833,28.203819],[-105.356308,28.203565],[-105.36165,28.203676]]]}},{"type":"Feature","properties":{"modulo":3,"idparcela":"1380","productor":"DELMAR DEL NORTE DE DELICIAS SPR DE RL","cultivo":"Ma­z","superficie_fisica_ha":19.82,"superficie_riego_ha":18.33,"hectareas":17.942},"geometry":{"type":"Polygon","coordinates":[[[-105.35576,28.20846],[-105.355747,28.207972],[-105.355857,28.207791],[-105.356039,28.207622],[-105.356106,28.207455],[-105.356111,28.207074],[-105.356134,28.206872],[-105.356622,28.206862],[-105.356952,28.206865],[-105.357183,28.206867],[-105.357551,28.207091],[-105.357996,28.207001],[-105.357895,28.2049],[-105.358939,28.204914],[-105.359881,28.204956],[-105.360166,28.20498],[-105.360175,28.205034],[-105.360161,28.205133],[-105.359912,28.20524],[-105.35996,28.20534],[-105.360285,28.205476],[-105.361633,28.205676],[-105.36168,28.206118],[-105.361725,28.207826],[-105.361694,28.209251],[-105.359963,28.20892],[-105.358599,28.208562],[-105.357882,28.208353],[-105.35746,28.208229],[-105.357323,28.208225],[-105.35703,28.20829],[-105.356347,28.208475],[-105.35576,28.20846]]]}},{"type":"Feature","properties":{"modulo":3,"idparcela":"1838","productor":"CALDERON LORENZO","cultivo":"Cacahuate","superficie_fisica_ha":8.07,"superficie_riego_ha":7.77,"hectareas":7.715},"geometry":{"type":"Polygon","coordinates":[[[-105.36181,28.192997],[-105.366292,28.192944],[-105.366706,28.192939],[-105.366718,28.194413],[-105.361799,28.194425],[-105.36181,28.192997]]]}},{"type":"Feature","properties":{"modulo":3,"idparcela":"1262","productor":"GOMEZ DOMINGUEZ MARIO","cultivo":"Alfalfa","superficie_fisica_ha":5,"superficie_riego_ha":5,"hectareas":5.383},"geometry":{"type":"Polygon","coordinates":[[[-105.342636,28.153415],[-105.345766,28.153714],[-105.345576,28.15513],[-105.344947,28.155125],[-105.342414,28.155148],[-105.342636,28.153415]]]}},{"type":"Feature","properties":{"modulo":3,"idparcela":"1263","productor":"GOMEZ RAMOS LUIS ALONSO","cultivo":"Alfalfa","superficie_fisica_ha":5,"superficie_riego_ha":5,"hectareas":5.357},"geometry":{"type":"Polygon","coordinates":[[[-105.347789,28.152991],[-105.347479,28.155126],[-105.345576,28.15513],[-105.345766,28.153714],[-105.345954,28.152309],[-105.34616,28.152368],[-105.347353,28.152614],[-105.347564,28.152764],[-105.347709,28.152896],[-105.347789,28.152991]]]}},{"type":"Feature","properties":{"modulo":3,"idparcela":"************","productor":null,"cultivo":"Sin Cultivo","superficie_fisica_ha":null,"superficie_riego_ha":null,"hectareas":4.089},"geometry":{"type":"Polygon","coordinates":[[[-105.347479,28.155126],[-105.347789,28.152991],[-105.347844,28.153066],[-105.348025,28.153303],[-105.348191,28.153425],[-105.348398,28.153588],[-105.348773,28.153616],[-105.349122,28.153637],[-105.349409,28.153786],[-105.349632,28.153984],[-105.349979,28.154315],[-105.350192,28.154567],[-105.35028,28.154762],[-105.350379,28.154989],[-105.350472,28.155124],[-105.347699,28.155136],[-105.347479,28.155126]]]}},{"type":"Feature","properties":{"modulo":3,"idparcela":"1288","productor":"RUBIO CHAVEZ MANUELA","cultivo":"Alfalfa","superficie_fisica_ha":6.275,"superficie_riego_ha":5.975,"hectareas":5.661},"geometry":{"type":"Polygon","coordinates":[[[-105.352936,28.160011],[-105.352983,28.161777],[-105.351723,28.161803],[-105.350241,28.161892],[-105.350021,28.161662],[-105.349867,28.161297],[-105.349893,28.160912],[-105.350138,28.160619],[-105.3504,28.160277],[-105.35054,28.159989],[-105.351169,28.159989],[-105.352936,28.160011]]]}},{"type":"Feature","properties":{"modulo":3,"idparcela":"1308","productor":"RUBIO CHAVEZ MANUELA","cultivo":"Alfalfa","superficie_fisica_ha":29.85,"superficie_riego_ha":29.85,"hectareas":6.746},"geometry":{"type":"Polygon","coordinates":[[[-105.366475,28.16623],[-105.366667,28.172785],[-105.366499,28.172414],[-105.366187,28.171646],[-105.365919,28.171018],[-105.365633,28.170226],[-105.365295,28.169196],[-105.365008,28.168552],[-105.36464,28.167622],[-105.365374,28.167057],[-105.366475,28.16623]]]}},{"type":"Feature","properties":{"modulo":3,"idparcela":"1399","productor":"SERNA VALLES GUMERSINDO","cultivo":"Alfalfa","superficie_fisica_ha":3.05,"superficie_riego_ha":3.05,"hectareas":1.176},"geometry":{"type":"Polygon","coordinates":[[[-105.34472,28.212348],[-105.344422,28.212319],[-105.344216,28.212298],[-105.344012,28.212329],[-105.342795,28.212496],[-105.342157,28.211791],[-105.341509,28.211098],[-105.341518,28.211034],[-105.343485,28.212271],[-105.344099,28.211793],[-105.344423,28.212093],[-105.34472,28.212348]]]}},{"type":"Feature","properties":{"modulo":3,"idparcela":"************","productor":null,"cultivo":"Sin Cultivo","superficie_fisica_ha":null,"superficie_riego_ha":null,"hectareas":2.219},"geometry":{"type":"Polygon","coordinates":[[[-105.343983,28.209519],[-105.344949,28.210005],[-105.344932,28.211152],[-105.344881,28.212277],[-105.344809,28.212285],[-105.344067,28.21155],[-105.343977,28.211369],[-105.343974,28.210456],[-105.343983,28.209519]]]}},{"type":"Feature","properties":{"modulo":3,"idparcela":"1401","productor":"HERNANDEZ ORNELAS ABELARDO","cultivo":"Alfalfa","superficie_fisica_ha":3.05,"superficie_riego_ha":3.05,"hectareas":2.884},"geometry":{"type":"Polygon","coordinates":[[[-105.344005,28.206493],[-105.34398,28.203413],[-105.344567,28.203909],[-105.344873,28.204227],[-105.344922,28.204304],[-105.34492,28.204447],[-105.344882,28.206137],[-105.344891,28.207029],[-105.344005,28.206493]]]}},{"type":"Feature","properties":{"modulo":3,"idparcela":"1415","productor":"JAQUEZ ROMERO HEBERT","cultivo":"Nogal (Nuez)","superficie_fisica_ha":2.0987,"superficie_riego_ha":2.0987,"hectareas":2.794},"geometry":{"type":"Polygon","coordinates":[[[-105.368832,28.227446],[-105.368256,28.227474],[-105.367283,28.227486],[-105.366977,28.2275],[-105.366954,28.227179],[-105.366944,28.226211],[-105.367813,28.226056],[-105.368426,28.226008],[-105.368595,28.225999],[-105.36875,28.226002],[-105.368832,28.227446]]]}},{"type":"Feature","properties":{"modulo":3,"idparcela":"1413","productor":"JAQUEZ PAZ ALFREDO","cultivo":"Cacahuate","superficie_fisica_ha":2.0987,"superficie_riego_ha":2.0987,"hectareas":2.234},"geometry":{"type":"Polygon","coordinates":[[[-105.371007,28.225127],[-105.371909,28.224982],[-105.371923,28.225133],[-105.371969,28.226919],[-105.371967,28.227314],[-105.371084,28.22735],[-105.371007,28.225127]]]}},{"type":"Feature","properties":{"modulo":3,"idparcela":"1414","productor":"JAQUEZ ROMERO ROCIO","cultivo":"Chile verde","superficie_fisica_ha":2.0987,"superficie_riego_ha":2.0987,"hectareas":2.15},"geometry":{"type":"Polygon","coordinates":[[[-105.370088,28.225286],[-105.371007,28.225127],[-105.371084,28.22735],[-105.370163,28.227362],[-105.370088,28.225286]]]}},{"type":"Feature","properties":{"modulo":3,"idparcela":"1416","productor":"JAQUEZ ROMERO MA.D-LOS ANG.","cultivo":"Sin Cultivo","superficie_fisica_ha":2.0987,"superficie_riego_ha":2.0987,"hectareas":2.095},"geometry":{"type":"Polygon","coordinates":[[[-105.36875,28.226002],[-105.369298,28.226194],[-105.369531,28.226226],[-105.369718,28.226091],[-105.36988,28.225884],[-105.369827,28.225582],[-105.369805,28.225377],[-105.369784,28.225345],[-105.370081,28.225293],[-105.370163,28.227362],[-105.368832,28.227446],[-105.36875,28.226002]]]}},{"type":"Feature","properties":{"modulo":3,"idparcela":"1446","productor":"MARTINEZ GOMEZ MANUEL","cultivo":"Alfalfa","superficie_fisica_ha":12.374,"superficie_riego_ha":11.75,"hectareas":11.221},"geometry":{"type":"Polygon","coordinates":[[[-105.358517,28.208738],[-105.358445,28.212092],[-105.357943,28.212021],[-105.357451,28.212075],[-105.357109,28.212147],[-105.356638,28.212164],[-105.356229,28.212268],[-105.355918,28.212375],[-105.355551,28.212368],[-105.355537,28.211153],[-105.355563,28.209646],[-105.355578,28.20937],[-105.355619,28.208664],[-105.356111,28.208754],[-105.356512,28.208712],[-105.35694,28.208545],[-105.357396,28.208456],[-105.358171,28.208643],[-105.358517,28.208738]]]}},{"type":"Feature","properties":{"modulo":3,"idparcela":"9717","productor":"PAYAN HERMANOS SPR DE RL","cultivo":"Alfalfa","superficie_fisica_ha":60,"superficie_riego_ha":60,"hectareas":54.689},"geometry":{"type":"Polygon","coordinates":[[[-105.389657,28.203378],[-105.388642,28.202078],[-105.387855,28.201158],[-105.38701,28.200086],[-105.386346,28.19927],[-105.386207,28.199151],[-105.386587,28.198931],[-105.387037,28.198642],[-105.387583,28.198274],[-105.388034,28.198043],[-105.388476,28.197898],[-105.38891,28.197841],[-105.389442,28.197782],[-105.390085,28.197715],[-105.390267,28.197796],[-105.39037,28.197795],[-105.390638,28.197641],[-105.390796,28.197623],[-105.39087,28.197659],[-105.391085,28.198055],[-105.391415,28.198668],[-105.392757,28.201146],[-105.39318,28.201903],[-105.393201,28.20197],[-105.393226,28.202037],[-105.393286,28.202061],[-105.393343,28.202062],[-105.393409,28.202035],[-105.393474,28.201996],[-105.39357,28.20195],[-105.393636,28.201953],[-105.393698,28.201968],[-105.393792,28.202],[-105.393865,28.202003],[-105.393948,28.201991],[-105.394198,28.201872],[-105.39476,28.201622],[-105.394632,28.201293],[-105.396221,28.200682],[-105.398252,28.204376],[-105.396092,28.20527],[-105.395136,28.205678],[-105.393735,28.20626],[-105.393047,28.20656],[-105.392707,28.206694],[-105.392518,28.206742],[-105.39242,28.206751],[-105.392347,28.206697],[-105.391585,28.20568],[-105.389812,28.203475],[-105.389657,28.203378]]]}},{"type":"Feature","properties":{"modulo":3,"idparcela":"1652","productor":"OLIVAS CHAVEZ CARLOS MARIO","cultivo":"Nogal (Nuez)","superficie_fisica_ha":24.75,"superficie_riego_ha":14.25,"hectareas":14.147},"geometry":{"type":"Polygon","coordinates":[[[-105.403749,28.195132],[-105.404416,28.197213],[-105.404749,28.198105],[-105.405387,28.198816],[-105.406469,28.200227],[-105.4061,28.200331],[-105.405321,28.20054],[-105.404836,28.200668],[-105.404641,28.200723],[-105.404525,28.20084],[-105.404291,28.200967],[-105.403971,28.201054],[-105.403762,28.201063],[-105.403584,28.200992],[-105.403344,28.200485],[-105.403162,28.200047],[-105.402957,28.199579],[-105.402841,28.199299],[-105.402656,28.198886],[-105.402533,28.198526],[-105.402446,28.198228],[-105.402409,28.1981],[-105.402423,28.196127],[-105.402433,28.195098],[-105.402489,28.194892],[-105.402601,28.194763],[-105.402728,28.194658],[-105.402839,28.194758],[-105.402929,28.194835],[-105.403055,28.194941],[-105.403268,28.195045],[-105.403474,28.195106],[-105.403749,28.195132]]]}},{"type":"Feature","properties":{"modulo":3,"idparcela":"2304","productor":"CARRASCO RUIZ FIDEL","cultivo":"Chile verde","superficie_fisica_ha":25.6,"superficie_riego_ha":21.1,"hectareas":24.238},"geometry":{"type":"Polygon","coordinates":[[[-105.408117,28.195129],[-105.408596,28.195153],[-105.408682,28.195608],[-105.409994,28.197753],[-105.409852,28.198295],[-105.40976,28.198657],[-105.409786,28.19895],[-105.40983,28.199203],[-105.409564,28.199592],[-105.407898,28.199693],[-105.407414,28.199891],[-105.407077,28.200053],[-105.40663,28.200217],[-105.406469,28.200227],[-105.405387,28.198816],[-105.404749,28.198105],[-105.404416,28.197213],[-105.403749,28.195132],[-105.40395,28.195139],[-105.404617,28.195143],[-105.408117,28.195129]]]}},{"type":"Feature","properties":{"modulo":3,"idparcela":"9655","productor":"GARCIA RAMOS FCO. DE ASIS","cultivo":"Sin Cultivo","superficie_fisica_ha":50,"superficie_riego_ha":50,"hectareas":51.637},"geometry":{"type":"Polygon","coordinates":[[[-105.386346,28.19927],[-105.38701,28.200086],[-105.387855,28.201158],[-105.388642,28.202078],[-105.389657,28.203378],[-105.389678,28.203625],[-105.389617,28.203698],[-105.389633,28.203784],[-105.390119,28.204408],[-105.390209,28.204391],[-105.390322,28.204369],[-105.390439,28.204375],[-105.391439,28.205685],[-105.391981,28.206416],[-105.39233,28.206824],[-105.392396,28.206938],[-105.392093,28.20717],[-105.391809,28.207357],[-105.386835,28.209721],[-105.386651,28.209694],[-105.385221,28.208011],[-105.38294,28.205432],[-105.382845,28.205323],[-105.382776,28.205248],[-105.382802,28.20517],[-105.382888,28.205124],[-105.383443,28.205027],[-105.384058,28.204906],[-105.384367,28.204738],[-105.384588,28.204517],[-105.384704,28.204291],[-105.384775,28.204012],[-105.385023,28.202732],[-105.385642,28.199816],[-105.385723,28.199573],[-105.385891,28.199357],[-105.386207,28.199151],[-105.386346,28.19927]]]}},{"type":"Feature","properties":{"modulo":3,"idparcela":"9716","productor":"PAYAN DE LA CRUZ JOSE LUIS","cultivo":"Sin Cultivo","superficie_fisica_ha":50,"superficie_riego_ha":50,"hectareas":55.787},"geometry":{"type":"Polygon","coordinates":[[[-105.401715,28.202819],[-105.398591,28.204209],[-105.398341,28.204318],[-105.397109,28.202154],[-105.396343,28.20073],[-105.396294,28.200576],[-105.396248,28.200437],[-105.396001,28.200299],[-105.395866,28.200121],[-105.395685,28.199665],[-105.395528,28.199348],[-105.395459,28.199071],[-105.395302,28.198833],[-105.394534,28.197289],[-105.394579,28.19713],[-105.397378,28.196788],[-105.397813,28.196713],[-105.398282,28.196514],[-105.39891,28.196056],[-105.401051,28.194118],[-105.401204,28.193918],[-105.401304,28.19385],[-105.401434,28.193839],[-105.401781,28.193988],[-105.402218,28.194316],[-105.402381,28.194502],[-105.402421,28.194625],[-105.40224,28.194801],[-105.402171,28.195],[-105.402158,28.195898],[-105.402162,28.197782],[-105.402172,28.198161],[-105.40348,28.201396],[-105.403591,28.201621],[-105.403637,28.201817],[-105.403573,28.202015],[-105.403383,28.202154],[-105.401715,28.202819]]]}},{"type":"Feature","properties":{"modulo":3,"idparcela":"9716","productor":"PAYAN DE LA CRUZ JOSE LUIS","cultivo":"Sin Cultivo","superficie_fisica_ha":50,"superficie_riego_ha":50,"hectareas":6.685},"geometry":{"type":"Polygon","coordinates":[[[-105.392138,28.197414],[-105.394176,28.197171],[-105.394401,28.197337],[-105.394788,28.198131],[-105.395359,28.199312],[-105.395289,28.199468],[-105.393429,28.200155],[-105.392687,28.198871],[-105.392275,28.198207],[-105.39196,28.197613],[-105.392138,28.197414]]]}},{"type":"Feature","properties":{"modulo":3,"idparcela":"9604","productor":"JUAREZ RAMOS AGUSTIN","cultivo":"Sin Cultivo","superficie_fisica_ha":47.573,"superficie_riego_ha":40,"hectareas":45.207},"geometry":{"type":"Polygon","coordinates":[[[-105.393217,28.18226],[-105.395219,28.182273],[-105.399442,28.182305],[-105.402965,28.182277],[-105.404913,28.182288],[-105.404951,28.185258],[-105.404937,28.186631],[-105.399035,28.186601],[-105.398869,28.186576],[-105.398689,28.186576],[-105.398469,28.186604],[-105.398277,28.186614],[-105.397844,28.186668],[-105.397498,28.186265],[-105.397076,28.185991],[-105.396539,28.185635],[-105.396003,28.185278],[-105.395399,28.18481],[-105.395387,28.184519],[-105.395319,28.184429],[-105.395087,28.184276],[-105.394815,28.184106],[-105.394573,28.18389],[-105.394427,28.183718],[-105.394359,28.183638],[-105.394044,28.183269],[-105.393626,28.182765],[-105.393482,28.182631],[-105.393363,28.18246],[-105.393229,28.182323],[-105.393217,28.18226]]]}},{"type":"Feature","properties":{"modulo":3,"idparcela":"9620","productor":"OLIVAS N CARMEN","cultivo":"Sin Cultivo","superficie_fisica_ha":30,"superficie_riego_ha":30,"hectareas":19.413},"geometry":{"type":"Polygon","coordinates":[[[-105.394126,28.173217],[-105.394134,28.173926],[-105.39415,28.174541],[-105.394133,28.174632],[-105.394082,28.174695],[-105.394017,28.174731],[-105.393939,28.174741],[-105.392261,28.17474],[-105.390967,28.174737],[-105.389772,28.174735],[-105.38755,28.174731],[-105.385859,28.174727],[-105.385794,28.17415],[-105.385745,28.173428],[-105.385712,28.173161],[-105.386935,28.173104],[-105.38699,28.173013],[-105.387097,28.172835],[-105.387302,28.172495],[-105.394106,28.172475],[-105.394123,28.173087],[-105.394126,28.173217]]]}},{"type":"Feature","properties":{"modulo":3,"idparcela":"9623","productor":"ROMERO OLIVAS RODRIGO","cultivo":"Sin Cultivo","superficie_fisica_ha":11.45,"superficie_riego_ha":11.45,"hectareas":19.107},"geometry":{"type":"Polygon","coordinates":[[[-105.384291,28.170653],[-105.394108,28.170589],[-105.394108,28.170604],[-105.394115,28.171247],[-105.394106,28.172475],[-105.387302,28.172495],[-105.387097,28.172835],[-105.38699,28.173013],[-105.386935,28.173104],[-105.385712,28.173161],[-105.3857,28.173058],[-105.385757,28.17295],[-105.385763,28.172851],[-105.38567,28.172688],[-105.385658,28.172517],[-105.385667,28.172327],[-105.385555,28.172093],[-105.385415,28.171814],[-105.385166,28.171544],[-105.38488,28.171156],[-105.384632,28.170868],[-105.384291,28.170653]]]}},{"type":"Feature","properties":{"modulo":3,"idparcela":"9559","productor":"GOMEZ PERALES LORENZO","cultivo":"Sin Cultivo","superficie_fisica_ha":1.4,"superficie_riego_ha":1.4,"hectareas":14.633},"geometry":{"type":"Polygon","coordinates":[[[-105.392399,28.178062],[-105.395506,28.17803],[-105.395569,28.182188],[-105.393134,28.182184],[-105.393018,28.182175],[-105.392478,28.181617],[-105.392502,28.181238],[-105.392511,28.18104],[-105.392493,28.180886],[-105.392377,28.180751],[-105.39216,28.180698],[-105.391933,28.180707],[-105.391678,28.180681],[-105.391052,28.179997],[-105.391106,28.179943],[-105.391536,28.179951],[-105.391968,28.179931],[-105.392331,28.179921],[-105.39241,28.179867],[-105.392413,28.179784],[-105.392415,28.179731],[-105.392414,28.179658],[-105.392411,28.1791],[-105.392404,28.178503],[-105.392399,28.178062]]]}},{"type":"Feature","properties":{"modulo":3,"idparcela":"************","productor":null,"cultivo":"Sin Cultivo","superficie_fisica_ha":null,"superficie_riego_ha":null,"hectareas":79.468},"geometry":{"type":"Polygon","coordinates":[[[-105.394271,28.173077],[-105.394271,28.17233],[-105.394268,28.17002],[-105.394303,28.169134],[-105.394317,28.167466],[-105.394312,28.164153],[-105.397098,28.164119],[-105.40247,28.164141],[-105.402504,28.173069],[-105.398828,28.173096],[-105.394271,28.173077]]]}},{"type":"Feature","properties":{"modulo":3,"idparcela":"9629","productor":"ZUCULOTTO N NORMA","cultivo":"Sin Cultivo","superficie_fisica_ha":30,"superficie_riego_ha":30,"hectareas":31.717},"geometry":{"type":"Polygon","coordinates":[[[-105.386792,28.168086],[-105.39048,28.167964],[-105.394164,28.167842],[-105.394108,28.170589],[-105.384291,28.170653],[-105.384018,28.170516],[-105.383498,28.170239],[-105.383261,28.170073],[-105.383088,28.169823],[-105.382754,28.168905],[-105.382879,28.168556],[-105.383286,28.168249],[-105.383851,28.167885],[-105.384291,28.167772],[-105.385297,28.167895],[-105.386792,28.168086]]]}},{"type":"Feature","properties":{"modulo":3,"idparcela":"1305","productor":"GONZALEZ DE LAS CASAS HORACIO","cultivo":"Sin Cultivo","superficie_fisica_ha":13.05,"superficie_riego_ha":13.05,"hectareas":25.425},"geometry":{"type":"Polygon","coordinates":[[[-105.394164,28.167842],[-105.39048,28.167964],[-105.386792,28.168086],[-105.387126,28.167945],[-105.387497,28.167838],[-105.387856,28.167637],[-105.388095,28.167482],[-105.388279,28.167225],[-105.388418,28.166913],[-105.388454,28.166678],[-105.388351,28.166301],[-105.388101,28.165721],[-105.387808,28.165043],[-105.387641,28.164709],[-105.387512,28.164628],[-105.387352,28.164565],[-105.387193,28.16455],[-105.387078,28.164215],[-105.388065,28.164208],[-105.388969,28.164201],[-105.390888,28.164187],[-105.391253,28.164184],[-105.392381,28.16416],[-105.394191,28.16416],[-105.394164,28.167842]]]}},{"type":"Feature","properties":{"modulo":3,"idparcela":"9709","productor":"DIAZ CAZARES ROBERTO","cultivo":"Ma­z","superficie_fisica_ha":31.75,"superficie_riego_ha":25,"hectareas":29.989},"geometry":{"type":"Polygon","coordinates":[[[-105.398711,28.186757],[-105.400818,28.186738],[-105.404935,28.186736],[-105.404977,28.186736],[-105.405073,28.189086],[-105.405083,28.189249],[-105.405168,28.191274],[-105.40328,28.191258],[-105.400947,28.191238],[-105.399893,28.191229],[-105.39953,28.190753],[-105.398767,28.189781],[-105.398711,28.186757]]]}},{"type":"Feature","properties":{"modulo":3,"idparcela":"1253","productor":"GRANJA DEL NORTE S.P.R.DE R.L.","cultivo":"Sin Cultivo","superficie_fisica_ha":10.022,"superficie_riego_ha":10.022,"hectareas":9.037},"geometry":{"type":"Polygon","coordinates":[[[-105.383275,28.148437],[-105.38365,28.148606],[-105.384207,28.148856],[-105.384686,28.148846],[-105.38535,28.14874],[-105.385849,28.148651],[-105.386237,28.148583],[-105.386581,28.148556],[-105.387272,28.148532],[-105.38795,28.148488],[-105.38802,28.150275],[-105.38804,28.151058],[-105.386193,28.150521],[-105.385933,28.150504],[-105.385655,28.150543],[-105.385216,28.150606],[-105.384538,28.150702],[-105.383243,28.148554],[-105.383275,28.148437]]]}},{"type":"Feature","properties":{"modulo":3,"idparcela":"1927","productor":"CARRASCO RUIZ RENE","cultivo":"Sin Cultivo","superficie_fisica_ha":22.8,"superficie_riego_ha":15.8,"hectareas":22.356},"geometry":{"type":"Polygon","coordinates":[[[-105.410379,28.1917],[-105.410415,28.191888],[-105.410465,28.192157],[-105.410415,28.192329],[-105.410255,28.192545],[-105.410016,28.192867],[-105.409709,28.193282],[-105.409198,28.193971],[-105.408808,28.194496],[-105.408576,28.194809],[-105.408576,28.194954],[-105.407652,28.194953],[-105.405072,28.194951],[-105.403969,28.194965],[-105.403575,28.194945],[-105.40334,28.194884],[-105.403103,28.194748],[-105.40285,28.194551],[-105.40302,28.19444],[-105.403302,28.194255],[-105.403596,28.19392],[-105.403877,28.193547],[-105.404357,28.192911],[-105.404724,28.19238],[-105.405227,28.191738],[-105.405835,28.191418],[-105.406425,28.191184],[-105.406962,28.191087],[-105.407598,28.191108],[-105.408312,28.191127],[-105.408872,28.191184],[-105.409779,28.19125],[-105.410332,28.191192],[-105.410379,28.1917]]]}},{"type":"Feature","properties":{"modulo":3,"idparcela":"9516","productor":"TARANGO GRADO EFRAIN","cultivo":"Alfalfa","superficie_fisica_ha":14.62,"superficie_riego_ha":2.5,"hectareas":10.291},"geometry":{"type":"Polygon","coordinates":[[[-105.386235,28.209423],[-105.38486,28.210061],[-105.382316,28.207519],[-105.381587,28.206622],[-105.380955,28.205962],[-105.381027,28.205739],[-105.381341,28.205522],[-105.381604,28.205339],[-105.382039,28.205283],[-105.382634,28.205207],[-105.386235,28.209423]]]}},{"type":"Feature","properties":{"modulo":3,"idparcela":"9659","productor":"RODRIGUEZ JAQUEZ JUAN","cultivo":"Sin Cultivo","superficie_fisica_ha":27.65,"superficie_riego_ha":27.65,"hectareas":30.377},"geometry":{"type":"Polygon","coordinates":[[[-105.38926,28.21847],[-105.389223,28.227032],[-105.388926,28.226865],[-105.385502,28.221654],[-105.384142,28.2208],[-105.382992,28.219264],[-105.382873,28.218486],[-105.38926,28.21847]]]}},{"type":"Feature","properties":{"modulo":3,"idparcela":"1603","productor":"AGRICOLA GANADERA LUJAN, SPR DE RL DE CV","cultivo":"Alfalfa","superficie_fisica_ha":55.5,"superficie_riego_ha":55.5,"hectareas":57.162},"geometry":{"type":"Polygon","coordinates":[[[-105.389223,28.227032],[-105.38926,28.21847],[-105.392301,28.218462],[-105.392367,28.220946],[-105.393039,28.222852],[-105.393823,28.22291],[-105.393956,28.224236],[-105.393635,28.224416],[-105.394088,28.225505],[-105.394321,28.225391],[-105.394568,28.22598],[-105.394266,28.226079],[-105.396567,28.231579],[-105.393887,28.232647],[-105.392121,28.228811],[-105.391817,28.228503],[-105.389998,28.227498],[-105.389223,28.227032]]]}},{"type":"Feature","properties":{"modulo":3,"idparcela":"1801","productor":"AGUIRRE CASIANO OSCAR","cultivo":"Alfalfa","superficie_fisica_ha":13.23,"superficie_riego_ha":13.23,"hectareas":3.133},"geometry":{"type":"Polygon","coordinates":[[[-105.391369,28.277405],[-105.391613,28.277545],[-105.391779,28.277703],[-105.391865,28.277863],[-105.391872,28.278132],[-105.391749,28.278249],[-105.391738,28.278441],[-105.391823,28.278583],[-105.392004,28.278738],[-105.391721,28.278738],[-105.391595,28.278738],[-105.389515,28.278645],[-105.389481,28.278643],[-105.389409,28.278424],[-105.389379,28.277928],[-105.389359,28.27755],[-105.389433,28.277507],[-105.389981,28.277504],[-105.391352,28.277468],[-105.391369,28.277405]]]}},{"type":"Feature","properties":{"modulo":3,"idparcela":"************","productor":null,"cultivo":"Sin Cultivo","superficie_fisica_ha":null,"superficie_riego_ha":null,"hectareas":5.747},"geometry":{"type":"Polygon","coordinates":[[[-105.391912,28.274657],[-105.393634,28.274662],[-105.39368,28.27467],[-105.393659,28.274744],[-105.39348,28.274907],[-105.393399,28.275027],[-105.393404,28.275182],[-105.393419,28.275245],[-105.393427,28.275303],[-105.393456,28.275373],[-105.393606,28.275378],[-105.393969,28.275371],[-105.393983,28.27556],[-105.393997,28.275716],[-105.394011,28.275905],[-105.393983,28.276235],[-105.393859,28.276476],[-105.393742,28.276635],[-105.39371,28.276809],[-105.393627,28.277197],[-105.391866,28.277199],[-105.391839,28.277128],[-105.391756,28.276893],[-105.391641,28.276542],[-105.391586,28.276294],[-105.391472,28.27598],[-105.391432,28.275794],[-105.391456,28.275657],[-105.391503,28.275557],[-105.391577,28.275462],[-105.391715,28.27536],[-105.391727,28.275285],[-105.39178,28.275147],[-105.39188,28.274959],[-105.39193,28.274721],[-105.391912,28.274657]]]}},{"type":"Feature","properties":{"modulo":3,"idparcela":"************","productor":null,"cultivo":"Sin Cultivo","superficie_fisica_ha":null,"superficie_riego_ha":null,"hectareas":6.396},"geometry":{"type":"Polygon","coordinates":[[[-105.39254,28.260617],[-105.394132,28.260612],[-105.394662,28.260601],[-105.396512,28.260577],[-105.396978,28.261978],[-105.396152,28.261984],[-105.396152,28.261984],[-105.39375,28.262011],[-105.392507,28.262011],[-105.39254,28.260617]]]}},{"type":"Feature","properties":{"modulo":3,"idparcela":"************","productor":null,"cultivo":"Sin Cultivo","superficie_fisica_ha":null,"superficie_riego_ha":null,"hectareas":1.884},"geometry":{"type":"Polygon","coordinates":[[[-105.397306,28.261947],[-105.396925,28.260632],[-105.398098,28.260614],[-105.398303,28.260949],[-105.398523,28.26146],[-105.398724,28.261926],[-105.397306,28.261947]]]}},{"type":"Feature","properties":{"modulo":3,"idparcela":"1580","productor":"JAQUEZ LARA MANUEL","cultivo":"Chile verde","superficie_fisica_ha":9.45,"superficie_riego_ha":9.45,"hectareas":8.28},"geometry":{"type":"Polygon","coordinates":[[[-105.397306,28.261947],[-105.396925,28.260632],[-105.398098,28.260614],[-105.398303,28.260949],[-105.398523,28.26146],[-105.398724,28.261926],[-105.397306,28.261947]],[[-105.392507,28.262011],[-105.39254,28.260617],[-105.394132,28.260612],[-105.394662,28.260601],[-105.396512,28.260577],[-105.396978,28.261978],[-105.396152,28.261984],[-105.39375,28.262011],[-105.392507,28.262011]]]}},{"type":"Feature","properties":{"modulo":3,"idparcela":"1582","productor":"SOLIS ONTIVEROS RICARDO","cultivo":"Chile verde","superficie_fisica_ha":6,"superficie_riego_ha":6,"hectareas":1.941},"geometry":{"type":"Polygon","coordinates":[[[-105.397376,28.262076],[-105.398654,28.262036],[-105.398803,28.262559],[-105.3989,28.262898],[-105.398942,28.263228],[-105.398912,28.26338],[-105.397701,28.263399],[-105.397289,28.2621],[-105.397376,28.262076]]]}},{"type":"Feature","properties":{"modulo":3,"idparcela":"1552","productor":"DELGADO VILLA LUIS","cultivo":"Alfalfa","superficie_fisica_ha":3.25,"superficie_riego_ha":3.25,"hectareas":3.345},"geometry":{"type":"Polygon","coordinates":[[[-105.375135,28.236426],[-105.377175,28.236419],[-105.377145,28.237694],[-105.375194,28.238164],[-105.375104,28.238176],[-105.375135,28.236426]]]}},{"type":"Feature","properties":{"modulo":3,"idparcela":"1555","productor":"VEGA MARQUEZ MA. DE JESUS","cultivo":"Alfalfa","superficie_fisica_ha":3.25,"superficie_riego_ha":3.25,"hectareas":3.381},"geometry":{"type":"Polygon","coordinates":[[[-105.373656,28.236431],[-105.373625,28.238464],[-105.373473,28.238501],[-105.37287,28.23898],[-105.372231,28.238226],[-105.372233,28.236767],[-105.372206,28.236456],[-105.372488,28.236434],[-105.373656,28.236431]]]}},{"type":"Feature","properties":{"modulo":3,"idparcela":"1554","productor":"DELGADO JAQUEZ NOEL","cultivo":"Alfalfa","superficie_fisica_ha":3.25,"superficie_riego_ha":3.25,"hectareas":3.258},"geometry":{"type":"Polygon","coordinates":[[[-105.37433,28.238291],[-105.375279,28.239855],[-105.374559,28.240129],[-105.373575,28.240505],[-105.373533,28.240388],[-105.373367,28.23969],[-105.373129,28.239327],[-105.37287,28.23898],[-105.373473,28.238501],[-105.373625,28.238464],[-105.37433,28.238291]]]}},{"type":"Feature","properties":{"modulo":3,"idparcela":"1558","productor":"DELGADO VILLA LUIS","cultivo":"Alfalfa","superficie_fisica_ha":3.25,"superficie_riego_ha":3.25,"hectareas":3.271},"geometry":{"type":"Polygon","coordinates":[[[-105.376356,28.237884],[-105.376955,28.239174],[-105.375279,28.239855],[-105.37433,28.238291],[-105.374449,28.238262],[-105.375104,28.238176],[-105.375194,28.238164],[-105.376242,28.237912],[-105.376356,28.237884]]]}},{"type":"Feature","properties":{"modulo":3,"idparcela":"1553","productor":"DELGADO VILLA LUIS","cultivo":"Alfalfa","superficie_fisica_ha":3.25,"superficie_riego_ha":3.25,"hectareas":2.835},"geometry":{"type":"Polygon","coordinates":[[[-105.377505,28.237607],[-105.379595,28.238161],[-105.378748,28.23849],[-105.377017,28.239149],[-105.376955,28.239174],[-105.376356,28.237884],[-105.377145,28.237694],[-105.377252,28.237668],[-105.377505,28.237607]]]}},{"type":"Feature","properties":{"modulo":3,"idparcela":"1551","productor":"DELGADO VILLA PORFIRIO","cultivo":"Alfalfa","superficie_fisica_ha":3.25,"superficie_riego_ha":3.1312,"hectareas":3.137},"geometry":{"type":"Polygon","coordinates":[[[-105.377175,28.236419],[-105.380668,28.236408],[-105.380552,28.236798],[-105.378654,28.23733],[-105.377145,28.237694],[-105.377175,28.236419]]]}},{"type":"Feature","properties":{"modulo":3,"idparcela":"1556","productor":"DELGADO VILLA LUIS","cultivo":"Alfalfa","superficie_fisica_ha":3.25,"superficie_riego_ha":3.25,"hectareas":2.992},"geometry":{"type":"Polygon","coordinates":[[[-105.375135,28.236426],[-105.375104,28.238176],[-105.374449,28.238262],[-105.37433,28.238291],[-105.373625,28.238464],[-105.373656,28.236431],[-105.375135,28.236426]]]}},{"type":"Feature","properties":{"modulo":3,"idparcela":"1560","productor":"REYES BUSTAMANTE JUAN","cultivo":"Alfalfa","superficie_fisica_ha":2.3,"superficie_riego_ha":2.3,"hectareas":2.674},"geometry":{"type":"Polygon","coordinates":[[[-105.380822,28.24084],[-105.380861,28.239164],[-105.382113,28.238704],[-105.382122,28.239044],[-105.382133,28.239947],[-105.382143,28.240826],[-105.381996,28.240864],[-105.380895,28.24084],[-105.380822,28.24084]]]}},{"type":"Feature","properties":{"modulo":3,"idparcela":"1561","productor":"REYES BUSTAMANTE JUAN","cultivo":"Alfalfa","superficie_fisica_ha":2.3,"superficie_riego_ha":2.3,"hectareas":2.228},"geometry":{"type":"Polygon","coordinates":[[[-105.379838,28.238197],[-105.379952,28.238151],[-105.381998,28.237408],[-105.381974,28.237527],[-105.38177,28.237923],[-105.381723,28.238174],[-105.38181,28.238397],[-105.381905,28.238455],[-105.381999,28.238453],[-105.382107,28.238486],[-105.382113,28.238704],[-105.380879,28.239158],[-105.379838,28.238197]]]}},{"type":"Feature","properties":{"modulo":3,"idparcela":"1563","productor":"REYES BUSTAMANTE JUAN","cultivo":"Alfalfa","superficie_fisica_ha":1.3,"superficie_riego_ha":1.3,"hectareas":1.642},"geometry":{"type":"Polygon","coordinates":[[[-105.375639,28.239844],[-105.376261,28.240842],[-105.375678,28.240842],[-105.373907,28.240843],[-105.373784,28.240762],[-105.373727,28.240621],[-105.373778,28.240537],[-105.37512,28.240046],[-105.375639,28.239844]]]}},{"type":"Feature","properties":{"modulo":3,"idparcela":"1575","productor":"VITOLAS ORNELAS SERGIO","cultivo":"Sin Cultivo","superficie_fisica_ha":3,"superficie_riego_ha":3,"hectareas":3.069},"geometry":{"type":"Polygon","coordinates":[[[-105.380852,28.258647],[-105.382154,28.258631],[-105.382155,28.258641],[-105.382185,28.258945],[-105.382215,28.260072],[-105.382203,28.260906],[-105.3822,28.261404],[-105.380866,28.260106],[-105.380852,28.258647]]]}},{"type":"Feature","properties":{"modulo":3,"idparcela":"************","productor":null,"cultivo":"Sin Cultivo","superficie_fisica_ha":null,"superficie_riego_ha":null,"hectareas":0.383},"geometry":{"type":"Polygon","coordinates":[[[-105.38225,28.263445],[-105.382264,28.26398],[-105.382161,28.263994],[-105.381977,28.263998],[-105.381818,28.263984],[-105.381724,28.263914],[-105.381609,28.263777],[-105.381532,28.263608],[-105.381445,28.263462],[-105.38225,28.263445]]]}},{"type":"Feature","properties":{"modulo":3,"idparcela":"************","productor":null,"cultivo":"Sin Cultivo","superficie_fisica_ha":null,"superficie_riego_ha":null,"hectareas":2.45},"geometry":{"type":"Polygon","coordinates":[[[-105.380665,28.261649],[-105.382199,28.261607],[-105.382225,28.262155],[-105.381937,28.262527],[-105.381905,28.262619],[-105.381942,28.26275],[-105.382035,28.262789],[-105.382162,28.262796],[-105.38222,28.262826],[-105.382248,28.263028],[-105.382246,28.263415],[-105.381441,28.263429],[-105.38127,28.262906],[-105.381,28.262262],[-105.380746,28.26179],[-105.380665,28.261649]],[[-105.381445,28.263462],[-105.38225,28.263445],[-105.382264,28.26398],[-105.382161,28.263994],[-105.381977,28.263998],[-105.381818,28.263984],[-105.381724,28.263914],[-105.381609,28.263777],[-105.381532,28.263608],[-105.381445,28.263462]]]}},{"type":"Feature","properties":{"modulo":3,"idparcela":"1578","productor":"VITOLAS ORNELAS OSCAR MARCELO","cultivo":"Sin Cultivo","superficie_fisica_ha":2.35,"superficie_riego_ha":2.35,"hectareas":2.067},"geometry":{"type":"Polygon","coordinates":[[[-105.380665,28.261649],[-105.382199,28.261607],[-105.382225,28.262155],[-105.381937,28.262527],[-105.381905,28.262619],[-105.381942,28.26275],[-105.382035,28.262789],[-105.382162,28.262796],[-105.38222,28.262826],[-105.382248,28.263028],[-105.382246,28.263415],[-105.381441,28.263429],[-105.38127,28.262906],[-105.381,28.262262],[-105.380746,28.26179],[-105.380665,28.261649]]]}},{"type":"Feature","properties":{"modulo":3,"idparcela":"1577","productor":"VITOLAS ORNELAS SANDRA V.","cultivo":"Sin Cultivo","superficie_fisica_ha":2,"superficie_riego_ha":2,"hectareas":1.909},"geometry":{"type":"Polygon","coordinates":[[[-105.380866,28.26006],[-105.380464,28.260266],[-105.380032,28.260509],[-105.379966,28.260424],[-105.379883,28.26005],[-105.379775,28.259611],[-105.379761,28.259398],[-105.379723,28.259157],[-105.379695,28.25903],[-105.379691,28.258859],[-105.379727,28.258773],[-105.379799,28.25866],[-105.380852,28.258647],[-105.380866,28.26006]]]}},{"type":"Feature","properties":{"modulo":3,"idparcela":"************","productor":null,"cultivo":"Sin Cultivo","superficie_fisica_ha":null,"superficie_riego_ha":null,"hectareas":0.188},"geometry":{"type":"Polygon","coordinates":[[[-105.398968,28.26198],[-105.399354,28.261973],[-105.399265,28.262483],[-105.398964,28.262481],[-105.398968,28.26198]]]}},{"type":"Feature","properties":{"modulo":3,"idparcela":"1581","productor":"SOLIS ONTIVEROS RICARDO","cultivo":"Sin Cultivo","superficie_fisica_ha":7.2,"superficie_riego_ha":6.2,"hectareas":1.176},"geometry":{"type":"Polygon","coordinates":[[[-105.397413,28.263392],[-105.396694,28.263383],[-105.396152,28.261984],[-105.396978,28.261978],[-105.397413,28.263392]]]}},{"type":"Feature","properties":{"modulo":3,"idparcela":"1588","productor":"TALAMANTES MORALES SALVADOR","cultivo":"Alfalfa","superficie_fisica_ha":6.1,"superficie_riego_ha":5.275,"hectareas":5.551},"geometry":{"type":"Polygon","coordinates":[[[-105.396307,28.24384],[-105.395687,28.24425],[-105.3954,28.244393],[-105.395046,28.244619],[-105.394923,28.244649],[-105.394922,28.244649],[-105.393722,28.242159],[-105.394362,28.241209],[-105.394502,28.241098],[-105.394597,28.241318],[-105.394721,28.241351],[-105.394934,28.24127],[-105.394975,28.2412],[-105.394908,28.241001],[-105.394566,28.240978],[-105.394582,28.240845],[-105.394756,28.24067],[-105.39485,28.240637],[-105.394924,28.240618],[-105.395088,28.241002],[-105.39541,28.241863],[-105.395767,28.242696],[-105.396114,28.243483],[-105.396307,28.24384]]]}},{"type":"Feature","properties":{"modulo":3,"idparcela":"1595","productor":"CUETO RODRIGUEZ JOSE ROBERTO","cultivo":"Chile verde","superficie_fisica_ha":7.272,"superficie_riego_ha":7.272,"hectareas":3.879},"geometry":{"type":"Polygon","coordinates":[[[-105.39711,28.248251],[-105.395606,28.250367],[-105.394795,28.249449],[-105.39474,28.249089],[-105.395219,28.248237],[-105.395422,28.247877],[-105.39568,28.24742],[-105.39711,28.248251]]]}},{"type":"Feature","properties":{"modulo":3,"idparcela":"1596","productor":"CUETO MORENO MA. DEL SOCORRO","cultivo":"Alfalfa","superficie_fisica_ha":2.078,"superficie_riego_ha":2.078,"hectareas":2.143},"geometry":{"type":"Polygon","coordinates":[[[-105.396352,28.251233],[-105.395606,28.250367],[-105.39711,28.248251],[-105.397421,28.248448],[-105.396352,28.251233]]]}},{"type":"Feature","properties":{"modulo":3,"idparcela":"1886","productor":"VEGA GOMEZ ISMAEL","cultivo":"Alfalfa","superficie_fisica_ha":7.5,"superficie_riego_ha":7.5,"hectareas":6.748},"geometry":{"type":"Polygon","coordinates":[[[-105.344381,28.223012],[-105.343188,28.223444],[-105.342871,28.223738],[-105.342942,28.2249],[-105.342177,28.224616],[-105.340624,28.222155],[-105.34069,28.222082],[-105.341109,28.222073],[-105.341772,28.222071],[-105.342176,28.222015],[-105.342634,28.221934],[-105.343866,28.221429],[-105.344148,28.222382],[-105.344381,28.223012]]]}},{"type":"Feature","properties":{"modulo":3,"idparcela":"1325","productor":"BAEZA GOMEZ GABRIEL","cultivo":"Sin Cultivo","superficie_fisica_ha":2.07,"superficie_riego_ha":2.07,"hectareas":1.942},"geometry":{"type":"Polygon","coordinates":[[[-105.343277,28.164524],[-105.342937,28.164815],[-105.342425,28.165002],[-105.341673,28.165158],[-105.341255,28.165141],[-105.341334,28.164411],[-105.341416,28.163711],[-105.341777,28.163795],[-105.34236,28.163982],[-105.342739,28.164278],[-105.343028,28.164471],[-105.343277,28.164524]]]}},{"type":"Feature","properties":{"modulo":3,"idparcela":"************","productor":null,"cultivo":"Sin Cultivo","superficie_fisica_ha":null,"superficie_riego_ha":null,"hectareas":5.438},"geometry":{"type":"Polygon","coordinates":[[[-105.387495,28.179073],[-105.386963,28.178918],[-105.386574,28.178752],[-105.386447,28.178683],[-105.386037,28.178473],[-105.385983,28.178435],[-105.385798,28.178366],[-105.38562,28.178169],[-105.385462,28.177943],[-105.385318,28.177898],[-105.38522,28.17778],[-105.385331,28.177656],[-105.385301,28.177394],[-105.385293,28.177298],[-105.385268,28.177012],[-105.385334,28.176929],[-105.385353,28.176788],[-105.385298,28.176626],[-105.385248,28.176479],[-105.385158,28.176059],[-105.385144,28.175547],[-105.385036,28.175119],[-105.385056,28.17417],[-105.385053,28.173877],[-105.385473,28.173869],[-105.385588,28.174677],[-105.385739,28.17613],[-105.386145,28.176668],[-105.387457,28.178189],[-105.387929,28.178433],[-105.387967,28.178493],[-105.387779,28.178801],[-105.387593,28.17908],[-105.387495,28.179073]]]}},{"type":"Feature","properties":{"modulo":3,"idparcela":"1276","productor":"VILLALOBOS PAYAN ESTEBAN","cultivo":"Alfalfa","superficie_fisica_ha":9.1,"superficie_riego_ha":9.1,"hectareas":8.945},"geometry":{"type":"Polygon","coordinates":[[[-105.349974,28.169258],[-105.349117,28.169431],[-105.347728,28.169619],[-105.346474,28.169724],[-105.346476,28.169488],[-105.346304,28.169172],[-105.34607,28.168865],[-105.345959,28.168445],[-105.345754,28.168294],[-105.345651,28.168184],[-105.345731,28.167929],[-105.346026,28.167198],[-105.346001,28.167126],[-105.346464,28.16714],[-105.347633,28.167292],[-105.348316,28.167395],[-105.349069,28.167532],[-105.349098,28.167535],[-105.34945,28.167792],[-105.349758,28.168318],[-105.349893,28.168653],[-105.349967,28.169072],[-105.349974,28.169258]]]}},{"type":"Feature","properties":{"modulo":3,"idparcela":"1331","productor":"JURADO CORRAL REFUGIO","cultivo":"Sin Cultivo","superficie_fisica_ha":10.35,"superficie_riego_ha":9.65,"hectareas":0.767},"geometry":{"type":"Polygon","coordinates":[[[-105.337537,28.185329],[-105.337242,28.184769],[-105.337312,28.184665],[-105.337386,28.184501],[-105.337734,28.184322],[-105.33791,28.184557],[-105.338041,28.184676],[-105.338569,28.185136],[-105.337537,28.185329]]]}},{"type":"Feature","properties":{"modulo":3,"idparcela":"1195","productor":"DELMAR DEL NORTE DE DELICIAS SPR DE RL","cultivo":"Alfalfa","superficie_fisica_ha":7.88,"superficie_riego_ha":7.88,"hectareas":5.612},"geometry":{"type":"Polygon","coordinates":[[[-105.352092,28.19772],[-105.351356,28.197756],[-105.349792,28.197854],[-105.349614,28.197854],[-105.349132,28.197855],[-105.348929,28.197127],[-105.348908,28.196733],[-105.348883,28.196254],[-105.348739,28.195158],[-105.350113,28.195657],[-105.350345,28.195777],[-105.350802,28.196264],[-105.351498,28.197095],[-105.352092,28.19772]]]}},{"type":"Feature","properties":{"modulo":3,"idparcela":"1189","productor":"SALINAS OCHOA SALVADOR","cultivo":"Alfalfa","superficie_fisica_ha":0.8973,"superficie_riego_ha":0.8973,"hectareas":0.917},"geometry":{"type":"Polygon","coordinates":[[[-105.341333,28.208513],[-105.341401,28.208535],[-105.342594,28.20951],[-105.342618,28.210126],[-105.342615,28.210236],[-105.342146,28.209859],[-105.34165,28.20934],[-105.341329,28.209064],[-105.341319,28.208961],[-105.341333,28.208513]]]}},{"type":"Feature","properties":{"modulo":3,"idparcela":"1521","productor":"CHACON ARCE MANUEL","cultivo":"Sin Cultivo","superficie_fisica_ha":1.3839,"superficie_riego_ha":0.9781,"hectareas":1.07},"geometry":{"type":"Polygon","coordinates":[[[-105.385093,28.236755],[-105.38226,28.237918],[-105.382254,28.23769],[-105.382375,28.237724],[-105.382859,28.237577],[-105.383057,28.237409],[-105.383105,28.237194],[-105.383237,28.237061],[-105.385102,28.236336],[-105.385093,28.236755]]]}},{"type":"Feature","properties":{"modulo":3,"idparcela":"1523","productor":"MONTES VARELA ARMANDO","cultivo":"Alfalfa","superficie_fisica_ha":1.3781,"superficie_riego_ha":1.3781,"hectareas":1.425},"geometry":{"type":"Polygon","coordinates":[[[-105.38226,28.237918],[-105.385093,28.236755],[-105.385065,28.237249],[-105.382283,28.238365],[-105.38226,28.237918]]]}},{"type":"Feature","properties":{"modulo":3,"idparcela":"1530","productor":"ALDERETE CHAVARRIA TOMAS","cultivo":"Alfalfa","superficie_fisica_ha":4.85,"superficie_riego_ha":4.85,"hectareas":4.836},"geometry":{"type":"Polygon","coordinates":[[[-105.385344,28.25579],[-105.385305,28.253764],[-105.387288,28.253744],[-105.387306,28.253821],[-105.387306,28.253993],[-105.387306,28.256218],[-105.387224,28.256224],[-105.386047,28.255943],[-105.385498,28.255813],[-105.385344,28.25579]]]}},{"type":"Feature","properties":{"modulo":3,"idparcela":"1597","productor":"CUETO RODRIGUEZ JOSE ROBERTO","cultivo":"Chile verde","superficie_fisica_ha":9.35,"superficie_riego_ha":7.95,"hectareas":5.85},"geometry":{"type":"Polygon","coordinates":[[[-105.399061,28.250112],[-105.396684,28.252968],[-105.39636,28.2527],[-105.396097,28.252485],[-105.396244,28.252142],[-105.396528,28.251324],[-105.397024,28.250069],[-105.397385,28.249068],[-105.397565,28.248707],[-105.397625,28.248624],[-105.398116,28.248981],[-105.398241,28.249069],[-105.398147,28.249377],[-105.398417,28.24957],[-105.399061,28.250112]]]}},{"type":"Feature","properties":{"modulo":3,"idparcela":"9540","productor":"RUIZ TARANGO CARMEN","cultivo":"Cacahuate","superficie_fisica_ha":1.5,"superficie_riego_ha":1.5,"hectareas":0.761},"geometry":{"type":"Polygon","coordinates":[[[-105.3657,28.218595],[-105.365717,28.218556],[-105.366393,28.218228],[-105.36756,28.217765],[-105.368344,28.217412],[-105.368451,28.217659],[-105.365783,28.21875],[-105.3657,28.218595]]]}},{"type":"Feature","properties":{"modulo":3,"idparcela":"9539","productor":"CARRASCO RUIZ FIDEL","cultivo":"Cacahuate","superficie_fisica_ha":1,"superficie_riego_ha":1,"hectareas":1.264},"geometry":{"type":"Polygon","coordinates":[[[-105.368256,28.217077],[-105.372905,28.215084],[-105.372953,28.215199],[-105.372955,28.215304],[-105.371488,28.215983],[-105.369367,28.216816],[-105.368345,28.217273],[-105.368256,28.217077]]]}},{"type":"Feature","properties":{"modulo":3,"idparcela":"9534","productor":"BERNAL GARCIA BERNABE","cultivo":"Sin Cultivo","superficie_fisica_ha":1,"superficie_riego_ha":1,"hectareas":0.654},"geometry":{"type":"Polygon","coordinates":[[[-105.375716,28.214302],[-105.375836,28.214542],[-105.373267,28.21571],[-105.373263,28.215556],[-105.373399,28.21547],[-105.374168,28.215077],[-105.375542,28.21438],[-105.375716,28.214302]]]}},{"type":"Feature","properties":{"modulo":3,"idparcela":"9520","productor":"LOPEZ BOLA¥OS JESUS","cultivo":"Sin Cultivo","superficie_fisica_ha":2.5,"superficie_riego_ha":2.5,"hectareas":0.606},"geometry":{"type":"Polygon","coordinates":[[[-105.375716,28.214302],[-105.376824,28.213809],[-105.378135,28.213454],[-105.378166,28.21352],[-105.375836,28.214542],[-105.375716,28.214302]]]}},{"type":"Feature","properties":{"modulo":3,"idparcela":"1345","productor":"GRANJA DEL NORTE SPR DE RL DE CV","cultivo":"Alfalfa","superficie_fisica_ha":30.65,"superficie_riego_ha":30.65,"hectareas":32.129},"geometry":{"type":"Polygon","coordinates":[[[-105.383985,28.19557],[-105.383686,28.193834],[-105.383587,28.193353],[-105.382879,28.193698],[-105.382033,28.19425],[-105.381434,28.194389],[-105.380856,28.194249],[-105.379817,28.194042],[-105.380078,28.193045],[-105.380578,28.191412],[-105.383361,28.191323],[-105.383848,28.191288],[-105.387608,28.191311],[-105.389647,28.191344],[-105.391111,28.191361],[-105.390826,28.191954],[-105.390214,28.192548],[-105.389448,28.193406],[-105.388977,28.193799],[-105.388232,28.194155],[-105.386872,28.194455],[-105.386219,28.194568],[-105.385517,28.194688],[-105.385309,28.19476],[-105.384727,28.195174],[-105.384362,28.195361],[-105.383985,28.19557]]]}},{"type":"Feature","properties":{"modulo":3,"idparcela":"1642","productor":"DELMAR DEL NORTE DE DELICIAS SPR DE RL","cultivo":"Alfalfa","superficie_fisica_ha":30.65,"superficie_riego_ha":30.65,"hectareas":30.886},"geometry":{"type":"Polygon","coordinates":[[[-105.376794,28.19796],[-105.376765,28.19797],[-105.376451,28.198028],[-105.374985,28.196863],[-105.373811,28.195896],[-105.372698,28.195055],[-105.372215,28.194693],[-105.37205,28.194433],[-105.371975,28.193748],[-105.371509,28.193079],[-105.371054,28.192587],[-105.370733,28.192375],[-105.370472,28.192279],[-105.370122,28.192083],[-105.369885,28.191808],[-105.36982,28.191391],[-105.36996,28.191374],[-105.37303,28.191335],[-105.375757,28.191355],[-105.377066,28.191348],[-105.377,28.191685],[-105.377083,28.194836],[-105.377111,28.196946],[-105.37714,28.197103],[-105.377106,28.197127],[-105.376939,28.197403],[-105.376794,28.19796]]]}},{"type":"Feature","properties":{"modulo":3,"idparcela":"1641","productor":"GRANJA DEL NORTE SPR DE RL DE CV","cultivo":"Alfalfa","superficie_fisica_ha":30.2,"superficie_riego_ha":30.2,"hectareas":28.583},"geometry":{"type":"Polygon","coordinates":[[[-105.37714,28.197103],[-105.377111,28.196946],[-105.377083,28.194836],[-105.377,28.191685],[-105.377066,28.191348],[-105.380578,28.191412],[-105.380078,28.193045],[-105.379817,28.194042],[-105.380856,28.194249],[-105.381434,28.194389],[-105.382033,28.19425],[-105.382879,28.193698],[-105.383587,28.193353],[-105.383686,28.193834],[-105.383985,28.19557],[-105.383771,28.195714],[-105.383491,28.195943],[-105.382981,28.196473],[-105.382859,28.196587],[-105.382388,28.196739],[-105.381929,28.196816],[-105.381049,28.196804],[-105.380195,28.196723],[-105.379853,28.196699],[-105.37972,28.196689],[-105.37903,28.196735],[-105.378737,28.196759],[-105.378064,28.196903],[-105.377528,28.196989],[-105.377292,28.197025],[-105.37714,28.197103]]]}},{"type":"Feature","properties":{"modulo":3,"idparcela":"1341","productor":"HERRERA GONZALEZ JESUS MANUEL","cultivo":"Ma­z","superficie_fisica_ha":25.5,"superficie_riego_ha":22.15,"hectareas":22.235},"geometry":{"type":"Polygon","coordinates":[[[-105.386596,28.186652],[-105.385229,28.186641],[-105.384296,28.18668],[-105.383578,28.186696],[-105.383493,28.186856],[-105.383464,28.187161],[-105.382941,28.186285],[-105.382639,28.186069],[-105.3822,28.185836],[-105.382219,28.184826],[-105.382193,28.18301],[-105.382188,28.182282],[-105.382494,28.182287],[-105.383854,28.182302],[-105.384479,28.182311],[-105.385141,28.182319],[-105.385595,28.182342],[-105.386187,28.182349],[-105.387003,28.182313],[-105.387005,28.182378],[-105.387012,28.182638],[-105.387022,28.184863],[-105.387027,28.186437],[-105.387032,28.186632],[-105.386596,28.186652]]]}},{"type":"Feature","properties":{"modulo":3,"idparcela":"1497","productor":"HERRERA GONZALEZ JESUS MANUEL","cultivo":"Ma­z","superficie_fisica_ha":25.5,"superficie_riego_ha":21.75,"hectareas":24.944},"geometry":{"type":"Polygon","coordinates":[[[-105.376976,28.185551],[-105.376974,28.185481],[-105.377099,28.184807],[-105.377173,28.184407],[-105.377143,28.184125],[-105.377281,28.184183],[-105.377434,28.184214],[-105.378266,28.184384],[-105.379222,28.184677],[-105.379437,28.184743],[-105.380494,28.185064],[-105.381188,28.185454],[-105.381422,28.185542],[-105.381947,28.18574],[-105.3822,28.185836],[-105.382639,28.186069],[-105.382941,28.186285],[-105.382836,28.18661],[-105.383464,28.187161],[-105.383312,28.187473],[-105.383122,28.187661],[-105.382626,28.187976],[-105.382044,28.188069],[-105.381965,28.188111],[-105.381922,28.188204],[-105.381892,28.18923],[-105.381837,28.189333],[-105.381713,28.189396],[-105.381255,28.189415],[-105.380407,28.189503],[-105.380153,28.189531],[-105.378987,28.189859],[-105.378646,28.189978],[-105.378102,28.190182],[-105.377975,28.19028],[-105.377769,28.190651],[-105.377555,28.190964],[-105.377362,28.191081],[-105.377226,28.191121],[-105.377448,28.190553],[-105.377721,28.189684],[-105.377996,28.188852],[-105.377935,28.188158],[-105.377935,28.186543],[-105.377897,28.185943],[-105.377512,28.185782],[-105.376976,28.185551]]]}},{"type":"Feature","properties":{"modulo":3,"idparcela":"1483","productor":"JAQUEZ CALDERON FELIX","cultivo":"Chile verde","superficie_fisica_ha":8.25,"superficie_riego_ha":8.25,"hectareas":7.095},"geometry":{"type":"Polygon","coordinates":[[[-105.377473,28.266356],[-105.377432,28.26589],[-105.377382,28.265531],[-105.377371,28.265403],[-105.377465,28.265379],[-105.378434,28.265402],[-105.380384,28.265373],[-105.382043,28.265394],[-105.382281,28.265432],[-105.382432,28.26562],[-105.382812,28.26626],[-105.383049,28.266627],[-105.382594,28.266612],[-105.381623,28.266639],[-105.381106,28.266643],[-105.379472,28.266647],[-105.377515,28.266657],[-105.377473,28.266356]]]}}]}