{"type":"FeatureCollection","features":[{"type":"Feature","properties":{"modulo":12,"idparcela":"8881","productor":"MELENDEZ ARMENDARIZ VICENTE","cultivo":null,"superficie_fisica_ha":2.125,"superficie_riego_ha":2.125,"hectareas":1.349},"geometry":{"type":"Polygon","coordinates":[[[-105.288743,28.042737],[-105.289968,28.042704],[-105.290907,28.042679],[-105.290936,28.04268],[-105.290936,28.042887],[-105.290943,28.043173],[-105.289743,28.043197],[-105.289743,28.043197],[-105.288348,28.043239],[-105.28839,28.043049],[-105.288394,28.042968],[-105.288389,28.042855],[-105.288412,28.042839],[-105.288472,28.042795],[-105.288552,28.042737],[-105.28858,28.042737],[-105.288743,28.042737]]]}},{"type":"Feature","properties":{"modulo":12,"idparcela":"************","productor":null,"cultivo":null,"superficie_fisica_ha":null,"superficie_riego_ha":null,"hectareas":4.47},"geometry":{"type":"Polygon","coordinates":[[[-105.290465,28.038596],[-105.290624,28.038604],[-105.290625,28.038604],[-105.290742,28.040442],[-105.290742,28.040455],[-105.290743,28.040459],[-105.290198,28.040365],[-105.288629,28.040089],[-105.288615,28.040087],[-105.288272,28.040052],[-105.288231,28.039915],[-105.288086,28.038583],[-105.288284,28.038591],[-105.290465,28.038596]]]}},{"type":"Feature","properties":{"modulo":12,"idparcela":"8980","productor":"GONZALEZ RODRIGUEZ DE JULIA","cultivo":null,"superficie_fisica_ha":2,"superficie_riego_ha":2,"hectareas":2.442},"geometry":{"type":"Polygon","coordinates":[[[-105.292282,28.040094],[-105.292652,28.040112],[-105.292659,28.040112],[-105.292664,28.040141],[-105.29306,28.042661],[-105.293061,28.042669],[-105.293043,28.042669],[-105.292329,28.042688],[-105.292191,28.042691],[-105.29219,28.04269],[-105.291788,28.040197],[-105.291998,28.040122],[-105.292282,28.040094]]]}},{"type":"Feature","properties":{"modulo":12,"idparcela":"************","productor":null,"cultivo":null,"superficie_fisica_ha":null,"superficie_riego_ha":null,"hectareas":1.454},"geometry":{"type":"Polygon","coordinates":[[[-105.292741,28.036576],[-105.292778,28.03666],[-105.292851,28.036732],[-105.292905,28.036804],[-105.293122,28.036984],[-105.293439,28.037272],[-105.293639,28.037452],[-105.294043,28.037776],[-105.294016,28.037812],[-105.293971,28.037812],[-105.293842,28.037785],[-105.293609,28.037705],[-105.293258,28.037599],[-105.292513,28.0374],[-105.291815,28.037245],[-105.290986,28.037069],[-105.29131,28.036948],[-105.292741,28.036576]]]}},{"type":"Feature","properties":{"modulo":12,"idparcela":"8878","productor":"JAQUEZ ROSALES JUAN","cultivo":null,"superficie_fisica_ha":1,"superficie_riego_ha":1,"hectareas":0.698},"geometry":{"type":"Polygon","coordinates":[[[-105.284712,28.035555],[-105.284887,28.035248],[-105.284981,28.035085],[-105.285086,28.034959],[-105.285353,28.034696],[-105.285775,28.034957],[-105.285223,28.035563],[-105.284611,28.03616],[-105.284556,28.036088],[-105.284604,28.035817],[-105.284712,28.035555]]]}},{"type":"Feature","properties":{"modulo":12,"idparcela":"8876","productor":"FUENTES DE VILLOTA MARGARITA","cultivo":null,"superficie_fisica_ha":3,"superficie_riego_ha":3,"hectareas":1.092},"geometry":{"type":"Polygon","coordinates":[[[-105.283512,28.03483],[-105.283919,28.034389],[-105.284128,28.03453],[-105.284352,28.03456],[-105.284537,28.034413],[-105.284607,28.034281],[-105.284644,28.034236],[-105.284699,28.034246],[-105.285232,28.034606],[-105.284996,28.034877],[-105.284795,28.035131],[-105.284649,28.035413],[-105.283512,28.03483]]]}},{"type":"Feature","properties":{"modulo":12,"idparcela":"************","productor":null,"cultivo":null,"superficie_fisica_ha":null,"superficie_riego_ha":null,"hectareas":0.851},"geometry":{"type":"Polygon","coordinates":[[[-105.285042,28.037618],[-105.285201,28.037515],[-105.285448,28.037387],[-105.285674,28.037261],[-105.285871,28.03708],[-105.285999,28.036872],[-105.286121,28.036637],[-105.286234,28.036378],[-105.286352,28.036158],[-105.286447,28.035996],[-105.286595,28.036104],[-105.286764,28.036311],[-105.286893,28.036482],[-105.286942,28.036653],[-105.287045,28.036802],[-105.287031,28.036816],[-105.285042,28.037618]]]}},{"type":"Feature","properties":{"modulo":12,"idparcela":"8874","productor":"CARRILLO CARRILLO RAMON","cultivo":null,"superficie_fisica_ha":1.5,"superficie_riego_ha":1.5,"hectareas":1.574},"geometry":{"type":"Polygon","coordinates":[[[-105.284587,28.037234],[-105.284575,28.036918],[-105.284672,28.036211],[-105.286116,28.036521],[-105.285938,28.036834],[-105.285823,28.037007],[-105.285711,28.037136],[-105.28545,28.037337],[-105.285178,28.037477],[-105.285009,28.037546],[-105.284932,28.037588],[-105.284878,28.037626],[-105.284852,28.037683],[-105.284831,28.037769],[-105.28474,28.037816],[-105.284632,28.037802],[-105.284616,28.037649],[-105.2846,28.037504],[-105.284587,28.037234]]]}},{"type":"Feature","properties":{"modulo":12,"idparcela":"8878","productor":"JAQUEZ ROSALES JUAN","cultivo":null,"superficie_fisica_ha":1,"superficie_riego_ha":1,"hectareas":1.524},"geometry":{"type":"Polygon","coordinates":[[[-105.284672,28.036211],[-105.285267,28.035698],[-105.285857,28.035056],[-105.286302,28.035443],[-105.286387,28.035497],[-105.286522,28.03556],[-105.286545,28.035641],[-105.286488,28.035759],[-105.286361,28.036003],[-105.286244,28.036238],[-105.286116,28.036521],[-105.284672,28.036211]]]}},{"type":"Feature","properties":{"modulo":12,"idparcela":"8973","productor":"GOMEZ MOLINA JOSE GUILLERMO","cultivo":null,"superficie_fisica_ha":4.375,"superficie_riego_ha":4.375,"hectareas":5.449},"geometry":{"type":"Polygon","coordinates":[[[-105.290465,28.038596],[-105.288284,28.038591],[-105.288086,28.038583],[-105.287817,28.037988],[-105.287756,28.03787],[-105.287676,28.037771],[-105.287563,28.037681],[-105.287411,28.037582],[-105.287188,28.037447],[-105.28704,28.037258],[-105.286974,28.036979],[-105.287031,28.036816],[-105.287045,28.036802],[-105.287235,28.036843],[-105.287508,28.036905],[-105.287764,28.036986],[-105.288032,28.037067],[-105.28847,28.037246],[-105.288785,28.037318],[-105.289342,28.037353],[-105.289725,28.037397],[-105.290332,28.037324],[-105.290536,28.037323],[-105.290668,28.037296],[-105.290791,28.037285],[-105.290811,28.037311],[-105.291731,28.038517],[-105.291742,28.038531],[-105.2916,28.03853],[-105.291549,28.038615],[-105.291545,28.03862],[-105.291436,28.038621],[-105.29063,28.0386],[-105.290465,28.038596]]]}},{"type":"Feature","properties":{"modulo":12,"idparcela":"8889","productor":"GANDARA ACOSTA RUBEN ARTURO","cultivo":null,"superficie_fisica_ha":1.3125,"superficie_riego_ha":1.3125,"hectareas":1.327},"geometry":{"type":"Polygon","coordinates":[[[-105.289813,28.044206],[-105.289738,28.044206],[-105.289745,28.044163],[-105.289745,28.043884],[-105.289743,28.043197],[-105.290943,28.043173],[-105.290946,28.044161],[-105.29093,28.044203],[-105.289813,28.044206]]]}},{"type":"Feature","properties":{"modulo":12,"idparcela":"************","productor":null,"cultivo":null,"superficie_fisica_ha":null,"superficie_riego_ha":null,"hectareas":0.185},"geometry":{"type":"Polygon","coordinates":[[[-105.295941,28.043151],[-105.295983,28.043155],[-105.296128,28.043154],[-105.296297,28.043145],[-105.296328,28.04324],[-105.296404,28.043538],[-105.295926,28.043574],[-105.295941,28.043151]]]}},{"type":"Feature","properties":{"modulo":12,"idparcela":"9126","productor":"VALENCIA GANDARA JOVINO","cultivo":null,"superficie_fisica_ha":7,"superficie_riego_ha":7,"hectareas":7.639},"geometry":{"type":"Polygon","coordinates":[[[-105.287756,28.03787],[-105.287817,28.037988],[-105.288086,28.038583],[-105.288218,28.039792],[-105.288231,28.039915],[-105.288272,28.040052],[-105.28809,28.040033],[-105.28809,28.040028],[-105.288085,28.040032],[-105.288085,28.040028],[-105.287951,28.040018],[-105.286891,28.039909],[-105.286845,28.039904],[-105.286592,28.039803],[-105.286192,28.03952],[-105.285838,28.039272],[-105.285719,28.039199],[-105.285526,28.039081],[-105.285459,28.039042],[-105.285207,28.038902],[-105.285006,28.038749],[-105.284867,28.038676],[-105.284826,28.03859],[-105.284792,28.038373],[-105.284747,28.03812],[-105.284729,28.037877],[-105.284815,28.037868],[-105.284889,28.037822],[-105.284942,28.03775],[-105.284958,28.037652],[-105.285042,28.037618],[-105.287031,28.036816],[-105.286974,28.036979],[-105.28704,28.037258],[-105.287188,28.037447],[-105.287411,28.037582],[-105.287563,28.037681],[-105.287676,28.037771],[-105.287756,28.03787]]]}},{"type":"Feature","properties":{"modulo":12,"idparcela":"8887","productor":"ARMENDARIZ SERNA NICOMEDES","cultivo":null,"superficie_fisica_ha":0.8125,"superficie_riego_ha":0.8125,"hectareas":0.989},"geometry":{"type":"Polygon","coordinates":[[[-105.289743,28.043197],[-105.289745,28.043884],[-105.288423,28.043893],[-105.288348,28.043239],[-105.289743,28.043197]]]}},{"type":"Feature","properties":{"modulo":12,"idparcela":"8979","productor":"RODRIGUEZ DE GONZALEZ JULIA","cultivo":null,"superficie_fisica_ha":2.475,"superficie_riego_ha":2.475,"hectareas":2.261},"geometry":{"type":"Polygon","coordinates":[[[-105.292185,28.04269],[-105.292185,28.042691],[-105.291165,28.042708],[-105.291136,28.042703],[-105.291068,28.042695],[-105.291082,28.042541],[-105.291073,28.042465],[-105.291089,28.042313],[-105.291081,28.042],[-105.291061,28.041751],[-105.291062,28.041518],[-105.291111,28.041151],[-105.291175,28.040854],[-105.291243,28.040672],[-105.291328,28.040444],[-105.291501,28.040284],[-105.291696,28.04021],[-105.291788,28.040197],[-105.292185,28.04269]]]}},{"type":"Feature","properties":{"modulo":12,"idparcela":"8886","productor":"ARMENDARIZ SERNA NICOMEDES","cultivo":null,"superficie_fisica_ha":2.1768,"superficie_riego_ha":2.1768,"hectareas":1.583},"geometry":{"type":"Polygon","coordinates":[[[-105.29112,28.043156],[-105.292262,28.043163],[-105.292262,28.043165],[-105.292422,28.044157],[-105.29242,28.0442],[-105.292174,28.044201],[-105.291977,28.044201],[-105.291738,28.044202],[-105.291522,28.044202],[-105.291315,28.044203],[-105.291138,28.044203],[-105.29093,28.044203],[-105.290946,28.044161],[-105.290943,28.043173],[-105.29112,28.043156]]]}},{"type":"Feature","properties":{"modulo":12,"idparcela":"8875","productor":"FAUDOA MORALES PLUTARCO","cultivo":null,"superficie_fisica_ha":4.3608,"superficie_riego_ha":4.3608,"hectareas":3.842},"geometry":{"type":"Polygon","coordinates":[[[-105.282954,28.037252],[-105.282903,28.037174],[-105.282711,28.036913],[-105.282555,28.036751],[-105.282311,28.036528],[-105.282411,28.036408],[-105.282655,28.036098],[-105.282971,28.035675],[-105.283512,28.03483],[-105.284649,28.035413],[-105.284513,28.035664],[-105.284446,28.035898],[-105.284444,28.036144],[-105.284436,28.036422],[-105.284441,28.036593],[-105.28444,28.036882],[-105.284459,28.037171],[-105.284456,28.037262],[-105.284294,28.037181],[-105.28409,28.037146],[-105.283785,28.037133],[-105.283264,28.03717],[-105.282954,28.037252]]]}},{"type":"Feature","properties":{"modulo":12,"idparcela":"************","productor":null,"cultivo":null,"superficie_fisica_ha":null,"superficie_riego_ha":null,"hectareas":1.381},"geometry":{"type":"Polygon","coordinates":[[[-105.282954,28.037252],[-105.283264,28.03717],[-105.283785,28.037133],[-105.28409,28.037146],[-105.284294,28.037181],[-105.284456,28.037262],[-105.284471,28.037551],[-105.284543,28.037959],[-105.284585,28.03828],[-105.284625,28.038491],[-105.284619,28.038565],[-105.284522,28.038551],[-105.284413,28.038506],[-105.284266,28.03837],[-105.28394,28.0381],[-105.283671,28.03794],[-105.28337,28.037732],[-105.283175,28.037611],[-105.283044,28.03739],[-105.282954,28.037252]]]}},{"type":"Feature","properties":{"modulo":12,"idparcela":"8888","productor":"SALAS ARMENDARIZ LUIS CARLOS","cultivo":null,"superficie_fisica_ha":1.666,"superficie_riego_ha":1.666,"hectareas":1.57},"geometry":{"type":"Polygon","coordinates":[[[-105.295975,28.044101],[-105.295878,28.044114],[-105.295744,28.044125],[-105.295669,28.044132],[-105.295487,28.044149],[-105.295451,28.044153],[-105.295299,28.044155],[-105.295084,28.044159],[-105.294843,28.044162],[-105.294609,28.044166],[-105.294365,28.04417],[-105.294125,28.044174],[-105.293903,28.044177],[-105.293668,28.044181],[-105.293413,28.044185],[-105.293315,28.044186],[-105.293262,28.043648],[-105.295044,28.043608],[-105.295218,28.043617],[-105.295926,28.043574],[-105.295929,28.043736],[-105.295942,28.043807],[-105.295961,28.043964],[-105.295975,28.044101]]]}},{"type":"Feature","properties":{"modulo":12,"idparcela":"************","productor":null,"cultivo":null,"superficie_fisica_ha":null,"superficie_riego_ha":null,"hectareas":2.771},"geometry":{"type":"Polygon","coordinates":[[[-105.290811,28.037311],[-105.291074,28.037277],[-105.291293,28.037346],[-105.291419,28.037369],[-105.292145,28.037527],[-105.292695,28.037599],[-105.293071,28.03769],[-105.293473,28.037792],[-105.293849,28.037936],[-105.293978,28.038107],[-105.29412,28.038335],[-105.294236,28.038456],[-105.294344,28.038582],[-105.294246,28.038578],[-105.293992,28.038564],[-105.291731,28.038517],[-105.290811,28.037311]]]}},{"type":"Feature","properties":{"modulo":12,"idparcela":"8976","productor":"ORTEGA MELENDEZ JOSE","cultivo":null,"superficie_fisica_ha":4.8348,"superficie_riego_ha":4.8348,"hectareas":4.07},"geometry":{"type":"Polygon","coordinates":[[[-105.291549,28.038615],[-105.293176,28.038657],[-105.293193,28.038657],[-105.29327,28.039846],[-105.293273,28.039892],[-105.29308,28.039938],[-105.292693,28.039973],[-105.292164,28.039929],[-105.29179,28.039975],[-105.291417,28.040125],[-105.291246,28.040306],[-105.291108,28.04056],[-105.290747,28.040458],[-105.290742,28.040442],[-105.290625,28.038604],[-105.290624,28.038604],[-105.29063,28.0386],[-105.291436,28.038621],[-105.291545,28.03862],[-105.291549,28.038615]]]}},{"type":"Feature","properties":{"modulo":12,"idparcela":"8975","productor":"DOMINGUEZ RENTERIA MARIO ALBERTO","cultivo":null,"superficie_fisica_ha":1.1428,"superficie_riego_ha":1.1428,"hectareas":1.121},"geometry":{"type":"Polygon","coordinates":[[[-105.293176,28.038657],[-105.293278,28.038639],[-105.293657,28.038645],[-105.293941,28.038667],[-105.294302,28.038678],[-105.29438,28.038723],[-105.294393,28.038826],[-105.294354,28.038983],[-105.294256,28.039205],[-105.294147,28.039318],[-105.293993,28.039449],[-105.293782,28.039616],[-105.293608,28.039754],[-105.293356,28.039874],[-105.293273,28.039892],[-105.29327,28.039846],[-105.293193,28.038657],[-105.293176,28.038657]]]}},{"type":"Feature","properties":{"modulo":12,"idparcela":"8981","productor":"NU¥EZ CAMARILLO SOCORRO","cultivo":null,"superficie_fisica_ha":4.455,"superficie_riego_ha":4.455,"hectareas":4.276},"geometry":{"type":"Polygon","coordinates":[[[-105.290742,28.040442],[-105.290747,28.040458],[-105.291108,28.04056],[-105.290993,28.040904],[-105.290961,28.041154],[-105.290915,28.041411],[-105.290931,28.041887],[-105.290881,28.041889],[-105.288468,28.041961],[-105.288493,28.041835],[-105.28845,28.041636],[-105.288441,28.041595],[-105.288446,28.041583],[-105.288518,28.041389],[-105.288581,28.041035],[-105.288619,28.040554],[-105.288618,28.040119],[-105.288615,28.040091],[-105.288615,28.040087],[-105.288629,28.040089],[-105.290198,28.040365],[-105.290743,28.040459],[-105.290742,28.040442]]]}},{"type":"Feature","properties":{"modulo":12,"idparcela":"9128","productor":"ROMERO GALLEGOS RITO","cultivo":null,"superficie_fisica_ha":0.2448,"superficie_riego_ha":0.2448,"hectareas":1.363},"geometry":{"type":"Polygon","coordinates":[[[-105.288615,28.040087],[-105.288615,28.040091],[-105.288618,28.040119],[-105.288619,28.040554],[-105.288581,28.041035],[-105.288518,28.041389],[-105.288446,28.041583],[-105.28845,28.041636],[-105.288441,28.041595],[-105.288337,28.041355],[-105.28826,28.041264],[-105.287859,28.040796],[-105.287445,28.040442],[-105.286845,28.039904],[-105.286891,28.039909],[-105.287951,28.040018],[-105.288085,28.040032],[-105.288085,28.040028],[-105.28809,28.040028],[-105.28809,28.040033],[-105.288272,28.040052],[-105.288615,28.040087]]]}},{"type":"Feature","properties":{"modulo":12,"idparcela":"8982","productor":"RODRIGUEZ AGUILAR ANTONIO","cultivo":null,"superficie_fisica_ha":2.7182,"superficie_riego_ha":2.7182,"hectareas":2.12},"geometry":{"type":"Polygon","coordinates":[[[-105.290931,28.041887],[-105.290938,28.042038],[-105.290907,28.042679],[-105.289968,28.042704],[-105.288743,28.042737],[-105.28858,28.042737],[-105.288552,28.042737],[-105.288472,28.042795],[-105.288389,28.042855],[-105.288418,28.042579],[-105.288481,28.042224],[-105.288468,28.041961],[-105.290881,28.041889],[-105.290931,28.041887]]]}},{"type":"Feature","properties":{"modulo":12,"idparcela":"8978","productor":"GONZALEZ AGUILERA ALFREDO","cultivo":null,"superficie_fisica_ha":4.93,"superficie_riego_ha":4.93,"hectareas":4.402},"geometry":{"type":"Polygon","coordinates":[[[-105.293119,28.040059],[-105.293096,28.040176],[-105.294357,28.040016],[-105.294493,28.042649],[-105.294493,28.042651],[-105.294493,28.042658],[-105.29406,28.042689],[-105.293058,28.042675],[-105.292664,28.040141],[-105.292659,28.040112],[-105.29293,28.040098],[-105.293119,28.040059]]]}},{"type":"Feature","properties":{"modulo":12,"idparcela":"************","productor":null,"cultivo":null,"superficie_fisica_ha":null,"superficie_riego_ha":null,"hectareas":5.104},"geometry":{"type":"Polygon","coordinates":[[[-105.294493,28.042649],[-105.294357,28.040016],[-105.293096,28.040176],[-105.293119,28.040059],[-105.293197,28.040057],[-105.29347,28.039971],[-105.293776,28.039822],[-105.294008,28.039616],[-105.294281,28.039414],[-105.294496,28.039083],[-105.294606,28.038955],[-105.295285,28.039773],[-105.29548,28.040196],[-105.295576,28.040387],[-105.295693,28.040611],[-105.29574,28.040962],[-105.295788,28.041253],[-105.29591,28.041865],[-105.295978,28.04226],[-105.296028,28.042471],[-105.296105,28.042696],[-105.296106,28.0427],[-105.295758,28.042669],[-105.294938,28.042671],[-105.294714,28.042662],[-105.294506,28.042658],[-105.294496,28.042651],[-105.294493,28.042649]]]}},{"type":"Feature","properties":{"modulo":12,"idparcela":"8882","productor":"SANCHEZ MENDOZA PABLO","cultivo":null,"superficie_fisica_ha":0.1425,"superficie_riego_ha":0.1425,"hectareas":0.117},"geometry":{"type":"Polygon","coordinates":[[[-105.295942,28.043807],[-105.295929,28.043736],[-105.295926,28.043574],[-105.296404,28.043538],[-105.296403,28.043761],[-105.296098,28.043791],[-105.295942,28.043807]]]}},{"type":"Feature","properties":{"modulo":12,"idparcela":"8883","productor":"SANCHEZ MENDOZA PABLO","cultivo":null,"superficie_fisica_ha":0.8325,"superficie_riego_ha":0.8325,"hectareas":1.036},"geometry":{"type":"Polygon","coordinates":[[[-105.292262,28.043165],[-105.292954,28.043138],[-105.293177,28.043129],[-105.293178,28.043136],[-105.293262,28.043648],[-105.293315,28.044186],[-105.29242,28.0442],[-105.292422,28.044157],[-105.292262,28.043165]]]}},{"type":"Feature","properties":{"modulo":12,"idparcela":"8885","productor":"ARMENDARIZ SERNA NICOMEDES","cultivo":null,"superficie_fisica_ha":1.575,"superficie_riego_ha":1.575,"hectareas":1.519},"geometry":{"type":"Polygon","coordinates":[[[-105.293262,28.043648],[-105.293178,28.043136],[-105.293209,28.043135],[-105.295633,28.043068],[-105.295941,28.043151],[-105.295926,28.043574],[-105.295218,28.043617],[-105.295044,28.043608],[-105.293262,28.043648]]]}},{"type":"Feature","properties":{"modulo":12,"idparcela":"8880","productor":"ARMENDARIZ SANDOVAL ISIDORA","cultivo":null,"superficie_fisica_ha":2.175,"superficie_riego_ha":2.175,"hectareas":2.54},"geometry":{"type":"Polygon","coordinates":[[[-105.296297,28.043145],[-105.296128,28.043154],[-105.295983,28.043155],[-105.295941,28.043151],[-105.295633,28.043068],[-105.293209,28.043135],[-105.293178,28.043136],[-105.293177,28.043129],[-105.292954,28.043138],[-105.292262,28.043165],[-105.292262,28.043163],[-105.29112,28.043156],[-105.290943,28.043173],[-105.290936,28.042887],[-105.290936,28.04268],[-105.291068,28.042695],[-105.291136,28.042703],[-105.291165,28.042708],[-105.292185,28.042691],[-105.292185,28.04269],[-105.29219,28.04269],[-105.292191,28.042691],[-105.292329,28.042688],[-105.293058,28.042675],[-105.29406,28.042689],[-105.294493,28.042658],[-105.294493,28.042651],[-105.294496,28.042651],[-105.294506,28.042658],[-105.294714,28.042662],[-105.294938,28.042671],[-105.295758,28.042669],[-105.296106,28.0427],[-105.296105,28.042696],[-105.296297,28.043145]]]}},{"type":"Feature","properties":{"modulo":12,"idparcela":"8890","productor":"FRANCO URANGA SALVADOR","cultivo":null,"superficie_fisica_ha":27.5,"superficie_riego_ha":27.5,"hectareas":26.735},"geometry":{"type":"Polygon","coordinates":[[[-105.296483,28.04406],[-105.296922,28.044478],[-105.297073,28.044847],[-105.297088,28.045205],[-105.29721,28.045555],[-105.297392,28.046081],[-105.29751,28.046282],[-105.297854,28.046671],[-105.29789,28.046863],[-105.297921,28.046976],[-105.297819,28.046974],[-105.29485,28.046962],[-105.290931,28.04709],[-105.288554,28.047114],[-105.288763,28.046351],[-105.28867,28.045522],[-105.288592,28.044918],[-105.288434,28.044209],[-105.289738,28.044206],[-105.289813,28.044206],[-105.29093,28.044203],[-105.291138,28.044203],[-105.291315,28.044203],[-105.291522,28.044202],[-105.291738,28.044202],[-105.291977,28.044201],[-105.292174,28.044201],[-105.29242,28.0442],[-105.293315,28.044186],[-105.293413,28.044185],[-105.293668,28.044181],[-105.293903,28.044177],[-105.294125,28.044174],[-105.294365,28.04417],[-105.294609,28.044166],[-105.294843,28.044162],[-105.295084,28.044159],[-105.295299,28.044155],[-105.295451,28.044153],[-105.295487,28.044149],[-105.295669,28.044132],[-105.295744,28.044125],[-105.295878,28.044114],[-105.295975,28.044101],[-105.296046,28.044095],[-105.296251,28.044079],[-105.296483,28.04406]]]}},{"type":"Feature","properties":{"modulo":12,"idparcela":"8856","productor":"DE LA O AGUIRRE ANTONIO Y JOSE EDWVIGES","cultivo":null,"superficie_fisica_ha":4,"superficie_riego_ha":4,"hectareas":3.11},"geometry":{"type":"Polygon","coordinates":[[[-105.281855,28.032791],[-105.282801,28.032741],[-105.284624,28.032671],[-105.284783,28.032665],[-105.284735,28.032748],[-105.284665,28.032875],[-105.284594,28.032965],[-105.284468,28.033092],[-105.284389,28.033173],[-105.28434,28.0333],[-105.284241,28.033399],[-105.284072,28.033472],[-105.284001,28.033535],[-105.284032,28.033652],[-105.284111,28.033742],[-105.284227,28.033865],[-105.283912,28.0342],[-105.283538,28.034105],[-105.283347,28.034056],[-105.283293,28.034036],[-105.283078,28.033958],[-105.282979,28.033874],[-105.2829,28.033817],[-105.282867,28.033814],[-105.2828,28.033815],[-105.282581,28.033819],[-105.282253,28.033824],[-105.282064,28.033827],[-105.282066,28.033728],[-105.282042,28.033476],[-105.282032,28.033223],[-105.281989,28.033043],[-105.281855,28.032791]]]}},{"type":"Feature","properties":{"modulo":12,"idparcela":"8851","productor":"LOPEZ TORRES OCTAVIO","cultivo":null,"superficie_fisica_ha":3.534,"superficie_riego_ha":3.534,"hectareas":4.7},"geometry":{"type":"Polygon","coordinates":[[[-105.279898,28.030381],[-105.279947,28.030141],[-105.280008,28.030027],[-105.280112,28.029897],[-105.280314,28.029764],[-105.28051,28.029719],[-105.280715,28.029692],[-105.281295,28.029621],[-105.282075,28.029546],[-105.282933,28.029456],[-105.284879,28.029247],[-105.285445,28.029192],[-105.285558,28.029179],[-105.285725,28.029151],[-105.287922,28.028694],[-105.287985,28.028678],[-105.288171,28.02905],[-105.288235,28.029171],[-105.288178,28.029181],[-105.285705,28.029649],[-105.279898,28.030381]]]}},{"type":"Feature","properties":{"modulo":12,"idparcela":"************","productor":null,"cultivo":null,"superficie_fisica_ha":null,"superficie_riego_ha":null,"hectareas":5.292},"geometry":{"type":"Polygon","coordinates":[[[-105.287148,28.030362],[-105.287032,28.030524],[-105.28689,28.030698],[-105.284431,28.03111],[-105.28308,28.03122],[-105.283077,28.031223],[-105.280424,28.031447],[-105.280236,28.031356],[-105.280036,28.031101],[-105.279885,28.030857],[-105.279866,28.030806],[-105.283893,28.030436],[-105.287377,28.030029],[-105.28719,28.030236],[-105.287148,28.030362]]]}},{"type":"Feature","properties":{"modulo":12,"idparcela":"8853","productor":"MARQUEZ DE LOZOYA NINFA","cultivo":null,"superficie_fisica_ha":4,"superficie_riego_ha":4,"hectareas":2.795},"geometry":{"type":"Polygon","coordinates":[[[-105.281855,28.032791],[-105.281693,28.03261],[-105.281462,28.03234],[-105.281171,28.03207],[-105.280882,28.0318],[-105.280612,28.031575],[-105.280424,28.031447],[-105.283077,28.031223],[-105.283087,28.031222],[-105.282942,28.031989],[-105.282801,28.032732],[-105.282801,28.032741],[-105.281855,28.032791]]]}},{"type":"Feature","properties":{"modulo":12,"idparcela":"8852","productor":"SAENZ VILLA ALFONSO","cultivo":null,"superficie_fisica_ha":2.966,"superficie_riego_ha":2.966,"hectareas":4.681},"geometry":{"type":"Polygon","coordinates":[[[-105.287915,28.029388],[-105.287707,28.029625],[-105.287466,28.029936],[-105.287377,28.030029],[-105.283893,28.030436],[-105.279866,28.030806],[-105.279856,28.030747],[-105.279871,28.030539],[-105.279898,28.030381],[-105.285705,28.029649],[-105.288178,28.029181],[-105.288119,28.029288],[-105.287915,28.029388]]]}},{"type":"Feature","properties":{"modulo":12,"idparcela":"************","productor":null,"cultivo":null,"superficie_fisica_ha":null,"superficie_riego_ha":null,"hectareas":2.644},"geometry":{"type":"Polygon","coordinates":[[[-105.280915,28.034798],[-105.280967,28.034851],[-105.282845,28.035674],[-105.282731,28.035852],[-105.282428,28.036229],[-105.28232,28.036356],[-105.282249,28.036428],[-105.282198,28.036459],[-105.282114,28.036429],[-105.281924,28.036328],[-105.28166,28.03623],[-105.281352,28.036122],[-105.281005,28.035987],[-105.280731,28.035888],[-105.280294,28.035781],[-105.27981,28.035647],[-105.280005,28.035461],[-105.280158,28.035331],[-105.280323,28.035203],[-105.280529,28.035057],[-105.280756,28.034891],[-105.280915,28.034798]]]}},{"type":"Feature","properties":{"modulo":12,"idparcela":"8855","productor":"MARQUEZ VILLA GUADALUPE","cultivo":null,"superficie_fisica_ha":4,"superficie_riego_ha":4,"hectareas":2.13},"geometry":{"type":"Polygon","coordinates":[[[-105.282942,28.031989],[-105.285711,28.03169],[-105.285146,28.032307],[-105.284981,28.03248],[-105.284783,28.032665],[-105.284624,28.032671],[-105.282801,28.032741],[-105.282801,28.032732],[-105.282942,28.031989]]]}},{"type":"Feature","properties":{"modulo":12,"idparcela":"8854","productor":"DE LA O AGUIRRE ANTONIO Y JOSE EDWVIGES","cultivo":null,"superficie_fisica_ha":4,"superficie_riego_ha":4,"hectareas":2.674},"geometry":{"type":"Polygon","coordinates":[[[-105.283077,28.031223],[-105.28308,28.03122],[-105.284431,28.03111],[-105.28689,28.030698],[-105.286596,28.031036],[-105.286276,28.031117],[-105.285711,28.03169],[-105.282942,28.031989],[-105.283087,28.031222],[-105.283077,28.031223]]]}},{"type":"Feature","properties":{"modulo":12,"idparcela":"8858","productor":"MARQUEZ VILLA RAFAEL MARIO","cultivo":null,"superficie_fisica_ha":9.9113,"superficie_riego_ha":9.9113,"hectareas":2.063},"geometry":{"type":"Polygon","coordinates":[[[-105.282012,28.034076],[-105.282023,28.034082],[-105.283393,28.03478],[-105.283395,28.034781],[-105.282845,28.035674],[-105.280967,28.034851],[-105.280915,28.034798],[-105.281323,28.034637],[-105.281662,28.034492],[-105.281875,28.034299],[-105.282012,28.034076]]]}},{"type":"Feature","properties":{"modulo":12,"idparcela":"8876","productor":"FUENTES DE VILLOTA MARGARITA","cultivo":null,"superficie_fisica_ha":3,"superficie_riego_ha":3,"hectareas":1.026},"geometry":{"type":"Polygon","coordinates":[[[-105.282979,28.033874],[-105.283078,28.033958],[-105.283293,28.034036],[-105.283347,28.034056],[-105.283538,28.034105],[-105.283912,28.0342],[-105.283395,28.034781],[-105.283393,28.03478],[-105.282023,28.034082],[-105.282012,28.034076],[-105.282064,28.033827],[-105.282253,28.033824],[-105.282581,28.033819],[-105.2828,28.033815],[-105.282867,28.033814],[-105.2829,28.033817],[-105.282979,28.033874]]]}},{"type":"Feature","properties":{"modulo":12,"idparcela":"************","productor":null,"cultivo":null,"superficie_fisica_ha":null,"superficie_riego_ha":null,"hectareas":11.694},"geometry":{"type":"Polygon","coordinates":[[[-105.275113,28.034835],[-105.27538,28.034865],[-105.276066,28.035189],[-105.277363,28.03562],[-105.278196,28.035944],[-105.278612,28.036084],[-105.279307,28.036071],[-105.279872,28.03606],[-105.28123,28.036437],[-105.281916,28.036783],[-105.282308,28.037042],[-105.282407,28.037357],[-105.28242,28.037639],[-105.28236,28.038029],[-105.282493,28.038246],[-105.282707,28.038369],[-105.282838,28.038473],[-105.282813,28.038505],[-105.282557,28.038539],[-105.282299,28.038431],[-105.282177,28.038409],[-105.282006,28.038409],[-105.281449,28.038154],[-105.279941,28.038002],[-105.279327,28.038046],[-105.279107,28.038074],[-105.278928,28.0381],[-105.27871,28.038009],[-105.278506,28.037798],[-105.278396,28.03769],[-105.278175,28.037376],[-105.278003,28.03717],[-105.277625,28.037111],[-105.277187,28.036847],[-105.277013,28.036686],[-105.276705,28.036492],[-105.2763,28.036109],[-105.275983,28.03596],[-105.27553,28.035678],[-105.275299,28.035496],[-105.275117,28.035386],[-105.275001,28.035256],[-105.274987,28.035111],[-105.275018,28.034951],[-105.275113,28.034835]]]}},{"type":"Feature","properties":{"modulo":12,"idparcela":"8858","productor":"MARQUEZ VILLA RAFAEL MARIO","cultivo":null,"superficie_fisica_ha":9.9113,"superficie_riego_ha":9.9113,"hectareas":8.241},"geometry":{"type":"Polygon","coordinates":[[[-105.270029,28.032282],[-105.269834,28.032227],[-105.269643,28.032171],[-105.269555,28.032132],[-105.269433,28.032069],[-105.271417,28.031884],[-105.2716,28.031867],[-105.272197,28.031811],[-105.272925,28.031743],[-105.273021,28.031784],[-105.273106,28.031826],[-105.273312,28.031976],[-105.273546,28.032151],[-105.273876,28.032304],[-105.2742,28.032502],[-105.274501,28.032682],[-105.274797,28.032852],[-105.275192,28.033059],[-105.275561,28.033248],[-105.275934,28.033436],[-105.276243,28.033627],[-105.27629,28.033653],[-105.276493,28.033787],[-105.276733,28.033995],[-105.276875,28.034151],[-105.27689,28.034212],[-105.276841,28.034304],[-105.276771,28.03436],[-105.276679,28.034389],[-105.276484,28.034338],[-105.276156,28.034229],[-105.275723,28.034086],[-105.275321,28.033956],[-105.274948,28.033852],[-105.274756,28.033856],[-105.274675,28.03389],[-105.274626,28.033966],[-105.274571,28.034105],[-105.27448,28.03427],[-105.274443,28.034355],[-105.274382,28.034394],[-105.274297,28.034388],[-105.274186,28.034343],[-105.273919,28.034263],[-105.27353,28.034055],[-105.273186,28.033835],[-105.272827,28.033541],[-105.272545,28.033309],[-105.272258,28.033082],[-105.272058,28.032978],[-105.271651,28.032819],[-105.271211,28.032683],[-105.270776,28.032535],[-105.270313,28.032356],[-105.270029,28.032282]]]}},{"type":"Feature","properties":{"modulo":12,"idparcela":"8859","productor":"HERRERA FLORES MARCOS ROBERTO","cultivo":null,"superficie_fisica_ha":0.75,"superficie_riego_ha":0.75,"hectareas":1.139},"geometry":{"type":"Polygon","coordinates":[[[-105.275364,28.03463],[-105.275089,28.034517],[-105.274838,28.034437],[-105.274682,28.034325],[-105.274708,28.034217],[-105.274799,28.034099],[-105.274909,28.034081],[-105.275275,28.034144],[-105.276198,28.034448],[-105.276641,28.034581],[-105.27692,28.034648],[-105.277116,28.034722],[-105.277083,28.034815],[-105.276982,28.035139],[-105.276953,28.035139],[-105.276384,28.034978],[-105.275965,28.034859],[-105.275566,28.034712],[-105.275364,28.03463]]]}},{"type":"Feature","properties":{"modulo":12,"idparcela":"8788","productor":"RONQUILLO DE TERRAZA JOSEFINA","cultivo":null,"superficie_fisica_ha":3.26,"superficie_riego_ha":3.26,"hectareas":2.615},"geometry":{"type":"Polygon","coordinates":[[[-105.257351,28.020275],[-105.257324,28.020281],[-105.257308,28.020293],[-105.257318,28.020355],[-105.25736,28.020488],[-105.25746,28.020811],[-105.257296,28.020803],[-105.257144,28.020717],[-105.257028,28.020612],[-105.256864,28.020508],[-105.25668,28.020398],[-105.256522,28.02029],[-105.256267,28.020065],[-105.255876,28.019687],[-105.255533,28.019344],[-105.25536,28.019128],[-105.255193,28.018835],[-105.256903,28.018622],[-105.256964,28.01893],[-105.25698,28.018985],[-105.257098,28.019397],[-105.257119,28.019471],[-105.257211,28.019791],[-105.257351,28.020275]]]}},{"type":"Feature","properties":{"modulo":12,"idparcela":"8807","productor":"CHAVEZ HOLGUIN JULIO","cultivo":null,"superficie_fisica_ha":5,"superficie_riego_ha":5,"hectareas":4.954},"geometry":{"type":"Polygon","coordinates":[[[-105.260239,28.02322],[-105.260005,28.023018],[-105.259471,28.022604],[-105.259425,28.022572],[-105.266538,28.021928],[-105.266658,28.021908],[-105.266629,28.021933],[-105.26656,28.022011],[-105.266318,28.022326],[-105.266283,28.022372],[-105.266254,28.022409],[-105.266123,28.022577],[-105.266064,28.022653],[-105.266034,28.022655],[-105.266024,28.022657],[-105.260239,28.02322]]]}},{"type":"Feature","properties":{"modulo":12,"idparcela":"8810","productor":"CONTRERAS BALDERRAMA NATIVIDAD","cultivo":null,"superficie_fisica_ha":3,"superficie_riego_ha":3,"hectareas":4.241},"geometry":{"type":"Polygon","coordinates":[[[-105.261397,28.024651],[-105.261293,28.024351],[-105.261133,28.024089],[-105.260943,28.023842],[-105.265931,28.02349],[-105.265944,28.023489],[-105.266016,28.023572],[-105.266171,28.023725],[-105.266323,28.023912],[-105.26647,28.024084],[-105.266489,28.024151],[-105.261397,28.024651]]]}},{"type":"Feature","properties":{"modulo":12,"idparcela":"************","productor":null,"cultivo":null,"superficie_fisica_ha":null,"superficie_riego_ha":null,"hectareas":7.214},"geometry":{"type":"Polygon","coordinates":[[[-105.267806,28.031035],[-105.267603,28.030928],[-105.266964,28.030621],[-105.266435,28.0302],[-105.266051,28.029927],[-105.26612,28.02992],[-105.267881,28.029725],[-105.268931,28.029609],[-105.269186,28.029581],[-105.269297,28.029578],[-105.269304,28.029585],[-105.271417,28.031884],[-105.269433,28.032069],[-105.269366,28.032024],[-105.269185,28.031898],[-105.268946,28.031754],[-105.268653,28.031599],[-105.268358,28.031397],[-105.268048,28.031168],[-105.267806,28.031035]]]}},{"type":"Feature","properties":{"modulo":12,"idparcela":"8789","productor":"CASILLAS MONTES RAMON","cultivo":null,"superficie_fisica_ha":3,"superficie_riego_ha":3,"hectareas":2.855},"geometry":{"type":"Polygon","coordinates":[[[-105.277507,28.018908],[-105.272361,28.019418],[-105.272359,28.019399],[-105.272291,28.018904],[-105.2731,28.01883],[-105.277136,28.018433],[-105.277406,28.018415],[-105.277486,28.018867],[-105.277507,28.018908]]]}},{"type":"Feature","properties":{"modulo":12,"idparcela":"************","productor":null,"cultivo":null,"superficie_fisica_ha":null,"superficie_riego_ha":null,"hectareas":1.887},"geometry":{"type":"Polygon","coordinates":[[[-105.28178,28.018986],[-105.275549,28.019616],[-105.275545,28.019363],[-105.275532,28.01933],[-105.281715,28.018738],[-105.281931,28.018719],[-105.282031,28.018962],[-105.281814,28.018983],[-105.28178,28.018986]]]}},{"type":"Feature","properties":{"modulo":12,"idparcela":"8840","productor":"LOPEZ TORRES OCTAVIO","cultivo":null,"superficie_fisica_ha":5,"superficie_riego_ha":5,"hectareas":6.224},"geometry":{"type":"Polygon","coordinates":[[[-105.283679,28.028057],[-105.282873,28.028135],[-105.282527,28.028181],[-105.282156,28.028211],[-105.281301,28.028301],[-105.281264,28.028225],[-105.281262,28.028225],[-105.27966,28.0262],[-105.279561,28.026067],[-105.281917,28.025803],[-105.281992,28.025897],[-105.283679,28.028057]]]}},{"type":"Feature","properties":{"modulo":12,"idparcela":"************","productor":null,"cultivo":null,"superficie_fisica_ha":null,"superficie_riego_ha":null,"hectareas":4.174},"geometry":{"type":"Polygon","coordinates":[[[-105.269304,28.029578],[-105.269477,28.029574],[-105.269531,28.029573],[-105.270964,28.029484],[-105.272925,28.031743],[-105.272197,28.031811],[-105.2716,28.031867],[-105.271417,28.031884],[-105.26931,28.029585],[-105.269304,28.029578]]]}},{"type":"Feature","properties":{"modulo":12,"idparcela":"************","productor":null,"cultivo":null,"superficie_fisica_ha":null,"superficie_riego_ha":null,"hectareas":15.475},"geometry":{"type":"Polygon","coordinates":[[[-105.274443,28.031527],[-105.274222,28.031263],[-105.273837,28.031111],[-105.273566,28.031016],[-105.273307,28.030884],[-105.273142,28.030698],[-105.272945,28.030443],[-105.272256,28.029405],[-105.272187,28.029285],[-105.273907,28.029084],[-105.274906,28.028984],[-105.275669,28.0289],[-105.27594,28.028866],[-105.276306,28.028822],[-105.276624,28.028803],[-105.277312,28.02872],[-105.277576,28.028689],[-105.277634,28.028779],[-105.277649,28.028803],[-105.278044,28.029417],[-105.279236,28.031324],[-105.278374,28.031387],[-105.27794,28.031426],[-105.277619,28.031464],[-105.274884,28.031737],[-105.274562,28.031621],[-105.274443,28.031527]]]}},{"type":"Feature","properties":{"modulo":12,"idparcela":"************","productor":null,"cultivo":null,"superficie_fisica_ha":null,"superficie_riego_ha":null,"hectareas":1.153},"geometry":{"type":"Polygon","coordinates":[[[-105.286955,28.028313],[-105.287137,28.028367],[-105.287293,28.028384],[-105.287429,28.02833],[-105.28761,28.028049],[-105.287698,28.028183],[-105.28786,28.028395],[-105.287985,28.028678],[-105.287922,28.028694],[-105.285725,28.029151],[-105.285736,28.029103],[-105.285914,28.028939],[-105.286054,28.028774],[-105.286222,28.028618],[-105.286441,28.028407],[-105.286693,28.028146],[-105.286733,28.028214],[-105.286793,28.02825],[-105.286955,28.028313]]]}},{"type":"Feature","properties":{"modulo":12,"idparcela":"8859","productor":"HERRERA FLORES MARCOS ROBERTO","cultivo":null,"superficie_fisica_ha":0.75,"superficie_riego_ha":0.75,"hectareas":1.145},"geometry":{"type":"Polygon","coordinates":[[[-105.276982,28.035139],[-105.277083,28.034815],[-105.277116,28.034722],[-105.27804,28.034968],[-105.278662,28.035155],[-105.278889,28.035209],[-105.279049,28.035354],[-105.279024,28.035452],[-105.279184,28.035486],[-105.279355,28.035573],[-105.279429,28.035649],[-105.279348,28.035696],[-105.279255,28.035714],[-105.279144,28.035688],[-105.278947,28.035673],[-105.278773,28.03569],[-105.278645,28.035688],[-105.278517,28.035656],[-105.278331,28.035614],[-105.277996,28.035472],[-105.277514,28.035301],[-105.276982,28.035139]]]}},{"type":"Feature","properties":{"modulo":12,"idparcela":"************","productor":null,"cultivo":null,"superficie_fisica_ha":null,"superficie_riego_ha":null,"hectareas":19.854},"geometry":{"type":"Polygon","coordinates":[[[-105.274443,28.031527],[-105.274562,28.031621],[-105.274884,28.031737],[-105.277619,28.031464],[-105.27794,28.031426],[-105.278374,28.031387],[-105.279236,28.031324],[-105.279241,28.031331],[-105.27957,28.0313],[-105.279637,28.031383],[-105.279732,28.031477],[-105.280382,28.032001],[-105.28119,28.032571],[-105.28162,28.033014],[-105.281728,28.033674],[-105.281631,28.03416],[-105.281407,28.034329],[-105.281094,28.03451],[-105.280556,28.034796],[-105.280055,28.035145],[-105.279818,28.035195],[-105.27951,28.035189],[-105.279051,28.03502],[-105.278672,28.034845],[-105.278595,28.034821],[-105.278282,28.034739],[-105.277888,28.034592],[-105.277531,28.034467],[-105.27725,28.034327],[-105.277092,28.034162],[-105.277007,28.033975],[-105.276995,28.033949],[-105.276786,28.03376],[-105.27644,28.033517],[-105.276128,28.033292],[-105.275126,28.032841],[-105.274692,28.032575],[-105.274071,28.032226],[-105.273737,28.031962],[-105.273357,28.031697],[-105.273479,28.031695],[-105.274103,28.031605],[-105.274313,28.031557],[-105.274443,28.031527]]]}},{"type":"Feature","properties":{"modulo":12,"idparcela":"8787","productor":"FLORES GANDARA JESUS","cultivo":null,"superficie_fisica_ha":3,"superficie_riego_ha":3,"hectareas":2.409},"geometry":{"type":"Polygon","coordinates":[[[-105.28157,28.01848],[-105.277507,28.018908],[-105.277486,28.018867],[-105.277406,28.018415],[-105.281386,28.01798],[-105.281706,28.017955],[-105.281856,28.018473],[-105.28157,28.01848]]]}},{"type":"Feature","properties":{"modulo":12,"idparcela":"8805","productor":"HOLGUIN HOLGUIN SOCORRO","cultivo":null,"superficie_fisica_ha":8.25,"superficie_riego_ha":8.25,"hectareas":8.6},"geometry":{"type":"Polygon","coordinates":[[[-105.282927,28.021219],[-105.282783,28.021229],[-105.282625,28.021246],[-105.28238,28.021258],[-105.281241,28.021367],[-105.280427,28.021442],[-105.279444,28.021515],[-105.278727,28.021582],[-105.277895,28.021652],[-105.27705,28.021722],[-105.276398,28.021765],[-105.275641,28.021812],[-105.274823,28.021863],[-105.274273,28.021898],[-105.273714,28.021939],[-105.273344,28.021201],[-105.282537,28.020343],[-105.282927,28.021219]]]}},{"type":"Feature","properties":{"modulo":12,"idparcela":"8841","productor":"LOPEZ TORRES JORGE LUIS","cultivo":null,"superficie_fisica_ha":5,"superficie_riego_ha":5,"hectareas":7.51},"geometry":{"type":"Polygon","coordinates":[[[-105.286583,28.027701],[-105.286307,28.027752],[-105.285911,28.027799],[-105.285742,28.027836],[-105.285578,28.027851],[-105.28542,28.027858],[-105.283679,28.028057],[-105.281992,28.025897],[-105.281917,28.025803],[-105.281974,28.025814],[-105.284409,28.025546],[-105.284772,28.025953],[-105.285288,28.026368],[-105.286109,28.026905],[-105.286693,28.027307],[-105.286583,28.027701]]]}},{"type":"Feature","properties":{"modulo":12,"idparcela":"************","productor":null,"cultivo":null,"superficie_fisica_ha":null,"superficie_riego_ha":null,"hectareas":12.162},"geometry":{"type":"Polygon","coordinates":[[[-105.276624,28.028803],[-105.276306,28.028822],[-105.27594,28.028866],[-105.275669,28.0289],[-105.274906,28.028984],[-105.273907,28.029084],[-105.272187,28.029285],[-105.272116,28.029192],[-105.272021,28.029137],[-105.271933,28.029037],[-105.271717,28.028934],[-105.271477,28.028722],[-105.27137,28.028557],[-105.271077,28.028369],[-105.271002,28.028132],[-105.270944,28.027945],[-105.270837,28.027828],[-105.270717,28.027661],[-105.270438,28.027499],[-105.270347,28.027365],[-105.270003,28.026983],[-105.27262,28.026739],[-105.274492,28.026576],[-105.274543,28.026569],[-105.274595,28.026662],[-105.276454,28.028623],[-105.276624,28.028803]]]}},{"type":"Feature","properties":{"modulo":12,"idparcela":"************","productor":null,"cultivo":null,"superficie_fisica_ha":null,"superficie_riego_ha":null,"hectareas":7.725},"geometry":{"type":"Polygon","coordinates":[[[-105.266459,28.027345],[-105.268519,28.029635],[-105.268531,28.029653],[-105.267881,28.029725],[-105.26612,28.02992],[-105.266051,28.029927],[-105.263417,28.027823],[-105.263364,28.027739],[-105.266459,28.027345]]]}},{"type":"Feature","properties":{"modulo":12,"idparcela":"************","productor":null,"cultivo":null,"superficie_fisica_ha":null,"superficie_riego_ha":null,"hectareas":9.348},"geometry":{"type":"Polygon","coordinates":[[[-105.266459,28.027345],[-105.269557,28.026992],[-105.269735,28.026988],[-105.269827,28.027079],[-105.269936,28.027193],[-105.270115,28.02737],[-105.270321,28.027593],[-105.270573,28.027761],[-105.270787,28.02801],[-105.270929,28.028462],[-105.271045,28.028553],[-105.271222,28.02864],[-105.271416,28.028878],[-105.271619,28.02904],[-105.271735,28.029124],[-105.271943,28.029275],[-105.272048,28.029417],[-105.27197,28.029421],[-105.27097,28.029483],[-105.270964,28.029484],[-105.269531,28.029573],[-105.269477,28.029574],[-105.269304,28.029578],[-105.26931,28.029585],[-105.269304,28.029585],[-105.269297,28.029578],[-105.269186,28.029581],[-105.268931,28.029609],[-105.268531,28.029653],[-105.268519,28.029635],[-105.266459,28.027345]]]}},{"type":"Feature","properties":{"modulo":12,"idparcela":"8735","productor":"FERNANDEZ QUI¥ONEZ MARIO ALBERTO","cultivo":null,"superficie_fisica_ha":2.008,"superficie_riego_ha":2.008,"hectareas":2.395},"geometry":{"type":"Polygon","coordinates":[[[-105.265613,28.000864],[-105.265509,28.000821],[-105.265397,28.00078],[-105.265353,28.000764],[-105.265381,28.000703],[-105.265427,28.000556],[-105.265494,28.000372],[-105.265504,28.0002],[-105.265493,28.000079],[-105.265547,27.999841],[-105.266672,27.998295],[-105.266862,27.998065],[-105.26693,27.998086],[-105.266987,27.998133],[-105.267043,27.998211],[-105.267038,27.998282],[-105.266956,27.998598],[-105.266479,28.000348],[-105.266279,28.000936],[-105.265613,28.000864]]]}},{"type":"Feature","properties":{"modulo":12,"idparcela":"************","productor":null,"cultivo":null,"superficie_fisica_ha":null,"superficie_riego_ha":null,"hectareas":7.069},"geometry":{"type":"Polygon","coordinates":[[[-105.27833,28.00161],[-105.278382,28.002114],[-105.278394,28.002193],[-105.278325,28.002184],[-105.272747,28.002791],[-105.272389,28.00283],[-105.272208,28.002849],[-105.270402,28.003046],[-105.269914,28.003099],[-105.267252,28.003388],[-105.267194,28.003033],[-105.267173,28.002879],[-105.267165,28.002802],[-105.27833,28.00161]]]}},{"type":"Feature","properties":{"modulo":12,"idparcela":"************","productor":null,"cultivo":null,"superficie_fisica_ha":null,"superficie_riego_ha":null,"hectareas":7.111},"geometry":{"type":"Polygon","coordinates":[[[-105.278074,28.000586],[-105.267609,28.001685],[-105.267456,28.001684],[-105.26785,28.001001],[-105.267985,28.000997],[-105.27788,27.999987],[-105.278074,28.000586]]]}},{"type":"Feature","properties":{"modulo":12,"idparcela":"8725","productor":"VILLOTA CHAVERO SERGIO","cultivo":null,"superficie_fisica_ha":5.3131,"superficie_riego_ha":5.3131,"hectareas":3.762},"geometry":{"type":"Polygon","coordinates":[[[-105.262046,28.001938],[-105.261152,28.001781],[-105.260932,28.001721],[-105.260596,28.001562],[-105.265244,28.001932],[-105.265249,28.002261],[-105.265242,28.002541],[-105.265214,28.002821],[-105.265218,28.003136],[-105.265158,28.003479],[-105.265094,28.00366],[-105.26497,28.003904],[-105.264864,28.003976],[-105.264828,28.003976],[-105.264794,28.00394],[-105.264695,28.003742],[-105.264621,28.003652],[-105.264421,28.003409],[-105.264088,28.003103],[-105.263708,28.002805],[-105.263423,28.002607],[-105.263135,28.00231],[-105.262596,28.002069],[-105.262046,28.001938]]]}},{"type":"Feature","properties":{"modulo":12,"idparcela":"************","productor":null,"cultivo":null,"superficie_fisica_ha":null,"superficie_riego_ha":null,"hectareas":6.443},"geometry":{"type":"Polygon","coordinates":[[[-105.260596,28.001562],[-105.260687,28.001431],[-105.261316,28.000572],[-105.262265,27.999298],[-105.262389,27.999157],[-105.263746,28.000588],[-105.265248,28.001744],[-105.265244,28.001932],[-105.260596,28.001562]]]}},{"type":"Feature","properties":{"modulo":12,"idparcela":"8728","productor":"VILLOTA ARMENDARIZ GUADALUPE","cultivo":null,"superficie_fisica_ha":5.3131,"superficie_riego_ha":5.3131,"hectareas":6.409},"geometry":{"type":"Polygon","coordinates":[[[-105.265248,28.001744],[-105.263746,28.000588],[-105.262389,27.999157],[-105.263343,27.997898],[-105.263564,27.997585],[-105.265421,27.999996],[-105.265493,28.000079],[-105.265504,28.0002],[-105.265494,28.000372],[-105.265427,28.000556],[-105.265381,28.000703],[-105.265353,28.000764],[-105.265288,28.0009],[-105.265273,28.001034],[-105.265271,28.001085],[-105.265266,28.001188],[-105.265258,28.00136],[-105.265255,28.001422],[-105.265248,28.001744]]]}},{"type":"Feature","properties":{"modulo":12,"idparcela":"8727","productor":"VILLOTA ARMENDARIZ MANUEL","cultivo":null,"superficie_fisica_ha":5.3131,"superficie_riego_ha":5.3131,"hectareas":5.908},"geometry":{"type":"Polygon","coordinates":[[[-105.266672,27.998295],[-105.265547,27.999841],[-105.265493,28.000079],[-105.265421,27.999996],[-105.263564,27.997585],[-105.26412,27.996824],[-105.264489,27.996286],[-105.266672,27.998295]]]}},{"type":"Feature","properties":{"modulo":12,"idparcela":"8731","productor":"VILLOTA DOMINGUEZ GUADALUPE","cultivo":null,"superficie_fisica_ha":5.3131,"superficie_riego_ha":5.3131,"hectareas":5.654},"geometry":{"type":"Polygon","coordinates":[[[-105.265316,27.995033],[-105.267774,27.99648],[-105.266964,27.997767],[-105.266862,27.998065],[-105.266672,27.998295],[-105.264489,27.996286],[-105.26489,27.99569],[-105.265316,27.995033]]]}},{"type":"Feature","properties":{"modulo":12,"idparcela":"8733","productor":"FERNANDEZ QUI¥ONEZ RAMON ORLANDO","cultivo":null,"superficie_fisica_ha":6.8689,"superficie_riego_ha":6.8689,"hectareas":6.969},"geometry":{"type":"Polygon","coordinates":[[[-105.270655,27.996334],[-105.270599,27.996404],[-105.26937,27.99841],[-105.268967,27.999111],[-105.268699,27.998833],[-105.267347,27.997486],[-105.268543,27.9957],[-105.270641,27.995824],[-105.270866,27.995838],[-105.270655,27.996334]]]}},{"type":"Feature","properties":{"modulo":12,"idparcela":"8750","productor":"RODRIGUEZ NATIVIDAD SOCORRO ARTURO","cultivo":null,"superficie_fisica_ha":2.7696,"superficie_riego_ha":2.7696,"hectareas":2.742},"geometry":{"type":"Polygon","coordinates":[[[-105.267087,28.003412],[-105.267309,28.005145],[-105.266952,28.005181],[-105.265905,28.005273],[-105.26525,28.00539],[-105.265415,28.005203],[-105.265433,28.005183],[-105.266699,28.003072],[-105.266928,28.002652],[-105.267087,28.003412]]]}},{"type":"Feature","properties":{"modulo":12,"idparcela":"8732","productor":"FERNANDEZ GUEVARA RAMON","cultivo":null,"superficie_fisica_ha":2.686,"superficie_riego_ha":2.686,"hectareas":2.712},"geometry":{"type":"Polygon","coordinates":[[[-105.274434,27.996106],[-105.274596,27.996205],[-105.274788,27.996359],[-105.270695,27.996335],[-105.270655,27.996334],[-105.270866,27.995838],[-105.271141,27.995489],[-105.272249,27.995557],[-105.2727,27.995603],[-105.273435,27.995737],[-105.273918,27.995848],[-105.274434,27.996106]]]}},{"type":"Feature","properties":{"modulo":12,"idparcela":"************","productor":null,"cultivo":null,"superficie_fisica_ha":null,"superficie_riego_ha":null,"hectareas":6.634},"geometry":{"type":"Polygon","coordinates":[[[-105.277688,27.999398],[-105.27788,27.999987],[-105.267985,28.000997],[-105.26785,28.001001],[-105.268214,28.000369],[-105.268247,28.000314],[-105.268382,28.000311],[-105.277688,27.999398]]]}},{"type":"Feature","properties":{"modulo":12,"idparcela":"************","productor":null,"cultivo":null,"superficie_fisica_ha":null,"superficie_riego_ha":null,"hectareas":6.448},"geometry":{"type":"Polygon","coordinates":[[[-105.278245,28.001167],[-105.27833,28.00161],[-105.267165,28.002802],[-105.267135,28.002681],[-105.267024,28.002433],[-105.267154,28.002208],[-105.267318,28.002203],[-105.278081,28.001158],[-105.278214,28.001158],[-105.278245,28.001167]]]}},{"type":"Feature","properties":{"modulo":12,"idparcela":"************","productor":null,"cultivo":null,"superficie_fisica_ha":null,"superficie_riego_ha":null,"hectareas":6.232},"geometry":{"type":"Polygon","coordinates":[[[-105.278214,28.001158],[-105.278081,28.001158],[-105.267318,28.002203],[-105.267154,28.002208],[-105.267456,28.001684],[-105.267609,28.001685],[-105.278074,28.000586],[-105.278214,28.001158]]]}},{"type":"Feature","properties":{"modulo":12,"idparcela":"************","productor":null,"cultivo":null,"superficie_fisica_ha":null,"superficie_riego_ha":null,"hectareas":3.112},"geometry":{"type":"Polygon","coordinates":[[[-105.270074,28.004217],[-105.269914,28.003099],[-105.270402,28.003046],[-105.272208,28.002849],[-105.272389,28.00283],[-105.272478,28.003307],[-105.272541,28.003716],[-105.272585,28.003973],[-105.270074,28.004217]]]}},{"type":"Feature","properties":{"modulo":12,"idparcela":"************","productor":null,"cultivo":null,"superficie_fisica_ha":null,"superficie_riego_ha":null,"hectareas":5.498},"geometry":{"type":"Polygon","coordinates":[[[-105.275124,28.003726],[-105.275428,28.004421],[-105.275346,28.004388],[-105.275242,28.004388],[-105.273382,28.004537],[-105.270196,28.00485],[-105.267708,28.005101],[-105.267542,28.005112],[-105.267473,28.005116],[-105.267472,28.005047],[-105.267462,28.004925],[-105.267419,28.004624],[-105.267415,28.00448],[-105.270074,28.004217],[-105.272585,28.003973],[-105.273989,28.003837],[-105.275124,28.003726]]]}},{"type":"Feature","properties":{"modulo":12,"idparcela":"8767","productor":"FRANCO BAEZA VICTOR MANUEL","cultivo":null,"superficie_fisica_ha":22,"superficie_riego_ha":22,"hectareas":11.277},"geometry":{"type":"Polygon","coordinates":[[[-105.279436,28.009293],[-105.279875,28.009785],[-105.280096,28.010064],[-105.2801,28.010069],[-105.280133,28.010108],[-105.280156,28.010136],[-105.279868,28.010158],[-105.276244,28.010442],[-105.274041,28.010614],[-105.269643,28.010958],[-105.268934,28.011013],[-105.268577,28.01104],[-105.268317,28.010128],[-105.279436,28.009293]]]}},{"type":"Feature","properties":{"modulo":12,"idparcela":"8760","productor":"FRANCO URANGA SALVADOR","cultivo":null,"superficie_fisica_ha":13.045,"superficie_riego_ha":13.045,"hectareas":13.312},"geometry":{"type":"Polygon","coordinates":[[[-105.268317,28.010128],[-105.268105,28.009259],[-105.26802,28.009117],[-105.268019,28.00912],[-105.268038,28.008978],[-105.268153,28.008956],[-105.268283,28.008945],[-105.272339,28.008676],[-105.27366,28.008597],[-105.2757,28.008444],[-105.275908,28.008439],[-105.275943,28.008438],[-105.278328,28.008286],[-105.278449,28.008266],[-105.279159,28.008983],[-105.279436,28.009293],[-105.268317,28.010128]]]}},{"type":"Feature","properties":{"modulo":12,"idparcela":"8741","productor":"DOMINGUEZ C. JESUS","cultivo":null,"superficie_fisica_ha":5.51,"superficie_riego_ha":5.51,"hectareas":6.469},"geometry":{"type":"Polygon","coordinates":[[[-105.277514,27.998761],[-105.277688,27.999398],[-105.268382,28.000311],[-105.268247,28.000314],[-105.268665,27.999617],[-105.27736,27.998792],[-105.277514,27.998761]]]}},{"type":"Feature","properties":{"modulo":12,"idparcela":"************","productor":null,"cultivo":null,"superficie_fisica_ha":null,"superficie_riego_ha":null,"hectareas":20.81},"geometry":{"type":"Polygon","coordinates":[[[-105.270599,27.996404],[-105.270655,27.996334],[-105.270695,27.996335],[-105.274788,27.996359],[-105.274949,27.996504],[-105.275673,27.997046],[-105.277068,27.998047],[-105.277388,27.9983],[-105.277514,27.998761],[-105.27736,27.998792],[-105.268665,27.999617],[-105.268967,27.999111],[-105.26937,27.99841],[-105.270599,27.996404]]]}},{"type":"Feature","properties":{"modulo":12,"idparcela":"************","productor":null,"cultivo":null,"superficie_fisica_ha":null,"superficie_riego_ha":null,"hectareas":5.454},"geometry":{"type":"Polygon","coordinates":[[[-105.265509,28.000821],[-105.265613,28.000864],[-105.266279,28.000936],[-105.266282,28.000964],[-105.266252,28.001106],[-105.266253,28.001275],[-105.266394,28.00163],[-105.266928,28.002652],[-105.266699,28.003072],[-105.265433,28.005183],[-105.26525,28.00539],[-105.265155,28.005355],[-105.265059,28.004847],[-105.265083,28.004596],[-105.264966,28.004217],[-105.26497,28.003904],[-105.265094,28.00366],[-105.265108,28.003621],[-105.265158,28.003479],[-105.265166,28.003438],[-105.265195,28.003265],[-105.265218,28.003136],[-105.265217,28.003101],[-105.265214,28.002821],[-105.265242,28.002541],[-105.265249,28.002261],[-105.265244,28.001932],[-105.265248,28.001744],[-105.265255,28.001422],[-105.265258,28.00136],[-105.265266,28.001188],[-105.265271,28.001085],[-105.265273,28.001034],[-105.265288,28.0009],[-105.265353,28.000764],[-105.265397,28.00078],[-105.265509,28.000821]]]}},{"type":"Feature","properties":{"modulo":12,"idparcela":"8755","productor":"OROZCO MORALES SOCORRO","cultivo":null,"superficie_fisica_ha":4.7319,"superficie_riego_ha":4.7319,"hectareas":3.237},"geometry":{"type":"Polygon","coordinates":[[[-105.269914,28.003099],[-105.270074,28.004217],[-105.267415,28.00448],[-105.267252,28.003388],[-105.269914,28.003099]]]}},{"type":"Feature","properties":{"modulo":12,"idparcela":"9131","productor":"ARROYO ARROYO MANUEL","cultivo":null,"superficie_fisica_ha":0.99,"superficie_riego_ha":0.99,"hectareas":1.658},"geometry":{"type":"Polygon","coordinates":[[[-105.288016,28.049263],[-105.288069,28.049278],[-105.287869,28.051055],[-105.28768,28.051062],[-105.286913,28.051092],[-105.286879,28.051094],[-105.28613,28.051124],[-105.286359,28.050606],[-105.286671,28.050484],[-105.286979,28.050321],[-105.28731,28.050122],[-105.287741,28.049787],[-105.287875,28.049633],[-105.287975,28.049489],[-105.287991,28.049398],[-105.288016,28.049263]]]}},{"type":"Feature","properties":{"modulo":12,"idparcela":"8992","productor":"ROCILLO MARTINEZ ROBERTO","cultivo":null,"superficie_fisica_ha":3.75,"superficie_riego_ha":3.75,"hectareas":3.707},"geometry":{"type":"Polygon","coordinates":[[[-105.289759,28.050967],[-105.289728,28.050968],[-105.287928,28.051052],[-105.287869,28.051055],[-105.288069,28.049278],[-105.288142,28.049277],[-105.288192,28.049275],[-105.288944,28.049234],[-105.288992,28.049225],[-105.289325,28.049214],[-105.289433,28.049211],[-105.290062,28.049192],[-105.290037,28.049224],[-105.289759,28.050967]]]}},{"type":"Feature","properties":{"modulo":12,"idparcela":"8983","productor":"RODRIGUEZ AGUILAR ANTONIO","cultivo":null,"superficie_fisica_ha":2.136,"superficie_riego_ha":2.136,"hectareas":1.18},"geometry":{"type":"Polygon","coordinates":[[[-105.288944,28.049234],[-105.288192,28.049275],[-105.288303,28.048814],[-105.288372,28.048545],[-105.288394,28.048456],[-105.288457,28.048202],[-105.288555,28.047649],[-105.288558,28.047581],[-105.288569,28.047292],[-105.288956,28.047289],[-105.288963,28.047742],[-105.288988,28.048903],[-105.288992,28.049225],[-105.288944,28.049234]]]}},{"type":"Feature","properties":{"modulo":12,"idparcela":"8986","productor":"GONZALEZ CHAVEZ ANA","cultivo":null,"superficie_fisica_ha":4.95,"superficie_riego_ha":4.95,"hectareas":4.218},"geometry":{"type":"Polygon","coordinates":[[[-105.294054,28.048976],[-105.293005,28.048978],[-105.292169,28.049025],[-105.291588,28.0473],[-105.291574,28.047264],[-105.294009,28.047177],[-105.294064,28.047184],[-105.294054,28.048976]]]}},{"type":"Feature","properties":{"modulo":12,"idparcela":"************","productor":null,"cultivo":null,"superficie_fisica_ha":null,"superficie_riego_ha":null,"hectareas":2.984},"geometry":{"type":"Polygon","coordinates":[[[-105.294565,28.05476],[-105.294567,28.05532],[-105.294488,28.055324],[-105.294378,28.055338],[-105.289835,28.055577],[-105.289834,28.05498],[-105.294565,28.05476]]]}},{"type":"Feature","properties":{"modulo":12,"idparcela":"8896","productor":"LICON GARCIA GUADALUPE","cultivo":null,"superficie_fisica_ha":18.5,"superficie_riego_ha":18.5,"hectareas":13.595},"geometry":{"type":"Polygon","coordinates":[[[-105.282809,28.053932],[-105.282929,28.053772],[-105.283034,28.053587],[-105.283055,28.053343],[-105.283292,28.053328],[-105.284547,28.053263],[-105.286075,28.053152],[-105.2941,28.052837],[-105.301394,28.052605],[-105.301443,28.052653],[-105.301444,28.052654],[-105.301839,28.053299],[-105.294615,28.053504],[-105.282809,28.053932]]]}},{"type":"Feature","properties":{"modulo":12,"idparcela":"9132","productor":"CARRASCO CASTILLO ALFREDO","cultivo":null,"superficie_fisica_ha":2.1318,"superficie_riego_ha":2.1318,"hectareas":1.946},"geometry":{"type":"Polygon","coordinates":[[[-105.285851,28.051752],[-105.285677,28.051761],[-105.285653,28.051767],[-105.285649,28.051771],[-105.283759,28.051775],[-105.283904,28.051571],[-105.284258,28.051311],[-105.284576,28.051109],[-105.284882,28.050906],[-105.285242,28.050764],[-105.28557,28.050685],[-105.285895,28.050675],[-105.286206,28.050665],[-105.286359,28.050606],[-105.285851,28.051752]]]}},{"type":"Feature","properties":{"modulo":12,"idparcela":"************","productor":null,"cultivo":null,"superficie_fisica_ha":null,"superficie_riego_ha":null,"hectareas":2.718},"geometry":{"type":"Polygon","coordinates":[[[-105.283133,28.053179],[-105.282851,28.053161],[-105.282987,28.052731],[-105.283073,28.052409],[-105.28329,28.052025],[-105.283671,28.051768],[-105.283759,28.051775],[-105.285643,28.051775],[-105.28553,28.051866],[-105.285506,28.051885],[-105.285487,28.051896],[-105.285447,28.05192],[-105.285277,28.052023],[-105.28525,28.052039],[-105.285116,28.052172],[-105.285094,28.052193],[-105.285027,28.052262],[-105.285007,28.052283],[-105.284733,28.052725],[-105.284706,28.052767],[-105.284693,28.052789],[-105.284455,28.053117],[-105.283133,28.053179]]]}},{"type":"Feature","properties":{"modulo":12,"idparcela":"8897","productor":"LICON GARCIA MARISA","cultivo":null,"superficie_fisica_ha":19.5,"superficie_riego_ha":19.5,"hectareas":13.432},"geometry":{"type":"Polygon","coordinates":[[[-105.302196,28.053857],[-105.293759,28.054177],[-105.292805,28.054216],[-105.292032,28.054246],[-105.29123,28.054279],[-105.290484,28.05431],[-105.289401,28.05435],[-105.288272,28.054396],[-105.287426,28.054429],[-105.286321,28.054471],[-105.286211,28.054475],[-105.285086,28.054521],[-105.284074,28.054561],[-105.282511,28.054607],[-105.282506,28.054413],[-105.282611,28.054204],[-105.282757,28.054018],[-105.282809,28.053932],[-105.294615,28.053504],[-105.301839,28.053299],[-105.301963,28.053501],[-105.302196,28.053857]]]}},{"type":"Feature","properties":{"modulo":12,"idparcela":"************","productor":null,"cultivo":null,"superficie_fisica_ha":null,"superficie_riego_ha":null,"hectareas":3.681},"geometry":{"type":"Polygon","coordinates":[[[-105.28734,28.055096],[-105.287351,28.055734],[-105.281512,28.055958],[-105.281575,28.05575],[-105.281705,28.055533],[-105.281889,28.05537],[-105.28189,28.05537],[-105.283837,28.055274],[-105.285197,28.05523],[-105.28734,28.055096]]]}},{"type":"Feature","properties":{"modulo":12,"idparcela":"************","productor":null,"cultivo":null,"superficie_fisica_ha":null,"superficie_riego_ha":null,"hectareas":1.665},"geometry":{"type":"Polygon","coordinates":[[[-105.289834,28.05498],[-105.289835,28.055576],[-105.289646,28.055586],[-105.28946,28.055598],[-105.289154,28.055617],[-105.288926,28.055632],[-105.288711,28.055648],[-105.288446,28.055665],[-105.288227,28.055679],[-105.287983,28.055692],[-105.287742,28.05571],[-105.287537,28.055724],[-105.287351,28.055734],[-105.28734,28.055096],[-105.289834,28.05498]]]}},{"type":"Feature","properties":{"modulo":12,"idparcela":"8899","productor":"ORTEGA GONZALEZ FELIPE LORENZO","cultivo":null,"superficie_fisica_ha":2.4058,"superficie_riego_ha":2.4058,"hectareas":2.157},"geometry":{"type":"Polygon","coordinates":[[[-105.298264,28.054563],[-105.302532,28.054382],[-105.302594,28.054564],[-105.302702,28.054837],[-105.301472,28.054887],[-105.300923,28.054909],[-105.299825,28.054953],[-105.299322,28.054973],[-105.298294,28.055013],[-105.298262,28.055014],[-105.298261,28.054673],[-105.298261,28.054626],[-105.298264,28.054563]]]}},{"type":"Feature","properties":{"modulo":12,"idparcela":"8900","productor":"ORTEGA GONZALEZ FELIPE LORENZO","cultivo":null,"superficie_fisica_ha":5.7389,"superficie_riego_ha":5.7389,"hectareas":11.508},"geometry":{"type":"Polygon","coordinates":[[[-105.294473,28.056206],[-105.293119,28.056264],[-105.292039,28.056312],[-105.290812,28.056365],[-105.289743,28.056415],[-105.288583,28.056466],[-105.287422,28.056514],[-105.286392,28.056562],[-105.285232,28.056611],[-105.284067,28.056663],[-105.283163,28.056703],[-105.282326,28.05674],[-105.281563,28.056772],[-105.281477,28.056468],[-105.281476,28.056074],[-105.281512,28.055958],[-105.287351,28.055734],[-105.287537,28.055724],[-105.287742,28.05571],[-105.287983,28.055692],[-105.288227,28.055679],[-105.288446,28.055665],[-105.288711,28.055648],[-105.288926,28.055632],[-105.289154,28.055617],[-105.28946,28.055598],[-105.289646,28.055586],[-105.289835,28.055576],[-105.289835,28.055577],[-105.294367,28.055338],[-105.294391,28.055479],[-105.294403,28.055605],[-105.294415,28.055644],[-105.294473,28.056206]]]}},{"type":"Feature","properties":{"modulo":12,"idparcela":"8904","productor":"FLORES GONZALEZ CLEMENTE","cultivo":null,"superficie_fisica_ha":2.009,"superficie_riego_ha":2.009,"hectareas":4.871},"geometry":{"type":"Polygon","coordinates":[[[-105.294473,28.056206],[-105.294415,28.055644],[-105.294467,28.055642],[-105.29724,28.055524],[-105.300877,28.055432],[-105.302995,28.055371],[-105.303025,28.055412],[-105.303186,28.055789],[-105.302773,28.055813],[-105.301653,28.055865],[-105.301521,28.055871],[-105.300551,28.055925],[-105.299484,28.055981],[-105.29945,28.055983],[-105.298319,28.056042],[-105.298209,28.056047],[-105.297121,28.056097],[-105.29604,28.056143],[-105.29486,28.05619],[-105.294473,28.056206]]]}},{"type":"Feature","properties":{"modulo":12,"idparcela":"************","productor":null,"cultivo":null,"superficie_fisica_ha":null,"superficie_riego_ha":null,"hectareas":16.651},"geometry":{"type":"Polygon","coordinates":[[[-105.303801,28.056963],[-105.301492,28.057076],[-105.301239,28.057078],[-105.299862,28.05715],[-105.298573,28.057199],[-105.294883,28.057362],[-105.292822,28.057403],[-105.292762,28.057406],[-105.292757,28.056558],[-105.288431,28.056725],[-105.2876,28.056757],[-105.286634,28.056795],[-105.285752,28.056829],[-105.285055,28.056856],[-105.284352,28.056883],[-105.283391,28.05692],[-105.282796,28.056943],[-105.281714,28.056985],[-105.281692,28.05695],[-105.281563,28.056772],[-105.282326,28.05674],[-105.283163,28.056703],[-105.284067,28.056663],[-105.285232,28.056611],[-105.286392,28.056562],[-105.287422,28.056514],[-105.288583,28.056466],[-105.289743,28.056415],[-105.290812,28.056365],[-105.292039,28.056312],[-105.293119,28.056264],[-105.294473,28.056206],[-105.29486,28.05619],[-105.29604,28.056143],[-105.297121,28.056097],[-105.298209,28.056047],[-105.298319,28.056042],[-105.29945,28.055983],[-105.299484,28.055981],[-105.300551,28.055925],[-105.301521,28.055871],[-105.301653,28.055865],[-105.302773,28.055813],[-105.303186,28.055789],[-105.303198,28.055827],[-105.303465,28.05635],[-105.303723,28.056854],[-105.303801,28.056963]]]}},{"type":"Feature","properties":{"modulo":12,"idparcela":"************","productor":null,"cultivo":null,"superficie_fisica_ha":null,"superficie_riego_ha":null,"hectareas":2.474},"geometry":{"type":"Polygon","coordinates":[[[-105.289048,28.058268],[-105.288025,28.058299],[-105.287986,28.058301],[-105.287837,28.058305],[-105.287123,28.058329],[-105.286772,28.05834],[-105.287176,28.05757],[-105.289979,28.057474],[-105.289975,28.057511],[-105.289975,28.058239],[-105.289048,28.058268]]]}},{"type":"Feature","properties":{"modulo":12,"idparcela":"8994","productor":"TEJEDA DE TORRES ENEDINA","cultivo":null,"superficie_fisica_ha":4.5625,"superficie_riego_ha":4.5625,"hectareas":4.661},"geometry":{"type":"Polygon","coordinates":[[[-105.298573,28.057199],[-105.299862,28.05715],[-105.301239,28.057078],[-105.301492,28.057076],[-105.303801,28.056963],[-105.303823,28.056994],[-105.303856,28.057041],[-105.303915,28.057098],[-105.303993,28.057197],[-105.304048,28.057284],[-105.304133,28.057422],[-105.304219,28.057575],[-105.304313,28.057764],[-105.301631,28.057852],[-105.301011,28.057872],[-105.30053,28.057885],[-105.29857,28.057938],[-105.298573,28.057199]]]}},{"type":"Feature","properties":{"modulo":12,"idparcela":"8995","productor":"TORRES TEJEDA FRANCISCO","cultivo":null,"superficie_fisica_ha":4.7288,"superficie_riego_ha":4.7288,"hectareas":4.549},"geometry":{"type":"Polygon","coordinates":[[[-105.29857,28.057938],[-105.297869,28.057957],[-105.295429,28.058051],[-105.294131,28.058102],[-105.29289,28.05815],[-105.292818,28.058152],[-105.292789,28.058137],[-105.292784,28.057582],[-105.292762,28.057448],[-105.292764,28.057411],[-105.292822,28.057403],[-105.294883,28.057362],[-105.298573,28.057199],[-105.29857,28.057938]]]}},{"type":"Feature","properties":{"modulo":12,"idparcela":"************","productor":null,"cultivo":null,"superficie_fisica_ha":null,"superficie_riego_ha":null,"hectareas":1.792},"geometry":{"type":"Polygon","coordinates":[[[-105.284688,28.057656],[-105.287176,28.05757],[-105.286981,28.057942],[-105.286772,28.05834],[-105.286104,28.058362],[-105.28488,28.058402],[-105.284688,28.057656]]]}},{"type":"Feature","properties":{"modulo":12,"idparcela":"9008","productor":"HOLGUIN REYES ROBERTO","cultivo":null,"superficie_fisica_ha":1.4017,"superficie_riego_ha":1.4017,"hectareas":1.689},"geometry":{"type":"Polygon","coordinates":[[[-105.282483,28.057726],[-105.284688,28.057656],[-105.28488,28.058402],[-105.284799,28.058404],[-105.284472,28.058415],[-105.283893,28.058434],[-105.283231,28.058456],[-105.283052,28.058461],[-105.28301,28.058463],[-105.282934,28.058466],[-105.282833,28.058265],[-105.28266,28.058025],[-105.282576,28.057852],[-105.282483,28.057726]]]}},{"type":"Feature","properties":{"modulo":12,"idparcela":"8985","productor":"MORALES CASTRO CARMEN","cultivo":null,"superficie_fisica_ha":4.92,"superficie_riego_ha":4.92,"hectareas":4.241},"geometry":{"type":"Polygon","coordinates":[[[-105.294064,28.047184],[-105.296267,28.047206],[-105.296318,28.048915],[-105.294054,28.048976],[-105.294064,28.047184]]]}},{"type":"Feature","properties":{"modulo":12,"idparcela":"8987","productor":"NU¥EZ VILLA JESUS MARIO","cultivo":null,"superficie_fisica_ha":4.93,"superficie_riego_ha":4.93,"hectareas":5.848},"geometry":{"type":"Polygon","coordinates":[[[-105.292169,28.049025],[-105.291856,28.049031],[-105.290535,28.049088],[-105.290532,28.049181],[-105.290159,28.04919],[-105.290153,28.04919],[-105.290062,28.049192],[-105.289433,28.049211],[-105.289325,28.049214],[-105.288992,28.049225],[-105.288988,28.048903],[-105.288963,28.047742],[-105.288956,28.047289],[-105.291574,28.047264],[-105.291588,28.0473],[-105.292169,28.049025]]]}},{"type":"Feature","properties":{"modulo":12,"idparcela":"8989","productor":"MENDEZ CASAS JOSE","cultivo":null,"superficie_fisica_ha":4.5625,"superficie_riego_ha":4.5625,"hectareas":4.821},"geometry":{"type":"Polygon","coordinates":[[[-105.294712,28.050837],[-105.29471,28.05069],[-105.294709,28.050567],[-105.294707,28.050422],[-105.294704,28.050214],[-105.294703,28.050082],[-105.2947,28.049828],[-105.294698,28.049558],[-105.294696,28.049344],[-105.294693,28.049087],[-105.297058,28.049014],[-105.297077,28.049105],[-105.297119,28.049683],[-105.297189,28.050842],[-105.2966,28.050859],[-105.296122,28.050873],[-105.295782,28.050883],[-105.29537,28.050895],[-105.294874,28.05091],[-105.294714,28.050911],[-105.294712,28.050837]]]}},{"type":"Feature","properties":{"modulo":12,"idparcela":"************","productor":null,"cultivo":null,"superficie_fisica_ha":null,"superficie_riego_ha":null,"hectareas":4.462},"geometry":{"type":"Polygon","coordinates":[[[-105.330434,28.192414],[-105.330352,28.192362],[-105.330189,28.192306],[-105.329817,28.192137],[-105.329202,28.191841],[-105.328864,28.191707],[-105.32845,28.191597],[-105.327794,28.191438],[-105.327679,28.191411],[-105.327664,28.19109],[-105.32754,28.190725],[-105.327426,28.190201],[-105.327271,28.189681],[-105.327448,28.189748],[-105.327551,28.189848],[-105.327729,28.189957],[-105.328078,28.190212],[-105.328406,28.190419],[-105.329066,28.190733],[-105.329713,28.191059],[-105.330429,28.191426],[-105.331509,28.19188],[-105.330914,28.192636],[-105.330585,28.192478],[-105.330434,28.192414]]]}},{"type":"Feature","properties":{"modulo":12,"idparcela":"************","productor":null,"cultivo":null,"superficie_fisica_ha":null,"superficie_riego_ha":null,"hectareas":13.315},"geometry":{"type":"Polygon","coordinates":[[[-105.313715,28.192964],[-105.313725,28.192926],[-105.313968,28.192593],[-105.314052,28.192504],[-105.314358,28.192179],[-105.31473,28.191785],[-105.315113,28.191335],[-105.315308,28.191391],[-105.31573,28.191536],[-105.316562,28.191827],[-105.317174,28.192105],[-105.317525,28.192217],[-105.318343,28.192509],[-105.318716,28.192634],[-105.318996,28.192722],[-105.319377,28.192848],[-105.319658,28.192983],[-105.319815,28.193036],[-105.319976,28.193073],[-105.320115,28.193121],[-105.320229,28.193161],[-105.322247,28.193851],[-105.32362,28.194321],[-105.323277,28.194535],[-105.32312,28.194599],[-105.322735,28.194871],[-105.32255,28.195042],[-105.322467,28.195079],[-105.321982,28.194899],[-105.321382,28.194684],[-105.321006,28.194532],[-105.320598,28.194415],[-105.320298,28.194317],[-105.319955,28.194236],[-105.319608,28.194165],[-105.318976,28.194013],[-105.318915,28.193986],[-105.31734,28.193688],[-105.317223,28.193678],[-105.315578,28.193344],[-105.314845,28.193219],[-105.313715,28.192964]]]}},{"type":"Feature","properties":{"modulo":12,"idparcela":"9361","productor":"ESPARZA CASAS ALEJANDRO","cultivo":null,"superficie_fisica_ha":4.6192,"superficie_riego_ha":4.6192,"hectareas":7.186},"geometry":{"type":"Polygon","coordinates":[[[-105.31363,28.195125],[-105.313662,28.195094],[-105.31372,28.195035],[-105.313758,28.194998],[-105.313779,28.194973],[-105.313814,28.19493],[-105.313865,28.194813],[-105.314009,28.194631],[-105.314353,28.194144],[-105.314557,28.193798],[-105.316988,28.194731],[-105.31771,28.195013],[-105.318162,28.195201],[-105.318247,28.195241],[-105.320697,28.196144],[-105.320675,28.196153],[-105.320498,28.196255],[-105.320464,28.196247],[-105.320272,28.196194],[-105.319884,28.196041],[-105.319556,28.195925],[-105.319373,28.195883],[-105.319238,28.195873],[-105.319117,28.195935],[-105.319002,28.195989],[-105.318872,28.196134],[-105.31877,28.196233],[-105.318677,28.196243],[-105.318553,28.196198],[-105.318461,28.196081],[-105.318372,28.195873],[-105.318289,28.195675],[-105.318235,28.19563],[-105.317892,28.195647],[-105.317725,28.195658],[-105.317318,28.195695],[-105.317088,28.195714],[-105.316703,28.195785],[-105.316593,28.19581],[-105.316261,28.195883],[-105.315928,28.195941],[-105.315734,28.195949],[-105.315437,28.195943],[-105.314724,28.196024],[-105.3146,28.196055],[-105.314575,28.195664],[-105.314523,28.195539],[-105.314066,28.195405],[-105.313901,28.195387],[-105.313677,28.195331],[-105.313621,28.195306],[-105.313575,28.195285],[-105.313513,28.195256],[-105.313533,28.195217],[-105.313571,28.195178],[-105.31363,28.195125]]]}},{"type":"Feature","properties":{"modulo":12,"idparcela":"9458","productor":"RAMIREZ VALENZUELA ALFREDO","cultivo":null,"superficie_fisica_ha":3.8022,"superficie_riego_ha":3.8022,"hectareas":3.05},"geometry":{"type":"Polygon","coordinates":[[[-105.31338,28.193325],[-105.313598,28.193147],[-105.313715,28.192964],[-105.314845,28.193219],[-105.315578,28.193344],[-105.317223,28.193678],[-105.317219,28.193776],[-105.316988,28.194731],[-105.314557,28.193798],[-105.313987,28.193565],[-105.31338,28.193325]]]}},{"type":"Feature","properties":{"modulo":12,"idparcela":"************","productor":null,"cultivo":null,"superficie_fisica_ha":null,"superficie_riego_ha":null,"hectareas":5.37},"geometry":{"type":"Polygon","coordinates":[[[-105.334316,28.185214],[-105.336485,28.18664],[-105.336295,28.186855],[-105.336048,28.187206],[-105.336002,28.18731],[-105.335947,28.187522],[-105.335952,28.187629],[-105.335919,28.187746],[-105.335861,28.187881],[-105.335748,28.188],[-105.334285,28.187126],[-105.33265,28.186129],[-105.332746,28.186068],[-105.333998,28.185359],[-105.334219,28.185223],[-105.334289,28.185214],[-105.334316,28.185214]]]}},{"type":"Feature","properties":{"modulo":12,"idparcela":"9412","productor":"MONCAYO JURADO PILAR","cultivo":null,"superficie_fisica_ha":8.9312,"superficie_riego_ha":8.4937,"hectareas":8.375},"geometry":{"type":"Polygon","coordinates":[[[-105.335224,28.192729],[-105.334511,28.192288],[-105.334404,28.192217],[-105.333123,28.191406],[-105.332358,28.190945],[-105.332228,28.190871],[-105.32869,28.188748],[-105.329662,28.188116],[-105.33307,28.190143],[-105.333902,28.190628],[-105.334462,28.19096],[-105.334932,28.19124],[-105.335006,28.191304],[-105.335196,28.191448],[-105.335386,28.191582],[-105.335484,28.191981],[-105.335514,28.192097],[-105.335495,28.192178],[-105.335424,28.19234],[-105.335224,28.192729]]]}},{"type":"Feature","properties":{"modulo":12,"idparcela":"9411","productor":"GARCIA LEVARIO SERGIO ANTONIO","cultivo":null,"superficie_fisica_ha":9.122,"superficie_riego_ha":9.122,"hectareas":8.516},"geometry":{"type":"Polygon","coordinates":[[[-105.326928,28.186166],[-105.329521,28.188038],[-105.328622,28.188612],[-105.327774,28.18916],[-105.324165,28.188229],[-105.324324,28.188117],[-105.324513,28.187954],[-105.324911,28.187646],[-105.325031,28.187508],[-105.325156,28.187403],[-105.325411,28.187322],[-105.325828,28.187173],[-105.326171,28.187048],[-105.326275,28.187001],[-105.32637,28.186891],[-105.326499,28.186683],[-105.326928,28.186166]]]}},{"type":"Feature","properties":{"modulo":12,"idparcela":"9407","productor":"NU¥EZ ANAYA FRANCISCO","cultivo":null,"superficie_fisica_ha":8.4318,"superficie_riego_ha":8.4318,"hectareas":11.543},"geometry":{"type":"Polygon","coordinates":[[[-105.33023,28.184066],[-105.33038,28.184132],[-105.330526,28.184186],[-105.33067,28.184221],[-105.330839,28.184302],[-105.33103,28.184356],[-105.332532,28.184623],[-105.333541,28.184841],[-105.333767,28.184872],[-105.333703,28.185148],[-105.33366,28.185297],[-105.332376,28.18613],[-105.331511,28.186672],[-105.33141,28.186719],[-105.331296,28.186765],[-105.331152,28.186855],[-105.331091,28.186932],[-105.330998,28.187011],[-105.328375,28.185637],[-105.327458,28.185466],[-105.327972,28.184816],[-105.328138,28.184482],[-105.328274,28.184528],[-105.328288,28.184579],[-105.328338,28.184624],[-105.328444,28.184696],[-105.32859,28.18475],[-105.3287,28.18471],[-105.328802,28.184665],[-105.328848,28.184601],[-105.328858,28.184523],[-105.328791,28.184424],[-105.328724,28.184316],[-105.328653,28.184217],[-105.32856,28.184181],[-105.328453,28.184182],[-105.32839,28.184146],[-105.328346,28.184055],[-105.328361,28.183956],[-105.328402,28.183866],[-105.328465,28.183839],[-105.328541,28.183866],[-105.328619,28.18391],[-105.328653,28.18391],[-105.328719,28.183901],[-105.328811,28.183828],[-105.328962,28.183832],[-105.329671,28.18393],[-105.330006,28.183987],[-105.33023,28.184066]]]}},{"type":"Feature","properties":{"modulo":12,"idparcela":"************","productor":null,"cultivo":null,"superficie_fisica_ha":null,"superficie_riego_ha":null,"hectareas":13.557},"geometry":{"type":"Polygon","coordinates":[[[-105.326443,28.182842],[-105.32668,28.182908],[-105.326931,28.182966],[-105.327809,28.183154],[-105.328144,28.18328],[-105.328176,28.183298],[-105.328207,28.183352],[-105.328195,28.183388],[-105.328173,28.183442],[-105.328118,28.183524],[-105.32807,28.183632],[-105.328074,28.183704],[-105.328067,28.183813],[-105.328049,28.183993],[-105.328029,28.18411],[-105.32797,28.184291],[-105.327892,28.184454],[-105.327783,28.184616],[-105.327547,28.184906],[-105.327443,28.185041],[-105.327237,28.185294],[-105.327084,28.185511],[-105.32698,28.185656],[-105.326909,28.185807],[-105.326874,28.185818],[-105.325677,28.186169],[-105.32565,28.186176],[-105.324568,28.186716],[-105.323746,28.187343],[-105.323381,28.187503],[-105.323357,28.187514],[-105.323094,28.187661],[-105.322934,28.187933],[-105.322877,28.187822],[-105.322753,28.187712],[-105.32274,28.187656],[-105.322769,28.187597],[-105.322836,28.18745],[-105.322922,28.187308],[-105.32327,28.1865],[-105.32353,28.185807],[-105.323631,28.185614],[-105.323779,28.185167],[-105.323873,28.184998],[-105.324019,28.184874],[-105.324145,28.184771],[-105.32429,28.184625],[-105.324371,28.184547],[-105.324516,28.184405],[-105.324696,28.184256],[-105.324849,28.18411],[-105.324952,28.184028],[-105.32503,28.183892],[-105.325051,28.183735],[-105.325073,28.183547],[-105.325092,28.18339],[-105.32513,28.18316],[-105.325149,28.18299],[-105.325179,28.182795],[-105.325223,28.182683],[-105.325274,28.182533],[-105.325361,28.182538],[-105.325461,28.182564],[-105.325908,28.182726],[-105.326307,28.182797],[-105.326443,28.182842]]]}},{"type":"Feature","properties":{"modulo":12,"idparcela":"************","productor":null,"cultivo":null,"superficie_fisica_ha":null,"superficie_riego_ha":null,"hectareas":1.149},"geometry":{"type":"Polygon","coordinates":[[[-105.320864,28.188044],[-105.32103,28.187957],[-105.32115,28.187931],[-105.321338,28.187903],[-105.321483,28.187817],[-105.321689,28.187723],[-105.321942,28.187651],[-105.32213,28.187669],[-105.322378,28.18778],[-105.322693,28.18794],[-105.322657,28.187983],[-105.321953,28.188313],[-105.321754,28.188389],[-105.32146,28.188472],[-105.321153,28.188538],[-105.32102,28.188582],[-105.320587,28.188649],[-105.320603,28.188602],[-105.320629,28.188519],[-105.320668,28.188449],[-105.320746,28.18831],[-105.320713,28.18816],[-105.320864,28.188044]]]}},{"type":"Feature","properties":{"modulo":12,"idparcela":"9353","productor":"RODRIGUEZ CONTRERAS OCTAVIO","cultivo":null,"superficie_fisica_ha":16.9186,"superficie_riego_ha":16.9186,"hectareas":7.976},"geometry":{"type":"Polygon","coordinates":[[[-105.32503,28.182574],[-105.32503,28.182701],[-105.324954,28.183042],[-105.324887,28.183756],[-105.324881,28.183847],[-105.324825,28.183941],[-105.324779,28.184001],[-105.324614,28.184133],[-105.3245,28.184239],[-105.324354,28.184374],[-105.324178,28.184544],[-105.323895,28.18479],[-105.323746,28.184928],[-105.323664,28.185079],[-105.323586,28.185254],[-105.323505,28.185468],[-105.323328,28.185874],[-105.323107,28.186468],[-105.322835,28.18711],[-105.32263,28.187502],[-105.322596,28.187559],[-105.322557,28.187634],[-105.322477,28.187679],[-105.322397,28.187652],[-105.322345,28.187589],[-105.322288,28.187481],[-105.322236,28.187413],[-105.322176,28.187383],[-105.322094,28.187371],[-105.321973,28.187373],[-105.321812,28.187446],[-105.32167,28.187518],[-105.321518,28.187609],[-105.321393,28.187654],[-105.321357,28.187609],[-105.321372,28.187555],[-105.321422,28.187451],[-105.321493,28.187318],[-105.321588,28.187198],[-105.321754,28.186979],[-105.321857,28.186706],[-105.321949,28.186499],[-105.322028,28.186336],[-105.322071,28.186047],[-105.322137,28.185875],[-105.322244,28.185631],[-105.322362,28.185342],[-105.322486,28.185035],[-105.322728,28.184132],[-105.322814,28.183897],[-105.322903,28.183726],[-105.323039,28.183482],[-105.323237,28.183192],[-105.323394,28.182993],[-105.323552,28.182795],[-105.32366,28.182632],[-105.32381,28.182406],[-105.323939,28.182261],[-105.324064,28.182225],[-105.324204,28.182233],[-105.324953,28.182397],[-105.325011,28.182475],[-105.32503,28.182574]]]}},{"type":"Feature","properties":{"modulo":12,"idparcela":"************","productor":null,"cultivo":null,"superficie_fisica_ha":null,"superficie_riego_ha":null,"hectareas":3.456},"geometry":{"type":"Polygon","coordinates":[[[-105.318677,28.189823],[-105.318834,28.189764],[-105.31889,28.189741],[-105.319107,28.189653],[-105.319133,28.189642],[-105.3193,28.189564],[-105.319408,28.189514],[-105.319499,28.18946],[-105.319729,28.189325],[-105.319972,28.18922],[-105.32026,28.189308],[-105.320425,28.189326],[-105.320577,28.189362],[-105.320741,28.189407],[-105.321271,28.189586],[-105.321231,28.189694],[-105.321157,28.189722],[-105.321042,28.189785],[-105.320879,28.189867],[-105.320726,28.189966],[-105.320574,28.190075],[-105.320418,28.190229],[-105.320308,28.190382],[-105.320152,28.190617],[-105.319929,28.191032],[-105.317635,28.190491],[-105.317924,28.190312],[-105.318181,28.19014],[-105.318439,28.18999],[-105.318568,28.189893],[-105.318648,28.189833],[-105.318677,28.189823]]]}},{"type":"Feature","properties":{"modulo":12,"idparcela":"************","productor":null,"cultivo":null,"superficie_fisica_ha":null,"superficie_riego_ha":null,"hectareas":0.323},"geometry":{"type":"Polygon","coordinates":[[[-105.324406,28.193396],[-105.324378,28.193531],[-105.324308,28.193946],[-105.324291,28.194088],[-105.32423,28.194179],[-105.324014,28.194209],[-105.323745,28.194224],[-105.323749,28.194047],[-105.323871,28.193802],[-105.324406,28.193396]]]}},{"type":"Feature","properties":{"modulo":12,"idparcela":"************","productor":null,"cultivo":null,"superficie_fisica_ha":null,"superficie_riego_ha":null,"hectareas":5.037},"geometry":{"type":"Polygon","coordinates":[[[-105.320617,28.190554],[-105.322565,28.190942],[-105.322663,28.19097],[-105.322795,28.19101],[-105.32288,28.191028],[-105.323403,28.191101],[-105.323594,28.191115],[-105.323709,28.191117],[-105.324788,28.191134],[-105.324976,28.191137],[-105.325107,28.191142],[-105.325279,28.191153],[-105.325324,28.191157],[-105.325418,28.191165],[-105.325323,28.191219],[-105.325138,28.191327],[-105.325041,28.1914],[-105.324919,28.191508],[-105.324801,28.191608],[-105.324747,28.191716],[-105.324665,28.191879],[-105.324593,28.192024],[-105.324547,28.192159],[-105.324527,28.19224],[-105.324485,28.192358],[-105.324428,28.192484],[-105.32021,28.191304],[-105.320241,28.191141],[-105.320316,28.190982],[-105.32041,28.190791],[-105.320505,28.190613],[-105.320617,28.190554]]]}},{"type":"Feature","properties":{"modulo":12,"idparcela":"9353","productor":"RODRIGUEZ CONTRERAS OCTAVIO","cultivo":null,"superficie_fisica_ha":16.9186,"superficie_riego_ha":16.9186,"hectareas":9.306},"geometry":{"type":"Polygon","coordinates":[[[-105.31333,28.190283],[-105.313653,28.190146],[-105.314145,28.189904],[-105.314511,28.189817],[-105.315076,28.18953],[-105.315795,28.189218],[-105.316556,28.188866],[-105.31687,28.188755],[-105.316945,28.188796],[-105.317004,28.188853],[-105.317129,28.188936],[-105.317262,28.189112],[-105.317438,28.189199],[-105.31762,28.189304],[-105.317777,28.189352],[-105.317933,28.189392],[-105.318195,28.189408],[-105.31835,28.189398],[-105.318496,28.189359],[-105.31874,28.189288],[-105.318918,28.189234],[-105.319143,28.189085],[-105.319426,28.188956],[-105.31961,28.188821],[-105.319784,28.188778],[-105.319927,28.188728],[-105.31999,28.188669],[-105.320145,28.188529],[-105.320713,28.18816],[-105.320746,28.18831],[-105.320668,28.188449],[-105.320629,28.188519],[-105.320603,28.188602],[-105.320587,28.188649],[-105.32027,28.188728],[-105.320156,28.188767],[-105.319977,28.189104],[-105.319972,28.18922],[-105.319729,28.189325],[-105.319499,28.18946],[-105.319408,28.189514],[-105.3193,28.189564],[-105.319133,28.189642],[-105.319107,28.189653],[-105.31889,28.189741],[-105.318834,28.189764],[-105.318677,28.189823],[-105.318648,28.189833],[-105.318568,28.189893],[-105.318439,28.18999],[-105.318181,28.19014],[-105.317924,28.190312],[-105.317635,28.190491],[-105.317353,28.190664],[-105.316721,28.191073],[-105.316324,28.191329],[-105.316252,28.191367],[-105.316165,28.191414],[-105.316139,28.191427],[-105.316083,28.191479],[-105.316023,28.191488],[-105.314351,28.190913],[-105.313431,28.190584],[-105.313059,28.190458],[-105.313109,28.190432],[-105.31333,28.190283]]]}},{"type":"Feature","properties":{"modulo":12,"idparcela":"9414","productor":"NU¥EZ SEPULVEDA VICTOR","cultivo":null,"superficie_fisica_ha":7.6938,"superficie_riego_ha":7.6938,"hectareas":6.09},"geometry":{"type":"Polygon","coordinates":[[[-105.327442,28.189574],[-105.327525,28.189508],[-105.327669,28.189408],[-105.32869,28.188748],[-105.332228,28.190871],[-105.33162,28.191753],[-105.330556,28.191253],[-105.328707,28.190366],[-105.328388,28.190209],[-105.328191,28.190105],[-105.327825,28.18981],[-105.327764,28.189795],[-105.327628,28.189709],[-105.327442,28.189574]]]}},{"type":"Feature","properties":{"modulo":12,"idparcela":"9410","productor":"BARRAZA GARCIA JUAN","cultivo":null,"superficie_fisica_ha":9,"superficie_riego_ha":9,"hectareas":8.207},"geometry":{"type":"Polygon","coordinates":[[[-105.334991,28.189851],[-105.335005,28.190024],[-105.335003,28.190165],[-105.335026,28.19037],[-105.335046,28.190546],[-105.335095,28.190887],[-105.334979,28.191128],[-105.334932,28.19124],[-105.334462,28.19096],[-105.333902,28.190628],[-105.33307,28.190143],[-105.329662,28.188116],[-105.330945,28.187235],[-105.334386,28.189354],[-105.335004,28.18971],[-105.334998,28.189724],[-105.334998,28.189727],[-105.334991,28.189851]]]}},{"type":"Feature","properties":{"modulo":12,"idparcela":"************","productor":null,"cultivo":null,"superficie_fisica_ha":null,"superficie_riego_ha":null,"hectareas":4.66},"geometry":{"type":"Polygon","coordinates":[[[-105.319426,28.191738],[-105.319231,28.192009],[-105.319086,28.192271],[-105.319017,28.192389],[-105.318911,28.192497],[-105.31884,28.192487],[-105.318748,28.192471],[-105.318573,28.192436],[-105.317682,28.192115],[-105.316023,28.191488],[-105.316083,28.191479],[-105.316139,28.191427],[-105.316165,28.191414],[-105.316252,28.191367],[-105.316324,28.191329],[-105.316721,28.191073],[-105.317353,28.190664],[-105.317635,28.190491],[-105.319929,28.191032],[-105.319653,28.191494],[-105.319426,28.191738]]]}},{"type":"Feature","properties":{"modulo":12,"idparcela":"************","productor":null,"cultivo":null,"superficie_fisica_ha":null,"superficie_riego_ha":null,"hectareas":1.666},"geometry":{"type":"Polygon","coordinates":[[[-105.318091,28.193955],[-105.318469,28.194032],[-105.318858,28.194116],[-105.318798,28.194149],[-105.318736,28.194191],[-105.318592,28.194287],[-105.318561,28.194309],[-105.318542,28.194324],[-105.318481,28.194497],[-105.31837,28.194814],[-105.318363,28.194836],[-105.318305,28.194934],[-105.318162,28.195201],[-105.31771,28.195013],[-105.316988,28.194731],[-105.317219,28.193776],[-105.318091,28.193955]]]}},{"type":"Feature","properties":{"modulo":12,"idparcela":"9423","productor":"GARCIA GARCIA SAMUEL","cultivo":null,"superficie_fisica_ha":4,"superficie_riego_ha":4,"hectareas":4.456},"geometry":{"type":"Polygon","coordinates":[[[-105.322622,28.195178],[-105.322842,28.194983],[-105.323197,28.19475],[-105.323547,28.194579],[-105.323799,28.19444],[-105.325099,28.195224],[-105.32259,28.196707],[-105.320639,28.196279],[-105.320754,28.196245],[-105.320803,28.196222],[-105.320883,28.196198],[-105.321022,28.196164],[-105.321211,28.196129],[-105.32135,28.196096],[-105.321534,28.196043],[-105.321628,28.195997],[-105.321717,28.195942],[-105.321775,28.195878],[-105.321902,28.195778],[-105.322069,28.195624],[-105.322142,28.195574],[-105.322313,28.19542],[-105.32248,28.195274],[-105.322622,28.195178]]]}},{"type":"Feature","properties":{"modulo":12,"idparcela":"9422","productor":"JIMENEZ NIETO JOSEFINA","cultivo":null,"superficie_fisica_ha":9.2187,"superficie_riego_ha":9.2187,"hectareas":9.25},"geometry":{"type":"Polygon","coordinates":[[[-105.324406,28.193396],[-105.323871,28.193802],[-105.323749,28.194047],[-105.323745,28.194224],[-105.323672,28.194228],[-105.323639,28.194264],[-105.32362,28.194321],[-105.322247,28.193851],[-105.320229,28.193161],[-105.320115,28.193121],[-105.32006,28.192973],[-105.319962,28.192923],[-105.319698,28.192829],[-105.319585,28.192766],[-105.31949,28.192685],[-105.319446,28.192559],[-105.319484,28.192442],[-105.319638,28.192189],[-105.319708,28.192089],[-105.319801,28.191927],[-105.31997,28.19171],[-105.32021,28.191304],[-105.324428,28.192484],[-105.324441,28.1928],[-105.324446,28.193044],[-105.324423,28.193314],[-105.324406,28.193396]]]}},{"type":"Feature","properties":{"modulo":12,"idparcela":"9360","productor":"RAMIREZ VALENZUELA ALFREDO","cultivo":null,"superficie_fisica_ha":4.6192,"superficie_riego_ha":4.6192,"hectareas":5.309},"geometry":{"type":"Polygon","coordinates":[[[-105.318858,28.194116],[-105.319424,28.194238],[-105.319856,28.19431],[-105.32038,28.194427],[-105.321045,28.194653],[-105.321752,28.194931],[-105.322393,28.195136],[-105.322393,28.195217],[-105.322211,28.19535],[-105.322037,28.195482],[-105.321655,28.195814],[-105.321539,28.195888],[-105.321249,28.195985],[-105.320925,28.196044],[-105.320726,28.196148],[-105.320675,28.196153],[-105.320697,28.196144],[-105.318247,28.195241],[-105.318162,28.195201],[-105.318305,28.194934],[-105.318363,28.194836],[-105.31837,28.194814],[-105.318542,28.194324],[-105.318561,28.194309],[-105.318798,28.194149],[-105.318858,28.194116]]]}},{"type":"Feature","properties":{"modulo":12,"idparcela":"9413","productor":"CERECERES SANCHEZ HERMINIA","cultivo":null,"superficie_fisica_ha":8.9965,"superficie_riego_ha":8.9965,"hectareas":7.659},"geometry":{"type":"Polygon","coordinates":[[[-105.332228,28.190871],[-105.332358,28.190945],[-105.333123,28.191406],[-105.334404,28.192217],[-105.334511,28.192288],[-105.335224,28.192729],[-105.334809,28.193425],[-105.334781,28.193584],[-105.334664,28.193786],[-105.334409,28.194083],[-105.334236,28.194128],[-105.334135,28.194106],[-105.333678,28.193883],[-105.332366,28.193291],[-105.331054,28.192711],[-105.330914,28.192636],[-105.331509,28.19188],[-105.33162,28.191753],[-105.332228,28.190871]]]}},{"type":"Feature","properties":{"modulo":12,"idparcela":"9414","productor":"NU¥EZ SEPULVEDA VICTOR","cultivo":null,"superficie_fisica_ha":7.6938,"superficie_riego_ha":7.6938,"hectareas":2.242},"geometry":{"type":"Polygon","coordinates":[[[-105.327774,28.18916],[-105.327396,28.189456],[-105.327282,28.189451],[-105.327009,28.189401],[-105.326775,28.189396],[-105.326711,28.189368],[-105.326499,28.189361],[-105.326255,28.189313],[-105.325994,28.18924],[-105.324542,28.188945],[-105.323959,28.188826],[-105.323596,28.188735],[-105.323551,28.188668],[-105.323557,28.188628],[-105.323627,28.188527],[-105.323817,28.188431],[-105.323981,28.188358],[-105.324165,28.188229],[-105.327774,28.18916]]]}},{"type":"Feature","properties":{"modulo":12,"idparcela":"9408","productor":"GARCIA SERNA FRANCISCO","cultivo":null,"superficie_fisica_ha":8.3437,"superficie_riego_ha":8.3437,"hectareas":8.387},"geometry":{"type":"Polygon","coordinates":[[[-105.330945,28.187235],[-105.331047,28.187147],[-105.33265,28.186129],[-105.334285,28.187126],[-105.335748,28.188],[-105.33556,28.188357],[-105.335183,28.189349],[-105.335112,28.189513],[-105.335043,28.189626],[-105.334998,28.189727],[-105.334998,28.189724],[-105.335004,28.18971],[-105.334386,28.189354],[-105.330945,28.187235]]]}},{"type":"Feature","properties":{"modulo":12,"idparcela":"9409","productor":"VILLEGAS LEVARIO AGUSTIN","cultivo":null,"superficie_fisica_ha":9,"superficie_riego_ha":9,"hectareas":5.145},"geometry":{"type":"Polygon","coordinates":[[[-105.330998,28.187011],[-105.330904,28.187083],[-105.329521,28.188038],[-105.326928,28.186166],[-105.327014,28.186108],[-105.327122,28.185994],[-105.327244,28.185801],[-105.327458,28.185466],[-105.328375,28.185637],[-105.330998,28.187011]]]}},{"type":"Feature","properties":{"modulo":12,"idparcela":"9387","productor":"MARTINEZ GONZALEZ FRANCISCO","cultivo":null,"superficie_fisica_ha":3.0437,"superficie_riego_ha":3.0437,"hectareas":2.51},"geometry":{"type":"Polygon","coordinates":[[[-105.337319,28.168713],[-105.337303,28.168759],[-105.337251,28.168813],[-105.336543,28.169431],[-105.336086,28.169903],[-105.335517,28.169797],[-105.335306,28.169738],[-105.334887,28.169661],[-105.335193,28.168346],[-105.335285,28.168366],[-105.335369,28.16838],[-105.336528,28.16857],[-105.337256,28.168705],[-105.337319,28.168713]]]}},{"type":"Feature","properties":{"modulo":12,"idparcela":"9386","productor":"HINOJOS MONTES FRANCISCO","cultivo":null,"superficie_fisica_ha":2.8775,"superficie_riego_ha":2.8775,"hectareas":2.438},"geometry":{"type":"Polygon","coordinates":[[[-105.331389,28.166921],[-105.331422,28.166819],[-105.331332,28.166617],[-105.331245,28.166518],[-105.331104,28.166392],[-105.331099,28.166247],[-105.331077,28.166109],[-105.331005,28.16588],[-105.331015,28.165794],[-105.331112,28.165769],[-105.331436,28.165814],[-105.332499,28.166001],[-105.332617,28.166021],[-105.332496,28.167727],[-105.331912,28.167617],[-105.331543,28.16751],[-105.331442,28.167492],[-105.331346,28.167456],[-105.33136,28.167221],[-105.331349,28.167013],[-105.331389,28.166921]]]}},{"type":"Feature","properties":{"modulo":12,"idparcela":"9398","productor":"GARCIA HOLGUIN RUBEN","cultivo":null,"superficie_fisica_ha":3.11,"superficie_riego_ha":3.11,"hectareas":2.953},"geometry":{"type":"Polygon","coordinates":[[[-105.332853,28.174712],[-105.332014,28.174584],[-105.331254,28.17447],[-105.331749,28.172809],[-105.332616,28.172967],[-105.333098,28.173032],[-105.333192,28.173045],[-105.333315,28.173071],[-105.332853,28.174712]]]}},{"type":"Feature","properties":{"modulo":12,"idparcela":"9397","productor":"LUJAN FRANCO MANUEL ENRIQUE","cultivo":null,"superficie_fisica_ha":2.7675,"superficie_riego_ha":2.7675,"hectareas":2.867},"geometry":{"type":"Polygon","coordinates":[[[-105.334552,28.175073],[-105.334327,28.175038],[-105.333848,28.174922],[-105.332853,28.174712],[-105.333315,28.173071],[-105.333778,28.173126],[-105.334022,28.173162],[-105.334356,28.173233],[-105.334591,28.173283],[-105.334552,28.175073]]]}},{"type":"Feature","properties":{"modulo":12,"idparcela":"9396","productor":"GALLEGOS MATA BASELIZA","cultivo":null,"superficie_fisica_ha":3.4062,"superficie_riego_ha":3.4062,"hectareas":2.435},"geometry":{"type":"Polygon","coordinates":[[[-105.335549,28.175225],[-105.334765,28.175102],[-105.334552,28.175073],[-105.334591,28.173283],[-105.335897,28.173527],[-105.335879,28.173597],[-105.335913,28.173719],[-105.336014,28.174456],[-105.335926,28.174547],[-105.335805,28.174665],[-105.335733,28.174764],[-105.335631,28.174909],[-105.335575,28.175062],[-105.335549,28.175225]]]}},{"type":"Feature","properties":{"modulo":12,"idparcela":"************","productor":null,"cultivo":null,"superficie_fisica_ha":null,"superficie_riego_ha":null,"hectareas":3.985},"geometry":{"type":"Polygon","coordinates":[[[-105.335583,28.176447],[-105.322016,28.174231],[-105.32201,28.174201],[-105.32196,28.173951],[-105.335808,28.17622],[-105.33575,28.176321],[-105.335721,28.176376],[-105.335649,28.176446],[-105.335583,28.176447]]]}},{"type":"Feature","properties":{"modulo":12,"idparcela":"************","productor":null,"cultivo":null,"superficie_fisica_ha":null,"superficie_riego_ha":null,"hectareas":2.129},"geometry":{"type":"Polygon","coordinates":[[[-105.322016,28.174231],[-105.335583,28.176447],[-105.335649,28.176446],[-105.33558,28.176497],[-105.335538,28.176527],[-105.335502,28.176566],[-105.335476,28.176562],[-105.333231,28.176215],[-105.330509,28.175764],[-105.326938,28.175174],[-105.323869,28.174683],[-105.322535,28.174471],[-105.322023,28.174385],[-105.322016,28.174231]]]}},{"type":"Feature","properties":{"modulo":12,"idparcela":"9348","productor":"YA¥EZ FLORES MANUEL","cultivo":null,"superficie_fisica_ha":6.5695,"superficie_riego_ha":6.5695,"hectareas":7.839},"geometry":{"type":"Polygon","coordinates":[[[-105.325727,28.176381],[-105.328665,28.176853],[-105.333267,28.177659],[-105.333344,28.177675],[-105.33604,28.178146],[-105.33607,28.178211],[-105.336104,28.178454],[-105.336115,28.17877],[-105.333519,28.178379],[-105.325907,28.177157],[-105.325883,28.177056],[-105.325856,28.176945],[-105.325802,28.176709],[-105.325727,28.176381]]]}},{"type":"Feature","properties":{"modulo":12,"idparcela":"9347","productor":"SANCHEZ BERNAL JAIME","cultivo":null,"superficie_fisica_ha":12.4523,"superficie_riego_ha":12.4523,"hectareas":11.969},"geometry":{"type":"Polygon","coordinates":[[[-105.326183,28.177938],[-105.330628,28.178523],[-105.333326,28.178902],[-105.336109,28.179276],[-105.336099,28.179617],[-105.336088,28.179865],[-105.335963,28.180033],[-105.335855,28.180155],[-105.335748,28.180307],[-105.335619,28.180459],[-105.335502,28.180442],[-105.33335,28.180121],[-105.332004,28.179917],[-105.330934,28.17973],[-105.326319,28.178899],[-105.326327,28.178846],[-105.326317,28.178684],[-105.3263,28.178516],[-105.326228,28.178182],[-105.326205,28.178086],[-105.326183,28.177938]]]}},{"type":"Feature","properties":{"modulo":12,"idparcela":"9352","productor":"RODRIGUEZ CONTERAS OCTAVIO","cultivo":null,"superficie_fisica_ha":1.1156,"superficie_riego_ha":1.1156,"hectareas":0.573},"geometry":{"type":"Polygon","coordinates":[[[-105.334785,28.184089],[-105.334804,28.183971],[-105.334827,28.183828],[-105.33497,28.183837],[-105.335104,28.183862],[-105.33519,28.183931],[-105.335317,28.184008],[-105.335341,28.184102],[-105.3353,28.184233],[-105.335263,28.184348],[-105.335138,28.184711],[-105.335101,28.184781],[-105.335002,28.184785],[-105.334535,28.184717],[-105.334577,28.184456],[-105.33457,28.184382],[-105.334572,28.184295],[-105.334579,28.184216],[-105.334726,28.184225],[-105.334774,28.184196],[-105.334785,28.184089]]]}},{"type":"Feature","properties":{"modulo":12,"idparcela":"************","productor":null,"cultivo":null,"superficie_fisica_ha":null,"superficie_riego_ha":null,"hectareas":2.028},"geometry":{"type":"Polygon","coordinates":[[[-105.335411,28.184222],[-105.335462,28.184135],[-105.335528,28.1841],[-105.335654,28.184029],[-105.335759,28.184031],[-105.335835,28.183976],[-105.335987,28.184002],[-105.336161,28.184051],[-105.336318,28.1841],[-105.336444,28.184215],[-105.336682,28.184384],[-105.336859,28.184542],[-105.337129,28.184747],[-105.337112,28.184796],[-105.337013,28.184842],[-105.33696,28.184904],[-105.336957,28.184957],[-105.337086,28.185002],[-105.33716,28.185062],[-105.337159,28.185163],[-105.337154,28.185337],[-105.337033,28.185428],[-105.336661,28.185327],[-105.336454,28.18527],[-105.336261,28.185246],[-105.336064,28.185206],[-105.33567,28.185149],[-105.335482,28.185116],[-105.33527,28.185068],[-105.335155,28.185023],[-105.335155,28.184924],[-105.335382,28.18431],[-105.335411,28.184222]]]}},{"type":"Feature","properties":{"modulo":12,"idparcela":"9350","productor":"SANCHEZ BERNAL ROBERTO","cultivo":null,"superficie_fisica_ha":13.2725,"superficie_riego_ha":13.2725,"hectareas":13.846},"geometry":{"type":"Polygon","coordinates":[[[-105.33604,28.178146],[-105.333344,28.177675],[-105.333267,28.177659],[-105.328665,28.176853],[-105.325727,28.176381],[-105.325664,28.176179],[-105.32553,28.175967],[-105.325374,28.175833],[-105.325257,28.175773],[-105.325062,28.175675],[-105.324831,28.175562],[-105.324493,28.175422],[-105.323839,28.175125],[-105.323709,28.175069],[-105.323576,28.175036],[-105.323529,28.175001],[-105.323507,28.174929],[-105.323471,28.174875],[-105.323396,28.17483],[-105.326005,28.175268],[-105.327836,28.175559],[-105.327923,28.175581],[-105.328349,28.175666],[-105.328897,28.175751],[-105.329462,28.175831],[-105.330211,28.175942],[-105.330758,28.17604],[-105.331369,28.176149],[-105.331957,28.176253],[-105.332289,28.176313],[-105.332709,28.176387],[-105.332759,28.176395],[-105.333074,28.176447],[-105.333628,28.176537],[-105.334206,28.17663],[-105.335413,28.176819],[-105.335464,28.176827],[-105.335507,28.176867],[-105.335559,28.176912],[-105.335574,28.176966],[-105.335587,28.177074],[-105.335623,28.177246],[-105.335777,28.177679],[-105.335949,28.177998],[-105.33604,28.178146]]]}},{"type":"Feature","properties":{"modulo":12,"idparcela":"************","productor":null,"cultivo":null,"superficie_fisica_ha":null,"superficie_riego_ha":null,"hectareas":2.01},"geometry":{"type":"Polygon","coordinates":[[[-105.330043,28.174886],[-105.333062,28.175366],[-105.334362,28.175561],[-105.336037,28.17584],[-105.33597,28.175965],[-105.321903,28.173667],[-105.321893,28.173615],[-105.321874,28.173525],[-105.322021,28.173544],[-105.322109,28.17356],[-105.322608,28.17364],[-105.324518,28.173952],[-105.326533,28.174281],[-105.330043,28.174886]]]}},{"type":"Feature","properties":{"modulo":12,"idparcela":"************","productor":null,"cultivo":null,"superficie_fisica_ha":null,"superficie_riego_ha":null,"hectareas":5.175},"geometry":{"type":"Polygon","coordinates":[[[-105.325437,28.181222],[-105.325535,28.1811],[-105.325665,28.181092],[-105.326062,28.181179],[-105.327214,28.181405],[-105.327724,28.181475],[-105.328223,28.18157],[-105.328728,28.181664],[-105.329068,28.181722],[-105.32891,28.181966],[-105.32885,28.182047],[-105.328802,28.182124],[-105.328679,28.182277],[-105.328559,28.182458],[-105.328451,28.182666],[-105.328367,28.182874],[-105.328297,28.183],[-105.328253,28.183155],[-105.327974,28.18306],[-105.327495,28.182948],[-105.327211,28.182867],[-105.326921,28.182814],[-105.326383,28.182626],[-105.326175,28.182581],[-105.325957,28.1825],[-105.325723,28.182438],[-105.325467,28.182375],[-105.32531,28.182353],[-105.325092,28.182289],[-105.325184,28.182132],[-105.325247,28.181971],[-105.32532,28.181749],[-105.325371,28.181538],[-105.325437,28.181222]]]}},{"type":"Feature","properties":{"modulo":12,"idparcela":"************","productor":null,"cultivo":null,"superficie_fisica_ha":null,"superficie_riego_ha":null,"hectareas":4.753},"geometry":{"type":"Polygon","coordinates":[[[-105.331953,28.184354],[-105.331678,28.184282],[-105.33264,28.182334],[-105.333158,28.182403],[-105.334237,28.182608],[-105.334176,28.183278],[-105.334149,28.183578],[-105.334133,28.183831],[-105.334169,28.184],[-105.33416,28.184173],[-105.334167,28.184276],[-105.334165,28.184374],[-105.334168,28.184473],[-105.33418,28.184591],[-105.334163,28.184784],[-105.33357,28.184671],[-105.332751,28.184505],[-105.332396,28.184435],[-105.332186,28.184394],[-105.331953,28.184354]]]}},{"type":"Feature","properties":{"modulo":12,"idparcela":"9353","productor":"RODRIGUEZ CONTRERAS OCTAVIO","cultivo":null,"superficie_fisica_ha":16.9186,"superficie_riego_ha":16.9186,"hectareas":0.615},"geometry":{"type":"Polygon","coordinates":[[[-105.323739,28.182045],[-105.323824,28.181918],[-105.324045,28.181872],[-105.324265,28.181814],[-105.324332,28.1818],[-105.324487,28.181767],[-105.324614,28.181735],[-105.324841,28.181676],[-105.32514,28.181456],[-105.325179,28.18141],[-105.325222,28.181383],[-105.325251,28.18141],[-105.325251,28.181464],[-105.325243,28.181518],[-105.325203,28.181627],[-105.325152,28.181807],[-105.325087,28.181979],[-105.325011,28.182169],[-105.324952,28.182259],[-105.324865,28.182268],[-105.324725,28.182235],[-105.324608,28.182206],[-105.324458,28.18217],[-105.324317,28.182152],[-105.323739,28.182045]]]}},{"type":"Feature","properties":{"modulo":12,"idparcela":"************","productor":null,"cultivo":null,"superficie_fisica_ha":null,"superficie_riego_ha":null,"hectareas":0.797},"geometry":{"type":"Polygon","coordinates":[[[-105.325902,28.177797],[-105.325973,28.177929],[-105.325995,28.177999],[-105.32604,28.178212],[-105.326103,28.178674],[-105.32612,28.178832],[-105.326115,28.179106],[-105.326074,28.179339],[-105.326001,28.179608],[-105.325863,28.179923],[-105.325624,28.179834],[-105.325768,28.179478],[-105.3258,28.179315],[-105.325727,28.178783],[-105.325724,28.178757],[-105.32555,28.177801],[-105.325657,28.177799],[-105.325902,28.177797]]]}},{"type":"Feature","properties":{"modulo":12,"idparcela":"************","productor":null,"cultivo":null,"superficie_fisica_ha":null,"superficie_riego_ha":null,"hectareas":0.696},"geometry":{"type":"Polygon","coordinates":[[[-105.325597,28.180439],[-105.325501,28.180636],[-105.325389,28.180787],[-105.325318,28.180946],[-105.325246,28.181103],[-105.32512,28.181308],[-105.324981,28.181448],[-105.324805,28.18157],[-105.324705,28.181612],[-105.324635,28.18164],[-105.324463,28.18168],[-105.32433,28.181693],[-105.324269,28.181706],[-105.324542,28.181404],[-105.324977,28.180835],[-105.324999,28.180806],[-105.325314,28.180339],[-105.325552,28.179984],[-105.325567,28.180029],[-105.325622,28.180074],[-105.325748,28.180155],[-105.325734,28.180209],[-105.325597,28.180439]]]}},{"type":"Feature","properties":{"modulo":12,"idparcela":"************","productor":null,"cultivo":null,"superficie_fisica_ha":null,"superficie_riego_ha":null,"hectareas":7.406},"geometry":{"type":"Polygon","coordinates":[[[-105.33264,28.182334],[-105.331678,28.184282],[-105.331545,28.184272],[-105.331323,28.184207],[-105.331085,28.184182],[-105.330841,28.184112],[-105.330684,28.18405],[-105.330481,28.183956],[-105.330345,28.183895],[-105.3302,28.183835],[-105.330008,28.183776],[-105.329817,28.183737],[-105.32961,28.183735],[-105.329344,28.183667],[-105.329202,28.18363],[-105.329077,28.183598],[-105.328958,28.18357],[-105.328883,28.183504],[-105.328781,28.18345],[-105.328679,28.183396],[-105.328536,28.183279],[-105.328501,28.183144],[-105.328498,28.183036],[-105.328505,28.182891],[-105.328537,28.182765],[-105.328628,28.182592],[-105.328775,28.182394],[-105.328911,28.182201],[-105.329027,28.182051],[-105.329091,28.181952],[-105.329151,28.181876],[-105.329221,28.181754],[-105.329629,28.181811],[-105.330513,28.181943],[-105.33264,28.182334]]]}},{"type":"Feature","properties":{"modulo":12,"idparcela":"9331","productor":"GUIZAR HERNANDEZ CARLOS","cultivo":null,"superficie_fisica_ha":8.8382,"superficie_riego_ha":8.8382,"hectareas":6.624},"geometry":{"type":"Polygon","coordinates":[[[-105.331254,28.17447],[-105.332014,28.174584],[-105.332853,28.174712],[-105.333848,28.174922],[-105.334327,28.175038],[-105.334552,28.175073],[-105.334765,28.175102],[-105.335549,28.175225],[-105.336248,28.175306],[-105.336182,28.175451],[-105.336132,28.175582],[-105.336068,28.175753],[-105.335521,28.175649],[-105.332831,28.175231],[-105.331412,28.174973],[-105.33053,28.174813],[-105.329872,28.174715],[-105.329596,28.174652],[-105.328836,28.174501],[-105.327409,28.174252],[-105.325541,28.17394],[-105.324434,28.17378],[-105.323646,28.173647],[-105.322418,28.173451],[-105.322039,28.173398],[-105.321991,28.173299],[-105.321978,28.173245],[-105.321985,28.172953],[-105.322064,28.172954],[-105.322455,28.173031],[-105.322592,28.173053],[-105.323868,28.17325],[-105.323908,28.173257],[-105.325206,28.173456],[-105.325497,28.173501],[-105.325687,28.173536],[-105.327086,28.173797],[-105.32714,28.173807],[-105.328053,28.173982],[-105.328575,28.174088],[-105.328972,28.174169],[-105.329514,28.174287],[-105.329789,28.174319],[-105.330592,28.174402],[-105.331254,28.17447]]]}},{"type":"Feature","properties":{"modulo":12,"idparcela":"9333","productor":"GUIZAR HERNANDEZ CARLOS","cultivo":null,"superficie_fisica_ha":34.9877,"superficie_riego_ha":34.9877,"hectareas":31.845},"geometry":{"type":"Polygon","coordinates":[[[-105.322455,28.173031],[-105.322064,28.172954],[-105.321985,28.172953],[-105.322084,28.172469],[-105.322062,28.172252],[-105.322019,28.172072],[-105.321954,28.171864],[-105.321935,28.171666],[-105.321948,28.171467],[-105.321988,28.171269],[-105.322034,28.171079],[-105.322088,28.170871],[-105.322152,28.170664],[-105.322247,28.170537],[-105.322447,28.17032],[-105.322658,28.170148],[-105.322914,28.169904],[-105.323601,28.169234],[-105.323671,28.16916],[-105.323962,28.168935],[-105.325484,28.169275],[-105.326023,28.169387],[-105.329994,28.170211],[-105.330029,28.170211],[-105.329907,28.170447],[-105.329836,28.170591],[-105.329718,28.170781],[-105.329571,28.170998],[-105.32939,28.171296],[-105.329294,28.171504],[-105.329198,28.171685],[-105.329188,28.171712],[-105.329178,28.171829],[-105.329214,28.171964],[-105.32926,28.172145],[-105.329291,28.172271],[-105.329324,28.172406],[-105.329357,28.172605],[-105.329347,28.172785],[-105.329333,28.172884],[-105.329234,28.173137],[-105.329175,28.1733],[-105.32916,28.173417],[-105.329191,28.173498],[-105.329245,28.173598],[-105.329323,28.173706],[-105.329388,28.173805],[-105.329429,28.173913],[-105.329462,28.174028],[-105.329487,28.174134],[-105.329506,28.174227],[-105.329514,28.174287],[-105.328972,28.174169],[-105.328575,28.174088],[-105.328053,28.173982],[-105.32714,28.173807],[-105.327086,28.173797],[-105.325687,28.173536],[-105.325497,28.173501],[-105.325206,28.173456],[-105.323908,28.173257],[-105.323868,28.17325],[-105.322592,28.173053],[-105.322455,28.173031]]]}},{"type":"Feature","properties":{"modulo":12,"idparcela":"************","productor":null,"cultivo":null,"superficie_fisica_ha":null,"superficie_riego_ha":null,"hectareas":2.114},"geometry":{"type":"Polygon","coordinates":[[[-105.335897,28.176091],[-105.335808,28.17622],[-105.32196,28.173951],[-105.321932,28.173809],[-105.335897,28.176091]]]}},{"type":"Feature","properties":{"modulo":12,"idparcela":"************","productor":null,"cultivo":null,"superficie_fisica_ha":null,"superficie_riego_ha":null,"hectareas":2.095},"geometry":{"type":"Polygon","coordinates":[[[-105.335897,28.176091],[-105.321932,28.173809],[-105.321903,28.173667],[-105.33597,28.175965],[-105.335897,28.176091]]]}},{"type":"Feature","properties":{"modulo":12,"idparcela":"9349","productor":"GUEVARA HERNANDEZ FRANCISCO","cultivo":null,"superficie_fisica_ha":7.1343,"superficie_riego_ha":7.1343,"hectareas":6.637},"geometry":{"type":"Polygon","coordinates":[[[-105.336109,28.179276],[-105.333326,28.178902],[-105.330628,28.178523],[-105.326183,28.177938],[-105.326085,28.177644],[-105.325907,28.177157],[-105.333519,28.178379],[-105.336115,28.17877],[-105.336094,28.178914],[-105.336109,28.179276]]]}},{"type":"Feature","properties":{"modulo":12,"idparcela":"9351","productor":"FRANCO GUILLERMO","cultivo":null,"superficie_fisica_ha":21.758,"superficie_riego_ha":21.758,"hectareas":22.132},"geometry":{"type":"Polygon","coordinates":[[[-105.336055,28.180712],[-105.336072,28.180773],[-105.335869,28.181838],[-105.335792,28.18229],[-105.335728,28.182344],[-105.335706,28.182389],[-105.335681,28.182471],[-105.33566,28.18257],[-105.33564,28.182678],[-105.335533,28.182687],[-105.333638,28.182358],[-105.330138,28.181738],[-105.329325,28.181593],[-105.327785,28.181326],[-105.326445,28.181094],[-105.325622,28.180961],[-105.325485,28.180954],[-105.325524,28.180873],[-105.325581,28.180775],[-105.325643,28.180663],[-105.325724,28.180491],[-105.325836,28.180292],[-105.325937,28.180085],[-105.32606,28.17987],[-105.326176,28.179608],[-105.326216,28.179481],[-105.326245,28.179388],[-105.326293,28.179099],[-105.326282,28.179],[-105.331264,28.179918],[-105.333417,28.180238],[-105.335126,28.180496],[-105.33552,28.180558],[-105.335615,28.180576],[-105.335715,28.180602],[-105.335829,28.180632],[-105.335967,28.180682],[-105.336055,28.180712]]]}},{"type":"Feature","properties":{"modulo":12,"idparcela":"************","productor":null,"cultivo":null,"superficie_fisica_ha":null,"superficie_riego_ha":null,"hectareas":1.22},"geometry":{"type":"Polygon","coordinates":[[[-105.324024,28.178484],[-105.324186,28.17834],[-105.324288,28.17813],[-105.324291,28.177929],[-105.32428,28.177791],[-105.324215,28.177695],[-105.324785,28.177814],[-105.324985,28.177856],[-105.325047,28.178009],[-105.325089,28.178129],[-105.325147,28.178356],[-105.325111,28.178729],[-105.325121,28.178872],[-105.325084,28.179187],[-105.324977,28.179393],[-105.324904,28.179331],[-105.324851,28.179275],[-105.324751,28.179174],[-105.324573,28.179],[-105.324188,28.178619],[-105.324024,28.178484]]]}},{"type":"Feature","properties":{"modulo":12,"idparcela":"************","productor":null,"cultivo":null,"superficie_fisica_ha":null,"superficie_riego_ha":null,"hectareas":0.432},"geometry":{"type":"Polygon","coordinates":[[[-105.325115,28.176015],[-105.325228,28.176077],[-105.32533,28.176203],[-105.325434,28.176347],[-105.325508,28.176492],[-105.325614,28.176781],[-105.325642,28.176924],[-105.324766,28.176583],[-105.324962,28.176186],[-105.325115,28.176015]]]}},{"type":"Feature","properties":{"modulo":12,"idparcela":"************","productor":null,"cultivo":null,"superficie_fisica_ha":null,"superficie_riego_ha":null,"hectareas":1.202},"geometry":{"type":"Polygon","coordinates":[[[-105.324977,28.179393],[-105.324874,28.179643],[-105.324815,28.179897],[-105.324719,28.180104],[-105.324595,28.180355],[-105.324509,28.180488],[-105.324333,28.180625],[-105.323946,28.178638],[-105.323819,28.178373],[-105.323855,28.178383],[-105.324024,28.178484],[-105.324188,28.178619],[-105.324573,28.179],[-105.324751,28.179174],[-105.324851,28.179275],[-105.324904,28.179331],[-105.324977,28.179393]]]}},{"type":"Feature","properties":{"modulo":12,"idparcela":"************","productor":null,"cultivo":null,"superficie_fisica_ha":null,"superficie_riego_ha":null,"hectareas":2.402},"geometry":{"type":"Polygon","coordinates":[[[-105.324333,28.180625],[-105.324195,28.180775],[-105.324115,28.180886],[-105.324058,28.180951],[-105.324047,28.181102],[-105.324041,28.18122],[-105.324072,28.181514],[-105.324042,28.181752],[-105.323874,28.181786],[-105.323636,28.181847],[-105.323423,28.181893],[-105.323355,28.181848],[-105.323328,28.181719],[-105.323369,28.181455],[-105.323366,28.181123],[-105.323462,28.180694],[-105.323482,28.180093],[-105.323505,28.179391],[-105.323534,28.178685],[-105.323548,28.178516],[-105.32358,28.178309],[-105.323687,28.178371],[-105.323819,28.178373],[-105.323946,28.178638],[-105.324333,28.180625]]]}},{"type":"Feature","properties":{"modulo":12,"idparcela":"************","productor":null,"cultivo":null,"superficie_fisica_ha":null,"superficie_riego_ha":null,"hectareas":0.979},"geometry":{"type":"Polygon","coordinates":[[[-105.323819,28.178373],[-105.323687,28.178371],[-105.32358,28.178309],[-105.323525,28.178012],[-105.323438,28.177832],[-105.323364,28.177697],[-105.323241,28.177499],[-105.323062,28.177281],[-105.32296,28.177105],[-105.322801,28.176937],[-105.322653,28.176722],[-105.322556,28.176467],[-105.322385,28.176087],[-105.32239,28.176018],[-105.32249,28.175919],[-105.32256,28.175912],[-105.322629,28.175903],[-105.322658,28.175923],[-105.322674,28.175946],[-105.323103,28.176555],[-105.323316,28.177006],[-105.323374,28.177129],[-105.323457,28.177303],[-105.323545,28.177483],[-105.323616,28.177618],[-105.323687,28.177764],[-105.323769,28.177862],[-105.32377,28.178096],[-105.323785,28.178283],[-105.323791,28.178337],[-105.323819,28.178373]]]}},{"type":"Feature","properties":{"modulo":12,"idparcela":"9384","productor":"HINOJOS VILLA JUAN","cultivo":null,"superficie_fisica_ha":3.2437,"superficie_riego_ha":3.2437,"hectareas":3.064},"geometry":{"type":"Polygon","coordinates":[[[-105.335493,28.16826],[-105.333958,28.167981],[-105.334179,28.166254],[-105.334863,28.166352],[-105.335803,28.166504],[-105.335493,28.16826]]]}},{"type":"Feature","properties":{"modulo":12,"idparcela":"************","productor":null,"cultivo":null,"superficie_fisica_ha":null,"superficie_riego_ha":null,"hectareas":3.041},"geometry":{"type":"Polygon","coordinates":[[[-105.336185,28.166571],[-105.33724,28.166736],[-105.337313,28.166761],[-105.337386,28.166787],[-105.336962,28.16855],[-105.335493,28.16826],[-105.335803,28.166504],[-105.336185,28.166571]]]}},{"type":"Feature","properties":{"modulo":12,"idparcela":"************","productor":null,"cultivo":null,"superficie_fisica_ha":null,"superficie_riego_ha":null,"hectareas":2.873},"geometry":{"type":"Polygon","coordinates":[[[-105.334887,28.169661],[-105.333855,28.169479],[-105.332932,28.169297],[-105.333306,28.168003],[-105.334532,28.168211],[-105.335193,28.168346],[-105.334887,28.169661]]]}},{"type":"Feature","properties":{"modulo":12,"idparcela":"************","productor":null,"cultivo":null,"superficie_fisica_ha":null,"superficie_riego_ha":null,"hectareas":2.83},"geometry":{"type":"Polygon","coordinates":[[[-105.332884,28.169393],[-105.332736,28.169364],[-105.332699,28.169356],[-105.332499,28.169312],[-105.332368,28.169292],[-105.332229,28.169238],[-105.332008,28.169223],[-105.331774,28.16917],[-105.33163,28.169163],[-105.33154,28.169149],[-105.331319,28.169111],[-105.33132,28.168704],[-105.331319,28.168558],[-105.331309,28.167858],[-105.331296,28.16777],[-105.331309,28.167643],[-105.331454,28.167665],[-105.332379,28.167832],[-105.333306,28.168003],[-105.332932,28.169297],[-105.332884,28.169393]]]}},{"type":"Feature","properties":{"modulo":12,"idparcela":"9390","productor":"ROMERO DE HINOJOS RAQUEL","cultivo":null,"superficie_fisica_ha":3.1767,"superficie_riego_ha":3.1767,"hectareas":2.5},"geometry":{"type":"Polygon","coordinates":[[[-105.334401,28.171621],[-105.33398,28.171531],[-105.33439,28.169689],[-105.335991,28.16999],[-105.335673,28.170575],[-105.335275,28.171146],[-105.335216,28.171201],[-105.335074,28.171273],[-105.334888,28.171364],[-105.33472,28.171446],[-105.334522,28.1715],[-105.334438,28.171555],[-105.334401,28.171621]]]}},{"type":"Feature","properties":{"modulo":12,"idparcela":"************","productor":null,"cultivo":null,"superficie_fisica_ha":null,"superficie_riego_ha":null,"hectareas":2.543},"geometry":{"type":"Polygon","coordinates":[[[-105.334301,28.171997],[-105.334159,28.172647],[-105.334068,28.173055],[-105.334002,28.173049],[-105.333912,28.173033],[-105.332666,28.172834],[-105.332546,28.172819],[-105.332827,28.171326],[-105.33398,28.171531],[-105.334401,28.171621],[-105.33438,28.171708],[-105.334355,28.171825],[-105.334329,28.171889],[-105.334301,28.171997]]]}},{"type":"Feature","properties":{"modulo":12,"idparcela":"************","productor":null,"cultivo":null,"superficie_fisica_ha":null,"superficie_riego_ha":null,"hectareas":2.946},"geometry":{"type":"Polygon","coordinates":[[[-105.33009,28.172291],[-105.331153,28.171941],[-105.33123,28.171833],[-105.331256,28.171031],[-105.332531,28.171264],[-105.332569,28.171272],[-105.332827,28.171326],[-105.332546,28.172819],[-105.330088,28.172404],[-105.33009,28.172291]]]}},{"type":"Feature","properties":{"modulo":12,"idparcela":"************","productor":null,"cultivo":null,"superficie_fisica_ha":null,"superficie_riego_ha":null,"hectareas":2.392},"geometry":{"type":"Polygon","coordinates":[[[-105.335396,28.171694],[-105.335488,28.17187],[-105.335535,28.172141],[-105.335826,28.172283],[-105.335905,28.172495],[-105.335967,28.172819],[-105.335874,28.173076],[-105.33583,28.17338],[-105.335104,28.17324],[-105.334358,28.173116],[-105.334257,28.173079],[-105.334224,28.173035],[-105.334389,28.172385],[-105.334533,28.171735],[-105.334557,28.171699],[-105.334598,28.171662],[-105.334663,28.171617],[-105.334722,28.17159],[-105.334838,28.171563],[-105.334926,28.171585],[-105.33504,28.171595],[-105.335181,28.171621],[-105.335396,28.171694]]]}},{"type":"Feature","properties":{"modulo":12,"idparcela":"9399","productor":"FRANCO GUERRERO MERCED","cultivo":null,"superficie_fisica_ha":3.3229,"superficie_riego_ha":3.3229,"hectareas":3.055},"geometry":{"type":"Polygon","coordinates":[[[-105.331254,28.17447],[-105.330592,28.174402],[-105.329789,28.174319],[-105.329801,28.174255],[-105.329932,28.17344],[-105.329956,28.17327],[-105.329992,28.173078],[-105.330003,28.172865],[-105.330058,28.172522],[-105.330124,28.172513],[-105.331749,28.172809],[-105.331254,28.17447]]]}},{"type":"Feature","properties":{"modulo":12,"idparcela":"************","productor":null,"cultivo":null,"superficie_fisica_ha":null,"superficie_riego_ha":null,"hectareas":3.176},"geometry":{"type":"Polygon","coordinates":[[[-105.324042,28.181752],[-105.324072,28.181514],[-105.324041,28.18122],[-105.324047,28.181102],[-105.324058,28.180951],[-105.324115,28.180886],[-105.324195,28.180775],[-105.324333,28.180625],[-105.324509,28.180488],[-105.324595,28.180355],[-105.324719,28.180104],[-105.324815,28.179897],[-105.324874,28.179643],[-105.324977,28.179393],[-105.325084,28.179187],[-105.325121,28.178872],[-105.325111,28.178729],[-105.325147,28.178356],[-105.325089,28.178129],[-105.325047,28.178009],[-105.324985,28.177856],[-105.324845,28.177693],[-105.324716,28.177668],[-105.324448,28.1776],[-105.324393,28.177366],[-105.324375,28.177309],[-105.324341,28.177197],[-105.324325,28.177146],[-105.324302,28.176969],[-105.324706,28.1773],[-105.324747,28.177334],[-105.324867,28.177343],[-105.325074,28.177352],[-105.325258,28.177786],[-105.32555,28.177801],[-105.325724,28.178757],[-105.325727,28.178783],[-105.3258,28.179315],[-105.325768,28.179478],[-105.325624,28.179834],[-105.325579,28.179948],[-105.325552,28.179984],[-105.325314,28.180339],[-105.324999,28.180806],[-105.324977,28.180835],[-105.324542,28.181404],[-105.324269,28.181706],[-105.324129,28.181739],[-105.324042,28.181752]]]}},{"type":"Feature","properties":{"modulo":12,"idparcela":"************","productor":null,"cultivo":null,"superficie_fisica_ha":null,"superficie_riego_ha":null,"hectareas":0.882},"geometry":{"type":"Polygon","coordinates":[[[-105.323296,28.176484],[-105.323371,28.176582],[-105.323436,28.176791],[-105.323519,28.176952],[-105.323711,28.177263],[-105.323811,28.177474],[-105.32387,28.177598],[-105.324215,28.177695],[-105.32428,28.177791],[-105.324291,28.177929],[-105.324288,28.17813],[-105.324186,28.17834],[-105.324024,28.178484],[-105.323855,28.178383],[-105.323819,28.178373],[-105.323791,28.178337],[-105.323785,28.178283],[-105.32377,28.178096],[-105.323769,28.177862],[-105.323687,28.177764],[-105.323616,28.177618],[-105.323545,28.177483],[-105.323457,28.177303],[-105.323374,28.177129],[-105.323316,28.177006],[-105.323103,28.176555],[-105.322674,28.175946],[-105.32279,28.175771],[-105.323007,28.176129],[-105.323296,28.176484]]]}},{"type":"Feature","properties":{"modulo":12,"idparcela":"9391","productor":"OLIVAS BARRAZA LUIS MANUEL","cultivo":null,"superficie_fisica_ha":3,"superficie_riego_ha":3,"hectareas":2.988},"geometry":{"type":"Polygon","coordinates":[[[-105.33439,28.169689],[-105.33398,28.171531],[-105.332827,28.171326],[-105.332569,28.171272],[-105.332531,28.171264],[-105.332987,28.169412],[-105.33439,28.169689]]]}},{"type":"Feature","properties":{"modulo":12,"idparcela":"************","productor":null,"cultivo":null,"superficie_fisica_ha":null,"superficie_riego_ha":null,"hectareas":4.836},"geometry":{"type":"Polygon","coordinates":[[[-105.331256,28.171031],[-105.33123,28.171833],[-105.331153,28.171941],[-105.33009,28.172291],[-105.330143,28.17137],[-105.330265,28.170864],[-105.330421,28.170566],[-105.330431,28.170428],[-105.330464,28.170289],[-105.330431,28.170239],[-105.330375,28.170269],[-105.330286,28.170349],[-105.330174,28.170349],[-105.330207,28.17019],[-105.330545,28.167376],[-105.330679,28.167355],[-105.331026,28.167256],[-105.331082,28.167335],[-105.331038,28.167751],[-105.331061,28.16779],[-105.33113,28.167759],[-105.33121,28.167707],[-105.331309,28.167643],[-105.331296,28.16777],[-105.331309,28.167858],[-105.331319,28.168558],[-105.33132,28.168704],[-105.331319,28.169111],[-105.331221,28.169407],[-105.331245,28.169853],[-105.331258,28.170089],[-105.331253,28.170387],[-105.331256,28.171031]]]}},{"type":"Feature","properties":{"modulo":12,"idparcela":"9449","productor":"OLIVAS MARTINEZ JESUS","cultivo":null,"superficie_fisica_ha":6,"superficie_riego_ha":6,"hectareas":5.812},"geometry":{"type":"Polygon","coordinates":[[[-105.318709,28.158693],[-105.318571,28.158652],[-105.318363,28.158485],[-105.318173,28.158319],[-105.31801,28.158119],[-105.31792,28.15796],[-105.317843,28.157841],[-105.317616,28.157574],[-105.317772,28.157447],[-105.317781,28.157264],[-105.317626,28.156959],[-105.317549,28.156801],[-105.317441,28.156643],[-105.317401,28.156544],[-105.317331,28.1563],[-105.31729,28.156214],[-105.317205,28.155957],[-105.317162,28.155787],[-105.317197,28.155574],[-105.317299,28.155424],[-105.317435,28.155267],[-105.317583,28.155034],[-105.317733,28.15493],[-105.317918,28.154838],[-105.31813,28.154792],[-105.31825,28.154807],[-105.318793,28.156399],[-105.319389,28.157647],[-105.320037,28.158591],[-105.319735,28.158636],[-105.319377,28.158637],[-105.319074,28.158683],[-105.318879,28.158716],[-105.318709,28.158693]]]}},{"type":"Feature","properties":{"modulo":12,"idparcela":"9460","productor":"RODRIGUEZ CONTRERAS ADALBERTO","cultivo":null,"superficie_fisica_ha":4.6724,"superficie_riego_ha":4.6724,"hectareas":4.086},"geometry":{"type":"Polygon","coordinates":[[[-105.319249,28.155012],[-105.319476,28.155019],[-105.319624,28.155087],[-105.319592,28.155383],[-105.319588,28.155492],[-105.319592,28.155645],[-105.319625,28.155726],[-105.319725,28.155798],[-105.319851,28.155888],[-105.319927,28.155973],[-105.319969,28.156049],[-105.320031,28.156361],[-105.320077,28.156578],[-105.320027,28.156677],[-105.319931,28.156786],[-105.319875,28.156928],[-105.319907,28.157028],[-105.320088,28.157286],[-105.32038,28.15773],[-105.320717,28.158159],[-105.320898,28.158444],[-105.320901,28.158511],[-105.320807,28.158507],[-105.320688,28.158495],[-105.320559,28.158491],[-105.320037,28.158591],[-105.319389,28.157647],[-105.318793,28.156399],[-105.31825,28.154807],[-105.318491,28.154826],[-105.318718,28.154857],[-105.318816,28.154961],[-105.318897,28.15506],[-105.319024,28.155075],[-105.319249,28.155012]]]}},{"type":"Feature","properties":{"modulo":12,"idparcela":"************","productor":null,"cultivo":null,"superficie_fisica_ha":null,"superficie_riego_ha":null,"hectareas":5.333},"geometry":{"type":"Polygon","coordinates":[[[-105.330562,28.163981],[-105.330518,28.164277],[-105.330511,28.164324],[-105.330521,28.164419],[-105.330562,28.164784],[-105.330611,28.164991],[-105.33068,28.165216],[-105.330694,28.16528],[-105.330723,28.165477],[-105.330631,28.165465],[-105.330473,28.165455],[-105.329621,28.165282],[-105.329464,28.16526],[-105.328358,28.1651],[-105.327366,28.164932],[-105.327137,28.164893],[-105.327199,28.164526],[-105.32726,28.164153],[-105.327359,28.163874],[-105.327533,28.163467],[-105.327668,28.163468],[-105.330547,28.163975],[-105.330562,28.163981]]]}},{"type":"Feature","properties":{"modulo":12,"idparcela":"9325","productor":"FRANCO GUILLERMO","cultivo":null,"superficie_fisica_ha":11.4023,"superficie_riego_ha":11.4023,"hectareas":10.856},"geometry":{"type":"Polygon","coordinates":[[[-105.339507,28.16495],[-105.338668,28.164826],[-105.336455,28.164461],[-105.335535,28.164312],[-105.335234,28.164258],[-105.330955,28.163498],[-105.330861,28.163483],[-105.330452,28.163417],[-105.327855,28.162995],[-105.327936,28.162822],[-105.32803,28.162674],[-105.328214,28.162447],[-105.328388,28.162157],[-105.328423,28.162163],[-105.330281,28.162487],[-105.330612,28.162567],[-105.331418,28.162719],[-105.332729,28.162967],[-105.33458,28.163313],[-105.336353,28.163608],[-105.338201,28.163921],[-105.339108,28.164081],[-105.339231,28.164114],[-105.339871,28.164184],[-105.339895,28.164261],[-105.339897,28.164458],[-105.339861,28.164679],[-105.339818,28.164891],[-105.339784,28.164988],[-105.339507,28.16495]]]}},{"type":"Feature","properties":{"modulo":12,"idparcela":"9330","productor":"FRANCO GUILLERMO","cultivo":null,"superficie_fisica_ha":1.8397,"superficie_riego_ha":1.8397,"hectareas":2.567},"geometry":{"type":"Polygon","coordinates":[[[-105.330518,28.164277],[-105.330562,28.163981],[-105.330979,28.164074],[-105.332377,28.164304],[-105.33201,28.165728],[-105.331469,28.165619],[-105.331009,28.16557],[-105.330723,28.165477],[-105.330694,28.16528],[-105.33068,28.165216],[-105.330611,28.164991],[-105.330562,28.164784],[-105.330521,28.164419],[-105.330511,28.164324],[-105.330518,28.164277]]]}},{"type":"Feature","properties":{"modulo":12,"idparcela":"************","productor":null,"cultivo":null,"superficie_fisica_ha":null,"superficie_riego_ha":null,"hectareas":6.264},"geometry":{"type":"Polygon","coordinates":[[[-105.327261,28.162319],[-105.327258,28.16195],[-105.327202,28.161823],[-105.327076,28.161638],[-105.326904,28.16144],[-105.326863,28.1613],[-105.326996,28.16117],[-105.326829,28.160948],[-105.326684,28.160727],[-105.326502,28.160484],[-105.326364,28.16028],[-105.326317,28.160045],[-105.326134,28.160054],[-105.32602,28.160043],[-105.325994,28.159923],[-105.325992,28.159829],[-105.325974,28.159722],[-105.325926,28.159629],[-105.325819,28.159598],[-105.325665,28.159493],[-105.325685,28.159392],[-105.325668,28.159305],[-105.325621,28.159259],[-105.325507,28.159248],[-105.325394,28.159284],[-105.325378,28.159238],[-105.325377,28.159063],[-105.325099,28.159002],[-105.324954,28.158958],[-105.324899,28.158858],[-105.325077,28.15872],[-105.325188,28.158617],[-105.325337,28.158541],[-105.325588,28.158537],[-105.325743,28.158527],[-105.325999,28.158554],[-105.326508,28.15867],[-105.326949,28.158789],[-105.327184,28.158876],[-105.327441,28.158974],[-105.327599,28.159051],[-105.327731,28.159162],[-105.327888,28.159401],[-105.327999,28.159593],[-105.328065,28.159793],[-105.328216,28.160078],[-105.328301,28.160425],[-105.327997,28.1604],[-105.327763,28.16039],[-105.32778,28.160745],[-105.327847,28.161005],[-105.327899,28.161266],[-105.327955,28.16166],[-105.327958,28.162063],[-105.327904,28.162326],[-105.327796,28.162592],[-105.327598,28.162781],[-105.327515,28.162803],[-105.327387,28.162813],[-105.327361,28.162679],[-105.327334,28.162505],[-105.327362,28.162411],[-105.327261,28.162319]]]}},{"type":"Feature","properties":{"modulo":12,"idparcela":"9310","productor":"RODRIGUEZ CONTRERAS ADALBERTO","cultivo":null,"superficie_fisica_ha":7.2996,"superficie_riego_ha":7.2996,"hectareas":7.62},"geometry":{"type":"Polygon","coordinates":[[[-105.329033,28.158021],[-105.330098,28.158197],[-105.330833,28.158299],[-105.330806,28.158358],[-105.330761,28.158461],[-105.330722,28.158652],[-105.330696,28.158854],[-105.330692,28.159143],[-105.330709,28.159512],[-105.330713,28.159732],[-105.330684,28.159766],[-105.330539,28.159749],[-105.329713,28.159628],[-105.32891,28.159485],[-105.328162,28.159343],[-105.328099,28.159262],[-105.327955,28.1591],[-105.327772,28.158929],[-105.327472,28.158758],[-105.327176,28.158659],[-105.326926,28.158579],[-105.326392,28.158454],[-105.326072,28.158355],[-105.325681,28.158302],[-105.325402,28.158303],[-105.32524,28.158294],[-105.325089,28.158304],[-105.324908,28.158362],[-105.32473,28.158479],[-105.324611,28.158582],[-105.32453,28.158658],[-105.324883,28.157343],[-105.32501,28.157365],[-105.326459,28.157637],[-105.327959,28.157846],[-105.329033,28.158021]]]}},{"type":"Feature","properties":{"modulo":12,"idparcela":"9313","productor":"RODRIGUEZ CONTRERAS ADALBERTO","cultivo":null,"superficie_fisica_ha":3.13,"superficie_riego_ha":3.13,"hectareas":7.991},"geometry":{"type":"Polygon","coordinates":[[[-105.323606,28.158929],[-105.323386,28.158929],[-105.323147,28.15894],[-105.3229,28.158941],[-105.322522,28.158867],[-105.322434,28.158815],[-105.322126,28.158752],[-105.321703,28.158663],[-105.321395,28.158615],[-105.321258,28.158591],[-105.321112,28.158507],[-105.321036,28.158349],[-105.320575,28.157664],[-105.320207,28.15716],[-105.320128,28.157016],[-105.320102,28.156937],[-105.320137,28.156836],[-105.320225,28.156745],[-105.320277,28.156679],[-105.320439,28.156663],[-105.320644,28.156707],[-105.321028,28.156752],[-105.321515,28.156841],[-105.321845,28.156903],[-105.322168,28.156939],[-105.322697,28.156991],[-105.323249,28.157076],[-105.32366,28.157149],[-105.324235,28.157231],[-105.324883,28.157343],[-105.32453,28.158658],[-105.324412,28.158781],[-105.324257,28.15891],[-105.323961,28.158913],[-105.323606,28.158929]]]}},{"type":"Feature","properties":{"modulo":12,"idparcela":"************","productor":null,"cultivo":null,"superficie_fisica_ha":null,"superficie_riego_ha":null,"hectareas":4.832},"geometry":{"type":"Polygon","coordinates":[[[-105.335144,28.162341],[-105.339635,28.163122],[-105.339649,28.163202],[-105.339668,28.163346],[-105.339676,28.163509],[-105.339741,28.163712],[-105.339789,28.163938],[-105.339811,28.164068],[-105.33977,28.164069],[-105.339662,28.164052],[-105.339517,28.164035],[-105.338586,28.163902],[-105.336739,28.163572],[-105.334934,28.163262],[-105.335144,28.162341]]]}},{"type":"Feature","properties":{"modulo":12,"idparcela":"9316","productor":"MARTINEZ ARMENDARIZ MERCEDES","cultivo":null,"superficie_fisica_ha":4,"superficie_riego_ha":4,"hectareas":3.683},"geometry":{"type":"Polygon","coordinates":[[[-105.328251,28.159862],[-105.328164,28.1597],[-105.32826,28.159709],[-105.33029,28.160067],[-105.331931,28.160356],[-105.333335,28.160603],[-105.337264,28.161295],[-105.339343,28.161665],[-105.339357,28.16172],[-105.339414,28.161983],[-105.328416,28.160039],[-105.328308,28.160024],[-105.328251,28.159862]]]}},{"type":"Feature","properties":{"modulo":12,"idparcela":"9327","productor":"FRANCO CONCEPCION","cultivo":null,"superficie_fisica_ha":6,"superficie_riego_ha":6,"hectareas":5.733},"geometry":{"type":"Polygon","coordinates":[[[-105.335946,28.164888],[-105.335982,28.164884],[-105.337083,28.16507],[-105.338472,28.165305],[-105.339321,28.165468],[-105.339575,28.165546],[-105.339643,28.165584],[-105.339604,28.165719],[-105.339483,28.166396],[-105.339427,28.166771],[-105.339393,28.166884],[-105.339321,28.16687],[-105.339227,28.166869],[-105.338929,28.166806],[-105.338099,28.166691],[-105.336105,28.166371],[-105.335762,28.166318],[-105.335946,28.164888]]]}},{"type":"Feature","properties":{"modulo":12,"idparcela":"9329","productor":"FRANCO GUILLERMO","cultivo":null,"superficie_fisica_ha":6.7509,"superficie_riego_ha":6.7509,"hectareas":5.834},"geometry":{"type":"Polygon","coordinates":[[[-105.332377,28.164304],[-105.335946,28.164888],[-105.335762,28.166318],[-105.33201,28.165728],[-105.332377,28.164304]]]}},{"type":"Feature","properties":{"modulo":12,"idparcela":"9326","productor":"PEREZ HERIBERTO","cultivo":null,"superficie_fisica_ha":6,"superficie_riego_ha":6,"hectareas":6.929},"geometry":{"type":"Polygon","coordinates":[[[-105.339643,28.165584],[-105.339575,28.165546],[-105.339321,28.165468],[-105.338472,28.165305],[-105.337083,28.16507],[-105.335982,28.164884],[-105.335946,28.164888],[-105.332377,28.164304],[-105.330979,28.164074],[-105.330562,28.163981],[-105.330547,28.163975],[-105.327668,28.163468],[-105.327533,28.163467],[-105.327593,28.163309],[-105.327639,28.163176],[-105.327687,28.163093],[-105.327758,28.163033],[-105.327855,28.162995],[-105.330452,28.163417],[-105.330861,28.163483],[-105.330955,28.163498],[-105.335234,28.164258],[-105.335535,28.164312],[-105.336455,28.164461],[-105.338668,28.164826],[-105.339507,28.16495],[-105.339784,28.164988],[-105.339728,28.165291],[-105.339643,28.165584]]]}},{"type":"Feature","properties":{"modulo":12,"idparcela":"************","productor":null,"cultivo":null,"superficie_fisica_ha":null,"superficie_riego_ha":null,"hectareas":6.735},"geometry":{"type":"Polygon","coordinates":[[[-105.334934,28.163262],[-105.330664,28.16248],[-105.330612,28.162567],[-105.330281,28.162487],[-105.328423,28.162163],[-105.328388,28.162157],[-105.328458,28.161989],[-105.328407,28.161183],[-105.330352,28.161511],[-105.33039,28.161518],[-105.330525,28.161547],[-105.330694,28.161588],[-105.333598,28.162091],[-105.334009,28.162162],[-105.335075,28.162347],[-105.335144,28.162341],[-105.334934,28.163262]]]}},{"type":"Feature","properties":{"modulo":12,"idparcela":"9311","productor":"RODRIGUEZ CONTRERAS JESUS HORACIO","cultivo":null,"superficie_fisica_ha":5.18,"superficie_riego_ha":5.18,"hectareas":4.421},"geometry":{"type":"Polygon","coordinates":[[[-105.336497,28.160823],[-105.333704,28.160368],[-105.333662,28.160349],[-105.334105,28.158904],[-105.336667,28.159362],[-105.336497,28.160823]]]}},{"type":"Feature","properties":{"modulo":12,"idparcela":"9314","productor":"MARTINEZ ARMENDARIZ LUIS CARLOS","cultivo":null,"superficie_fisica_ha":3.871,"superficie_riego_ha":3.871,"hectareas":3.635},"geometry":{"type":"Polygon","coordinates":[[[-105.330836,28.159872],[-105.330916,28.159891],[-105.333662,28.160349],[-105.333704,28.160368],[-105.336497,28.160823],[-105.339233,28.161319],[-105.339343,28.161665],[-105.337264,28.161295],[-105.333335,28.160603],[-105.331931,28.160356],[-105.33029,28.160067],[-105.32826,28.159709],[-105.328164,28.1597],[-105.328154,28.159626],[-105.328074,28.159454],[-105.328258,28.159484],[-105.328385,28.159505],[-105.33081,28.159879],[-105.330836,28.159872]]]}},{"type":"Feature","properties":{"modulo":12,"idparcela":"************","productor":null,"cultivo":null,"superficie_fisica_ha":null,"superficie_riego_ha":null,"hectareas":0.643},"geometry":{"type":"Polygon","coordinates":[[[-105.340392,28.152018],[-105.340173,28.151985],[-105.340002,28.151956],[-105.339896,28.151948],[-105.339737,28.151942],[-105.339758,28.151785],[-105.339909,28.15104],[-105.340277,28.151089],[-105.340554,28.15113],[-105.340484,28.151494],[-105.340406,28.151952],[-105.340392,28.152018]]]}},{"type":"Feature","properties":{"modulo":12,"idparcela":"9267","productor":"ORNELAS FLORES CARLOS","cultivo":null,"superficie_fisica_ha":4.32,"superficie_riego_ha":4.32,"hectareas":3.754},"geometry":{"type":"Polygon","coordinates":[[[-105.332273,28.150901],[-105.332342,28.150909],[-105.333643,28.151122],[-105.335307,28.151417],[-105.334991,28.152414],[-105.333923,28.152242],[-105.332164,28.151948],[-105.331692,28.151832],[-105.331647,28.151778],[-105.331659,28.151688],[-105.331725,28.151534],[-105.331795,28.15139],[-105.331926,28.151272],[-105.332162,28.151064],[-105.332253,28.150947],[-105.332273,28.150901]]]}},{"type":"Feature","properties":{"modulo":12,"idparcela":"9282","productor":"RAMIREZ ORNELAS MIGUEL","cultivo":null,"superficie_fisica_ha":4.2299,"superficie_riego_ha":4.2299,"hectareas":3.66},"geometry":{"type":"Polygon","coordinates":[[[-105.339604,28.154054],[-105.338927,28.153936],[-105.338674,28.153895],[-105.338582,28.153882],[-105.338485,28.153879],[-105.338272,28.153833],[-105.337796,28.153751],[-105.337583,28.15371],[-105.336665,28.153562],[-105.335615,28.153391],[-105.333898,28.153102],[-105.333048,28.152948],[-105.332244,28.152769],[-105.332004,28.152731],[-105.331181,28.152601],[-105.3311,28.152584],[-105.33089,28.152541],[-105.330637,28.152501],[-105.330835,28.15238],[-105.331022,28.15225],[-105.332455,28.15248],[-105.333647,28.152675],[-105.334858,28.152863],[-105.336201,28.153083],[-105.336787,28.153179],[-105.33757,28.153307],[-105.338704,28.153492],[-105.339016,28.153543],[-105.339661,28.153649],[-105.339654,28.153834],[-105.339633,28.15391],[-105.339613,28.153967],[-105.339604,28.154054]]]}},{"type":"Feature","properties":{"modulo":12,"idparcela":"9280","productor":"PACHECO LOZOYA ALFREDO","cultivo":null,"superficie_fisica_ha":0.6402,"superficie_riego_ha":0.6402,"hectareas":0.365},"geometry":{"type":"Polygon","coordinates":[[[-105.338704,28.153492],[-105.338796,28.153129],[-105.338936,28.153159],[-105.339248,28.153204],[-105.339554,28.153284],[-105.339661,28.153311],[-105.339677,28.153383],[-105.339671,28.153482],[-105.339662,28.153609],[-105.339661,28.153649],[-105.339016,28.153543],[-105.338704,28.153492]]]}},{"type":"Feature","properties":{"modulo":12,"idparcela":"9278","productor":"VEGA GARCIA FRANCISCA","cultivo":null,"superficie_fisica_ha":0.7565,"superficie_riego_ha":0.7565,"hectareas":0.462},"geometry":{"type":"Polygon","coordinates":[[[-105.33757,28.153307],[-105.33771,28.152946],[-105.337926,28.152981],[-105.338687,28.153106],[-105.338796,28.153129],[-105.338704,28.153492],[-105.33757,28.153307]]]}},{"type":"Feature","properties":{"modulo":12,"idparcela":"************","productor":null,"cultivo":null,"superficie_fisica_ha":null,"superficie_riego_ha":null,"hectareas":21.193},"geometry":{"type":"Polygon","coordinates":[[[-105.332028,28.147126],[-105.332185,28.14713],[-105.333757,28.147399],[-105.335213,28.14766],[-105.336327,28.147825],[-105.337318,28.147956],[-105.338314,28.148109],[-105.338922,28.148195],[-105.33947,28.148278],[-105.340014,28.148361],[-105.340108,28.148401],[-105.340177,28.148843],[-105.340218,28.149276],[-105.340249,28.149419],[-105.340241,28.149504],[-105.339996,28.149481],[-105.338845,28.149312],[-105.337471,28.149138],[-105.335216,28.148765],[-105.333221,28.148481],[-105.332094,28.148293],[-105.331922,28.148264],[-105.331768,28.148235],[-105.331645,28.148204],[-105.331525,28.148196],[-105.331011,28.148123],[-105.330425,28.148027],[-105.329853,28.147938],[-105.328806,28.147769],[-105.327888,28.147645],[-105.326965,28.147494],[-105.326249,28.147397],[-105.326038,28.14735],[-105.325736,28.147299],[-105.325316,28.147254],[-105.325205,28.147237],[-105.323911,28.147023],[-105.323683,28.147006],[-105.322715,28.146863],[-105.321829,28.146721],[-105.321805,28.146667],[-105.321842,28.146613],[-105.321958,28.146586],[-105.322206,28.146513],[-105.322493,28.146377],[-105.322707,28.146241],[-105.322922,28.145988],[-105.323034,28.145915],[-105.323219,28.145908],[-105.323512,28.145939],[-105.323992,28.146005],[-105.324525,28.146088],[-105.325563,28.146236],[-105.326053,28.146301],[-105.326367,28.146327],[-105.326516,28.146343],[-105.32667,28.146376],[-105.326921,28.14642],[-105.327483,28.1465],[-105.328899,28.146686],[-105.330019,28.146855],[-105.330379,28.146899],[-105.330577,28.146942],[-105.331741,28.147113],[-105.332028,28.147126]]]}},{"type":"Feature","properties":{"modulo":12,"idparcela":"************","productor":null,"cultivo":null,"superficie_fisica_ha":null,"superficie_riego_ha":null,"hectareas":7.334},"geometry":{"type":"Polygon","coordinates":[[[-105.333052,28.143163],[-105.339532,28.144093],[-105.33965,28.144278],[-105.339755,28.144422],[-105.339812,28.144643],[-105.339813,28.144687],[-105.339742,28.144672],[-105.326966,28.142831],[-105.327611,28.142382],[-105.332888,28.14314],[-105.333052,28.143163]]]}},{"type":"Feature","properties":{"modulo":12,"idparcela":"9298","productor":"MARTINEZ GONZALEZ FRANCISCO","cultivo":null,"superficie_fisica_ha":2.57,"superficie_riego_ha":2.57,"hectareas":2.368},"geometry":{"type":"Polygon","coordinates":[[[-105.32319,28.154351],[-105.323171,28.154821],[-105.31918,28.154282],[-105.319013,28.15416],[-105.318976,28.154018],[-105.318979,28.153865],[-105.318981,28.153682],[-105.32319,28.154351]]]}},{"type":"Feature","properties":{"modulo":12,"idparcela":"9296","productor":"HERMOSILLO DE MELENDEZ ELISA","cultivo":null,"superficie_fisica_ha":1.8504,"superficie_riego_ha":1.8504,"hectareas":2.496},"geometry":{"type":"Polygon","coordinates":[[[-105.331563,28.15595],[-105.338998,28.157146],[-105.33901,28.157245],[-105.339046,28.157352],[-105.33913,28.157486],[-105.334603,28.156743],[-105.333337,28.156535],[-105.332293,28.156362],[-105.331564,28.156237],[-105.331561,28.15623],[-105.331462,28.156214],[-105.331563,28.15595]]]}},{"type":"Feature","properties":{"modulo":12,"idparcela":"************","productor":null,"cultivo":null,"superficie_fisica_ha":null,"superficie_riego_ha":null,"hectareas":4.657},"geometry":{"type":"Polygon","coordinates":[[[-105.334554,28.155188],[-105.336604,28.155571],[-105.337991,28.155765],[-105.338246,28.155809],[-105.338942,28.155893],[-105.339063,28.155942],[-105.339029,28.15602],[-105.338996,28.156236],[-105.338968,28.156597],[-105.338929,28.156591],[-105.336719,28.156305],[-105.334926,28.156023],[-105.334433,28.155942],[-105.333269,28.155724],[-105.333162,28.155703],[-105.33312,28.155693],[-105.333125,28.155618],[-105.333125,28.15559],[-105.333113,28.154969],[-105.334554,28.155188]]]}},{"type":"Feature","properties":{"modulo":12,"idparcela":"************","productor":null,"cultivo":null,"superficie_fisica_ha":null,"superficie_riego_ha":null,"hectareas":5.294},"geometry":{"type":"Polygon","coordinates":[[[-105.333094,28.155693],[-105.331541,28.155441],[-105.330768,28.155304],[-105.329496,28.155086],[-105.329393,28.155064],[-105.328196,28.154837],[-105.327571,28.154724],[-105.327031,28.154652],[-105.326246,28.154542],[-105.326126,28.154529],[-105.326228,28.153829],[-105.327695,28.154089],[-105.328129,28.154158],[-105.328649,28.15424],[-105.329984,28.154453],[-105.330177,28.154486],[-105.331537,28.154711],[-105.332676,28.154898],[-105.333113,28.154969],[-105.333125,28.15559],[-105.333125,28.155618],[-105.33312,28.155693],[-105.333094,28.155693]]]}},{"type":"Feature","properties":{"modulo":12,"idparcela":"9286","productor":"GUEVARA PEREZ SALVADOR","cultivo":null,"superficie_fisica_ha":5.0158,"superficie_riego_ha":5.0158,"hectareas":5.669},"geometry":{"type":"Polygon","coordinates":[[[-105.326126,28.154529],[-105.325719,28.154458],[-105.324438,28.154256],[-105.324327,28.154235],[-105.320718,28.153637],[-105.319603,28.153495],[-105.319259,28.153443],[-105.318961,28.153422],[-105.318917,28.153265],[-105.318905,28.152937],[-105.318902,28.152709],[-105.319009,28.152703],[-105.319147,28.152712],[-105.319569,28.152736],[-105.320869,28.152941],[-105.322511,28.153217],[-105.324508,28.153555],[-105.325934,28.153777],[-105.326228,28.153829],[-105.326126,28.154529]]]}},{"type":"Feature","properties":{"modulo":12,"idparcela":"9282","productor":"RAMIREZ ORNELAS MIGUEL","cultivo":null,"superficie_fisica_ha":4.2299,"superficie_riego_ha":4.2299,"hectareas":0.995},"geometry":{"type":"Polygon","coordinates":[[[-105.33034,28.152422],[-105.328498,28.152132],[-105.327683,28.152017],[-105.327268,28.151901],[-105.327251,28.151898],[-105.327321,28.15164],[-105.328921,28.151902],[-105.330347,28.152135],[-105.330399,28.152144],[-105.33034,28.152422]]]}},{"type":"Feature","properties":{"modulo":12,"idparcela":"9269","productor":"ROMERO CHAVEZ GUADALUPE","cultivo":null,"superficie_fisica_ha":0.576,"superficie_riego_ha":0.576,"hectareas":0.642},"geometry":{"type":"Polygon","coordinates":[[[-105.328994,28.151536],[-105.328921,28.151902],[-105.327321,28.15164],[-105.327406,28.151275],[-105.327953,28.15137],[-105.328489,28.151468],[-105.328994,28.151536]]]}},{"type":"Feature","properties":{"modulo":12,"idparcela":"9275","productor":"RAMIREZ ORNELAS MIGUEL","cultivo":null,"superficie_fisica_ha":0.1836,"superficie_riego_ha":0.1836,"hectareas":0.562},"geometry":{"type":"Polygon","coordinates":[[[-105.334858,28.152863],[-105.334975,28.1525],[-105.33559,28.152599],[-105.336334,28.152721],[-105.336201,28.153083],[-105.334858,28.152863]]]}},{"type":"Feature","properties":{"modulo":12,"idparcela":"9271","productor":"ROMERO CHAVEZ GUADALUPE","cultivo":null,"superficie_fisica_ha":0.5986,"superficie_riego_ha":0.5986,"hectareas":0.485},"geometry":{"type":"Polygon","coordinates":[[[-105.332455,28.15248],[-105.332626,28.152123],[-105.333597,28.152279],[-105.333749,28.152303],[-105.333647,28.152675],[-105.332455,28.15248]]]}},{"type":"Feature","properties":{"modulo":12,"idparcela":"9270","productor":"ROMERO CHAVEZ GUADALUPE","cultivo":null,"superficie_fisica_ha":0.4716,"superficie_riego_ha":0.4716,"hectareas":0.555},"geometry":{"type":"Polygon","coordinates":[[[-105.332455,28.15248],[-105.331022,28.15225],[-105.331147,28.152131],[-105.331257,28.152023],[-105.331362,28.151967],[-105.331464,28.151939],[-105.331603,28.151959],[-105.332626,28.152123],[-105.332455,28.15248]]]}},{"type":"Feature","properties":{"modulo":12,"idparcela":"************","productor":null,"cultivo":null,"superficie_fisica_ha":null,"superficie_riego_ha":null,"hectareas":6.725},"geometry":{"type":"Polygon","coordinates":[[[-105.331662,28.150686],[-105.330857,28.15056],[-105.330832,28.150671],[-105.330427,28.150597],[-105.330173,28.150554],[-105.328697,28.150302],[-105.328602,28.150286],[-105.328654,28.150197],[-105.329001,28.149181],[-105.334449,28.150078],[-105.334513,28.150089],[-105.33463,28.150108],[-105.334292,28.151101],[-105.33333,28.150944],[-105.332258,28.150756],[-105.331896,28.150713],[-105.331662,28.150686]]]}},{"type":"Feature","properties":{"modulo":12,"idparcela":"9258","productor":"URRUTIA ESTRADA JOSE","cultivo":null,"superficie_fisica_ha":19.6406,"superficie_riego_ha":19.6406,"hectareas":16.81},"geometry":{"type":"Polygon","coordinates":[[[-105.320226,28.144659],[-105.320211,28.144467],[-105.320193,28.144381],[-105.320136,28.144307],[-105.320043,28.144217],[-105.319949,28.144127],[-105.319734,28.1438],[-105.319929,28.143826],[-105.339845,28.146559],[-105.339872,28.146741],[-105.339929,28.147241],[-105.33994,28.147343],[-105.325089,28.145321],[-105.320226,28.144659]]]}},{"type":"Feature","properties":{"modulo":12,"idparcela":"************","productor":null,"cultivo":null,"superficie_fisica_ha":null,"superficie_riego_ha":null,"hectareas":5.119},"geometry":{"type":"Polygon","coordinates":[[[-105.32792,28.141874],[-105.319699,28.140695],[-105.319742,28.1404],[-105.319796,28.140151],[-105.328469,28.141396],[-105.328382,28.141514],[-105.32792,28.141874]]]}},{"type":"Feature","properties":{"modulo":12,"idparcela":"************","productor":null,"cultivo":null,"superficie_fisica_ha":null,"superficie_riego_ha":null,"hectareas":5.457},"geometry":{"type":"Polygon","coordinates":[[[-105.328367,28.139306],[-105.329217,28.13943],[-105.329695,28.139526],[-105.329649,28.139605],[-105.329586,28.139689],[-105.329478,28.139833],[-105.329363,28.139984],[-105.320297,28.13879],[-105.320338,28.138706],[-105.32041,28.138554],[-105.32054,28.13826],[-105.320646,28.138241],[-105.320722,28.13825],[-105.320855,28.138266],[-105.321381,28.138351],[-105.321652,28.138388],[-105.321996,28.138442],[-105.322171,28.138469],[-105.322701,28.138556],[-105.323238,28.138612],[-105.323687,28.138672],[-105.324922,28.138846],[-105.325683,28.138973],[-105.326101,28.139032],[-105.326933,28.139129],[-105.328367,28.139306]]]}},{"type":"Feature","properties":{"modulo":12,"idparcela":"************","productor":null,"cultivo":null,"superficie_fisica_ha":null,"superficie_riego_ha":null,"hectareas":5.109},"geometry":{"type":"Polygon","coordinates":[[[-105.328469,28.141396],[-105.319796,28.140151],[-105.319872,28.139804],[-105.319925,28.13963],[-105.328771,28.140903],[-105.328469,28.141396]]]}},{"type":"Feature","properties":{"modulo":12,"idparcela":"************","productor":null,"cultivo":null,"superficie_fisica_ha":null,"superficie_riego_ha":null,"hectareas":2.524},"geometry":{"type":"Polygon","coordinates":[[[-105.318733,28.153009],[-105.318766,28.153627],[-105.318499,28.153603],[-105.317441,28.153412],[-105.317487,28.153319],[-105.317478,28.15308],[-105.31731,28.15303],[-105.317323,28.152877],[-105.317359,28.152696],[-105.317388,28.152489],[-105.317428,28.152444],[-105.317578,28.152353],[-105.317633,28.152114],[-105.317769,28.15194],[-105.317945,28.151864],[-105.318054,28.151742],[-105.318192,28.151611],[-105.318322,28.151553],[-105.318551,28.151448],[-105.318665,28.151387],[-105.318755,28.151358],[-105.318782,28.151422],[-105.318756,28.151707],[-105.318741,28.15189],[-105.318744,28.152032],[-105.318731,28.152268],[-105.318719,28.152334],[-105.318722,28.152495],[-105.318727,28.152639],[-105.318733,28.153009]]]}},{"type":"Feature","properties":{"modulo":12,"idparcela":"9451","productor":"MATA MARTINEZ JESUS NOEL","cultivo":null,"superficie_fisica_ha":2.5,"superficie_riego_ha":2.5,"hectareas":2.95},"geometry":{"type":"Polygon","coordinates":[[[-105.316603,28.153871],[-105.316677,28.153745],[-105.316786,28.153681],[-105.317027,28.153482],[-105.3171,28.153464],[-105.317343,28.153418],[-105.317396,28.153404],[-105.317441,28.153412],[-105.318499,28.153603],[-105.318766,28.153627],[-105.318789,28.153756],[-105.318793,28.153892],[-105.318811,28.154056],[-105.318839,28.154182],[-105.318902,28.154489],[-105.318798,28.154601],[-105.31866,28.154675],[-105.31842,28.154662],[-105.31819,28.154561],[-105.318043,28.154516],[-105.317908,28.154466],[-105.317783,28.154516],[-105.317645,28.154595],[-105.317494,28.154687],[-105.317299,28.154826],[-105.317187,28.15498],[-105.317071,28.155134],[-105.316996,28.155206],[-105.316959,28.155206],[-105.316869,28.155215],[-105.316818,28.155179],[-105.31668,28.155008],[-105.316642,28.154936],[-105.316618,28.154729],[-105.316568,28.154422],[-105.316581,28.153962],[-105.316603,28.153871]]]}},{"type":"Feature","properties":{"modulo":12,"idparcela":"9265","productor":"GUEVARA PEREZ SALVADOR","cultivo":null,"superficie_fisica_ha":6.625,"superficie_riego_ha":6.625,"hectareas":5.89},"geometry":{"type":"Polygon","coordinates":[[[-105.318818,28.148632],[-105.316896,28.148291],[-105.316886,28.148195],[-105.316919,28.148077],[-105.317045,28.147969],[-105.317728,28.14775],[-105.317899,28.14775],[-105.318289,28.14774],[-105.318442,28.147749],[-105.318717,28.147721],[-105.318794,28.147685],[-105.318908,28.147612],[-105.319182,28.147562],[-105.322775,28.148155],[-105.322198,28.149139],[-105.322148,28.149195],[-105.322075,28.149184],[-105.32201,28.149181],[-105.321723,28.149167],[-105.321674,28.149159],[-105.321644,28.149154],[-105.321601,28.149148],[-105.321564,28.149142],[-105.321387,28.149114],[-105.321112,28.149087],[-105.320829,28.149025],[-105.320655,28.14898],[-105.32061,28.148975],[-105.320492,28.148962],[-105.320349,28.148945],[-105.32019,28.148885],[-105.320143,28.148866],[-105.320081,28.148842],[-105.320034,28.148824],[-105.319918,28.148778],[-105.319821,28.148758],[-105.319656,28.148724],[-105.319629,28.148718],[-105.319382,28.148689],[-105.319221,28.14867],[-105.319154,28.148663],[-105.319054,28.148651],[-105.318961,28.148643],[-105.318818,28.148632]]]}},{"type":"Feature","properties":{"modulo":12,"idparcela":"9283","productor":"RAMIREZ ORNELAS MIGUEL","cultivo":null,"superficie_fisica_ha":1.0076,"superficie_riego_ha":1.0076,"hectareas":1.558},"geometry":{"type":"Polygon","coordinates":[[[-105.317077,28.150084],[-105.317019,28.14996],[-105.32208,28.150775],[-105.321986,28.151042],[-105.320919,28.150881],[-105.319236,28.150609],[-105.31738,28.15031],[-105.317185,28.150282],[-105.317133,28.150185],[-105.317127,28.150173],[-105.317077,28.150084]]]}},{"type":"Feature","properties":{"modulo":12,"idparcela":"************","productor":null,"cultivo":null,"superficie_fisica_ha":null,"superficie_riego_ha":null,"hectareas":3.906},"geometry":{"type":"Polygon","coordinates":[[[-105.320112,28.139109],[-105.320216,28.138883],[-105.320297,28.13879],[-105.329363,28.139984],[-105.329225,28.140229],[-105.329102,28.140401],[-105.320112,28.139109]]]}},{"type":"Feature","properties":{"modulo":12,"idparcela":"************","productor":null,"cultivo":null,"superficie_fisica_ha":null,"superficie_riego_ha":null,"hectareas":5.308},"geometry":{"type":"Polygon","coordinates":[[[-105.320112,28.139109],[-105.329102,28.140401],[-105.328965,28.140605],[-105.328771,28.140903],[-105.319925,28.13963],[-105.319979,28.139452],[-105.320081,28.139181],[-105.320112,28.139109]]]}},{"type":"Feature","properties":{"modulo":12,"idparcela":"************","productor":null,"cultivo":null,"superficie_fisica_ha":null,"superficie_riego_ha":null,"hectareas":4.74},"geometry":{"type":"Polygon","coordinates":[[[-105.319691,28.140743],[-105.319699,28.140695],[-105.32792,28.141874],[-105.327285,28.142332],[-105.319573,28.141227],[-105.319646,28.140987],[-105.319691,28.140743]]]}},{"type":"Feature","properties":{"modulo":12,"idparcela":"************","productor":null,"cultivo":null,"superficie_fisica_ha":null,"superficie_riego_ha":null,"hectareas":4.326},"geometry":{"type":"Polygon","coordinates":[[[-105.319555,28.141496],[-105.319573,28.141227],[-105.327285,28.142332],[-105.326658,28.142781],[-105.326631,28.142777],[-105.320657,28.14192],[-105.320486,28.141896],[-105.319597,28.141768],[-105.319529,28.141753],[-105.319555,28.141496]]]}},{"type":"Feature","properties":{"modulo":12,"idparcela":"9255","productor":"AGUAYO LEON RUBEN","cultivo":null,"superficie_fisica_ha":10.7983,"superficie_riego_ha":10.7983,"hectareas":11.784},"geometry":{"type":"Polygon","coordinates":[[[-105.33236,28.144449],[-105.331617,28.144369],[-105.330129,28.144156],[-105.32898,28.143985],[-105.327737,28.143837],[-105.327352,28.143805],[-105.326715,28.143734],[-105.325919,28.143612],[-105.326966,28.142831],[-105.339742,28.144672],[-105.339813,28.144687],[-105.339828,28.145032],[-105.339825,28.145254],[-105.339831,28.145371],[-105.339531,28.145336],[-105.339368,28.145312],[-105.339234,28.145288],[-105.338535,28.145197],[-105.337706,28.145101],[-105.337032,28.145015],[-105.336151,28.144906],[-105.334761,28.14475],[-105.333688,28.144617],[-105.333184,28.144547],[-105.332979,28.144511],[-105.332793,28.144496],[-105.33265,28.144478],[-105.33236,28.144449]]]}},{"type":"Feature","properties":{"modulo":12,"idparcela":"************","productor":null,"cultivo":null,"superficie_fisica_ha":null,"superficie_riego_ha":null,"hectareas":6.909},"geometry":{"type":"Polygon","coordinates":[[[-105.33309,28.14262],[-105.333147,28.142628],[-105.339361,28.143513],[-105.33941,28.143655],[-105.339454,28.143825],[-105.339532,28.144093],[-105.333052,28.143163],[-105.332888,28.14314],[-105.327611,28.142382],[-105.328299,28.141923],[-105.332873,28.14258],[-105.33309,28.14262]]]}},{"type":"Feature","properties":{"modulo":12,"idparcela":"9256","productor":"URRUTIA SAUTO CONSUELO","cultivo":null,"superficie_fisica_ha":9.9102,"superficie_riego_ha":9.9102,"hectareas":10.062},"geometry":{"type":"Polygon","coordinates":[[[-105.339841,28.146012],[-105.338772,28.145848],[-105.337618,28.145692],[-105.319526,28.143273],[-105.31951,28.14312],[-105.3195,28.142965],[-105.319498,28.142827],[-105.319663,28.142843],[-105.319791,28.142864],[-105.320396,28.142935],[-105.321151,28.14305],[-105.321876,28.143139],[-105.322563,28.143245],[-105.32298,28.143308],[-105.323987,28.14345],[-105.324797,28.143552],[-105.325035,28.143581],[-105.325847,28.143706],[-105.326727,28.143834],[-105.32737,28.143907],[-105.327981,28.143951],[-105.328691,28.144031],[-105.328817,28.144045],[-105.33052,28.144307],[-105.331721,28.14448],[-105.332558,28.144551],[-105.333067,28.144609],[-105.333309,28.144647],[-105.335376,28.144908],[-105.336233,28.145009],[-105.337209,28.145127],[-105.338499,28.145292],[-105.338829,28.145345],[-105.3395,28.145442],[-105.339641,28.145477],[-105.339743,28.145505],[-105.339835,28.145514],[-105.339841,28.145865],[-105.339841,28.146012]]]}},{"type":"Feature","properties":{"modulo":12,"idparcela":"9257","productor":"URRUTIA ESTRADA JOSE","cultivo":null,"superficie_fisica_ha":10.4671,"superficie_riego_ha":10.4671,"hectareas":11.687},"geometry":{"type":"Polygon","coordinates":[[[-105.319681,28.143682],[-105.319579,28.143416],[-105.319526,28.143273],[-105.337618,28.145692],[-105.338772,28.145848],[-105.339841,28.146012],[-105.339838,28.146313],[-105.339836,28.146436],[-105.339845,28.146559],[-105.319929,28.143826],[-105.319734,28.1438],[-105.319681,28.143682]]]}},{"type":"Feature","properties":{"modulo":12,"idparcela":"************","productor":null,"cultivo":null,"superficie_fisica_ha":null,"superficie_riego_ha":null,"hectareas":17.363},"geometry":{"type":"Polygon","coordinates":[[[-105.322538,28.146035],[-105.320086,28.145633],[-105.320185,28.145471],[-105.320208,28.145344],[-105.320236,28.145128],[-105.320237,28.14492],[-105.320226,28.144659],[-105.325089,28.145321],[-105.33994,28.147343],[-105.34005,28.148031],[-105.340067,28.148172],[-105.340064,28.148238],[-105.340086,28.148284],[-105.339825,28.148228],[-105.339158,28.148111],[-105.338013,28.14796],[-105.337059,28.14782],[-105.336415,28.147725],[-105.335727,28.147621],[-105.333787,28.147299],[-105.332619,28.147107],[-105.332508,28.147075],[-105.332197,28.147017],[-105.332044,28.14702],[-105.33181,28.14702],[-105.331027,28.146904],[-105.330216,28.146756],[-105.328744,28.146551],[-105.327768,28.146436],[-105.327136,28.146319],[-105.326503,28.146217],[-105.326242,28.146175],[-105.325959,28.146152],[-105.325357,28.146071],[-105.324798,28.145983],[-105.324382,28.145926],[-105.324031,28.145882],[-105.323462,28.145779],[-105.323034,28.145704],[-105.322886,28.145731],[-105.322692,28.145838],[-105.322568,28.145968],[-105.322538,28.146035]]]}},{"type":"Feature","properties":{"modulo":12,"idparcela":"************","productor":null,"cultivo":null,"superficie_fisica_ha":null,"superficie_riego_ha":null,"hectareas":6.137},"geometry":{"type":"Polygon","coordinates":[[[-105.339174,28.15194],[-105.337548,28.151672],[-105.335559,28.151342],[-105.334292,28.151101],[-105.33463,28.150108],[-105.339825,28.150964],[-105.339759,28.151235],[-105.339613,28.15193],[-105.3396,28.152011],[-105.339174,28.15194]]]}},{"type":"Feature","properties":{"modulo":12,"idparcela":"************","productor":null,"cultivo":null,"superficie_fisica_ha":null,"superficie_riego_ha":null,"hectareas":27.458},"geometry":{"type":"Polygon","coordinates":[[[-105.340325,28.150927],[-105.339852,28.150863],[-105.339825,28.150964],[-105.33463,28.150108],[-105.334513,28.150089],[-105.334449,28.150078],[-105.329001,28.149181],[-105.328991,28.149179],[-105.322785,28.148156],[-105.322775,28.148155],[-105.319182,28.147562],[-105.319521,28.147512],[-105.319752,28.14743],[-105.320096,28.147348],[-105.320463,28.147212],[-105.320968,28.14703],[-105.321428,28.146839],[-105.321692,28.146821],[-105.321943,28.146865],[-105.322695,28.146972],[-105.323092,28.147007],[-105.323991,28.14714],[-105.324806,28.147274],[-105.325405,28.147381],[-105.326284,28.147505],[-105.327054,28.14762],[-105.327788,28.147745],[-105.328184,28.147789],[-105.328498,28.147833],[-105.329771,28.148038],[-105.331033,28.148233],[-105.332159,28.148384],[-105.332239,28.148404],[-105.334296,28.148713],[-105.335587,28.148942],[-105.337271,28.149227],[-105.338022,28.14932],[-105.339349,28.149513],[-105.340137,28.149619],[-105.340249,28.149637],[-105.340383,28.150214],[-105.340487,28.150611],[-105.340524,28.150787],[-105.340538,28.150933],[-105.340325,28.150927]]]}},{"type":"Feature","properties":{"modulo":12,"idparcela":"9262","productor":"COLUNGA DE GUEVARA BCA. MARGARITA","cultivo":null,"superficie_fisica_ha":6.625,"superficie_riego_ha":6.625,"hectareas":7.864},"geometry":{"type":"Polygon","coordinates":[[[-105.323692,28.149446],[-105.322644,28.149272],[-105.322436,28.149237],[-105.322148,28.149195],[-105.322198,28.149139],[-105.322775,28.148155],[-105.329001,28.149181],[-105.328654,28.150197],[-105.328602,28.150286],[-105.328567,28.15028],[-105.327928,28.150172],[-105.327808,28.150148],[-105.326452,28.149887],[-105.326356,28.149872],[-105.325134,28.149683],[-105.325071,28.149673],[-105.323776,28.14946],[-105.323692,28.149446]]]}},{"type":"Feature","properties":{"modulo":12,"idparcela":"9268","productor":"ORNELAS FLORES MANUEL","cultivo":null,"superficie_fisica_ha":8.6501,"superficie_riego_ha":8.6501,"hectareas":5.578},"geometry":{"type":"Polygon","coordinates":[[[-105.334991,28.152414],[-105.335307,28.151417],[-105.335925,28.151513],[-105.33786,28.151849],[-105.339038,28.152037],[-105.339799,28.152128],[-105.340318,28.152199],[-105.340263,28.152407],[-105.340135,28.15266],[-105.340037,28.152795],[-105.339783,28.153103],[-105.339669,28.153139],[-105.339504,28.153158],[-105.339169,28.153104],[-105.338925,28.15306],[-105.338507,28.152998],[-105.337692,28.152855],[-105.336678,28.152686],[-105.334991,28.152414]]]}},{"type":"Feature","properties":{"modulo":12,"idparcela":"9273","productor":"RAMIREZ ORNELAS MIGUEL","cultivo":null,"superficie_fisica_ha":0.5395,"superficie_riego_ha":0.5395,"hectareas":0.62},"geometry":{"type":"Polygon","coordinates":[[[-105.326016,28.150984],[-105.326465,28.151094],[-105.327406,28.151275],[-105.327321,28.15164],[-105.325876,28.151401],[-105.325889,28.151373],[-105.325897,28.151347],[-105.326016,28.150984]]]}},{"type":"Feature","properties":{"modulo":12,"idparcela":"9459","productor":"RAMIREZ ORNELAS MIGUEL","cultivo":null,"superficie_fisica_ha":0.95,"superficie_riego_ha":0.95,"hectareas":2.187},"geometry":{"type":"Polygon","coordinates":[[[-105.322152,28.150365],[-105.32208,28.150774],[-105.32208,28.150775],[-105.317019,28.14996],[-105.317013,28.149889],[-105.316993,28.14977],[-105.316932,28.149573],[-105.318242,28.149789],[-105.318308,28.149799],[-105.318346,28.149805],[-105.31896,28.149904],[-105.320049,28.150037],[-105.321064,28.150189],[-105.322152,28.150365]]]}},{"type":"Feature","properties":{"modulo":12,"idparcela":"9276","productor":"RAMIREZ ORNELAS MIGUEL","cultivo":null,"superficie_fisica_ha":0.7945,"superficie_riego_ha":0.7945,"hectareas":0.842},"geometry":{"type":"Polygon","coordinates":[[[-105.323941,28.151063],[-105.323943,28.151064],[-105.323941,28.151064],[-105.323941,28.151063]],[[-105.32252,28.150419],[-105.323163,28.150526],[-105.324042,28.150683],[-105.324032,28.150718],[-105.323941,28.151063],[-105.32208,28.150774],[-105.32208,28.150773],[-105.322152,28.150365],[-105.32252,28.150419]]]}},{"type":"Feature","properties":{"modulo":12,"idparcela":"9272","productor":"ROMERO CHAVEZ GUADALUPE","cultivo":null,"superficie_fisica_ha":0.3384,"superficie_riego_ha":0.3384,"hectareas":0.508},"geometry":{"type":"Polygon","coordinates":[[[-105.333647,28.152675],[-105.333749,28.152303],[-105.334975,28.1525],[-105.334858,28.152863],[-105.333647,28.152675]]]}},{"type":"Feature","properties":{"modulo":12,"idparcela":"9277","productor":"PACHECO LOZOYA ALFREDO","cultivo":null,"superficie_fisica_ha":0.4716,"superficie_riego_ha":0.4716,"hectareas":0.571},"geometry":{"type":"Polygon","coordinates":[[[-105.336201,28.153083],[-105.336334,28.152721],[-105.33771,28.152946],[-105.33757,28.153307],[-105.336201,28.153083]]]}},{"type":"Feature","properties":{"modulo":12,"idparcela":"9292","productor":"GUEVARA PEREZ ALVARO","cultivo":null,"superficie_fisica_ha":8.95,"superficie_riego_ha":8.95,"hectareas":6.586},"geometry":{"type":"Polygon","coordinates":[[[-105.339493,28.154618],[-105.339359,28.154613],[-105.337709,28.154381],[-105.335021,28.153968],[-105.333258,28.15366],[-105.331312,28.153315],[-105.3311,28.153235],[-105.331032,28.153224],[-105.330924,28.153214],[-105.330734,28.153183],[-105.33069,28.153178],[-105.330326,28.153139],[-105.330324,28.152964],[-105.330333,28.152891],[-105.330352,28.152738],[-105.330416,28.152675],[-105.330522,28.152587],[-105.330637,28.152501],[-105.33089,28.152541],[-105.3311,28.152584],[-105.331181,28.152601],[-105.332004,28.152731],[-105.332244,28.152769],[-105.333048,28.152948],[-105.333898,28.153102],[-105.335615,28.153391],[-105.336665,28.153562],[-105.337583,28.15371],[-105.337796,28.153751],[-105.338272,28.153833],[-105.338485,28.153879],[-105.338582,28.153882],[-105.338674,28.153895],[-105.338927,28.153936],[-105.339604,28.154054],[-105.339601,28.154165],[-105.33954,28.15444],[-105.339493,28.154618]]]}},{"type":"Feature","properties":{"modulo":12,"idparcela":"************","productor":null,"cultivo":null,"superficie_fisica_ha":null,"superficie_riego_ha":null,"hectareas":8.691},"geometry":{"type":"Polygon","coordinates":[[[-105.318929,28.151267],[-105.318984,28.151264],[-105.319238,28.151302],[-105.319611,28.151385],[-105.320897,28.151592],[-105.321964,28.151762],[-105.322934,28.15191],[-105.325601,28.152369],[-105.328396,28.152848],[-105.329972,28.153085],[-105.33021,28.153126],[-105.330326,28.153139],[-105.33069,28.153178],[-105.330734,28.153183],[-105.330924,28.153214],[-105.331032,28.153224],[-105.3311,28.153235],[-105.331312,28.153315],[-105.333258,28.15366],[-105.335021,28.153968],[-105.337709,28.154381],[-105.339359,28.154613],[-105.339493,28.154618],[-105.339396,28.154833],[-105.33931,28.155037],[-105.339118,28.155023],[-105.338831,28.154979],[-105.338131,28.154887],[-105.335261,28.154404],[-105.332955,28.153983],[-105.331127,28.153674],[-105.328191,28.153184],[-105.325174,28.152651],[-105.324471,28.152557],[-105.320543,28.151931],[-105.318943,28.151612],[-105.31893,28.151547],[-105.318943,28.15142],[-105.318939,28.151303],[-105.318929,28.151267]]]}},{"type":"Feature","properties":{"modulo":12,"idparcela":"9295","productor":"SORIANO TREVI¥O ANDRES","cultivo":null,"superficie_fisica_ha":1.4344,"superficie_riego_ha":1.4344,"hectareas":1.793},"geometry":{"type":"Polygon","coordinates":[[[-105.318961,28.153422],[-105.319259,28.153443],[-105.319603,28.153495],[-105.320718,28.153637],[-105.324327,28.154235],[-105.324438,28.154256],[-105.324424,28.154369],[-105.324411,28.154543],[-105.323688,28.154429],[-105.32319,28.154351],[-105.318981,28.153682],[-105.31898,28.153634],[-105.318969,28.153481],[-105.318961,28.153422]]]}},{"type":"Feature","properties":{"modulo":12,"idparcela":"9300","productor":"LOPEZ LARA PEDRO","cultivo":null,"superficie_fisica_ha":2,"superficie_riego_ha":2,"hectareas":2.341},"geometry":{"type":"Polygon","coordinates":[[[-105.331628,28.15573],[-105.331563,28.15595],[-105.331462,28.156214],[-105.331335,28.156193],[-105.32949,28.155894],[-105.327454,28.155566],[-105.327402,28.155558],[-105.327282,28.155538],[-105.327335,28.155428],[-105.32746,28.155049],[-105.327527,28.15506],[-105.329441,28.155366],[-105.331628,28.15573]]]}},{"type":"Feature","properties":{"modulo":12,"idparcela":"9301","productor":"LOPEZ LARA SOCORRO","cultivo":null,"superficie_fisica_ha":0.8125,"superficie_riego_ha":0.8125,"hectareas":2.288},"geometry":{"type":"Polygon","coordinates":[[[-105.327282,28.155538],[-105.326146,28.15535],[-105.323211,28.15483],[-105.323208,28.154826],[-105.323171,28.154821],[-105.32319,28.154351],[-105.323688,28.154429],[-105.324411,28.154543],[-105.324443,28.154556],[-105.32547,28.154724],[-105.326554,28.154901],[-105.32746,28.155049],[-105.327335,28.155428],[-105.327282,28.155538]]]}},{"type":"Feature","properties":{"modulo":12,"idparcela":"************","productor":null,"cultivo":null,"superficie_fisica_ha":null,"superficie_riego_ha":null,"hectareas":16.647},"geometry":{"type":"Polygon","coordinates":[[[-105.318818,28.148632],[-105.318961,28.148643],[-105.319054,28.148651],[-105.319154,28.148663],[-105.319221,28.14867],[-105.319382,28.148689],[-105.319629,28.148718],[-105.319656,28.148724],[-105.319821,28.148758],[-105.319918,28.148778],[-105.320034,28.148824],[-105.320081,28.148842],[-105.320143,28.148866],[-105.32019,28.148885],[-105.320349,28.148945],[-105.320492,28.148962],[-105.32061,28.148975],[-105.320655,28.14898],[-105.320829,28.149025],[-105.321112,28.149087],[-105.321387,28.149114],[-105.321564,28.149142],[-105.321601,28.149148],[-105.321644,28.149154],[-105.321674,28.149159],[-105.321723,28.149167],[-105.32201,28.149181],[-105.322075,28.149184],[-105.322148,28.149195],[-105.322436,28.149237],[-105.322644,28.149272],[-105.323692,28.149446],[-105.323776,28.14946],[-105.325071,28.149673],[-105.325134,28.149683],[-105.326356,28.149872],[-105.326452,28.149887],[-105.327808,28.150148],[-105.327928,28.150172],[-105.328567,28.15028],[-105.328602,28.150286],[-105.328697,28.150302],[-105.330173,28.150554],[-105.330427,28.150597],[-105.330832,28.150671],[-105.330825,28.150833],[-105.330759,28.151092],[-105.330696,28.151227],[-105.330568,28.151458],[-105.330482,28.151608],[-105.330431,28.151699],[-105.330146,28.151642],[-105.329214,28.151475],[-105.328393,28.151331],[-105.327783,28.151238],[-105.32692,28.151089],[-105.326479,28.151006],[-105.326049,28.150905],[-105.324812,28.150713],[-105.324391,28.15065],[-105.324062,28.150601],[-105.322613,28.150347],[-105.322304,28.150303],[-105.32128,28.15015],[-105.320596,28.150038],[-105.320299,28.149991],[-105.318368,28.149714],[-105.318346,28.149805],[-105.318308,28.149799],[-105.318242,28.149789],[-105.316932,28.149573],[-105.316902,28.149495],[-105.316881,28.149352],[-105.316862,28.149238],[-105.31687,28.149146],[-105.316873,28.148951],[-105.31688,28.148715],[-105.316875,28.148466],[-105.316896,28.148291],[-105.318818,28.148632]]]}},{"type":"Feature","properties":{"modulo":12,"idparcela":"9295","productor":"SORIANO TREVI¥O ANDRES","cultivo":null,"superficie_fisica_ha":1.4344,"superficie_riego_ha":1.4344,"hectareas":0.124},"geometry":{"type":"Polygon","coordinates":[[[-105.334869,28.156251],[-105.334395,28.156173],[-105.334414,28.15606],[-105.334433,28.155942],[-105.334926,28.156023],[-105.334869,28.156251]]]}},{"type":"Feature","properties":{"modulo":12,"idparcela":"9297","productor":"LOZANO ENRIQIUEZ RAUL","cultivo":null,"superficie_fisica_ha":2.385,"superficie_riego_ha":2.385,"hectareas":1.823},"geometry":{"type":"Polygon","coordinates":[[[-105.331628,28.15573],[-105.334395,28.156173],[-105.334869,28.156251],[-105.335796,28.156411],[-105.338973,28.156912],[-105.338998,28.157146],[-105.331563,28.15595],[-105.331628,28.15573]]]}},{"type":"Feature","properties":{"modulo":12,"idparcela":"9299","productor":"CASAS MODESTO ROSARIO","cultivo":null,"superficie_fisica_ha":3.3694,"superficie_riego_ha":3.3694,"hectareas":1.462},"geometry":{"type":"Polygon","coordinates":[[[-105.329496,28.155086],[-105.330768,28.155304],[-105.331541,28.155441],[-105.333094,28.155693],[-105.33312,28.155693],[-105.333162,28.155703],[-105.333269,28.155724],[-105.334433,28.155942],[-105.334414,28.15606],[-105.334395,28.156173],[-105.331628,28.15573],[-105.331618,28.155729],[-105.329441,28.155366],[-105.329496,28.155086]]]}},{"type":"Feature","properties":{"modulo":12,"idparcela":"9294","productor":"MONTA¥EZ ARMENDARIZ MARIA","cultivo":null,"superficie_fisica_ha":1.1022,"superficie_riego_ha":1.1022,"hectareas":1.18},"geometry":{"type":"Polygon","coordinates":[[[-105.338929,28.156591],[-105.338968,28.156597],[-105.338968,28.156833],[-105.338973,28.156912],[-105.335796,28.156411],[-105.334869,28.156251],[-105.334926,28.156023],[-105.336719,28.156305],[-105.338929,28.156591]]]}},{"type":"Feature","properties":{"modulo":12,"idparcela":"************","productor":null,"cultivo":null,"superficie_fisica_ha":null,"superficie_riego_ha":null,"hectareas":21.198},"geometry":{"type":"Polygon","coordinates":[[[-105.326218,28.153828],[-105.325934,28.153777],[-105.324508,28.153555],[-105.322511,28.153217],[-105.320869,28.152941],[-105.319569,28.152736],[-105.319147,28.152712],[-105.319009,28.152703],[-105.318902,28.152709],[-105.318904,28.152542],[-105.318903,28.15198],[-105.318917,28.151665],[-105.318943,28.151612],[-105.320543,28.151931],[-105.324471,28.152557],[-105.325174,28.152651],[-105.328191,28.153184],[-105.331127,28.153674],[-105.332955,28.153983],[-105.335261,28.154404],[-105.338131,28.154887],[-105.338831,28.154979],[-105.339118,28.155023],[-105.33931,28.155037],[-105.339291,28.155076],[-105.339284,28.155149],[-105.339153,28.155717],[-105.339063,28.155942],[-105.338942,28.155893],[-105.338246,28.155809],[-105.337991,28.155765],[-105.336604,28.155571],[-105.334554,28.155188],[-105.333113,28.154969],[-105.332676,28.154898],[-105.331537,28.154711],[-105.330177,28.154486],[-105.329984,28.154453],[-105.328649,28.15424],[-105.328129,28.154158],[-105.327695,28.154089],[-105.326228,28.153829],[-105.326218,28.153828]]]}},{"type":"Feature","properties":{"modulo":12,"idparcela":"9279","productor":"PACHECO LOZOYA ALFREDO","cultivo":null,"superficie_fisica_ha":0.4686,"superficie_riego_ha":0.4686,"hectareas":0.561},"geometry":{"type":"Polygon","coordinates":[[[-105.328921,28.151902],[-105.328994,28.151536],[-105.330447,28.151824],[-105.330399,28.152144],[-105.330347,28.152135],[-105.328921,28.151902]]]}},{"type":"Feature","properties":{"modulo":12,"idparcela":"9281","productor":"GARAY VEGA MANUEL","cultivo":null,"superficie_fisica_ha":0.175,"superficie_riego_ha":0.175,"hectareas":0.887},"geometry":{"type":"Polygon","coordinates":[[[-105.325889,28.151373],[-105.325876,28.151401],[-105.325846,28.151394],[-105.324131,28.151097],[-105.324015,28.151077],[-105.323942,28.151064],[-105.323941,28.151064],[-105.324032,28.150718],[-105.324042,28.150683],[-105.325953,28.150974],[-105.326016,28.150984],[-105.325897,28.151347],[-105.325889,28.151373]]]}},{"type":"Feature","properties":{"modulo":12,"idparcela":"9274","productor":"RAMIREZ ORNELAS MIGUEL","cultivo":null,"superficie_fisica_ha":1.7461,"superficie_riego_ha":1.7461,"hectareas":1.75},"geometry":{"type":"Polygon","coordinates":[[[-105.327251,28.151898],[-105.327173,28.151885],[-105.326294,28.151782],[-105.32568,28.151673],[-105.322962,28.151225],[-105.321986,28.151042],[-105.32208,28.150775],[-105.32208,28.150774],[-105.323943,28.151064],[-105.323941,28.151064],[-105.323942,28.151064],[-105.324015,28.151077],[-105.324131,28.151097],[-105.325846,28.151394],[-105.325876,28.151401],[-105.327321,28.15164],[-105.327251,28.151898]]]}},{"type":"Feature","properties":{"modulo":12,"idparcela":"9293","productor":"GUEVARA PEREZ ALVARO","cultivo":null,"superficie_fisica_ha":6.5,"superficie_riego_ha":6.5,"hectareas":10.008},"geometry":{"type":"Polygon","coordinates":[[[-105.321986,28.151042],[-105.322962,28.151225],[-105.32568,28.151673],[-105.326294,28.151782],[-105.327173,28.151885],[-105.327251,28.151898],[-105.327268,28.151901],[-105.327683,28.152017],[-105.328498,28.152132],[-105.33034,28.152422],[-105.330217,28.152948],[-105.330198,28.153042],[-105.33021,28.153126],[-105.329972,28.153085],[-105.328396,28.152848],[-105.325601,28.152369],[-105.322934,28.15191],[-105.321964,28.151762],[-105.320897,28.151592],[-105.319611,28.151385],[-105.319238,28.151302],[-105.318984,28.151264],[-105.318929,28.151267],[-105.31886,28.151283],[-105.31873,28.151285],[-105.318251,28.151501],[-105.318163,28.151527],[-105.318088,28.151285],[-105.318016,28.151144],[-105.317928,28.151024],[-105.317782,28.150966],[-105.317594,28.150821],[-105.317364,28.1505],[-105.317185,28.150282],[-105.31738,28.15031],[-105.319236,28.150609],[-105.320919,28.150881],[-105.321986,28.151042]]]}},{"type":"Feature","properties":{"modulo":12,"idparcela":"9255","productor":"AGUAYO LEON RUBEN","cultivo":null,"superficie_fisica_ha":10.7983,"superficie_riego_ha":10.7983,"hectareas":5.675},"geometry":{"type":"Polygon","coordinates":[[[-105.326631,28.142777],[-105.326658,28.142781],[-105.325679,28.143556],[-105.324794,28.143422],[-105.32344,28.143262],[-105.323064,28.143209],[-105.322533,28.143135],[-105.320469,28.142851],[-105.320527,28.142587],[-105.320585,28.142293],[-105.320657,28.14192],[-105.326631,28.142777]]]}},{"type":"Feature","properties":{"modulo":12,"idparcela":"9255","productor":"AGUAYO LEON RUBEN","cultivo":null,"superficie_fisica_ha":10.7983,"superficie_riego_ha":10.7983,"hectareas":0.953},"geometry":{"type":"Polygon","coordinates":[[[-105.320486,28.141896],[-105.320468,28.142004],[-105.320364,28.14279],[-105.320356,28.142837],[-105.319503,28.142719],[-105.319501,28.142048],[-105.319529,28.141753],[-105.319597,28.141768],[-105.320486,28.141896]]]}},{"type":"Feature","properties":{"modulo":12,"idparcela":"9231","productor":"ARELLANO BERMEO LUZDE","cultivo":null,"superficie_fisica_ha":36.8035,"superficie_riego_ha":36.8035,"hectareas":36.972},"geometry":{"type":"Polygon","coordinates":[[[-105.335149,28.135441],[-105.33623,28.135582],[-105.33705,28.135678],[-105.338557,28.13585],[-105.338703,28.135856],[-105.338677,28.136016],[-105.33865,28.136363],[-105.338492,28.136874],[-105.338399,28.137216],[-105.338294,28.138069],[-105.338297,28.138183],[-105.337384,28.138062],[-105.336317,28.13791],[-105.335864,28.137854],[-105.334913,28.137713],[-105.333861,28.137557],[-105.332888,28.137413],[-105.332523,28.137351],[-105.331197,28.137179],[-105.330715,28.137143],[-105.330418,28.13711],[-105.329843,28.137066],[-105.329263,28.136943],[-105.328497,28.136837],[-105.327821,28.13674],[-105.327451,28.136715],[-105.326921,28.136661],[-105.326027,28.136528],[-105.325355,28.136439],[-105.324718,28.136368],[-105.32406,28.13629],[-105.323777,28.136229],[-105.323527,28.136162],[-105.323036,28.136054],[-105.322898,28.136014],[-105.322678,28.135956],[-105.322765,28.135886],[-105.322829,28.135833],[-105.322937,28.135709],[-105.323311,28.135351],[-105.324188,28.134391],[-105.324411,28.134157],[-105.324516,28.134104],[-105.324647,28.134076],[-105.32478,28.134085],[-105.325026,28.13412],[-105.325275,28.134147],[-105.325402,28.134174],[-105.325599,28.134193],[-105.32597,28.134249],[-105.326269,28.134291],[-105.326648,28.134333],[-105.327238,28.134393],[-105.32752,28.134426],[-105.328081,28.134484],[-105.329073,28.134627],[-105.329834,28.13472],[-105.330213,28.134784],[-105.330353,28.134803],[-105.330673,28.134886],[-105.330758,28.134928],[-105.331107,28.134995],[-105.3313,28.135001],[-105.33157,28.134993],[-105.331751,28.135005],[-105.332089,28.135038],[-105.333075,28.135166],[-105.335149,28.135441]]]}},{"type":"Feature","properties":{"modulo":12,"idparcela":"************","productor":null,"cultivo":null,"superficie_fisica_ha":null,"superficie_riego_ha":null,"hectareas":15.68},"geometry":{"type":"Polygon","coordinates":[[[-105.333834,28.134172],[-105.335115,28.134313],[-105.33577,28.13441],[-105.336426,28.13449],[-105.337758,28.134658],[-105.338363,28.134729],[-105.338824,28.134782],[-105.338867,28.134908],[-105.33886,28.135116],[-105.338804,28.13554],[-105.338754,28.135694],[-105.338664,28.13573],[-105.338471,28.135739],[-105.337799,28.135651],[-105.336826,28.135545],[-105.336022,28.135448],[-105.33392,28.135164],[-105.332574,28.134996],[-105.33196,28.134934],[-105.331741,28.134907],[-105.331116,28.134886],[-105.330443,28.13473],[-105.330301,28.134712],[-105.329645,28.134597],[-105.328899,28.134481],[-105.328635,28.134436],[-105.328337,28.134396],[-105.327929,28.134339],[-105.327576,28.134297],[-105.327202,28.134282],[-105.326964,28.13426],[-105.326916,28.134265],[-105.326805,28.134247],[-105.326656,28.134231],[-105.326384,28.134198],[-105.325772,28.134119],[-105.325364,28.134057],[-105.325219,28.13404],[-105.324813,28.134004],[-105.324727,28.133986],[-105.324569,28.133959],[-105.324801,28.133783],[-105.325,28.133609],[-105.32513,28.133475],[-105.325331,28.133231],[-105.325511,28.13303],[-105.325545,28.132935],[-105.325788,28.132973],[-105.325938,28.133017],[-105.326187,28.13308],[-105.326413,28.13313],[-105.326589,28.133124],[-105.326744,28.133115],[-105.326954,28.133123],[-105.327205,28.13315],[-105.32748,28.133203],[-105.327853,28.133247],[-105.328206,28.13331],[-105.328439,28.133363],[-105.328677,28.133408],[-105.328961,28.133452],[-105.329318,28.133497],[-105.329596,28.133532],[-105.330037,28.133576],[-105.330713,28.133665],[-105.332177,28.133823],[-105.332552,28.133939],[-105.33268,28.13399],[-105.332929,28.134039],[-105.333834,28.134172]]]}},{"type":"Feature","properties":{"modulo":12,"idparcela":"9226","productor":"ORNELAS FLORES LUIS","cultivo":null,"superficie_fisica_ha":13.3644,"superficie_riego_ha":13.3644,"hectareas":12.705},"geometry":{"type":"Polygon","coordinates":[[[-105.338427,28.132563],[-105.33305,28.131871],[-105.332791,28.13181],[-105.326368,28.130967],[-105.326297,28.130957],[-105.326306,28.130871],[-105.326313,28.130706],[-105.326287,28.130535],[-105.326308,28.130291],[-105.326341,28.130129],[-105.326383,28.130075],[-105.326486,28.130056],[-105.326848,28.1301],[-105.328003,28.130251],[-105.328258,28.130272],[-105.32855,28.130313],[-105.329556,28.130446],[-105.330761,28.130596],[-105.33202,28.130765],[-105.33264,28.130845],[-105.332896,28.130861],[-105.333041,28.130872],[-105.334081,28.131003],[-105.335582,28.131189],[-105.337348,28.131402],[-105.338255,28.131526],[-105.338304,28.13158],[-105.338345,28.131634],[-105.338363,28.13176],[-105.338397,28.132211],[-105.338427,28.132563]]]}},{"type":"Feature","properties":{"modulo":12,"idparcela":"9228","productor":"PEREZ MATA HERMELINDA","cultivo":null,"superficie_fisica_ha":7.3372,"superficie_riego_ha":7.3372,"hectareas":8.954},"geometry":{"type":"Polygon","coordinates":[[[-105.335462,28.13322],[-105.3361,28.1333],[-105.336385,28.133353],[-105.337732,28.13353],[-105.338589,28.133636],[-105.338629,28.133763],[-105.338703,28.13406],[-105.338776,28.134313],[-105.338845,28.134646],[-105.338757,28.134629],[-105.33794,28.134522],[-105.336639,28.134372],[-105.33586,28.134275],[-105.335726,28.134257],[-105.334339,28.134089],[-105.333525,28.133983],[-105.333121,28.133939],[-105.332919,28.133903],[-105.332677,28.13384],[-105.332578,28.133796],[-105.332164,28.133691],[-105.331741,28.133635],[-105.330899,28.133538],[-105.330301,28.13347],[-105.33018,28.133467],[-105.330459,28.13253],[-105.332961,28.132874],[-105.333114,28.1329],[-105.333219,28.132919],[-105.333881,28.133016],[-105.335462,28.13322]]]}},{"type":"Feature","properties":{"modulo":12,"idparcela":"9225","productor":"MARTINEZ ARMENDARIZ LUIS ALFREDO","cultivo":null,"superficie_fisica_ha":7.3375,"superficie_riego_ha":7.3375,"hectareas":6.121},"geometry":{"type":"Polygon","coordinates":[[[-105.326341,28.129957],[-105.326291,28.129698],[-105.326263,28.129477],[-105.332736,28.130281],[-105.338288,28.130967],[-105.338287,28.131127],[-105.338313,28.131363],[-105.338309,28.131422],[-105.338137,28.1314],[-105.337896,28.131364],[-105.337614,28.131335],[-105.33734,28.13131],[-105.336876,28.131256],[-105.335545,28.131108],[-105.335288,28.131077],[-105.334702,28.130993],[-105.33402,28.130922],[-105.332864,28.130772],[-105.331092,28.130551],[-105.329274,28.130329],[-105.328505,28.130214],[-105.328214,28.130169],[-105.327735,28.130125],[-105.326947,28.130037],[-105.326341,28.129957]]]}},{"type":"Feature","properties":{"modulo":12,"idparcela":"************","productor":null,"cultivo":null,"superficie_fisica_ha":null,"superficie_riego_ha":null,"hectareas":9.234},"geometry":{"type":"Polygon","coordinates":[[[-105.338479,28.139277],[-105.338507,28.139419],[-105.334838,28.138916],[-105.333392,28.138721],[-105.330986,28.138392],[-105.330852,28.138389],[-105.330816,28.137906],[-105.330802,28.137734],[-105.330821,28.137537],[-105.330896,28.137411],[-105.33105,28.137353],[-105.331243,28.137342],[-105.331375,28.137345],[-105.331595,28.137353],[-105.333509,28.137598],[-105.334971,28.137814],[-105.336338,28.137994],[-105.337787,28.138196],[-105.338177,28.138252],[-105.338348,28.138269],[-105.338347,28.13833],[-105.33837,28.138519],[-105.338468,28.138961],[-105.338479,28.139277]]]}},{"type":"Feature","properties":{"modulo":12,"idparcela":"************","productor":null,"cultivo":null,"superficie_fisica_ha":null,"superficie_riego_ha":null,"hectareas":9.011},"geometry":{"type":"Polygon","coordinates":[[[-105.331509,28.139463],[-105.33142,28.139348],[-105.331273,28.139062],[-105.331143,28.138851],[-105.330998,28.138634],[-105.330852,28.138389],[-105.330986,28.138392],[-105.333392,28.138721],[-105.334838,28.138916],[-105.338507,28.139419],[-105.338578,28.139791],[-105.338635,28.140215],[-105.338682,28.140348],[-105.338749,28.140539],[-105.338461,28.140517],[-105.338026,28.140467],[-105.337228,28.140357],[-105.336421,28.140256],[-105.335928,28.140213],[-105.333265,28.139831],[-105.332397,28.139698],[-105.332026,28.139635],[-105.331823,28.139608],[-105.331543,28.13958],[-105.331509,28.139463]]]}},{"type":"Feature","properties":{"modulo":12,"idparcela":"************","productor":null,"cultivo":null,"superficie_fisica_ha":null,"superficie_riego_ha":null,"hectareas":9.746},"geometry":{"type":"Polygon","coordinates":[[[-105.330041,28.138305],[-105.327889,28.138003],[-105.325335,28.137666],[-105.321602,28.1371],[-105.321376,28.137036],[-105.32152,28.136916],[-105.321771,28.136704],[-105.322023,28.136561],[-105.322281,28.136336],[-105.322494,28.136153],[-105.322554,28.136076],[-105.322633,28.136066],[-105.322872,28.136111],[-105.32308,28.136183],[-105.323389,28.136236],[-105.32392,28.136361],[-105.324646,28.136468],[-105.32547,28.136565],[-105.32602,28.136645],[-105.326614,28.136716],[-105.327323,28.136813],[-105.328016,28.136911],[-105.32832,28.136946],[-105.328983,28.137053],[-105.329762,28.137199],[-105.329922,28.137258],[-105.329992,28.137375],[-105.330045,28.137664],[-105.330078,28.137935],[-105.330041,28.138305]]]}},{"type":"Feature","properties":{"modulo":12,"idparcela":"************","productor":null,"cultivo":null,"superficie_fisica_ha":null,"superficie_riego_ha":null,"hectareas":10.897},"geometry":{"type":"Polygon","coordinates":[[[-105.321376,28.137036],[-105.321602,28.1371],[-105.325335,28.137666],[-105.327889,28.138003],[-105.330041,28.138305],[-105.329962,28.138747],[-105.32991,28.139117],[-105.32988,28.139289],[-105.3298,28.139361],[-105.329615,28.139353],[-105.32937,28.139298],[-105.327741,28.139077],[-105.326513,28.138936],[-105.325222,28.138749],[-105.323723,28.138554],[-105.322727,28.138421],[-105.322039,28.138319],[-105.321727,28.138279],[-105.321274,28.138215],[-105.320934,28.138164],[-105.320588,28.138091],[-105.320955,28.137588],[-105.321082,28.1374],[-105.321248,28.137204],[-105.321376,28.137036]]]}},{"type":"Feature","properties":{"modulo":12,"idparcela":"9224","productor":"MARTINEZ DE MATA ANTONIA","cultivo":null,"superficie_fisica_ha":7.3372,"superficie_riego_ha":7.3372,"hectareas":6.515},"geometry":{"type":"Polygon","coordinates":[[[-105.327809,28.12918],[-105.328806,28.129311],[-105.328917,28.129331],[-105.328981,28.129362],[-105.329008,28.129364],[-105.329488,28.129403],[-105.329598,28.129414],[-105.329784,28.129433],[-105.330059,28.129461],[-105.331088,28.129565],[-105.331898,28.12965],[-105.332151,28.129676],[-105.332605,28.129745],[-105.333021,28.129807],[-105.333129,28.129824],[-105.333219,28.129835],[-105.333321,28.129847],[-105.334437,28.129983],[-105.334522,28.130001],[-105.335379,28.130111],[-105.335507,28.130121],[-105.335637,28.130131],[-105.335704,28.130136],[-105.336053,28.130183],[-105.336602,28.130256],[-105.337138,28.130337],[-105.337689,28.130394],[-105.337876,28.130413],[-105.33815,28.130441],[-105.33824,28.13045],[-105.338252,28.130524],[-105.338276,28.130614],[-105.338288,28.130967],[-105.332736,28.130281],[-105.326263,28.129477],[-105.326265,28.129354],[-105.326259,28.129118],[-105.326253,28.129016],[-105.326391,28.129019],[-105.326515,28.129018],[-105.32666,28.129027],[-105.32669,28.129031],[-105.326724,28.129035],[-105.326769,28.12904],[-105.326888,28.129053],[-105.327231,28.129091],[-105.327574,28.129129],[-105.327809,28.12918]]]}},{"type":"Feature","properties":{"modulo":12,"idparcela":"9229","productor":"PEREZ DE GANDARA MARGARITA","cultivo":null,"superficie_fisica_ha":7.3372,"superficie_riego_ha":7.3372,"hectareas":4.755},"geometry":{"type":"Polygon","coordinates":[[[-105.325937,28.131919],[-105.328062,28.1322],[-105.330449,28.132528],[-105.33018,28.133467],[-105.329649,28.133406],[-105.329313,28.133361],[-105.328729,28.133254],[-105.3282,28.133156],[-105.327692,28.133074],[-105.327439,28.133027],[-105.327067,28.132979],[-105.326886,28.132979],[-105.326751,28.132979],[-105.326607,28.132971],[-105.326407,28.132989],[-105.326075,28.132927],[-105.325722,28.132846],[-105.32565,28.132834],[-105.32555,28.132813],[-105.325609,28.132664],[-105.325709,28.132413],[-105.32584,28.132167],[-105.325937,28.131919]]]}},{"type":"Feature","properties":{"modulo":12,"idparcela":"************","productor":null,"cultivo":null,"superficie_fisica_ha":null,"superficie_riego_ha":null,"hectareas":13.253},"geometry":{"type":"Polygon","coordinates":[[[-105.326368,28.130967],[-105.332791,28.13181],[-105.33305,28.131871],[-105.338427,28.132563],[-105.338479,28.132761],[-105.338562,28.133185],[-105.338588,28.133473],[-105.338582,28.133555],[-105.338467,28.133528],[-105.337924,28.133458],[-105.336699,28.133289],[-105.335585,28.133143],[-105.334572,28.133006],[-105.333133,28.132802],[-105.333114,28.1329],[-105.332961,28.132874],[-105.330459,28.13253],[-105.330449,28.132528],[-105.328062,28.1322],[-105.325937,28.131919],[-105.32606,28.131684],[-105.326155,28.131495],[-105.32622,28.13128],[-105.326297,28.130957],[-105.326368,28.130967]]]}},{"type":"Feature","properties":{"modulo":12,"idparcela":"9191","productor":"BAEZA CISNEROS LUIS","cultivo":null,"superficie_fisica_ha":18,"superficie_riego_ha":18,"hectareas":21.515},"geometry":{"type":"Polygon","coordinates":[[[-105.333692,28.110685],[-105.333935,28.11072],[-105.333996,28.110756],[-105.334102,28.110837],[-105.334174,28.110913],[-105.332799,28.113717],[-105.331017,28.113588],[-105.331006,28.113741],[-105.329587,28.113618],[-105.328329,28.113494],[-105.32763,28.113425],[-105.326968,28.113353],[-105.32674,28.113328],[-105.326548,28.113307],[-105.326495,28.113302],[-105.326357,28.113287],[-105.326225,28.113273],[-105.326126,28.113262],[-105.325749,28.113221],[-105.325462,28.113218],[-105.325217,28.113216],[-105.324653,28.11321],[-105.324511,28.113202],[-105.324459,28.113199],[-105.32423,28.113187],[-105.324076,28.113178],[-105.324019,28.113174],[-105.323794,28.113161],[-105.323419,28.113138],[-105.323331,28.113136],[-105.323304,28.113136],[-105.323205,28.113134],[-105.323125,28.113133],[-105.323017,28.113131],[-105.322577,28.113123],[-105.322476,28.113134],[-105.322957,28.112993],[-105.323395,28.112902],[-105.323534,28.112873],[-105.323637,28.112839],[-105.323793,28.112784],[-105.32398,28.11272],[-105.324331,28.112611],[-105.324605,28.112529],[-105.326009,28.11184],[-105.327022,28.111323],[-105.327515,28.111097],[-105.327668,28.111042],[-105.327849,28.110988],[-105.328075,28.110942],[-105.328249,28.110896],[-105.32844,28.110887],[-105.328711,28.110931],[-105.328989,28.111021],[-105.329543,28.111182],[-105.329747,28.111236],[-105.330087,28.111334],[-105.330286,28.111388],[-105.330469,28.111441],[-105.330722,28.111459],[-105.330947,28.111476],[-105.331155,28.11144],[-105.331453,28.111367],[-105.331605,28.111321],[-105.331803,28.111267],[-105.331989,28.111221],[-105.332203,28.111185],[-105.332354,28.111148],[-105.332605,28.111048],[-105.332918,28.110921],[-105.333229,28.110776],[-105.333475,28.110703],[-105.333692,28.110685]]]}},{"type":"Feature","properties":{"modulo":12,"idparcela":"9198","productor":"SAENZ RODRIGUEZ ALBERTO","cultivo":null,"superficie_fisica_ha":7,"superficie_riego_ha":7,"hectareas":9.37},"geometry":{"type":"Polygon","coordinates":[[[-105.330428,28.115462],[-105.33036,28.115448],[-105.330122,28.115395],[-105.329456,28.115292],[-105.328653,28.115192],[-105.32791,28.115107],[-105.327574,28.115066],[-105.328329,28.113494],[-105.329587,28.113618],[-105.331006,28.113741],[-105.3333,28.113944],[-105.332745,28.115664],[-105.332578,28.115642],[-105.330808,28.115393],[-105.330435,28.115367],[-105.330428,28.115462]]]}},{"type":"Feature","properties":{"modulo":12,"idparcela":"************","productor":null,"cultivo":null,"superficie_fisica_ha":null,"superficie_riego_ha":null,"hectareas":12.06},"geometry":{"type":"Polygon","coordinates":[[[-105.323718,28.114632],[-105.322914,28.114546],[-105.32139,28.114337],[-105.319663,28.114153],[-105.319591,28.114144],[-105.319519,28.114135],[-105.319478,28.114143],[-105.319281,28.114177],[-105.318838,28.114221],[-105.318982,28.114166],[-105.319112,28.114094],[-105.319536,28.113895],[-105.319699,28.113831],[-105.320116,28.113704],[-105.32069,28.113513],[-105.321395,28.113304],[-105.322022,28.11318],[-105.322476,28.113134],[-105.322577,28.113123],[-105.323017,28.113131],[-105.323125,28.113133],[-105.323205,28.113134],[-105.323304,28.113136],[-105.323331,28.113136],[-105.323419,28.113138],[-105.323794,28.113161],[-105.324019,28.113174],[-105.324076,28.113178],[-105.32423,28.113187],[-105.324459,28.113199],[-105.324511,28.113202],[-105.324653,28.11321],[-105.325217,28.113216],[-105.325462,28.113218],[-105.325749,28.113221],[-105.326126,28.113262],[-105.326225,28.113273],[-105.326357,28.113287],[-105.326495,28.113302],[-105.326548,28.113307],[-105.32674,28.113328],[-105.326968,28.113353],[-105.32763,28.113425],[-105.328329,28.113494],[-105.327574,28.115066],[-105.32725,28.11502],[-105.326603,28.114953],[-105.326082,28.114901],[-105.325752,28.11486],[-105.325638,28.114846],[-105.325303,28.114816],[-105.324728,28.114749],[-105.323718,28.114632]]]}},{"type":"Feature","properties":{"modulo":12,"idparcela":"************","productor":null,"cultivo":null,"superficie_fisica_ha":null,"superficie_riego_ha":null,"hectareas":12.926},"geometry":{"type":"Polygon","coordinates":[[[-105.323135,28.116515],[-105.328789,28.116943],[-105.328257,28.119235],[-105.325796,28.118825],[-105.324183,28.118558],[-105.322592,28.118319],[-105.322564,28.118314],[-105.322906,28.117236],[-105.322953,28.117089],[-105.323135,28.116515]]]}},{"type":"Feature","properties":{"modulo":12,"idparcela":"************","productor":null,"cultivo":null,"superficie_fisica_ha":null,"superficie_riego_ha":null,"hectareas":18.993},"geometry":{"type":"Polygon","coordinates":[[[-105.330387,28.117064],[-105.332797,28.117292],[-105.334239,28.117451],[-105.334381,28.117469],[-105.33442,28.117523],[-105.334425,28.11755],[-105.334416,28.11764],[-105.334417,28.117767],[-105.334425,28.117911],[-105.334475,28.118064],[-105.334554,28.118236],[-105.334654,28.118407],[-105.334847,28.118497],[-105.335056,28.118695],[-105.335297,28.118866],[-105.335346,28.118929],[-105.335417,28.1191],[-105.335671,28.119731],[-105.335893,28.120218],[-105.336035,28.120569],[-105.335962,28.120564],[-105.333567,28.12011],[-105.331278,28.119751],[-105.329327,28.119401],[-105.328257,28.119235],[-105.328789,28.116943],[-105.330387,28.117064]]]}},{"type":"Feature","properties":{"modulo":12,"idparcela":"9205","productor":"CERVANTES RODRIGUEZ MARIA ISABEL","cultivo":null,"superficie_fisica_ha":20,"superficie_riego_ha":20,"hectareas":21.97},"geometry":{"type":"Polygon","coordinates":[[[-105.324352,28.118714],[-105.326073,28.119012],[-105.326121,28.119023],[-105.325757,28.121747],[-105.325726,28.12174],[-105.322367,28.121303],[-105.32229,28.121293],[-105.319806,28.120979],[-105.319715,28.120798],[-105.319518,28.12044],[-105.319299,28.120178],[-105.318867,28.119721],[-105.31838,28.11909],[-105.318303,28.118949],[-105.318185,28.118754],[-105.318017,28.118481],[-105.317848,28.118213],[-105.317781,28.117966],[-105.317852,28.117967],[-105.317995,28.117991],[-105.318378,28.118056],[-105.319072,28.118145],[-105.320145,28.118288],[-105.320526,28.118314],[-105.320897,28.118361],[-105.321454,28.118438],[-105.321523,28.118456],[-105.321634,28.118438],[-105.321769,28.118384],[-105.321914,28.118347],[-105.322045,28.118337],[-105.322339,28.118393],[-105.322804,28.118458],[-105.324352,28.118714]]]}},{"type":"Feature","properties":{"modulo":12,"idparcela":"************","productor":null,"cultivo":null,"superficie_fisica_ha":null,"superficie_riego_ha":null,"hectareas":3.342},"geometry":{"type":"Polygon","coordinates":[[[-105.337531,28.121143],[-105.337139,28.12164],[-105.336932,28.121821],[-105.336455,28.122245],[-105.335978,28.122142],[-105.336153,28.121165],[-105.33618,28.120993],[-105.336191,28.120758],[-105.336169,28.120596],[-105.336132,28.120488],[-105.33598,28.120082],[-105.337833,28.119781],[-105.337903,28.11996],[-105.337906,28.120159],[-105.337871,28.120312],[-105.337799,28.120592],[-105.337708,28.120809],[-105.337531,28.121143]]]}},{"type":"Feature","properties":{"modulo":12,"idparcela":"************","productor":null,"cultivo":null,"superficie_fisica_ha":null,"superficie_riego_ha":null,"hectareas":3.199},"geometry":{"type":"Polygon","coordinates":[[[-105.334957,28.11763],[-105.335033,28.117467],[-105.335158,28.117278],[-105.335315,28.117142],[-105.335471,28.117006],[-105.335549,28.117051],[-105.335534,28.117132],[-105.335526,28.117241],[-105.33552,28.117358],[-105.335501,28.11752],[-105.3355,28.117728],[-105.335519,28.117863],[-105.335568,28.117963],[-105.335644,28.118071],[-105.336231,28.11852],[-105.336921,28.119042],[-105.337518,28.119474],[-105.337714,28.119663],[-105.337833,28.119781],[-105.33598,28.120082],[-105.335748,28.119478],[-105.335557,28.119054],[-105.335465,28.118838],[-105.335078,28.11809],[-105.334962,28.117856],[-105.334941,28.117729],[-105.334957,28.11763]]]}},{"type":"Feature","properties":{"modulo":12,"idparcela":"9216","productor":"BAEZA URANGA RAMON","cultivo":null,"superficie_fisica_ha":4.075,"superficie_riego_ha":4.075,"hectareas":3.116},"geometry":{"type":"Polygon","coordinates":[[[-105.336554,28.124955],[-105.336667,28.124953],[-105.33677,28.124957],[-105.336809,28.125053],[-105.336855,28.125307],[-105.328846,28.124346],[-105.328806,28.124341],[-105.328887,28.123978],[-105.328922,28.123982],[-105.329078,28.124001],[-105.336005,28.124852],[-105.336043,28.124859],[-105.336162,28.124882],[-105.336454,28.124936],[-105.336554,28.124955]]]}},{"type":"Feature","properties":{"modulo":12,"idparcela":"9215","productor":"MARTINEZ DE LEON GUADALUPE","cultivo":null,"superficie_fisica_ha":3.4,"superficie_riego_ha":3.4,"hectareas":4.109},"geometry":{"type":"Polygon","coordinates":[[[-105.321322,28.122951],[-105.32116,28.122802],[-105.321057,28.122724],[-105.328013,28.123593],[-105.32804,28.123587],[-105.329431,28.123762],[-105.336029,28.124639],[-105.336622,28.124712],[-105.336726,28.12471],[-105.33677,28.124957],[-105.336667,28.124953],[-105.336554,28.124955],[-105.336454,28.124936],[-105.336162,28.124882],[-105.336043,28.124859],[-105.336005,28.124852],[-105.329078,28.124001],[-105.328922,28.123982],[-105.328887,28.123978],[-105.323514,28.123253],[-105.321351,28.122955],[-105.321322,28.122951]]]}},{"type":"Feature","properties":{"modulo":12,"idparcela":"9364","productor":"ESCOBAR DE CARRASCO MARIA","cultivo":null,"superficie_fisica_ha":3.5,"superficie_riego_ha":3.5,"hectareas":3.269},"geometry":{"type":"Polygon","coordinates":[[[-105.335709,28.122916],[-105.33571,28.122973],[-105.334544,28.122836],[-105.334386,28.122818],[-105.334387,28.122809],[-105.334393,28.122771],[-105.334402,28.122716],[-105.33475,28.120543],[-105.334763,28.120476],[-105.335005,28.120518],[-105.336053,28.120728],[-105.336036,28.120761],[-105.336031,28.120795],[-105.335793,28.122131],[-105.335709,28.122916]]]}},{"type":"Feature","properties":{"modulo":12,"idparcela":"9366","productor":"JIMENEZ MENDOZA PEDRO","cultivo":null,"superficie_fisica_ha":4.1871,"superficie_riego_ha":4,"hectareas":4.068},"geometry":{"type":"Polygon","coordinates":[[[-105.333221,28.120543],[-105.333192,28.120666],[-105.333185,28.120718],[-105.332909,28.122636],[-105.331317,28.122458],[-105.331876,28.119992],[-105.333032,28.120153],[-105.333179,28.120178],[-105.333295,28.120194],[-105.333245,28.120437],[-105.333221,28.120543]]]}},{"type":"Feature","properties":{"modulo":12,"idparcela":"9368","productor":"URANGA GARCIA JOSE","cultivo":null,"superficie_fisica_ha":4.1879,"superficie_riego_ha":4.1879,"hectareas":4.144},"geometry":{"type":"Polygon","coordinates":[[[-105.328572,28.122051],[-105.328586,28.121602],[-105.328933,28.119595],[-105.328958,28.1195],[-105.329321,28.119564],[-105.329554,28.119608],[-105.330458,28.119759],[-105.329965,28.122253],[-105.328572,28.122051]]]}},{"type":"Feature","properties":{"modulo":12,"idparcela":"9370","productor":"JIMENEZ MORALES ALFREDO","cultivo":null,"superficie_fisica_ha":4.361,"superficie_riego_ha":4.361,"hectareas":4.23},"geometry":{"type":"Polygon","coordinates":[[[-105.32702,28.119167],[-105.327522,28.119254],[-105.327165,28.121936],[-105.326259,28.121847],[-105.325757,28.121747],[-105.326121,28.119023],[-105.326205,28.119036],[-105.326451,28.119064],[-105.32702,28.119167]]]}},{"type":"Feature","properties":{"modulo":12,"idparcela":"************","productor":null,"cultivo":null,"superficie_fisica_ha":null,"superficie_riego_ha":null,"hectareas":1.278},"geometry":{"type":"Polygon","coordinates":[[[-105.319927,28.121221],[-105.319806,28.120979],[-105.32229,28.121293],[-105.322367,28.121303],[-105.322366,28.121789],[-105.322299,28.121781],[-105.320048,28.121492],[-105.319927,28.121221]]]}},{"type":"Feature","properties":{"modulo":12,"idparcela":"************","productor":null,"cultivo":null,"superficie_fisica_ha":null,"superficie_riego_ha":null,"hectareas":2.701},"geometry":{"type":"Polygon","coordinates":[[[-105.320068,28.121537],[-105.320048,28.121492],[-105.322299,28.121781],[-105.322366,28.121789],[-105.323396,28.121917],[-105.325728,28.122207],[-105.325738,28.122208],[-105.325708,28.122657],[-105.320307,28.121973],[-105.320279,28.121969],[-105.320243,28.121907],[-105.320068,28.121537]]]}},{"type":"Feature","properties":{"modulo":12,"idparcela":"9217","productor":"RODRIGUEZ SALAS SERGIO","cultivo":null,"superficie_fisica_ha":3.275,"superficie_riego_ha":3.275,"hectareas":6.916},"geometry":{"type":"Polygon","coordinates":[[[-105.329435,28.124857],[-105.32928,28.124839],[-105.323109,28.124058],[-105.323061,28.124029],[-105.323014,28.123985],[-105.322716,28.123751],[-105.322399,28.123562],[-105.322101,28.123443],[-105.323451,28.123618],[-105.328806,28.124341],[-105.328846,28.124346],[-105.336855,28.125307],[-105.336926,28.125697],[-105.336937,28.125786],[-105.336352,28.125714],[-105.335166,28.125577],[-105.334789,28.125538],[-105.334423,28.125487],[-105.333986,28.125418],[-105.333816,28.125376],[-105.333673,28.12534],[-105.3335,28.125315],[-105.333115,28.125278],[-105.332699,28.125252],[-105.331354,28.125061],[-105.330915,28.125004],[-105.330232,28.124917],[-105.329667,28.124848],[-105.329546,28.124837],[-105.329465,28.124836],[-105.329435,28.124857]]]}},{"type":"Feature","properties":{"modulo":12,"idparcela":"9376","productor":"BARRAZA VDA. DE LOPEZ JOVITA","cultivo":null,"superficie_fisica_ha":2.9,"superficie_riego_ha":2.9,"hectareas":2.843},"geometry":{"type":"Polygon","coordinates":[[[-105.330249,28.128007],[-105.330352,28.127021],[-105.330442,28.127028],[-105.33145,28.127176],[-105.331349,28.127998],[-105.331088,28.129565],[-105.330059,28.129461],[-105.330249,28.128007]]]}},{"type":"Feature","properties":{"modulo":12,"idparcela":"9373","productor":"LICON LOZOYA JESUS JOSE","cultivo":null,"superficie_fisica_ha":2.9,"superficie_riego_ha":2.9,"hectareas":2.905},"geometry":{"type":"Polygon","coordinates":[[[-105.333659,28.127471],[-105.333794,28.127485],[-105.334737,28.127612],[-105.334696,28.127972],[-105.334549,28.129152],[-105.334437,28.129983],[-105.333321,28.129847],[-105.333314,28.129809],[-105.333339,28.129615],[-105.333582,28.127999],[-105.33364,28.127516],[-105.333659,28.127471]]]}},{"type":"Feature","properties":{"modulo":12,"idparcela":"9380","productor":"MAGALLANEZ DOMINGUEZ LEOPOLDO","cultivo":null,"superficie_fisica_ha":2.8063,"superficie_riego_ha":2.8063,"hectareas":2.743},"geometry":{"type":"Polygon","coordinates":[[[-105.32669,28.129031],[-105.32666,28.129027],[-105.326515,28.129018],[-105.326391,28.129019],[-105.326253,28.129016],[-105.326245,28.128918],[-105.326221,28.128792],[-105.326179,28.12853],[-105.326124,28.128377],[-105.326026,28.127998],[-105.325944,28.127764],[-105.325637,28.126925],[-105.325441,28.126551],[-105.325373,28.126408],[-105.325452,28.126418],[-105.326351,28.126542],[-105.327274,28.126668],[-105.327238,28.126701],[-105.327198,28.126747],[-105.327103,28.12689],[-105.327082,28.126922],[-105.327046,28.127066],[-105.326953,28.127509],[-105.326873,28.127996],[-105.326821,28.128339],[-105.326796,28.128592],[-105.326769,28.12904],[-105.326724,28.129035],[-105.32669,28.129031]]]}},{"type":"Feature","properties":{"modulo":12,"idparcela":"************","productor":null,"cultivo":null,"superficie_fisica_ha":null,"superficie_riego_ha":null,"hectareas":2.889},"geometry":{"type":"Polygon","coordinates":[[[-105.330059,28.129461],[-105.329784,28.129433],[-105.329598,28.129414],[-105.329488,28.129403],[-105.329008,28.129364],[-105.328981,28.129362],[-105.328988,28.129289],[-105.329138,28.127992],[-105.32927,28.126969],[-105.329274,28.126936],[-105.329327,28.126941],[-105.329381,28.126947],[-105.330095,28.127022],[-105.330352,28.127021],[-105.330249,28.128007],[-105.330059,28.129461]]]}},{"type":"Feature","properties":{"modulo":12,"idparcela":"************","productor":null,"cultivo":null,"superficie_fisica_ha":null,"superficie_riego_ha":null,"hectareas":3.957},"geometry":{"type":"Polygon","coordinates":[[[-105.334737,28.127612],[-105.333794,28.127485],[-105.333659,28.127471],[-105.333556,28.127458],[-105.332525,28.127337],[-105.331517,28.127192],[-105.33145,28.127176],[-105.330442,28.127028],[-105.330352,28.127021],[-105.330095,28.127022],[-105.329381,28.126947],[-105.329327,28.126941],[-105.329274,28.126936],[-105.329324,28.126859],[-105.329449,28.126367],[-105.33587,28.127188],[-105.335804,28.127741],[-105.335654,28.127722],[-105.335353,28.127692],[-105.334952,28.127648],[-105.334737,28.127612]]]}},{"type":"Feature","properties":{"modulo":12,"idparcela":"9214","productor":"CORRAL MADRID LUIS HECTOR","cultivo":null,"superficie_fisica_ha":1.2207,"superficie_riego_ha":1.2207,"hectareas":0.526},"geometry":{"type":"Polygon","coordinates":[[[-105.325506,28.122828],[-105.325476,28.122968],[-105.325468,28.123003],[-105.325437,28.123149],[-105.324019,28.122961],[-105.324072,28.122809],[-105.324111,28.122624],[-105.324113,28.122612],[-105.324828,28.122723],[-105.325506,28.122828]]]}},{"type":"Feature","properties":{"modulo":12,"idparcela":"9195","productor":"BAEZA CISNEROS VICTOR MANUEL","cultivo":null,"superficie_fisica_ha":14.7,"superficie_riego_ha":14.7,"hectareas":14.041},"geometry":{"type":"Polygon","coordinates":[[[-105.337096,28.114015],[-105.33604,28.113955],[-105.334803,28.113904],[-105.333572,28.11378],[-105.332799,28.113717],[-105.334174,28.110913],[-105.334205,28.110945],[-105.334295,28.110963],[-105.33445,28.111017],[-105.334619,28.111061],[-105.334827,28.111097],[-105.33529,28.111141],[-105.335388,28.111141],[-105.33558,28.111131],[-105.335809,28.111104],[-105.336096,28.111058],[-105.337264,28.110902],[-105.337951,28.110863],[-105.337953,28.110954],[-105.337911,28.111089],[-105.33789,28.111288],[-105.337875,28.112163],[-105.337869,28.112524],[-105.337902,28.113057],[-105.337918,28.11327],[-105.337919,28.11347],[-105.3379,28.113813],[-105.337878,28.114043],[-105.337724,28.114041],[-105.337456,28.11405],[-105.337096,28.114015]]]}},{"type":"Feature","properties":{"modulo":12,"idparcela":"9367","productor":"JIMENEZ MENDOZA RAFAEL","cultivo":null,"superficie_fisica_ha":4.091,"superficie_riego_ha":4.091,"hectareas":3.853},"geometry":{"type":"Polygon","coordinates":[[[-105.331779,28.11997],[-105.331876,28.119992],[-105.331317,28.122458],[-105.329965,28.122253],[-105.330458,28.119759],[-105.331779,28.11997]]]}},{"type":"Feature","properties":{"modulo":12,"idparcela":"************","productor":null,"cultivo":null,"superficie_fisica_ha":null,"superficie_riego_ha":null,"hectareas":4.02},"geometry":{"type":"Polygon","coordinates":[[[-105.328958,28.1195],[-105.328933,28.119595],[-105.328586,28.121602],[-105.328572,28.122051],[-105.328442,28.122039],[-105.327165,28.121936],[-105.327522,28.119254],[-105.327918,28.119318],[-105.328518,28.119428],[-105.328958,28.1195]]]}},{"type":"Feature","properties":{"modulo":12,"idparcela":"9197","productor":"AGUAYO URIBE JOSE RICARDO","cultivo":null,"superficie_fisica_ha":7,"superficie_riego_ha":7,"hectareas":9.185},"geometry":{"type":"Polygon","coordinates":[[[-105.335233,28.115964],[-105.334126,28.115845],[-105.333681,28.115792],[-105.332745,28.115664],[-105.3333,28.113944],[-105.333397,28.113952],[-105.335269,28.114101],[-105.336084,28.114152],[-105.337837,28.114285],[-105.337867,28.114706],[-105.337883,28.115003],[-105.337848,28.115266],[-105.337621,28.115396],[-105.336896,28.115928],[-105.336548,28.116128],[-105.335824,28.11604],[-105.335233,28.115964]]]}},{"type":"Feature","properties":{"modulo":12,"idparcela":"************","productor":null,"cultivo":null,"superficie_fisica_ha":null,"superficie_riego_ha":null,"hectareas":5.535},"geometry":{"type":"Polygon","coordinates":[[[-105.321778,28.118221],[-105.321612,28.118285],[-105.321498,28.118312],[-105.321283,28.118276],[-105.31918,28.118003],[-105.319203,28.117964],[-105.320341,28.116081],[-105.322877,28.117223],[-105.322906,28.117236],[-105.322564,28.118314],[-105.321861,28.118194],[-105.321778,28.118221]]]}},{"type":"Feature","properties":{"modulo":12,"idparcela":"************","productor":null,"cultivo":null,"superficie_fisica_ha":null,"superficie_riego_ha":null,"hectareas":21.484},"geometry":{"type":"Polygon","coordinates":[[[-105.323718,28.114632],[-105.324728,28.114749],[-105.325303,28.114816],[-105.325638,28.114846],[-105.325752,28.11486],[-105.326082,28.114901],[-105.326603,28.114953],[-105.32725,28.11502],[-105.327574,28.115066],[-105.32791,28.115107],[-105.328653,28.115192],[-105.329456,28.115292],[-105.330122,28.115395],[-105.33036,28.115448],[-105.330428,28.115462],[-105.330481,28.115473],[-105.331869,28.115637],[-105.332647,28.115737],[-105.332952,28.115802],[-105.333102,28.115821],[-105.333332,28.115849],[-105.3335,28.115868],[-105.333699,28.115896],[-105.335287,28.116117],[-105.336009,28.116201],[-105.336343,28.116228],[-105.336277,28.1163],[-105.336197,28.116328],[-105.336106,28.116386],[-105.335966,28.11646],[-105.335805,28.116536],[-105.335654,28.116663],[-105.335538,28.116789],[-105.335389,28.116907],[-105.335152,28.117106],[-105.33493,28.117368],[-105.334865,28.117378],[-105.334773,28.117387],[-105.334088,28.117307],[-105.332688,28.117166],[-105.331027,28.117026],[-105.330442,28.117],[-105.330387,28.117064],[-105.328789,28.116943],[-105.328779,28.116942],[-105.323135,28.116515],[-105.323718,28.114632]]]}},{"type":"Feature","properties":{"modulo":12,"idparcela":"9206","productor":"LOYA MOLINA BENJAMIN","cultivo":null,"superficie_fisica_ha":2.5,"superficie_riego_ha":2.5,"hectareas":3.043},"geometry":{"type":"Polygon","coordinates":[[[-105.334544,28.122836],[-105.33446,28.123282],[-105.328335,28.122521],[-105.328442,28.122039],[-105.328572,28.122051],[-105.329965,28.122253],[-105.331317,28.122458],[-105.332909,28.122636],[-105.334386,28.122818],[-105.334544,28.122836]]]}},{"type":"Feature","properties":{"modulo":12,"idparcela":"9208","productor":"LOYA MOLINA CRUZ","cultivo":null,"superficie_fisica_ha":2.5,"superficie_riego_ha":2.5,"hectareas":3.039},"geometry":{"type":"Polygon","coordinates":[[[-105.328442,28.122039],[-105.328335,28.122521],[-105.325738,28.122208],[-105.325728,28.122207],[-105.323396,28.121917],[-105.322366,28.121789],[-105.322367,28.121303],[-105.325726,28.12174],[-105.325757,28.121747],[-105.326259,28.121847],[-105.327165,28.121936],[-105.328442,28.122039]]]}},{"type":"Feature","properties":{"modulo":12,"idparcela":"9210","productor":"OZAETA AGUIRRE GREGORIO","cultivo":null,"superficie_fisica_ha":4.455,"superficie_riego_ha":4.455,"hectareas":5.359},"geometry":{"type":"Polygon","coordinates":[[[-105.336449,28.123538],[-105.336559,28.123551],[-105.336653,28.123957],[-105.336659,28.124018],[-105.336566,28.123997],[-105.336518,28.123987],[-105.329475,28.123121],[-105.325737,28.122661],[-105.325708,28.122657],[-105.325738,28.122208],[-105.328335,28.122521],[-105.33446,28.123282],[-105.336449,28.123538]]]}},{"type":"Feature","properties":{"modulo":12,"idparcela":"9212","productor":"JUAREZ CHAVARRIA SOCORRO","cultivo":null,"superficie_fisica_ha":3.9077,"superficie_riego_ha":3.9077,"hectareas":2.847},"geometry":{"type":"Polygon","coordinates":[[[-105.328058,28.123313],[-105.328089,28.123324],[-105.329418,28.123487],[-105.330904,28.12367],[-105.335014,28.124175],[-105.336637,28.124374],[-105.336668,28.124378],[-105.336726,28.12471],[-105.336622,28.124712],[-105.336029,28.124639],[-105.329431,28.123762],[-105.32804,28.123587],[-105.328013,28.123593],[-105.328058,28.123313]]]}},{"type":"Feature","properties":{"modulo":12,"idparcela":"************","productor":null,"cultivo":null,"superficie_fisica_ha":null,"superficie_riego_ha":null,"hectareas":2.553},"geometry":{"type":"Polygon","coordinates":[[[-105.327433,28.126645],[-105.327274,28.126668],[-105.326351,28.126542],[-105.325452,28.126418],[-105.325373,28.126408],[-105.325362,28.126363],[-105.325233,28.126133],[-105.32504,28.12588],[-105.324967,28.125772],[-105.324929,28.125716],[-105.329304,28.126339],[-105.329201,28.126824],[-105.329195,28.126836],[-105.329179,28.126844],[-105.329104,28.126823],[-105.328893,28.126781],[-105.328723,28.12675],[-105.32858,28.126733],[-105.328222,28.126705],[-105.328045,28.126692],[-105.327897,28.126675],[-105.327732,28.126663],[-105.327433,28.126645]]]}},{"type":"Feature","properties":{"modulo":12,"idparcela":"9379","productor":"PARRA GALLEGOS JOSE MANUEL","cultivo":null,"superficie_fisica_ha":2.8437,"superficie_riego_ha":2.8437,"hectareas":2.35},"geometry":{"type":"Polygon","coordinates":[[[-105.32807,28.126766],[-105.327937,28.127991],[-105.32789,28.128661],[-105.327809,28.12918],[-105.327574,28.129129],[-105.327231,28.129091],[-105.326888,28.129053],[-105.326898,28.12879],[-105.326939,28.128528],[-105.32701,28.127996],[-105.32714,28.12712],[-105.327207,28.126903],[-105.327288,28.126804],[-105.32738,28.126741],[-105.327574,28.126731],[-105.327751,28.126737],[-105.327986,28.126766],[-105.32807,28.126766]]]}},{"type":"Feature","properties":{"modulo":12,"idparcela":"9362","productor":"NATIVIDAD LUJAN LIBRADA DE","cultivo":null,"superficie_fisica_ha":1.0787,"superficie_riego_ha":1.0787,"hectareas":1.344},"geometry":{"type":"Polygon","coordinates":[[[-105.335646,28.12903],[-105.336783,28.129145],[-105.336602,28.130256],[-105.336053,28.130183],[-105.335704,28.130136],[-105.335637,28.130131],[-105.335507,28.130121],[-105.335596,28.129469],[-105.335646,28.12903]]]}},{"type":"Feature","properties":{"modulo":12,"idparcela":"************","productor":null,"cultivo":null,"superficie_fisica_ha":null,"superficie_riego_ha":null,"hectareas":2.792},"geometry":{"type":"Polygon","coordinates":[[[-105.334437,28.129983],[-105.334549,28.129152],[-105.334696,28.127972],[-105.334737,28.127612],[-105.334952,28.127648],[-105.335353,28.127692],[-105.335654,28.127722],[-105.335804,28.127741],[-105.335646,28.12903],[-105.335596,28.129469],[-105.335507,28.130121],[-105.335379,28.130111],[-105.334522,28.130001],[-105.334437,28.129983]]]}},{"type":"Feature","properties":{"modulo":12,"idparcela":"************","productor":null,"cultivo":null,"superficie_fisica_ha":null,"superficie_riego_ha":null,"hectareas":1.007},"geometry":{"type":"Polygon","coordinates":[[[-105.336522,28.123467],[-105.336559,28.123551],[-105.336449,28.123538],[-105.33446,28.123282],[-105.334544,28.122836],[-105.33571,28.122973],[-105.335736,28.122988],[-105.335761,28.123006],[-105.336432,28.123024],[-105.336453,28.123166],[-105.336484,28.123287],[-105.336522,28.123467]]]}},{"type":"Feature","properties":{"modulo":12,"idparcela":"9221","productor":"ORRANTIA GARCIA JUANA Y ERNESTINA","cultivo":null,"superficie_fisica_ha":1.5,"superficie_riego_ha":1.5,"hectareas":0.956},"geometry":{"type":"Polygon","coordinates":[[[-105.337508,28.127958],[-105.337363,28.127926],[-105.337212,28.127907],[-105.336922,28.127886],[-105.335804,28.127741],[-105.33587,28.127188],[-105.335903,28.127196],[-105.337313,28.127366],[-105.337508,28.127958]]]}},{"type":"Feature","properties":{"modulo":12,"idparcela":"9374","productor":"MARTINEZ BACA MANUEL","cultivo":null,"superficie_fisica_ha":3,"superficie_riego_ha":3,"hectareas":2.984},"geometry":{"type":"Polygon","coordinates":[[[-105.333659,28.127471],[-105.33364,28.127516],[-105.333582,28.127999],[-105.333339,28.129615],[-105.333314,28.129809],[-105.333321,28.129847],[-105.333219,28.129835],[-105.333129,28.129824],[-105.333021,28.129807],[-105.332605,28.129745],[-105.332151,28.129676],[-105.332157,28.12964],[-105.332521,28.127362],[-105.332525,28.127337],[-105.333556,28.127458],[-105.333659,28.127471]]]}},{"type":"Feature","properties":{"modulo":12,"idparcela":"9363","productor":"LUJAN DE NATIVIDAD LIBRDA","cultivo":null,"superficie_fisica_ha":1.9813,"superficie_riego_ha":1.9813,"hectareas":1.578},"geometry":{"type":"Polygon","coordinates":[[[-105.335804,28.127741],[-105.336922,28.127886],[-105.336783,28.129145],[-105.335646,28.12903],[-105.335804,28.127741]]]}},{"type":"Feature","properties":{"modulo":12,"idparcela":"9371","productor":"QUINTAN DE MONTA¥EZ BELEM","cultivo":null,"superficie_fisica_ha":3,"superficie_riego_ha":3,"hectareas":2.884},"geometry":{"type":"Polygon","coordinates":[[[-105.336922,28.127886],[-105.337212,28.127907],[-105.337363,28.127926],[-105.337508,28.127958],[-105.33824,28.13045],[-105.33815,28.130441],[-105.337876,28.130413],[-105.337689,28.130394],[-105.337138,28.130337],[-105.336602,28.130256],[-105.336783,28.129145],[-105.336922,28.127886]]]}},{"type":"Feature","properties":{"modulo":12,"idparcela":"************","productor":null,"cultivo":null,"superficie_fisica_ha":null,"superficie_riego_ha":null,"hectareas":2.76},"geometry":{"type":"Polygon","coordinates":[[[-105.332157,28.12964],[-105.332151,28.129676],[-105.331898,28.12965],[-105.331088,28.129565],[-105.331349,28.127998],[-105.33145,28.127176],[-105.331517,28.127192],[-105.332525,28.127337],[-105.332521,28.127362],[-105.332157,28.12964]]]}},{"type":"Feature","properties":{"modulo":12,"idparcela":"9378","productor":"ORRANTIA GARCIA MANUEL ROBERTO","cultivo":null,"superficie_fisica_ha":3.025,"superficie_riego_ha":3.025,"hectareas":3.134},"geometry":{"type":"Polygon","coordinates":[[[-105.328981,28.129362],[-105.328917,28.129331],[-105.328806,28.129311],[-105.327809,28.12918],[-105.32789,28.128661],[-105.327937,28.127991],[-105.32807,28.126766],[-105.328632,28.126825],[-105.329173,28.126928],[-105.329274,28.126936],[-105.32927,28.126969],[-105.329138,28.127992],[-105.328988,28.129289],[-105.328981,28.129362]]]}},{"type":"Feature","properties":{"modulo":12,"idparcela":"9219","productor":"LOZANO FLORES OSCAR","cultivo":null,"superficie_fisica_ha":15.585,"superficie_riego_ha":15.585,"hectareas":5.911},"geometry":{"type":"Polygon","coordinates":[[[-105.329529,28.12562],[-105.329566,28.124968],[-105.33279,28.125366],[-105.333511,28.125412],[-105.334743,28.125644],[-105.336984,28.125905],[-105.337125,28.126643],[-105.336993,28.126625],[-105.331869,28.125978],[-105.331217,28.125911],[-105.33092,28.125854],[-105.33089,28.125849],[-105.329555,28.125711],[-105.329519,28.125701],[-105.329529,28.12562]]]}},{"type":"Feature","properties":{"modulo":12,"idparcela":"9219","productor":"LOZANO FLORES OSCAR","cultivo":null,"superficie_fisica_ha":15.585,"superficie_riego_ha":15.585,"hectareas":5.609},"geometry":{"type":"Polygon","coordinates":[[[-105.323109,28.124058],[-105.32928,28.124839],[-105.329435,28.124857],[-105.329422,28.124894],[-105.329427,28.125023],[-105.329333,28.125749],[-105.329325,28.125747],[-105.32439,28.125117],[-105.323906,28.124865],[-105.323615,28.12459],[-105.323109,28.124058]]]}},{"type":"Feature","properties":{"modulo":12,"idparcela":"9217","productor":"RODRIGUEZ SALAS SERGIO","cultivo":null,"superficie_fisica_ha":3.275,"superficie_riego_ha":3.275,"hectareas":2.946},"geometry":{"type":"Polygon","coordinates":[[[-105.328887,28.123978],[-105.328806,28.124341],[-105.323451,28.123618],[-105.322101,28.123443],[-105.32199,28.123413],[-105.321883,28.123366],[-105.321732,28.12329],[-105.321549,28.123148],[-105.321322,28.122951],[-105.321351,28.122955],[-105.323514,28.123253],[-105.328887,28.123978]]]}},{"type":"Feature","properties":{"modulo":12,"idparcela":"9213","productor":"TERRAZAS JUAREZ ELIZABETH","cultivo":null,"superficie_fisica_ha":3.9077,"superficie_riego_ha":3.9077,"hectareas":2.067},"geometry":{"type":"Polygon","coordinates":[[[-105.324072,28.122809],[-105.324019,28.122961],[-105.325437,28.123149],[-105.325468,28.123003],[-105.325476,28.122968],[-105.327653,28.123265],[-105.328058,28.123313],[-105.328013,28.123593],[-105.321057,28.122724],[-105.321011,28.122711],[-105.320946,28.122683],[-105.320763,28.12255],[-105.320596,28.122356],[-105.320634,28.12237],[-105.324072,28.122809]]]}},{"type":"Feature","properties":{"modulo":12,"idparcela":"9211","productor":"HERNANDEZ DE REYES JOSEFINA","cultivo":null,"superficie_fisica_ha":3.6162,"superficie_riego_ha":3.6162,"hectareas":6.166},"geometry":{"type":"Polygon","coordinates":[[[-105.324072,28.122809],[-105.320634,28.12237],[-105.320596,28.122356],[-105.320488,28.122283],[-105.320372,28.122165],[-105.320279,28.121969],[-105.320307,28.121973],[-105.325708,28.122657],[-105.325737,28.122661],[-105.329475,28.123121],[-105.336518,28.123987],[-105.336566,28.123997],[-105.336659,28.124018],[-105.336668,28.124378],[-105.336637,28.124374],[-105.335014,28.124175],[-105.330904,28.12367],[-105.329418,28.123487],[-105.328089,28.123324],[-105.328058,28.123313],[-105.327653,28.123265],[-105.325476,28.122968],[-105.325506,28.122828],[-105.324828,28.122723],[-105.324113,28.122612],[-105.324111,28.122624],[-105.324072,28.122809]]]}},{"type":"Feature","properties":{"modulo":12,"idparcela":"************","productor":null,"cultivo":null,"superficie_fisica_ha":null,"superficie_riego_ha":null,"hectareas":3.947},"geometry":{"type":"Polygon","coordinates":[[[-105.334387,28.122809],[-105.334386,28.122818],[-105.332909,28.122636],[-105.333185,28.120718],[-105.333192,28.120666],[-105.333221,28.120543],[-105.333245,28.120437],[-105.333295,28.120194],[-105.334763,28.120476],[-105.33475,28.120543],[-105.334402,28.122716],[-105.334393,28.122771],[-105.334387,28.122809]]]}},{"type":"Feature","properties":{"modulo":12,"idparcela":"************","productor":null,"cultivo":null,"superficie_fisica_ha":null,"superficie_riego_ha":null,"hectareas":17.212},"geometry":{"type":"Polygon","coordinates":[[[-105.318838,28.114221],[-105.319281,28.114177],[-105.319478,28.114143],[-105.319519,28.114135],[-105.319591,28.114144],[-105.319663,28.114153],[-105.32139,28.114337],[-105.322914,28.114546],[-105.323718,28.114632],[-105.323135,28.116515],[-105.322953,28.117089],[-105.322906,28.117236],[-105.322877,28.117223],[-105.320341,28.116081],[-105.319203,28.117964],[-105.31918,28.118003],[-105.318141,28.117872],[-105.317787,28.11781],[-105.317683,28.117733],[-105.317542,28.117587],[-105.317353,28.117443],[-105.317206,28.117075],[-105.317275,28.116766],[-105.317407,28.116541],[-105.317592,28.116299],[-105.317746,28.116031],[-105.317814,28.115897],[-105.317937,28.11555],[-105.317964,28.115438],[-105.317924,28.115307],[-105.317854,28.115117],[-105.317647,28.114963],[-105.31754,28.114758],[-105.317596,28.114614],[-105.31779,28.114525],[-105.318024,28.114525],[-105.318202,28.11442],[-105.318734,28.114261],[-105.318838,28.114221]]]}},{"type":"Feature","properties":{"modulo":12,"idparcela":"************","productor":null,"cultivo":null,"superficie_fisica_ha":null,"superficie_riego_ha":null,"hectareas":2.558},"geometry":{"type":"Polygon","coordinates":[[[-105.304565,28.091076],[-105.304835,28.089738],[-105.304754,28.089297],[-105.304866,28.089306],[-105.305232,28.089332],[-105.305795,28.089326],[-105.306046,28.089315],[-105.306248,28.090839],[-105.306229,28.090887],[-105.30548,28.090971],[-105.304565,28.091076]]]}},{"type":"Feature","properties":{"modulo":12,"idparcela":"9060","productor":"GARCIA DE CARRASCO MARIA","cultivo":null,"superficie_fisica_ha":4,"superficie_riego_ha":4,"hectareas":4.611},"geometry":{"type":"Polygon","coordinates":[[[-105.30947,28.089602],[-105.3087,28.089577],[-105.30813,28.089529],[-105.308274,28.087214],[-105.308937,28.087286],[-105.310157,28.087418],[-105.310017,28.089051],[-105.309998,28.089249],[-105.309995,28.089637],[-105.30947,28.089602]]]}},{"type":"Feature","properties":{"modulo":12,"idparcela":"9058","productor":"RODRIGUEZ CONTRERAS SERGIO","cultivo":null,"superficie_fisica_ha":4.5,"superficie_riego_ha":4.5,"hectareas":4.416},"geometry":{"type":"Polygon","coordinates":[[[-105.312334,28.089794],[-105.312216,28.089788],[-105.311563,28.087587],[-105.311637,28.087594],[-105.312588,28.0877],[-105.313574,28.087801],[-105.314062,28.089961],[-105.313634,28.089911],[-105.31321,28.089865],[-105.312334,28.089794]]]}},{"type":"Feature","properties":{"modulo":12,"idparcela":"9177","productor":"ALVARADO NIETO REGINO","cultivo":null,"superficie_fisica_ha":1.6377,"superficie_riego_ha":1.6377,"hectareas":1.324},"geometry":{"type":"Polygon","coordinates":[[[-105.303536,28.091917],[-105.30346,28.091818],[-105.303446,28.091728],[-105.303479,28.091646],[-105.303595,28.091529],[-105.30376,28.091366],[-105.303818,28.091203],[-105.303832,28.090996],[-105.303844,28.090662],[-105.303866,28.09049],[-105.303925,28.090328],[-105.304565,28.091076],[-105.304598,28.091649],[-105.304013,28.092303],[-105.303695,28.092052],[-105.303536,28.091917]]]}},{"type":"Feature","properties":{"modulo":12,"idparcela":"9115","productor":"GOMEZ ONTIVEROS ANGEL","cultivo":null,"superficie_fisica_ha":3.1208,"superficie_riego_ha":3.1208,"hectareas":2.079},"geometry":{"type":"Polygon","coordinates":[[[-105.329247,28.108028],[-105.328499,28.107985],[-105.328207,28.107965],[-105.328204,28.105514],[-105.328266,28.105595],[-105.328421,28.105793],[-105.328545,28.105937],[-105.328757,28.106167],[-105.328861,28.106261],[-105.329025,28.106393],[-105.329166,28.106513],[-105.329247,28.108028]]]}},{"type":"Feature","properties":{"modulo":12,"idparcela":"9092","productor":"NIETO LICON MANUEL","cultivo":null,"superficie_fisica_ha":5.9087,"superficie_riego_ha":5.9087,"hectareas":6.716},"geometry":{"type":"Polygon","coordinates":[[[-105.312292,28.098104],[-105.31208,28.09791],[-105.311772,28.097608],[-105.311457,28.097414],[-105.311331,28.097382],[-105.311186,28.097323],[-105.311058,28.097266],[-105.310819,28.097135],[-105.310753,28.097044],[-105.311064,28.097044],[-105.31154,28.097052],[-105.312063,28.097114],[-105.312646,28.097121],[-105.313077,28.097166],[-105.313602,28.097181],[-105.313912,28.097209],[-105.314196,28.097226],[-105.314639,28.097261],[-105.314865,28.097294],[-105.314995,28.097414],[-105.315086,28.097527],[-105.315164,28.097613],[-105.315271,28.097719],[-105.315373,28.097835],[-105.315504,28.097961],[-105.315689,28.098168],[-105.315951,28.098384],[-105.316124,28.098582],[-105.316261,28.098728],[-105.316346,28.098866],[-105.316295,28.098908],[-105.316168,28.098946],[-105.316035,28.098965],[-105.315576,28.098953],[-105.315228,28.098955],[-105.314467,28.09893],[-105.313757,28.098898],[-105.31342,28.098869],[-105.31331,28.098881],[-105.313235,28.098924],[-105.313128,28.099033],[-105.313026,28.099018],[-105.312937,28.098933],[-105.312785,28.098754],[-105.312731,28.098664],[-105.312617,28.098424],[-105.312487,28.098305],[-105.312292,28.098104]]]}},{"type":"Feature","properties":{"modulo":12,"idparcela":"************","productor":null,"cultivo":null,"superficie_fisica_ha":null,"superficie_riego_ha":null,"hectareas":7.351},"geometry":{"type":"Polygon","coordinates":[[[-105.30816,28.095796],[-105.308207,28.095706],[-105.308345,28.095633],[-105.308531,28.09557],[-105.308673,28.095524],[-105.309134,28.095478],[-105.30929,28.095487],[-105.31027,28.095584],[-105.310996,28.095657],[-105.311562,28.095707],[-105.311651,28.095718],[-105.312815,28.095819],[-105.31356,28.095883],[-105.31372,28.095888],[-105.313942,28.096113],[-105.31415,28.096326],[-105.314421,28.096645],[-105.314859,28.097179],[-105.313525,28.097085],[-105.312566,28.097031],[-105.311147,28.096944],[-105.310811,28.096945],[-105.310627,28.096936],[-105.310298,28.096822],[-105.310092,28.096739],[-105.309914,28.096666],[-105.309487,28.096512],[-105.3093,28.096441],[-105.308831,28.096245],[-105.308439,28.096002],[-105.308216,28.095859],[-105.30816,28.095796]]]}},{"type":"Feature","properties":{"modulo":12,"idparcela":"9089","productor":"CONTRERAS VELARDE JESUS JOSE","cultivo":null,"superficie_fisica_ha":3.087,"superficie_riego_ha":3.087,"hectareas":2.718},"geometry":{"type":"Polygon","coordinates":[[[-105.317059,28.098781],[-105.31693,28.098781],[-105.316824,28.098745],[-105.316561,28.098565],[-105.316529,28.098547],[-105.316529,28.098545],[-105.316643,28.096218],[-105.316644,28.0962],[-105.317183,28.096263],[-105.31765,28.096313],[-105.317528,28.09878],[-105.317059,28.098781]]]}},{"type":"Feature","properties":{"modulo":12,"idparcela":"9362","productor":"NATIVIDAD LUJAN LIBRADA DE","cultivo":null,"superficie_fisica_ha":1.0787,"superficie_riego_ha":1.0787,"hectareas":1.55},"geometry":{"type":"Polygon","coordinates":[[[-105.321356,28.096715],[-105.321356,28.096718],[-105.321252,28.09883],[-105.321264,28.098842],[-105.32078,28.098835],[-105.320589,28.098834],[-105.320697,28.096644],[-105.321356,28.096715]]]}},{"type":"Feature","properties":{"modulo":12,"idparcela":"9100","productor":"MENDOZA ACEVES RITO","cultivo":null,"superficie_fisica_ha":6,"superficie_riego_ha":6,"hectareas":6.633},"geometry":{"type":"Polygon","coordinates":[[[-105.313932,28.100017],[-105.313941,28.09995],[-105.313906,28.099868],[-105.313777,28.099591],[-105.313585,28.099239],[-105.313588,28.099168],[-105.313642,28.099122],[-105.313749,28.099113],[-105.314049,28.099101],[-105.314417,28.099098],[-105.314766,28.09912],[-105.315346,28.099102],[-105.315765,28.09912],[-105.316081,28.099109],[-105.31629,28.099069],[-105.316538,28.098991],[-105.318422,28.100821],[-105.318458,28.100887],[-105.318371,28.100879],[-105.318244,28.100881],[-105.317236,28.100856],[-105.317132,28.10085],[-105.317122,28.100849],[-105.316637,28.100821],[-105.316521,28.100821],[-105.316167,28.100796],[-105.316143,28.100785],[-105.316039,28.100779],[-105.314054,28.100656],[-105.314064,28.100601],[-105.314102,28.10052],[-105.314084,28.100335],[-105.314057,28.100209],[-105.314019,28.100099],[-105.313955,28.100053],[-105.313932,28.100017]]]}},{"type":"Feature","properties":{"modulo":12,"idparcela":"9087","productor":"JIMENEZ HERNANDEZ MARTHA","cultivo":null,"superficie_fisica_ha":2,"superficie_riego_ha":2,"hectareas":1.912},"geometry":{"type":"Polygon","coordinates":[[[-105.316638,28.100821],[-105.316672,28.104431],[-105.316168,28.104441],[-105.316168,28.104412],[-105.316168,28.102467],[-105.316168,28.102449],[-105.316167,28.100797],[-105.316167,28.100796],[-105.316521,28.100821],[-105.316637,28.100821],[-105.316638,28.100821]]]}},{"type":"Feature","properties":{"modulo":12,"idparcela":"9111","productor":"ACEVES JIMENEZ RAMON","cultivo":null,"superficie_fisica_ha":2,"superficie_riego_ha":2,"hectareas":1.907},"geometry":{"type":"Polygon","coordinates":[[[-105.317132,28.10085],[-105.317155,28.104438],[-105.316672,28.104431],[-105.316638,28.100821],[-105.317132,28.10085]]]}},{"type":"Feature","properties":{"modulo":12,"idparcela":"9110","productor":"JIMENEZ ORRANTIA GUADALUPE","cultivo":null,"superficie_fisica_ha":3.1416,"superficie_riego_ha":3.1416,"hectareas":4.185},"geometry":{"type":"Polygon","coordinates":[[[-105.318237,28.100935],[-105.318217,28.104444],[-105.318217,28.104445],[-105.317671,28.104415],[-105.317155,28.104438],[-105.317132,28.10085],[-105.317236,28.100856],[-105.318244,28.100881],[-105.318237,28.100935],[-105.318237,28.100935]]]}},{"type":"Feature","properties":{"modulo":12,"idparcela":"9101","productor":"GONZALEZ DEL REAL GENARO","cultivo":null,"superficie_fisica_ha":0.6875,"superficie_riego_ha":0.6875,"hectareas":1.023},"geometry":{"type":"Polygon","coordinates":[[[-105.325822,28.102146],[-105.325839,28.101354],[-105.326867,28.10136],[-105.326875,28.101539],[-105.326934,28.101815],[-105.327021,28.102288],[-105.325822,28.102146]]]}},{"type":"Feature","properties":{"modulo":12,"idparcela":"9099","productor":"NIETO JAQUEZ SOCORRO","cultivo":null,"superficie_fisica_ha":2,"superficie_riego_ha":2,"hectareas":1.102},"geometry":{"type":"Polygon","coordinates":[[[-105.318615,28.098894],[-105.319362,28.09891],[-105.319304,28.099819],[-105.319116,28.099687],[-105.31885,28.099562],[-105.31863,28.099445],[-105.318183,28.099329],[-105.317777,28.099185],[-105.317557,28.099122],[-105.317129,28.098936],[-105.317032,28.098886],[-105.317233,28.098868],[-105.318615,28.098894]]]}},{"type":"Feature","properties":{"modulo":12,"idparcela":"************","productor":null,"cultivo":null,"superficie_fisica_ha":null,"superficie_riego_ha":null,"hectareas":0.134},"geometry":{"type":"Polygon","coordinates":[[[-105.321132,28.109311],[-105.321087,28.109323],[-105.321086,28.10877],[-105.321409,28.108883],[-105.321406,28.108891],[-105.321382,28.10895],[-105.321373,28.108973],[-105.32134,28.109157],[-105.321327,28.109187],[-105.321265,28.109256],[-105.321132,28.109311]]]}},{"type":"Feature","properties":{"modulo":12,"idparcela":"************","productor":null,"cultivo":null,"superficie_fisica_ha":null,"superficie_riego_ha":null,"hectareas":3.81},"geometry":{"type":"Polygon","coordinates":[[[-105.323838,28.104565],[-105.324897,28.104575],[-105.324798,28.107931],[-105.323738,28.107907],[-105.323739,28.107893],[-105.323858,28.104578],[-105.323838,28.104565]]]}},{"type":"Feature","properties":{"modulo":12,"idparcela":"9104","productor":"JAQUEZ SANCHEZ RAMON MARIO","cultivo":null,"superficie_fisica_ha":3.981,"superficie_riego_ha":3.981,"hectareas":3.852},"geometry":{"type":"Polygon","coordinates":[[[-105.325014,28.101314],[-105.325818,28.10135],[-105.325839,28.101354],[-105.325822,28.102146],[-105.325844,28.104478],[-105.324732,28.104456],[-105.32467,28.101299],[-105.325014,28.101314]]]}},{"type":"Feature","properties":{"modulo":12,"idparcela":"************","productor":null,"cultivo":null,"superficie_fisica_ha":null,"superficie_riego_ha":null,"hectareas":4.214},"geometry":{"type":"Polygon","coordinates":[[[-105.31732,28.104544],[-105.317548,28.104537],[-105.318142,28.104545],[-105.31868,28.104552],[-105.319127,28.104545],[-105.319133,28.104624],[-105.319121,28.105048],[-105.319116,28.105427],[-105.319078,28.106293],[-105.319065,28.106713],[-105.317322,28.106717],[-105.317305,28.106721],[-105.317314,28.10492],[-105.31732,28.104544]]]}},{"type":"Feature","properties":{"modulo":12,"idparcela":"9122","productor":"HINOJOS VILLA EMETERIO","cultivo":null,"superficie_fisica_ha":4,"superficie_riego_ha":4,"hectareas":4.001},"geometry":{"type":"Polygon","coordinates":[[[-105.320391,28.107785],[-105.319395,28.107763],[-105.319307,28.107763],[-105.319307,28.107728],[-105.319314,28.106816],[-105.319301,28.106284],[-105.319286,28.105471],[-105.319303,28.105309],[-105.31929,28.104753],[-105.319289,28.104524],[-105.319437,28.104526],[-105.320488,28.10454],[-105.320391,28.107785]]]}},{"type":"Feature","properties":{"modulo":12,"idparcela":"8969","productor":"MAYNEZ LOYA JOSE DE JESUS","cultivo":null,"superficie_fisica_ha":7.5,"superficie_riego_ha":7.5,"hectareas":7.593},"geometry":{"type":"Polygon","coordinates":[[[-105.319307,28.107763],[-105.319395,28.107763],[-105.320391,28.107785],[-105.320531,28.107788],[-105.321132,28.107795],[-105.321235,28.107831],[-105.321255,28.107832],[-105.321348,28.107966],[-105.321467,28.108165],[-105.321592,28.10839],[-105.321596,28.108543],[-105.321479,28.108761],[-105.321454,28.108807],[-105.321432,28.108866],[-105.321409,28.108883],[-105.321086,28.10877],[-105.321087,28.109323],[-105.320976,28.10939],[-105.320732,28.109595],[-105.320707,28.10971],[-105.320706,28.109764],[-105.320697,28.110073],[-105.3207,28.110253],[-105.319727,28.110239],[-105.318118,28.110192],[-105.31835,28.107838],[-105.319166,28.107881],[-105.319254,28.107872],[-105.319288,28.107862],[-105.3193,28.107835],[-105.319307,28.107763]]]}},{"type":"Feature","properties":{"modulo":12,"idparcela":"8968","productor":"CUETO SANCHEZ SERGIO","cultivo":null,"superficie_fisica_ha":7.5,"superficie_riego_ha":7.5,"hectareas":8.13},"geometry":{"type":"Polygon","coordinates":[[[-105.316501,28.110143],[-105.315475,28.110137],[-105.314917,28.11013],[-105.315145,28.10785],[-105.315152,28.107785],[-105.315246,28.107783],[-105.315883,28.107794],[-105.3172,28.107827],[-105.31835,28.107838],[-105.318118,28.110192],[-105.316501,28.110143]]]}},{"type":"Feature","properties":{"modulo":12,"idparcela":"9063","productor":"LARA HERNANDEZ JOSE","cultivo":null,"superficie_fisica_ha":0.4814,"superficie_riego_ha":0.4814,"hectareas":4.631},"geometry":{"type":"Polygon","coordinates":[[[-105.308065,28.091693],[-105.308303,28.091649],[-105.308525,28.091667],[-105.308732,28.091943],[-105.308854,28.092098],[-105.309065,28.092366],[-105.309082,28.092388],[-105.309209,28.092551],[-105.309247,28.092599],[-105.309265,28.092635],[-105.309285,28.092674],[-105.309287,28.092701],[-105.309312,28.093233],[-105.30934,28.093802],[-105.308612,28.093801],[-105.308352,28.093756],[-105.307482,28.09366],[-105.306655,28.091897],[-105.306598,28.091768],[-105.306826,28.091703],[-105.307166,28.091716],[-105.3076,28.091725],[-105.307909,28.091709],[-105.308065,28.091693]]]}},{"type":"Feature","properties":{"modulo":12,"idparcela":"************","productor":null,"cultivo":null,"superficie_fisica_ha":null,"superficie_riego_ha":null,"hectareas":4.269},"geometry":{"type":"Polygon","coordinates":[[[-105.315735,28.087991],[-105.316524,28.088088],[-105.317229,28.08816],[-105.318092,28.09026],[-105.317213,28.090171],[-105.316101,28.090091],[-105.31536,28.088005],[-105.315351,28.087971],[-105.315735,28.087991]]]}},{"type":"Feature","properties":{"modulo":12,"idparcela":"9054","productor":"ORRANTIA HERNANDEZ ISABEL","cultivo":null,"superficie_fisica_ha":3.3248,"superficie_riego_ha":3.3248,"hectareas":3.256},"geometry":{"type":"Polygon","coordinates":[[[-105.319751,28.09027],[-105.319809,28.090369],[-105.319609,28.090368],[-105.319484,28.090365],[-105.319006,28.090312],[-105.318092,28.09026],[-105.317229,28.08816],[-105.317478,28.088194],[-105.317963,28.088266],[-105.318276,28.088301],[-105.318368,28.088319],[-105.318514,28.088445],[-105.318662,28.088562],[-105.318832,28.088679],[-105.318967,28.088823],[-105.319042,28.089039],[-105.319185,28.089382],[-105.319337,28.089589],[-105.31951,28.089895],[-105.319751,28.09027]]]}},{"type":"Feature","properties":{"modulo":12,"idparcela":"9069","productor":"VAZQUEZ MELENDEZ OSCAR","cultivo":null,"superficie_fisica_ha":4.5737,"superficie_riego_ha":4.5737,"hectareas":4.48},"geometry":{"type":"Polygon","coordinates":[[[-105.314434,28.090069],[-105.315152,28.090122],[-105.315935,28.090179],[-105.315643,28.09216],[-105.314851,28.092081],[-105.313562,28.091983],[-105.313854,28.090022],[-105.314146,28.090049],[-105.314434,28.090069]]]}},{"type":"Feature","properties":{"modulo":12,"idparcela":"9075","productor":"ARANDA PEREZ JUAN ANTONIO","cultivo":null,"superficie_fisica_ha":0.5817,"superficie_riego_ha":0.5817,"hectareas":0.633},"geometry":{"type":"Polygon","coordinates":[[[-105.31929,28.092492],[-105.319382,28.092071],[-105.32054,28.092228],[-105.320742,28.092253],[-105.32085,28.092581],[-105.320873,28.092645],[-105.320829,28.09264],[-105.320615,28.092617],[-105.319957,28.092545],[-105.31929,28.092492]]]}},{"type":"Feature","properties":{"modulo":12,"idparcela":"9067","productor":"LARA MERAZ JOSE ESTEBAN","cultivo":null,"superficie_fisica_ha":4.4656,"superficie_riego_ha":4.4656,"hectareas":4.129},"geometry":{"type":"Polygon","coordinates":[[[-105.317523,28.092341],[-105.317851,28.090305],[-105.31838,28.090358],[-105.319098,28.090411],[-105.319721,28.090467],[-105.319812,28.090472],[-105.319584,28.091274],[-105.319382,28.092071],[-105.31929,28.092492],[-105.318936,28.092455],[-105.317523,28.092341]]]}},{"type":"Feature","properties":{"modulo":12,"idparcela":"9073","productor":"MERAZ AVILA MARIA","cultivo":null,"superficie_fisica_ha":4.4049,"superficie_riego_ha":4.4049,"hectareas":4.215},"geometry":{"type":"Polygon","coordinates":[[[-105.309784,28.08973],[-105.309665,28.090426],[-105.30951,28.091632],[-105.308732,28.091562],[-105.308299,28.091534],[-105.308019,28.091577],[-105.307931,28.091593],[-105.307706,28.090734],[-105.307486,28.090098],[-105.307418,28.089934],[-105.307211,28.089495],[-105.307272,28.089508],[-105.307534,28.089562],[-105.307905,28.089579],[-105.30846,28.08965],[-105.309784,28.08973]]]}},{"type":"Feature","properties":{"modulo":12,"idparcela":"9189","productor":"BAEZA CISNEROS RAUL","cultivo":null,"superficie_fisica_ha":13.3781,"superficie_riego_ha":13.3781,"hectareas":17.957},"geometry":{"type":"Polygon","coordinates":[[[-105.314616,28.112846],[-105.314489,28.112846],[-105.314315,28.112819],[-105.313977,28.112686],[-105.313576,28.112419],[-105.313177,28.112216],[-105.312969,28.11217],[-105.312627,28.11197],[-105.31216,28.111626],[-105.31197,28.111305],[-105.311866,28.110957],[-105.311847,28.110232],[-105.311846,28.109947],[-105.312307,28.109971],[-105.314917,28.11013],[-105.315475,28.110137],[-105.316501,28.110143],[-105.318118,28.110192],[-105.317925,28.112116],[-105.317891,28.112411],[-105.317864,28.112649],[-105.317746,28.112911],[-105.317188,28.11395],[-105.317127,28.113896],[-105.316782,28.113554],[-105.316608,28.113437],[-105.316383,28.113365],[-105.316253,28.113358],[-105.316022,28.113371],[-105.315751,28.113255],[-105.315557,28.11316],[-105.315184,28.112953],[-105.31488,28.112872],[-105.314665,28.112846],[-105.314616,28.112846]]]}},{"type":"Feature","properties":{"modulo":12,"idparcela":"9114","productor":"CHAVARRIA OCON JESUS","cultivo":null,"superficie_fisica_ha":5.3136,"superficie_riego_ha":5.3136,"hectareas":2.214},"geometry":{"type":"Polygon","coordinates":[[[-105.329373,28.106631],[-105.329432,28.106675],[-105.330053,28.10703],[-105.330051,28.107152],[-105.330085,28.107224],[-105.330176,28.107305],[-105.330317,28.107399],[-105.330588,28.107478],[-105.330705,28.107494],[-105.330917,28.107522],[-105.331234,28.107684],[-105.33149,28.107834],[-105.331595,28.107897],[-105.331716,28.108023],[-105.331814,28.108143],[-105.331838,28.108218],[-105.329247,28.108028],[-105.329166,28.106513],[-105.329373,28.106631]]]}},{"type":"Feature","properties":{"modulo":12,"idparcela":"9195","productor":"BAEZA CISNEROS VICTOR MANUEL","cultivo":null,"superficie_fisica_ha":14.7,"superficie_riego_ha":14.7,"hectareas":0.273},"geometry":{"type":"Polygon","coordinates":[[[-105.336514,28.110845],[-105.336521,28.110772],[-105.336625,28.110636],[-105.336738,28.110544],[-105.33695,28.110513],[-105.337231,28.110514],[-105.337446,28.110517],[-105.33753,28.110599],[-105.337558,28.110698],[-105.337557,28.110756],[-105.337456,28.11075],[-105.337301,28.110762],[-105.337047,28.110798],[-105.336514,28.110845]]]}},{"type":"Feature","properties":{"modulo":12,"idparcela":"9176","productor":"ALVARADO NIETO VICTOR SOCORRO","cultivo":null,"superficie_fisica_ha":3.186,"superficie_riego_ha":3.186,"hectareas":3.767},"geometry":{"type":"Polygon","coordinates":[[[-105.306126,28.091893],[-105.306066,28.091925],[-105.30576,28.091535],[-105.306229,28.090887],[-105.306248,28.090839],[-105.306046,28.089315],[-105.306403,28.089348],[-105.306763,28.08941],[-105.306951,28.089437],[-105.307211,28.089495],[-105.307418,28.089934],[-105.307486,28.090098],[-105.307706,28.090734],[-105.307931,28.091593],[-105.307849,28.0916],[-105.307706,28.091601],[-105.307436,28.091619],[-105.307021,28.091596],[-105.306742,28.091611],[-105.306631,28.091631],[-105.306561,28.091682],[-105.306253,28.091839],[-105.306126,28.091893]]]}},{"type":"Feature","properties":{"modulo":12,"idparcela":"************","productor":null,"cultivo":null,"superficie_fisica_ha":null,"superficie_riego_ha":null,"hectareas":3.945},"geometry":{"type":"Polygon","coordinates":[[[-105.324897,28.104575],[-105.326003,28.104601],[-105.32587,28.107923],[-105.324798,28.107931],[-105.324897,28.104575]]]}},{"type":"Feature","properties":{"modulo":12,"idparcela":"9059","productor":"PUEBLA PORTILLO CRUZ","cultivo":null,"superficie_fisica_ha":4,"superficie_riego_ha":4,"hectareas":4.355},"geometry":{"type":"Polygon","coordinates":[[[-105.309998,28.089249],[-105.310017,28.089051],[-105.310157,28.087418],[-105.310845,28.087496],[-105.311563,28.087587],[-105.312216,28.089788],[-105.312028,28.089776],[-105.311482,28.089742],[-105.311123,28.08973],[-105.310769,28.089709],[-105.309995,28.089637],[-105.309998,28.089249]]]}},{"type":"Feature","properties":{"modulo":12,"idparcela":"9068","productor":"PAEZ HERNANDEZ JOSEFINA","cultivo":null,"superficie_fisica_ha":4.5375,"superficie_riego_ha":4.5375,"hectareas":4.192},"geometry":{"type":"Polygon","coordinates":[[[-105.316103,28.090181],[-105.317089,28.090246],[-105.317851,28.090305],[-105.317523,28.092341],[-105.317408,28.092335],[-105.317334,28.092325],[-105.316871,28.092271],[-105.316488,28.092236],[-105.315643,28.09216],[-105.315935,28.090179],[-105.316103,28.090181]]]}},{"type":"Feature","properties":{"modulo":12,"idparcela":"9059","productor":"PUEBLA PORTILLO CRUZ","cultivo":null,"superficie_fisica_ha":4,"superficie_riego_ha":4,"hectareas":0.32},"geometry":{"type":"Polygon","coordinates":[[[-105.30411,28.089254],[-105.304224,28.089253],[-105.304519,28.08928],[-105.304754,28.089297],[-105.304835,28.089738],[-105.30454,28.089686],[-105.304054,28.089583],[-105.304004,28.089425],[-105.304038,28.089272],[-105.30411,28.089254]]]}},{"type":"Feature","properties":{"modulo":12,"idparcela":"************","productor":null,"cultivo":null,"superficie_fisica_ha":null,"superficie_riego_ha":null,"hectareas":0.866},"geometry":{"type":"Polygon","coordinates":[[[-105.304049,28.089975],[-105.304092,28.089758],[-105.304054,28.089583],[-105.30454,28.089686],[-105.304835,28.089738],[-105.304565,28.091076],[-105.303925,28.090328],[-105.303996,28.09009],[-105.304023,28.090021],[-105.304049,28.089975]]]}},{"type":"Feature","properties":{"modulo":12,"idparcela":"************","productor":null,"cultivo":null,"superficie_fisica_ha":null,"superficie_riego_ha":null,"hectareas":3.242},"geometry":{"type":"Polygon","coordinates":[[[-105.321376,28.093952],[-105.321473,28.094069],[-105.321592,28.094267],[-105.321833,28.094655],[-105.321989,28.09498],[-105.32029,28.094829],[-105.320157,28.094826],[-105.319794,28.092639],[-105.320875,28.092732],[-105.320926,28.0929],[-105.320975,28.093032],[-105.321014,28.093258],[-105.321044,28.093357],[-105.321122,28.093506],[-105.321346,28.093892],[-105.321376,28.093952]]]}},{"type":"Feature","properties":{"modulo":12,"idparcela":"9076","productor":"PUEBLA DE ALVRADO MARIA LUISA","cultivo":null,"superficie_fisica_ha":4.6105,"superficie_riego_ha":4.6105,"hectareas":4.164},"geometry":{"type":"Polygon","coordinates":[[[-105.317851,28.092481],[-105.319794,28.092639],[-105.320157,28.094826],[-105.318524,28.094679],[-105.317851,28.092481]]]}},{"type":"Feature","properties":{"modulo":12,"idparcela":"9064","productor":"LARA HERNANDEZ JOSE","cultivo":null,"superficie_fisica_ha":3.075,"superficie_riego_ha":3.075,"hectareas":2.789},"geometry":{"type":"Polygon","coordinates":[[[-105.310429,28.091826],[-105.310323,28.093865],[-105.310099,28.093864],[-105.30934,28.093802],[-105.309312,28.093233],[-105.309287,28.092701],[-105.309285,28.092674],[-105.309265,28.092635],[-105.309247,28.092599],[-105.309209,28.092551],[-105.309082,28.092388],[-105.309065,28.092366],[-105.308854,28.092098],[-105.308732,28.091943],[-105.308525,28.091667],[-105.310429,28.091826]]]}},{"type":"Feature","properties":{"modulo":12,"idparcela":"9094","productor":"NIETO JIMENEZ MA. DE LA LUZ","cultivo":null,"superficie_fisica_ha":3.645,"superficie_riego_ha":3.645,"hectareas":4.86},"geometry":{"type":"Polygon","coordinates":[[[-105.323055,28.098983],[-105.323547,28.098982],[-105.324016,28.098981],[-105.324197,28.098963],[-105.32429,28.098971],[-105.324489,28.099061],[-105.324679,28.099214],[-105.324665,28.100135],[-105.32467,28.101226],[-105.323961,28.101204],[-105.32302,28.101172],[-105.322841,28.101166],[-105.322588,28.101186],[-105.322599,28.101178],[-105.322661,28.099001],[-105.322661,28.098967],[-105.323055,28.098983]]]}},{"type":"Feature","properties":{"modulo":12,"idparcela":"9086","productor":"FRANCO FLORES JESUS","cultivo":null,"superficie_fisica_ha":3.0069,"superficie_riego_ha":3.0069,"hectareas":2.477},"geometry":{"type":"Polygon","coordinates":[[[-105.319699,28.09653],[-105.319799,28.096542],[-105.320697,28.096644],[-105.320589,28.098834],[-105.319587,28.09883],[-105.319557,28.098816],[-105.319568,28.098734],[-105.319604,28.098056],[-105.319699,28.09653]]]}},{"type":"Feature","properties":{"modulo":12,"idparcela":"************","productor":null,"cultivo":null,"superficie_fisica_ha":null,"superficie_riego_ha":null,"hectareas":2.682},"geometry":{"type":"Polygon","coordinates":[[[-105.318678,28.096425],[-105.318632,28.097097],[-105.318585,28.098052],[-105.318549,28.098793],[-105.31819,28.098789],[-105.317528,28.09878],[-105.31765,28.096313],[-105.318633,28.09642],[-105.318678,28.096425]]]}},{"type":"Feature","properties":{"modulo":12,"idparcela":"9105","productor":"HERNANDEZ SALCIDO RAYMUNDO","cultivo":null,"superficie_fisica_ha":4.0578,"superficie_riego_ha":4.0578,"hectareas":2.781},"geometry":{"type":"Polygon","coordinates":[[[-105.323961,28.101204],[-105.32467,28.101226],[-105.32467,28.101299],[-105.324732,28.104456],[-105.323851,28.104429],[-105.323961,28.101204]]]}},{"type":"Feature","properties":{"modulo":12,"idparcela":"************","productor":null,"cultivo":null,"superficie_fisica_ha":null,"superficie_riego_ha":null,"hectareas":3.918},"geometry":{"type":"Polygon","coordinates":[[[-105.322841,28.101166],[-105.32302,28.101172],[-105.323961,28.101204],[-105.323851,28.104429],[-105.322747,28.104439],[-105.322841,28.101166]]]}},{"type":"Feature","properties":{"modulo":12,"idparcela":"9107","productor":"JAQUEZ HERRERA FRANCISCO","cultivo":null,"superficie_fisica_ha":4.136,"superficie_riego_ha":4.136,"hectareas":3.956},"geometry":{"type":"Polygon","coordinates":[[[-105.322841,28.101166],[-105.322747,28.104439],[-105.322386,28.10444],[-105.321635,28.104423],[-105.321722,28.101138],[-105.32182,28.101143],[-105.322451,28.101178],[-105.322588,28.101186],[-105.322841,28.101166]]]}},{"type":"Feature","properties":{"modulo":12,"idparcela":"************","productor":null,"cultivo":null,"superficie_fisica_ha":null,"superficie_riego_ha":null,"hectareas":3.484},"geometry":{"type":"Polygon","coordinates":[[[-105.321635,28.104423],[-105.321259,28.104425],[-105.320624,28.104425],[-105.320793,28.101084],[-105.321004,28.1011],[-105.321332,28.101117],[-105.321657,28.101135],[-105.321722,28.101138],[-105.321635,28.104423]]]}},{"type":"Feature","properties":{"modulo":12,"idparcela":"9125","productor":"VELARDE SANCHEZ RAMON","cultivo":null,"superficie_fisica_ha":3.817,"superficie_riego_ha":3.817,"hectareas":3.877},"geometry":{"type":"Polygon","coordinates":[[[-105.327771,28.104632],[-105.327855,28.104785],[-105.327954,28.104977],[-105.32807,28.105226],[-105.328204,28.105514],[-105.328207,28.107965],[-105.327828,28.107941],[-105.327035,28.107938],[-105.327105,28.104631],[-105.327771,28.104632]]]}},{"type":"Feature","properties":{"modulo":12,"idparcela":"8970","productor":"MELENDEZ SANCHEZ MARIA","cultivo":null,"superficie_fisica_ha":4,"superficie_riego_ha":4,"hectareas":5.597},"geometry":{"type":"Polygon","coordinates":[[[-105.312307,28.109971],[-105.311846,28.109947],[-105.311855,28.109755],[-105.311952,28.109431],[-105.312082,28.109198],[-105.312279,28.109032],[-105.312494,28.10884],[-105.312629,28.108773],[-105.312746,28.108661],[-105.313052,28.108518],[-105.313342,28.108427],[-105.313568,28.108309],[-105.313929,28.108137],[-105.314233,28.108001],[-105.314552,28.107847],[-105.314853,28.107792],[-105.315152,28.107785],[-105.315145,28.10785],[-105.314917,28.11013],[-105.312307,28.109971]]]}},{"type":"Feature","properties":{"modulo":12,"idparcela":"9190","productor":"BAEZA CISNEROS REYES","cultivo":null,"superficie_fisica_ha":18,"superficie_riego_ha":18,"hectareas":7.61},"geometry":{"type":"Polygon","coordinates":[[[-105.323602,28.110327],[-105.325237,28.110359],[-105.327176,28.110398],[-105.328984,28.110437],[-105.332898,28.110511],[-105.332804,28.110556],[-105.332571,28.110692],[-105.332233,28.110873],[-105.331987,28.110955],[-105.33178,28.110965],[-105.331609,28.11101],[-105.331339,28.11111],[-105.330985,28.111192],[-105.33074,28.111202],[-105.330212,28.111099],[-105.329732,28.110942],[-105.329329,28.11081],[-105.328719,28.110591],[-105.328483,28.110534],[-105.328206,28.110558],[-105.327843,28.110658],[-105.327563,28.110713],[-105.327302,28.110804],[-105.32623,28.111276],[-105.325916,28.111475],[-105.325428,28.111702],[-105.324925,28.11195],[-105.324387,28.112184],[-105.323806,28.112402],[-105.323608,28.111841],[-105.323601,28.11161],[-105.323602,28.110327]]]}},{"type":"Feature","properties":{"modulo":12,"idparcela":"9193","productor":"RUBIO MALDONADO NORMA LILIA","cultivo":null,"superficie_fisica_ha":6.0245,"superficie_riego_ha":6.0245,"hectareas":6.969},"geometry":{"type":"Polygon","coordinates":[[[-105.319727,28.110239],[-105.31955,28.111881],[-105.319372,28.113574],[-105.319112,28.113711],[-105.318647,28.113889],[-105.317908,28.114201],[-105.317771,28.114261],[-105.317653,28.114305],[-105.317406,28.114139],[-105.317188,28.11395],[-105.317746,28.112911],[-105.317864,28.112649],[-105.317891,28.112411],[-105.317925,28.112116],[-105.318118,28.110192],[-105.319727,28.110239]]]}},{"type":"Feature","properties":{"modulo":12,"idparcela":"************","productor":null,"cultivo":null,"superficie_fisica_ha":null,"superficie_riego_ha":null,"hectareas":5.386},"geometry":{"type":"Polygon","coordinates":[[[-105.31955,28.111881],[-105.320925,28.111678],[-105.323601,28.11161],[-105.323608,28.111841],[-105.323806,28.112402],[-105.323369,28.11249],[-105.322701,28.112623],[-105.320886,28.112929],[-105.320716,28.112992],[-105.319372,28.113574],[-105.31955,28.111881]]]}},{"type":"Feature","properties":{"modulo":12,"idparcela":"9195","productor":"BAEZA CISNEROS VICTOR MANUEL","cultivo":null,"superficie_fisica_ha":14.7,"superficie_riego_ha":14.7,"hectareas":0.28},"geometry":{"type":"Polygon","coordinates":[[[-105.336152,28.110441],[-105.336654,28.110462],[-105.336701,28.110461],[-105.33656,28.110542],[-105.336396,28.110775],[-105.336325,28.110815],[-105.336078,28.110867],[-105.335759,28.110898],[-105.335652,28.110892],[-105.335568,28.110894],[-105.335946,28.110592],[-105.336012,28.110558],[-105.336152,28.110441]]]}},{"type":"Feature","properties":{"modulo":12,"idparcela":"9185","productor":"GARCIA RAMIREZ FRANCISCO","cultivo":null,"superficie_fisica_ha":0.42,"superficie_riego_ha":0.42,"hectareas":0.987},"geometry":{"type":"Polygon","coordinates":[[[-105.314258,28.10426],[-105.31435,28.104459],[-105.314443,28.10463],[-105.31447,28.104666],[-105.314483,28.10506],[-105.314492,28.10522],[-105.314517,28.105986],[-105.314479,28.106944],[-105.31437,28.106524],[-105.31425,28.106015],[-105.314206,28.105713],[-105.314114,28.105516],[-105.313984,28.105025],[-105.313885,28.104755],[-105.313741,28.104314],[-105.31379,28.104321],[-105.314258,28.10426]]]}},{"type":"Feature","properties":{"modulo":12,"idparcela":"************","productor":null,"cultivo":null,"superficie_fisica_ha":null,"superficie_riego_ha":null,"hectareas":1.048},"geometry":{"type":"Polygon","coordinates":[[[-105.313511,28.102219],[-105.31364,28.10235],[-105.313698,28.102437],[-105.313696,28.10259],[-105.313811,28.102882],[-105.313919,28.103328],[-105.314104,28.10375],[-105.314186,28.103911],[-105.314258,28.10426],[-105.31379,28.104321],[-105.313741,28.104314],[-105.313622,28.104063],[-105.313458,28.103451],[-105.313364,28.103199],[-105.313335,28.102949],[-105.313308,28.102747],[-105.313511,28.102219]]]}},{"type":"Feature","properties":{"modulo":12,"idparcela":"9194","productor":"BAEZA RUBIO RAUL EDUARDO","cultivo":null,"superficie_fisica_ha":5.375,"superficie_riego_ha":5.375,"hectareas":6.02},"geometry":{"type":"Polygon","coordinates":[[[-105.319615,28.111871],[-105.31955,28.111881],[-105.319727,28.110239],[-105.3207,28.110253],[-105.321602,28.110283],[-105.323586,28.110331],[-105.323601,28.11161],[-105.320925,28.111678],[-105.319615,28.111871]]]}},{"type":"Feature","properties":{"modulo":12,"idparcela":"8966","productor":"MAYNEZ NU¥EZ JESUS","cultivo":null,"superficie_fisica_ha":19.2218,"superficie_riego_ha":19.2218,"hectareas":23.03},"geometry":{"type":"Polygon","coordinates":[[[-105.33724,28.109138],[-105.336987,28.109271],[-105.33638,28.109786],[-105.336093,28.110098],[-105.335572,28.110645],[-105.335358,28.110847],[-105.335187,28.11092],[-105.334978,28.110899],[-105.334747,28.110853],[-105.334537,28.110781],[-105.334331,28.110632],[-105.334274,28.11062],[-105.334141,28.110515],[-105.333938,28.110436],[-105.333463,28.110408],[-105.332898,28.110511],[-105.328984,28.110437],[-105.327176,28.110398],[-105.325237,28.110359],[-105.323602,28.110327],[-105.323586,28.110331],[-105.321602,28.110283],[-105.3207,28.110253],[-105.320697,28.110073],[-105.320706,28.109764],[-105.320707,28.10971],[-105.320732,28.109595],[-105.320976,28.10939],[-105.321087,28.109323],[-105.321132,28.109311],[-105.321265,28.109256],[-105.321327,28.109187],[-105.32134,28.109157],[-105.321373,28.108973],[-105.321382,28.10895],[-105.321406,28.108891],[-105.321448,28.108892],[-105.325973,28.109007],[-105.329333,28.109101],[-105.332317,28.109187],[-105.332333,28.109177],[-105.333565,28.109177],[-105.334223,28.109182],[-105.335041,28.109162],[-105.33724,28.109138]]]}},{"type":"Feature","properties":{"modulo":12,"idparcela":"8967","productor":"ALVAREZ DE MAYNEZ BERTHA","cultivo":null,"superficie_fisica_ha":7.75,"superficie_riego_ha":7.75,"hectareas":5.97},"geometry":{"type":"Polygon","coordinates":[[[-105.332326,28.108662],[-105.332294,28.108727],[-105.332333,28.109177],[-105.332317,28.109187],[-105.329333,28.109101],[-105.325973,28.109007],[-105.321448,28.108892],[-105.321406,28.108891],[-105.321432,28.108866],[-105.321454,28.108807],[-105.321479,28.108761],[-105.321596,28.108543],[-105.321592,28.10839],[-105.324713,28.108472],[-105.327938,28.108551],[-105.328235,28.108558],[-105.331604,28.108641],[-105.332326,28.108662]]]}},{"type":"Feature","properties":{"modulo":12,"idparcela":"************","productor":null,"cultivo":null,"superficie_fisica_ha":null,"superficie_riego_ha":null,"hectareas":4.082},"geometry":{"type":"Polygon","coordinates":[[[-105.327035,28.107938],[-105.326933,28.10794],[-105.326846,28.107942],[-105.326635,28.107946],[-105.32587,28.107923],[-105.326003,28.104601],[-105.327105,28.104631],[-105.327035,28.107938]]]}},{"type":"Feature","properties":{"modulo":12,"idparcela":"9120","productor":"VELARDE MONTES MARIA","cultivo":null,"superficie_fisica_ha":4,"superficie_riego_ha":4,"hectareas":4.023},"geometry":{"type":"Polygon","coordinates":[[[-105.323738,28.107907],[-105.322651,28.107865],[-105.322635,28.107865],[-105.322727,28.104572],[-105.322718,28.104567],[-105.323838,28.104565],[-105.323858,28.104578],[-105.323739,28.107893],[-105.323738,28.107907]]]}},{"type":"Feature","properties":{"modulo":12,"idparcela":"9102","productor":"GONZALEZ DEL REAL GENARO","cultivo":null,"superficie_fisica_ha":3.6362,"superficie_riego_ha":3.6362,"hectareas":3.969},"geometry":{"type":"Polygon","coordinates":[[[-105.322651,28.107865],[-105.322608,28.107873],[-105.321515,28.107818],[-105.321516,28.10781],[-105.321617,28.104572],[-105.321617,28.104562],[-105.322718,28.104567],[-105.322727,28.104572],[-105.322635,28.107865],[-105.322651,28.107865]]]}},{"type":"Feature","properties":{"modulo":12,"idparcela":"9121","productor":"ORTA DELGADO MARIA DEL REFUGIO","cultivo":null,"superficie_fisica_ha":3.1718,"superficie_riego_ha":3.1718,"hectareas":3.973},"geometry":{"type":"Polygon","coordinates":[[[-105.321515,28.107818],[-105.321235,28.107831],[-105.321132,28.107795],[-105.320531,28.107788],[-105.320391,28.107785],[-105.320488,28.10454],[-105.321617,28.104562],[-105.321617,28.104572],[-105.321515,28.107818]]]}},{"type":"Feature","properties":{"modulo":12,"idparcela":"9090","productor":"CONTRERAS VELARDE JESUS JOSE","cultivo":null,"superficie_fisica_ha":1,"superficie_riego_ha":1,"hectareas":1.828},"geometry":{"type":"Polygon","coordinates":[[[-105.319065,28.106713],[-105.319071,28.106743],[-105.319096,28.107459],[-105.319112,28.10757],[-105.319058,28.107661],[-105.318987,28.107682],[-105.317277,28.10763],[-105.317314,28.106747],[-105.317305,28.106721],[-105.317322,28.106717],[-105.319065,28.106713]]]}},{"type":"Feature","properties":{"modulo":12,"idparcela":"9123","productor":"VELARDE MONTES ROSALIO","cultivo":null,"superficie_fisica_ha":4.3575,"superficie_riego_ha":4.3575,"hectareas":3.737},"geometry":{"type":"Polygon","coordinates":[[[-105.314701,28.105446],[-105.31469,28.105426],[-105.31467,28.1053],[-105.314674,28.105246],[-105.314679,28.104666],[-105.314829,28.104542],[-105.31504,28.104514],[-105.315283,28.104522],[-105.315436,28.104524],[-105.316742,28.104531],[-105.316751,28.106926],[-105.316758,28.106973],[-105.316548,28.106849],[-105.316159,28.10658],[-105.315574,28.10604],[-105.314941,28.105626],[-105.314701,28.105446]]]}},{"type":"Feature","properties":{"modulo":12,"idparcela":"************","productor":null,"cultivo":null,"superficie_fisica_ha":null,"superficie_riego_ha":null,"hectareas":1.861},"geometry":{"type":"Polygon","coordinates":[[[-105.316742,28.104531],[-105.31732,28.104544],[-105.317314,28.10492],[-105.317305,28.106721],[-105.317314,28.106747],[-105.317277,28.10763],[-105.316767,28.107618],[-105.316763,28.107062],[-105.316763,28.107009],[-105.316758,28.106973],[-105.316751,28.106926],[-105.316742,28.104531]]]}},{"type":"Feature","properties":{"modulo":12,"idparcela":"************","productor":null,"cultivo":null,"superficie_fisica_ha":null,"superficie_riego_ha":null,"hectareas":3.644},"geometry":{"type":"Polygon","coordinates":[[[-105.325822,28.102146],[-105.327021,28.102288],[-105.327619,28.104428],[-105.327649,28.104485],[-105.325844,28.104478],[-105.325822,28.102146]]]}},{"type":"Feature","properties":{"modulo":12,"idparcela":"9109","productor":"MARTINEZ AGUILAR NATALIA","cultivo":null,"superficie_fisica_ha":4,"superficie_riego_ha":4,"hectareas":3.887},"geometry":{"type":"Polygon","coordinates":[[[-105.318244,28.100881],[-105.318371,28.100879],[-105.318458,28.100887],[-105.318598,28.100898],[-105.318662,28.100904],[-105.319074,28.100926],[-105.319233,28.100943],[-105.319228,28.101019],[-105.319239,28.101125],[-105.319263,28.103826],[-105.319209,28.104403],[-105.318217,28.104445],[-105.318217,28.104444],[-105.318237,28.100935],[-105.318237,28.100935],[-105.318244,28.100881]]]}},{"type":"Feature","properties":{"modulo":12,"idparcela":"************","productor":null,"cultivo":null,"superficie_fisica_ha":null,"superficie_riego_ha":null,"hectareas":4.678},"geometry":{"type":"Polygon","coordinates":[[[-105.316168,28.104412],[-105.316168,28.104441],[-105.314957,28.104407],[-105.31473,28.104424],[-105.314527,28.104506],[-105.31447,28.104666],[-105.314443,28.10463],[-105.31435,28.104459],[-105.314258,28.10426],[-105.314186,28.103911],[-105.314104,28.10375],[-105.313919,28.103328],[-105.313811,28.102882],[-105.313696,28.10259],[-105.313698,28.102437],[-105.313765,28.102449],[-105.316168,28.102467],[-105.316168,28.104412]]]}},{"type":"Feature","properties":{"modulo":12,"idparcela":"9112","productor":"VELARDE SANCHEZ GILBERTO","cultivo":null,"superficie_fisica_ha":3.6575,"superficie_riego_ha":3.6575,"hectareas":4.583},"geometry":{"type":"Polygon","coordinates":[[[-105.316143,28.100785],[-105.316167,28.100797],[-105.316168,28.102467],[-105.313765,28.102449],[-105.313698,28.102437],[-105.31364,28.10235],[-105.313511,28.102219],[-105.313517,28.102087],[-105.314054,28.100656],[-105.316039,28.100779],[-105.316143,28.100785]]]}},{"type":"Feature","properties":{"modulo":12,"idparcela":"9093","productor":"SOTO DE MARTINEZ MAGDLENA","cultivo":null,"superficie_fisica_ha":4.1822,"superficie_riego_ha":4.1822,"hectareas":3.317},"geometry":{"type":"Polygon","coordinates":[[[-105.324679,28.099214],[-105.325154,28.099597],[-105.325905,28.099933],[-105.326193,28.100135],[-105.326447,28.100292],[-105.32664,28.100519],[-105.326692,28.100657],[-105.326743,28.100914],[-105.326807,28.101071],[-105.326826,28.101232],[-105.326867,28.10136],[-105.325839,28.101354],[-105.325818,28.10135],[-105.325014,28.101314],[-105.32467,28.101299],[-105.324665,28.100135],[-105.324679,28.099214]]]}},{"type":"Feature","properties":{"modulo":12,"idparcela":"9095","productor":"FRANCO NIETO JESUS ROBERTO","cultivo":null,"superficie_fisica_ha":3.6374,"superficie_riego_ha":3.6374,"hectareas":1.834},"geometry":{"type":"Polygon","coordinates":[[[-105.322599,28.101178],[-105.322588,28.101186],[-105.322451,28.101178],[-105.32182,28.101143],[-105.321908,28.098951],[-105.322661,28.098967],[-105.322661,28.099001],[-105.322599,28.101178]]]}},{"type":"Feature","properties":{"modulo":12,"idparcela":"9084","productor":"JAQUEZ CADENA MIGUEL","cultivo":null,"superficie_fisica_ha":1.8026,"superficie_riego_ha":1.8026,"hectareas":1.493},"geometry":{"type":"Polygon","coordinates":[[[-105.321356,28.096718],[-105.321361,28.096716],[-105.322009,28.096784],[-105.322008,28.096804],[-105.3219,28.098864],[-105.3219,28.098873],[-105.321264,28.098842],[-105.321252,28.09883],[-105.321356,28.096718]]]}},{"type":"Feature","properties":{"modulo":12,"idparcela":"9082","productor":"VEGA TORRES DEMETRIO","cultivo":null,"superficie_fisica_ha":1.125,"superficie_riego_ha":1.125,"hectareas":1.378},"geometry":{"type":"Polygon","coordinates":[[[-105.322009,28.096784],[-105.322578,28.096856],[-105.322571,28.098861],[-105.3219,28.098873],[-105.3219,28.098864],[-105.322009,28.096784]]]}},{"type":"Feature","properties":{"modulo":12,"idparcela":"9081","productor":"SOTO GUERRERO JOSE DOLORES","cultivo":null,"superficie_fisica_ha":3.5662,"superficie_riego_ha":3.5662,"hectareas":2.178},"geometry":{"type":"Polygon","coordinates":[[[-105.322578,28.096856],[-105.322681,28.09687],[-105.323107,28.096913],[-105.323149,28.09727],[-105.323247,28.097474],[-105.323381,28.097715],[-105.323745,28.098165],[-105.324043,28.098417],[-105.324164,28.098578],[-105.324283,28.098821],[-105.32422,28.098853],[-105.323715,28.098858],[-105.32321,28.098869],[-105.322571,28.098861],[-105.322578,28.096856]]]}},{"type":"Feature","properties":{"modulo":12,"idparcela":"9085","productor":"JAQUEZ CADENA MIGUEL","cultivo":null,"superficie_fisica_ha":3.1895,"superficie_riego_ha":3.1895,"hectareas":3.878},"geometry":{"type":"Polygon","coordinates":[[[-105.316529,28.098547],[-105.316502,28.09855],[-105.315815,28.098078],[-105.315031,28.097202],[-105.313947,28.09592],[-105.314031,28.095922],[-105.314229,28.095928],[-105.314431,28.095949],[-105.316626,28.096201],[-105.316643,28.096218],[-105.316529,28.098547]]]}},{"type":"Feature","properties":{"modulo":12,"idparcela":"************","productor":null,"cultivo":null,"superficie_fisica_ha":null,"superficie_riego_ha":null,"hectareas":16.824},"geometry":{"type":"Polygon","coordinates":[[[-105.319699,28.09653],[-105.31952,28.096506],[-105.319236,28.096484],[-105.318678,28.096425],[-105.318633,28.09642],[-105.31765,28.096313],[-105.317183,28.096263],[-105.316644,28.0962],[-105.316626,28.096201],[-105.314431,28.095949],[-105.314229,28.095928],[-105.314031,28.095922],[-105.313947,28.09592],[-105.313859,28.095804],[-105.313755,28.095779],[-105.31348,28.095757],[-105.313442,28.09525],[-105.313508,28.094574],[-105.313605,28.094255],[-105.313645,28.094185],[-105.31374,28.094204],[-105.313907,28.09423],[-105.314086,28.094284],[-105.314124,28.0943],[-105.316031,28.09448],[-105.316063,28.094483],[-105.318524,28.094679],[-105.320157,28.094826],[-105.32029,28.094829],[-105.321989,28.09498],[-105.322978,28.096606],[-105.323107,28.096913],[-105.322681,28.09687],[-105.322578,28.096856],[-105.322009,28.096784],[-105.321361,28.096716],[-105.321356,28.096718],[-105.321356,28.096715],[-105.320697,28.096644],[-105.319799,28.096542],[-105.319699,28.09653]]]}},{"type":"Feature","properties":{"modulo":12,"idparcela":"************","productor":null,"cultivo":null,"superficie_fisica_ha":null,"superficie_riego_ha":null,"hectareas":4.615},"geometry":{"type":"Polygon","coordinates":[[[-105.316063,28.094483],[-105.316358,28.092343],[-105.317851,28.092481],[-105.318524,28.094679],[-105.316063,28.094483]]]}},{"type":"Feature","properties":{"modulo":12,"idparcela":"9078","productor":"CARMONA VAZQUEZ JOSE","cultivo":null,"superficie_fisica_ha":4.56,"superficie_riego_ha":4.56,"hectareas":4.623},"geometry":{"type":"Polygon","coordinates":[[[-105.314086,28.094284],[-105.314393,28.09217],[-105.314931,28.092212],[-105.316358,28.092343],[-105.316063,28.094483],[-105.316031,28.09448],[-105.314124,28.0943],[-105.314086,28.094284]]]}},{"type":"Feature","properties":{"modulo":12,"idparcela":"9080","productor":"QUINTANA SEPULVEDA CLEMENTE","cultivo":null,"superficie_fisica_ha":4.4334,"superficie_riego_ha":4.4334,"hectareas":4.147},"geometry":{"type":"Polygon","coordinates":[[[-105.312299,28.092006],[-105.312185,28.094045],[-105.310858,28.093921],[-105.310807,28.093912],[-105.310771,28.093905],[-105.310323,28.093865],[-105.310429,28.091826],[-105.312299,28.092006]]]}},{"type":"Feature","properties":{"modulo":12,"idparcela":"9070","productor":"LARA HERNANDEZ JOSE LINO","cultivo":null,"superficie_fisica_ha":4.3029,"superficie_riego_ha":3.6562,"hectareas":4.258},"geometry":{"type":"Polygon","coordinates":[[[-105.30951,28.091632],[-105.309665,28.090426],[-105.309784,28.08973],[-105.310962,28.08983],[-105.311637,28.089881],[-105.311799,28.089936],[-105.311851,28.089984],[-105.311507,28.091791],[-105.30951,28.091632]]]}},{"type":"Feature","properties":{"modulo":12,"idparcela":"9055","productor":"ORRANTIA HERNANDEZ ISABEL","cultivo":null,"superficie_fisica_ha":1.1857,"superficie_riego_ha":1.1857,"hectareas":1.296},"geometry":{"type":"Polygon","coordinates":[[[-105.319584,28.091274],[-105.319812,28.090472],[-105.319873,28.090465],[-105.320742,28.092253],[-105.32054,28.092228],[-105.319382,28.092071],[-105.319584,28.091274]]]}},{"type":"Feature","properties":{"modulo":12,"idparcela":"9057","productor":"RODRIGUEZ CONTRERAS SERGIO","cultivo":null,"superficie_fisica_ha":4.5587,"superficie_riego_ha":4.5587,"hectareas":4.324},"geometry":{"type":"Polygon","coordinates":[[[-105.316101,28.090091],[-105.314062,28.089961],[-105.313574,28.087801],[-105.315351,28.087971],[-105.31536,28.088005],[-105.316101,28.090091]]]}},{"type":"Feature","properties":{"modulo":12,"idparcela":"9166","productor":"GARCIA CERVANTES AMBROCIO","cultivo":null,"superficie_fisica_ha":3.5,"superficie_riego_ha":3.5,"hectareas":5.208},"geometry":{"type":"Polygon","coordinates":[[[-105.303044,28.086534],[-105.302713,28.086531],[-105.302251,28.086578],[-105.301672,28.086615],[-105.301586,28.086579],[-105.301201,28.086156],[-105.300908,28.085959],[-105.30041,28.083719],[-105.300732,28.083368],[-105.300828,28.083232],[-105.300961,28.083122],[-105.30115,28.082952],[-105.301319,28.082903],[-105.301457,28.083313],[-105.301499,28.083435],[-105.301751,28.08418],[-105.301762,28.084211],[-105.301864,28.084513],[-105.301877,28.08452],[-105.301934,28.084686],[-105.302094,28.084757],[-105.302191,28.084937],[-105.302196,28.084947],[-105.303044,28.086534]]]}},{"type":"Feature","properties":{"modulo":12,"idparcela":"9174","productor":"GARCIA CERVANTES CALIXTO","cultivo":null,"superficie_fisica_ha":2.5,"superficie_riego_ha":2.5,"hectareas":1.149},"geometry":{"type":"Polygon","coordinates":[[[-105.30041,28.083719],[-105.300908,28.085959],[-105.300693,28.085814],[-105.300328,28.085634],[-105.300151,28.085535],[-105.300071,28.085427],[-105.29993,28.085256],[-105.299911,28.084976],[-105.29994,28.08485],[-105.300032,28.084751],[-105.300229,28.084624],[-105.300209,28.084489],[-105.300149,28.084326],[-105.300116,28.084227],[-105.300145,28.084074],[-105.300367,28.083766],[-105.30041,28.083719]]]}},{"type":"Feature","properties":{"modulo":12,"idparcela":"************","productor":null,"cultivo":null,"superficie_fisica_ha":null,"superficie_riego_ha":null,"hectareas":4.031},"geometry":{"type":"Polygon","coordinates":[[[-105.312328,28.078763],[-105.312463,28.079167],[-105.310227,28.078844],[-105.306614,28.078275],[-105.306067,28.078186],[-105.303255,28.077723],[-105.30325,28.077642],[-105.303165,28.077319],[-105.312328,28.078763]]]}},{"type":"Feature","properties":{"modulo":12,"idparcela":"8944","productor":"RAMIREZ LOZOYA FELIPA DE","cultivo":null,"superficie_fisica_ha":9,"superficie_riego_ha":9,"hectareas":4.206},"geometry":{"type":"Polygon","coordinates":[[[-105.312592,28.079626],[-105.303218,28.07815],[-105.303255,28.077723],[-105.306067,28.078186],[-105.306614,28.078275],[-105.310227,28.078844],[-105.312463,28.079167],[-105.312556,28.07948],[-105.312592,28.079626]]]}},{"type":"Feature","properties":{"modulo":12,"idparcela":"************","productor":null,"cultivo":null,"superficie_fisica_ha":null,"superficie_riego_ha":null,"hectareas":3.862},"geometry":{"type":"Polygon","coordinates":[[[-105.312592,28.079626],[-105.31263,28.079777],[-105.312745,28.080035],[-105.306069,28.078971],[-105.303154,28.078508],[-105.303218,28.07815],[-105.312592,28.079626]]]}},{"type":"Feature","properties":{"modulo":12,"idparcela":"************","productor":null,"cultivo":null,"superficie_fisica_ha":null,"superficie_riego_ha":null,"hectareas":6.809},"geometry":{"type":"Polygon","coordinates":[[[-105.312745,28.080035],[-105.312863,28.080192],[-105.313075,28.080444],[-105.313392,28.080735],[-105.309604,28.080145],[-105.306071,28.079621],[-105.303017,28.079162],[-105.303105,28.078698],[-105.303154,28.078508],[-105.306069,28.078971],[-105.312745,28.080035]]]}},{"type":"Feature","properties":{"modulo":12,"idparcela":"************","productor":null,"cultivo":null,"superficie_fisica_ha":null,"superficie_riego_ha":null,"hectareas":7.309},"geometry":{"type":"Polygon","coordinates":[[[-105.314011,28.081457],[-105.312499,28.081231],[-105.306073,28.08023],[-105.305495,28.08014],[-105.30289,28.079774],[-105.302867,28.079771],[-105.302933,28.079526],[-105.302977,28.079427],[-105.303017,28.079162],[-105.306071,28.079621],[-105.309604,28.080145],[-105.313392,28.080735],[-105.313694,28.081029],[-105.313903,28.08129],[-105.314011,28.081457]]]}},{"type":"Feature","properties":{"modulo":12,"idparcela":"8928","productor":"MU¥OZ MARTINEZ JESUS","cultivo":null,"superficie_fisica_ha":1.9618,"superficie_riego_ha":1.9618,"hectareas":1.918},"geometry":{"type":"Polygon","coordinates":[[[-105.311778,28.074103],[-105.30677,28.074377],[-105.30673,28.074379],[-105.307547,28.073961],[-105.311802,28.073714],[-105.311778,28.074103]]]}},{"type":"Feature","properties":{"modulo":12,"idparcela":"************","productor":null,"cultivo":null,"superficie_fisica_ha":null,"superficie_riego_ha":null,"hectareas":6.341},"geometry":{"type":"Polygon","coordinates":[[[-105.306064,28.077139],[-105.306105,28.077146],[-105.307911,28.077451],[-105.311954,28.078063],[-105.31209,28.078077],[-105.312412,28.078118],[-105.312309,28.078332],[-105.312313,28.078501],[-105.312328,28.078763],[-105.303165,28.077319],[-105.303104,28.077026],[-105.303072,28.076649],[-105.305561,28.077059],[-105.306064,28.077139]]]}},{"type":"Feature","properties":{"modulo":12,"idparcela":"************","productor":null,"cultivo":null,"superficie_fisica_ha":null,"superficie_riego_ha":null,"hectareas":21.754},"geometry":{"type":"Polygon","coordinates":[[[-105.317597,28.087014],[-105.31775,28.08715],[-105.317828,28.087259],[-105.317937,28.087441],[-105.318,28.087538],[-105.318089,28.087682],[-105.318257,28.087935],[-105.31832,28.088048],[-105.31836,28.088138],[-105.318318,28.088175],[-105.318072,28.088139],[-105.317578,28.088069],[-105.317104,28.088006],[-105.316529,28.087953],[-105.315974,28.0879],[-105.31482,28.087768],[-105.312347,28.087521],[-105.310239,28.087282],[-105.309046,28.087149],[-105.308365,28.087096],[-105.307976,28.087025],[-105.307677,28.086945],[-105.307289,28.086921],[-105.306972,28.086892],[-105.306493,28.086893],[-105.3063,28.086881],[-105.306167,28.086883],[-105.306067,28.086876],[-105.305974,28.086872],[-105.305803,28.086881],[-105.305641,28.08685],[-105.30541,28.08676],[-105.30514,28.086673],[-105.304839,28.086625],[-105.304552,28.086609],[-105.303643,28.086584],[-105.303454,28.086602],[-105.303213,28.08663],[-105.303141,28.086558],[-105.303044,28.086534],[-105.302196,28.084947],[-105.302191,28.084937],[-105.306086,28.085414],[-105.308653,28.085751],[-105.313798,28.086443],[-105.31604,28.086745],[-105.316959,28.086905],[-105.317123,28.086932],[-105.317597,28.087014]]]}},{"type":"Feature","properties":{"modulo":12,"idparcela":"************","productor":null,"cultivo":null,"superficie_fisica_ha":null,"superficie_riego_ha":null,"hectareas":0.973},"geometry":{"type":"Polygon","coordinates":[[[-105.317048,28.086232],[-105.317096,28.086373],[-105.317209,28.086574],[-105.314311,28.086184],[-105.314311,28.086134],[-105.314311,28.086099],[-105.31431,28.08595],[-105.31431,28.085879],[-105.31431,28.085864],[-105.315252,28.085991],[-105.317048,28.086232]]]}},{"type":"Feature","properties":{"modulo":12,"idparcela":"8938","productor":"DE LA O AGUIRRE ANTONIO Y JOSE EDWVIGES","cultivo":null,"superficie_fisica_ha":1.77,"superficie_riego_ha":1.77,"hectareas":2.08},"geometry":{"type":"Polygon","coordinates":[[[-105.306262,28.076515],[-105.306064,28.077139],[-105.305561,28.077059],[-105.303072,28.076649],[-105.303086,28.076513],[-105.303212,28.07636],[-105.30332,28.076269],[-105.303646,28.076083],[-105.303675,28.076088],[-105.305667,28.076409],[-105.30623,28.076498],[-105.306262,28.076515]]]}},{"type":"Feature","properties":{"modulo":12,"idparcela":"8960","productor":"RODRIGUEZ CONTRERAS ESTEBAN","cultivo":null,"superficie_fisica_ha":8.2904,"superficie_riego_ha":8.2904,"hectareas":5.615},"geometry":{"type":"Polygon","coordinates":[[[-105.314311,28.086184],[-105.317209,28.086574],[-105.317222,28.086598],[-105.317597,28.087014],[-105.317123,28.086932],[-105.316959,28.086905],[-105.31604,28.086745],[-105.313798,28.086443],[-105.308653,28.085751],[-105.306086,28.085414],[-105.302191,28.084937],[-105.302094,28.084757],[-105.301934,28.084686],[-105.301877,28.08452],[-105.301996,28.084536],[-105.303617,28.084754],[-105.310204,28.085629],[-105.314276,28.086188],[-105.314311,28.086184]]]}},{"type":"Feature","properties":{"modulo":12,"idparcela":"************","productor":null,"cultivo":null,"superficie_fisica_ha":null,"superficie_riego_ha":null,"hectareas":2.867},"geometry":{"type":"Polygon","coordinates":[[[-105.310204,28.085629],[-105.303617,28.084754],[-105.301996,28.084536],[-105.301877,28.08452],[-105.301864,28.084513],[-105.301762,28.084211],[-105.301751,28.08418],[-105.301831,28.084194],[-105.310203,28.085321],[-105.310204,28.085629]]]}},{"type":"Feature","properties":{"modulo":12,"idparcela":"9161","productor":"BARRAZA FAUDOA PASCUAL","cultivo":null,"superficie_fisica_ha":0.651,"superficie_riego_ha":0.651,"hectareas":1.39},"geometry":{"type":"Polygon","coordinates":[[[-105.302753,28.080612],[-105.302824,28.080657],[-105.302847,28.080837],[-105.302937,28.081098],[-105.302999,28.081387],[-105.303058,28.081613],[-105.303113,28.081964],[-105.303309,28.082599],[-105.301842,28.082391],[-105.30204,28.082181],[-105.302228,28.081967],[-105.302344,28.081786],[-105.302399,28.081596],[-105.302439,28.081361],[-105.302543,28.081126],[-105.302695,28.080693],[-105.302753,28.080612]]]}},{"type":"Feature","properties":{"modulo":12,"idparcela":"************","productor":null,"cultivo":null,"superficie_fisica_ha":null,"superficie_riego_ha":null,"hectareas":15.08},"geometry":{"type":"Polygon","coordinates":[[[-105.314311,28.086184],[-105.314276,28.086188],[-105.310204,28.085629],[-105.310203,28.085321],[-105.301831,28.084194],[-105.301751,28.08418],[-105.301499,28.083435],[-105.301457,28.083313],[-105.315974,28.085246],[-105.316036,28.085301],[-105.316155,28.08543],[-105.316278,28.085501],[-105.316457,28.085637],[-105.31657,28.085717],[-105.316743,28.085796],[-105.31695,28.085851],[-105.317048,28.086232],[-105.315252,28.085991],[-105.31431,28.085864],[-105.31431,28.085879],[-105.31431,28.08595],[-105.314311,28.086099],[-105.314311,28.086134],[-105.314311,28.086184]]]}},{"type":"Feature","properties":{"modulo":12,"idparcela":"8957","productor":"RODRIGUEZ DOMINGUEZ MA. TERESA","cultivo":null,"superficie_fisica_ha":6.25,"superficie_riego_ha":6.25,"hectareas":11.287},"geometry":{"type":"Polygon","coordinates":[[[-105.316249,28.084694],[-105.316514,28.084998],[-105.316581,28.085042],[-105.316824,28.085336],[-105.316887,28.085446],[-105.316912,28.085564],[-105.316942,28.08568],[-105.316639,28.085667],[-105.316327,28.085411],[-105.316098,28.085227],[-105.31587,28.085087],[-105.308356,28.084074],[-105.30228,28.083328],[-105.301529,28.083238],[-105.301395,28.08285],[-105.301436,28.08276],[-105.301623,28.082583],[-105.301842,28.082391],[-105.303309,28.082599],[-105.303453,28.082626],[-105.303436,28.082584],[-105.303535,28.082602],[-105.304228,28.082728],[-105.304607,28.082789],[-105.305651,28.082958],[-105.306073,28.083026],[-105.306837,28.08315],[-105.30759,28.083272],[-105.30795,28.083329],[-105.31034,28.083707],[-105.312217,28.08401],[-105.313044,28.084144],[-105.3137,28.08425],[-105.31413,28.084319],[-105.314223,28.084334],[-105.314383,28.08436],[-105.3161,28.084659],[-105.316147,28.084667],[-105.316249,28.084694]]]}},{"type":"Feature","properties":{"modulo":12,"idparcela":"9050","productor":"SALAS GARCIA JOSE MARIA","cultivo":null,"superficie_fisica_ha":1.5,"superficie_riego_ha":1.5,"hectareas":1.329},"geometry":{"type":"Polygon","coordinates":[[[-105.313845,28.08378],[-105.313856,28.083652],[-105.31398,28.0823],[-105.314068,28.082344],[-105.314118,28.082388],[-105.314553,28.083042],[-105.314919,28.083469],[-105.315413,28.083861],[-105.315579,28.084025],[-105.31562,28.084065],[-105.314134,28.083825],[-105.313845,28.08378]]]}},{"type":"Feature","properties":{"modulo":12,"idparcela":"9040","productor":"RODRIGUEZ CONTRERAS SERGIO","cultivo":null,"superficie_fisica_ha":3,"superficie_riego_ha":3,"hectareas":2.78},"geometry":{"type":"Polygon","coordinates":[[[-105.312139,28.083515],[-105.31213,28.083487],[-105.312353,28.082025],[-105.313385,28.082158],[-105.31398,28.0823],[-105.313856,28.083652],[-105.313845,28.08378],[-105.313737,28.083764],[-105.313147,28.083672],[-105.312139,28.083515]]]}},{"type":"Feature","properties":{"modulo":12,"idparcela":"9051","productor":"RODRIGUEZ CONTRERAS SERGIO","cultivo":null,"superficie_fisica_ha":4.752,"superficie_riego_ha":4.752,"hectareas":4.889},"geometry":{"type":"Polygon","coordinates":[[[-105.309166,28.083036],[-105.309415,28.08156],[-105.312353,28.082025],[-105.31213,28.083487],[-105.312139,28.083515],[-105.31058,28.083272],[-105.30916,28.083055],[-105.309166,28.083036]]]}},{"type":"Feature","properties":{"modulo":12,"idparcela":"9052","productor":"RODRIGUEZ PAYAN MAGDALENO","cultivo":null,"superficie_fisica_ha":4.7025,"superficie_riego_ha":4.7025,"hectareas":4.642},"geometry":{"type":"Polygon","coordinates":[[[-105.30641,28.082625],[-105.306527,28.081147],[-105.309415,28.08156],[-105.309166,28.083036],[-105.30916,28.083055],[-105.307321,28.082774],[-105.306898,28.082705],[-105.30641,28.082625]]]}},{"type":"Feature","properties":{"modulo":12,"idparcela":"9053","productor":"SALAS SOTO FCO. ALFREDO","cultivo":null,"superficie_fisica_ha":4.9176,"superficie_riego_ha":4.9176,"hectareas":3.948},"geometry":{"type":"Polygon","coordinates":[[[-105.303957,28.082189],[-105.304043,28.080751],[-105.306527,28.081147],[-105.30641,28.082625],[-105.306125,28.082578],[-105.306075,28.082569],[-105.304674,28.082314],[-105.303957,28.082189]]]}},{"type":"Feature","properties":{"modulo":12,"idparcela":"************","productor":null,"cultivo":null,"superficie_fisica_ha":null,"superficie_riego_ha":null,"hectareas":1.29},"geometry":{"type":"Polygon","coordinates":[[[-105.303298,28.082047],[-105.303274,28.081987],[-105.303058,28.081015],[-105.3031,28.08082],[-105.303263,28.080693],[-105.303418,28.08068],[-105.303487,28.080682],[-105.303708,28.080699],[-105.30398,28.080733],[-105.304043,28.080751],[-105.303957,28.082189],[-105.303639,28.082133],[-105.303473,28.082091],[-105.303298,28.082047]]]}},{"type":"Feature","properties":{"modulo":12,"idparcela":"8955","productor":"RODRIGUEZ CONTRERAS ESTEBAN","cultivo":null,"superficie_fisica_ha":5,"superficie_riego_ha":5,"hectareas":4.349},"geometry":{"type":"Polygon","coordinates":[[[-105.3097,28.081166],[-105.311543,28.08145],[-105.311634,28.081464],[-105.313986,28.081834],[-105.314029,28.081841],[-105.314068,28.081847],[-105.314115,28.081854],[-105.314097,28.082099],[-105.314081,28.082196],[-105.313995,28.082178],[-105.313962,28.082171],[-105.313447,28.082066],[-105.312486,28.081941],[-105.309681,28.081515],[-105.303846,28.080629],[-105.303158,28.080515],[-105.302965,28.08049],[-105.302774,28.08041],[-105.302676,28.08035],[-105.302676,28.08022],[-105.302705,28.080089],[-105.308762,28.081022],[-105.3097,28.081166]]]}},{"type":"Feature","properties":{"modulo":12,"idparcela":"************","productor":null,"cultivo":null,"superficie_fisica_ha":null,"superficie_riego_ha":null,"hectareas":4.521},"geometry":{"type":"Polygon","coordinates":[[[-105.302867,28.079771],[-105.30289,28.079774],[-105.305495,28.08014],[-105.306073,28.08023],[-105.312499,28.081231],[-105.314011,28.081457],[-105.314115,28.081854],[-105.314068,28.081847],[-105.314029,28.081841],[-105.313986,28.081834],[-105.311634,28.081464],[-105.311543,28.08145],[-105.3097,28.081166],[-105.308762,28.081022],[-105.302705,28.080089],[-105.302867,28.079771]]]}},{"type":"Feature","properties":{"modulo":12,"idparcela":"************","productor":null,"cultivo":null,"superficie_fisica_ha":null,"superficie_riego_ha":null,"hectareas":4.509},"geometry":{"type":"Polygon","coordinates":[[[-105.312412,28.078118],[-105.31209,28.078077],[-105.311954,28.078063],[-105.307911,28.077451],[-105.306105,28.077146],[-105.306064,28.077139],[-105.306262,28.076515],[-105.312495,28.077505],[-105.312495,28.077674],[-105.312491,28.077822],[-105.312464,28.078001],[-105.312412,28.078118]]]}},{"type":"Feature","properties":{"modulo":12,"idparcela":"************","productor":null,"cultivo":null,"superficie_fisica_ha":null,"superficie_riego_ha":null,"hectareas":7.804},"geometry":{"type":"Polygon","coordinates":[[[-105.31179,28.075869],[-105.311777,28.076147],[-105.311813,28.076252],[-105.312495,28.077505],[-105.306262,28.076515],[-105.30623,28.076498],[-105.305667,28.076409],[-105.303675,28.076088],[-105.303646,28.076083],[-105.303845,28.075964],[-105.303885,28.075942],[-105.31175,28.07587],[-105.31179,28.075869]]]}},{"type":"Feature","properties":{"modulo":12,"idparcela":"8934","productor":"ACOSTA CHAVEZ VICTOR MANUEL","cultivo":null,"superficie_fisica_ha":9.97,"superficie_riego_ha":9.97,"hectareas":3.749},"geometry":{"type":"Polygon","coordinates":[[[-105.30673,28.074379],[-105.30677,28.074377],[-105.311778,28.074103],[-105.311775,28.074572],[-105.311777,28.074765],[-105.305599,28.075001],[-105.30673,28.074379]]]}},{"type":"Feature","properties":{"modulo":12,"idparcela":"************","productor":null,"cultivo":null,"superficie_fisica_ha":null,"superficie_riego_ha":null,"hectareas":7.667},"geometry":{"type":"Polygon","coordinates":[[[-105.31179,28.075869],[-105.31175,28.07587],[-105.303885,28.075942],[-105.305599,28.075001],[-105.311777,28.074765],[-105.311785,28.075484],[-105.31179,28.075869]]]}},{"type":"Feature","properties":{"modulo":12,"idparcela":"************","productor":null,"cultivo":null,"superficie_fisica_ha":null,"superficie_riego_ha":null,"hectareas":0.987},"geometry":{"type":"Polygon","coordinates":[[[-105.309673,28.072865],[-105.311287,28.072016],[-105.311402,28.072057],[-105.311957,28.072759],[-105.311916,28.072759],[-105.309722,28.072862],[-105.309673,28.072865]]]}},{"type":"Feature","properties":{"modulo":12,"idparcela":"************","productor":null,"cultivo":null,"superficie_fisica_ha":null,"superficie_riego_ha":null,"hectareas":1.53},"geometry":{"type":"Polygon","coordinates":[[[-105.311957,28.072759],[-105.311964,28.072852],[-105.311921,28.07325],[-105.311846,28.073259],[-105.308658,28.073418],[-105.308577,28.073422],[-105.309673,28.072865],[-105.309722,28.072862],[-105.311916,28.072759],[-105.311957,28.072759]]]}},{"type":"Feature","properties":{"modulo":12,"idparcela":"************","productor":null,"cultivo":null,"superficie_fisica_ha":null,"superficie_riego_ha":null,"hectareas":1.922},"geometry":{"type":"Polygon","coordinates":[[[-105.308577,28.073422],[-105.308658,28.073418],[-105.311846,28.073259],[-105.311921,28.07325],[-105.311846,28.073505],[-105.311802,28.073714],[-105.307547,28.073961],[-105.308577,28.073422]]]}},{"type":"Feature","properties":{"modulo":12,"idparcela":"9159","productor":"ARMENDARIZ RODRIGUEZ RAFAEL","cultivo":null,"superficie_fisica_ha":2.5,"superficie_riego_ha":2.5,"hectareas":2.939},"geometry":{"type":"Polygon","coordinates":[[[-105.29506,28.079228],[-105.295049,28.079251],[-105.294887,28.079581],[-105.294794,28.079698],[-105.294768,28.079843],[-105.294716,28.080294],[-105.294711,28.080727],[-105.294554,28.08077],[-105.294094,28.080916],[-105.293621,28.081088],[-105.293508,28.081132],[-105.293429,28.081052],[-105.293243,28.080854],[-105.29275,28.080366],[-105.29267,28.080286],[-105.29264,28.080191],[-105.292695,28.080156],[-105.293141,28.079835],[-105.293254,28.079789],[-105.294052,28.079363],[-105.294448,28.079147],[-105.294464,28.079146],[-105.29506,28.079228]]]}},{"type":"Feature","properties":{"modulo":12,"idparcela":"9149","productor":"SALAS DOMINGUEZ JUAN CARLOS","cultivo":null,"superficie_fisica_ha":4.3756,"superficie_riego_ha":4.3756,"hectareas":3.373},"geometry":{"type":"Polygon","coordinates":[[[-105.292942,28.07832],[-105.292966,28.078348],[-105.29302,28.078441],[-105.293007,28.078446],[-105.289939,28.079575],[-105.289687,28.079264],[-105.289451,28.07894],[-105.292244,28.077515],[-105.292446,28.077762],[-105.292468,28.077787],[-105.292496,28.077819],[-105.292511,28.077836],[-105.292523,28.07785],[-105.292565,28.077899],[-105.292658,28.078006],[-105.292942,28.07832]]]}},{"type":"Feature","properties":{"modulo":12,"idparcela":"************","productor":null,"cultivo":null,"superficie_fisica_ha":null,"superficie_riego_ha":null,"hectareas":5.053},"geometry":{"type":"Polygon","coordinates":[[[-105.291623,28.076444],[-105.291687,28.076277],[-105.292894,28.076473],[-105.302855,28.078048],[-105.30283,28.078153],[-105.302799,28.078442],[-105.302757,28.078435],[-105.302731,28.078432],[-105.302662,28.078422],[-105.301581,28.078264],[-105.291859,28.076731],[-105.291821,28.076732],[-105.291685,28.076535],[-105.291663,28.076502],[-105.291623,28.076444]]]}},{"type":"Feature","properties":{"modulo":12,"idparcela":"************","productor":null,"cultivo":null,"superficie_fisica_ha":null,"superficie_riego_ha":null,"hectareas":4.274},"geometry":{"type":"Polygon","coordinates":[[[-105.298227,28.076963],[-105.300277,28.077273],[-105.301277,28.077424],[-105.301637,28.077478],[-105.302463,28.077603],[-105.302879,28.077666],[-105.302891,28.077855],[-105.302855,28.078048],[-105.292894,28.076473],[-105.291687,28.076277],[-105.291746,28.07614],[-105.291837,28.075958],[-105.292998,28.076143],[-105.294113,28.07632],[-105.294583,28.076399],[-105.295088,28.076483],[-105.295545,28.076553],[-105.295658,28.076571],[-105.296274,28.076669],[-105.297926,28.076917],[-105.298227,28.076963]]]}},{"type":"Feature","properties":{"modulo":12,"idparcela":"8939","productor":"CARRASCO JURADO ALFONSO","cultivo":null,"superficie_fisica_ha":7.0264,"superficie_riego_ha":7.0264,"hectareas":5.247},"geometry":{"type":"Polygon","coordinates":[[[-105.30163,28.076423],[-105.302709,28.076601],[-105.302709,28.076682],[-105.302732,28.076835],[-105.302795,28.077206],[-105.301489,28.077021],[-105.300929,28.076941],[-105.29866,28.076581],[-105.296511,28.076259],[-105.296084,28.076195],[-105.295505,28.076104],[-105.295381,28.076085],[-105.295426,28.075373],[-105.30163,28.076423]]]}},{"type":"Feature","properties":{"modulo":12,"idparcela":"************","productor":null,"cultivo":null,"superficie_fisica_ha":null,"superficie_riego_ha":null,"hectareas":5.258},"geometry":{"type":"Polygon","coordinates":[[[-105.299557,28.07548],[-105.30021,28.075514],[-105.30081,28.075612],[-105.301853,28.075845],[-105.302566,28.07595],[-105.303152,28.076039],[-105.302955,28.076205],[-105.302831,28.076315],[-105.302741,28.07646],[-105.302709,28.076601],[-105.30163,28.076423],[-105.295426,28.075373],[-105.295192,28.075319],[-105.294748,28.075239],[-105.294307,28.075161],[-105.294129,28.075131],[-105.293926,28.075026],[-105.294044,28.075019],[-105.294125,28.075015],[-105.296253,28.074918],[-105.298308,28.075273],[-105.298352,28.075271],[-105.299557,28.07548]]]}},{"type":"Feature","properties":{"modulo":12,"idparcela":"9043","productor":"CHAVEZ AMAYA ADELAIDO","cultivo":null,"superficie_fisica_ha":4.5726,"superficie_riego_ha":4.5072,"hectareas":4.693},"geometry":{"type":"Polygon","coordinates":[[[-105.30601,28.06941],[-105.306134,28.069402],[-105.3063,28.071018],[-105.306423,28.072216],[-105.304885,28.072292],[-105.304603,28.069507],[-105.304589,28.069498],[-105.30601,28.06941]]]}},{"type":"Feature","properties":{"modulo":12,"idparcela":"************","productor":null,"cultivo":null,"superficie_fisica_ha":null,"superficie_riego_ha":null,"hectareas":4.649},"geometry":{"type":"Polygon","coordinates":[[[-105.309383,28.071505],[-105.309395,28.072071],[-105.307892,28.07214],[-105.307899,28.072113],[-105.30762,28.069314],[-105.307608,28.069309],[-105.309071,28.069223],[-105.309285,28.070743],[-105.309383,28.071505]]]}},{"type":"Feature","properties":{"modulo":12,"idparcela":"9048","productor":"CISNEROS RAMIREZ RAFAEL HUMBERTO","cultivo":null,"superficie_fisica_ha":4.2215,"superficie_riego_ha":4.2215,"hectareas":4.687},"geometry":{"type":"Polygon","coordinates":[[[-105.296765,28.069894],[-105.298289,28.069803],[-105.298396,28.071379],[-105.298472,28.072424],[-105.298477,28.072495],[-105.296858,28.072561],[-105.29687,28.072496],[-105.29687,28.072453],[-105.296878,28.072453],[-105.296759,28.07197],[-105.296749,28.07193],[-105.296765,28.069894]]]}},{"type":"Feature","properties":{"modulo":12,"idparcela":"************","productor":null,"cultivo":null,"superficie_fisica_ha":null,"superficie_riego_ha":null,"hectareas":5.063},"geometry":{"type":"Polygon","coordinates":[[[-105.300236,28.072422],[-105.298477,28.072495],[-105.298472,28.072424],[-105.298396,28.071379],[-105.298289,28.069803],[-105.299925,28.069722],[-105.300108,28.071089],[-105.300282,28.072373],[-105.300285,28.072419],[-105.300236,28.072422]]]}},{"type":"Feature","properties":{"modulo":12,"idparcela":"************","productor":null,"cultivo":null,"superficie_fisica_ha":null,"superficie_riego_ha":null,"hectareas":1.991},"geometry":{"type":"Polygon","coordinates":[[[-105.310417,28.070619],[-105.31047,28.070741],[-105.309285,28.070743],[-105.309071,28.069223],[-105.310168,28.069175],[-105.310214,28.069275],[-105.310268,28.069365],[-105.310362,28.069581],[-105.3104,28.069662],[-105.310418,28.069789],[-105.310415,28.069906],[-105.310389,28.07005],[-105.310368,28.070195],[-105.310367,28.070294],[-105.31038,28.070447],[-105.310417,28.070619]]]}},{"type":"Feature","properties":{"modulo":12,"idparcela":"8923","productor":"FLORES GONZALEZ ROBERTO","cultivo":null,"superficie_fisica_ha":2.0895,"superficie_riego_ha":2.0895,"hectareas":2.509},"geometry":{"type":"Polygon","coordinates":[[[-105.292914,28.073285],[-105.293061,28.07322],[-105.293314,28.073129],[-105.308779,28.072304],[-105.309726,28.072254],[-105.309957,28.072241],[-105.310018,28.072238],[-105.309775,28.072391],[-105.292914,28.073285]]]}},{"type":"Feature","properties":{"modulo":12,"idparcela":"8922","productor":"CONTRERAS SOTO ROQUE OCTAVIO","cultivo":null,"superficie_fisica_ha":4.7513,"superficie_riego_ha":4.7513,"hectareas":3.951},"geometry":{"type":"Polygon","coordinates":[[[-105.293314,28.073129],[-105.293624,28.072936],[-105.293675,28.07291],[-105.293781,28.072823],[-105.293985,28.07283],[-105.294805,28.072828],[-105.297598,28.072678],[-105.300035,28.072564],[-105.301202,28.072547],[-105.301408,28.072544],[-105.301406,28.072506],[-105.301408,28.072433],[-105.301718,28.072428],[-105.301924,28.072424],[-105.301928,28.072424],[-105.303477,28.072357],[-105.303478,28.072357],[-105.304406,28.072314],[-105.304885,28.072292],[-105.306423,28.072216],[-105.307892,28.07214],[-105.309395,28.072071],[-105.310404,28.072017],[-105.310128,28.072174],[-105.310018,28.072238],[-105.309957,28.072241],[-105.309726,28.072254],[-105.308779,28.072304],[-105.293314,28.073129]]]}},{"type":"Feature","properties":{"modulo":12,"idparcela":"8924","productor":"FLORES GONZALEZ GILBERTO","cultivo":null,"superficie_fisica_ha":1.7338,"superficie_riego_ha":1.7338,"hectareas":2.305},"geometry":{"type":"Polygon","coordinates":[[[-105.292669,28.073425],[-105.292914,28.073285],[-105.309775,28.072391],[-105.30971,28.072432],[-105.309544,28.072529],[-105.307656,28.072629],[-105.305563,28.07274],[-105.299878,28.073042],[-105.298566,28.073112],[-105.297781,28.073154],[-105.295158,28.073293],[-105.292669,28.073425]]]}},{"type":"Feature","properties":{"modulo":12,"idparcela":"************","productor":null,"cultivo":null,"superficie_fisica_ha":null,"superficie_riego_ha":null,"hectareas":0.86},"geometry":{"type":"Polygon","coordinates":[[[-105.291687,28.076277],[-105.291623,28.076444],[-105.291663,28.076502],[-105.291685,28.076535],[-105.290222,28.076799],[-105.290151,28.076519],[-105.290195,28.076143],[-105.291746,28.07614],[-105.291687,28.076277]]]}},{"type":"Feature","properties":{"modulo":12,"idparcela":"8953","productor":"ARMENDARIZ SERNA NICOMEDES","cultivo":null,"superficie_fisica_ha":5.5,"superficie_riego_ha":5.5,"hectareas":7.522},"geometry":{"type":"Polygon","coordinates":[[[-105.28861,28.073863],[-105.289208,28.074212],[-105.289503,28.074329],[-105.290393,28.074943],[-105.290229,28.075725],[-105.290195,28.076143],[-105.290151,28.076519],[-105.290222,28.076799],[-105.288226,28.076913],[-105.288081,28.076908],[-105.287826,28.076642],[-105.287661,28.076404],[-105.287369,28.075941],[-105.28732,28.07578],[-105.287344,28.075617],[-105.287443,28.075355],[-105.287625,28.074991],[-105.287733,28.074761],[-105.287856,28.074488],[-105.287948,28.074266],[-105.288005,28.074125],[-105.288112,28.074014],[-105.288207,28.073926],[-105.288432,28.073813],[-105.28861,28.073863]]]}},{"type":"Feature","properties":{"modulo":12,"idparcela":"************","productor":null,"cultivo":null,"superficie_fisica_ha":null,"superficie_riego_ha":null,"hectareas":0.939},"geometry":{"type":"Polygon","coordinates":[[[-105.288226,28.076913],[-105.290222,28.076799],[-105.291685,28.076535],[-105.291821,28.076732],[-105.290233,28.077027],[-105.288353,28.077181],[-105.288263,28.077196],[-105.288182,28.077053],[-105.288081,28.076908],[-105.288226,28.076913]]]}},{"type":"Feature","properties":{"modulo":12,"idparcela":"9150","productor":"GARCIA DELGADO MANUEL","cultivo":null,"superficie_fisica_ha":4.375,"superficie_riego_ha":4.375,"hectareas":5.052},"geometry":{"type":"Polygon","coordinates":[[[-105.291821,28.076732],[-105.291887,28.076822],[-105.292087,28.077201],[-105.292195,28.077414],[-105.292216,28.077457],[-105.292232,28.077489],[-105.292244,28.077515],[-105.289451,28.07894],[-105.288872,28.078138],[-105.288741,28.077949],[-105.288544,28.077615],[-105.288263,28.077196],[-105.288353,28.077181],[-105.290233,28.077027],[-105.291821,28.076732]]]}},{"type":"Feature","properties":{"modulo":12,"idparcela":"9162","productor":"BARRAZA RODRIGUEZ FRANCISCO","cultivo":null,"superficie_fisica_ha":0.951,"superficie_riego_ha":0.951,"hectareas":0.657},"geometry":{"type":"Polygon","coordinates":[[[-105.300952,28.08283],[-105.300916,28.082719],[-105.300899,28.08265],[-105.30072,28.082624],[-105.300468,28.082626],[-105.300493,28.082596],[-105.301099,28.081872],[-105.301128,28.081837],[-105.301409,28.081901],[-105.301552,28.081915],[-105.301704,28.081923],[-105.301782,28.081918],[-105.301758,28.081957],[-105.301725,28.081996],[-105.30162,28.082174],[-105.301558,28.082268],[-105.301495,28.082357],[-105.301394,28.082509],[-105.301171,28.082671],[-105.300952,28.08283]]]}},{"type":"Feature","properties":{"modulo":12,"idparcela":"9174","productor":"GARCIA CERVANTES CALIXTO","cultivo":null,"superficie_fisica_ha":2.5,"superficie_riego_ha":2.5,"hectareas":1.702},"geometry":{"type":"Polygon","coordinates":[[[-105.300468,28.082626],[-105.30072,28.082624],[-105.300899,28.08265],[-105.300916,28.082719],[-105.300952,28.08283],[-105.300638,28.083035],[-105.300397,28.083213],[-105.30029,28.083335],[-105.300165,28.083531],[-105.300087,28.08374],[-105.299977,28.08393],[-105.299854,28.08421],[-105.299793,28.084445],[-105.299707,28.084643],[-105.299694,28.084937],[-105.299723,28.085174],[-105.299713,28.085238],[-105.299663,28.085247],[-105.299571,28.085218],[-105.299382,28.085105],[-105.29911,28.08494],[-105.298675,28.084773],[-105.298723,28.084712],[-105.300468,28.082626]]]}},{"type":"Feature","properties":{"modulo":12,"idparcela":"************","productor":null,"cultivo":null,"superficie_fisica_ha":null,"superficie_riego_ha":null,"hectareas":5.163},"geometry":{"type":"Polygon","coordinates":[[[-105.292966,28.078347],[-105.292942,28.07832],[-105.292658,28.078006],[-105.292565,28.077899],[-105.292523,28.07785],[-105.292511,28.077836],[-105.292496,28.077819],[-105.292468,28.077787],[-105.299924,28.078931],[-105.300262,28.078982],[-105.300322,28.078992],[-105.300363,28.078998],[-105.300376,28.079],[-105.300409,28.079005],[-105.302613,28.079349],[-105.302586,28.079455],[-105.302534,28.079612],[-105.302457,28.079805],[-105.292966,28.078347]]]}},{"type":"Feature","properties":{"modulo":12,"idparcela":"************","productor":null,"cultivo":null,"superficie_fisica_ha":null,"superficie_riego_ha":null,"hectareas":2.285},"geometry":{"type":"Polygon","coordinates":[[[-105.300409,28.079005],[-105.300376,28.079],[-105.300363,28.078998],[-105.300322,28.078992],[-105.300262,28.078982],[-105.299924,28.078931],[-105.292468,28.077787],[-105.292446,28.077762],[-105.292244,28.077515],[-105.297341,28.078264],[-105.297909,28.078351],[-105.29852,28.078444],[-105.300418,28.078726],[-105.300418,28.078735],[-105.300417,28.078778],[-105.300409,28.079005]]]}},{"type":"Feature","properties":{"modulo":12,"idparcela":"9182","productor":"SAENZ FAUDOA ANTONIO","cultivo":null,"superficie_fisica_ha":1.575,"superficie_riego_ha":1.575,"hectareas":1.949},"geometry":{"type":"Polygon","coordinates":[[[-105.292941,28.081495],[-105.293071,28.081432],[-105.293462,28.081243],[-105.293628,28.081166],[-105.295156,28.081654],[-105.295871,28.082007],[-105.296277,28.082636],[-105.296183,28.082915],[-105.295377,28.082382],[-105.292941,28.081495]]]}},{"type":"Feature","properties":{"modulo":12,"idparcela":"9170","productor":"GARCIA SALAS JESUS","cultivo":null,"superficie_fisica_ha":2,"superficie_riego_ha":2,"hectareas":1.988},"geometry":{"type":"Polygon","coordinates":[[[-105.296183,28.082915],[-105.296178,28.083033],[-105.296177,28.083056],[-105.296202,28.083102],[-105.296122,28.083113],[-105.295876,28.083158],[-105.295722,28.083176],[-105.295572,28.083124],[-105.295358,28.083025],[-105.29503,28.082872],[-105.294832,28.082783],[-105.294486,28.082531],[-105.294306,28.082467],[-105.293878,28.082342],[-105.293468,28.082145],[-105.29318,28.082],[-105.292899,28.081956],[-105.292566,28.081929],[-105.292274,28.081921],[-105.292122,28.081889],[-105.292154,28.081874],[-105.292637,28.081641],[-105.292941,28.081495],[-105.295377,28.082382],[-105.296183,28.082915]]]}},{"type":"Feature","properties":{"modulo":12,"idparcela":"9172","productor":"SOTO RODRIGUEZ JOSE LUIS","cultivo":null,"superficie_fisica_ha":1,"superficie_riego_ha":1,"hectareas":1.448},"geometry":{"type":"Polygon","coordinates":[[[-105.293628,28.081166],[-105.293811,28.081105],[-105.294073,28.081005],[-105.294138,28.080982],[-105.296619,28.081613],[-105.296551,28.08173],[-105.296534,28.081782],[-105.296515,28.081805],[-105.296432,28.082056],[-105.296314,28.082448],[-105.296294,28.082551],[-105.296277,28.082636],[-105.295871,28.082007],[-105.295156,28.081654],[-105.293628,28.081166]]]}},{"type":"Feature","properties":{"modulo":12,"idparcela":"************","productor":null,"cultivo":null,"superficie_fisica_ha":null,"superficie_riego_ha":null,"hectareas":1.093},"geometry":{"type":"Polygon","coordinates":[[[-105.294138,28.080982],[-105.294441,28.080878],[-105.294698,28.080815],[-105.294813,28.080814],[-105.295086,28.080841],[-105.295681,28.08093],[-105.29624,28.080992],[-105.296775,28.081048],[-105.296773,28.081061],[-105.296774,28.081061],[-105.29677,28.081087],[-105.296663,28.081556],[-105.296619,28.081613],[-105.294138,28.080982]]]}},{"type":"Feature","properties":{"modulo":12,"idparcela":"9164","productor":"SAENZ RODRIGUEZ ROBERTO","cultivo":null,"superficie_fisica_ha":0.8412,"superficie_riego_ha":0.8412,"hectareas":0.507},"geometry":{"type":"Polygon","coordinates":[[[-105.296534,28.081782],[-105.296551,28.08173],[-105.296696,28.081722],[-105.296716,28.081722],[-105.297368,28.08172],[-105.297588,28.081675],[-105.297773,28.081674],[-105.298016,28.081782],[-105.298319,28.081824],[-105.298322,28.081824],[-105.298286,28.0819],[-105.298252,28.08197],[-105.298215,28.082047],[-105.298173,28.082156],[-105.298157,28.082196],[-105.298098,28.082181],[-105.298051,28.082169],[-105.298005,28.082157],[-105.297959,28.082146],[-105.296534,28.081782]]]}},{"type":"Feature","properties":{"modulo":12,"idparcela":"8934","productor":"ACOSTA CHAVEZ VICTOR MANUEL","cultivo":null,"superficie_fisica_ha":9.97,"superficie_riego_ha":9.97,"hectareas":4.532},"geometry":{"type":"Polygon","coordinates":[[[-105.305071,28.075016],[-105.298352,28.075271],[-105.298308,28.075273],[-105.296253,28.074918],[-105.296294,28.074916],[-105.30168,28.074645],[-105.302073,28.074626],[-105.303316,28.074563],[-105.30624,28.074401],[-105.305071,28.075016]]]}},{"type":"Feature","properties":{"modulo":12,"idparcela":"************","productor":null,"cultivo":null,"superficie_fisica_ha":null,"superficie_riego_ha":null,"hectareas":3.411},"geometry":{"type":"Polygon","coordinates":[[[-105.303152,28.076039],[-105.302566,28.07595],[-105.301853,28.075845],[-105.30081,28.075612],[-105.30021,28.075514],[-105.299557,28.07548],[-105.298352,28.075271],[-105.305071,28.075016],[-105.303152,28.076039]]]}},{"type":"Feature","properties":{"modulo":12,"idparcela":"************","productor":null,"cultivo":null,"superficie_fisica_ha":null,"superficie_riego_ha":null,"hectareas":8.507},"geometry":{"type":"Polygon","coordinates":[[[-105.307931,28.073448],[-105.291814,28.074242],[-105.291939,28.074052],[-105.292153,28.073778],[-105.292169,28.073777],[-105.30602,28.073043],[-105.308908,28.072898],[-105.307931,28.073448]]]}},{"type":"Feature","properties":{"modulo":12,"idparcela":"************","productor":null,"cultivo":null,"superficie_fisica_ha":null,"superficie_riego_ha":null,"hectareas":10.478},"geometry":{"type":"Polygon","coordinates":[[[-105.290393,28.074943],[-105.289503,28.074329],[-105.289208,28.074212],[-105.28861,28.073863],[-105.288798,28.073879],[-105.288936,28.073887],[-105.289187,28.074004],[-105.289488,28.074121],[-105.289956,28.074327],[-105.29024,28.074444],[-105.290414,28.074507],[-105.290595,28.074506],[-105.290861,28.074497],[-105.29117,28.07446],[-105.291431,28.074441],[-105.291585,28.074378],[-105.291709,28.074315],[-105.291814,28.074242],[-105.307931,28.073448],[-105.306988,28.07398],[-105.290393,28.074943]]]}},{"type":"Feature","properties":{"modulo":12,"idparcela":"************","productor":null,"cultivo":null,"superficie_fisica_ha":null,"superficie_riego_ha":null,"hectareas":1.909},"geometry":{"type":"Polygon","coordinates":[[[-105.309285,28.070743],[-105.31047,28.070741],[-105.310684,28.071152],[-105.31089,28.071536],[-105.310898,28.071696],[-105.310867,28.071766],[-105.310773,28.07185],[-105.310521,28.071969],[-105.310404,28.072017],[-105.309395,28.072071],[-105.309383,28.071505],[-105.309285,28.070743]]]}},{"type":"Feature","properties":{"modulo":12,"idparcela":"************","productor":null,"cultivo":null,"superficie_fisica_ha":null,"superficie_riego_ha":null,"hectareas":4.561},"geometry":{"type":"Polygon","coordinates":[[[-105.307892,28.07214],[-105.306423,28.072216],[-105.3063,28.071018],[-105.306134,28.069402],[-105.307608,28.069309],[-105.30762,28.069314],[-105.307899,28.072113],[-105.307892,28.07214]]]}},{"type":"Feature","properties":{"modulo":12,"idparcela":"9044","productor":"PADILLA REYES MARTIN","cultivo":null,"superficie_fisica_ha":4.5072,"superficie_riego_ha":4.5072,"hectareas":4.45},"geometry":{"type":"Polygon","coordinates":[[[-105.303477,28.072357],[-105.303475,28.072339],[-105.303082,28.069578],[-105.304589,28.069498],[-105.304603,28.069507],[-105.304885,28.072292],[-105.304406,28.072314],[-105.303478,28.072357],[-105.303477,28.072357]]]}},{"type":"Feature","properties":{"modulo":12,"idparcela":"9045","productor":"CHAVEZ AMAYA EDUARDO RAMON","cultivo":null,"superficie_fisica_ha":4.5,"superficie_riego_ha":4.5,"hectareas":4.688},"geometry":{"type":"Polygon","coordinates":[[[-105.303477,28.072357],[-105.301928,28.072424],[-105.301931,28.072413],[-105.301527,28.069664],[-105.303082,28.069578],[-105.303477,28.072357]]]}},{"type":"Feature","properties":{"modulo":12,"idparcela":"************","productor":null,"cultivo":null,"superficie_fisica_ha":null,"superficie_riego_ha":null,"hectareas":5.965},"geometry":{"type":"Polygon","coordinates":[[[-105.307656,28.072629],[-105.309544,28.072529],[-105.308908,28.072898],[-105.30602,28.073043],[-105.292169,28.073777],[-105.292153,28.073778],[-105.292505,28.073528],[-105.292669,28.073425],[-105.295158,28.073293],[-105.297781,28.073154],[-105.298566,28.073112],[-105.299878,28.073042],[-105.305563,28.07274],[-105.307656,28.072629]]]}},{"type":"Feature","properties":{"modulo":12,"idparcela":"8939","productor":"CARRASCO JURADO ALFONSO","cultivo":null,"superficie_fisica_ha":7.0264,"superficie_riego_ha":7.0264,"hectareas":3.028},"geometry":{"type":"Polygon","coordinates":[[[-105.294044,28.075019],[-105.294098,28.075017],[-105.294038,28.07502],[-105.294044,28.075019]],[[-105.291746,28.075581],[-105.291691,28.075587],[-105.291611,28.075587],[-105.291535,28.075578],[-105.291478,28.075565],[-105.291225,28.075488],[-105.291197,28.07548],[-105.290821,28.075256],[-105.290685,28.075175],[-105.290637,28.075147],[-105.290685,28.075138],[-105.29173,28.075136],[-105.2939,28.075027],[-105.293926,28.075026],[-105.29406,28.075095],[-105.294082,28.075106],[-105.294129,28.075131],[-105.294307,28.075161],[-105.294748,28.075239],[-105.295192,28.075319],[-105.295426,28.075373],[-105.295381,28.076085],[-105.294945,28.076017],[-105.294608,28.075964],[-105.292776,28.075688],[-105.291891,28.07557],[-105.291848,28.075544],[-105.291806,28.075562],[-105.291746,28.075581]]]}},{"type":"Feature","properties":{"modulo":12,"idparcela":"************","productor":null,"cultivo":null,"superficie_fisica_ha":null,"superficie_riego_ha":null,"hectareas":7.856},"geometry":{"type":"Polygon","coordinates":[[[-105.302799,28.078442],[-105.302698,28.079096],[-105.300451,28.078731],[-105.300418,28.078726],[-105.29852,28.078444],[-105.297909,28.078351],[-105.297341,28.078264],[-105.292244,28.077515],[-105.292232,28.077489],[-105.292216,28.077457],[-105.292195,28.077414],[-105.292087,28.077201],[-105.291887,28.076822],[-105.291821,28.076732],[-105.291859,28.076731],[-105.301581,28.078264],[-105.302662,28.078422],[-105.302731,28.078432],[-105.302757,28.078435],[-105.302799,28.078442]]]}},{"type":"Feature","properties":{"modulo":12,"idparcela":"************","productor":null,"cultivo":null,"superficie_fisica_ha":null,"superficie_riego_ha":null,"hectareas":0.666},"geometry":{"type":"Polygon","coordinates":[[[-105.300418,28.078735],[-105.300418,28.078726],[-105.300451,28.078731],[-105.302698,28.079096],[-105.302681,28.079142],[-105.302648,28.079268],[-105.302613,28.079349],[-105.300409,28.079005],[-105.300417,28.078778],[-105.300418,28.078735]]]}},{"type":"Feature","properties":{"modulo":12,"idparcela":"************","productor":null,"cultivo":null,"superficie_fisica_ha":null,"superficie_riego_ha":null,"hectareas":5.817},"geometry":{"type":"Polygon","coordinates":[[[-105.299466,28.079951],[-105.299372,28.079935],[-105.298887,28.079853],[-105.298687,28.079822],[-105.298677,28.079821],[-105.298035,28.079714],[-105.297931,28.079697],[-105.297557,28.079633],[-105.297415,28.07961],[-105.296301,28.079433],[-105.295899,28.079367],[-105.29506,28.079228],[-105.294464,28.079146],[-105.294448,28.079147],[-105.294414,28.079149],[-105.294377,28.079145],[-105.293807,28.079045],[-105.293472,28.078975],[-105.293461,28.078972],[-105.293039,28.078464],[-105.293037,28.078462],[-105.29302,28.078441],[-105.292966,28.078348],[-105.292942,28.07832],[-105.292966,28.078347],[-105.302457,28.079805],[-105.302425,28.079869],[-105.302266,28.080386],[-105.299466,28.079951]]]}},{"type":"Feature","properties":{"modulo":12,"idparcela":"9152","productor":"SALAS SOTO CARLOS","cultivo":null,"superficie_fisica_ha":4.3756,"superficie_riego_ha":4.3756,"hectareas":5.942},"geometry":{"type":"Polygon","coordinates":[[[-105.292532,28.080261],[-105.291105,28.081134],[-105.291069,28.081188],[-105.290835,28.081011],[-105.289939,28.079575],[-105.293007,28.078446],[-105.29302,28.078441],[-105.293037,28.078462],[-105.293039,28.078464],[-105.293461,28.078972],[-105.293472,28.078975],[-105.293807,28.079045],[-105.294377,28.079145],[-105.294414,28.079149],[-105.294448,28.079147],[-105.294052,28.079363],[-105.293254,28.079789],[-105.293141,28.079835],[-105.292695,28.080156],[-105.29264,28.080191],[-105.292532,28.080261]]]}},{"type":"Feature","properties":{"modulo":12,"idparcela":"9173","productor":"VILLALOBOS JAQUEZ HECTOR","cultivo":null,"superficie_fisica_ha":3.1182,"superficie_riego_ha":3.1182,"hectareas":2.334},"geometry":{"type":"Polygon","coordinates":[[[-105.291069,28.081188],[-105.291105,28.081134],[-105.292532,28.080261],[-105.292599,28.080376],[-105.293395,28.081194],[-105.293462,28.081243],[-105.293071,28.081432],[-105.292941,28.081495],[-105.292637,28.081641],[-105.292154,28.081874],[-105.292122,28.081889],[-105.29163,28.081795],[-105.291311,28.081661],[-105.291143,28.081464],[-105.291069,28.081188]]]}},{"type":"Feature","properties":{"modulo":12,"idparcela":"9167","productor":"GARCIA MARTINEZ FRANCISCO","cultivo":null,"superficie_fisica_ha":4.68,"superficie_riego_ha":4.68,"hectareas":5.551},"geometry":{"type":"Polygon","coordinates":[[[-105.298319,28.081824],[-105.298344,28.081827],[-105.298419,28.081843],[-105.298589,28.081887],[-105.298781,28.081945],[-105.298814,28.08195],[-105.299188,28.082],[-105.299422,28.082027],[-105.299626,28.08211],[-105.299767,28.082248],[-105.300159,28.082456],[-105.300394,28.082594],[-105.300442,28.082615],[-105.300468,28.082626],[-105.298723,28.084712],[-105.298675,28.084773],[-105.298432,28.08471],[-105.298138,28.084564],[-105.297629,28.08425],[-105.297441,28.084112],[-105.297347,28.084015],[-105.297378,28.083987],[-105.297655,28.08335],[-105.298157,28.082196],[-105.298173,28.082156],[-105.298215,28.082047],[-105.298252,28.08197],[-105.298286,28.0819],[-105.298322,28.081824],[-105.298319,28.081824]]]}},{"type":"Feature","properties":{"modulo":12,"idparcela":"9165","productor":"SALAS GARCIA RAMIRO","cultivo":null,"superficie_fisica_ha":3.1177,"superficie_riego_ha":3.1177,"hectareas":1.764},"geometry":{"type":"Polygon","coordinates":[[[-105.297655,28.08335],[-105.297648,28.083343],[-105.297312,28.083017],[-105.296277,28.082636],[-105.296294,28.082551],[-105.296314,28.082448],[-105.296432,28.082056],[-105.296515,28.081805],[-105.296534,28.081782],[-105.297959,28.082146],[-105.298005,28.082157],[-105.298051,28.082169],[-105.298098,28.082181],[-105.298109,28.082184],[-105.298157,28.082196],[-105.297655,28.08335]]]}},{"type":"Feature","properties":{"modulo":12,"idparcela":"9168","productor":"ASTORGA VILLEGAS JESUS","cultivo":null,"superficie_fisica_ha":1.6,"superficie_riego_ha":1.6,"hectareas":0.876},"geometry":{"type":"Polygon","coordinates":[[[-105.296202,28.083102],[-105.296177,28.083056],[-105.296178,28.083033],[-105.296183,28.082915],[-105.296277,28.082636],[-105.297312,28.083017],[-105.297648,28.083343],[-105.297655,28.08335],[-105.297378,28.083987],[-105.297347,28.084015],[-105.297264,28.083888],[-105.297154,28.083625],[-105.297036,28.083438],[-105.297001,28.083426],[-105.296202,28.083102]]]}},{"type":"Feature","properties":{"modulo":12,"idparcela":"9169","productor":"SAENZ RODRIGUEZ RAFAEL","cultivo":null,"superficie_fisica_ha":1.364,"superficie_riego_ha":1.364,"hectareas":1.571},"geometry":{"type":"Polygon","coordinates":[[[-105.298814,28.08195],[-105.298982,28.081376],[-105.300016,28.081596],[-105.300564,28.081608],[-105.30072,28.081664],[-105.300848,28.081749],[-105.300946,28.081793],[-105.301128,28.081837],[-105.301099,28.081872],[-105.300493,28.082596],[-105.300468,28.082626],[-105.300442,28.082615],[-105.300394,28.082594],[-105.300159,28.082456],[-105.299767,28.082248],[-105.299626,28.08211],[-105.299422,28.082027],[-105.299188,28.082],[-105.298814,28.08195]]]}},{"type":"Feature","properties":{"modulo":12,"idparcela":"9163","productor":"SAENZ RODRIGUEZ ROBERTO","cultivo":null,"superficie_fisica_ha":1.37,"superficie_riego_ha":1.37,"hectareas":1.37},"geometry":{"type":"Polygon","coordinates":[[[-105.298814,28.08195],[-105.298781,28.081945],[-105.298589,28.081887],[-105.298419,28.081843],[-105.298344,28.081827],[-105.298319,28.081824],[-105.298016,28.081782],[-105.297773,28.081674],[-105.297588,28.081675],[-105.297368,28.08172],[-105.296716,28.081722],[-105.296551,28.08173],[-105.296619,28.081613],[-105.296663,28.081556],[-105.29677,28.081087],[-105.296774,28.081061],[-105.296773,28.081061],[-105.296775,28.081048],[-105.298982,28.081376],[-105.298814,28.08195]]]}},{"type":"Feature","properties":{"modulo":12,"idparcela":"************","productor":null,"cultivo":null,"superficie_fisica_ha":null,"superficie_riego_ha":null,"hectareas":4.131},"geometry":{"type":"Polygon","coordinates":[[[-105.289868,28.071967],[-105.289047,28.071624],[-105.289831,28.067923],[-105.290692,28.067905],[-105.290863,28.067902],[-105.290773,28.068428],[-105.290447,28.069665],[-105.29018,28.070749],[-105.289868,28.071967]]]}},{"type":"Feature","properties":{"modulo":12,"idparcela":"9144","productor":"HOLGUIN CARRERA PABLO MARCELO","cultivo":null,"superficie_fisica_ha":0.9767,"superficie_riego_ha":0.9767,"hectareas":4.194},"geometry":{"type":"Polygon","coordinates":[[[-105.287867,28.072676],[-105.287766,28.072351],[-105.287765,28.072331],[-105.288782,28.072616],[-105.291965,28.073508],[-105.291783,28.073699],[-105.291528,28.073961],[-105.291231,28.074132],[-105.291028,28.074204],[-105.2907,28.074249],[-105.290435,28.07425],[-105.289753,28.074044],[-105.289368,28.073892],[-105.288929,28.073703],[-105.288627,28.073622],[-105.2883,28.073632],[-105.288201,28.073424],[-105.287867,28.072676]]]}},{"type":"Feature","properties":{"modulo":12,"idparcela":"************","productor":null,"cultivo":null,"superficie_fisica_ha":null,"superficie_riego_ha":null,"hectareas":4.697},"geometry":{"type":"Polygon","coordinates":[[[-105.297764,28.065264],[-105.297732,28.065287],[-105.295802,28.065388],[-105.2951,28.063214],[-105.295305,28.063203],[-105.295867,28.063183],[-105.297064,28.06313],[-105.297075,28.06313],[-105.297084,28.063157],[-105.297764,28.065264]]]}},{"type":"Feature","properties":{"modulo":12,"idparcela":"9010","productor":"HOLGUIN PRIETO JESUS","cultivo":null,"superficie_fisica_ha":4.553,"superficie_riego_ha":4.553,"hectareas":4.58},"geometry":{"type":"Polygon","coordinates":[[[-105.302977,28.062767],[-105.303648,28.064877],[-105.303502,28.064881],[-105.30169,28.064999],[-105.301686,28.064986],[-105.30137,28.064009],[-105.301007,28.062885],[-105.301106,28.062879],[-105.302977,28.062767]]]}},{"type":"Feature","properties":{"modulo":12,"idparcela":"9009","productor":"HOLGUIN MARTINEZ PABLO","cultivo":null,"superficie_fisica_ha":4.9712,"superficie_riego_ha":4.9712,"hectareas":4.685},"geometry":{"type":"Polygon","coordinates":[[[-105.303635,28.062732],[-105.303897,28.062719],[-105.304131,28.062707],[-105.304746,28.062677],[-105.304975,28.062665],[-105.304982,28.062686],[-105.305183,28.06331],[-105.305649,28.064752],[-105.305657,28.064778],[-105.304949,28.064833],[-105.303648,28.064877],[-105.302977,28.062767],[-105.303227,28.062752],[-105.303635,28.062732]]]}},{"type":"Feature","properties":{"modulo":12,"idparcela":"9000","productor":"HOLGUIN PRIETO JESUS","cultivo":null,"superficie_fisica_ha":0.747,"superficie_riego_ha":0.747,"hectareas":1.326},"geometry":{"type":"Polygon","coordinates":[[[-105.307119,28.063138],[-105.307132,28.063176],[-105.305566,28.063279],[-105.305183,28.06331],[-105.304982,28.062686],[-105.304975,28.062665],[-105.304985,28.062665],[-105.305313,28.062648],[-105.305357,28.062645],[-105.305826,28.062607],[-105.305891,28.062602],[-105.305903,28.062602],[-105.306804,28.062574],[-105.306854,28.062663],[-105.306964,28.062846],[-105.307085,28.063042],[-105.307119,28.063138]]]}},{"type":"Feature","properties":{"modulo":12,"idparcela":"9028","productor":"FLORES GONZALEZ PEDRO","cultivo":null,"superficie_fisica_ha":5.48,"superficie_riego_ha":5.48,"hectareas":4.378},"geometry":{"type":"Polygon","coordinates":[[[-105.290931,28.067499],[-105.29059,28.067454],[-105.290383,28.067427],[-105.290058,28.067428],[-105.289919,28.067434],[-105.289818,28.067438],[-105.289603,28.067483],[-105.289574,28.067492],[-105.289501,28.067512],[-105.28931,28.067565],[-105.28896,28.067584],[-105.288773,28.067521],[-105.288643,28.067444],[-105.288591,28.067413],[-105.288488,28.067242],[-105.288281,28.066638],[-105.287965,28.065871],[-105.288066,28.065898],[-105.289237,28.065833],[-105.29048,28.06575],[-105.290931,28.067499]]]}},{"type":"Feature","properties":{"modulo":12,"idparcela":"************","productor":null,"cultivo":null,"superficie_fisica_ha":null,"superficie_riego_ha":null,"hectareas":6.946},"geometry":{"type":"Polygon","coordinates":[[[-105.301589,28.058542],[-105.304456,28.058387],[-105.304673,28.058367],[-105.304735,28.058491],[-105.304794,28.058597],[-105.304871,28.058727],[-105.304724,28.058743],[-105.28658,28.059544],[-105.286544,28.059546],[-105.286547,28.059177],[-105.286563,28.059176],[-105.286632,28.059173],[-105.28693,28.059158],[-105.28717,28.059147],[-105.28983,28.059036],[-105.290735,28.059002],[-105.291594,28.05897],[-105.293343,28.058895],[-105.295366,28.058811],[-105.300318,28.058604],[-105.300554,28.058594],[-105.301589,28.058542]]]}},{"type":"Feature","properties":{"modulo":12,"idparcela":"************","productor":null,"cultivo":null,"superficie_fisica_ha":null,"superficie_riego_ha":null,"hectareas":0.59},"geometry":{"type":"Polygon","coordinates":[[[-105.289173,28.059751],[-105.289199,28.059967],[-105.288366,28.059998],[-105.286532,28.060067],[-105.286533,28.060017],[-105.286535,28.059873],[-105.289173,28.059751]]]}},{"type":"Feature","properties":{"modulo":12,"idparcela":"8911","productor":"FERNANDEZ QUI¥ONEZ MARIO ALBERTO","cultivo":null,"superficie_fisica_ha":7.5383,"superficie_riego_ha":7.5383,"hectareas":6.242},"geometry":{"type":"Polygon","coordinates":[[[-105.291648,28.05963],[-105.289221,28.059742],[-105.289173,28.059751],[-105.287237,28.059841],[-105.286535,28.059873],[-105.286544,28.059696],[-105.286543,28.059639],[-105.286544,28.059546],[-105.28658,28.059544],[-105.304724,28.058743],[-105.304871,28.058727],[-105.305008,28.058984],[-105.305023,28.059017],[-105.304785,28.059031],[-105.304343,28.059059],[-105.30196,28.059182],[-105.30105,28.059223],[-105.298191,28.05935],[-105.298143,28.059343],[-105.297295,28.05938],[-105.29479,28.059491],[-105.292553,28.05959],[-105.291648,28.05963]]]}},{"type":"Feature","properties":{"modulo":12,"idparcela":"8914","productor":"FLORES LICON MARIA DE","cultivo":null,"superficie_fisica_ha":16.2933,"superficie_riego_ha":16.2933,"hectareas":15.816},"geometry":{"type":"Polygon","coordinates":[[[-105.30371,28.060197],[-105.300204,28.060359],[-105.293831,28.060697],[-105.290263,28.060885],[-105.289201,28.060934],[-105.286385,28.061064],[-105.284983,28.061129],[-105.284849,28.060932],[-105.284674,28.060662],[-105.284506,28.060468],[-105.284432,28.0604],[-105.284481,28.060398],[-105.286518,28.060316],[-105.287324,28.060284],[-105.288221,28.06025],[-105.288916,28.060223],[-105.289798,28.060188],[-105.293915,28.060029],[-105.294338,28.060004],[-105.298072,28.059786],[-105.298159,28.059781],[-105.298169,28.05978],[-105.299314,28.059713],[-105.302497,28.059527],[-105.30288,28.059504],[-105.305113,28.059446],[-105.305156,28.059445],[-105.305253,28.059449],[-105.305387,28.059704],[-105.305495,28.059923],[-105.305615,28.060142],[-105.305504,28.060137],[-105.305437,28.060139],[-105.305436,28.06013],[-105.30371,28.060197]]]}},{"type":"Feature","properties":{"modulo":12,"idparcela":"8915","productor":"QUINTANA FLORES RAUL MANUEL","cultivo":null,"superficie_fisica_ha":8.2262,"superficie_riego_ha":8.2262,"hectareas":7.236},"geometry":{"type":"Polygon","coordinates":[[[-105.30457,28.060577],[-105.290291,28.061258],[-105.289201,28.061306],[-105.289201,28.060934],[-105.290263,28.060885],[-105.293831,28.060697],[-105.300204,28.060359],[-105.30371,28.060197],[-105.305436,28.06013],[-105.305437,28.060139],[-105.305504,28.060137],[-105.305615,28.060142],[-105.305697,28.060314],[-105.305757,28.060415],[-105.305821,28.060511],[-105.305748,28.060511],[-105.30457,28.060577]]]}},{"type":"Feature","properties":{"modulo":12,"idparcela":"8916","productor":"FLORES DE AGUAYO GUADALUPE","cultivo":null,"superficie_fisica_ha":1.892,"superficie_riego_ha":1.892,"hectareas":1.115},"geometry":{"type":"Polygon","coordinates":[[[-105.289201,28.061306],[-105.28643,28.061427],[-105.286385,28.061064],[-105.289201,28.060934],[-105.289201,28.061306]]]}},{"type":"Feature","properties":{"modulo":12,"idparcela":"8917","productor":"QUINTANA FLORES RAUL MANUEL","cultivo":null,"superficie_fisica_ha":0.946,"superficie_riego_ha":0.946,"hectareas":0.526},"geometry":{"type":"Polygon","coordinates":[[[-105.28643,28.061427],[-105.285186,28.061489],[-105.285003,28.061158],[-105.284983,28.061129],[-105.286385,28.061064],[-105.28643,28.061427]]]}},{"type":"Feature","properties":{"modulo":12,"idparcela":"9135","productor":"JIMENEZ GOMEZ GENARO","cultivo":null,"superficie_fisica_ha":3,"superficie_riego_ha":3,"hectareas":1.676},"geometry":{"type":"Polygon","coordinates":[[[-105.287078,28.064177],[-105.287014,28.06406],[-105.286851,28.063699],[-105.286779,28.063508],[-105.286749,28.063314],[-105.286738,28.063128],[-105.286676,28.062934],[-105.286589,28.062807],[-105.286312,28.062616],[-105.286081,28.062465],[-105.285827,28.062323],[-105.285609,28.062156],[-105.285443,28.061997],[-105.285306,28.061802],[-105.285238,28.061728],[-105.285186,28.061489],[-105.28643,28.061427],[-105.286552,28.061819],[-105.286565,28.061858],[-105.286583,28.061907],[-105.286643,28.062073],[-105.286675,28.062164],[-105.286665,28.062273],[-105.286683,28.06268],[-105.286798,28.062927],[-105.286893,28.063129],[-105.287013,28.063385],[-105.287155,28.063689],[-105.287221,28.063876],[-105.287302,28.064105],[-105.287078,28.064177]]]}},{"type":"Feature","properties":{"modulo":12,"idparcela":"9002","productor":"HERNANDEZ TRILLO HERIBERTO","cultivo":null,"superficie_fisica_ha":4.5017,"superficie_riego_ha":4.5017,"hectareas":4.722},"geometry":{"type":"Polygon","coordinates":[[[-105.29815,28.063097],[-105.298145,28.063097],[-105.297716,28.063103],[-105.29752,28.061627],[-105.29757,28.061622],[-105.299553,28.061516],[-105.300495,28.061471],[-105.300698,28.062895],[-105.300688,28.062895],[-105.299964,28.062949],[-105.299835,28.062967],[-105.29971,28.062985],[-105.299702,28.062986],[-105.299519,28.063004],[-105.2991,28.062988],[-105.299065,28.062987],[-105.299037,28.062987],[-105.298599,28.062988],[-105.298515,28.063008],[-105.29815,28.063097]]]}},{"type":"Feature","properties":{"modulo":12,"idparcela":"************","productor":null,"cultivo":null,"superficie_fisica_ha":null,"superficie_riego_ha":null,"hectareas":4.403},"geometry":{"type":"Polygon","coordinates":[[[-105.297716,28.063103],[-105.297355,28.063108],[-105.297075,28.06313],[-105.297064,28.06313],[-105.295867,28.063183],[-105.295305,28.063203],[-105.2951,28.063214],[-105.29498,28.063221],[-105.29494,28.063223],[-105.294769,28.061779],[-105.295536,28.061731],[-105.29752,28.061627],[-105.297716,28.063103]]]}},{"type":"Feature","properties":{"modulo":12,"idparcela":"9005","productor":"TAPIA RIOS RAMONA","cultivo":null,"superficie_fisica_ha":2.9944,"superficie_riego_ha":2.9944,"hectareas":3.939},"geometry":{"type":"Polygon","coordinates":[[[-105.289257,28.062127],[-105.289284,28.062278],[-105.289437,28.063454],[-105.289446,28.063577],[-105.289413,28.063576],[-105.289148,28.063566],[-105.289138,28.063566],[-105.288948,28.063559],[-105.288842,28.063559],[-105.28867,28.063623],[-105.28853,28.063623],[-105.288258,28.063615],[-105.288034,28.063624],[-105.287693,28.063661],[-105.287348,28.063671],[-105.287155,28.063689],[-105.287013,28.063385],[-105.286893,28.063129],[-105.286798,28.062927],[-105.286683,28.06268],[-105.286665,28.062273],[-105.286729,28.062254],[-105.288093,28.062183],[-105.289218,28.062124],[-105.289257,28.062127]]]}},{"type":"Feature","properties":{"modulo":12,"idparcela":"************","productor":null,"cultivo":null,"superficie_fisica_ha":null,"superficie_riego_ha":null,"hectareas":4.55},"geometry":{"type":"Polygon","coordinates":[[[-105.301007,28.062885],[-105.300977,28.062882],[-105.300717,28.062893],[-105.300698,28.062895],[-105.300495,28.061471],[-105.300572,28.061468],[-105.303451,28.061327],[-105.303494,28.061705],[-105.30363,28.062703],[-105.303635,28.062732],[-105.303227,28.062752],[-105.302977,28.062767],[-105.301106,28.062879],[-105.301007,28.062885]]]}},{"type":"Feature","properties":{"modulo":12,"idparcela":"9017","productor":"PADILLA HERNANDEZ CRUZ","cultivo":null,"superficie_fisica_ha":4.3187,"superficie_riego_ha":4.3187,"hectareas":4.618},"geometry":{"type":"Polygon","coordinates":[[[-105.291113,28.063455],[-105.291114,28.063457],[-105.291809,28.065608],[-105.289962,28.065714],[-105.289844,28.06572],[-105.289148,28.063566],[-105.289446,28.063577],[-105.289452,28.063577],[-105.289666,28.063585],[-105.290175,28.063557],[-105.290686,28.063484],[-105.290827,28.063468],[-105.291113,28.063455]]]}},{"type":"Feature","properties":{"modulo":12,"idparcela":"9018","productor":"HOLGUIN PRIETO JOSE ANGEL","cultivo":null,"superficie_fisica_ha":4.7326,"superficie_riego_ha":4.5587,"hectareas":4.648},"geometry":{"type":"Polygon","coordinates":[[[-105.287964,28.065817],[-105.287657,28.065168],[-105.287529,28.064762],[-105.287422,28.064447],[-105.287302,28.064105],[-105.287221,28.063876],[-105.287155,28.063689],[-105.287348,28.063671],[-105.287693,28.063661],[-105.288034,28.063624],[-105.288258,28.063615],[-105.28853,28.063623],[-105.28867,28.063623],[-105.288842,28.063559],[-105.288948,28.063559],[-105.289148,28.063566],[-105.289844,28.06572],[-105.287964,28.065817]]]}},{"type":"Feature","properties":{"modulo":12,"idparcela":"9016","productor":"PADILLA HERNANDEZ MA. DE LA LUZ","cultivo":null,"superficie_fisica_ha":4.75,"superficie_riego_ha":4.75,"hectareas":4.739},"geometry":{"type":"Polygon","coordinates":[[[-105.293098,28.063338],[-105.293784,28.065495],[-105.291809,28.065608],[-105.291114,28.063455],[-105.291152,28.063451],[-105.29119,28.063448],[-105.291412,28.063433],[-105.291631,28.063418],[-105.291699,28.063408],[-105.291942,28.063384],[-105.292168,28.063362],[-105.292217,28.063362],[-105.292372,28.063367],[-105.293049,28.063329],[-105.293098,28.063338]]]}},{"type":"Feature","properties":{"modulo":12,"idparcela":"************","productor":null,"cultivo":null,"superficie_fisica_ha":null,"superficie_riego_ha":null,"hectareas":4.808},"geometry":{"type":"Polygon","coordinates":[[[-105.2951,28.063214],[-105.295802,28.065388],[-105.294051,28.065479],[-105.293784,28.065495],[-105.293098,28.063338],[-105.29482,28.06323],[-105.29494,28.063223],[-105.29498,28.063221],[-105.2951,28.063214]]]}},{"type":"Feature","properties":{"modulo":12,"idparcela":"8921","productor":"TERRAZAS MARQUEZ CESAR","cultivo":null,"superficie_fisica_ha":7.5,"superficie_riego_ha":7.5,"hectareas":4.599},"geometry":{"type":"Polygon","coordinates":[[[-105.288521,28.067869],[-105.288951,28.068029],[-105.28915,28.068029],[-105.289672,28.067947],[-105.289758,28.067934],[-105.289795,28.067928],[-105.289831,28.067923],[-105.289047,28.071624],[-105.287957,28.071072],[-105.288521,28.067869]]]}},{"type":"Feature","properties":{"modulo":12,"idparcela":"************","productor":null,"cultivo":null,"superficie_fisica_ha":null,"superficie_riego_ha":null,"hectareas":4.103},"geometry":{"type":"Polygon","coordinates":[[[-105.289854,28.072078],[-105.289973,28.072121],[-105.29013,28.072178],[-105.290621,28.072365],[-105.290767,28.07242],[-105.291249,28.072602],[-105.29143,28.072672],[-105.292053,28.072912],[-105.292389,28.073038],[-105.292591,28.073115],[-105.292456,28.073153],[-105.292222,28.073307],[-105.291965,28.073508],[-105.288782,28.072616],[-105.287813,28.072345],[-105.287765,28.072331],[-105.287759,28.072216],[-105.28794,28.071172],[-105.289396,28.071893],[-105.289854,28.072078]]]}},{"type":"Feature","properties":{"modulo":12,"idparcela":"************","productor":null,"cultivo":null,"superficie_fisica_ha":null,"superficie_riego_ha":null,"hectareas":4.946},"geometry":{"type":"Polygon","coordinates":[[[-105.2917,28.067402],[-105.291673,28.067519],[-105.291638,28.067555],[-105.291557,28.067583],[-105.291442,28.06757],[-105.291313,28.067561],[-105.291208,28.06754],[-105.291066,28.06752],[-105.290931,28.067499],[-105.29048,28.06575],[-105.290916,28.065721],[-105.293062,28.065628],[-105.293508,28.067327],[-105.291821,28.067424],[-105.2917,28.067402]]]}},{"type":"Feature","properties":{"modulo":12,"idparcela":"9021","productor":"CONTRERAS GARCIA RAMON","cultivo":null,"superficie_fisica_ha":4.3197,"superficie_riego_ha":4.3197,"hectareas":4.571},"geometry":{"type":"Polygon","coordinates":[[[-105.302882,28.065049],[-105.303605,28.064998],[-105.305369,28.064918],[-105.305805,28.066573],[-105.304657,28.066641],[-105.303719,28.066693],[-105.303309,28.066715],[-105.302882,28.065049]]]}},{"type":"Feature","properties":{"modulo":12,"idparcela":"9026","productor":"SALAMANCA OLIVAS EDUWIGES","cultivo":null,"superficie_fisica_ha":3,"superficie_riego_ha":3,"hectareas":4.457},"geometry":{"type":"Polygon","coordinates":[[[-105.294627,28.06555],[-105.295501,28.065504],[-105.295944,28.06722],[-105.295708,28.0672],[-105.295399,28.067162],[-105.295389,28.067161],[-105.295195,28.067137],[-105.295054,28.067147],[-105.295043,28.067148],[-105.294922,28.067156],[-105.294575,28.067265],[-105.294522,28.067268],[-105.294511,28.067269],[-105.294181,28.067288],[-105.29417,28.067288],[-105.293508,28.067327],[-105.293062,28.065628],[-105.294627,28.06555]]]}},{"type":"Feature","properties":{"modulo":12,"idparcela":"************","productor":null,"cultivo":null,"superficie_fisica_ha":null,"superficie_riego_ha":null,"hectareas":4.397},"geometry":{"type":"Polygon","coordinates":[[[-105.300149,28.066876],[-105.299775,28.066901],[-105.298943,28.066956],[-105.298585,28.066979],[-105.298393,28.066986],[-105.297964,28.065356],[-105.298155,28.065344],[-105.298248,28.065344],[-105.298802,28.065316],[-105.300428,28.065215],[-105.300845,28.066832],[-105.300847,28.066837],[-105.30079,28.06684],[-105.300159,28.066886],[-105.300149,28.066876]]]}},{"type":"Feature","properties":{"modulo":12,"idparcela":"************","productor":null,"cultivo":null,"superficie_fisica_ha":null,"superficie_riego_ha":null,"hectareas":4.454},"geometry":{"type":"Polygon","coordinates":[[[-105.303174,28.066722],[-105.30276,28.066748],[-105.302209,28.066777],[-105.301671,28.066807],[-105.301193,28.066819],[-105.300847,28.066837],[-105.300845,28.066832],[-105.300428,28.065215],[-105.301219,28.065166],[-105.302882,28.065049],[-105.303309,28.066715],[-105.303174,28.066722]]]}},{"type":"Feature","properties":{"modulo":12,"idparcela":"************","productor":null,"cultivo":null,"superficie_fisica_ha":null,"superficie_riego_ha":null,"hectareas":4.508},"geometry":{"type":"Polygon","coordinates":[[[-105.301711,28.069548],[-105.301671,28.066807],[-105.302209,28.066777],[-105.30276,28.066748],[-105.303174,28.066722],[-105.303246,28.069452],[-105.301711,28.069548]]]}},{"type":"Feature","properties":{"modulo":12,"idparcela":"9032","productor":"CONTRERAS SOTO ROQUE OCTAVIO","cultivo":null,"superficie_fisica_ha":4.5,"superficie_riego_ha":4.5,"hectareas":4.477},"geometry":{"type":"Polygon","coordinates":[[[-105.303174,28.066722],[-105.303309,28.066715],[-105.303719,28.066693],[-105.304657,28.066641],[-105.304796,28.069345],[-105.303246,28.069452],[-105.303174,28.066722]]]}},{"type":"Feature","properties":{"modulo":12,"idparcela":"************","productor":null,"cultivo":null,"superficie_fisica_ha":null,"superficie_riego_ha":null,"hectareas":4.494},"geometry":{"type":"Polygon","coordinates":[[[-105.307817,28.069176],[-105.307804,28.069177],[-105.30635,28.069263],[-105.306348,28.069245],[-105.306148,28.066571],[-105.306147,28.066553],[-105.307726,28.06646],[-105.307726,28.066465],[-105.307817,28.069176]]]}},{"type":"Feature","properties":{"modulo":12,"idparcela":"************","productor":null,"cultivo":null,"superficie_fisica_ha":null,"superficie_riego_ha":null,"hectareas":4.326},"geometry":{"type":"Polygon","coordinates":[[[-105.308339,28.066429],[-105.308259,28.066416],[-105.308127,28.066424],[-105.307726,28.06646],[-105.306147,28.066553],[-105.305958,28.066562],[-105.305805,28.066573],[-105.305369,28.064918],[-105.305897,28.064894],[-105.306035,28.064885],[-105.306609,28.064829],[-105.307438,28.064764],[-105.307527,28.064766],[-105.307572,28.064773],[-105.307586,28.064854],[-105.307617,28.064999],[-105.307717,28.065206],[-105.307895,28.065458],[-105.307954,28.065593],[-105.308104,28.0659],[-105.308273,28.066233],[-105.308339,28.066429]]]}},{"type":"Feature","properties":{"modulo":12,"idparcela":"9139","productor":"CHAVEZ AMAYA REYNALDO","cultivo":null,"superficie_fisica_ha":4,"superficie_riego_ha":4,"hectareas":4.232},"geometry":{"type":"Polygon","coordinates":[[[-105.29143,28.072672],[-105.291249,28.072602],[-105.290767,28.07242],[-105.292155,28.067938],[-105.293111,28.067889],[-105.29143,28.072672]]]}},{"type":"Feature","properties":{"modulo":12,"idparcela":"9138","productor":"HOLGUIN REYES FRANCISCO","cultivo":null,"superficie_fisica_ha":4.5,"superficie_riego_ha":4.5,"hectareas":6.32},"geometry":{"type":"Polygon","coordinates":[[[-105.293981,28.067833],[-105.293111,28.067889],[-105.292155,28.067938],[-105.290767,28.07242],[-105.290621,28.072365],[-105.29013,28.072178],[-105.289973,28.072121],[-105.28997,28.072091],[-105.290055,28.07176],[-105.290886,28.0685],[-105.291049,28.067598],[-105.291154,28.067617],[-105.291259,28.06763],[-105.291439,28.067659],[-105.291627,28.067678],[-105.291736,28.067623],[-105.291806,28.067524],[-105.291821,28.067424],[-105.293508,28.067327],[-105.294181,28.067288],[-105.293981,28.067833]]]}},{"type":"Feature","properties":{"modulo":12,"idparcela":"9140","productor":"CHAVEZ AMAYA OSCAR","cultivo":null,"superficie_fisica_ha":4,"superficie_riego_ha":4,"hectareas":5.166},"geometry":{"type":"Polygon","coordinates":[[[-105.294522,28.067268],[-105.292101,28.072799],[-105.292053,28.072912],[-105.29143,28.072672],[-105.293111,28.067889],[-105.293981,28.067833],[-105.294181,28.067288],[-105.294522,28.067268]]]}},{"type":"Feature","properties":{"modulo":12,"idparcela":"9141","productor":"GONZALEZ CHAVEZ FILIBERTO","cultivo":null,"superficie_fisica_ha":4,"superficie_riego_ha":4,"hectareas":3.155},"geometry":{"type":"Polygon","coordinates":[[[-105.292801,28.072531],[-105.292295,28.072723],[-105.292101,28.072799],[-105.294522,28.067268],[-105.294575,28.067265],[-105.294922,28.067156],[-105.295054,28.067147],[-105.292801,28.072531]]]}},{"type":"Feature","properties":{"modulo":12,"idparcela":"9142","productor":"DOMINGUEZ CADENA LAZARO","cultivo":null,"superficie_fisica_ha":4,"superficie_riego_ha":4,"hectareas":3.291},"geometry":{"type":"Polygon","coordinates":[[[-105.295054,28.067147],[-105.295195,28.067137],[-105.295389,28.067161],[-105.295,28.068275],[-105.29461,28.069998],[-105.293943,28.07151],[-105.293256,28.072352],[-105.292953,28.072471],[-105.292801,28.072531],[-105.295054,28.067147]]]}},{"type":"Feature","properties":{"modulo":12,"idparcela":"************","productor":null,"cultivo":null,"superficie_fisica_ha":null,"superficie_riego_ha":null,"hectareas":3.708},"geometry":{"type":"Polygon","coordinates":[[[-105.292829,28.073022],[-105.29247,28.07282],[-105.292295,28.072723],[-105.292801,28.072531],[-105.292953,28.072471],[-105.293256,28.072352],[-105.293943,28.07151],[-105.29461,28.069998],[-105.295,28.068275],[-105.295389,28.067161],[-105.295708,28.0672],[-105.295726,28.067236],[-105.295754,28.067335],[-105.295783,28.06747],[-105.295785,28.067678],[-105.29578,28.067882],[-105.295735,28.068002],[-105.295702,28.068067],[-105.295644,28.068182],[-105.295581,28.068279],[-105.295537,28.068346],[-105.295486,28.068434],[-105.295453,28.068489],[-105.29544,28.068581],[-105.295436,28.068654],[-105.295434,28.068694],[-105.295424,28.068772],[-105.295416,28.068829],[-105.295385,28.06895],[-105.295365,28.069106],[-105.295362,28.069143],[-105.295346,28.06929],[-105.295291,28.069637],[-105.295262,28.069745],[-105.295231,28.069899],[-105.295171,28.070034],[-105.295101,28.070224],[-105.294998,28.070405],[-105.294909,28.070593],[-105.294831,28.070757],[-105.294714,28.070929],[-105.294361,28.071724],[-105.294097,28.072094],[-105.293863,28.072374],[-105.293651,28.0726],[-105.293539,28.072682],[-105.293295,28.072818],[-105.292898,28.07299],[-105.292829,28.073022]]]}},{"type":"Feature","properties":{"modulo":12,"idparcela":"************","productor":null,"cultivo":null,"superficie_fisica_ha":null,"superficie_riego_ha":null,"hectareas":3.13},"geometry":{"type":"Polygon","coordinates":[[[-105.307132,28.063176],[-105.307571,28.064626],[-105.305657,28.064778],[-105.305649,28.064752],[-105.305183,28.06331],[-105.305566,28.063279],[-105.307132,28.063176]]]}},{"type":"Feature","properties":{"modulo":12,"idparcela":"************","productor":null,"cultivo":null,"superficie_fisica_ha":null,"superficie_riego_ha":null,"hectareas":4.424},"geometry":{"type":"Polygon","coordinates":[[[-105.301711,28.069548],[-105.300448,28.069613],[-105.300206,28.069142],[-105.300159,28.066886],[-105.30079,28.06684],[-105.300847,28.066837],[-105.301193,28.066819],[-105.301671,28.066807],[-105.301711,28.069548]]]}},{"type":"Feature","properties":{"modulo":12,"idparcela":"9035","productor":"TAPIA RIOS ABUNDIO","cultivo":null,"superficie_fisica_ha":4.5,"superficie_riego_ha":4.5,"hectareas":4.713},"geometry":{"type":"Polygon","coordinates":[[[-105.300448,28.069613],[-105.298674,28.069726],[-105.298585,28.066993],[-105.298585,28.066979],[-105.298943,28.066956],[-105.299775,28.066901],[-105.300149,28.066876],[-105.300159,28.066886],[-105.300206,28.069142],[-105.300448,28.069613]]]}},{"type":"Feature","properties":{"modulo":12,"idparcela":"9036","productor":"ALVAREZ GONZALEZ JOSEFINA","cultivo":null,"superficie_fisica_ha":4.5,"superficie_riego_ha":4.5,"hectareas":4.183},"geometry":{"type":"Polygon","coordinates":[[[-105.298674,28.069726],[-105.297233,28.069801],[-105.297236,28.067028],[-105.29741,28.067015],[-105.297736,28.067005],[-105.298366,28.066987],[-105.298393,28.066986],[-105.298585,28.066979],[-105.298585,28.066993],[-105.298674,28.069726]]]}},{"type":"Feature","properties":{"modulo":12,"idparcela":"************","productor":null,"cultivo":null,"superficie_fisica_ha":null,"superficie_riego_ha":null,"hectareas":4.423},"geometry":{"type":"Polygon","coordinates":[[[-105.297233,28.069801],[-105.295434,28.069878],[-105.295525,28.069515],[-105.295631,28.069076],[-105.295676,28.068681],[-105.295772,28.068395],[-105.295906,28.068084],[-105.295963,28.067723],[-105.295944,28.06722],[-105.296099,28.067154],[-105.296223,28.067093],[-105.297062,28.067034],[-105.297236,28.067028],[-105.297233,28.069801]]]}},{"type":"Feature","properties":{"modulo":12,"idparcela":"************","productor":null,"cultivo":null,"superficie_fisica_ha":null,"superficie_riego_ha":null,"hectareas":1.738},"geometry":{"type":"Polygon","coordinates":[[[-105.307726,28.06646],[-105.308127,28.066424],[-105.308259,28.066416],[-105.308261,28.066443],[-105.308456,28.06915],[-105.307817,28.069176],[-105.307726,28.06646]]]}},{"type":"Feature","properties":{"modulo":12,"idparcela":"************","productor":null,"cultivo":null,"superficie_fisica_ha":null,"superficie_riego_ha":null,"hectareas":2.558},"geometry":{"type":"Polygon","coordinates":[[[-105.308261,28.066443],[-105.308259,28.066416],[-105.308339,28.066429],[-105.30845,28.066624],[-105.308591,28.066944],[-105.308792,28.067184],[-105.309165,28.067627],[-105.309447,28.067983],[-105.310058,28.069108],[-105.308456,28.06915],[-105.308261,28.066443]]]}},{"type":"Feature","properties":{"modulo":12,"idparcela":"9031","productor":"CHAVEZ AMAYA BONIFACIO","cultivo":null,"superficie_fisica_ha":4.5,"superficie_riego_ha":4.5,"hectareas":4.484},"geometry":{"type":"Polygon","coordinates":[[[-105.30635,28.069263],[-105.304796,28.069345],[-105.304657,28.066641],[-105.305805,28.066573],[-105.305958,28.066562],[-105.306117,28.066555],[-105.306147,28.066553],[-105.306148,28.066571],[-105.30635,28.069263]]]}},{"type":"Feature","properties":{"modulo":12,"idparcela":"8657","productor":"REYES ALONSO BERNARDINO","cultivo":null,"superficie_fisica_ha":2.6793,"superficie_riego_ha":2.6793,"hectareas":2.556},"geometry":{"type":"Polygon","coordinates":[[[-105.217909,27.990517],[-105.218038,27.98997],[-105.218124,27.989641],[-105.218288,27.988829],[-105.218385,27.988432],[-105.218424,27.988163],[-105.21841,27.987957],[-105.219115,27.984756],[-105.219438,27.985127],[-105.218026,27.99151],[-105.217955,27.99141],[-105.217795,27.991347],[-105.217742,27.991266],[-105.217848,27.990814],[-105.217909,27.990517]]]}},{"type":"Feature","properties":{"modulo":12,"idparcela":"8660","productor":"BLANCO ONTIVEROS FAUSTINO","cultivo":null,"superficie_fisica_ha":0.6799,"superficie_riego_ha":0.6799,"hectareas":1.995},"geometry":{"type":"Polygon","coordinates":[[[-105.218362,27.991902],[-105.218875,27.989605],[-105.21889,27.989537],[-105.21903,27.989594],[-105.219147,27.989646],[-105.219209,27.989705],[-105.219303,27.989915],[-105.219346,27.98998],[-105.21939,27.990113],[-105.219446,27.99019],[-105.219521,27.990322],[-105.219088,27.992296],[-105.218591,27.992059],[-105.218362,27.991902]]]}},{"type":"Feature","properties":{"modulo":12,"idparcela":"8673","productor":"PEREZ LOZOYA ESTHER","cultivo":null,"superficie_fisica_ha":2.547,"superficie_riego_ha":2.547,"hectareas":2.81},"geometry":{"type":"Polygon","coordinates":[[[-105.225852,27.993441],[-105.226294,27.991103],[-105.226451,27.990286],[-105.226586,27.990316],[-105.226844,27.990352],[-105.227208,27.990402],[-105.22698,27.991913],[-105.22673,27.993411],[-105.22658,27.993447],[-105.226292,27.993484],[-105.226124,27.993475],[-105.225852,27.993441]]]}},{"type":"Feature","properties":{"modulo":12,"idparcela":"8658","productor":"CASTILLO CHACON EMETERIO","cultivo":null,"superficie_fisica_ha":3.19,"superficie_riego_ha":3.19,"hectareas":2.946},"geometry":{"type":"Polygon","coordinates":[[[-105.219438,27.985127],[-105.219762,27.98555],[-105.218949,27.989274],[-105.218875,27.989605],[-105.218362,27.991902],[-105.218218,27.991816],[-105.218112,27.991708],[-105.218026,27.99151],[-105.219438,27.985127]]]}},{"type":"Feature","properties":{"modulo":12,"idparcela":"8659","productor":"BLANCO ONTIVEROS FAUSTINO","cultivo":null,"superficie_fisica_ha":2,"superficie_riego_ha":2,"hectareas":2.712},"geometry":{"type":"Polygon","coordinates":[[[-105.219462,27.989834],[-105.219447,27.989936],[-105.219291,27.98971],[-105.219192,27.989598],[-105.219049,27.989545],[-105.218898,27.9895],[-105.218914,27.989428],[-105.218949,27.989274],[-105.219762,27.98555],[-105.220298,27.986243],[-105.21982,27.988298],[-105.219462,27.989834]]]}},{"type":"Feature","properties":{"modulo":12,"idparcela":"8666","productor":"BARRAGAN DE MORENO SOLEDAD","cultivo":null,"superficie_fisica_ha":1.535,"superficie_riego_ha":1.535,"hectareas":1.47},"geometry":{"type":"Polygon","coordinates":[[[-105.219521,27.990322],[-105.219745,27.990438],[-105.219836,27.990497],[-105.219966,27.990536],[-105.220076,27.990589],[-105.220049,27.990861],[-105.219822,27.992515],[-105.219369,27.99241],[-105.219088,27.992296],[-105.219521,27.990322]]]}},{"type":"Feature","properties":{"modulo":12,"idparcela":"8667","productor":"RIOS RAMOS APOLINAR","cultivo":null,"superficie_fisica_ha":4.1236,"superficie_riego_ha":4.1236,"hectareas":2.525},"geometry":{"type":"Polygon","coordinates":[[[-105.222555,27.99125],[-105.222332,27.991259],[-105.222144,27.991232],[-105.222005,27.991178],[-105.221838,27.991136],[-105.221797,27.991082],[-105.221808,27.991031],[-105.222433,27.988332],[-105.222484,27.98811],[-105.222491,27.988082],[-105.222593,27.988082],[-105.222795,27.988127],[-105.222908,27.988163],[-105.223016,27.988235],[-105.223157,27.988352],[-105.222931,27.989482],[-105.222555,27.99125]]]}},{"type":"Feature","properties":{"modulo":12,"idparcela":"************","productor":null,"cultivo":null,"superficie_fisica_ha":null,"superficie_riego_ha":null,"hectareas":1.442},"geometry":{"type":"Polygon","coordinates":[[[-105.222221,27.992938],[-105.221857,27.99292],[-105.221459,27.992862],[-105.221797,27.991082],[-105.221838,27.991136],[-105.222005,27.991178],[-105.222144,27.991232],[-105.222332,27.991259],[-105.222555,27.99125],[-105.222221,27.992938]]]}},{"type":"Feature","properties":{"modulo":12,"idparcela":"************","productor":null,"cultivo":null,"superficie_fisica_ha":null,"superficie_riego_ha":null,"hectareas":2.552},"geometry":{"type":"Polygon","coordinates":[[[-105.222931,27.989482],[-105.223157,27.988352],[-105.223299,27.988451],[-105.223407,27.988487],[-105.223508,27.988514],[-105.22372,27.988513],[-105.223816,27.988549],[-105.224013,27.988666],[-105.22428,27.988864],[-105.224569,27.989099],[-105.224742,27.989274],[-105.224428,27.990711],[-105.224353,27.990505],[-105.224171,27.990435],[-105.223971,27.990253],[-105.223846,27.990154],[-105.2238,27.990118],[-105.223697,27.99006],[-105.22361,27.990011],[-105.222949,27.989494],[-105.222931,27.989482]]]}},{"type":"Feature","properties":{"modulo":12,"idparcela":"8668","productor":"REYES ALONSO BERNARDINO","cultivo":null,"superficie_fisica_ha":3.29,"superficie_riego_ha":3.29,"hectareas":1.93},"geometry":{"type":"Polygon","coordinates":[[[-105.224348,27.993096],[-105.225085,27.989576],[-105.225097,27.989588],[-105.225272,27.98975],[-105.22537,27.989858],[-105.225494,27.98994],[-105.22549,27.989962],[-105.224898,27.993204],[-105.224889,27.993252],[-105.224709,27.993207],[-105.224562,27.993108],[-105.224459,27.993063],[-105.224369,27.99309],[-105.224348,27.993096]]]}},{"type":"Feature","properties":{"modulo":12,"idparcela":"************","productor":null,"cultivo":null,"superficie_fisica_ha":null,"superficie_riego_ha":null,"hectareas":1.921},"geometry":{"type":"Polygon","coordinates":[[[-105.225928,27.990161],[-105.226025,27.990191],[-105.226443,27.990284],[-105.226286,27.991102],[-105.225844,27.99344],[-105.225591,27.993404],[-105.225284,27.993336],[-105.225305,27.993232],[-105.225402,27.992755],[-105.225928,27.990161]]]}},{"type":"Feature","properties":{"modulo":12,"idparcela":"9461","productor":"ORTEGA DE COLORADO MARGARITA","cultivo":null,"superficie_fisica_ha":1.0187,"superficie_riego_ha":1.0187,"hectareas":6.243},"geometry":{"type":"Polygon","coordinates":[[[-105.229491,27.991061],[-105.229382,27.991463],[-105.229217,27.991867],[-105.229137,27.992153],[-105.229098,27.992347],[-105.229469,27.99271],[-105.229351,27.992723],[-105.22922,27.992761],[-105.228948,27.992812],[-105.228727,27.992893],[-105.228401,27.992993],[-105.228041,27.993129],[-105.227793,27.993202],[-105.227573,27.993274],[-105.226739,27.99341],[-105.226988,27.991914],[-105.227216,27.990403],[-105.227365,27.990423],[-105.228524,27.990629],[-105.228728,27.990673],[-105.228968,27.990772],[-105.229319,27.99096],[-105.229491,27.991061]]]}},{"type":"Feature","properties":{"modulo":12,"idparcela":"8677","productor":"TALAMANTES TORRES JESUS","cultivo":null,"superficie_fisica_ha":0.495,"superficie_riego_ha":0.495,"hectareas":0.667},"geometry":{"type":"Polygon","coordinates":[[[-105.230288,27.992548],[-105.230693,27.991598],[-105.230749,27.991622],[-105.230911,27.991688],[-105.231017,27.991736],[-105.231149,27.991786],[-105.231475,27.99193],[-105.231713,27.991987],[-105.231905,27.992076],[-105.231674,27.992115],[-105.231522,27.992128],[-105.231235,27.992217],[-105.231088,27.992271],[-105.230879,27.992349],[-105.230722,27.992402],[-105.230536,27.992448],[-105.230382,27.99253],[-105.230288,27.992548]]]}},{"type":"Feature","properties":{"modulo":12,"idparcela":"8661","productor":"CANO SANDOVAL ANTONIO","cultivo":null,"superficie_fisica_ha":5.675,"superficie_riego_ha":5.675,"hectareas":3.871},"geometry":{"type":"Polygon","coordinates":[[[-105.21984,27.990373],[-105.220722,27.98675],[-105.220837,27.986876],[-105.220939,27.987128],[-105.221089,27.98739],[-105.221211,27.987543],[-105.22138,27.987759],[-105.221506,27.987885],[-105.221576,27.987941],[-105.221383,27.988658],[-105.220837,27.990767],[-105.220748,27.990734],[-105.22052,27.99064],[-105.220375,27.990564],[-105.220245,27.990549],[-105.220074,27.990498],[-105.21995,27.990446],[-105.21984,27.990373]]]}},{"type":"Feature","properties":{"modulo":12,"idparcela":"************","productor":null,"cultivo":null,"superficie_fisica_ha":null,"superficie_riego_ha":null,"hectareas":2.123},"geometry":{"type":"Polygon","coordinates":[[[-105.21984,27.990373],[-105.219729,27.990305],[-105.219548,27.990233],[-105.219491,27.990146],[-105.219463,27.990034],[-105.219447,27.989936],[-105.219462,27.989834],[-105.21982,27.988298],[-105.220298,27.986243],[-105.220722,27.98675],[-105.21984,27.990373]]]}},{"type":"Feature","properties":{"modulo":12,"idparcela":"8662","productor":"GUEVARA HERNANDEZ FRANCISCA DE","cultivo":null,"superficie_fisica_ha":1,"superficie_riego_ha":1,"hectareas":1.559},"geometry":{"type":"Polygon","coordinates":[[[-105.220543,27.990736],[-105.220735,27.990805],[-105.220898,27.990842],[-105.220892,27.990866],[-105.220471,27.992664],[-105.219822,27.992515],[-105.220049,27.990861],[-105.220062,27.990728],[-105.220076,27.990589],[-105.220269,27.990657],[-105.220426,27.990678],[-105.220543,27.990736]]]}},{"type":"Feature","properties":{"modulo":12,"idparcela":"8663","productor":"REYES ALONSO BERNARDINO","cultivo":null,"superficie_fisica_ha":3.12,"superficie_riego_ha":3.12,"hectareas":2.266},"geometry":{"type":"Polygon","coordinates":[[[-105.220892,27.990866],[-105.220912,27.990854],[-105.221665,27.987973],[-105.221876,27.988073],[-105.22203,27.988097],[-105.222019,27.988147],[-105.220917,27.99277],[-105.220916,27.992774],[-105.220471,27.992664],[-105.220892,27.990866]]]}},{"type":"Feature","properties":{"modulo":12,"idparcela":"************","productor":null,"cultivo":null,"superficie_fisica_ha":null,"superficie_riego_ha":null,"hectareas":2.488},"geometry":{"type":"Polygon","coordinates":[[[-105.221459,27.992862],[-105.220917,27.99277],[-105.222019,27.988147],[-105.22203,27.988097],[-105.222484,27.98811],[-105.222433,27.988332],[-105.221808,27.991031],[-105.221798,27.991074],[-105.221797,27.991082],[-105.221776,27.991193],[-105.221459,27.992862]]]}},{"type":"Feature","properties":{"modulo":12,"idparcela":"************","productor":null,"cultivo":null,"superficie_fisica_ha":null,"superficie_riego_ha":null,"hectareas":5.619},"geometry":{"type":"Polygon","coordinates":[[[-105.224428,27.990711],[-105.22392,27.993111],[-105.223263,27.993045],[-105.222588,27.992934],[-105.222221,27.992938],[-105.222555,27.99125],[-105.222931,27.989482],[-105.222949,27.989494],[-105.22361,27.990011],[-105.2238,27.990118],[-105.223971,27.990253],[-105.224171,27.990435],[-105.224353,27.990505],[-105.224428,27.990711]]]}},{"type":"Feature","properties":{"modulo":12,"idparcela":"8671","productor":"RIOS RAMOS APOLINAR","cultivo":null,"superficie_fisica_ha":1.3576,"superficie_riego_ha":1.3576,"hectareas":1.271},"geometry":{"type":"Polygon","coordinates":[[[-105.224369,27.99309],[-105.224231,27.993168],[-105.224008,27.993163],[-105.224827,27.989344],[-105.225095,27.989576],[-105.225097,27.989588],[-105.225085,27.989576],[-105.224348,27.993096],[-105.224369,27.99309]]]}},{"type":"Feature","properties":{"modulo":12,"idparcela":"8674","productor":"RIOS RAMOS APOLINAR","cultivo":null,"superficie_fisica_ha":1.635,"superficie_riego_ha":1.635,"hectareas":1.563},"geometry":{"type":"Polygon","coordinates":[[[-105.225494,27.98994],[-105.225928,27.990161],[-105.225402,27.992755],[-105.225305,27.993232],[-105.225284,27.993336],[-105.224889,27.993252],[-105.224898,27.993204],[-105.225494,27.98994]]]}},{"type":"Feature","properties":{"modulo":12,"idparcela":"8861","productor":"OLIVAS BONILLA GILBERTO","cultivo":null,"superficie_fisica_ha":4.2874,"superficie_riego_ha":4,"hectareas":2.43},"geometry":{"type":"Polygon","coordinates":[[[-105.218549,27.979309],[-105.218496,27.979296],[-105.218433,27.979279],[-105.217648,27.979076],[-105.217601,27.979075],[-105.218034,27.977821],[-105.21814,27.97764],[-105.218253,27.977415],[-105.218348,27.977153],[-105.218416,27.976918],[-105.218551,27.976766],[-105.218553,27.976764],[-105.218796,27.976728],[-105.21893,27.976692],[-105.219338,27.97662],[-105.219344,27.976619],[-105.219313,27.976709],[-105.21928,27.976836],[-105.219229,27.977079],[-105.219149,27.977368],[-105.219094,27.977504],[-105.219043,27.977657],[-105.218971,27.977865],[-105.218834,27.978172],[-105.218764,27.978352],[-105.218633,27.978605],[-105.218621,27.978777],[-105.218559,27.979228],[-105.218549,27.979309]]]}},{"type":"Feature","properties":{"modulo":12,"idparcela":"8867","productor":"CANO GRIJALVA MARTIN ROBERTO","cultivo":null,"superficie_fisica_ha":1.0833,"superficie_riego_ha":1.0833,"hectareas":1.966},"geometry":{"type":"Polygon","coordinates":[[[-105.214971,27.986295],[-105.215707,27.98651],[-105.216939,27.986896],[-105.216948,27.987014],[-105.217052,27.987221],[-105.217163,27.987374],[-105.217345,27.98762],[-105.214938,27.987304],[-105.214917,27.986981],[-105.214907,27.986818],[-105.214971,27.986295]]]}},{"type":"Feature","properties":{"modulo":12,"idparcela":"************","productor":null,"cultivo":null,"superficie_fisica_ha":null,"superficie_riego_ha":null,"hectareas":1.622},"geometry":{"type":"Polygon","coordinates":[[[-105.217393,27.987626],[-105.217574,27.987807],[-105.217782,27.987996],[-105.218063,27.988257],[-105.218074,27.988265],[-105.214939,27.987829],[-105.214938,27.987304],[-105.217393,27.987626]]]}},{"type":"Feature","properties":{"modulo":12,"idparcela":"************","productor":null,"cultivo":null,"superficie_fisica_ha":null,"superficie_riego_ha":null,"hectareas":1.033},"geometry":{"type":"Polygon","coordinates":[[[-105.215023,27.988686],[-105.218116,27.989049],[-105.218097,27.98925],[-105.218062,27.989367],[-105.215053,27.988988],[-105.215023,27.988686]]]}},{"type":"Feature","properties":{"modulo":12,"idparcela":"8870","productor":"COLORADO ORTEGA JOSE RAFAEL","cultivo":null,"superficie_fisica_ha":1.695,"superficie_riego_ha":1.695,"hectareas":2.353},"geometry":{"type":"Polygon","coordinates":[[[-105.218062,27.989367],[-105.21803,27.989548],[-105.217947,27.989837],[-105.217884,27.990159],[-105.215408,27.989777],[-105.215253,27.989534],[-105.215077,27.989236],[-105.215053,27.988988],[-105.218062,27.989367]]]}},{"type":"Feature","properties":{"modulo":12,"idparcela":"8868","productor":"GONZALEZ TALAMANTES LUIS CARLOS","cultivo":null,"superficie_fisica_ha":2.5,"superficie_riego_ha":2.5,"hectareas":2.758},"geometry":{"type":"Polygon","coordinates":[[[-105.218086,27.988274],[-105.218173,27.988338],[-105.218195,27.98841],[-105.218218,27.98851],[-105.218201,27.988672],[-105.218131,27.988889],[-105.218117,27.989042],[-105.215023,27.988679],[-105.21494,27.987836],[-105.218086,27.988274]]]}},{"type":"Feature","properties":{"modulo":12,"idparcela":"************","productor":null,"cultivo":null,"superficie_fisica_ha":null,"superficie_riego_ha":null,"hectareas":4.213},"geometry":{"type":"Polygon","coordinates":[[[-105.215678,27.98334],[-105.218148,27.983929],[-105.218097,27.984079],[-105.217986,27.984287],[-105.217839,27.98463],[-105.21768,27.984901],[-105.217622,27.985054],[-105.217595,27.985181],[-105.217568,27.985388],[-105.217559,27.985483],[-105.21518,27.984699],[-105.215196,27.984598],[-105.215253,27.984372],[-105.215396,27.984011],[-105.215514,27.983623],[-105.215678,27.98334]]]}},{"type":"Feature","properties":{"modulo":12,"idparcela":"8865","productor":"URQUIDI MARQUEZ MERCED","cultivo":null,"superficie_fisica_ha":1.5,"superficie_riego_ha":1.5,"hectareas":0.9},"geometry":{"type":"Polygon","coordinates":[[[-105.21518,27.984699],[-105.217559,27.985483],[-105.217547,27.985614],[-105.217529,27.98565],[-105.217488,27.985716],[-105.217417,27.985787],[-105.215106,27.985025],[-105.215152,27.984869],[-105.21518,27.984699]]]}},{"type":"Feature","properties":{"modulo":12,"idparcela":"8866","productor":"YA¥EZ BONILLA HECTOR SAUL","cultivo":null,"superficie_fisica_ha":1.8433,"superficie_riego_ha":1.75,"hectareas":2.884},"geometry":{"type":"Polygon","coordinates":[[[-105.215106,27.985025],[-105.217417,27.985787],[-105.217392,27.985822],[-105.217285,27.985948],[-105.217153,27.986147],[-105.217014,27.986355],[-105.216949,27.986511],[-105.216918,27.98668],[-105.216939,27.986896],[-105.215707,27.98651],[-105.214971,27.986295],[-105.214971,27.985961],[-105.215042,27.985546],[-105.215064,27.985167],[-105.215106,27.985025]]]}},{"type":"Feature","properties":{"modulo":12,"idparcela":"8871","productor":"CANO SALAZAR SALVADOR","cultivo":null,"superficie_fisica_ha":2.051,"superficie_riego_ha":2.051,"hectareas":2.608},"geometry":{"type":"Polygon","coordinates":[[[-105.217884,27.990159],[-105.21779,27.990432],[-105.217699,27.990748],[-105.217594,27.991173],[-105.217462,27.991516],[-105.217351,27.991706],[-105.217245,27.991742],[-105.217147,27.991706],[-105.216941,27.991553],[-105.216749,27.991382],[-105.216477,27.991066],[-105.216064,27.990598],[-105.215799,27.990309],[-105.215549,27.989985],[-105.215408,27.989777],[-105.217884,27.990159]]]}},{"type":"Feature","properties":{"modulo":12,"idparcela":"8862","productor":"FLORES CANO ALFONSO","cultivo":null,"superficie_fisica_ha":5,"superficie_riego_ha":5,"hectareas":6.812},"geometry":{"type":"Polygon","coordinates":[[[-105.218433,27.979279],[-105.218496,27.979296],[-105.218549,27.979309],[-105.218345,27.979986],[-105.218141,27.981228],[-105.21796,27.982144],[-105.218076,27.982917],[-105.218215,27.983833],[-105.218148,27.983929],[-105.215678,27.98334],[-105.21608,27.982758],[-105.216767,27.982085],[-105.217063,27.981189],[-105.217199,27.980212],[-105.217601,27.979075],[-105.217648,27.979076],[-105.218433,27.979279]]]}},{"type":"Feature","properties":{"modulo":12,"idparcela":"8685","productor":"GALVAN ANGUIANO FRANCISCO","cultivo":null,"superficie_fisica_ha":5.3604,"superficie_riego_ha":5.3604,"hectareas":4.812},"geometry":{"type":"Polygon","coordinates":[[[-105.244197,27.999034],[-105.244556,27.997018],[-105.244566,27.997019],[-105.245712,27.997124],[-105.245933,27.99715],[-105.246127,27.997113],[-105.246293,27.99704],[-105.246404,27.996977],[-105.246815,27.996679],[-105.246808,27.996824],[-105.246764,27.99749],[-105.24673,27.997552],[-105.246706,27.997592],[-105.24588,27.998974],[-105.245857,27.999016],[-105.245827,27.999071],[-105.245804,27.999112],[-105.24578,27.999155],[-105.245763,27.999186],[-105.245746,27.999226],[-105.24574,27.99924],[-105.24573,27.999265],[-105.245701,27.999335],[-105.245688,27.999365],[-105.24567,27.999408],[-105.245665,27.99942],[-105.24565,27.999455],[-105.245622,27.999484],[-105.245582,27.999488],[-105.245465,27.999428],[-105.245343,27.999402],[-105.245208,27.999365],[-105.245047,27.999295],[-105.245014,27.99925],[-105.24495,27.999229],[-105.244886,27.999236],[-105.24482,27.999235],[-105.244752,27.999206],[-105.244644,27.999171],[-105.244515,27.999128],[-105.244411,27.999099],[-105.244334,27.999079],[-105.244197,27.999034]]]}},{"type":"Feature","properties":{"modulo":12,"idparcela":"8694","productor":"LOZOYA CORRALES PEDRO","cultivo":null,"superficie_fisica_ha":3.1237,"superficie_riego_ha":3.1237,"hectareas":5.43},"geometry":{"type":"Polygon","coordinates":[[[-105.250345,27.997126],[-105.250126,27.99732],[-105.250079,27.997355],[-105.249451,27.997818],[-105.249338,27.997941],[-105.247711,28.000321],[-105.247507,28.000227],[-105.250671,27.99532],[-105.250713,27.995254],[-105.2527,27.992173],[-105.252257,27.99202],[-105.252475,27.991667],[-105.252818,27.991726],[-105.252961,27.991751],[-105.253123,27.991793],[-105.253281,27.991868],[-105.253471,27.991961],[-105.253689,27.992105],[-105.253805,27.992242],[-105.253582,27.992449],[-105.25343,27.992618],[-105.253283,27.992739],[-105.253152,27.992826],[-105.252969,27.992984],[-105.252715,27.993177],[-105.252503,27.993408],[-105.252322,27.99366],[-105.251817,27.994429],[-105.251359,27.995158],[-105.251204,27.995375],[-105.251142,27.99547],[-105.25108,27.995565],[-105.250981,27.995722],[-105.25087,27.995884],[-105.250752,27.996086],[-105.250634,27.996258],[-105.250536,27.996444],[-105.250473,27.996627],[-105.250447,27.996812],[-105.250403,27.996961],[-105.250345,27.997126]]]}},{"type":"Feature","properties":{"modulo":12,"idparcela":"8687","productor":"GALVAN ANGUIANO FRANCISCO","cultivo":null,"superficie_fisica_ha":8.5921,"superficie_riego_ha":8.5921,"hectareas":7.853},"geometry":{"type":"Polygon","coordinates":[[[-105.247304,27.99247],[-105.247179,27.993555],[-105.247164,27.993617],[-105.247149,27.993659],[-105.247006,27.994922],[-105.246994,27.994969],[-105.246992,27.995021],[-105.246954,27.995266],[-105.246792,27.995237],[-105.246556,27.995211],[-105.246543,27.995211],[-105.246494,27.995204],[-105.245701,27.995155],[-105.245474,27.995135],[-105.245268,27.995217],[-105.245211,27.99524],[-105.24497,27.99539],[-105.244821,27.995483],[-105.245186,27.993456],[-105.245604,27.991083],[-105.245661,27.990754],[-105.245739,27.990862],[-105.245967,27.991123],[-105.24628,27.991403],[-105.246561,27.99161],[-105.246818,27.991889],[-105.246887,27.991998],[-105.246972,27.992157],[-105.247162,27.99233],[-105.247241,27.99237],[-105.247311,27.992428],[-105.247304,27.99247]]]}},{"type":"Feature","properties":{"modulo":12,"idparcela":"8689","productor":"GALVAN ANGUIANO FRANCISCO","cultivo":null,"superficie_fisica_ha":12.7013,"superficie_riego_ha":12.7013,"hectareas":9.791},"geometry":{"type":"Polygon","coordinates":[[[-105.248874,27.994087],[-105.247981,27.993026],[-105.247641,27.992616],[-105.247496,27.992441],[-105.247412,27.992346],[-105.247256,27.992268],[-105.247108,27.992114],[-105.247001,27.991952],[-105.246837,27.99175],[-105.246655,27.991564],[-105.246394,27.991382],[-105.246157,27.991149],[-105.245987,27.99094],[-105.245839,27.990818],[-105.245788,27.990735],[-105.245739,27.990628],[-105.245717,27.990493],[-105.245771,27.990393],[-105.245861,27.990312],[-105.245979,27.990283],[-105.246132,27.990283],[-105.246357,27.990286],[-105.246676,27.990303],[-105.246803,27.9903],[-105.247676,27.990453],[-105.248049,27.990515],[-105.249436,27.990886],[-105.250008,27.991011],[-105.250315,27.991053],[-105.250734,27.991152],[-105.248874,27.994087]]]}},{"type":"Feature","properties":{"modulo":12,"idparcela":"************","productor":null,"cultivo":null,"superficie_fisica_ha":null,"superficie_riego_ha":null,"hectareas":2.745},"geometry":{"type":"Polygon","coordinates":[[[-105.243248,27.991795],[-105.243722,27.991509],[-105.242528,27.998301],[-105.242204,27.998197],[-105.243248,27.991795]]]}},{"type":"Feature","properties":{"modulo":12,"idparcela":"************","productor":null,"cultivo":null,"superficie_fisica_ha":null,"superficie_riego_ha":null,"hectareas":3.91},"geometry":{"type":"Polygon","coordinates":[[[-105.241111,27.992976],[-105.24203,27.992507],[-105.24115,27.997895],[-105.240606,27.997744],[-105.241096,27.993118],[-105.241111,27.992976]]]}},{"type":"Feature","properties":{"modulo":12,"idparcela":"************","productor":null,"cultivo":null,"superficie_fisica_ha":null,"superficie_riego_ha":null,"hectareas":2.037},"geometry":{"type":"Polygon","coordinates":[[[-105.24164,27.998033],[-105.242595,27.992181],[-105.242941,27.991977],[-105.241939,27.998118],[-105.24164,27.998033]]]}},{"type":"Feature","properties":{"modulo":12,"idparcela":"************","productor":null,"cultivo":null,"superficie_fisica_ha":null,"superficie_riego_ha":null,"hectareas":5.847},"geometry":{"type":"Polygon","coordinates":[[[-105.243722,27.991509],[-105.243892,27.991407],[-105.244576,27.99101],[-105.243208,27.998612],[-105.243182,27.998601],[-105.24279,27.998394],[-105.242528,27.998301],[-105.243722,27.991509]]]}},{"type":"Feature","properties":{"modulo":12,"idparcela":"************","productor":null,"cultivo":null,"superficie_fisica_ha":null,"superficie_riego_ha":null,"hectareas":9.255},"geometry":{"type":"Polygon","coordinates":[[[-105.244576,27.99101],[-105.244904,27.990819],[-105.245399,27.990502],[-105.245461,27.990502],[-105.245506,27.990538],[-105.24557,27.990628],[-105.245661,27.990754],[-105.245604,27.991083],[-105.245186,27.993456],[-105.244821,27.995483],[-105.24482,27.995485],[-105.244566,27.997019],[-105.244556,27.997018],[-105.244197,27.999034],[-105.244162,27.999026],[-105.244106,27.998998],[-105.24402,27.998939],[-105.244011,27.998931],[-105.243208,27.998612],[-105.244576,27.99101]]]}},{"type":"Feature","properties":{"modulo":12,"idparcela":"************","productor":null,"cultivo":null,"superficie_fisica_ha":null,"superficie_riego_ha":null,"hectareas":9.738},"geometry":{"type":"Polygon","coordinates":[[[-105.258543,27.999431],[-105.256611,28.00238],[-105.255618,28.001481],[-105.254884,28.000809],[-105.254703,28.000672],[-105.254518,28.000517],[-105.255829,27.998504],[-105.256148,27.998034],[-105.258543,27.999431]]]}},{"type":"Feature","properties":{"modulo":12,"idparcela":"************","productor":null,"cultivo":null,"superficie_fisica_ha":null,"superficie_riego_ha":null,"hectareas":3.63},"geometry":{"type":"Polygon","coordinates":[[[-105.252837,28.002807],[-105.252969,28.002852],[-105.253595,28.002947],[-105.254032,28.002993],[-105.254411,28.003004],[-105.254901,28.002997],[-105.255254,28.002932],[-105.255572,28.002835],[-105.255818,28.002727],[-105.25603,28.002626],[-105.2562,28.002508],[-105.256323,28.002369],[-105.256427,28.002449],[-105.25659,28.002576],[-105.256779,28.002646],[-105.25726,28.002537],[-105.257438,28.002531],[-105.257638,28.002521],[-105.257707,28.002587],[-105.257706,28.002647],[-105.257605,28.002694],[-105.257423,28.002767],[-105.256964,28.00294],[-105.2566,28.003074],[-105.256364,28.003161],[-105.255931,28.003287],[-105.255533,28.003468],[-105.255275,28.003618],[-105.255033,28.003759],[-105.254884,28.003798],[-105.254666,28.003806],[-105.254253,28.003766],[-105.253471,28.003703],[-105.25243,28.003627],[-105.252265,28.003567],[-105.252492,28.003248],[-105.252749,28.002919],[-105.252837,28.002807]]]}},{"type":"Feature","properties":{"modulo":12,"idparcela":"************","productor":null,"cultivo":null,"superficie_fisica_ha":null,"superficie_riego_ha":null,"hectareas":7.311},"geometry":{"type":"Polygon","coordinates":[[[-105.254955,27.999594],[-105.254719,27.99996],[-105.254565,28.000191],[-105.254483,28.000286],[-105.254383,28.000355],[-105.254298,28.000346],[-105.25352,27.999671],[-105.252836,27.999113],[-105.252741,27.999006],[-105.252687,27.998942],[-105.252491,27.998776],[-105.253286,27.99763],[-105.253858,27.996798],[-105.256077,27.997916],[-105.255738,27.998399],[-105.254955,27.999594]]]}},{"type":"Feature","properties":{"modulo":12,"idparcela":"************","productor":null,"cultivo":null,"superficie_fisica_ha":null,"superficie_riego_ha":null,"hectareas":3.119},"geometry":{"type":"Polygon","coordinates":[[[-105.24203,27.992507],[-105.242173,27.99243],[-105.242595,27.992181],[-105.24164,27.998033],[-105.241429,27.997972],[-105.24115,27.997895],[-105.24203,27.992507]]]}},{"type":"Feature","properties":{"modulo":12,"idparcela":"8681","productor":"COLORADO ORTEGA JESUS","cultivo":null,"superficie_fisica_ha":2.5112,"superficie_riego_ha":2.5112,"hectareas":1.888},"geometry":{"type":"Polygon","coordinates":[[[-105.242941,27.991977],[-105.24317,27.991842],[-105.243248,27.991795],[-105.242204,27.998197],[-105.242118,27.99817],[-105.241939,27.998118],[-105.242941,27.991977]]]}},{"type":"Feature","properties":{"modulo":12,"idparcela":"8876","productor":"FUENTES DE VILLOTA MARGARITA","cultivo":null,"superficie_fisica_ha":3,"superficie_riego_ha":3,"hectareas":0.872},"geometry":{"type":"Polygon","coordinates":[[[-105.250552,28.002683],[-105.250635,28.002674],[-105.25089,28.002808],[-105.251083,28.002871],[-105.251331,28.002934],[-105.251692,28.003059],[-105.251943,28.003104],[-105.252139,28.003194],[-105.252279,28.003248],[-105.252346,28.003247],[-105.252383,28.003247],[-105.252363,28.003281],[-105.252176,28.003537],[-105.252051,28.00353],[-105.251452,28.003459],[-105.251064,28.003324],[-105.250779,28.003208],[-105.250543,28.003118],[-105.250295,28.002985],[-105.250325,28.002903],[-105.250419,28.002893],[-105.250492,28.002813],[-105.250552,28.002683]]]}},{"type":"Feature","properties":{"modulo":12,"idparcela":"8703","productor":"BARRIOS MORALES BERTHA OLIVIA","cultivo":null,"superficie_fisica_ha":3.1659,"superficie_riego_ha":3,"hectareas":3.091},"geometry":{"type":"Polygon","coordinates":[[[-105.253892,27.99675],[-105.253858,27.996798],[-105.253286,27.99763],[-105.250962,27.996353],[-105.251173,27.995991],[-105.251396,27.995721],[-105.251545,27.99545],[-105.251826,27.995605],[-105.253481,27.996521],[-105.253892,27.99675]]]}},{"type":"Feature","properties":{"modulo":12,"idparcela":"8708","productor":"BARRIOS MORALES JULIETA","cultivo":null,"superficie_fisica_ha":3,"superficie_riego_ha":3,"hectareas":3.103},"geometry":{"type":"Polygon","coordinates":[[[-105.253286,27.99763],[-105.252491,27.998776],[-105.252236,27.998556],[-105.252056,27.998395],[-105.251391,27.997838],[-105.250975,27.997463],[-105.250883,27.997339],[-105.250805,27.997203],[-105.250723,27.99707],[-105.250689,27.996901],[-105.250765,27.996669],[-105.250962,27.996353],[-105.253286,27.99763]]]}},{"type":"Feature","properties":{"modulo":12,"idparcela":"8712","productor":"VILLOTA FUENTES PEDRO","cultivo":null,"superficie_fisica_ha":10,"superficie_riego_ha":10,"hectareas":5.681},"geometry":{"type":"Polygon","coordinates":[[[-105.255569,27.994277],[-105.255791,27.993943],[-105.255866,27.993842],[-105.255899,27.993793],[-105.255988,27.993662],[-105.25605,27.99357],[-105.256156,27.993413],[-105.256581,27.992783],[-105.256631,27.992707],[-105.256979,27.992823],[-105.258012,27.993084],[-105.258785,27.99328],[-105.259126,27.993379],[-105.259042,27.993481],[-105.257787,27.995356],[-105.257769,27.995384],[-105.255569,27.994277]]]}},{"type":"Feature","properties":{"modulo":12,"idparcela":"************","productor":null,"cultivo":null,"superficie_fisica_ha":null,"superficie_riego_ha":null,"hectareas":0.887},"geometry":{"type":"Polygon","coordinates":[[[-105.247255,27.993593],[-105.247263,27.993561],[-105.247388,27.99251],[-105.247892,27.993102],[-105.24832,27.993602],[-105.24879,27.994125],[-105.247927,27.993833],[-105.247666,27.993624],[-105.247255,27.993593]]]}},{"type":"Feature","properties":{"modulo":12,"idparcela":"************","productor":null,"cultivo":null,"superficie_fisica_ha":null,"superficie_riego_ha":null,"hectareas":4.765},"geometry":{"type":"Polygon","coordinates":[[[-105.250833,27.991189],[-105.251339,27.991295],[-105.251647,27.991393],[-105.252025,27.991515],[-105.251457,27.992372],[-105.249933,27.994838],[-105.249202,27.994322],[-105.24897,27.99415],[-105.248948,27.994125],[-105.24933,27.993543],[-105.249599,27.99313],[-105.250127,27.992316],[-105.250833,27.991189]]]}},{"type":"Feature","properties":{"modulo":12,"idparcela":"************","productor":null,"cultivo":null,"superficie_fisica_ha":null,"superficie_riego_ha":null,"hectareas":4.808},"geometry":{"type":"Polygon","coordinates":[[[-105.252025,27.991515],[-105.252246,27.991608],[-105.252366,27.991642],[-105.252475,27.991667],[-105.252253,27.992027],[-105.250326,27.99507],[-105.250279,27.995146],[-105.249049,27.997087],[-105.247153,28.000066],[-105.246774,27.99991],[-105.248554,27.99707],[-105.249396,27.995693],[-105.249881,27.994908],[-105.249933,27.994838],[-105.251457,27.992372],[-105.252025,27.991515]]]}},{"type":"Feature","properties":{"modulo":12,"idparcela":"8693","productor":"ALVIDREZ GANDARA INES","cultivo":null,"superficie_fisica_ha":4.75,"superficie_riego_ha":4.75,"hectareas":4.325},"geometry":{"type":"Polygon","coordinates":[[[-105.252257,27.99202],[-105.2527,27.992173],[-105.250713,27.995254],[-105.250671,27.99532],[-105.247507,28.000227],[-105.247237,28.000101],[-105.247153,28.000066],[-105.249049,27.997087],[-105.250279,27.995146],[-105.250326,27.99507],[-105.252253,27.992027],[-105.252257,27.99202]]]}},{"type":"Feature","properties":{"modulo":12,"idparcela":"9461","productor":"ORTEGA DE COLORADO MARGARITA","cultivo":null,"superficie_fisica_ha":1.0187,"superficie_riego_ha":1.0187,"hectareas":3.354},"geometry":{"type":"Polygon","coordinates":[[[-105.250521,28.001431],[-105.250336,28.001811],[-105.249976,28.002283],[-105.249509,28.00201],[-105.248998,28.001707],[-105.248462,28.001422],[-105.247761,28.000985],[-105.24708,28.000496],[-105.246646,28.000231],[-105.246265,27.999963],[-105.24582,27.999683],[-105.245489,27.999573],[-105.245001,27.999399],[-105.24444,27.999211],[-105.24418,27.999069],[-105.244106,27.998998],[-105.244162,27.999026],[-105.244197,27.999034],[-105.244334,27.999079],[-105.244411,27.999099],[-105.244515,27.999128],[-105.244644,27.999171],[-105.244752,27.999206],[-105.24482,27.999235],[-105.244886,27.999236],[-105.24495,27.999229],[-105.245014,27.99925],[-105.245047,27.999295],[-105.245208,27.999365],[-105.245343,27.999402],[-105.245465,27.999428],[-105.245505,27.999448],[-105.245582,27.999488],[-105.245622,27.999484],[-105.24565,27.999455],[-105.245665,27.99942],[-105.24567,27.999408],[-105.245688,27.999365],[-105.245701,27.999335],[-105.24573,27.999265],[-105.24574,27.99924],[-105.245746,27.999226],[-105.245763,27.999186],[-105.24578,27.999155],[-105.245804,27.999112],[-105.245809,27.999204],[-105.245806,27.999236],[-105.2458,27.999264],[-105.245799,27.999295],[-105.245793,27.999362],[-105.24579,27.999412],[-105.245798,27.999421],[-105.245947,27.999495],[-105.246053,27.999545],[-105.246129,27.999578],[-105.246241,27.999631],[-105.246329,27.999662],[-105.246543,27.999797],[-105.246729,27.999917],[-105.246763,27.999943],[-105.246791,27.999954],[-105.246925,28.000002],[-105.247132,28.000095],[-105.24723,28.000132],[-105.247493,28.000259],[-105.247701,28.00035],[-105.247839,28.000401],[-105.248118,28.000503],[-105.248473,28.000634],[-105.248902,28.000741],[-105.249182,28.001031],[-105.249462,28.001198],[-105.249832,28.001287],[-105.250174,28.001329],[-105.250375,28.001328],[-105.250464,28.001344],[-105.250521,28.001431]]]}},{"type":"Feature","properties":{"modulo":12,"idparcela":"8706","productor":"BARRIOS MORALES JAVIER","cultivo":null,"superficie_fisica_ha":11,"superficie_riego_ha":11,"hectareas":11.262},"geometry":{"type":"Polygon","coordinates":[[[-105.247711,28.000321],[-105.249338,27.997941],[-105.249451,27.997818],[-105.250079,27.997355],[-105.250126,27.99732],[-105.250345,27.997126],[-105.250371,27.997207],[-105.250433,27.997342],[-105.250551,27.997496],[-105.250704,27.997631],[-105.25128,27.998074],[-105.251527,27.998287],[-105.251716,27.998465],[-105.251903,27.998639],[-105.252134,27.998819],[-105.252273,27.998937],[-105.251943,27.99941],[-105.250589,28.001415],[-105.250554,28.001388],[-105.250503,28.001313],[-105.250389,28.001295],[-105.250183,28.001289],[-105.249844,28.00123],[-105.249505,28.001161],[-105.249215,28.000982],[-105.248929,28.000693],[-105.248495,28.000604],[-105.247711,28.000321]]]}},{"type":"Feature","properties":{"modulo":12,"idparcela":"8715","productor":"VILLOTA FUENTES MA. DEL CARMEN","cultivo":null,"superficie_fisica_ha":13,"superficie_riego_ha":13,"hectareas":10.157},"geometry":{"type":"Polygon","coordinates":[[[-105.250001,28.00231],[-105.250361,28.001831],[-105.250589,28.001415],[-105.251943,27.99941],[-105.252273,27.998937],[-105.252388,27.999008],[-105.252951,27.999513],[-105.254108,28.000494],[-105.254133,28.000557],[-105.254108,28.000648],[-105.254026,28.000774],[-105.253447,28.001669],[-105.25275,28.002777],[-105.252462,28.003152],[-105.252403,28.003228],[-105.252383,28.003247],[-105.252279,28.003248],[-105.252139,28.003194],[-105.251943,28.003104],[-105.251692,28.003059],[-105.251331,28.002934],[-105.251083,28.002871],[-105.25089,28.002808],[-105.250635,28.002674],[-105.250552,28.002683],[-105.250503,28.002631],[-105.250357,28.002504],[-105.250209,28.002414],[-105.250001,28.00231]]]}},{"type":"Feature","properties":{"modulo":12,"idparcela":"************","productor":null,"cultivo":null,"superficie_fisica_ha":null,"superficie_riego_ha":null,"hectareas":4.971},"geometry":{"type":"Polygon","coordinates":[[[-105.256323,28.002369],[-105.2562,28.002508],[-105.25603,28.002626],[-105.255818,28.002727],[-105.255572,28.002835],[-105.255254,28.002932],[-105.254901,28.002997],[-105.254411,28.003004],[-105.254032,28.002993],[-105.253595,28.002947],[-105.252969,28.002852],[-105.252837,28.002807],[-105.254274,28.00059],[-105.254347,28.000655],[-105.254775,28.001013],[-105.254922,28.00114],[-105.254984,28.001193],[-105.25596,28.002056],[-105.256323,28.002369]]]}},{"type":"Feature","properties":{"modulo":12,"idparcela":"8709","productor":"VILLOTA FUENTES MARIA TERESA","cultivo":null,"superficie_fisica_ha":2.6857,"superficie_riego_ha":2.6857,"hectareas":4.035},"geometry":{"type":"Polygon","coordinates":[[[-105.260861,27.986489],[-105.261268,27.985917],[-105.261365,27.98578],[-105.263166,27.985795],[-105.263719,27.986662],[-105.262814,27.988018],[-105.2626,27.98778],[-105.261114,27.986607],[-105.260861,27.986489]]]}},{"type":"Feature","properties":{"modulo":12,"idparcela":"************","productor":null,"cultivo":null,"superficie_fisica_ha":null,"superficie_riego_ha":null,"hectareas":4.926},"geometry":{"type":"Polygon","coordinates":[[[-105.259766,27.988028],[-105.258644,27.989723],[-105.258608,27.989714],[-105.256273,27.989143],[-105.256598,27.988697],[-105.257536,27.9875],[-105.257661,27.987506],[-105.259566,27.987979],[-105.25962,27.987992],[-105.259766,27.988028]]]}},{"type":"Feature","properties":{"modulo":12,"idparcela":"************","productor":null,"cultivo":null,"superficie_fisica_ha":null,"superficie_riego_ha":null,"hectareas":5.564},"geometry":{"type":"Polygon","coordinates":[[[-105.259766,27.988028],[-105.25962,27.987992],[-105.259566,27.987979],[-105.257661,27.987506],[-105.257536,27.9875],[-105.258847,27.985748],[-105.261365,27.98578],[-105.259766,27.988028]]]}},{"type":"Feature","properties":{"modulo":12,"idparcela":"************","productor":null,"cultivo":null,"superficie_fisica_ha":null,"superficie_riego_ha":null,"hectareas":3.087},"geometry":{"type":"Polygon","coordinates":[[[-105.256581,27.992783],[-105.256156,27.993413],[-105.25605,27.99357],[-105.255988,27.993662],[-105.255899,27.993793],[-105.255866,27.993842],[-105.255791,27.993943],[-105.253693,27.992799],[-105.253812,27.992725],[-105.253887,27.992662],[-105.25401,27.992536],[-105.254084,27.992502],[-105.254219,27.992421],[-105.254278,27.99233],[-105.254238,27.992175],[-105.254425,27.992143],[-105.254557,27.992126],[-105.254768,27.992125],[-105.255038,27.992208],[-105.25515,27.992238],[-105.255243,27.992261],[-105.255472,27.99232],[-105.255661,27.992394],[-105.255782,27.992431],[-105.256083,27.992513],[-105.256324,27.992568],[-105.256631,27.992707],[-105.256581,27.992783]]]}},{"type":"Feature","properties":{"modulo":12,"idparcela":"************","productor":null,"cultivo":null,"superficie_fisica_ha":null,"superficie_riego_ha":null,"hectareas":3.113},"geometry":{"type":"Polygon","coordinates":[[[-105.255182,27.994846],[-105.254448,27.994438],[-105.253008,27.993731],[-105.252933,27.993698],[-105.252782,27.993591],[-105.25285,27.993464],[-105.25293,27.993375],[-105.253056,27.99326],[-105.253235,27.993106],[-105.253332,27.993042],[-105.253604,27.992852],[-105.253693,27.992799],[-105.255791,27.993943],[-105.255569,27.994277],[-105.255538,27.99432],[-105.255502,27.994372],[-105.255468,27.994421],[-105.255443,27.994461],[-105.255404,27.994518],[-105.255357,27.994586],[-105.255324,27.994635],[-105.255293,27.994681],[-105.255261,27.994729],[-105.255229,27.994776],[-105.255214,27.994799],[-105.255182,27.994846]]]}},{"type":"Feature","properties":{"modulo":12,"idparcela":"8713","productor":"VILLOTA FUENTES LUIS ARMANDO","cultivo":null,"superficie_fisica_ha":10,"superficie_riego_ha":10,"hectareas":8.11},"geometry":{"type":"Polygon","coordinates":[[[-105.255569,27.994277],[-105.257769,27.995384],[-105.256077,27.997916],[-105.253858,27.996798],[-105.253892,27.99675],[-105.253917,27.996714],[-105.254025,27.996555],[-105.254144,27.996379],[-105.254267,27.996199],[-105.254348,27.996079],[-105.254432,27.995955],[-105.254532,27.995805],[-105.254541,27.995792],[-105.254585,27.995727],[-105.254659,27.995616],[-105.25471,27.995543],[-105.254861,27.995319],[-105.254888,27.99528],[-105.254915,27.99524],[-105.254935,27.995209],[-105.254956,27.995179],[-105.25498,27.995143],[-105.255004,27.995109],[-105.25503,27.995071],[-105.255055,27.995032],[-105.25508,27.994996],[-105.255117,27.994943],[-105.25515,27.994894],[-105.255182,27.994846],[-105.255214,27.994799],[-105.255229,27.994776],[-105.255261,27.994729],[-105.255293,27.994681],[-105.255324,27.994635],[-105.255357,27.994586],[-105.255404,27.994518],[-105.255443,27.994461],[-105.255468,27.994421],[-105.255502,27.994372],[-105.255538,27.99432],[-105.255569,27.994277]]]}},{"type":"Feature","properties":{"modulo":12,"idparcela":"8716","productor":"ECHANIZ CHAVEZ MARTIN","cultivo":null,"superficie_fisica_ha":10.6863,"superficie_riego_ha":10.6863,"hectareas":14.387},"geometry":{"type":"Polygon","coordinates":[[[-105.262161,27.994031],[-105.262114,27.994026],[-105.261674,27.993899],[-105.261061,27.993743],[-105.259702,27.993373],[-105.259354,27.993281],[-105.259819,27.992612],[-105.261069,27.99081],[-105.262273,27.98899],[-105.264729,27.990233],[-105.264002,27.991273],[-105.263956,27.991342],[-105.262161,27.994031]]]}},{"type":"Feature","properties":{"modulo":12,"idparcela":"8721","productor":"TORRES CALDERON JESUS ESTELA","cultivo":null,"superficie_fisica_ha":12,"superficie_riego_ha":12,"hectareas":10.278},"geometry":{"type":"Polygon","coordinates":[[[-105.256611,28.00238],[-105.258543,27.999431],[-105.259006,27.998723],[-105.25904,27.998748],[-105.260421,27.999769],[-105.261293,28.000414],[-105.260431,28.001603],[-105.260426,28.001725],[-105.260413,28.001788],[-105.260372,28.001896],[-105.260293,28.002041],[-105.260024,28.002113],[-105.259771,28.002204],[-105.259232,28.00235],[-105.259092,28.002377],[-105.258909,28.002413],[-105.258723,28.002432],[-105.258509,28.002432],[-105.257816,28.002415],[-105.257242,28.002407],[-105.257121,28.002417],[-105.256963,28.002453],[-105.256852,28.00248],[-105.256757,28.002471],[-105.256673,28.002436],[-105.256611,28.00238]]]}},{"type":"Feature","properties":{"modulo":12,"idparcela":"************","productor":null,"cultivo":null,"superficie_fisica_ha":null,"superficie_riego_ha":null,"hectareas":7.881},"geometry":{"type":"Polygon","coordinates":[[[-105.261963,27.994276],[-105.260905,27.995821],[-105.260772,27.996029],[-105.260337,27.996701],[-105.257889,27.995469],[-105.259266,27.993435],[-105.261963,27.994276]]]}},{"type":"Feature","properties":{"modulo":12,"idparcela":"************","productor":null,"cultivo":null,"superficie_fisica_ha":null,"superficie_riego_ha":null,"hectareas":9.496},"geometry":{"type":"Polygon","coordinates":[[[-105.256148,27.998034],[-105.257889,27.995469],[-105.260337,27.996701],[-105.260297,27.996762],[-105.259042,27.998702],[-105.259006,27.998723],[-105.258543,27.999431],[-105.256148,27.998034]]]}},{"type":"Feature","properties":{"modulo":12,"idparcela":"8690","productor":"CHAPA RAMOS GABINO","cultivo":null,"superficie_fisica_ha":7.9843,"superficie_riego_ha":7.9843,"hectareas":6.635},"geometry":{"type":"Polygon","coordinates":[[[-105.248412,27.994947],[-105.249396,27.995693],[-105.248554,27.99707],[-105.246774,27.99991],[-105.246567,27.999773],[-105.246328,27.999631],[-105.246173,27.999562],[-105.246074,27.999521],[-105.245954,27.999462],[-105.245839,27.999406],[-105.245846,27.999282],[-105.245857,27.999176],[-105.245864,27.999126],[-105.245915,27.99904],[-105.246824,27.997554],[-105.246825,27.997536],[-105.246832,27.997525],[-105.246851,27.997495],[-105.247906,27.995768],[-105.248397,27.994971],[-105.248412,27.994947]]]}},{"type":"Feature","properties":{"modulo":12,"idparcela":"************","productor":null,"cultivo":null,"superficie_fisica_ha":null,"superficie_riego_ha":null,"hectareas":1.207},"geometry":{"type":"Polygon","coordinates":[[[-105.249396,27.995693],[-105.248412,27.994947],[-105.248878,27.994191],[-105.248915,27.994218],[-105.249881,27.994908],[-105.249396,27.995693]]]}},{"type":"Feature","properties":{"modulo":12,"idparcela":"************","productor":null,"cultivo":null,"superficie_fisica_ha":null,"superficie_riego_ha":null,"hectareas":1.676},"geometry":{"type":"Polygon","coordinates":[[[-105.236733,27.995824],[-105.236923,27.996033],[-105.237107,27.996225],[-105.237193,27.9964],[-105.237345,27.996552],[-105.237516,27.996686],[-105.237761,27.996814],[-105.238011,27.996866],[-105.238116,27.996919],[-105.238419,27.997029],[-105.238822,27.997169],[-105.240516,27.997781],[-105.241076,27.997936],[-105.241449,27.998035],[-105.241338,27.998046],[-105.241003,27.998012],[-105.23969,27.997658],[-105.239085,27.997583],[-105.237716,27.997515],[-105.237519,27.997434],[-105.237308,27.997248],[-105.237156,27.996842],[-105.237102,27.996635],[-105.236971,27.996293],[-105.236821,27.996015],[-105.236733,27.995824]]]}},{"type":"Feature","properties":{"modulo":12,"idparcela":"************","productor":null,"cultivo":null,"superficie_fisica_ha":null,"superficie_riego_ha":null,"hectareas":15.922},"geometry":{"type":"Polygon","coordinates":[[[-105.240606,27.997744],[-105.23805,27.99682],[-105.237728,27.996735],[-105.237469,27.996592],[-105.237308,27.996459],[-105.237178,27.996268],[-105.237092,27.996145],[-105.236628,27.995659],[-105.236025,27.995326],[-105.235498,27.995193],[-105.235315,27.995003],[-105.235143,27.994927],[-105.234593,27.994484],[-105.236862,27.994313],[-105.237926,27.994178],[-105.238657,27.993986],[-105.239829,27.993605],[-105.240322,27.993376],[-105.241049,27.993013],[-105.241111,27.992976],[-105.240606,27.997744]]]}},{"type":"Feature","properties":{"modulo":12,"idparcela":"8686","productor":"GALVAN ANGUIANO FRANCISCO","cultivo":null,"superficie_fisica_ha":4.5,"superficie_riego_ha":4.5,"hectareas":4.258},"geometry":{"type":"Polygon","coordinates":[[[-105.246792,27.995237],[-105.246954,27.995266],[-105.246894,27.995855],[-105.246837,27.99655],[-105.246827,27.996587],[-105.246815,27.996679],[-105.246404,27.996977],[-105.246293,27.99704],[-105.246127,27.997113],[-105.245933,27.99715],[-105.245712,27.997124],[-105.244566,27.997019],[-105.24482,27.995485],[-105.244821,27.995483],[-105.24497,27.99539],[-105.245211,27.99524],[-105.245268,27.995217],[-105.245474,27.995135],[-105.245701,27.995155],[-105.246494,27.995204],[-105.246543,27.995211],[-105.246556,27.995211],[-105.246792,27.995237]]]}},{"type":"Feature","properties":{"modulo":12,"idparcela":"8688","productor":"GALVAN LICON KARIM RENE","cultivo":null,"superficie_fisica_ha":2.482,"superficie_riego_ha":2.482,"hectareas":3.647},"geometry":{"type":"Polygon","coordinates":[[[-105.247224,27.993658],[-105.247615,27.993667],[-105.247896,27.993898],[-105.248784,27.994188],[-105.248878,27.994191],[-105.248412,27.994947],[-105.248397,27.994971],[-105.247906,27.995768],[-105.246851,27.997495],[-105.246906,27.996634],[-105.246912,27.996622],[-105.246975,27.995846],[-105.247063,27.99498],[-105.247072,27.99494],[-105.247074,27.994921],[-105.247224,27.993658]]]}},{"type":"Feature","properties":{"modulo":12,"idparcela":"************","productor":null,"cultivo":null,"superficie_fisica_ha":null,"superficie_riego_ha":null,"hectareas":3.363},"geometry":{"type":"Polygon","coordinates":[[[-105.251545,27.99545],[-105.252167,27.994502],[-105.252314,27.994558],[-105.254541,27.995792],[-105.254532,27.995805],[-105.254432,27.995955],[-105.254348,27.996079],[-105.254267,27.996199],[-105.254144,27.996379],[-105.254025,27.996555],[-105.253917,27.996714],[-105.253892,27.99675],[-105.253481,27.996521],[-105.251826,27.995605],[-105.251545,27.99545]]]}},{"type":"Feature","properties":{"modulo":12,"idparcela":"************","productor":null,"cultivo":null,"superficie_fisica_ha":null,"superficie_riego_ha":null,"hectareas":3.255},"geometry":{"type":"Polygon","coordinates":[[[-105.253008,27.993731],[-105.254448,27.994438],[-105.255182,27.994846],[-105.25515,27.994894],[-105.255117,27.994943],[-105.25508,27.994996],[-105.255055,27.995032],[-105.25503,27.995071],[-105.255004,27.995109],[-105.25498,27.995143],[-105.254956,27.995179],[-105.254935,27.995209],[-105.254915,27.99524],[-105.254888,27.99528],[-105.254861,27.995319],[-105.25471,27.995543],[-105.254659,27.995616],[-105.254585,27.995727],[-105.254541,27.995792],[-105.252314,27.994558],[-105.252167,27.994502],[-105.252274,27.994332],[-105.252455,27.994056],[-105.252782,27.993591],[-105.252933,27.993698],[-105.253008,27.993731]]]}},{"type":"Feature","properties":{"modulo":12,"idparcela":"8722","productor":"LOPEZ TORRES OCTAVIO","cultivo":null,"superficie_fisica_ha":15,"superficie_riego_ha":15,"hectareas":12.965},"geometry":{"type":"Polygon","coordinates":[[[-105.259006,27.998723],[-105.259042,27.998702],[-105.260297,27.996762],[-105.260337,27.996701],[-105.260772,27.996029],[-105.261394,27.995971],[-105.261962,27.996029],[-105.262375,27.996098],[-105.262471,27.996104],[-105.262802,27.996202],[-105.263201,27.99645],[-105.263814,27.996855],[-105.263903,27.99691],[-105.261293,28.000414],[-105.260421,27.999769],[-105.25904,27.998748],[-105.259006,27.998723]]]}},{"type":"Feature","properties":{"modulo":12,"idparcela":"8695","productor":"LOPEZ VELARDE ROMERO MAURO","cultivo":null,"superficie_fisica_ha":44.8941,"superficie_riego_ha":44.8941,"hectareas":37.796},"geometry":{"type":"Polygon","coordinates":[[[-105.253291,27.984289],[-105.253518,27.98408],[-105.255326,27.982421],[-105.255342,27.9824],[-105.256928,27.983969],[-105.25586,27.985617],[-105.252096,27.991409],[-105.251858,27.991285],[-105.251183,27.991083],[-105.249217,27.990667],[-105.248887,27.990585],[-105.248204,27.990415],[-105.24804,27.990374],[-105.247715,27.990329],[-105.247374,27.990287],[-105.247099,27.990234],[-105.246989,27.990207],[-105.246911,27.990142],[-105.247159,27.989915],[-105.247446,27.989652],[-105.247691,27.989427],[-105.248742,27.988462],[-105.249725,27.987561],[-105.250751,27.98662],[-105.250838,27.98654],[-105.252076,27.985404],[-105.252646,27.984881],[-105.253291,27.984289]]]}},{"type":"Feature","properties":{"modulo":12,"idparcela":"8696","productor":"LOPEZ VELARDE ROMERO MAURO","cultivo":null,"superficie_fisica_ha":2.1183,"superficie_riego_ha":2.1183,"hectareas":4.679},"geometry":{"type":"Polygon","coordinates":[[[-105.25586,27.985617],[-105.256928,27.983969],[-105.257276,27.984334],[-105.256313,27.98584],[-105.25259,27.991537],[-105.252395,27.991509],[-105.252096,27.991409],[-105.25586,27.985617]]]}},{"type":"Feature","properties":{"modulo":12,"idparcela":"8697","productor":"LOPEZ VELARDE ROMERO MAURO","cultivo":null,"superficie_fisica_ha":2.4574,"superficie_riego_ha":2.4574,"hectareas":4.816},"geometry":{"type":"Polygon","coordinates":[[[-105.257276,27.984334],[-105.257708,27.984776],[-105.256814,27.986088],[-105.253102,27.991623],[-105.252855,27.991576],[-105.25259,27.991537],[-105.256313,27.98584],[-105.257276,27.984334]]]}},{"type":"Feature","properties":{"modulo":12,"idparcela":"8698","productor":"LOPEZ VELARDE URRUTIA MAURO","cultivo":null,"superficie_fisica_ha":6.472,"superficie_riego_ha":6.472,"hectareas":9.069},"geometry":{"type":"Polygon","coordinates":[[[-105.257708,27.984776],[-105.258525,27.985621],[-105.253985,27.991954],[-105.253929,27.992009],[-105.25377,27.99194],[-105.253518,27.991803],[-105.2533,27.991689],[-105.253102,27.991623],[-105.256814,27.986088],[-105.257708,27.984776]]]}},{"type":"Feature","properties":{"modulo":12,"idparcela":"8712","productor":"VILLOTA FUENTES PEDRO","cultivo":null,"superficie_fisica_ha":10,"superficie_riego_ha":10,"hectareas":7.053},"geometry":{"type":"Polygon","coordinates":[[[-105.260436,27.99151],[-105.259254,27.993247],[-105.256741,27.992591],[-105.257482,27.991372],[-105.257741,27.99103],[-105.25788,27.990862],[-105.258462,27.989995],[-105.260436,27.99151]]]}},{"type":"Feature","properties":{"modulo":12,"idparcela":"8710","productor":"VILLOTA FUENTES PAULA ISELA","cultivo":null,"superficie_fisica_ha":2.6895,"superficie_riego_ha":2.6895,"hectareas":5.684},"geometry":{"type":"Polygon","coordinates":[[[-105.262814,27.988018],[-105.262822,27.988049],[-105.261674,27.989703],[-105.260115,27.988473],[-105.259661,27.988187],[-105.259766,27.988028],[-105.259954,27.987765],[-105.260861,27.986489],[-105.261114,27.986607],[-105.2626,27.98778],[-105.262814,27.988018]]]}},{"type":"Feature","properties":{"modulo":12,"idparcela":"8711","productor":"FUENTES DE VILLOTA MARGARITA","cultivo":null,"superficie_fisica_ha":5.379,"superficie_riego_ha":5.379,"hectareas":5.971},"geometry":{"type":"Polygon","coordinates":[[[-105.261674,27.989703],[-105.260436,27.99151],[-105.258462,27.989995],[-105.258644,27.989723],[-105.259661,27.988187],[-105.260082,27.988453],[-105.260115,27.988473],[-105.261674,27.989703]]]}},{"type":"Feature","properties":{"modulo":12,"idparcela":"8724","productor":"LOPEZ TORRES MAURICIO","cultivo":null,"superficie_fisica_ha":10,"superficie_riego_ha":10,"hectareas":13.582},"geometry":{"type":"Polygon","coordinates":[[[-105.264729,27.990233],[-105.267296,27.99191],[-105.266888,27.992572],[-105.266391,27.993378],[-105.266196,27.993685],[-105.266148,27.993759],[-105.265883,27.994167],[-105.265563,27.994678],[-105.265533,27.994713],[-105.26532,27.994677],[-105.26425,27.994503],[-105.263418,27.994325],[-105.262347,27.994072],[-105.262161,27.994031],[-105.263956,27.991342],[-105.264002,27.991273],[-105.264729,27.990233]]]}},{"type":"Feature","properties":{"modulo":12,"idparcela":"8723","productor":"FERNANDEZ GUEVARA REBECA","cultivo":null,"superficie_fisica_ha":7,"superficie_riego_ha":7,"hectareas":6.051},"geometry":{"type":"Polygon","coordinates":[[[-105.261963,27.994276],[-105.264041,27.994703],[-105.26523,27.994889],[-105.264382,27.996211],[-105.263991,27.99679],[-105.263944,27.996751],[-105.262977,27.996073],[-105.262676,27.995968],[-105.261404,27.995788],[-105.260905,27.995821],[-105.261963,27.994276]]]}},{"type":"Feature","properties":{"modulo":12,"idparcela":"************","productor":null,"cultivo":null,"superficie_fisica_ha":null,"superficie_riego_ha":null,"hectareas":2.304},"geometry":{"type":"Polygon","coordinates":[[[-105.292789,28.058137],[-105.29273,28.058155],[-105.292213,28.058171],[-105.290725,28.058216],[-105.290259,28.058231],[-105.289975,28.058239],[-105.289975,28.057511],[-105.289979,28.057474],[-105.290046,28.057472],[-105.291898,28.057427],[-105.292762,28.057406],[-105.292762,28.057448],[-105.292784,28.057582],[-105.292789,28.058137]]]}},{"type":"Feature","properties":{"modulo":12,"idparcela":"************","productor":null,"cultivo":null,"superficie_fisica_ha":null,"superficie_riego_ha":null,"hectareas":4.495},"geometry":{"type":"Polygon","coordinates":[[[-105.306804,28.062574],[-105.305903,28.062602],[-105.305891,28.062602],[-105.305826,28.062607],[-105.305357,28.062645],[-105.305313,28.062648],[-105.304985,28.062665],[-105.304975,28.062665],[-105.304746,28.062677],[-105.304131,28.062707],[-105.303897,28.062719],[-105.303635,28.062732],[-105.30363,28.062703],[-105.303494,28.061705],[-105.303451,28.061327],[-105.304325,28.061305],[-105.305823,28.061257],[-105.306125,28.061245],[-105.306196,28.061393],[-105.306507,28.061658],[-105.306645,28.061996],[-105.306715,28.062252],[-105.306784,28.062436],[-105.306804,28.062574]]]}},{"type":"Feature","properties":{"modulo":12,"idparcela":"9004","productor":"GOMEZ RAMIREZ SIMON","cultivo":null,"superficie_fisica_ha":4.3928,"superficie_riego_ha":4.3928,"hectareas":4.351},"geometry":{"type":"Polygon","coordinates":[[[-105.292372,28.063367],[-105.292217,28.063362],[-105.291968,28.061945],[-105.292609,28.061905],[-105.293581,28.061853],[-105.294434,28.061794],[-105.294769,28.061779],[-105.29494,28.063223],[-105.29482,28.06323],[-105.293098,28.063338],[-105.293049,28.063329],[-105.292372,28.063367]]]}},{"type":"Feature","properties":{"modulo":12,"idparcela":"9011","productor":"BURROLA DE FLORES FLORENTINA","cultivo":null,"superficie_fisica_ha":4.5458,"superficie_riego_ha":4.5458,"hectareas":4.565},"geometry":{"type":"Polygon","coordinates":[[[-105.300698,28.062895],[-105.300717,28.062893],[-105.300977,28.062882],[-105.301007,28.062885],[-105.30137,28.064009],[-105.301686,28.064986],[-105.30169,28.064999],[-105.301622,28.065021],[-105.300257,28.065117],[-105.299799,28.065144],[-105.299037,28.062987],[-105.299065,28.062987],[-105.2991,28.062988],[-105.299519,28.063004],[-105.299702,28.062986],[-105.29971,28.062985],[-105.299835,28.062967],[-105.299964,28.062949],[-105.300688,28.062895],[-105.300698,28.062895]]]}},{"type":"Feature","properties":{"modulo":12,"idparcela":"9012","productor":"FLORES BURROLA DAVID","cultivo":null,"superficie_fisica_ha":2.2404,"superficie_riego_ha":2.2404,"hectareas":4.745},"geometry":{"type":"Polygon","coordinates":[[[-105.299799,28.065144],[-105.298801,28.065202],[-105.298012,28.065266],[-105.297764,28.065264],[-105.297084,28.063157],[-105.297075,28.06313],[-105.297355,28.063108],[-105.297716,28.063103],[-105.298145,28.063097],[-105.29815,28.063097],[-105.298515,28.063008],[-105.298599,28.062988],[-105.299037,28.062987],[-105.299799,28.065144]]]}},{"type":"Feature","properties":{"modulo":12,"idparcela":"************","productor":null,"cultivo":null,"superficie_fisica_ha":null,"superficie_riego_ha":null,"hectareas":1.195},"geometry":{"type":"Polygon","coordinates":[[[-105.298393,28.066986],[-105.297736,28.067005],[-105.297274,28.0654],[-105.297847,28.065363],[-105.297964,28.065356],[-105.298393,28.066986]]]}},{"type":"Feature","properties":{"modulo":12,"idparcela":"9025","productor":"MARES ANDRADE LUIS CARLOS","cultivo":null,"superficie_fisica_ha":1.2212,"superficie_riego_ha":1.2212,"hectareas":3.187},"geometry":{"type":"Polygon","coordinates":[[[-105.297736,28.067005],[-105.29741,28.067015],[-105.297236,28.067028],[-105.297062,28.067034],[-105.296223,28.067093],[-105.296099,28.067154],[-105.295944,28.06722],[-105.295501,28.065504],[-105.29586,28.065485],[-105.297274,28.0654],[-105.297736,28.067005]]]}},{"type":"Feature","properties":{"modulo":12,"idparcela":"9038","productor":"HOLGUIN GONZALEZ RAUL","cultivo":null,"superficie_fisica_ha":0.6041,"superficie_riego_ha":0.5041,"hectareas":0.134},"geometry":{"type":"Polygon","coordinates":[[[-105.295346,28.06929],[-105.295362,28.069143],[-105.295365,28.069106],[-105.295385,28.06895],[-105.295416,28.068829],[-105.295424,28.068772],[-105.295434,28.068694],[-105.295436,28.068654],[-105.29544,28.068581],[-105.295453,28.068489],[-105.295486,28.068434],[-105.295537,28.068346],[-105.295581,28.068279],[-105.295644,28.068182],[-105.295702,28.068067],[-105.295735,28.068002],[-105.29578,28.067882],[-105.295682,28.068317],[-105.295594,28.068526],[-105.295554,28.068775],[-105.295346,28.06929]]]}},{"type":"Feature","properties":{"modulo":12,"idparcela":"************","productor":null,"cultivo":null,"superficie_fisica_ha":null,"superficie_riego_ha":null,"hectareas":2.783},"geometry":{"type":"Polygon","coordinates":[[[-105.300124,28.069715],[-105.301527,28.069664],[-105.301931,28.072413],[-105.301928,28.072424],[-105.301924,28.072424],[-105.301718,28.072428],[-105.301408,28.072433],[-105.301226,28.072411],[-105.301214,28.072046],[-105.300982,28.071343],[-105.300778,28.070985],[-105.30063,28.070522],[-105.300286,28.070012],[-105.300124,28.069715]]]}},{"type":"Feature","properties":{"modulo":12,"idparcela":"************","productor":null,"cultivo":null,"superficie_fisica_ha":null,"superficie_riego_ha":null,"hectareas":2.03},"geometry":{"type":"Polygon","coordinates":[[[-105.300108,28.071089],[-105.299925,28.069722],[-105.300124,28.069715],[-105.300286,28.070012],[-105.30063,28.070522],[-105.300778,28.070985],[-105.300982,28.071343],[-105.301214,28.072046],[-105.301226,28.072411],[-105.301101,28.072411],[-105.300285,28.072419],[-105.300282,28.072373],[-105.300108,28.071089]]]}},{"type":"Feature","properties":{"modulo":12,"idparcela":"9049","productor":"PARCELA ESCOLAR","cultivo":null,"superficie_fisica_ha":4.3999,"superficie_riego_ha":4.3999,"hectareas":5.961},"geometry":{"type":"Polygon","coordinates":[[[-105.296878,28.072453],[-105.296858,28.072561],[-105.295677,28.072618],[-105.294542,28.072683],[-105.293889,28.072671],[-105.29398,28.072562],[-105.294582,28.071707],[-105.294924,28.070932],[-105.295257,28.070287],[-105.295461,28.069966],[-105.295831,28.06993],[-105.296258,28.069904],[-105.296765,28.069894],[-105.296749,28.07193],[-105.29687,28.072453],[-105.296878,28.072453]]]}},{"type":"Feature","properties":{"modulo":12,"idparcela":"9065","productor":"MARQUEZ DE LOYA HORTENCIA","cultivo":null,"superficie_fisica_ha":3.7638,"superficie_riego_ha":3.7638,"hectareas":5.303},"geometry":{"type":"Polygon","coordinates":[[[-105.305937,28.089248],[-105.305742,28.089254],[-105.305138,28.089232],[-105.304358,28.089183],[-105.304088,28.089152],[-105.303969,28.088979],[-105.303845,28.088595],[-105.303765,28.088321],[-105.303782,28.088182],[-105.303602,28.08802],[-105.303481,28.087765],[-105.303259,28.087227],[-105.303201,28.087026],[-105.303156,28.08687],[-105.303183,28.086738],[-105.303254,28.086727],[-105.303657,28.086678],[-105.304042,28.086691],[-105.304838,28.086736],[-105.305093,28.086767],[-105.305191,28.086818],[-105.305208,28.086876],[-105.305937,28.089248]]]}},{"type":"Feature","properties":{"modulo":12,"idparcela":"9062","productor":"SALAS GARCIA JOSE MARIA","cultivo":null,"superficie_fisica_ha":3,"superficie_riego_ha":3,"hectareas":6.633},"geometry":{"type":"Polygon","coordinates":[[[-105.305191,28.086818],[-105.305333,28.086849],[-105.305617,28.086953],[-105.305813,28.086995],[-105.306467,28.086996],[-105.306622,28.087002],[-105.30675,28.087004],[-105.306988,28.087005],[-105.307317,28.087038],[-105.307628,28.087079],[-105.307913,28.087147],[-105.308078,28.087188],[-105.308274,28.087214],[-105.30813,28.089529],[-105.308016,28.089516],[-105.307714,28.089479],[-105.307309,28.089428],[-105.306996,28.089373],[-105.306663,28.089318],[-105.306329,28.089258],[-105.306132,28.089248],[-105.306044,28.08925],[-105.305937,28.089248],[-105.305208,28.086876],[-105.305191,28.086818]]]}},{"type":"Feature","properties":{"modulo":12,"idparcela":"************","productor":null,"cultivo":null,"superficie_fisica_ha":null,"superficie_riego_ha":null,"hectareas":2.47},"geometry":{"type":"Polygon","coordinates":[[[-105.311907,28.089848],[-105.312024,28.089849],[-105.312858,28.089929],[-105.313606,28.089999],[-105.313854,28.090022],[-105.313562,28.091983],[-105.313218,28.091966],[-105.313193,28.091964],[-105.312954,28.091723],[-105.312787,28.091539],[-105.312683,28.091285],[-105.312578,28.09081],[-105.312516,28.090602],[-105.31243,28.090444],[-105.312036,28.089948],[-105.311907,28.089848]]]}},{"type":"Feature","properties":{"modulo":12,"idparcela":"9066","productor":"MENDOZA MELENDEZ GUSTAVO","cultivo":null,"superficie_fisica_ha":2,"superficie_riego_ha":2,"hectareas":1.493},"geometry":{"type":"Polygon","coordinates":[[[-105.311507,28.091791],[-105.311851,28.089984],[-105.31208,28.090211],[-105.312258,28.090495],[-105.312325,28.090587],[-105.312394,28.090736],[-105.31244,28.090965],[-105.312564,28.091378],[-105.312711,28.091719],[-105.313,28.091945],[-105.312936,28.091939],[-105.312425,28.091888],[-105.312037,28.091847],[-105.311507,28.091791]]]}},{"type":"Feature","properties":{"modulo":12,"idparcela":"9083","productor":"PORTILLO RAMOS SAMUEL","cultivo":null,"superficie_fisica_ha":3.1297,"superficie_riego_ha":3.1297,"hectareas":2.583},"geometry":{"type":"Polygon","coordinates":[[[-105.318678,28.096425],[-105.319236,28.096484],[-105.31952,28.096506],[-105.319699,28.09653],[-105.319604,28.098056],[-105.319568,28.098734],[-105.319557,28.098816],[-105.318549,28.098793],[-105.318585,28.098052],[-105.318632,28.097097],[-105.318678,28.096425]]]}},{"type":"Feature","properties":{"modulo":12,"idparcela":"9108","productor":"HERNANDEZ CASTILLO RAUL","cultivo":null,"superficie_fisica_ha":1.3862,"superficie_riego_ha":1.3862,"hectareas":2.944},"geometry":{"type":"Polygon","coordinates":[[[-105.320362,28.101053],[-105.320793,28.101084],[-105.320624,28.104425],[-105.320335,28.104405],[-105.319685,28.104406],[-105.319372,28.104421],[-105.319411,28.104264],[-105.319588,28.10371],[-105.319662,28.103536],[-105.319776,28.103169],[-105.319969,28.102488],[-105.320041,28.102111],[-105.320212,28.101804],[-105.320335,28.101527],[-105.320362,28.101053]]]}},{"type":"Feature","properties":{"modulo":12,"idparcela":"************","productor":null,"cultivo":null,"superficie_fisica_ha":null,"superficie_riego_ha":null,"hectareas":2.911},"geometry":{"type":"Polygon","coordinates":[[[-105.316767,28.107618],[-105.3167,28.107625],[-105.316195,28.107608],[-105.315701,28.107582],[-105.315182,28.107552],[-105.314915,28.107538],[-105.314667,28.107543],[-105.314678,28.107395],[-105.314674,28.107269],[-105.314699,28.107016],[-105.314678,28.106391],[-105.31467,28.106085],[-105.314655,28.105798],[-105.314664,28.10569],[-105.31469,28.105545],[-105.31469,28.105527],[-105.315352,28.105978],[-105.315868,28.106415],[-105.316368,28.106823],[-105.316763,28.107062],[-105.316767,28.107618]]]}},{"type":"Feature","properties":{"modulo":12,"idparcela":"9332","productor":"GUIZAR HERNANDEZ CARLOS","cultivo":null,"superficie_fisica_ha":25.092,"superficie_riego_ha":25.092,"hectareas":23.279},"geometry":{"type":"Polygon","coordinates":[[[-105.330029,28.170211],[-105.329994,28.170211],[-105.326023,28.169387],[-105.325484,28.169275],[-105.323962,28.168935],[-105.324983,28.168074],[-105.325463,28.167427],[-105.325603,28.167088],[-105.326055,28.166277],[-105.326441,28.165844],[-105.326743,28.165323],[-105.326982,28.165217],[-105.327187,28.165169],[-105.327535,28.165174],[-105.328249,28.165273],[-105.329325,28.165408],[-105.329755,28.165519],[-105.329966,28.165705],[-105.330182,28.166031],[-105.330463,28.166197],[-105.330507,28.166318],[-105.330402,28.167582],[-105.330249,28.169117],[-105.330161,28.17],[-105.330096,28.170137],[-105.330059,28.170193],[-105.330029,28.170211]]]}},{"type":"Feature","properties":{"modulo":12,"idparcela":"************","productor":null,"cultivo":null,"superficie_fisica_ha":null,"superficie_riego_ha":null,"hectareas":3.663},"geometry":{"type":"Polygon","coordinates":[[[-105.337386,28.166787],[-105.337429,28.166802],[-105.337501,28.166795],[-105.337725,28.166817],[-105.338943,28.166974],[-105.339319,28.167036],[-105.339256,28.1673],[-105.339218,28.168022],[-105.339193,28.168122],[-105.339141,28.168266],[-105.339092,28.168347],[-105.339045,28.168393],[-105.338973,28.168438],[-105.338908,28.168474],[-105.338805,28.168492],[-105.338716,28.168502],[-105.338577,28.168529],[-105.338481,28.168529],[-105.338313,28.168496],[-105.338089,28.168495],[-105.337807,28.168565],[-105.337605,28.168658],[-105.337346,28.168622],[-105.337089,28.168569],[-105.336962,28.16855],[-105.337386,28.166787]]]}},{"type":"Feature","properties":{"modulo":12,"idparcela":"************","productor":null,"cultivo":null,"superficie_fisica_ha":null,"superficie_riego_ha":null,"hectareas":2.838},"geometry":{"type":"Polygon","coordinates":[[[-105.333024,28.166088],[-105.334179,28.166254],[-105.333958,28.167981],[-105.33272,28.16775],[-105.332496,28.167727],[-105.332617,28.166021],[-105.333024,28.166088]]]}},{"type":"Feature","properties":{"modulo":12,"idparcela":"************","productor":null,"cultivo":null,"superficie_fisica_ha":null,"superficie_riego_ha":null,"hectareas":0.246},"geometry":{"type":"Polygon","coordinates":[[[-105.330769,28.167098],[-105.330676,28.167107],[-105.330576,28.167034],[-105.330612,28.16653],[-105.33067,28.166444],[-105.330801,28.166393],[-105.330871,28.166509],[-105.331001,28.166886],[-105.33104,28.166998],[-105.330832,28.167098],[-105.330769,28.167098]]]}},{"type":"Feature","properties":{"modulo":12,"idparcela":"9392","productor":"MORALES MODESTO LIBRADA","cultivo":null,"superficie_fisica_ha":3.1672,"superficie_riego_ha":3.1672,"hectareas":3.177},"geometry":{"type":"Polygon","coordinates":[[[-105.331319,28.169111],[-105.33154,28.169149],[-105.33163,28.169163],[-105.331774,28.16917],[-105.332008,28.169223],[-105.332229,28.169238],[-105.332368,28.169292],[-105.332499,28.169312],[-105.332699,28.169356],[-105.332736,28.169364],[-105.332884,28.169393],[-105.332987,28.169412],[-105.332531,28.171264],[-105.331256,28.171031],[-105.331253,28.170387],[-105.331258,28.170089],[-105.331245,28.169853],[-105.331221,28.169407],[-105.331319,28.169111]]]}},{"type":"Feature","properties":{"modulo":12,"idparcela":"9318","productor":"RODRIGUEZ CONTRERAS OCTAVIO","cultivo":null,"superficie_fisica_ha":4.81,"superficie_riego_ha":4.81,"hectareas":4.234},"geometry":{"type":"Polygon","coordinates":[[[-105.328221,28.160817],[-105.328343,28.160839],[-105.331664,28.161367],[-105.33301,28.161617],[-105.3341,28.161854],[-105.334807,28.16197],[-105.335247,28.162043],[-105.335631,28.16211],[-105.336023,28.162174],[-105.339525,28.162745],[-105.339614,28.163046],[-105.339635,28.163122],[-105.335144,28.162341],[-105.335075,28.162347],[-105.334009,28.162162],[-105.333598,28.162091],[-105.330694,28.161588],[-105.330525,28.161547],[-105.33039,28.161518],[-105.330352,28.161511],[-105.328407,28.161183],[-105.328332,28.160954],[-105.328221,28.160817]]]}},{"type":"Feature","properties":{"modulo":12,"idparcela":"9315","productor":"MARTINEZ ARMENDARIZ PONCIANO","cultivo":null,"superficie_fisica_ha":4,"superficie_riego_ha":4,"hectareas":5.23},"geometry":{"type":"Polygon","coordinates":[[[-105.339482,28.16241],[-105.337974,28.162157],[-105.334711,28.161609],[-105.334249,28.161527],[-105.330795,28.160876],[-105.328524,28.160498],[-105.328421,28.160444],[-105.328308,28.160024],[-105.328416,28.160039],[-105.339414,28.161983],[-105.339409,28.162038],[-105.339436,28.162136],[-105.339482,28.16241]]]}},{"type":"Feature","properties":{"modulo":12,"idparcela":"9317","productor":"GOMEZ DOMINGUEZ ABELARDO","cultivo":null,"superficie_fisica_ha":4.3745,"superficie_riego_ha":4.3745,"hectareas":4.207},"geometry":{"type":"Polygon","coordinates":[[[-105.339525,28.162745],[-105.336023,28.162174],[-105.335631,28.16211],[-105.335247,28.162043],[-105.334807,28.16197],[-105.3341,28.161854],[-105.33301,28.161617],[-105.331664,28.161367],[-105.328343,28.160839],[-105.328221,28.160817],[-105.328186,28.160689],[-105.328112,28.160587],[-105.328128,28.16051],[-105.328291,28.160516],[-105.328374,28.160518],[-105.328421,28.160444],[-105.328524,28.160498],[-105.330795,28.160876],[-105.334249,28.161527],[-105.334711,28.161609],[-105.337974,28.162157],[-105.339482,28.16241],[-105.339532,28.162684],[-105.339525,28.162745]]]}},{"type":"Feature","properties":{"modulo":12,"idparcela":"9312","productor":"RODRIGUEZ CONTRERAS JESUS HORACIO","cultivo":null,"superficie_fisica_ha":4.35,"superficie_riego_ha":4.35,"hectareas":5.13},"geometry":{"type":"Polygon","coordinates":[[[-105.333662,28.160349],[-105.330916,28.159891],[-105.330836,28.159872],[-105.330851,28.159467],[-105.330824,28.159193],[-105.330828,28.159038],[-105.330861,28.158611],[-105.330893,28.158483],[-105.330953,28.158355],[-105.331032,28.158339],[-105.331157,28.158345],[-105.331339,28.158382],[-105.33217,28.158541],[-105.333191,28.15871],[-105.333952,28.158868],[-105.334105,28.158904],[-105.333662,28.160349]]]}},{"type":"Feature","properties":{"modulo":12,"idparcela":"9309","productor":"RODRIGUEZ CONTRERAS JESUS HORACIO","cultivo":null,"superficie_fisica_ha":4.8002,"superficie_riego_ha":4.8002,"hectareas":4.044},"geometry":{"type":"Polygon","coordinates":[[[-105.339108,28.16059],[-105.33916,28.160798],[-105.339217,28.161123],[-105.339233,28.161319],[-105.336497,28.160823],[-105.336667,28.159362],[-105.336959,28.159429],[-105.338205,28.159639],[-105.338936,28.159779],[-105.338948,28.159836],[-105.338944,28.159913],[-105.338959,28.160017],[-105.339005,28.160193],[-105.339052,28.160329],[-105.339108,28.16059]]]}},{"type":"Feature","properties":{"modulo":12,"idparcela":"************","productor":null,"cultivo":null,"superficie_fisica_ha":null,"superficie_riego_ha":null,"hectareas":21.835},"geometry":{"type":"Polygon","coordinates":[[[-105.339219,28.158611],[-105.339024,28.159707],[-105.338545,28.159632],[-105.337989,28.159524],[-105.335752,28.159117],[-105.33414,28.158817],[-105.333623,28.158709],[-105.331436,28.158313],[-105.32925,28.157955],[-105.326448,28.157507],[-105.325049,28.157252],[-105.323046,28.156919],[-105.322779,28.156882],[-105.321902,28.156798],[-105.321263,28.156691],[-105.32062,28.156577],[-105.320426,28.156541],[-105.320293,28.156479],[-105.320223,28.156412],[-105.320031,28.155935],[-105.319999,28.155862],[-105.31991,28.155789],[-105.319739,28.155694],[-105.3197,28.155514],[-105.319719,28.15534],[-105.321334,28.155609],[-105.323628,28.155994],[-105.325763,28.156351],[-105.328127,28.156753],[-105.330345,28.157127],[-105.332677,28.1575],[-105.334882,28.15788],[-105.336025,28.158079],[-105.339219,28.158611]]]}},{"type":"Feature","properties":{"modulo":12,"idparcela":"************","productor":null,"cultivo":null,"superficie_fisica_ha":null,"superficie_riego_ha":null,"hectareas":6.793},"geometry":{"type":"Polygon","coordinates":[[[-105.319719,28.15534],[-105.319716,28.15528],[-105.319777,28.155072],[-105.319877,28.15507],[-105.322495,28.155494],[-105.325435,28.155995],[-105.328562,28.156493],[-105.3311,28.156913],[-105.331269,28.156975],[-105.332791,28.157195],[-105.336936,28.157887],[-105.339237,28.158286],[-105.33924,28.158353],[-105.339234,28.158554],[-105.339219,28.158611],[-105.336025,28.158079],[-105.334882,28.15788],[-105.332677,28.1575],[-105.330345,28.157127],[-105.328127,28.156753],[-105.325763,28.156351],[-105.323628,28.155994],[-105.321334,28.155609],[-105.319719,28.15534]]]}},{"type":"Feature","properties":{"modulo":12,"idparcela":"9452","productor":"SANCHEZ BERMUDEZ ANGEL","cultivo":null,"superficie_fisica_ha":4,"superficie_riego_ha":4,"hectareas":4.471},"geometry":{"type":"Polygon","coordinates":[[[-105.323208,28.154826],[-105.323211,28.15483],[-105.326146,28.15535],[-105.326048,28.155956],[-105.322717,28.155402],[-105.319742,28.154865],[-105.319415,28.154778],[-105.319196,28.15462],[-105.319166,28.154541],[-105.319166,28.154418],[-105.31918,28.154282],[-105.323171,28.154821],[-105.323208,28.154826]]]}},{"type":"Feature","properties":{"modulo":12,"idparcela":"************","productor":null,"cultivo":null,"superficie_fisica_ha":null,"superficie_riego_ha":null,"hectareas":8.68},"geometry":{"type":"Polygon","coordinates":[[[-105.331561,28.15623],[-105.331564,28.156237],[-105.332293,28.156362],[-105.333337,28.156535],[-105.334603,28.156743],[-105.33913,28.157486],[-105.339218,28.158052],[-105.339118,28.158066],[-105.339028,28.158032],[-105.338958,28.157997],[-105.338819,28.157953],[-105.338681,28.15798],[-105.338582,28.158059],[-105.336068,28.157613],[-105.33291,28.157054],[-105.330312,28.156631],[-105.326048,28.155956],[-105.326146,28.15535],[-105.327282,28.155538],[-105.327402,28.155558],[-105.327454,28.155566],[-105.32949,28.155894],[-105.331335,28.156193],[-105.331462,28.156214],[-105.331561,28.15623]]]}},{"type":"Feature","properties":{"modulo":12,"idparcela":"9158","productor":"GARCIA MARTINEZ CARLOS","cultivo":null,"superficie_fisica_ha":2.3628,"superficie_riego_ha":2.3628,"hectareas":4.183},"geometry":{"type":"Polygon","coordinates":[[[-105.297557,28.079633],[-105.297555,28.079644],[-105.297246,28.081022],[-105.296287,28.080904],[-105.296085,28.080879],[-105.29576,28.080842],[-105.295167,28.080778],[-105.294872,28.080727],[-105.294711,28.080727],[-105.294716,28.080294],[-105.294768,28.079843],[-105.294794,28.079698],[-105.294887,28.079581],[-105.295049,28.079251],[-105.29506,28.079228],[-105.295899,28.079367],[-105.296301,28.079433],[-105.297415,28.07961],[-105.297557,28.079633]]]}},{"type":"Feature","properties":{"modulo":12,"idparcela":"9175","productor":"MENDOZA CHAVEZ FELIX","cultivo":null,"superficie_fisica_ha":1,"superficie_riego_ha":1,"hectareas":1.345},"geometry":{"type":"Polygon","coordinates":[[[-105.303064,28.088041],[-105.302914,28.087924],[-105.302712,28.087717],[-105.302503,28.087501],[-105.302414,28.08732],[-105.302288,28.087185],[-105.302087,28.086996],[-105.301889,28.086825],[-105.301808,28.086726],[-105.301813,28.086696],[-105.30203,28.086671],[-105.302259,28.086657],[-105.302807,28.086615],[-105.303051,28.086621],[-105.303098,28.086666],[-105.303183,28.086738],[-105.303156,28.08687],[-105.303201,28.087026],[-105.303259,28.087227],[-105.303333,28.08758],[-105.3034,28.087805],[-105.303416,28.087968],[-105.303378,28.08804],[-105.303316,28.088058],[-105.303166,28.088059],[-105.303064,28.088041]]]}},{"type":"Feature","properties":{"modulo":12,"idparcela":"9154","productor":"HERNANDEZ HOLGUIN MARIO","cultivo":null,"superficie_fisica_ha":4.726,"superficie_riego_ha":4.726,"hectareas":4.312},"geometry":{"type":"Polygon","coordinates":[[[-105.302266,28.080386],[-105.302088,28.081054],[-105.301926,28.081542],[-105.301883,28.08165],[-105.301836,28.081731],[-105.3018,28.081808],[-105.301729,28.081826],[-105.301529,28.08182],[-105.301318,28.081787],[-105.300982,28.081688],[-105.300719,28.081553],[-105.300541,28.081518],[-105.300056,28.08151],[-105.299751,28.081456],[-105.29926,28.081348],[-105.299466,28.079951],[-105.302266,28.080386]]]}},{"type":"Feature","properties":{"modulo":12,"idparcela":"9156","productor":"GARCIA CARRASCO RUFINO","cultivo":null,"superficie_fisica_ha":1,"superficie_riego_ha":1,"hectareas":1.291},"geometry":{"type":"Polygon","coordinates":[[[-105.298677,28.079821],[-105.298687,28.079822],[-105.298887,28.079853],[-105.299466,28.079951],[-105.29926,28.081348],[-105.298838,28.081251],[-105.298367,28.081187],[-105.298677,28.079821]]]}},{"type":"Feature","properties":{"modulo":12,"idparcela":"************","productor":null,"cultivo":null,"superficie_fisica_ha":null,"superficie_riego_ha":null,"hectareas":1.732},"geometry":{"type":"Polygon","coordinates":[[[-105.298367,28.081187],[-105.297751,28.0811],[-105.297583,28.081064],[-105.297246,28.081022],[-105.297555,28.079644],[-105.297557,28.079633],[-105.297931,28.079697],[-105.298035,28.079714],[-105.298677,28.079821],[-105.298367,28.081187]]]}},{"type":"Feature","properties":{"modulo":12,"idparcela":"8918","productor":"FLORES CARRASCO ROSALIA","cultivo":null,"superficie_fisica_ha":7.9779,"superficie_riego_ha":7.9779,"hectareas":7.785},"geometry":{"type":"Polygon","coordinates":[[[-105.297037,28.06129],[-105.289803,28.061676],[-105.286587,28.061824],[-105.286552,28.061819],[-105.28643,28.061427],[-105.289201,28.061306],[-105.290291,28.061258],[-105.30457,28.060577],[-105.305748,28.060511],[-105.305821,28.060511],[-105.305941,28.060719],[-105.306035,28.060866],[-105.305919,28.060865],[-105.305878,28.060874],[-105.304726,28.060922],[-105.297037,28.06129]]]}},{"type":"Feature","properties":{"modulo":12,"idparcela":"************","productor":null,"cultivo":null,"superficie_fisica_ha":null,"superficie_riego_ha":null,"hectareas":4.038},"geometry":{"type":"Polygon","coordinates":[[[-105.294693,28.049087],[-105.294696,28.049344],[-105.294698,28.049558],[-105.2947,28.049828],[-105.294703,28.050082],[-105.294704,28.050214],[-105.294707,28.050422],[-105.294709,28.050567],[-105.29471,28.05069],[-105.294712,28.050837],[-105.294714,28.050911],[-105.2947,28.050911],[-105.293728,28.050937],[-105.293114,28.050954],[-105.2927,28.050965],[-105.2927,28.050948],[-105.292654,28.049139],[-105.292653,28.049127],[-105.293125,28.049105],[-105.294693,28.049087]]]}},{"type":"Feature","properties":{"modulo":12,"idparcela":"8988","productor":"SANCHEZ TORRES MARTINA","cultivo":null,"superficie_fisica_ha":2.425,"superficie_riego_ha":2.425,"hectareas":4.996},"geometry":{"type":"Polygon","coordinates":[[[-105.300205,28.050808],[-105.299575,28.050815],[-105.29719,28.050853],[-105.297189,28.050842],[-105.297119,28.049683],[-105.297077,28.049105],[-105.297058,28.049014],[-105.297532,28.049009],[-105.298976,28.04895],[-105.299404,28.049586],[-105.299487,28.049703],[-105.299903,28.050287],[-105.30024,28.050808],[-105.300205,28.050808]]]}},{"type":"Feature","properties":{"modulo":12,"idparcela":"8984","productor":"ARMENDARIZ RIOS CIPRIANO","cultivo":null,"superficie_fisica_ha":2.72,"superficie_riego_ha":2.72,"hectareas":3.831},"geometry":{"type":"Polygon","coordinates":[[[-105.296267,28.047206],[-105.296313,28.047208],[-105.296342,28.047211],[-105.297897,28.047221],[-105.298923,28.048837],[-105.296318,28.048915],[-105.296267,28.047206]]]}},{"type":"Feature","properties":{"modulo":12,"idparcela":"8991","productor":"NU¥EZ VILLA JESUS MARIO","cultivo":null,"superficie_fisica_ha":4.6875,"superficie_riego_ha":4.6875,"hectareas":5.404},"geometry":{"type":"Polygon","coordinates":[[[-105.2927,28.050948],[-105.2927,28.050948],[-105.289759,28.050967],[-105.290037,28.049224],[-105.290062,28.049192],[-105.290153,28.04919],[-105.290159,28.04919],[-105.290532,28.049181],[-105.292653,28.049127],[-105.292654,28.049139],[-105.2927,28.050948]]]}},{"type":"Feature","properties":{"modulo":12,"idparcela":"************","productor":null,"cultivo":null,"superficie_fisica_ha":null,"superficie_riego_ha":null,"hectareas":20.881},"geometry":{"type":"Polygon","coordinates":[[[-105.285677,28.051761],[-105.285851,28.051752],[-105.287507,28.051715],[-105.292531,28.051589],[-105.29308,28.051572],[-105.300488,28.051353],[-105.300653,28.051363],[-105.301378,28.052487],[-105.294164,28.052705],[-105.293963,28.05271],[-105.28611,28.053024],[-105.28595,28.053039],[-105.284562,28.053138],[-105.284455,28.053117],[-105.284693,28.052789],[-105.284706,28.052767],[-105.284733,28.052725],[-105.285007,28.052283],[-105.285027,28.052262],[-105.285094,28.052193],[-105.285116,28.052172],[-105.28525,28.052039],[-105.285277,28.052023],[-105.285447,28.05192],[-105.285487,28.051896],[-105.285506,28.051885],[-105.28553,28.051866],[-105.285643,28.051775],[-105.285653,28.051767],[-105.285677,28.051761]]]}},{"type":"Feature","properties":{"modulo":12,"idparcela":"8892","productor":"FLORES FLORES ALFONSO","cultivo":null,"superficie_fisica_ha":3.9913,"superficie_riego_ha":3.9913,"hectareas":5.065},"geometry":{"type":"Polygon","coordinates":[[[-105.293114,28.050954],[-105.293118,28.050961],[-105.29308,28.051572],[-105.292531,28.051589],[-105.287507,28.051715],[-105.285866,28.05177],[-105.28613,28.051124],[-105.286879,28.051094],[-105.286913,28.051092],[-105.28768,28.051062],[-105.287869,28.051055],[-105.287928,28.051052],[-105.289728,28.050968],[-105.289759,28.050967],[-105.2927,28.050948],[-105.2927,28.050965],[-105.293114,28.050954]]]}},{"type":"Feature","properties":{"modulo":12,"idparcela":"8891","productor":"FLORES FLORES TEOFILO","cultivo":null,"superficie_fisica_ha":3.9912,"superficie_riego_ha":3.9912,"hectareas":4.741},"geometry":{"type":"Polygon","coordinates":[[[-105.29308,28.051572],[-105.293114,28.050954],[-105.293728,28.050937],[-105.2947,28.050911],[-105.294874,28.05091],[-105.29537,28.050895],[-105.295782,28.050883],[-105.296122,28.050873],[-105.2966,28.050859],[-105.297189,28.050842],[-105.29719,28.050853],[-105.299575,28.050815],[-105.300205,28.050808],[-105.30024,28.050808],[-105.300501,28.051153],[-105.300626,28.051362],[-105.300488,28.051353],[-105.29308,28.051572]]]}},{"type":"Feature","properties":{"modulo":12,"idparcela":"8901","productor":"ORNELAS LOZANO AMELIA","cultivo":null,"superficie_fisica_ha":5.6125,"superficie_riego_ha":5.6125,"hectareas":6.226},"geometry":{"type":"Polygon","coordinates":[[[-105.302995,28.055371],[-105.300877,28.055432],[-105.29724,28.055524],[-105.294467,28.055642],[-105.294403,28.055605],[-105.294391,28.055479],[-105.294366,28.055331],[-105.294488,28.055324],[-105.294567,28.05532],[-105.294565,28.05476],[-105.298264,28.054563],[-105.298261,28.054626],[-105.298261,28.054673],[-105.298262,28.055014],[-105.298294,28.055013],[-105.299322,28.054973],[-105.299825,28.054953],[-105.300923,28.054909],[-105.301472,28.054887],[-105.302702,28.054837],[-105.302995,28.055371]]]}},{"type":"Feature","properties":{"modulo":12,"idparcela":"9133","productor":"GONZALEZ LOERA JUAN","cultivo":null,"superficie_fisica_ha":2.6895,"superficie_riego_ha":2.6895,"hectareas":3.148},"geometry":{"type":"Polygon","coordinates":[[[-105.284481,28.060398],[-105.284432,28.0604],[-105.284405,28.060367],[-105.28347,28.059339],[-105.283884,28.059316],[-105.286547,28.059177],[-105.286544,28.059546],[-105.286543,28.059639],[-105.286544,28.059696],[-105.286535,28.059873],[-105.286533,28.060017],[-105.286532,28.060067],[-105.286518,28.060316],[-105.284481,28.060398]]]}},{"type":"Feature","properties":{"modulo":12,"idparcela":"8919","productor":"FRANCO DE CHAVEZ ROSARIO","cultivo":null,"superficie_fisica_ha":6.399,"superficie_riego_ha":6.399,"hectareas":6.373},"geometry":{"type":"Polygon","coordinates":[[[-105.297522,28.061563],[-105.297508,28.061563],[-105.297415,28.061567],[-105.295543,28.061656],[-105.294771,28.061703],[-105.294437,28.061724],[-105.293558,28.061778],[-105.292598,28.061827],[-105.291944,28.061865],[-105.291595,28.061883],[-105.290547,28.061955],[-105.289849,28.06202],[-105.289308,28.062036],[-105.289252,28.062046],[-105.289155,28.062045],[-105.288072,28.062111],[-105.286675,28.062164],[-105.286643,28.062073],[-105.286583,28.061907],[-105.286565,28.061858],[-105.286552,28.061819],[-105.286587,28.061824],[-105.289803,28.061676],[-105.297037,28.06129],[-105.304726,28.060922],[-105.305878,28.060874],[-105.305919,28.060865],[-105.305945,28.060865],[-105.306035,28.060866],[-105.306131,28.061171],[-105.303448,28.061252],[-105.30058,28.061394],[-105.300516,28.0614],[-105.300415,28.061411],[-105.299557,28.061467],[-105.297567,28.061562],[-105.297522,28.061563]]]}},{"type":"Feature","properties":{"modulo":12,"idparcela":"************","productor":null,"cultivo":null,"superficie_fisica_ha":null,"superficie_riego_ha":null,"hectareas":3.453},"geometry":{"type":"Polygon","coordinates":[[[-105.335413,28.176819],[-105.334206,28.17663],[-105.333628,28.176537],[-105.333074,28.176447],[-105.332759,28.176395],[-105.332709,28.176387],[-105.332289,28.176313],[-105.331957,28.176253],[-105.331369,28.176149],[-105.330758,28.17604],[-105.330211,28.175942],[-105.329462,28.175831],[-105.328897,28.175751],[-105.328349,28.175666],[-105.327923,28.175581],[-105.327836,28.175559],[-105.326005,28.175268],[-105.323396,28.17483],[-105.323305,28.174802],[-105.323059,28.174758],[-105.322922,28.174761],[-105.3228,28.174763],[-105.322727,28.174745],[-105.322695,28.174709],[-105.322675,28.174658],[-105.322633,28.17461],[-105.322269,28.174531],[-105.322112,28.1745],[-105.322023,28.174385],[-105.322535,28.174471],[-105.323869,28.174683],[-105.326938,28.175174],[-105.330509,28.175764],[-105.333231,28.176215],[-105.335476,28.176562],[-105.335502,28.176566],[-105.335439,28.176667],[-105.335413,28.176819]]]}},{"type":"Feature","properties":{"modulo":12,"idparcela":"************","productor":null,"cultivo":null,"superficie_fisica_ha":null,"superficie_riego_ha":null,"hectareas":1.722},"geometry":{"type":"Polygon","coordinates":[[[-105.326126,28.154529],[-105.326246,28.154542],[-105.327031,28.154652],[-105.327571,28.154724],[-105.328196,28.154837],[-105.329393,28.155064],[-105.329496,28.155086],[-105.329441,28.155366],[-105.327527,28.15506],[-105.32746,28.155049],[-105.32745,28.155047],[-105.326554,28.154901],[-105.32547,28.154724],[-105.324443,28.154556],[-105.324411,28.154543],[-105.324424,28.154369],[-105.324438,28.154256],[-105.325719,28.154458],[-105.326126,28.154529]]]}},{"type":"Feature","properties":{"modulo":12,"idparcela":"************","productor":null,"cultivo":null,"superficie_fisica_ha":null,"superficie_riego_ha":null,"hectareas":5.286},"geometry":{"type":"Polygon","coordinates":[[[-105.339022,28.141311],[-105.337924,28.141133],[-105.337634,28.141089],[-105.337327,28.141043],[-105.337264,28.141033],[-105.336144,28.140884],[-105.334644,28.140684],[-105.333604,28.140545],[-105.333294,28.140504],[-105.333136,28.140483],[-105.33304,28.14047],[-105.332186,28.140358],[-105.331178,28.140225],[-105.330003,28.140071],[-105.329602,28.140018],[-105.329748,28.139779],[-105.329883,28.13958],[-105.330025,28.139588],[-105.332122,28.139836],[-105.334261,28.140101],[-105.336245,28.14035],[-105.337963,28.140587],[-105.338631,28.140655],[-105.338823,28.140669],[-105.338892,28.140823],[-105.338959,28.141039],[-105.339022,28.141311]]]}},{"type":"Feature","properties":{"modulo":12,"idparcela":"8967","productor":"ALVAREZ DE MAYNEZ BERTHA","cultivo":null,"superficie_fisica_ha":7.75,"superficie_riego_ha":7.75,"hectareas":1.795},"geometry":{"type":"Polygon","coordinates":[[[-105.334223,28.109182],[-105.333565,28.109177],[-105.33282,28.108687],[-105.33746,28.108844],[-105.337473,28.108866],[-105.337518,28.109023],[-105.337433,28.10908],[-105.337365,28.109105],[-105.33728,28.109138],[-105.33724,28.109138],[-105.335041,28.109162],[-105.334223,28.109182]]]}},{"type":"Feature","properties":{"modulo":12,"idparcela":"8967","productor":"ALVAREZ DE MAYNEZ BERTHA","cultivo":null,"superficie_fisica_ha":7.75,"superficie_riego_ha":7.75,"hectareas":0.475},"geometry":{"type":"Polygon","coordinates":[[[-105.333565,28.109177],[-105.332333,28.109177],[-105.332294,28.108727],[-105.332326,28.108662],[-105.332586,28.10867],[-105.33282,28.108687],[-105.333565,28.109177]]]}},{"type":"Feature","properties":{"modulo":12,"idparcela":"8965","productor":"SERNA DE RIOS MAGDALENA","cultivo":null,"superficie_fisica_ha":6.378,"superficie_riego_ha":6.378,"hectareas":2.343},"geometry":{"type":"Polygon","coordinates":[[[-105.332113,28.108243],[-105.332173,28.108249],[-105.332865,28.108311],[-105.333653,28.10841],[-105.333804,28.108374],[-105.334048,28.108363],[-105.334288,28.108341],[-105.334881,28.108282],[-105.335443,28.108284],[-105.336289,28.108264],[-105.336809,28.108326],[-105.337026,28.108362],[-105.33719,28.108434],[-105.337308,28.108596],[-105.33746,28.108844],[-105.33282,28.108687],[-105.332586,28.10867],[-105.332113,28.108243]]]}},{"type":"Feature","properties":{"modulo":12,"idparcela":"8965","productor":"SERNA DE RIOS MAGDALENA","cultivo":null,"superficie_fisica_ha":6.378,"superficie_riego_ha":6.378,"hectareas":6.403},"geometry":{"type":"Polygon","coordinates":[[[-105.328207,28.107965],[-105.328499,28.107985],[-105.329247,28.108028],[-105.331838,28.108218],[-105.332113,28.108243],[-105.332586,28.10867],[-105.332326,28.108662],[-105.331604,28.108641],[-105.328235,28.108558],[-105.327938,28.108551],[-105.324713,28.108472],[-105.321592,28.10839],[-105.321467,28.108165],[-105.321348,28.107966],[-105.321255,28.107832],[-105.321515,28.107818],[-105.322608,28.107873],[-105.322651,28.107865],[-105.323738,28.107907],[-105.324798,28.107931],[-105.32587,28.107923],[-105.326635,28.107946],[-105.326846,28.107942],[-105.326933,28.10794],[-105.327035,28.107938],[-105.327828,28.107941],[-105.328207,28.107965]]]}},{"type":"Feature","properties":{"modulo":12,"idparcela":"9114","productor":"CHAVARRIA OCON JESUS","cultivo":null,"superficie_fisica_ha":5.3136,"superficie_riego_ha":5.3136,"hectareas":0.515},"geometry":{"type":"Polygon","coordinates":[[[-105.333653,28.10841],[-105.332865,28.108311],[-105.332173,28.108249],[-105.332113,28.108243],[-105.331699,28.107801],[-105.33136,28.107575],[-105.333219,28.108198],[-105.333491,28.108331],[-105.333653,28.10841]]]}},{"type":"Feature","properties":{"modulo":12,"idparcela":"9179","productor":"LARA HERNANDEZ JOSE LINO","cultivo":null,"superficie_fisica_ha":3,"superficie_riego_ha":3,"hectareas":3.521},"geometry":{"type":"Polygon","coordinates":[[[-105.30576,28.091535],[-105.306066,28.091925],[-105.306126,28.092001],[-105.306287,28.09192],[-105.306598,28.091768],[-105.306655,28.091897],[-105.307482,28.09366],[-105.307444,28.093658],[-105.307399,28.093656],[-105.307355,28.093656],[-105.307099,28.093655],[-105.307044,28.093655],[-105.306987,28.093643],[-105.306962,28.093637],[-105.306366,28.093508],[-105.306267,28.093504],[-105.306215,28.09349],[-105.30608,28.093485],[-105.30591,28.093477],[-105.305856,28.093471],[-105.305799,28.093502],[-105.305795,28.093553],[-105.305752,28.093568],[-105.305773,28.093142],[-105.305795,28.092616],[-105.305849,28.09203],[-105.305576,28.091817],[-105.304606,28.091793],[-105.3046,28.091725],[-105.304598,28.091649],[-105.304565,28.091076],[-105.30548,28.090971],[-105.306229,28.090887],[-105.30576,28.091535]]]}},{"type":"Feature","properties":{"modulo":12,"idparcela":"9180","productor":"SOTO VELARDE RAMON","cultivo":null,"superficie_fisica_ha":1.2864,"superficie_riego_ha":1.2864,"hectareas":1.244},"geometry":{"type":"Polygon","coordinates":[[[-105.308068,28.095498],[-105.307903,28.095607],[-105.307789,28.095651],[-105.307662,28.095527],[-105.306067,28.093886],[-105.305795,28.093553],[-105.305799,28.093502],[-105.305856,28.093471],[-105.30591,28.093477],[-105.30608,28.093485],[-105.306215,28.09349],[-105.306267,28.093504],[-105.30801,28.095317],[-105.308132,28.095444],[-105.308068,28.095498]]]}},{"type":"Feature","properties":{"modulo":12,"idparcela":"9178","productor":"ALVARADO NIETO LUIS RAUL","cultivo":null,"superficie_fisica_ha":1.3402,"superficie_riego_ha":1.3402,"hectareas":2.079},"geometry":{"type":"Polygon","coordinates":[[[-105.305752,28.093568],[-105.304013,28.092303],[-105.304598,28.091649],[-105.3046,28.091725],[-105.304606,28.091793],[-105.305576,28.091817],[-105.305849,28.09203],[-105.305795,28.092616],[-105.305773,28.093142],[-105.305752,28.093568]]]}},{"type":"Feature","properties":{"modulo":12,"idparcela":"8956","productor":"RODRIGUEZ CONTRERAS HORACIO","cultivo":null,"superficie_fisica_ha":7,"superficie_riego_ha":7,"hectareas":6.513},"geometry":{"type":"Polygon","coordinates":[[[-105.316249,28.084694],[-105.316147,28.084667],[-105.3161,28.084659],[-105.314383,28.08436],[-105.314223,28.084334],[-105.31413,28.084319],[-105.3137,28.08425],[-105.313044,28.084144],[-105.312217,28.08401],[-105.31034,28.083707],[-105.30795,28.083329],[-105.30759,28.083272],[-105.306837,28.08315],[-105.306073,28.083026],[-105.305651,28.082958],[-105.304607,28.082789],[-105.304228,28.082728],[-105.303535,28.082602],[-105.303436,28.082584],[-105.30336,28.082316],[-105.303298,28.082047],[-105.303473,28.082091],[-105.303639,28.082133],[-105.303957,28.082189],[-105.304674,28.082314],[-105.306075,28.082569],[-105.306125,28.082578],[-105.30641,28.082625],[-105.306898,28.082705],[-105.307321,28.082774],[-105.30916,28.083055],[-105.31058,28.083272],[-105.312139,28.083515],[-105.313147,28.083672],[-105.313737,28.083764],[-105.313845,28.08378],[-105.314134,28.083825],[-105.31562,28.084065],[-105.316249,28.084694]]]}},{"type":"Feature","properties":{"modulo":12,"idparcela":"8942","productor":"LICON LICON HECTOR","cultivo":null,"superficie_fisica_ha":3.4243,"superficie_riego_ha":3.4243,"hectareas":5.192},"geometry":{"type":"Polygon","coordinates":[[[-105.302879,28.077666],[-105.302463,28.077603],[-105.301637,28.077478],[-105.301277,28.077424],[-105.300277,28.077273],[-105.298227,28.076963],[-105.297926,28.076917],[-105.296274,28.076669],[-105.295658,28.076571],[-105.295545,28.076553],[-105.295088,28.076483],[-105.294583,28.076399],[-105.294113,28.07632],[-105.292998,28.076143],[-105.291837,28.075958],[-105.291864,28.075833],[-105.291872,28.075748],[-105.291891,28.07557],[-105.292776,28.075688],[-105.294608,28.075964],[-105.294945,28.076017],[-105.295381,28.076085],[-105.295505,28.076104],[-105.296084,28.076195],[-105.296511,28.076259],[-105.29866,28.076581],[-105.300929,28.076941],[-105.301489,28.077021],[-105.302795,28.077206],[-105.302879,28.077666]]]}},{"type":"Feature","properties":{"modulo":12,"idparcela":"9147","productor":"CHAVEZ AMAYA EDUARDO RAMON","cultivo":null,"superficie_fisica_ha":1.5617,"superficie_riego_ha":1.5617,"hectareas":1.36},"geometry":{"type":"Polygon","coordinates":[[[-105.290637,28.075147],[-105.290685,28.075175],[-105.290821,28.075256],[-105.291197,28.07548],[-105.291225,28.075488],[-105.291478,28.075565],[-105.291535,28.075578],[-105.291611,28.075587],[-105.291691,28.075587],[-105.291746,28.075581],[-105.291806,28.075562],[-105.291848,28.075544],[-105.291891,28.07557],[-105.291872,28.075748],[-105.291864,28.075833],[-105.291837,28.075958],[-105.291746,28.07614],[-105.290195,28.076143],[-105.290229,28.075725],[-105.290393,28.074943],[-105.290456,28.074985],[-105.29049,28.075017],[-105.290548,28.07506],[-105.29061,28.07511],[-105.290637,28.075147]]]}},{"type":"Feature","properties":{"modulo":12,"idparcela":"************","productor":null,"cultivo":null,"superficie_fisica_ha":null,"superficie_riego_ha":null,"hectareas":1.175},"geometry":{"type":"Polygon","coordinates":[[[-105.290456,28.074985],[-105.290393,28.074943],[-105.306988,28.07398],[-105.306812,28.074075],[-105.290456,28.074985]]]}},{"type":"Feature","properties":{"modulo":12,"idparcela":"************","productor":null,"cultivo":null,"superficie_fisica_ha":null,"superficie_riego_ha":null,"hectareas":0.9},"geometry":{"type":"Polygon","coordinates":[[[-105.29049,28.075017],[-105.290456,28.074985],[-105.306812,28.074075],[-105.306699,28.07415],[-105.29049,28.075017]]]}},{"type":"Feature","properties":{"modulo":12,"idparcela":"************","productor":null,"cultivo":null,"superficie_fisica_ha":null,"superficie_riego_ha":null,"hectareas":1.134},"geometry":{"type":"Polygon","coordinates":[[[-105.290548,28.07506],[-105.29049,28.075017],[-105.306699,28.07415],[-105.306607,28.074195],[-105.306524,28.074232],[-105.306497,28.074244],[-105.306348,28.074252],[-105.305977,28.074271],[-105.290548,28.07506]]]}},{"type":"Feature","properties":{"modulo":12,"idparcela":"************","productor":null,"cultivo":null,"superficie_fisica_ha":null,"superficie_riego_ha":null,"hectareas":0.9},"geometry":{"type":"Polygon","coordinates":[[[-105.29061,28.07511],[-105.290548,28.07506],[-105.305977,28.074271],[-105.306348,28.074252],[-105.306497,28.074244],[-105.306397,28.0743],[-105.29061,28.07511]]]}},{"type":"Feature","properties":{"modulo":12,"idparcela":"************","productor":null,"cultivo":null,"superficie_fisica_ha":null,"superficie_riego_ha":null,"hectareas":1.585},"geometry":{"type":"Polygon","coordinates":[[[-105.30168,28.074645],[-105.296294,28.074916],[-105.296253,28.074918],[-105.294125,28.075015],[-105.294098,28.075017],[-105.294063,28.075019],[-105.2939,28.075027],[-105.29173,28.075136],[-105.290685,28.075138],[-105.290637,28.075147],[-105.29061,28.07511],[-105.306397,28.0743],[-105.30624,28.074401],[-105.303316,28.074563],[-105.302073,28.074626],[-105.30168,28.074645]]]}},{"type":"Feature","properties":{"modulo":12,"idparcela":"9137","productor":"HOLGUIN PRIETO JOSE ANGEL","cultivo":null,"superficie_fisica_ha":0.2662,"superficie_riego_ha":0.2662,"hectareas":0.158},"geometry":{"type":"Polygon","coordinates":[[[-105.292807,28.073033],[-105.292591,28.073115],[-105.292389,28.073038],[-105.292053,28.072912],[-105.29206,28.07289],[-105.292101,28.072799],[-105.292295,28.072723],[-105.29247,28.07282],[-105.292829,28.073022],[-105.292807,28.073033]]]}},{"type":"Feature","properties":{"modulo":12,"idparcela":"8913","productor":"PACHECO OSTOS LUIS CARLOS","cultivo":null,"superficie_fisica_ha":5.2407,"superficie_riego_ha":5.2407,"hectareas":5.332},"geometry":{"type":"Polygon","coordinates":[[[-105.298072,28.059786],[-105.294338,28.060004],[-105.293915,28.060029],[-105.289798,28.060188],[-105.288916,28.060223],[-105.288221,28.06025],[-105.287324,28.060284],[-105.286518,28.060316],[-105.286532,28.060067],[-105.288366,28.059998],[-105.289199,28.059967],[-105.289173,28.059751],[-105.289221,28.059742],[-105.291648,28.05963],[-105.292553,28.05959],[-105.29479,28.059491],[-105.297295,28.05938],[-105.298143,28.059343],[-105.298072,28.059786]]]}},{"type":"Feature","properties":{"modulo":12,"idparcela":"8912","productor":"LECHUGA TREJO MA. LUISA","cultivo":null,"superficie_fisica_ha":4.0998,"superficie_riego_ha":4.0998,"hectareas":3.035},"geometry":{"type":"Polygon","coordinates":[[[-105.305113,28.059446],[-105.30288,28.059504],[-105.302497,28.059527],[-105.299314,28.059713],[-105.298169,28.05978],[-105.298159,28.059781],[-105.298072,28.059786],[-105.298143,28.059343],[-105.298191,28.05935],[-105.30105,28.059223],[-105.30196,28.059182],[-105.304343,28.059059],[-105.304785,28.059031],[-105.305023,28.059017],[-105.305253,28.059449],[-105.305156,28.059445],[-105.305113,28.059446]]]}},{"type":"Feature","properties":{"modulo":12,"idparcela":"8909","productor":"CARRASCO DE RODRIGUEZ TAYDE","cultivo":null,"superficie_fisica_ha":16.7,"superficie_riego_ha":16.7,"hectareas":17.677},"geometry":{"type":"Polygon","coordinates":[[[-105.304673,28.058367],[-105.304456,28.058387],[-105.301589,28.058542],[-105.300554,28.058594],[-105.300318,28.058604],[-105.295366,28.058811],[-105.293343,28.058895],[-105.291594,28.05897],[-105.290735,28.059002],[-105.28983,28.059036],[-105.28717,28.059147],[-105.28693,28.059158],[-105.286632,28.059173],[-105.286563,28.059176],[-105.286547,28.059177],[-105.286542,28.059175],[-105.283884,28.059316],[-105.28347,28.059339],[-105.283086,28.058746],[-105.282942,28.058525],[-105.282934,28.058466],[-105.28301,28.058463],[-105.283052,28.058461],[-105.283231,28.058456],[-105.283893,28.058434],[-105.284472,28.058415],[-105.284799,28.058404],[-105.28488,28.058402],[-105.286104,28.058362],[-105.286772,28.05834],[-105.287123,28.058329],[-105.287837,28.058305],[-105.287986,28.058301],[-105.288025,28.058299],[-105.289048,28.058268],[-105.289975,28.058239],[-105.290259,28.058231],[-105.290725,28.058216],[-105.292213,28.058171],[-105.29273,28.058155],[-105.292789,28.058137],[-105.292818,28.058152],[-105.29289,28.05815],[-105.294131,28.058102],[-105.295429,28.058051],[-105.297869,28.057957],[-105.29857,28.057938],[-105.30053,28.057885],[-105.301011,28.057872],[-105.301631,28.057852],[-105.304313,28.057764],[-105.304673,28.058367]]]}},{"type":"Feature","properties":{"modulo":12,"idparcela":"************","productor":null,"cultivo":null,"superficie_fisica_ha":null,"superficie_riego_ha":null,"hectareas":9.175},"geometry":{"type":"Polygon","coordinates":[[[-105.292762,28.057406],[-105.291898,28.057427],[-105.290046,28.057472],[-105.289979,28.057474],[-105.287176,28.05757],[-105.284688,28.057656],[-105.282483,28.057726],[-105.282234,28.057298],[-105.281714,28.056985],[-105.282796,28.056943],[-105.283391,28.05692],[-105.284352,28.056883],[-105.285055,28.056856],[-105.285752,28.056829],[-105.286634,28.056795],[-105.2876,28.056757],[-105.288431,28.056725],[-105.292757,28.056558],[-105.292762,28.057406]]]}},{"type":"Feature","properties":{"modulo":12,"idparcela":"************","productor":null,"cultivo":null,"superficie_fisica_ha":null,"superficie_riego_ha":null,"hectareas":11.121},"geometry":{"type":"Polygon","coordinates":[[[-105.302196,28.053857],[-105.302219,28.0539],[-105.302228,28.053916],[-105.302441,28.054243],[-105.302481,28.054289],[-105.302327,28.054292],[-105.29658,28.054525],[-105.285205,28.0551],[-105.28452,28.055114],[-105.283758,28.055154],[-105.282969,28.055213],[-105.282398,28.05525],[-105.281998,28.055258],[-105.282046,28.055152],[-105.282194,28.055064],[-105.282339,28.054818],[-105.282511,28.054607],[-105.284074,28.054561],[-105.285086,28.054521],[-105.286211,28.054475],[-105.286321,28.054471],[-105.287426,28.054429],[-105.288272,28.054396],[-105.289401,28.05435],[-105.290484,28.05431],[-105.29123,28.054279],[-105.292032,28.054246],[-105.292805,28.054216],[-105.293759,28.054177],[-105.302196,28.053857]]]}},{"type":"Feature","properties":{"modulo":12,"idparcela":"************","productor":null,"cultivo":null,"superficie_fisica_ha":null,"superficie_riego_ha":null,"hectareas":0.619},"geometry":{"type":"Polygon","coordinates":[[[-105.288569,28.047292],[-105.288558,28.047581],[-105.288555,28.047649],[-105.288457,28.048202],[-105.288394,28.048456],[-105.288372,28.048545],[-105.288303,28.048814],[-105.288192,28.049275],[-105.288142,28.049277],[-105.288069,28.049278],[-105.288042,28.049262],[-105.288016,28.049263],[-105.28754,28.049196],[-105.287523,28.049168],[-105.287543,28.049142],[-105.287674,28.049135],[-105.287797,28.049117],[-105.28801,28.04903],[-105.288028,28.048873],[-105.288046,28.048749],[-105.288035,28.048498],[-105.288024,28.048389],[-105.288115,28.048273],[-105.288111,28.048107],[-105.288244,28.047842],[-105.288412,28.047526],[-105.288503,28.047382],[-105.288569,28.047292]]]}},{"type":"Feature","properties":{"modulo":12,"idparcela":"8884","productor":"SANCHEZ MENDOZA PABLO","cultivo":null,"superficie_fisica_ha":0.091,"superficie_riego_ha":0.091,"hectareas":0.158},"geometry":{"type":"Polygon","coordinates":[[[-105.296483,28.04406],[-105.296046,28.044095],[-105.295975,28.044101],[-105.295961,28.043964],[-105.295942,28.043807],[-105.296403,28.043761],[-105.296483,28.04406]]]}},{"type":"Feature","properties":{"modulo":12,"idparcela":"8884","productor":"SANCHEZ MENDOZA PABLO","cultivo":null,"superficie_fisica_ha":0.091,"superficie_riego_ha":0.091,"hectareas":0.455},"geometry":{"type":"Polygon","coordinates":[[[-105.289738,28.044206],[-105.288434,28.044209],[-105.288423,28.043893],[-105.289745,28.043884],[-105.289745,28.044163],[-105.289738,28.044206]]]}},{"type":"Feature","properties":{"modulo":12,"idparcela":"8730","productor":"VILLOTA DOMINGUEZ MA. DE JESUS","cultivo":null,"superficie_fisica_ha":5.3131,"superficie_riego_ha":5.3131,"hectareas":4.643},"geometry":{"type":"Polygon","coordinates":[[[-105.26676,27.994047],[-105.266727,27.994031],[-105.266148,27.993759],[-105.266196,27.993685],[-105.266391,27.993378],[-105.266888,27.992572],[-105.26964,27.993816],[-105.269514,27.994015],[-105.269394,27.994181],[-105.269075,27.994618],[-105.268867,27.994905],[-105.268853,27.994929],[-105.268747,27.995062],[-105.26676,27.994047]]]}},{"type":"Feature","properties":{"modulo":12,"idparcela":"************","productor":null,"cultivo":null,"superficie_fisica_ha":null,"superficie_riego_ha":null,"hectareas":1.174},"geometry":{"type":"Polygon","coordinates":[[[-105.290863,28.067902],[-105.290692,28.067905],[-105.289831,28.067923],[-105.289795,28.067928],[-105.289758,28.067934],[-105.289672,28.067947],[-105.28915,28.068029],[-105.288951,28.068029],[-105.288521,28.067869],[-105.288591,28.067413],[-105.288643,28.067444],[-105.288773,28.067521],[-105.28896,28.067584],[-105.28931,28.067565],[-105.289501,28.067512],[-105.289574,28.067492],[-105.289603,28.067483],[-105.289818,28.067438],[-105.289919,28.067434],[-105.290058,28.067428],[-105.290383,28.067427],[-105.29059,28.067454],[-105.290931,28.067499],[-105.290928,28.067547],[-105.290887,28.067736],[-105.290863,28.067902]]]}},{"type":"Feature","properties":{"modulo":12,"idparcela":"************","productor":null,"cultivo":null,"superficie_fisica_ha":null,"superficie_riego_ha":null,"hectareas":0.891},"geometry":{"type":"Polygon","coordinates":[[[-105.313513,28.195256],[-105.313575,28.195285],[-105.313621,28.195306],[-105.313677,28.195331],[-105.313901,28.195387],[-105.314066,28.195405],[-105.314523,28.195539],[-105.314575,28.195664],[-105.3146,28.196055],[-105.314369,28.196082],[-105.31363,28.196097],[-105.313532,28.196087],[-105.313445,28.196093],[-105.313396,28.196017],[-105.313383,28.195752],[-105.313377,28.195547],[-105.313386,28.195415],[-105.31338,28.195358],[-105.313356,28.195282],[-105.313472,28.195263],[-105.313513,28.195256]]]}},{"type":"Feature","properties":{"modulo":12,"idparcela":"9456","productor":"ESPARZA CASAS ALEJANDRO","cultivo":null,"superficie_fisica_ha":7.1011,"superficie_riego_ha":7.1011,"hectareas":2.74},"geometry":{"type":"Polygon","coordinates":[[[-105.314557,28.193798],[-105.314353,28.194144],[-105.314009,28.194631],[-105.313865,28.194813],[-105.313814,28.19493],[-105.313779,28.194973],[-105.313758,28.194998],[-105.31372,28.195035],[-105.313662,28.195094],[-105.31363,28.195125],[-105.313407,28.195005],[-105.313178,28.194948],[-105.313095,28.194912],[-105.312852,28.194805],[-105.312618,28.194703],[-105.312463,28.194669],[-105.312041,28.194577],[-105.311977,28.194563],[-105.31193,28.194553],[-105.311858,28.194543],[-105.311879,28.194531],[-105.311942,28.194471],[-105.311975,28.19444],[-105.312014,28.194403],[-105.312355,28.194077],[-105.312374,28.194059],[-105.312683,28.193836],[-105.312868,28.193703],[-105.312969,28.193627],[-105.313137,28.193505],[-105.313256,28.193419],[-105.313365,28.193341],[-105.31338,28.193325],[-105.313987,28.193565],[-105.314557,28.193798]]]}},{"type":"Feature","properties":{"modulo":12,"idparcela":"9442","productor":"GALLEGOS GUZMAN REBECA","cultivo":null,"superficie_fisica_ha":2.015,"superficie_riego_ha":2.015,"hectareas":1.678},"geometry":{"type":"Polygon","coordinates":[[[-105.310859,28.191452],[-105.313495,28.192858],[-105.313687,28.19297],[-105.313715,28.192964],[-105.313598,28.193147],[-105.31338,28.193325],[-105.313359,28.193314],[-105.310456,28.191773],[-105.310728,28.191541],[-105.310785,28.191501],[-105.310827,28.191466],[-105.310859,28.191452]]]}},{"type":"Feature","properties":{"modulo":12,"idparcela":"9435","productor":"SAENZ RODRIGUEZ ALBERTO","cultivo":null,"superficie_fisica_ha":0.95,"superficie_riego_ha":0.95,"hectareas":1.017},"geometry":{"type":"Polygon","coordinates":[[[-105.310906,28.193134],[-105.310904,28.193132],[-105.310882,28.193108],[-105.310586,28.192784],[-105.310142,28.192586],[-105.309815,28.192401],[-105.309875,28.192336],[-105.310148,28.192078],[-105.311499,28.192885],[-105.312868,28.193703],[-105.312683,28.193836],[-105.312303,28.193594],[-105.311835,28.193296],[-105.311467,28.193064],[-105.311234,28.192916],[-105.31109,28.19307],[-105.311036,28.193085],[-105.310961,28.193113],[-105.310906,28.193134]]]}},{"type":"Feature","properties":{"modulo":12,"idparcela":"9429","productor":"RODRIGUEZ GARCIA DAGOBERTO","cultivo":null,"superficie_fisica_ha":2.1677,"superficie_riego_ha":2.1677,"hectareas":1.748},"geometry":{"type":"Polygon","coordinates":[[[-105.314052,28.192504],[-105.313968,28.192593],[-105.313725,28.192926],[-105.313715,28.192964],[-105.313687,28.19297],[-105.313495,28.192858],[-105.310859,28.191452],[-105.310908,28.1914],[-105.311305,28.191203],[-105.311401,28.191208],[-105.314052,28.192504]]]}},{"type":"Feature","properties":{"modulo":12,"idparcela":"9440","productor":"RODRIGUEZ RODRIGUEZ BONIFACIO","cultivo":null,"superficie_fisica_ha":3,"superficie_riego_ha":3,"hectareas":1.26},"geometry":{"type":"Polygon","coordinates":[[[-105.314358,28.192179],[-105.314052,28.192504],[-105.311401,28.191208],[-105.311847,28.190994],[-105.314358,28.192179]]]}},{"type":"Feature","properties":{"modulo":12,"idparcela":"************","productor":null,"cultivo":null,"superficie_fisica_ha":null,"superficie_riego_ha":null,"hectareas":1.451},"geometry":{"type":"Polygon","coordinates":[[[-105.31473,28.191785],[-105.314358,28.192179],[-105.311847,28.190994],[-105.312504,28.190741],[-105.31473,28.191785]]]}},{"type":"Feature","properties":{"modulo":12,"idparcela":"9446","productor":"GARCIA GARCIA MANUELA","cultivo":null,"superficie_fisica_ha":0.625,"superficie_riego_ha":0.625,"hectareas":1.166},"geometry":{"type":"Polygon","coordinates":[[[-105.315113,28.191335],[-105.31473,28.191785],[-105.312504,28.190741],[-105.312931,28.190538],[-105.314462,28.191112],[-105.315113,28.191335]]]}},{"type":"Feature","properties":{"modulo":12,"idparcela":"************","productor":null,"cultivo":null,"superficie_fisica_ha":null,"superficie_riego_ha":null,"hectareas":0.851},"geometry":{"type":"Polygon","coordinates":[[[-105.313533,28.195217],[-105.313513,28.195256],[-105.313472,28.195263],[-105.313356,28.195282],[-105.313273,28.195253],[-105.313053,28.195246],[-105.312889,28.195246],[-105.312771,28.195195],[-105.312708,28.195108],[-105.312658,28.194998],[-105.312618,28.194968],[-105.312229,28.194946],[-105.311983,28.194916],[-105.311576,28.194902],[-105.311259,28.194977],[-105.311007,28.195078],[-105.310964,28.195101],[-105.310508,28.195053],[-105.310674,28.195024],[-105.310677,28.195023],[-105.31077,28.194996],[-105.310889,28.194962],[-105.310901,28.194959],[-105.311135,28.194858],[-105.311176,28.19484],[-105.311215,28.194824],[-105.311282,28.194794],[-105.311697,28.194611],[-105.311774,28.194577],[-105.311808,28.194562],[-105.311849,28.194544],[-105.311858,28.194543],[-105.31193,28.194553],[-105.311977,28.194563],[-105.312041,28.194577],[-105.312463,28.194669],[-105.312618,28.194703],[-105.312852,28.194805],[-105.313095,28.194912],[-105.313178,28.194948],[-105.313407,28.195005],[-105.31363,28.195125],[-105.313571,28.195178],[-105.313533,28.195217]]]}},{"type":"Feature","properties":{"modulo":12,"idparcela":"9437","productor":"ZUBIA MORALES RUBEN","cultivo":null,"superficie_fisica_ha":0.75,"superficie_riego_ha":0.75,"hectareas":0.933},"geometry":{"type":"Polygon","coordinates":[[[-105.310148,28.192078],[-105.310317,28.191909],[-105.312542,28.193168],[-105.313137,28.193505],[-105.312969,28.193627],[-105.312868,28.193703],[-105.311499,28.192885],[-105.310148,28.192078]]]}},{"type":"Feature","properties":{"modulo":12,"idparcela":"9436","productor":"ZUBIA MORALES RUBEN","cultivo":null,"superficie_fisica_ha":0.5,"superficie_riego_ha":0.5,"hectareas":0.937},"geometry":{"type":"Polygon","coordinates":[[[-105.310586,28.192784],[-105.310882,28.193108],[-105.310906,28.193134],[-105.310692,28.19328],[-105.310198,28.19362],[-105.310054,28.193719],[-105.309953,28.19354],[-105.30983,28.193236],[-105.309787,28.193059],[-105.309653,28.192754],[-105.309715,28.19251],[-105.309815,28.192401],[-105.310142,28.192586],[-105.310586,28.192784]]]}},{"type":"Feature","properties":{"modulo":12,"idparcela":"9438","productor":"ZUBIA MORALES RUBEN","cultivo":null,"superficie_fisica_ha":0.4112,"superficie_riego_ha":0.4112,"hectareas":0.577},"geometry":{"type":"Polygon","coordinates":[[[-105.311467,28.193064],[-105.311835,28.193296],[-105.312303,28.193594],[-105.312683,28.193836],[-105.312374,28.194059],[-105.312355,28.194077],[-105.311619,28.193591],[-105.311143,28.193278],[-105.311467,28.193064]]]}},{"type":"Feature","properties":{"modulo":12,"idparcela":"9434","productor":"LARA ORTEGA EFREN","cultivo":null,"superficie_fisica_ha":0.3937,"superficie_riego_ha":0.3937,"hectareas":0.88},"geometry":{"type":"Polygon","coordinates":[[[-105.312355,28.194077],[-105.312014,28.194403],[-105.311975,28.19444],[-105.311942,28.194471],[-105.311879,28.194531],[-105.311849,28.194544],[-105.311808,28.194562],[-105.311774,28.194577],[-105.311697,28.194611],[-105.311282,28.194794],[-105.311215,28.194824],[-105.311176,28.19484],[-105.311135,28.194858],[-105.311249,28.193994],[-105.311619,28.193591],[-105.312355,28.194077]]]}},{"type":"Feature","properties":{"modulo":12,"idparcela":"9440","productor":"RODRIGUEZ RODRIGUEZ BONIFACIO","cultivo":null,"superficie_fisica_ha":3,"superficie_riego_ha":3,"hectareas":0.391},"geometry":{"type":"Polygon","coordinates":[[[-105.310692,28.19328],[-105.310906,28.193134],[-105.310961,28.193113],[-105.311036,28.193085],[-105.31109,28.19307],[-105.311234,28.192916],[-105.311467,28.193064],[-105.311143,28.193278],[-105.310123,28.193951],[-105.310054,28.193719],[-105.310198,28.19362],[-105.310692,28.19328]]]}},{"type":"Feature","properties":{"modulo":12,"idparcela":"9444","productor":"MARTINEZ OLIVAS JOSE LINO","cultivo":null,"superficie_fisica_ha":0.75,"superficie_riego_ha":0.75,"hectareas":0.601},"geometry":{"type":"Polygon","coordinates":[[[-105.310123,28.193951],[-105.311143,28.193278],[-105.311619,28.193591],[-105.311249,28.193994],[-105.310123,28.193951]]]}},{"type":"Feature","properties":{"modulo":12,"idparcela":"9445","productor":"ZUBIA MORALES POMPEYO","cultivo":null,"superficie_fisica_ha":0.3154,"superficie_riego_ha":0.3154,"hectareas":0.981},"geometry":{"type":"Polygon","coordinates":[[[-105.311135,28.194858],[-105.310901,28.194959],[-105.310889,28.194962],[-105.31077,28.194996],[-105.310677,28.195023],[-105.310674,28.195024],[-105.310508,28.195053],[-105.310429,28.194915],[-105.310321,28.194823],[-105.310296,28.194527],[-105.310249,28.194244],[-105.310196,28.194085],[-105.310173,28.194023],[-105.310123,28.193951],[-105.311249,28.193994],[-105.311135,28.194858]]]}},{"type":"Feature","properties":{"modulo":12,"idparcela":"8998","productor":"GOMEZ SIGALA GREGORIO","cultivo":null,"superficie_fisica_ha":4.4536,"superficie_riego_ha":4.4536,"hectareas":4.348},"geometry":{"type":"Polygon","coordinates":[[[-105.289437,28.063454],[-105.289284,28.062278],[-105.289257,28.062127],[-105.289307,28.062118],[-105.289861,28.062078],[-105.290556,28.062036],[-105.291616,28.061967],[-105.291968,28.061945],[-105.292217,28.063362],[-105.292168,28.063362],[-105.291942,28.063384],[-105.291699,28.063408],[-105.291631,28.063418],[-105.291412,28.063433],[-105.29119,28.063448],[-105.291152,28.063451],[-105.291114,28.063455],[-105.290943,28.063463],[-105.290827,28.063468],[-105.290686,28.063484],[-105.29066,28.063488],[-105.290175,28.063557],[-105.290138,28.063559],[-105.289666,28.063585],[-105.289554,28.063581],[-105.289446,28.063577],[-105.289444,28.063567],[-105.289437,28.063454]]]}},{"type":"Feature","properties":{"modulo":12,"idparcela":"************","productor":null,"cultivo":null,"superficie_fisica_ha":null,"superficie_riego_ha":null,"hectareas":2.191},"geometry":{"type":"Polygon","coordinates":[[[-105.334316,28.185214],[-105.334385,28.185214],[-105.334489,28.185223],[-105.334595,28.185186],[-105.334709,28.185123],[-105.334815,28.185087],[-105.334944,28.185131],[-105.335123,28.185185],[-105.335905,28.185346],[-105.336674,28.185506],[-105.337166,28.185631],[-105.337225,28.185631],[-105.337296,28.185586],[-105.337407,28.18554],[-105.337479,28.185585],[-105.337501,28.185694],[-105.337482,28.185792],[-105.337417,28.185847],[-105.337321,28.185909],[-105.337188,28.185987],[-105.337011,28.186069],[-105.336814,28.186223],[-105.336556,28.186536],[-105.336485,28.18664],[-105.334316,28.185214]]]}},{"type":"Feature","properties":{"modulo":12,"idparcela":"************","productor":null,"cultivo":null,"superficie_fisica_ha":null,"superficie_riego_ha":null,"hectareas":0.625},"geometry":{"type":"Polygon","coordinates":[[[-105.335188,28.183837],[-105.334634,28.183662],[-105.334703,28.183461],[-105.33495,28.18277],[-105.335531,28.18284],[-105.335188,28.183837]]]}},{"type":"Feature","properties":{"modulo":12,"idparcela":"9461","productor":"ORTEGA DE COLORADO MARGARITA","cultivo":null,"superficie_fisica_ha":1.0187,"superficie_riego_ha":1.0187,"hectareas":1.821},"geometry":{"type":"Polygon","coordinates":[[[-105.229491,27.991061],[-105.229599,27.991125],[-105.229781,27.99124],[-105.230081,27.991303],[-105.230278,27.991375],[-105.230462,27.991432],[-105.230686,27.991593],[-105.230279,27.992549],[-105.230144,27.992575],[-105.229834,27.992648],[-105.22961,27.992693],[-105.229469,27.99271],[-105.229098,27.992347],[-105.229137,27.992153],[-105.229217,27.991867],[-105.229382,27.991463],[-105.229491,27.991061]]]}},{"type":"Feature","properties":{"modulo":12,"idparcela":"8702","productor":"BARRIOS MORALES JOSE LUIS","cultivo":null,"superficie_fisica_ha":6,"superficie_riego_ha":6,"hectareas":8.495},"geometry":{"type":"Polygon","coordinates":[[[-105.256273,27.989143],[-105.258519,27.989692],[-105.258608,27.989714],[-105.258644,27.989723],[-105.258462,27.989995],[-105.25788,27.990862],[-105.257741,27.99103],[-105.257482,27.991372],[-105.256741,27.992591],[-105.254848,27.99205],[-105.254697,27.992034],[-105.25447,27.992056],[-105.254273,27.99208],[-105.255326,27.990531],[-105.256273,27.989143]]]}},{"type":"Feature","properties":{"modulo":12,"idparcela":"8729","productor":"VILLOTA ARMENDARIZ JESUS","cultivo":null,"superficie_fisica_ha":5.3131,"superficie_riego_ha":5.3131,"hectareas":2.752},"geometry":{"type":"Polygon","coordinates":[[[-105.265316,27.995033],[-105.265414,27.99485],[-105.268633,27.995182],[-105.26862,27.9952],[-105.268281,27.995738],[-105.267774,27.99648],[-105.265316,27.995033]]]}},{"type":"Feature","properties":{"modulo":12,"idparcela":"8729","productor":"VILLOTA ARMENDARIZ JESUS","cultivo":null,"superficie_fisica_ha":5.3131,"superficie_riego_ha":5.3131,"hectareas":1.805},"geometry":{"type":"Polygon","coordinates":[[[-105.266148,27.993759],[-105.266727,27.994031],[-105.26676,27.994047],[-105.268747,27.995062],[-105.265533,27.994713],[-105.265563,27.994678],[-105.265883,27.994167],[-105.266148,27.993759]]]}},{"type":"Feature","properties":{"modulo":12,"idparcela":"8734","productor":"FERNANDEZ FLORES FELIX ARTURO","cultivo":null,"superficie_fisica_ha":2.686,"superficie_riego_ha":2.686,"hectareas":1.1},"geometry":{"type":"Polygon","coordinates":[[[-105.271141,27.995489],[-105.270866,27.995838],[-105.270641,27.995824],[-105.268543,27.9957],[-105.2687,27.995464],[-105.268849,27.995224],[-105.268863,27.995216],[-105.271052,27.995483],[-105.271141,27.995489]]]}},{"type":"Feature","properties":{"modulo":12,"idparcela":"8734","productor":"FERNANDEZ FLORES FELIX ARTURO","cultivo":null,"superficie_fisica_ha":2.686,"superficie_riego_ha":2.686,"hectareas":2.897},"geometry":{"type":"Polygon","coordinates":[[[-105.271143,27.99531],[-105.271116,27.995362],[-105.268747,27.995062],[-105.268853,27.994929],[-105.268867,27.994905],[-105.269075,27.994618],[-105.269394,27.994181],[-105.269514,27.994015],[-105.26964,27.993816],[-105.271618,27.994415],[-105.271384,27.994806],[-105.271143,27.99531]]]}},{"type":"Feature","properties":{"modulo":12,"idparcela":"8736","productor":"FERNANDEZ QUI¥ONEZ JORGE LUIS","cultivo":null,"superficie_fisica_ha":6.8689,"superficie_riego_ha":6.8689,"hectareas":6.382},"geometry":{"type":"Polygon","coordinates":[[[-105.26665,28.001708],[-105.266547,28.001376],[-105.266458,28.001137],[-105.266495,28.000969],[-105.266749,27.999984],[-105.267034,27.998819],[-105.267119,27.998567],[-105.267178,27.998454],[-105.267222,27.998277],[-105.267182,27.998133],[-105.267124,27.997989],[-105.267347,27.997486],[-105.268699,27.998833],[-105.268967,27.999111],[-105.268665,27.999617],[-105.268214,28.000369],[-105.267024,28.002433],[-105.26665,28.001708]]]}},{"type":"Feature","properties":{"modulo":12,"idparcela":"8754","productor":"MATA LOZANO ROBERTO","cultivo":null,"superficie_fisica_ha":10.0971,"superficie_riego_ha":10.0971,"hectareas":7.856},"geometry":{"type":"Polygon","coordinates":[[[-105.272747,28.002791],[-105.278325,28.002184],[-105.278394,28.002193],[-105.278547,28.002731],[-105.278584,28.002937],[-105.278605,28.003369],[-105.278453,28.003403],[-105.275124,28.003726],[-105.275119,28.003727],[-105.273989,28.003837],[-105.272585,28.003973],[-105.272541,28.003716],[-105.272478,28.003307],[-105.272389,28.00283],[-105.272747,28.002791]]]}},{"type":"Feature","properties":{"modulo":12,"idparcela":"************","productor":null,"cultivo":null,"superficie_fisica_ha":null,"superficie_riego_ha":null,"hectareas":2.511},"geometry":{"type":"Polygon","coordinates":[[[-105.278453,28.003403],[-105.278605,28.003369],[-105.278612,28.003614],[-105.278597,28.003783],[-105.278581,28.004057],[-105.275428,28.004421],[-105.275124,28.003726],[-105.278453,28.003403]]]}},{"type":"Feature","properties":{"modulo":12,"idparcela":"8786","productor":"MATA FLORES JOSEFINA DE","cultivo":null,"superficie_fisica_ha":3.26,"superficie_riego_ha":3.26,"hectareas":2.437},"geometry":{"type":"Polygon","coordinates":[[[-105.272291,28.018904],[-105.272351,28.019399],[-105.272353,28.019419],[-105.269275,28.01973],[-105.268163,28.01985],[-105.268153,28.019851],[-105.26814,28.019805],[-105.268093,28.01974],[-105.268025,28.019664],[-105.26789,28.019299],[-105.268044,28.019332],[-105.268199,28.019318],[-105.268541,28.019281],[-105.269691,28.019192],[-105.270389,28.019085],[-105.272291,28.018904]]]}},{"type":"Feature","properties":{"modulo":12,"idparcela":"************","productor":null,"cultivo":null,"superficie_fisica_ha":null,"superficie_riego_ha":null,"hectareas":10.927},"geometry":{"type":"Polygon","coordinates":[[[-105.278299,28.028623],[-105.281301,28.028301],[-105.282156,28.028211],[-105.282527,28.028181],[-105.282873,28.028135],[-105.283679,28.028057],[-105.28542,28.027858],[-105.285578,28.027851],[-105.285742,28.027836],[-105.285911,28.027799],[-105.286307,28.027752],[-105.286583,28.027701],[-105.286449,28.027802],[-105.286344,28.027994],[-105.286184,28.028197],[-105.285997,28.028371],[-105.285811,28.028575],[-105.285556,28.028796],[-105.285318,28.028914],[-105.285046,28.028915],[-105.284707,28.028943],[-105.284329,28.029016],[-105.283978,28.029071],[-105.283487,28.029081],[-105.28299,28.029118],[-105.282419,28.0292],[-105.281734,28.029283],[-105.281269,28.029329],[-105.28081,28.029384],[-105.280453,28.029502],[-105.280161,28.02962],[-105.279923,28.029756],[-105.279784,28.029891],[-105.279677,28.030063],[-105.27957,28.030262],[-105.279513,28.030461],[-105.279484,28.030668],[-105.279486,28.030867],[-105.279511,28.031056],[-105.27955,28.031255],[-105.27957,28.0313],[-105.279241,28.031331],[-105.278044,28.029417],[-105.277649,28.028803],[-105.277634,28.028779],[-105.277576,28.028689],[-105.277616,28.028684],[-105.278178,28.028636],[-105.278299,28.028623]]]}},{"type":"Feature","properties":{"modulo":12,"idparcela":"************","productor":null,"cultivo":null,"superficie_fisica_ha":null,"superficie_riego_ha":null,"hectareas":12.803},"geometry":{"type":"Polygon","coordinates":[[[-105.281301,28.028301],[-105.278299,28.028623],[-105.278178,28.028636],[-105.277616,28.028684],[-105.276624,28.028803],[-105.276454,28.028623],[-105.274595,28.026662],[-105.274543,28.026569],[-105.274622,28.026558],[-105.277345,28.026302],[-105.279561,28.026067],[-105.27966,28.0262],[-105.281262,28.028225],[-105.281264,28.028225],[-105.281301,28.028301]]]}},{"type":"Feature","properties":{"modulo":12,"idparcela":"************","productor":null,"cultivo":null,"superficie_fisica_ha":null,"superficie_riego_ha":null,"hectareas":4.01},"geometry":{"type":"Polygon","coordinates":[[[-105.269021,28.026476],[-105.269018,28.026476],[-105.262774,28.027244],[-105.262758,28.027236],[-105.262558,28.027074],[-105.262438,28.026866],[-105.262368,28.026689],[-105.264836,28.026394],[-105.268494,28.025956],[-105.26897,28.02644],[-105.269021,28.026476]]]}},{"type":"Feature","properties":{"modulo":12,"idparcela":"************","productor":null,"cultivo":null,"superficie_fisica_ha":null,"superficie_riego_ha":null,"hectareas":3.308},"geometry":{"type":"Polygon","coordinates":[[[-105.269557,28.026992],[-105.266459,28.027345],[-105.263364,28.027739],[-105.26319,28.02756],[-105.262975,28.027366],[-105.262902,28.027301],[-105.265831,28.026946],[-105.26711,28.026793],[-105.269121,28.026546],[-105.269749,28.026988],[-105.269557,28.026992]]]}},{"type":"Feature","properties":{"modulo":12,"idparcela":"************","productor":null,"cultivo":null,"superficie_fisica_ha":null,"superficie_riego_ha":null,"hectareas":4.432},"geometry":{"type":"Polygon","coordinates":[[[-105.264836,28.026394],[-105.262398,28.026654],[-105.262246,28.026693],[-105.262132,28.02645],[-105.262027,28.026301],[-105.261877,28.025993],[-105.262028,28.025974],[-105.267813,28.02544],[-105.267902,28.025428],[-105.26791,28.025427],[-105.268346,28.025806],[-105.268494,28.025956],[-105.264836,28.026394]]]}},{"type":"Feature","properties":{"modulo":12,"idparcela":"************","productor":null,"cultivo":null,"superficie_fisica_ha":null,"superficie_riego_ha":null,"hectareas":8.392},"geometry":{"type":"Polygon","coordinates":[[[-105.269248,28.026443],[-105.269232,28.026446],[-105.268999,28.026235],[-105.268809,28.026034],[-105.268694,28.025935],[-105.272416,28.025585],[-105.273875,28.025448],[-105.277114,28.025144],[-105.278132,28.025049],[-105.28379,28.02452],[-105.283797,28.024519],[-105.283918,28.024504],[-105.283987,28.024758],[-105.284048,28.024942],[-105.283879,28.024966],[-105.28362,28.024991],[-105.277289,28.025646],[-105.269298,28.026436],[-105.269248,28.026443]]]}},{"type":"Feature","properties":{"modulo":12,"idparcela":"************","productor":null,"cultivo":null,"superficie_fisica_ha":null,"superficie_riego_ha":null,"hectareas":8.886},"geometry":{"type":"Polygon","coordinates":[[[-105.269334,28.02652],[-105.269345,28.026519],[-105.270296,28.026416],[-105.277341,28.025711],[-105.281175,28.025342],[-105.283025,28.025149],[-105.283656,28.025091],[-105.283904,28.025058],[-105.284092,28.025032],[-105.284243,28.025258],[-105.28431,28.025397],[-105.284409,28.025546],[-105.281974,28.025814],[-105.281917,28.025803],[-105.279561,28.026067],[-105.277345,28.026302],[-105.274622,28.026558],[-105.274543,28.026569],[-105.274492,28.026576],[-105.27262,28.026739],[-105.270003,28.026983],[-105.269999,28.026983],[-105.269964,28.026926],[-105.269334,28.02652]]]}},{"type":"Feature","properties":{"modulo":12,"idparcela":"************","productor":null,"cultivo":null,"superficie_fisica_ha":null,"superficie_riego_ha":null,"hectareas":9.791},"geometry":{"type":"Polygon","coordinates":[[[-105.268144,28.025398],[-105.278501,28.024433],[-105.28348,28.023958],[-105.28357,28.023949],[-105.283677,28.023942],[-105.283785,28.023935],[-105.283825,28.024174],[-105.283918,28.024504],[-105.283797,28.024519],[-105.28379,28.02452],[-105.278132,28.025049],[-105.277114,28.025144],[-105.273875,28.025448],[-105.272416,28.025585],[-105.268694,28.025935],[-105.268565,28.025823],[-105.268258,28.025495],[-105.268144,28.025398]]]}},{"type":"Feature","properties":{"modulo":12,"idparcela":"************","productor":null,"cultivo":null,"superficie_fisica_ha":null,"superficie_riego_ha":null,"hectareas":6.729},"geometry":{"type":"Polygon","coordinates":[[[-105.267658,28.024975],[-105.267764,28.024965],[-105.269868,28.024788],[-105.283602,28.023637],[-105.283731,28.02363],[-105.283785,28.023935],[-105.283677,28.023942],[-105.28357,28.023949],[-105.28348,28.023958],[-105.278501,28.024433],[-105.268144,28.025398],[-105.268135,28.025399],[-105.268125,28.025375],[-105.267658,28.024975]]]}},{"type":"Feature","properties":{"modulo":12,"idparcela":"************","productor":null,"cultivo":null,"superficie_fisica_ha":null,"superficie_riego_ha":null,"hectareas":10.119},"geometry":{"type":"Polygon","coordinates":[[[-105.266815,28.024124],[-105.271026,28.02371],[-105.271504,28.023671],[-105.272033,28.023628],[-105.272506,28.02359],[-105.272924,28.023557],[-105.273403,28.023516],[-105.273871,28.02348],[-105.274358,28.023441],[-105.274873,28.023398],[-105.275293,28.023337],[-105.275781,28.023294],[-105.27626,28.023219],[-105.27679,28.023179],[-105.277224,28.02313],[-105.277805,28.023078],[-105.278285,28.023053],[-105.278801,28.023005],[-105.279302,28.02296],[-105.279816,28.022924],[-105.280351,28.022863],[-105.280876,28.022817],[-105.281316,28.022773],[-105.281936,28.022726],[-105.28241,28.022681],[-105.282866,28.022636],[-105.283306,28.022597],[-105.28349,28.022586],[-105.283545,28.022766],[-105.283569,28.023026],[-105.28362,28.023236],[-105.2835,28.023234],[-105.267397,28.024529],[-105.267294,28.024539],[-105.267161,28.024553],[-105.267139,28.024535],[-105.266806,28.024124],[-105.266815,28.024124]]]}},{"type":"Feature","properties":{"modulo":12,"idparcela":"************","productor":null,"cultivo":null,"superficie_fisica_ha":null,"superficie_riego_ha":null,"hectareas":7.738},"geometry":{"type":"Polygon","coordinates":[[[-105.2835,28.023234],[-105.28362,28.023236],[-105.283731,28.02363],[-105.283602,28.023637],[-105.269868,28.024788],[-105.267764,28.024965],[-105.267658,28.024975],[-105.267624,28.024946],[-105.267161,28.024553],[-105.267294,28.024539],[-105.267397,28.024529],[-105.2835,28.023234]]]}},{"type":"Feature","properties":{"modulo":12,"idparcela":"************","productor":null,"cultivo":null,"superficie_fisica_ha":null,"superficie_riego_ha":null,"hectareas":2.95},"geometry":{"type":"Polygon","coordinates":[[[-105.267902,28.025428],[-105.267813,28.02544],[-105.262028,28.025974],[-105.261877,28.025993],[-105.261778,28.025758],[-105.26172,28.025557],[-105.267217,28.025018],[-105.267419,28.024999],[-105.267896,28.025405],[-105.267902,28.025428]]]}},{"type":"Feature","properties":{"modulo":12,"idparcela":"************","productor":null,"cultivo":null,"superficie_fisica_ha":null,"superficie_riego_ha":null,"hectareas":2.734},"geometry":{"type":"Polygon","coordinates":[[[-105.266927,28.024577],[-105.261624,28.025124],[-105.261586,28.025128],[-105.261397,28.024651],[-105.266489,28.024151],[-105.266493,28.024151],[-105.266914,28.024566],[-105.266927,28.024577]]]}},{"type":"Feature","properties":{"modulo":12,"idparcela":"************","productor":null,"cultivo":null,"superficie_fisica_ha":null,"superficie_riego_ha":null,"hectareas":2.739},"geometry":{"type":"Polygon","coordinates":[[[-105.267419,28.024999],[-105.267217,28.025018],[-105.26172,28.025557],[-105.261624,28.025312],[-105.261597,28.025201],[-105.261586,28.025128],[-105.261624,28.025124],[-105.266927,28.024577],[-105.267274,28.024875],[-105.267419,28.024999]]]}},{"type":"Feature","properties":{"modulo":12,"idparcela":"8808","productor":"MORIEL MARQUEZ SALVADOR","cultivo":null,"superficie_fisica_ha":19,"superficie_riego_ha":19,"hectareas":4.4},"geometry":{"type":"Polygon","coordinates":[[[-105.265931,28.02349],[-105.260943,28.023842],[-105.260732,28.023603],[-105.260434,28.023387],[-105.260239,28.02322],[-105.266024,28.022657],[-105.266034,28.022655],[-105.266064,28.022653],[-105.266,28.022944],[-105.265966,28.023227],[-105.265965,28.023368],[-105.265931,28.02349]]]}},{"type":"Feature","properties":{"modulo":12,"idparcela":"************","productor":null,"cultivo":null,"superficie_fisica_ha":null,"superficie_riego_ha":null,"hectareas":12.503},"geometry":{"type":"Polygon","coordinates":[[[-105.282866,28.022636],[-105.28241,28.022681],[-105.281936,28.022726],[-105.281316,28.022773],[-105.280876,28.022817],[-105.280351,28.022863],[-105.279816,28.022924],[-105.279302,28.02296],[-105.278801,28.023005],[-105.278285,28.023053],[-105.277805,28.023078],[-105.277224,28.02313],[-105.27679,28.023179],[-105.27626,28.023219],[-105.275781,28.023294],[-105.275293,28.023337],[-105.274873,28.023398],[-105.274358,28.023441],[-105.273871,28.02348],[-105.273403,28.023516],[-105.272924,28.023557],[-105.272506,28.02359],[-105.272033,28.023628],[-105.271504,28.023671],[-105.271026,28.02371],[-105.266815,28.024124],[-105.266668,28.023983],[-105.266547,28.023848],[-105.26623,28.023489],[-105.26623,28.023481],[-105.272875,28.022875],[-105.27627,28.02258],[-105.281015,28.022087],[-105.281765,28.022012],[-105.282002,28.022007],[-105.282499,28.021982],[-105.283101,28.021922],[-105.283224,28.021906],[-105.283433,28.022459],[-105.28349,28.022586],[-105.283306,28.022597],[-105.282866,28.022636]]]}},{"type":"Feature","properties":{"modulo":12,"idparcela":"8806","productor":"CHAVEZ HOLGUIN OSCAR","cultivo":null,"superficie_fisica_ha":5,"superficie_riego_ha":5,"hectareas":5.382},"geometry":{"type":"Polygon","coordinates":[[[-105.266925,28.02188],[-105.273291,28.021201],[-105.273647,28.021944],[-105.272632,28.022019],[-105.266328,28.022627],[-105.266407,28.022463],[-105.266925,28.02188]]]}},{"type":"Feature","properties":{"modulo":12,"idparcela":"8808","productor":"MORIEL MARQUEZ SALVADOR","cultivo":null,"superficie_fisica_ha":19,"superficie_riego_ha":19,"hectareas":14.751},"geometry":{"type":"Polygon","coordinates":[[[-105.283224,28.021906],[-105.283101,28.021922],[-105.282499,28.021982],[-105.282002,28.022007],[-105.281765,28.022012],[-105.281015,28.022087],[-105.27627,28.02258],[-105.272875,28.022875],[-105.26623,28.023481],[-105.26623,28.023411],[-105.266221,28.023229],[-105.2662,28.023044],[-105.266235,28.022931],[-105.266268,28.022752],[-105.266328,28.022627],[-105.272632,28.022019],[-105.273647,28.021944],[-105.273714,28.021939],[-105.274273,28.021898],[-105.274823,28.021863],[-105.275641,28.021812],[-105.276398,28.021765],[-105.27705,28.021722],[-105.277895,28.021652],[-105.278727,28.021582],[-105.279444,28.021515],[-105.280427,28.021442],[-105.281241,28.021367],[-105.28238,28.021258],[-105.282625,28.021246],[-105.282783,28.021229],[-105.282927,28.021219],[-105.283183,28.021843],[-105.283224,28.021906]]]}},{"type":"Feature","properties":{"modulo":12,"idparcela":"************","productor":null,"cultivo":null,"superficie_fisica_ha":null,"superficie_riego_ha":null,"hectareas":1.599},"geometry":{"type":"Polygon","coordinates":[[[-105.267731,28.020822],[-105.259035,28.021704],[-105.259001,28.021535],[-105.260209,28.021434],[-105.260321,28.021422],[-105.260479,28.021406],[-105.260639,28.021389],[-105.260806,28.021371],[-105.260968,28.021353],[-105.261126,28.021336],[-105.261275,28.02132],[-105.261454,28.021302],[-105.261621,28.021284],[-105.261783,28.021267],[-105.261917,28.021253],[-105.262069,28.021236],[-105.262235,28.021219],[-105.262415,28.0212],[-105.262596,28.021179],[-105.262784,28.02116],[-105.262969,28.02114],[-105.263095,28.021127],[-105.263248,28.021111],[-105.26339,28.021096],[-105.263541,28.02108],[-105.26369,28.021064],[-105.263849,28.021047],[-105.264019,28.021029],[-105.264193,28.021011],[-105.264375,28.020991],[-105.264593,28.020968],[-105.264771,28.02095],[-105.264949,28.02093],[-105.265148,28.020908],[-105.265351,28.020888],[-105.265571,28.020863],[-105.265773,28.020843],[-105.265936,28.020825],[-105.266139,28.020804],[-105.266337,28.020783],[-105.26653,28.020762],[-105.26675,28.02074],[-105.266986,28.020714],[-105.267194,28.020691],[-105.267391,28.02067],[-105.267578,28.020649],[-105.267814,28.020624],[-105.267822,28.020623],[-105.267799,28.020668],[-105.267731,28.020822]]]}},{"type":"Feature","properties":{"modulo":12,"idparcela":"************","productor":null,"cultivo":null,"superficie_fisica_ha":null,"superficie_riego_ha":null,"hectareas":5.794},"geometry":{"type":"Polygon","coordinates":[[[-105.266698,28.021832],[-105.266656,28.021837],[-105.266564,28.021848],[-105.266435,28.021858],[-105.263226,28.02216],[-105.259377,28.022528],[-105.259266,28.02246],[-105.259155,28.022324],[-105.259117,28.022198],[-105.259089,28.022036],[-105.259069,28.021918],[-105.259472,28.021882],[-105.267567,28.021031],[-105.267496,28.021098],[-105.267405,28.021174],[-105.267281,28.021236],[-105.267142,28.021362],[-105.266974,28.021532],[-105.266698,28.021832]]]}},{"type":"Feature","properties":{"modulo":12,"idparcela":"************","productor":null,"cultivo":null,"superficie_fisica_ha":null,"superficie_riego_ha":null,"hectareas":2.4},"geometry":{"type":"Polygon","coordinates":[[[-105.267822,28.020623],[-105.267814,28.020624],[-105.267578,28.020649],[-105.267391,28.02067],[-105.267194,28.020691],[-105.266986,28.020714],[-105.26675,28.02074],[-105.26653,28.020762],[-105.266337,28.020783],[-105.266139,28.020804],[-105.265936,28.020825],[-105.265773,28.020843],[-105.265571,28.020863],[-105.265351,28.020888],[-105.265148,28.020908],[-105.264949,28.02093],[-105.264771,28.02095],[-105.264593,28.020968],[-105.264375,28.020991],[-105.264193,28.021011],[-105.264019,28.021029],[-105.263849,28.021047],[-105.26369,28.021064],[-105.263541,28.02108],[-105.26339,28.021096],[-105.263248,28.021111],[-105.263095,28.021127],[-105.262969,28.02114],[-105.262784,28.02116],[-105.262596,28.021179],[-105.262415,28.0212],[-105.262235,28.021219],[-105.262069,28.021236],[-105.261917,28.021253],[-105.261783,28.021267],[-105.261621,28.021284],[-105.261454,28.021302],[-105.261275,28.02132],[-105.261126,28.021336],[-105.260968,28.021353],[-105.260806,28.021371],[-105.260639,28.021389],[-105.260479,28.021406],[-105.260321,28.021422],[-105.260209,28.021434],[-105.259001,28.021535],[-105.258932,28.02135],[-105.258887,28.021301],[-105.25894,28.021295],[-105.267922,28.020388],[-105.267899,28.020472],[-105.267822,28.020623]]]}},{"type":"Feature","properties":{"modulo":12,"idparcela":"************","productor":null,"cultivo":null,"superficie_fisica_ha":null,"superficie_riego_ha":null,"hectareas":1.941},"geometry":{"type":"Polygon","coordinates":[[[-105.267567,28.021031],[-105.259472,28.021882],[-105.259069,28.021918],[-105.259035,28.021704],[-105.267731,28.020822],[-105.26772,28.020848],[-105.267582,28.021018],[-105.267567,28.021031]]]}},{"type":"Feature","properties":{"modulo":12,"idparcela":"************","productor":null,"cultivo":null,"superficie_fisica_ha":null,"superficie_riego_ha":null,"hectareas":2.536},"geometry":{"type":"Polygon","coordinates":[[[-105.267984,28.020117],[-105.258652,28.021112],[-105.258324,28.020908],[-105.267867,28.019877],[-105.268006,28.019867],[-105.268001,28.020027],[-105.267984,28.020117]]]}},{"type":"Feature","properties":{"modulo":12,"idparcela":"************","productor":null,"cultivo":null,"superficie_fisica_ha":null,"superficie_riego_ha":null,"hectareas":2.379},"geometry":{"type":"Polygon","coordinates":[[[-105.267922,28.020388],[-105.25894,28.021295],[-105.258887,28.021301],[-105.258858,28.02127],[-105.258652,28.021112],[-105.267984,28.020117],[-105.26796,28.020251],[-105.267922,28.020388]]]}},{"type":"Feature","properties":{"modulo":12,"idparcela":"************","productor":null,"cultivo":null,"superficie_fisica_ha":null,"superficie_riego_ha":null,"hectareas":2.925},"geometry":{"type":"Polygon","coordinates":[[[-105.281844,28.019198],[-105.282086,28.019166],[-105.282156,28.019354],[-105.281914,28.019381],[-105.267935,28.020801],[-105.267968,28.020713],[-105.268028,28.020601],[-105.281844,28.019198]]]}},{"type":"Feature","properties":{"modulo":12,"idparcela":"************","productor":null,"cultivo":null,"superficie_fisica_ha":null,"superficie_riego_ha":null,"hectareas":11.345},"geometry":{"type":"Polygon","coordinates":[[[-105.282011,28.01958],[-105.282243,28.019555],[-105.282305,28.019725],[-105.282446,28.020093],[-105.282519,28.020259],[-105.28159,28.020346],[-105.27938,28.020557],[-105.276531,28.020834],[-105.273967,28.02108],[-105.27334,28.021127],[-105.273227,28.021132],[-105.270971,28.021374],[-105.268285,28.021666],[-105.266974,28.021803],[-105.267055,28.021721],[-105.267287,28.021455],[-105.267479,28.021284],[-105.267632,28.021188],[-105.267785,28.021008],[-105.279607,28.01983],[-105.279797,28.01981],[-105.280026,28.019786],[-105.280497,28.019737],[-105.280896,28.019696],[-105.281212,28.019663],[-105.28152,28.019631],[-105.281814,28.019601],[-105.282011,28.01958]]]}},{"type":"Feature","properties":{"modulo":12,"idparcela":"************","productor":null,"cultivo":null,"superficie_fisica_ha":null,"superficie_riego_ha":null,"hectareas":3.354},"geometry":{"type":"Polygon","coordinates":[[[-105.281844,28.019198],[-105.268028,28.020601],[-105.268068,28.020528],[-105.268112,28.020368],[-105.275549,28.019616],[-105.28178,28.018986],[-105.281814,28.018983],[-105.282031,28.018962],[-105.282086,28.019166],[-105.281844,28.019198]]]}},{"type":"Feature","properties":{"modulo":12,"idparcela":"************","productor":null,"cultivo":null,"superficie_fisica_ha":null,"superficie_riego_ha":null,"hectareas":3.182},"geometry":{"type":"Polygon","coordinates":[[[-105.282011,28.01958],[-105.281814,28.019601],[-105.28152,28.019631],[-105.281212,28.019663],[-105.280896,28.019696],[-105.280497,28.019737],[-105.280026,28.019786],[-105.279797,28.01981],[-105.279607,28.01983],[-105.267785,28.021008],[-105.267787,28.021006],[-105.267925,28.020829],[-105.267935,28.020801],[-105.281914,28.019381],[-105.282156,28.019354],[-105.282243,28.019555],[-105.282011,28.01958]]]}},{"type":"Feature","properties":{"modulo":12,"idparcela":"************","productor":null,"cultivo":null,"superficie_fisica_ha":null,"superficie_riego_ha":null,"hectareas":3.589},"geometry":{"type":"Polygon","coordinates":[[[-105.277507,28.018908],[-105.28157,28.01848],[-105.281856,28.018473],[-105.281931,28.018719],[-105.281715,28.018738],[-105.275532,28.01933],[-105.274408,28.019441],[-105.273288,28.019558],[-105.269687,28.019935],[-105.268168,28.020097],[-105.268192,28.019964],[-105.268163,28.01985],[-105.269275,28.01973],[-105.272353,28.019419],[-105.272351,28.019399],[-105.272359,28.019399],[-105.272361,28.019418],[-105.277507,28.018908]]]}},{"type":"Feature","properties":{"modulo":12,"idparcela":"************","productor":null,"cultivo":null,"superficie_fisica_ha":null,"superficie_riego_ha":null,"hectareas":2.254},"geometry":{"type":"Polygon","coordinates":[[[-105.275532,28.01933],[-105.275545,28.019363],[-105.275549,28.019616],[-105.268112,28.020368],[-105.268137,28.020278],[-105.268168,28.020097],[-105.269687,28.019935],[-105.273288,28.019558],[-105.274408,28.019441],[-105.275532,28.01933]]]}},{"type":"Feature","properties":{"modulo":12,"idparcela":"8782","productor":"TERRAZAS RONQUILLO SERGIO ALONSO","cultivo":null,"superficie_fisica_ha":13.5092,"superficie_riego_ha":13.5092,"hectareas":6.759},"geometry":{"type":"Polygon","coordinates":[[[-105.267191,28.018334],[-105.281243,28.01685],[-105.281451,28.016824],[-105.281464,28.017009],[-105.281438,28.017253],[-105.281405,28.017259],[-105.28111,28.017317],[-105.267483,28.018734],[-105.267442,28.018699],[-105.267312,28.018501],[-105.267225,28.018384],[-105.267191,28.018334]]]}},{"type":"Feature","properties":{"modulo":12,"idparcela":"8781","productor":"RODRIGUEZ CARMONA MARIA ARELI","cultivo":null,"superficie_fisica_ha":13.5092,"superficie_riego_ha":13.5092,"hectareas":8.483},"geometry":{"type":"Polygon","coordinates":[[[-105.276077,28.018416],[-105.27228,28.018807],[-105.270864,28.018945],[-105.27037,28.018999],[-105.269449,28.019119],[-105.268923,28.019156],[-105.268587,28.019184],[-105.26847,28.019184],[-105.26821,28.019214],[-105.268017,28.019218],[-105.267837,28.019201],[-105.26772,28.019077],[-105.267685,28.019022],[-105.267572,28.018849],[-105.267494,28.018743],[-105.267483,28.018734],[-105.28111,28.017317],[-105.281405,28.017259],[-105.281291,28.017463],[-105.281271,28.017649],[-105.281249,28.017742],[-105.281261,28.017871],[-105.280961,28.017918],[-105.276077,28.018416]]]}},{"type":"Feature","properties":{"modulo":12,"idparcela":"8783","productor":"TERRAZAS RONQUILLO RODOLFO ENRIQUE","cultivo":null,"superficie_fisica_ha":13.5093,"superficie_riego_ha":13.5093,"hectareas":6.902},"geometry":{"type":"Polygon","coordinates":[[[-105.267034,28.01792],[-105.281153,28.016405],[-105.281191,28.016401],[-105.281456,28.016388],[-105.28147,28.016602],[-105.281451,28.016824],[-105.281243,28.01685],[-105.267191,28.018334],[-105.267172,28.018307],[-105.267112,28.018241],[-105.267072,28.018137],[-105.267034,28.01792]]]}},{"type":"Feature","properties":{"modulo":12,"idparcela":"8784","productor":"TERRAZAS RONQUILLO MARCOS FERNANDO","cultivo":null,"superficie_fisica_ha":13.6974,"superficie_riego_ha":13.6974,"hectareas":8.632},"geometry":{"type":"Polygon","coordinates":[[[-105.266946,28.017312],[-105.268939,28.017119],[-105.271681,28.016854],[-105.272219,28.016802],[-105.274887,28.016544],[-105.275395,28.01649],[-105.276565,28.01638],[-105.278244,28.016199],[-105.281187,28.015882],[-105.281451,28.015866],[-105.281446,28.016309],[-105.281456,28.016388],[-105.281191,28.016401],[-105.281153,28.016405],[-105.267034,28.01792],[-105.267032,28.017908],[-105.267004,28.017622],[-105.266946,28.017312]]]}},{"type":"Feature","properties":{"modulo":12,"idparcela":"8785","productor":"CHAVEZ BARRIO RODOLFO","cultivo":null,"superficie_fisica_ha":3.18,"superficie_riego_ha":3.18,"hectareas":7.157},"geometry":{"type":"Polygon","coordinates":[[[-105.267511,28.019238],[-105.267652,28.019195],[-105.267654,28.019198],[-105.26773,28.019353],[-105.267834,28.019636],[-105.268006,28.019865],[-105.268006,28.019867],[-105.267867,28.019877],[-105.258324,28.020908],[-105.258173,28.020924],[-105.257832,28.020853],[-105.257508,28.020807],[-105.257374,28.020336],[-105.25739,28.020271],[-105.26303,28.019808],[-105.265195,28.019552],[-105.267297,28.019304],[-105.267511,28.019238]]]}},{"type":"Feature","properties":{"modulo":12,"idparcela":"8782","productor":"TERRAZAS RONQUILLO SERGIO ALONSO","cultivo":null,"superficie_fisica_ha":13.5092,"superficie_riego_ha":13.5092,"hectareas":4.544},"geometry":{"type":"Polygon","coordinates":[[[-105.267325,28.01875],[-105.26724,28.018759],[-105.257211,28.019791],[-105.257119,28.019471],[-105.257098,28.019397],[-105.266959,28.018358],[-105.267038,28.01835],[-105.267248,28.018651],[-105.267325,28.01875]]]}},{"type":"Feature","properties":{"modulo":12,"idparcela":"8781","productor":"RODRIGUEZ CARMONA MARIA ARELI","cultivo":null,"superficie_fisica_ha":13.5092,"superficie_riego_ha":13.5092,"hectareas":6.28},"geometry":{"type":"Polygon","coordinates":[[[-105.267652,28.019195],[-105.267511,28.019238],[-105.267297,28.019304],[-105.265195,28.019552],[-105.26303,28.019808],[-105.25739,28.020271],[-105.257351,28.020275],[-105.257211,28.019791],[-105.26724,28.018759],[-105.267325,28.01875],[-105.267465,28.018933],[-105.267614,28.019161],[-105.267652,28.019195]]]}},{"type":"Feature","properties":{"modulo":12,"idparcela":"8783","productor":"TERRAZAS RONQUILLO RODOLFO ENRIQUE","cultivo":null,"superficie_fisica_ha":13.5093,"superficie_riego_ha":13.5093,"hectareas":4.589},"geometry":{"type":"Polygon","coordinates":[[[-105.267038,28.01835],[-105.266959,28.018358],[-105.257098,28.019397],[-105.25698,28.018985],[-105.266776,28.017947],[-105.266887,28.017935],[-105.266939,28.018185],[-105.266987,28.018277],[-105.267038,28.01835]]]}},{"type":"Feature","properties":{"modulo":12,"idparcela":"8784","productor":"TERRAZAS RONQUILLO MARCOS FERNANDO","cultivo":null,"superficie_fisica_ha":13.6974,"superficie_riego_ha":13.6974,"hectareas":5.115},"geometry":{"type":"Polygon","coordinates":[[[-105.266887,28.017935],[-105.266776,28.017947],[-105.25698,28.018985],[-105.256964,28.01893],[-105.256903,28.018622],[-105.258665,28.018392],[-105.261995,28.017976],[-105.265968,28.017479],[-105.266638,28.017375],[-105.266757,28.017355],[-105.266781,28.017349],[-105.26679,28.017347],[-105.266881,28.017907],[-105.266887,28.017935]]]}},{"type":"Feature","properties":{"modulo":12,"idparcela":"************","productor":null,"cultivo":null,"superficie_fisica_ha":null,"superficie_riego_ha":null,"hectareas":4.586},"geometry":{"type":"Polygon","coordinates":[[[-105.254984,28.01793],[-105.254987,28.017865],[-105.254988,28.017856],[-105.255016,28.017525],[-105.262442,28.016551],[-105.266733,28.015968],[-105.266717,28.016232],[-105.26672,28.016303],[-105.254984,28.01793]]]}},{"type":"Feature","properties":{"modulo":12,"idparcela":"************","productor":null,"cultivo":null,"superficie_fisica_ha":null,"superficie_riego_ha":null,"hectareas":6.247},"geometry":{"type":"Polygon","coordinates":[[[-105.255017,28.018367],[-105.254975,28.018163],[-105.254984,28.01793],[-105.26672,28.016303],[-105.266743,28.016786],[-105.266749,28.016855],[-105.265372,28.017016],[-105.255017,28.018367]]]}},{"type":"Feature","properties":{"modulo":12,"idparcela":"************","productor":null,"cultivo":null,"superficie_fisica_ha":null,"superficie_riego_ha":null,"hectareas":6.503},"geometry":{"type":"Polygon","coordinates":[[[-105.266781,28.017349],[-105.266757,28.017355],[-105.266638,28.017375],[-105.265968,28.017479],[-105.261995,28.017976],[-105.258665,28.018392],[-105.256903,28.018622],[-105.255193,28.018835],[-105.255165,28.018785],[-105.255025,28.018407],[-105.255017,28.018367],[-105.265372,28.017016],[-105.266749,28.016855],[-105.266786,28.017317],[-105.266781,28.017349]]]}},{"type":"Feature","properties":{"modulo":12,"idparcela":"8775","productor":"GANDARA ROMERO JOSEFINA","cultivo":null,"superficie_fisica_ha":3.75,"superficie_riego_ha":3.75,"hectareas":4.621},"geometry":{"type":"Polygon","coordinates":[[[-105.266733,28.015968],[-105.262442,28.016551],[-105.255016,28.017525],[-105.255075,28.017307],[-105.255122,28.017218],[-105.255152,28.01717],[-105.266712,28.015589],[-105.266738,28.015901],[-105.266733,28.015968]]]}},{"type":"Feature","properties":{"modulo":12,"idparcela":"************","productor":null,"cultivo":null,"superficie_fisica_ha":null,"superficie_riego_ha":null,"hectareas":5.314},"geometry":{"type":"Polygon","coordinates":[[[-105.266899,28.015946],[-105.277067,28.014877],[-105.281165,28.014446],[-105.281429,28.014416],[-105.281414,28.014745],[-105.281203,28.014726],[-105.277152,28.015206],[-105.271659,28.015807],[-105.266918,28.016275],[-105.266881,28.01628],[-105.266888,28.016195],[-105.266889,28.016084],[-105.266899,28.015946]]]}},{"type":"Feature","properties":{"modulo":12,"idparcela":"************","productor":null,"cultivo":null,"superficie_fisica_ha":null,"superficie_riego_ha":null,"hectareas":9.024},"geometry":{"type":"Polygon","coordinates":[[[-105.266881,28.01628],[-105.266918,28.016275],[-105.271659,28.015807],[-105.277152,28.015206],[-105.281203,28.014726],[-105.281414,28.014745],[-105.281416,28.015152],[-105.281397,28.015331],[-105.281239,28.015314],[-105.277219,28.015791],[-105.275165,28.015993],[-105.269934,28.016542],[-105.266939,28.016833],[-105.266916,28.016836],[-105.266896,28.016508],[-105.266878,28.016322],[-105.266881,28.01628]]]}},{"type":"Feature","properties":{"modulo":12,"idparcela":"************","productor":null,"cultivo":null,"superficie_fisica_ha":null,"superficie_riego_ha":null,"hectareas":8.045},"geometry":{"type":"Polygon","coordinates":[[[-105.278244,28.016199],[-105.276565,28.01638],[-105.275395,28.01649],[-105.274887,28.016544],[-105.272219,28.016802],[-105.271681,28.016854],[-105.268939,28.017119],[-105.266946,28.017312],[-105.266945,28.017312],[-105.266941,28.017313],[-105.266939,28.017199],[-105.266916,28.016836],[-105.266939,28.016833],[-105.269934,28.016542],[-105.275165,28.015993],[-105.277219,28.015791],[-105.281239,28.015314],[-105.281397,28.015331],[-105.281451,28.015866],[-105.281187,28.015882],[-105.278244,28.016199]]]}},{"type":"Feature","properties":{"modulo":12,"idparcela":"8775","productor":"GANDARA ROMERO JOSEFINA","cultivo":null,"superficie_fisica_ha":3.75,"superficie_riego_ha":3.75,"hectareas":4.769},"geometry":{"type":"Polygon","coordinates":[[[-105.281187,28.014141],[-105.28143,28.01413],[-105.281429,28.014416],[-105.281165,28.014446],[-105.277067,28.014877],[-105.266899,28.015946],[-105.266901,28.015912],[-105.266887,28.015667],[-105.266886,28.015566],[-105.266887,28.015566],[-105.277016,28.014636],[-105.281187,28.014141]]]}},{"type":"Feature","properties":{"modulo":12,"idparcela":"************","productor":null,"cultivo":null,"superficie_fisica_ha":null,"superficie_riego_ha":null,"hectareas":1.997},"geometry":{"type":"Polygon","coordinates":[[[-105.266519,28.013156],[-105.265979,28.013235],[-105.265039,28.013319],[-105.264726,28.013368],[-105.264461,28.01338],[-105.263786,28.013465],[-105.263489,28.013493],[-105.263377,28.013516],[-105.263297,28.013532],[-105.263216,28.013534],[-105.263136,28.013536],[-105.262967,28.013553],[-105.262571,28.013618],[-105.262578,28.013447],[-105.262559,28.013319],[-105.262548,28.013233],[-105.26255,28.013139],[-105.264453,28.012927],[-105.265599,28.012799],[-105.266087,28.01274],[-105.266439,28.012676],[-105.266487,28.012671],[-105.2665,28.012946],[-105.266519,28.013156]]]}},{"type":"Feature","properties":{"modulo":12,"idparcela":"************","productor":null,"cultivo":null,"superficie_fisica_ha":null,"superficie_riego_ha":null,"hectareas":5.989},"geometry":{"type":"Polygon","coordinates":[[[-105.26255,28.013139],[-105.262548,28.013233],[-105.262559,28.013319],[-105.262578,28.013447],[-105.262571,28.013618],[-105.262967,28.013553],[-105.263136,28.013536],[-105.263216,28.013534],[-105.263297,28.013532],[-105.263377,28.013516],[-105.263489,28.013493],[-105.263786,28.013465],[-105.264461,28.01338],[-105.264726,28.013368],[-105.265039,28.013319],[-105.265979,28.013235],[-105.266519,28.013156],[-105.266568,28.013702],[-105.266572,28.013752],[-105.258301,28.014567],[-105.258886,28.014215],[-105.259543,28.013794],[-105.26006,28.013548],[-105.260522,28.013331],[-105.260814,28.013333],[-105.261539,28.013252],[-105.26255,28.013139]]]}},{"type":"Feature","properties":{"modulo":12,"idparcela":"************","productor":null,"cultivo":null,"superficie_fisica_ha":null,"superficie_riego_ha":null,"hectareas":8.347},"geometry":{"type":"Polygon","coordinates":[[[-105.255152,28.01717],[-105.255235,28.016989],[-105.255372,28.016791],[-105.255581,28.01652],[-105.255711,28.016393],[-105.26666,28.014935],[-105.266708,28.015555],[-105.266719,28.015588],[-105.266712,28.015589],[-105.255152,28.01717]]]}},{"type":"Feature","properties":{"modulo":12,"idparcela":"************","productor":null,"cultivo":null,"superficie_fisica_ha":null,"superficie_riego_ha":null,"hectareas":6.579},"geometry":{"type":"Polygon","coordinates":[[[-105.257631,28.014611],[-105.257849,28.0146],[-105.25822,28.014592],[-105.258272,28.01457],[-105.258301,28.014567],[-105.266572,28.013752],[-105.266611,28.014286],[-105.256407,28.015471],[-105.256577,28.015254],[-105.25675,28.015087],[-105.257051,28.014909],[-105.257385,28.014752],[-105.257631,28.014611]]]}},{"type":"Feature","properties":{"modulo":12,"idparcela":"************","productor":null,"cultivo":null,"superficie_fisica_ha":null,"superficie_riego_ha":null,"hectareas":8.575},"geometry":{"type":"Polygon","coordinates":[[[-105.26666,28.014935],[-105.255711,28.016393],[-105.255795,28.016312],[-105.255922,28.016089],[-105.256005,28.015968],[-105.256043,28.015869],[-105.256132,28.015758],[-105.256232,28.015634],[-105.256407,28.015471],[-105.266611,28.014286],[-105.266651,28.01482],[-105.26666,28.014935]]]}},{"type":"Feature","properties":{"modulo":12,"idparcela":"8768","productor":"FRANCO URANGA SALVADOR","cultivo":null,"superficie_fisica_ha":8,"superficie_riego_ha":8,"hectareas":7.057},"geometry":{"type":"Polygon","coordinates":[[[-105.266487,28.012671],[-105.266439,28.012676],[-105.266087,28.01274],[-105.265599,28.012799],[-105.264453,28.012927],[-105.26255,28.013139],[-105.261539,28.013252],[-105.260814,28.013333],[-105.260522,28.013331],[-105.262276,28.012345],[-105.262704,28.012086],[-105.263282,28.011703],[-105.263549,28.011494],[-105.263736,28.011477],[-105.265223,28.011371],[-105.266341,28.011248],[-105.266365,28.011246],[-105.266408,28.011547],[-105.266429,28.012045],[-105.266483,28.012585],[-105.266487,28.012671]]]}},{"type":"Feature","properties":{"modulo":12,"idparcela":"************","productor":null,"cultivo":null,"superficie_fisica_ha":null,"superficie_riego_ha":null,"hectareas":7.19},"geometry":{"type":"Polygon","coordinates":[[[-105.280861,28.011747],[-105.280122,28.011812],[-105.279921,28.01183],[-105.2789,28.011919],[-105.27715,28.012071],[-105.277121,28.012074],[-105.275865,28.012222],[-105.274812,28.012299],[-105.274338,28.01233],[-105.273776,28.012399],[-105.273495,28.012426],[-105.271126,28.012674],[-105.27029,28.012726],[-105.270017,28.012768],[-105.269833,28.0128],[-105.269736,28.012816],[-105.269391,28.012852],[-105.268813,28.012906],[-105.267769,28.013028],[-105.26667,28.013138],[-105.266661,28.01309],[-105.266627,28.012656],[-105.266688,28.012649],[-105.268078,28.012521],[-105.268833,28.012441],[-105.269082,28.012408],[-105.269877,28.012313],[-105.270061,28.012288],[-105.271788,28.012124],[-105.272921,28.012009],[-105.273371,28.011978],[-105.273451,28.011962],[-105.27824,28.01153],[-105.280142,28.011317],[-105.280206,28.01131],[-105.280253,28.011315],[-105.280281,28.011319],[-105.280698,28.011296],[-105.280861,28.011747]]]}},{"type":"Feature","properties":{"modulo":12,"idparcela":"************","productor":null,"cultivo":null,"superficie_fisica_ha":null,"superficie_riego_ha":null,"hectareas":8.475},"geometry":{"type":"Polygon","coordinates":[[[-105.26667,28.013138],[-105.267769,28.013028],[-105.268813,28.012906],[-105.269391,28.012852],[-105.269736,28.012816],[-105.269833,28.0128],[-105.270017,28.012768],[-105.27029,28.012726],[-105.271126,28.012674],[-105.273495,28.012426],[-105.273776,28.012399],[-105.274338,28.01233],[-105.274812,28.012299],[-105.275865,28.012222],[-105.277121,28.012074],[-105.27715,28.012071],[-105.2789,28.011919],[-105.279921,28.01183],[-105.280122,28.011812],[-105.280861,28.011747],[-105.281001,28.012159],[-105.28075,28.012174],[-105.276814,28.012641],[-105.26674,28.013735],[-105.266739,28.013735],[-105.266723,28.013531],[-105.266681,28.013193],[-105.26667,28.013138]]]}},{"type":"Feature","properties":{"modulo":12,"idparcela":"************","productor":null,"cultivo":null,"superficie_fisica_ha":null,"superficie_riego_ha":null,"hectareas":11.716},"geometry":{"type":"Polygon","coordinates":[[[-105.266837,28.014912],[-105.27695,28.013865],[-105.281243,28.013355],[-105.281546,28.01332],[-105.28157,28.013612],[-105.281473,28.013907],[-105.28143,28.01413],[-105.281187,28.014141],[-105.277016,28.014636],[-105.266887,28.015566],[-105.266886,28.015566],[-105.266877,28.015567],[-105.266881,28.01552],[-105.266837,28.014912]]]}},{"type":"Feature","properties":{"modulo":12,"idparcela":"************","productor":null,"cultivo":null,"superficie_fisica_ha":null,"superficie_riego_ha":null,"hectareas":7.51},"geometry":{"type":"Polygon","coordinates":[[[-105.266739,28.013735],[-105.26674,28.013735],[-105.276814,28.012641],[-105.28075,28.012174],[-105.281001,28.012159],[-105.28113,28.012471],[-105.281197,28.012577],[-105.280911,28.01261],[-105.276882,28.013088],[-105.26682,28.014261],[-105.266782,28.014266],[-105.26677,28.014131],[-105.266739,28.013735]]]}},{"type":"Feature","properties":{"modulo":12,"idparcela":"************","productor":null,"cultivo":null,"superficie_fisica_ha":null,"superficie_riego_ha":null,"hectareas":11.632},"geometry":{"type":"Polygon","coordinates":[[[-105.281197,28.012577],[-105.281301,28.012882],[-105.281364,28.013109],[-105.28148,28.01325],[-105.281546,28.01332],[-105.281243,28.013355],[-105.27695,28.013865],[-105.266837,28.014912],[-105.266828,28.014788],[-105.266782,28.014266],[-105.26682,28.014261],[-105.276882,28.013088],[-105.280911,28.01261],[-105.281197,28.012577]]]}},{"type":"Feature","properties":{"modulo":12,"idparcela":"8768","productor":"FRANCO URANGA SALVADOR","cultivo":null,"superficie_fisica_ha":8,"superficie_riego_ha":8,"hectareas":19.77},"geometry":{"type":"Polygon","coordinates":[[[-105.280698,28.011296],[-105.280281,28.011319],[-105.280253,28.011315],[-105.280206,28.01131],[-105.280142,28.011317],[-105.27824,28.01153],[-105.273451,28.011962],[-105.273371,28.011978],[-105.272921,28.012009],[-105.271788,28.012124],[-105.270061,28.012288],[-105.269877,28.012313],[-105.269082,28.012408],[-105.268833,28.012441],[-105.268078,28.012521],[-105.266688,28.012649],[-105.266627,28.012656],[-105.266589,28.012167],[-105.266561,28.011866],[-105.266509,28.011233],[-105.26652,28.011232],[-105.26666,28.011219],[-105.268328,28.011068],[-105.268577,28.01104],[-105.268934,28.011013],[-105.269643,28.010958],[-105.274041,28.010614],[-105.276244,28.010442],[-105.279868,28.010158],[-105.280156,28.010136],[-105.280291,28.010343],[-105.280594,28.011074],[-105.280698,28.011296]]]}},{"type":"Feature","properties":{"modulo":12,"idparcela":"************","productor":null,"cultivo":null,"superficie_fisica_ha":null,"superficie_riego_ha":null,"hectareas":4.636},"geometry":{"type":"Polygon","coordinates":[[[-105.266341,28.011248],[-105.265223,28.011371],[-105.263736,28.011477],[-105.263549,28.011494],[-105.263682,28.011251],[-105.263826,28.011016],[-105.26404,28.010792],[-105.264258,28.010407],[-105.264478,28.009855],[-105.264654,28.009429],[-105.264706,28.009291],[-105.266094,28.009179],[-105.266084,28.009231],[-105.266365,28.011246],[-105.266341,28.011248]]]}},{"type":"Feature","properties":{"modulo":12,"idparcela":"8772","productor":"FRANCO BAEZA CARLOS ALBERTO","cultivo":null,"superficie_fisica_ha":16,"superficie_riego_ha":16,"hectareas":10.881},"geometry":{"type":"Polygon","coordinates":[[[-105.275908,28.008439],[-105.2757,28.008444],[-105.27366,28.008597],[-105.272339,28.008676],[-105.268283,28.008945],[-105.268153,28.008956],[-105.268038,28.008978],[-105.267933,28.008583],[-105.267871,28.008164],[-105.278165,28.007145],[-105.278105,28.007433],[-105.278097,28.007595],[-105.278122,28.007758],[-105.278207,28.007938],[-105.278312,28.008127],[-105.278407,28.008224],[-105.278449,28.008266],[-105.278328,28.008286],[-105.275943,28.008438],[-105.275908,28.008439]]]}},{"type":"Feature","properties":{"modulo":12,"idparcela":"8771","productor":"FRANCO BAEZA GUADALUPE DE","cultivo":null,"superficie_fisica_ha":16,"superficie_riego_ha":16,"hectareas":11.342},"geometry":{"type":"Polygon","coordinates":[[[-105.278165,28.007145],[-105.267871,28.008164],[-105.267864,28.008117],[-105.267798,28.007779],[-105.267802,28.007567],[-105.267716,28.007221],[-105.267712,28.007192],[-105.278331,28.00613],[-105.278406,28.006146],[-105.278369,28.006521],[-105.27836,28.006647],[-105.278269,28.006855],[-105.278165,28.007145]]]}},{"type":"Feature","properties":{"modulo":12,"idparcela":"************","productor":null,"cultivo":null,"superficie_fisica_ha":null,"superficie_riego_ha":null,"hectareas":11.613},"geometry":{"type":"Polygon","coordinates":[[[-105.278406,28.006146],[-105.278331,28.00613],[-105.267712,28.007192],[-105.26767,28.006899],[-105.267609,28.006391],[-105.267572,28.006209],[-105.278455,28.00513],[-105.278435,28.005388],[-105.278438,28.005702],[-105.278429,28.006007],[-105.278406,28.006146]]]}},{"type":"Feature","properties":{"modulo":12,"idparcela":"8773","productor":"FRANCO BAEZA OSCAR OCTAVIO","cultivo":null,"superficie_fisica_ha":14.2345,"superficie_riego_ha":14.2345,"hectareas":11.354},"geometry":{"type":"Polygon","coordinates":[[[-105.26757,28.005286],[-105.269916,28.005041],[-105.275031,28.004569],[-105.275467,28.004524],[-105.275428,28.004421],[-105.278581,28.004057],[-105.278526,28.004396],[-105.27849,28.004642],[-105.278454,28.004906],[-105.278455,28.00513],[-105.267572,28.006209],[-105.267565,28.00618],[-105.267517,28.005782],[-105.26747,28.005452],[-105.267455,28.005299],[-105.2675,28.005294],[-105.26757,28.005286]]]}},{"type":"Feature","properties":{"modulo":12,"idparcela":"8772","productor":"FRANCO BAEZA CARLOS ALBERTO","cultivo":null,"superficie_fisica_ha":16,"superficie_riego_ha":16,"hectareas":2.629},"geometry":{"type":"Polygon","coordinates":[[[-105.267839,28.009006],[-105.266545,28.009143],[-105.266281,28.009168],[-105.266218,28.009171],[-105.266141,28.009175],[-105.266094,28.009179],[-105.264706,28.009291],[-105.264893,28.008939],[-105.264951,28.008453],[-105.267693,28.008182],[-105.267794,28.008738],[-105.267839,28.009006]]]}},{"type":"Feature","properties":{"modulo":12,"idparcela":"8771","productor":"FRANCO BAEZA GUADALUPE DE","cultivo":null,"superficie_fisica_ha":16,"superficie_riego_ha":16,"hectareas":2.758},"geometry":{"type":"Polygon","coordinates":[[[-105.267693,28.008182],[-105.264951,28.008453],[-105.264973,28.00825],[-105.265045,28.007954],[-105.265086,28.007541],[-105.265084,28.007455],[-105.267525,28.007211],[-105.267559,28.007427],[-105.267671,28.008062],[-105.267693,28.008182]]]}},{"type":"Feature","properties":{"modulo":12,"idparcela":"************","productor":null,"cultivo":null,"superficie_fisica_ha":null,"superficie_riego_ha":null,"hectareas":2.579},"geometry":{"type":"Polygon","coordinates":[[[-105.267525,28.007211],[-105.265084,28.007455],[-105.26507,28.006946],[-105.26508,28.006556],[-105.265093,28.006455],[-105.267398,28.006227],[-105.267502,28.007064],[-105.267525,28.007211]]]}},{"type":"Feature","properties":{"modulo":12,"idparcela":"8773","productor":"FRANCO BAEZA OSCAR OCTAVIO","cultivo":null,"superficie_fisica_ha":14.2345,"superficie_riego_ha":14.2345,"hectareas":2.15},"geometry":{"type":"Polygon","coordinates":[[[-105.267398,28.006227],[-105.265093,28.006455],[-105.265123,28.006213],[-105.265166,28.005978],[-105.265151,28.005589],[-105.265953,28.005469],[-105.26729,28.005318],[-105.267394,28.006192],[-105.267398,28.006227]]]}},{"type":"Feature","properties":{"modulo":12,"idparcela":"************","productor":null,"cultivo":null,"superficie_fisica_ha":null,"superficie_riego_ha":null,"hectareas":4.179},"geometry":{"type":"Polygon","coordinates":[[[-105.268019,28.00912],[-105.26802,28.009117],[-105.268105,28.009259],[-105.268317,28.010128],[-105.268577,28.01104],[-105.268328,28.011068],[-105.26666,28.011219],[-105.26652,28.011232],[-105.266509,28.011233],[-105.266471,28.0111],[-105.266393,28.010564],[-105.266362,28.010179],[-105.266268,28.009552],[-105.266228,28.009283],[-105.266633,28.009241],[-105.267682,28.009156],[-105.268019,28.00912]]]}},{"type":"Feature","properties":{"modulo":12,"idparcela":"8851","productor":"LOPEZ TORRES OCTAVIO","cultivo":null,"superficie_fisica_ha":3.534,"superficie_riego_ha":3.534,"hectareas":2.786},"geometry":{"type":"Polygon","coordinates":[[[-105.274313,28.031557],[-105.274103,28.031605],[-105.273479,28.031695],[-105.273357,28.031697],[-105.273195,28.031723],[-105.272925,28.031743],[-105.27097,28.029483],[-105.27197,28.029421],[-105.272048,28.029417],[-105.272282,28.029635],[-105.272837,28.03052],[-105.273195,28.030924],[-105.273292,28.030988],[-105.273528,28.031106],[-105.273616,28.031143],[-105.274143,28.031357],[-105.274313,28.031557]]]}},{"type":"Feature","properties":{"modulo":12,"idparcela":"9079","productor":"LARA ORTIZ RAMON","cultivo":null,"superficie_fisica_ha":3.0937,"superficie_riego_ha":3.0937,"hectareas":2.64},"geometry":{"type":"Polygon","coordinates":[[[-105.312185,28.094045],[-105.312299,28.092006],[-105.312943,28.09206],[-105.313041,28.092068],[-105.313045,28.092085],[-105.313215,28.092518],[-105.313368,28.092766],[-105.313428,28.092895],[-105.31346,28.09303],[-105.313549,28.093188],[-105.313603,28.093323],[-105.313625,28.093503],[-105.313627,28.093578],[-105.313607,28.093704],[-105.313577,28.093855],[-105.313536,28.094016],[-105.313477,28.094166],[-105.313463,28.094166],[-105.313197,28.09414],[-105.313126,28.094134],[-105.313047,28.094126],[-105.312185,28.094045]]]}},{"type":"Feature","properties":{"modulo":12,"idparcela":"9079","productor":"LARA ORTIZ RAMON","cultivo":null,"superficie_fisica_ha":3.0937,"superficie_riego_ha":3.0937,"hectareas":1.381},"geometry":{"type":"Polygon","coordinates":[[[-105.313304,28.092088],[-105.314393,28.09217],[-105.314086,28.094284],[-105.313907,28.09423],[-105.31374,28.094204],[-105.313645,28.094185],[-105.313662,28.094084],[-105.313748,28.093876],[-105.313777,28.093715],[-105.313791,28.093575],[-105.313795,28.093329],[-105.313738,28.093089],[-105.313643,28.092891],[-105.313571,28.092742],[-105.313516,28.092592],[-105.31341,28.092409],[-105.313343,28.092235],[-105.313271,28.092103],[-105.313304,28.092088]]]}},{"type":"Feature","properties":{"modulo":12,"idparcela":"************","productor":null,"cultivo":null,"superficie_fisica_ha":null,"superficie_riego_ha":null,"hectareas":10.591},"geometry":{"type":"Polygon","coordinates":[[[-105.31331,28.095756],[-105.313031,28.095733],[-105.312676,28.095689],[-105.311321,28.095554],[-105.310294,28.09544],[-105.309682,28.095365],[-105.308965,28.095298],[-105.308524,28.095328],[-105.308332,28.095365],[-105.308132,28.095444],[-105.30801,28.095317],[-105.306267,28.093504],[-105.306366,28.093508],[-105.306962,28.093637],[-105.306987,28.093643],[-105.307044,28.093655],[-105.307099,28.093655],[-105.307355,28.093656],[-105.307399,28.093656],[-105.307444,28.093658],[-105.307482,28.09366],[-105.308352,28.093756],[-105.308612,28.093801],[-105.30934,28.093802],[-105.310099,28.093864],[-105.310323,28.093865],[-105.310771,28.093905],[-105.310807,28.093912],[-105.310858,28.093921],[-105.312185,28.094045],[-105.313047,28.094126],[-105.313126,28.094134],[-105.313197,28.09414],[-105.313463,28.094166],[-105.313477,28.094166],[-105.313357,28.094516],[-105.313345,28.094903],[-105.313303,28.095254],[-105.313301,28.095616],[-105.313315,28.095711],[-105.31331,28.095756]]]}},{"type":"Feature","properties":{"modulo":12,"idparcela":"9099","productor":"NIETO JAQUEZ SOCORRO","cultivo":null,"superficie_fisica_ha":2,"superficie_riego_ha":2,"hectareas":2.409},"geometry":{"type":"Polygon","coordinates":[[[-105.319284,28.100136],[-105.319233,28.100943],[-105.319074,28.100926],[-105.318662,28.100904],[-105.318598,28.100898],[-105.318458,28.100887],[-105.318422,28.100821],[-105.316538,28.098991],[-105.316791,28.098923],[-105.316895,28.098988],[-105.316999,28.099034],[-105.317295,28.099195],[-105.317528,28.099276],[-105.317802,28.099359],[-105.318081,28.099482],[-105.318434,28.099567],[-105.318675,28.099665],[-105.318966,28.099817],[-105.319289,28.099987],[-105.319293,28.099992],[-105.319284,28.100136]]]}},{"type":"Feature","properties":{"modulo":12,"idparcela":"************","productor":null,"cultivo":null,"superficie_fisica_ha":null,"superficie_riego_ha":null,"hectareas":0.434},"geometry":{"type":"Polygon","coordinates":[[[-105.319973,28.100954],[-105.319903,28.10095],[-105.319793,28.100952],[-105.319637,28.100945],[-105.319567,28.100936],[-105.319503,28.100938],[-105.319233,28.100943],[-105.319284,28.100136],[-105.319293,28.099992],[-105.319379,28.100073],[-105.319615,28.100396],[-105.319883,28.100701],[-105.320043,28.100945],[-105.319973,28.100954]]]}},{"type":"Feature","properties":{"modulo":12,"idparcela":"9096","productor":"HERNANDEZ DE JIMENEZ MARIA","cultivo":null,"superficie_fisica_ha":1.9965,"superficie_riego_ha":1.9965,"hectareas":1.525},"geometry":{"type":"Polygon","coordinates":[[[-105.319903,28.10095],[-105.319973,28.100954],[-105.320043,28.100945],[-105.320077,28.101063],[-105.320048,28.101461],[-105.319991,28.101765],[-105.319802,28.102043],[-105.319671,28.102624],[-105.319343,28.103734],[-105.319263,28.103826],[-105.319239,28.101125],[-105.319228,28.101019],[-105.319233,28.100943],[-105.319503,28.100938],[-105.319567,28.100936],[-105.319637,28.100945],[-105.319793,28.100952],[-105.319903,28.10095]]]}},{"type":"Feature","properties":{"modulo":12,"idparcela":"************","productor":null,"cultivo":null,"superficie_fisica_ha":null,"superficie_riego_ha":null,"hectareas":5.155},"geometry":{"type":"Polygon","coordinates":[[[-105.319304,28.099819],[-105.319362,28.09891],[-105.319804,28.098919],[-105.320601,28.098926],[-105.321059,28.098934],[-105.321908,28.098951],[-105.32182,28.101143],[-105.321722,28.101138],[-105.321657,28.101135],[-105.321332,28.101117],[-105.321004,28.1011],[-105.320793,28.101084],[-105.320362,28.101053],[-105.320292,28.100944],[-105.320161,28.100765],[-105.32004,28.100569],[-105.319782,28.100253],[-105.319702,28.100176],[-105.319583,28.100063],[-105.319373,28.099862],[-105.319304,28.099819]]]}},{"type":"Feature","properties":{"modulo":12,"idparcela":"************","productor":null,"cultivo":null,"superficie_fisica_ha":null,"superficie_riego_ha":null,"hectareas":2.826},"geometry":{"type":"Polygon","coordinates":[[[-105.329304,28.126339],[-105.324929,28.125716],[-105.324783,28.125553],[-105.324563,28.125286],[-105.32439,28.125117],[-105.329325,28.125747],[-105.329333,28.125749],[-105.329305,28.12626],[-105.329304,28.126339]]]}},{"type":"Feature","properties":{"modulo":12,"idparcela":"************","productor":null,"cultivo":null,"superficie_fisica_ha":null,"superficie_riego_ha":null,"hectareas":5.863},"geometry":{"type":"Polygon","coordinates":[[[-105.329449,28.126367],[-105.329439,28.126322],[-105.329498,28.125851],[-105.329503,28.125797],[-105.329497,28.125781],[-105.329519,28.125701],[-105.329555,28.125711],[-105.33089,28.125849],[-105.33092,28.125854],[-105.331217,28.125911],[-105.331869,28.125978],[-105.336993,28.126625],[-105.337125,28.126643],[-105.337201,28.126895],[-105.337313,28.127366],[-105.335903,28.127196],[-105.33587,28.127188],[-105.329449,28.126367]]]}},{"type":"Feature","properties":{"modulo":12,"idparcela":"************","productor":null,"cultivo":null,"superficie_fisica_ha":null,"superficie_riego_ha":null,"hectareas":5.307},"geometry":{"type":"Polygon","coordinates":[[[-105.333294,28.140504],[-105.333604,28.140545],[-105.334644,28.140684],[-105.336144,28.140884],[-105.337264,28.141033],[-105.337327,28.141043],[-105.337634,28.141089],[-105.337924,28.141133],[-105.339022,28.141311],[-105.339086,28.141599],[-105.339135,28.141842],[-105.333268,28.141],[-105.333113,28.140992],[-105.329325,28.140442],[-105.329602,28.140018],[-105.330003,28.140071],[-105.331178,28.140225],[-105.332186,28.140358],[-105.33304,28.14047],[-105.333136,28.140483],[-105.333294,28.140504]]]}},{"type":"Feature","properties":{"modulo":12,"idparcela":"************","productor":null,"cultivo":null,"superficie_fisica_ha":null,"superficie_riego_ha":null,"hectareas":5.907},"geometry":{"type":"Polygon","coordinates":[[[-105.333268,28.141],[-105.339135,28.141842],[-105.339155,28.141942],[-105.339167,28.142023],[-105.339213,28.142237],[-105.339227,28.142406],[-105.333201,28.141538],[-105.333043,28.141516],[-105.329021,28.140937],[-105.329325,28.140442],[-105.333113,28.140992],[-105.333268,28.141]]]}},{"type":"Feature","properties":{"modulo":12,"idparcela":"************","productor":null,"cultivo":null,"superficie_fisica_ha":null,"superficie_riego_ha":null,"hectareas":5.959},"geometry":{"type":"Polygon","coordinates":[[[-105.339255,28.142901],[-105.339179,28.142884],[-105.339112,28.142893],[-105.333139,28.142068],[-105.332949,28.142048],[-105.32873,28.14144],[-105.329021,28.140937],[-105.333043,28.141516],[-105.333201,28.141538],[-105.339227,28.142406],[-105.339223,28.142501],[-105.339246,28.142667],[-105.339251,28.142799],[-105.339255,28.142901]]]}},{"type":"Feature","properties":{"modulo":12,"idparcela":"************","productor":null,"cultivo":null,"superficie_fisica_ha":null,"superficie_riego_ha":null,"hectareas":6.549},"geometry":{"type":"Polygon","coordinates":[[[-105.332873,28.14258],[-105.328299,28.141923],[-105.328417,28.141823],[-105.32873,28.14144],[-105.332949,28.142048],[-105.333139,28.142068],[-105.339112,28.142893],[-105.339179,28.142884],[-105.339255,28.142901],[-105.339275,28.142958],[-105.339288,28.143129],[-105.339304,28.143216],[-105.339324,28.143307],[-105.339361,28.143513],[-105.333147,28.142628],[-105.33309,28.14262],[-105.332873,28.14258]]]}},{"type":"Feature","properties":{"modulo":12,"idparcela":"************","productor":null,"cultivo":null,"superficie_fisica_ha":null,"superficie_riego_ha":null,"hectareas":0.89},"geometry":{"type":"Polygon","coordinates":[[[-105.324215,28.177695],[-105.32387,28.177598],[-105.323811,28.177474],[-105.323711,28.177263],[-105.323519,28.176952],[-105.323436,28.176791],[-105.323371,28.176582],[-105.323296,28.176484],[-105.323463,28.176557],[-105.324267,28.176838],[-105.324401,28.176924],[-105.324789,28.177194],[-105.324741,28.177222],[-105.324706,28.1773],[-105.324302,28.176969],[-105.324325,28.177146],[-105.324341,28.177197],[-105.324375,28.177309],[-105.324393,28.177366],[-105.324448,28.1776],[-105.324716,28.177668],[-105.324845,28.177693],[-105.324985,28.177856],[-105.324785,28.177814],[-105.324215,28.177695]]]}},{"type":"Feature","properties":{"modulo":12,"idparcela":"************","productor":null,"cultivo":null,"superficie_fisica_ha":null,"superficie_riego_ha":null,"hectareas":0.915},"geometry":{"type":"Polygon","coordinates":[[[-105.32555,28.177801],[-105.325258,28.177786],[-105.325074,28.177352],[-105.324867,28.177343],[-105.324747,28.177334],[-105.324706,28.1773],[-105.324741,28.177222],[-105.324789,28.177194],[-105.324769,28.176883],[-105.324771,28.176716],[-105.324766,28.176583],[-105.325642,28.176924],[-105.325746,28.177287],[-105.325876,28.177703],[-105.325902,28.177797],[-105.325657,28.177799],[-105.32555,28.177801]]]}},{"type":"Feature","properties":{"modulo":12,"idparcela":"************","productor":null,"cultivo":null,"superficie_fisica_ha":null,"superficie_riego_ha":null,"hectareas":2.487},"geometry":{"type":"Polygon","coordinates":[[[-105.324766,28.176583],[-105.324771,28.176716],[-105.324769,28.176883],[-105.324789,28.177194],[-105.324401,28.176924],[-105.324267,28.176838],[-105.323463,28.176557],[-105.323296,28.176484],[-105.323007,28.176129],[-105.32279,28.175771],[-105.322779,28.175591],[-105.322799,28.1751],[-105.323154,28.175432],[-105.323275,28.175477],[-105.323471,28.175567],[-105.323669,28.17563],[-105.323773,28.175593],[-105.323914,28.175439],[-105.324727,28.175784],[-105.325115,28.176015],[-105.324962,28.176186],[-105.324766,28.176583]]]}},{"type":"Feature","properties":{"modulo":12,"idparcela":"************","productor":null,"cultivo":null,"superficie_fisica_ha":null,"superficie_riego_ha":null,"hectareas":1.577},"geometry":{"type":"Polygon","coordinates":[[[-105.3272,28.189747],[-105.327271,28.189681],[-105.327426,28.190201],[-105.32754,28.190725],[-105.327664,28.19109],[-105.327679,28.191411],[-105.327065,28.191263],[-105.326699,28.19111],[-105.326218,28.191095],[-105.325773,28.191153],[-105.325703,28.191144],[-105.326023,28.190551],[-105.326528,28.190497],[-105.326739,28.19042],[-105.326989,28.190285],[-105.327156,28.190122],[-105.3272,28.189919],[-105.3272,28.189747]]]}},{"type":"Feature","properties":{"modulo":12,"idparcela":"************","productor":null,"cultivo":null,"superficie_fisica_ha":null,"superficie_riego_ha":null,"hectareas":3.413},"geometry":{"type":"Polygon","coordinates":[[[-105.325418,28.191165],[-105.325324,28.191157],[-105.325279,28.191153],[-105.325107,28.191142],[-105.324976,28.191137],[-105.324788,28.191134],[-105.323709,28.191117],[-105.323594,28.191115],[-105.323403,28.191101],[-105.32288,28.191028],[-105.322795,28.19101],[-105.322663,28.19097],[-105.322565,28.190942],[-105.320617,28.190554],[-105.320826,28.190317],[-105.32109,28.190073],[-105.321301,28.190032],[-105.321743,28.190031],[-105.322071,28.190096],[-105.322403,28.190292],[-105.322831,28.190392],[-105.322971,28.190433],[-105.323233,28.190449],[-105.323568,28.190435],[-105.32414,28.190452],[-105.324459,28.19046],[-105.325254,28.190516],[-105.325807,28.190539],[-105.325772,28.19065],[-105.325482,28.191113],[-105.325418,28.191165]]]}},{"type":"Feature","properties":{"modulo":12,"idparcela":"************","productor":null,"cultivo":null,"superficie_fisica_ha":null,"superficie_riego_ha":null,"hectareas":4.246},"geometry":{"type":"Polygon","coordinates":[[[-105.325693,28.190387],[-105.325604,28.190407],[-105.32527,28.190389],[-105.324223,28.190335],[-105.323917,28.190322],[-105.323462,28.190306],[-105.323204,28.19029],[-105.32286,28.190254],[-105.32249,28.19016],[-105.322216,28.190021],[-105.322235,28.18981],[-105.323388,28.188867],[-105.323906,28.188987],[-105.324875,28.189148],[-105.326113,28.189407],[-105.326084,28.189449],[-105.32602,28.189508],[-105.3259,28.189583],[-105.325812,28.189672],[-105.325564,28.189858],[-105.3255,28.189925],[-105.325469,28.189983],[-105.325488,28.190077],[-105.325514,28.190134],[-105.325532,28.190206],[-105.325558,28.190278],[-105.325693,28.190387]]]}},{"type":"Feature","properties":{"modulo":12,"idparcela":"************","productor":null,"cultivo":null,"superficie_fisica_ha":null,"superficie_riego_ha":null,"hectareas":2.931},"geometry":{"type":"Polygon","coordinates":[[[-105.323321,28.188746],[-105.323388,28.188867],[-105.322235,28.18981],[-105.322216,28.189702],[-105.32182,28.189566],[-105.321442,28.189465],[-105.320347,28.189161],[-105.320189,28.189063],[-105.320228,28.18899],[-105.320323,28.188887],[-105.321776,28.188503],[-105.322163,28.188368],[-105.322336,28.188293],[-105.322462,28.188231],[-105.322569,28.188196],[-105.322682,28.188136],[-105.322787,28.188057],[-105.322989,28.188289],[-105.323073,28.188388],[-105.323149,28.188495],[-105.323225,28.188581],[-105.323321,28.188746]]]}},{"type":"Feature","properties":{"modulo":12,"idparcela":"************","productor":null,"cultivo":null,"superficie_fisica_ha":null,"superficie_riego_ha":null,"hectareas":3.205},"geometry":{"type":"Polygon","coordinates":[[[-105.325977,28.186886],[-105.325776,28.186977],[-105.325503,28.187086],[-105.325283,28.187137],[-105.325005,28.187292],[-105.324641,28.187532],[-105.324287,28.187854],[-105.324052,28.188046],[-105.323777,28.188254],[-105.32355,28.18839],[-105.323451,28.188426],[-105.323389,28.188543],[-105.323286,28.188406],[-105.323184,28.18827],[-105.323108,28.18817],[-105.323041,28.188092],[-105.322934,28.187933],[-105.323094,28.187661],[-105.323357,28.187514],[-105.323381,28.187503],[-105.323746,28.187343],[-105.324568,28.186716],[-105.32565,28.186176],[-105.325677,28.186169],[-105.326874,28.185818],[-105.326822,28.185928],[-105.326752,28.186054],[-105.326633,28.186217],[-105.326471,28.186416],[-105.326285,28.186624],[-105.326124,28.186778],[-105.325977,28.186886]]]}},{"type":"Feature","properties":{"modulo":12,"idparcela":"************","productor":null,"cultivo":null,"superficie_fisica_ha":null,"superficie_riego_ha":null,"hectareas":0.816},"geometry":{"type":"Polygon","coordinates":[[[-105.310317,28.191909],[-105.310456,28.191773],[-105.313359,28.193314],[-105.31338,28.193325],[-105.313365,28.193341],[-105.313256,28.193419],[-105.313137,28.193505],[-105.312542,28.193168],[-105.310317,28.191909]]]}}]}