{"type":"FeatureCollection","features":[{"type":"Feature","properties":{"modulo":4,"idparcela":"2445","productor":"RODRIGUEZ ORNELAS RAMON","cultivo":"Otros Pastos","superficie_fisica_ha":11.67,"superficie_riego_ha":10.245,"hectareas":7.327},"geometry":{"type":"Polygon","coordinates":[[[-105.488131,28.224948],[-105.489213,28.226361],[-105.486948,28.228983],[-105.486145,28.228467],[-105.486119,28.228434],[-105.485388,28.227971],[-105.488131,28.224948]]]}},{"type":"Feature","properties":{"modulo":4,"idparcela":"2443","productor":"LOPEZ JIMENEZ MANUEL","cultivo":"Ma­z","superficie_fisica_ha":9.75,"superficie_riego_ha":9.75,"hectareas":10.396},"geometry":{"type":"Polygon","coordinates":[[[-105.48402,28.22682],[-105.484052,28.226223],[-105.484071,28.225865],[-105.484162,28.223829],[-105.484292,28.221852],[-105.484361,28.220779],[-105.484402,28.220146],[-105.487057,28.223561],[-105.48402,28.22682]]]}},{"type":"Feature","properties":{"modulo":4,"idparcela":"2444","productor":"RODRIGUEZ CALDERA MANUELA","cultivo":"Alfalfa","superficie_fisica_ha":8.65,"superficie_riego_ha":8.65,"hectareas":8.182},"geometry":{"type":"Polygon","coordinates":[[[-105.487057,28.223561],[-105.488131,28.224948],[-105.485388,28.227971],[-105.485013,28.227733],[-105.484706,28.227444],[-105.48402,28.22682],[-105.487057,28.223561]]]}},{"type":"Feature","properties":{"modulo":4,"idparcela":"2439","productor":"CHACON ESPARZA NANCY","cultivo":"Sin Cultivo","superficie_fisica_ha":7.1499,"superficie_riego_ha":6.975,"hectareas":6.977},"geometry":{"type":"Polygon","coordinates":[[[-105.48111,28.223141],[-105.482312,28.223383],[-105.484162,28.223829],[-105.484071,28.225865],[-105.480808,28.225063],[-105.48111,28.223141]]]}},{"type":"Feature","properties":{"modulo":4,"idparcela":"2440","productor":"LOPEZ RODRIGUEZ RODRIGO","cultivo":"Alfalfa","superficie_fisica_ha":3.125,"superficie_riego_ha":3.125,"hectareas":3.276},"geometry":{"type":"Polygon","coordinates":[[[-105.482976,28.221529],[-105.482572,28.223446],[-105.482312,28.223383],[-105.48111,28.223141],[-105.481463,28.221157],[-105.482976,28.221529]]]}},{"type":"Feature","properties":{"modulo":4,"idparcela":"2371","productor":"MAGALLANES JIMENEZ HECTOR","cultivo":"Otros Pastos","superficie_fisica_ha":3.1,"superficie_riego_ha":3.1,"hectareas":3.216},"geometry":{"type":"Polygon","coordinates":[[[-105.484361,28.220779],[-105.484292,28.221852],[-105.481463,28.221157],[-105.481543,28.220162],[-105.484361,28.220779]]]}},{"type":"Feature","properties":{"modulo":4,"idparcela":"2442","productor":"ROMERO CHACON ESTEBAN","cultivo":"Nogal (Nuez)","superficie_fisica_ha":2.3,"superficie_riego_ha":2.3,"hectareas":2.283},"geometry":{"type":"Polygon","coordinates":[[[-105.484115,28.21975],[-105.484402,28.220146],[-105.484361,28.220779],[-105.481543,28.220162],[-105.481615,28.219686],[-105.481744,28.219659],[-105.484115,28.21975]]]}},{"type":"Feature","properties":{"modulo":4,"idparcela":"2419","productor":"ONTIVEROS GUTIERREZ ELSA ELENA","cultivo":"Sin Cultivo","superficie_fisica_ha":3.8227,"superficie_riego_ha":3.8227,"hectareas":3.451},"geometry":{"type":"Polygon","coordinates":[[[-105.481925,28.217528],[-105.482057,28.217338],[-105.48222,28.217373],[-105.484115,28.21975],[-105.484046,28.219747],[-105.481744,28.219659],[-105.481677,28.219673],[-105.481615,28.219686],[-105.481925,28.217528]]]}},{"type":"Feature","properties":{"modulo":4,"idparcela":"2436","productor":"VIGIL LARA GUADALUPE","cultivo":"Ma­z","superficie_fisica_ha":8.5284,"superficie_riego_ha":7.375,"hectareas":10.339},"geometry":{"type":"Polygon","coordinates":[[[-105.484353,28.227586],[-105.48403,28.227067],[-105.48402,28.22682],[-105.484706,28.227444],[-105.485013,28.227733],[-105.485388,28.227971],[-105.486119,28.228434],[-105.486145,28.228467],[-105.48575,28.23038],[-105.485495,28.232587],[-105.48537,28.232734],[-105.483532,28.232509],[-105.483412,28.232479],[-105.483591,28.231546],[-105.483787,28.230527],[-105.48397,28.229575],[-105.484165,28.228562],[-105.484353,28.227586]]]}},{"type":"Feature","properties":{"modulo":4,"idparcela":"2413","productor":"REAZA JIMENEZ MARIA","cultivo":"Sin Cultivo","superficie_fisica_ha":3.65,"superficie_riego_ha":3.65,"hectareas":3.717},"geometry":{"type":"Polygon","coordinates":[[[-105.484071,28.225865],[-105.484052,28.226223],[-105.48402,28.22682],[-105.480642,28.226126],[-105.480808,28.225063],[-105.484071,28.225865]]]}},{"type":"Feature","properties":{"modulo":4,"idparcela":"2341","productor":"RAMIREZ N ELENA","cultivo":"Sin Cultivo","superficie_fisica_ha":3.2,"superficie_riego_ha":3.2,"hectareas":3.15},"geometry":{"type":"Polygon","coordinates":[[[-105.48402,28.22682],[-105.48403,28.227067],[-105.484353,28.227586],[-105.480503,28.227024],[-105.480642,28.226126],[-105.48402,28.22682]]]}},{"type":"Feature","properties":{"modulo":4,"idparcela":"2358","productor":"GAMBOA N AMADA","cultivo":"Sin Cultivo","superficie_fisica_ha":4.125,"superficie_riego_ha":4.125,"hectareas":4.295},"geometry":{"type":"Polygon","coordinates":[[[-105.480341,28.228066],[-105.480503,28.227024],[-105.484353,28.227586],[-105.484165,28.228562],[-105.480341,28.228066]]]}},{"type":"Feature","properties":{"modulo":4,"idparcela":"2437","productor":"JIMENEZ GAMBOA JOAQUIN","cultivo":"Sin Cultivo","superficie_fisica_ha":4.175,"superficie_riego_ha":4.175,"hectareas":4.224},"geometry":{"type":"Polygon","coordinates":[[[-105.480187,28.229057],[-105.480341,28.228066],[-105.484165,28.228562],[-105.48397,28.229575],[-105.480187,28.229057]]]}},{"type":"Feature","properties":{"modulo":4,"idparcela":"2368","productor":"ONTIVEROS GARCIA FRANCISCA","cultivo":"Sin Cultivo","superficie_fisica_ha":3.975,"superficie_riego_ha":3.975,"hectareas":3.947},"geometry":{"type":"Polygon","coordinates":[[[-105.480041,28.229995],[-105.480187,28.229057],[-105.48397,28.229575],[-105.483787,28.230527],[-105.480041,28.229995]]]}},{"type":"Feature","properties":{"modulo":4,"idparcela":"2364","productor":"JIMENEZ LOPEZ EZEQUIEL","cultivo":"Sin Cultivo","superficie_fisica_ha":4.15,"superficie_riego_ha":4.15,"hectareas":4.202},"geometry":{"type":"Polygon","coordinates":[[[-105.479884,28.231007],[-105.480041,28.229995],[-105.483787,28.230527],[-105.483591,28.231546],[-105.479884,28.231007]]]}},{"type":"Feature","properties":{"modulo":4,"idparcela":"2366","productor":"ORTEGA ORTEGA RAMIRO","cultivo":"Sin Cultivo","superficie_fisica_ha":4.025,"superficie_riego_ha":4.025,"hectareas":3.941},"geometry":{"type":"Polygon","coordinates":[[[-105.483412,28.232479],[-105.480077,28.232046],[-105.479807,28.232],[-105.479746,28.231909],[-105.479884,28.231007],[-105.483591,28.231546],[-105.483412,28.232479]]]}},{"type":"Feature","properties":{"modulo":4,"idparcela":"2447","productor":"SALGADO RAUL","cultivo":"Nogal (Nuez)","superficie_fisica_ha":10.625,"superficie_riego_ha":8.775,"hectareas":9.317},"geometry":{"type":"Polygon","coordinates":[[[-105.490511,28.227875],[-105.491231,28.228787],[-105.491619,28.229306],[-105.488467,28.233109],[-105.488053,28.232774],[-105.487609,28.232403],[-105.487413,28.232279],[-105.48729,28.232181],[-105.487242,28.232113],[-105.487247,28.232025],[-105.48835,28.230704],[-105.490511,28.227875]]]}},{"type":"Feature","properties":{"modulo":4,"idparcela":"2448","productor":"PEDROZA SANCHEZ MODESTA","cultivo":"Ma­z","superficie_fisica_ha":9.143,"superficie_riego_ha":8.825,"hectareas":8.783},"geometry":{"type":"Polygon","coordinates":[[[-105.491619,28.229306],[-105.492799,28.23083],[-105.489928,28.23382],[-105.489714,28.23407],[-105.488467,28.233109],[-105.491619,28.229306]]]}},{"type":"Feature","properties":{"modulo":4,"idparcela":"2387","productor":"REAZA VDA. DE LERMA PETRA","cultivo":"Alfalfa","superficie_fisica_ha":5.3,"superficie_riego_ha":5.3,"hectareas":5.213},"geometry":{"type":"Polygon","coordinates":[[[-105.493572,28.231777],[-105.493991,28.232279],[-105.494074,28.232428],[-105.494057,28.232566],[-105.491964,28.235171],[-105.490375,28.234415],[-105.493572,28.231777]]]}},{"type":"Feature","properties":{"modulo":4,"idparcela":"2441","productor":"LOPEZ LICON PILAR","cultivo":"Alfalfa","superficie_fisica_ha":4.2106,"superficie_riego_ha":4.2106,"hectareas":4.523},"geometry":{"type":"Polygon","coordinates":[[[-105.492799,28.23083],[-105.493572,28.231777],[-105.490375,28.234415],[-105.489714,28.23407],[-105.489928,28.23382],[-105.492799,28.23083]]]}},{"type":"Feature","properties":{"modulo":4,"idparcela":"2446","productor":"ORNELAS CASTILLO SALOME","cultivo":"Nogal (Nuez)","superficie_fisica_ha":7.55,"superficie_riego_ha":7.55,"hectareas":7.771},"geometry":{"type":"Polygon","coordinates":[[[-105.48835,28.230704],[-105.487635,28.230205],[-105.486737,28.22957],[-105.489414,28.226426],[-105.490511,28.227875],[-105.48835,28.230704]]]}},{"type":"Feature","properties":{"modulo":4,"idparcela":"2041","productor":"GAMBOA RAMIREZ EMMA","cultivo":"Ma­z","superficie_fisica_ha":2.881,"superficie_riego_ha":2,"hectareas":3.405},"geometry":{"type":"Polygon","coordinates":[[[-105.486737,28.22957],[-105.487635,28.230205],[-105.48835,28.230704],[-105.487247,28.232025],[-105.485956,28.230884],[-105.486,28.23039],[-105.486703,28.229611],[-105.486737,28.22957]]]}},{"type":"Feature","properties":{"modulo":4,"idparcela":"2040","productor":"SERNA GAMBOA LEONARDO","cultivo":"Ma­z","superficie_fisica_ha":1.5,"superficie_riego_ha":1.5,"hectareas":1.79},"geometry":{"type":"Polygon","coordinates":[[[-105.485699,28.232682],[-105.485756,28.232605],[-105.485956,28.230884],[-105.487247,28.232025],[-105.487242,28.232113],[-105.48729,28.232181],[-105.487413,28.232279],[-105.487609,28.232403],[-105.485699,28.232682]]]}},{"type":"Feature","properties":{"modulo":4,"idparcela":"2042","productor":"LOPEZ CAMPOS MILTON","cultivo":"Ma­z","superficie_fisica_ha":7.7617,"superficie_riego_ha":7.7617,"hectareas":7.355},"geometry":{"type":"Polygon","coordinates":[[[-105.487667,28.237207],[-105.486389,28.237025],[-105.488053,28.232774],[-105.488467,28.233109],[-105.489714,28.23407],[-105.487667,28.237207]]]}},{"type":"Feature","properties":{"modulo":4,"idparcela":"2449","productor":"JIMENEZ SERNA PETRA","cultivo":"Alfalfa","superficie_fisica_ha":10.899,"superficie_riego_ha":7.95,"hectareas":7.932},"geometry":{"type":"Polygon","coordinates":[[[-105.491964,28.235171],[-105.491283,28.236088],[-105.490285,28.236832],[-105.489426,28.237435],[-105.487667,28.237207],[-105.489714,28.23407],[-105.490375,28.234415],[-105.491964,28.235171]]]}},{"type":"Feature","properties":{"modulo":4,"idparcela":"2039","productor":"SOLIS DOMINGUEZ EUSTOLIA","cultivo":"Sin Cultivo","superficie_fisica_ha":8,"superficie_riego_ha":8,"hectareas":9.392},"geometry":{"type":"Polygon","coordinates":[[[-105.486389,28.237025],[-105.484932,28.236851],[-105.485133,28.235738],[-105.485481,28.233701],[-105.485646,28.232752],[-105.485699,28.232682],[-105.487609,28.232403],[-105.488053,28.232774],[-105.486389,28.237025]]]}},{"type":"Feature","properties":{"modulo":4,"idparcela":"2428","productor":"RODRIGUEZ CASTILLO RAUL","cultivo":"Sin Cultivo","superficie_fisica_ha":8.95,"superficie_riego_ha":7.825,"hectareas":7.275},"geometry":{"type":"Polygon","coordinates":[[[-105.484932,28.236851],[-105.479116,28.236054],[-105.479301,28.234887],[-105.483026,28.235458],[-105.485133,28.235738],[-105.484932,28.236851]]]}},{"type":"Feature","properties":{"modulo":4,"idparcela":"2432","productor":"SERNA LEVARIO JOEL","cultivo":"Ma­z","superficie_fisica_ha":2.1,"superficie_riego_ha":2.1,"hectareas":2.2},"geometry":{"type":"Polygon","coordinates":[[[-105.483532,28.232509],[-105.48537,28.232734],[-105.485646,28.232752],[-105.485481,28.233701],[-105.483354,28.233449],[-105.483532,28.232509]]]}},{"type":"Feature","properties":{"modulo":4,"idparcela":"2434","productor":"CARRASCO ORTEGA DIONICIO","cultivo":"Sin Cultivo","superficie_fisica_ha":4.125,"superficie_riego_ha":4.125,"hectareas":3.844},"geometry":{"type":"Polygon","coordinates":[[[-105.479687,28.232959],[-105.479686,28.232661],[-105.479758,28.232417],[-105.479893,28.23222],[-105.480077,28.232046],[-105.483412,28.232479],[-105.483532,28.232509],[-105.483354,28.233449],[-105.479687,28.232959]]]}},{"type":"Feature","properties":{"modulo":4,"idparcela":"2431","productor":"VIGIL GARCIA LEONOR","cultivo":"Sin Cultivo","superficie_fisica_ha":9.4,"superficie_riego_ha":8.4,"hectareas":4.789},"geometry":{"type":"Polygon","coordinates":[[[-105.483354,28.233449],[-105.485481,28.233701],[-105.485133,28.235738],[-105.483026,28.235458],[-105.48314,28.234479],[-105.483354,28.233449]]]}},{"type":"Feature","properties":{"modulo":4,"idparcela":"2431","productor":"VIGIL GARCIA LEONOR","cultivo":"Sin Cultivo","superficie_fisica_ha":9.4,"superficie_riego_ha":8.4,"hectareas":4.139},"geometry":{"type":"Polygon","coordinates":[[[-105.479457,28.234004],[-105.479757,28.233494],[-105.479687,28.232959],[-105.483354,28.233449],[-105.48314,28.234479],[-105.479457,28.234004]]]}},{"type":"Feature","properties":{"modulo":4,"idparcela":"2429","productor":"JIMENEZ CARRASCO CRISTINA","cultivo":"Sin Cultivo","superficie_fisica_ha":4.025,"superficie_riego_ha":4.025,"hectareas":3.813},"geometry":{"type":"Polygon","coordinates":[[[-105.479301,28.234887],[-105.479457,28.234004],[-105.48314,28.234479],[-105.483026,28.235458],[-105.479301,28.234887]]]}},{"type":"Feature","properties":{"modulo":4,"idparcela":"2430","productor":"SERNA JIMENEZ VIDAL","cultivo":"Ma­z","superficie_fisica_ha":3.9,"superficie_riego_ha":3.9,"hectareas":3.817},"geometry":{"type":"Polygon","coordinates":[[[-105.49652,28.23551],[-105.497445,28.236685],[-105.496285,28.238213],[-105.495738,28.23805],[-105.495356,28.238013],[-105.49502,28.237942],[-105.494887,28.237912],[-105.494793,28.237889],[-105.494726,28.237865],[-105.49652,28.23551]]]}},{"type":"Feature","properties":{"modulo":4,"idparcela":"2423","productor":"ALONSO VILLA JOSE ANTONIO","cultivo":"Alfalfa","superficie_fisica_ha":2.3273,"superficie_riego_ha":2.3273,"hectareas":2.272},"geometry":{"type":"Polygon","coordinates":[[[-105.497445,28.236685],[-105.498901,28.238571],[-105.498934,28.238636],[-105.498934,28.238701],[-105.498892,28.238775],[-105.498825,28.238787],[-105.498754,28.238781],[-105.498199,28.238688],[-105.498178,28.238586],[-105.497223,28.23796],[-105.496395,28.238258],[-105.496285,28.238213],[-105.497445,28.236685]]]}},{"type":"Feature","properties":{"modulo":4,"idparcela":"2328","productor":"RODRIGUEZ RAMIREZ JOSE REFUGIO","cultivo":"Nogal (Nuez)","superficie_fisica_ha":3.55,"superficie_riego_ha":3.55,"hectareas":3.14},"geometry":{"type":"Polygon","coordinates":[[[-105.49596,28.234803],[-105.496472,28.235443],[-105.494807,28.237583],[-105.494599,28.237864],[-105.494044,28.237742],[-105.493532,28.23766],[-105.493523,28.237664],[-105.494087,28.237069],[-105.49416,28.236981],[-105.49596,28.234803]]]}},{"type":"Feature","properties":{"modulo":4,"idparcela":"2389","productor":"GAMBOA REYES IVAN","cultivo":"Alfalfa","superficie_fisica_ha":6.0054,"superficie_riego_ha":5.9,"hectareas":5.921},"geometry":{"type":"Polygon","coordinates":[[[-105.492899,28.235472],[-105.49327,28.235069],[-105.493723,28.234552],[-105.49431,28.23387],[-105.494788,28.233321],[-105.495275,28.233964],[-105.49596,28.234803],[-105.49416,28.236981],[-105.494087,28.237069],[-105.492899,28.235472]]]}},{"type":"Feature","properties":{"modulo":4,"idparcela":"2043","productor":"RODRIGUEZ LERMA RAMON","cultivo":"Sin Cultivo","superficie_fisica_ha":13.875,"superficie_riego_ha":13.875,"hectareas":13.81},"geometry":{"type":"Polygon","coordinates":[[[-105.479892,28.240476],[-105.479326,28.240211],[-105.47854,28.239832],[-105.479086,28.236164],[-105.48398,28.23686],[-105.483533,28.237671],[-105.48335,28.238002],[-105.483169,28.238331],[-105.483119,28.238408],[-105.482421,28.238218],[-105.481887,28.238092],[-105.479892,28.240476]]]}},{"type":"Feature","properties":{"modulo":4,"idparcela":"3527","productor":"TREJO FIERRO MARGARITA","cultivo":"Sin Cultivo","superficie_fisica_ha":0.6,"superficie_riego_ha":0.6,"hectareas":0.846},"geometry":{"type":"Polygon","coordinates":[[[-105.47854,28.239832],[-105.479326,28.240211],[-105.479892,28.240476],[-105.479508,28.240915],[-105.478422,28.240451],[-105.47854,28.239832]]]}},{"type":"Feature","properties":{"modulo":4,"idparcela":"3516","productor":"CHAVEZ OLIVAREZ OCTAVIO","cultivo":"Sin Cultivo","superficie_fisica_ha":5.0805,"superficie_riego_ha":5.0805,"hectareas":3.118},"geometry":{"type":"Polygon","coordinates":[[[-105.484527,28.248093],[-105.482696,28.248631],[-105.483133,28.246503],[-105.483552,28.246521],[-105.484184,28.246613],[-105.484575,28.246697],[-105.484527,28.248093]]]}},{"type":"Feature","properties":{"modulo":4,"idparcela":"9511","productor":"BAEZA MORALES JUAN","cultivo":"Sin Cultivo","superficie_fisica_ha":12.5,"superficie_riego_ha":12.5,"hectareas":12.459},"geometry":{"type":"Polygon","coordinates":[[[-105.405036,28.311718],[-105.405196,28.3117],[-105.405577,28.311681],[-105.406038,28.311981],[-105.406198,28.311998],[-105.406359,28.312122],[-105.40646,28.312369],[-105.40664,28.312581],[-105.406861,28.312793],[-105.407102,28.31281],[-105.407341,28.312774],[-105.407641,28.312631],[-105.407901,28.312471],[-105.40816,28.31224],[-105.40874,28.312168],[-105.409541,28.312449],[-105.409923,28.312819],[-105.409904,28.313138],[-105.409565,28.313511],[-105.409506,28.313795],[-105.409009,28.314575],[-105.40845,28.314772],[-105.408109,28.314773],[-105.407729,28.314827],[-105.40731,28.314988],[-105.407091,28.315236],[-105.406731,28.315361],[-105.406311,28.315416],[-105.406131,28.31531],[-105.40587,28.31508],[-105.405608,28.314745],[-105.405466,28.314302],[-105.405404,28.313789],[-105.405283,28.313435],[-105.404819,28.312498],[-105.405036,28.311718]]]}},{"type":"Feature","properties":{"modulo":4,"idparcela":"************","productor":null,"cultivo":"Sin Cultivo","superficie_fisica_ha":null,"superficie_riego_ha":null,"hectareas":38.707},"geometry":{"type":"Polygon","coordinates":[[[-105.416076,28.31041],[-105.415618,28.310801],[-105.415578,28.311031],[-105.41582,28.311509],[-105.415923,28.312075],[-105.415924,28.312323],[-105.416065,28.312641],[-105.416085,28.312783],[-105.415667,28.313121],[-105.415406,28.312944],[-105.415226,28.31291],[-105.414965,28.312839],[-105.414725,28.312893],[-105.414426,28.313124],[-105.414188,28.313745],[-105.413987,28.313338],[-105.413943,28.312524],[-105.413824,28.312666],[-105.413744,28.312808],[-105.413484,28.312809],[-105.413185,28.31288],[-105.413166,28.313146],[-105.413286,28.313199],[-105.413386,28.313252],[-105.413527,28.313411],[-105.413507,28.31357],[-105.413208,28.313854],[-105.412988,28.313855],[-105.412969,28.314085],[-105.413149,28.314102],[-105.413329,28.314102],[-105.413569,28.313924],[-105.413629,28.313977],[-105.413671,28.314579],[-105.413512,28.314668],[-105.412991,28.314492],[-105.412571,28.314635],[-105.412571,28.314724],[-105.412953,28.315041],[-105.412854,28.315272],[-105.413115,28.31559],[-105.413356,28.315766],[-105.413556,28.315925],[-105.413537,28.316067],[-105.412577,28.31607],[-105.412416,28.315822],[-105.412215,28.315787],[-105.412195,28.315593],[-105.411994,28.315593],[-105.412037,28.316124],[-105.411857,28.316284],[-105.408595,28.316241],[-105.408594,28.315993],[-105.408913,28.315691],[-105.409233,28.315602],[-105.409854,28.315671],[-105.410194,28.315599],[-105.410234,28.315616],[-105.410393,28.315456],[-105.410472,28.315226],[-105.410391,28.314819],[-105.409969,28.314501],[-105.409591,28.31491],[-105.409491,28.31491],[-105.40919,28.314787],[-105.40973,28.313578],[-105.409905,28.313475],[-105.410065,28.313386],[-105.410605,28.313402],[-105.410825,28.313401],[-105.411045,28.313188],[-105.411284,28.312851],[-105.411643,28.312584],[-105.411903,28.31253],[-105.412002,28.312388],[-105.412122,28.312246],[-105.412301,28.312033],[-105.41248,28.311767],[-105.413378,28.311215],[-105.414258,28.310947],[-105.414838,28.310981],[-105.415317,28.310643],[-105.415236,28.310537],[-105.412996,28.310579],[-105.412256,28.310705],[-105.411155,28.310673],[-105.409994,28.310641],[-105.409355,28.310785],[-105.409215,28.310927],[-105.408835,28.310928],[-105.408575,28.310929],[-105.408334,28.310805],[-105.408174,28.310593],[-105.408272,28.310239],[-105.408411,28.309884],[-105.408469,28.309785],[-105.408528,28.309578],[-105.408796,28.309458],[-105.408864,28.30909],[-105.409027,28.308873],[-105.409087,28.30866],[-105.408874,28.308523],[-105.408673,28.308313],[-105.40856,28.308123],[-105.408588,28.307974],[-105.409821,28.306935],[-105.41046,28.306868],[-105.410718,28.307345],[-105.410921,28.307421],[-105.41114,28.307646],[-105.411339,28.30783],[-105.41155,28.30798],[-105.411857,28.308111],[-105.412235,28.308201],[-105.412675,28.308226],[-105.413052,28.308269],[-105.413627,28.308257],[-105.414271,28.309229],[-105.415975,28.310145],[-105.416076,28.31041]]]}},{"type":"Feature","properties":{"modulo":4,"idparcela":"************","productor":null,"cultivo":"Sin Cultivo","superficie_fisica_ha":null,"superficie_riego_ha":null,"hectareas":8.994},"geometry":{"type":"Polygon","coordinates":[[[-105.414447,28.309245],[-105.41449,28.308927],[-105.41465,28.308838],[-105.414988,28.308519],[-105.415048,28.308377],[-105.415368,28.30834],[-105.415769,28.30864],[-105.415869,28.308463],[-105.416788,28.308265],[-105.416849,28.308407],[-105.41665,28.308691],[-105.41649,28.308886],[-105.416331,28.308957],[-105.416231,28.30917],[-105.416212,28.309259],[-105.416372,28.309276],[-105.416771,28.308938],[-105.41727,28.308689],[-105.417988,28.308031],[-105.417988,28.308138],[-105.41785,28.308528],[-105.41783,28.30874],[-105.417971,28.308775],[-105.41813,28.308474],[-105.418329,28.308243],[-105.418568,28.308136],[-105.418908,28.307993],[-105.418909,28.308223],[-105.41879,28.308489],[-105.418811,28.308702],[-105.418951,28.308878],[-105.419092,28.308949],[-105.419312,28.30886],[-105.41947,28.308558],[-105.419469,28.30831],[-105.419589,28.308257],[-105.41993,28.308309],[-105.420048,28.307813],[-105.420228,28.307794],[-105.420547,28.307669],[-105.420727,28.307527],[-105.420768,28.307686],[-105.420768,28.307934],[-105.420929,28.308075],[-105.42107,28.308181],[-105.42093,28.308288],[-105.42069,28.30843],[-105.420792,28.308713],[-105.420471,28.308697],[-105.420292,28.308892],[-105.420313,28.309228],[-105.420454,28.309387],[-105.420454,28.309494],[-105.419973,28.309283],[-105.419893,28.309088],[-105.419172,28.30909],[-105.419094,28.309427],[-105.419075,28.309817],[-105.419096,28.310047],[-105.419277,28.310206],[-105.419077,28.310383],[-105.418957,28.310348],[-105.418634,28.309623],[-105.418293,28.309394],[-105.418073,28.309412],[-105.418053,28.309483],[-105.418055,28.309944],[-105.417735,28.309962],[-105.417736,28.310263],[-105.417757,28.310547],[-105.417596,28.310299],[-105.417436,28.310123],[-105.417255,28.310088],[-105.417196,28.310265],[-105.417138,28.310655],[-105.417058,28.310814],[-105.416958,28.310762],[-105.416857,28.310549],[-105.416777,28.310426],[-105.416656,28.310391],[-105.416536,28.310338],[-105.416336,28.310392],[-105.416252,28.310426],[-105.416151,28.31016],[-105.414447,28.309245]]]}},{"type":"Feature","properties":{"modulo":4,"idparcela":"1969","productor":"VAZQUEZ SALAS JAIME","cultivo":"Ma­z","superficie_fisica_ha":40.9,"superficie_riego_ha":40.9,"hectareas":9.654},"geometry":{"type":"Polygon","coordinates":[[[-105.412711,28.304971],[-105.416603,28.304934],[-105.416797,28.304948],[-105.416796,28.305095],[-105.416357,28.305362],[-105.416077,28.305452],[-105.416318,28.305752],[-105.416299,28.305858],[-105.415939,28.306107],[-105.416,28.306284],[-105.416041,28.306461],[-105.416081,28.306603],[-105.416262,28.306709],[-105.416222,28.306833],[-105.416082,28.30678],[-105.415902,28.30678],[-105.415702,28.306799],[-105.415582,28.30687],[-105.415402,28.306853],[-105.415242,28.306729],[-105.415143,28.307084],[-105.414943,28.307208],[-105.414723,28.307227],[-105.414644,28.307386],[-105.414725,28.307616],[-105.414585,28.307652],[-105.414565,28.307794],[-105.414766,28.307864],[-105.414886,28.307988],[-105.414646,28.307988],[-105.414727,28.308201],[-105.414608,28.308343],[-105.414448,28.308396],[-105.414328,28.308609],[-105.414469,28.30875],[-105.414331,28.309057],[-105.413854,28.308298],[-105.413667,28.308062],[-105.413091,28.307356],[-105.412896,28.306937],[-105.412711,28.304971]]]}},{"type":"Feature","properties":{"modulo":4,"idparcela":"1969","productor":"VAZQUEZ SALAS JAIME","cultivo":"Ma­z","superficie_fisica_ha":40.9,"superficie_riego_ha":40.9,"hectareas":8.12},"geometry":{"type":"Polygon","coordinates":[[[-105.409384,28.30503],[-105.41256,28.304992],[-105.412782,28.307002],[-105.412963,28.307338],[-105.413348,28.307845],[-105.413579,28.308178],[-105.41294,28.308195],[-105.412188,28.308121],[-105.411787,28.308007],[-105.411563,28.307868],[-105.411339,28.307661],[-105.411266,28.307558],[-105.411162,28.307344],[-105.411262,28.307166],[-105.411061,28.307096],[-105.410912,28.307222],[-105.410799,28.307188],[-105.410577,28.30686],[-105.410166,28.306498],[-105.409863,28.305856],[-105.409384,28.30503]]]}},{"type":"Feature","properties":{"modulo":4,"idparcela":"1968","productor":"VAZQUEZ SALAS JAIME","cultivo":"Ma­z","superficie_fisica_ha":27.93,"superficie_riego_ha":27.93,"hectareas":19.073},"geometry":{"type":"Polygon","coordinates":[[[-105.409362,28.304957],[-105.409273,28.304816],[-105.409211,28.304713],[-105.409134,28.304634],[-105.409003,28.304542],[-105.408851,28.304493],[-105.408657,28.30444],[-105.408398,28.304398],[-105.408285,28.304362],[-105.408207,28.304259],[-105.407276,28.3024],[-105.407452,28.302415],[-105.415683,28.303463],[-105.415882,28.30352],[-105.415958,28.303626],[-105.416018,28.303759],[-105.415944,28.303865],[-105.415854,28.303945],[-105.415735,28.304091],[-105.41569,28.304251],[-105.415855,28.304197],[-105.416035,28.30409],[-105.416199,28.303957],[-105.416394,28.303797],[-105.416468,28.303704],[-105.416528,28.303558],[-105.416707,28.303371],[-105.416811,28.303238],[-105.416976,28.303145],[-105.417156,28.303011],[-105.417395,28.302971],[-105.417575,28.302944],[-105.417785,28.30289],[-105.417876,28.302983],[-105.417831,28.303142],[-105.417712,28.303328],[-105.417757,28.303461],[-105.417953,28.30346],[-105.418147,28.30342],[-105.418252,28.303433],[-105.418313,28.303579],[-105.418253,28.303659],[-105.418089,28.303726],[-105.417999,28.303806],[-105.417924,28.303912],[-105.417895,28.303992],[-105.417444,28.303847],[-105.417174,28.303861],[-105.417084,28.303968],[-105.417085,28.304087],[-105.417265,28.304153],[-105.41737,28.304246],[-105.417491,28.304471],[-105.417477,28.304564],[-105.417372,28.304618],[-105.417267,28.304605],[-105.417132,28.304525],[-105.417011,28.304526],[-105.416906,28.304513],[-105.416772,28.304606],[-105.416682,28.304686],[-105.41662,28.30478],[-105.416603,28.304934],[-105.412711,28.304971],[-105.412527,28.304907],[-105.409362,28.304957]]]}},{"type":"Feature","properties":{"modulo":4,"idparcela":"1967","productor":"VAZQUEZ SALAS JAIME","cultivo":"Chile verde","superficie_fisica_ha":31.13,"superficie_riego_ha":19.55,"hectareas":21.031},"geometry":{"type":"Polygon","coordinates":[[[-105.4182,28.30192],[-105.418338,28.301935],[-105.418459,28.302011],[-105.418581,28.302072],[-105.418685,28.302163],[-105.418737,28.302224],[-105.418738,28.302347],[-105.418582,28.302347],[-105.418426,28.302348],[-105.418236,28.302287],[-105.418045,28.302272],[-105.417872,28.302273],[-105.4177,28.302396],[-105.417579,28.302442],[-105.417319,28.302443],[-105.417147,28.30252],[-105.416991,28.302536],[-105.416766,28.302613],[-105.416663,28.302675],[-105.416507,28.302629],[-105.416455,28.302691],[-105.416455,28.302737],[-105.416404,28.302829],[-105.41637,28.302936],[-105.416301,28.302951],[-105.416214,28.302952],[-105.416093,28.302967],[-105.416024,28.303029],[-105.415904,28.303182],[-105.415731,28.303367],[-105.415683,28.303463],[-105.407452,28.302415],[-105.407276,28.3024],[-105.406397,28.300398],[-105.406587,28.300416],[-105.415121,28.301439],[-105.415331,28.301558],[-105.415517,28.301652],[-105.415604,28.301759],[-105.415587,28.301882],[-105.415467,28.30202],[-105.415605,28.302035],[-105.415691,28.301881],[-105.41576,28.301774],[-105.415967,28.301681],[-105.416209,28.301696],[-105.416624,28.30171],[-105.416763,28.301817],[-105.416867,28.301862],[-105.417127,28.301877],[-105.417282,28.301785],[-105.41742,28.301631],[-105.417437,28.301509],[-105.417575,28.301432],[-105.417765,28.301385],[-105.417955,28.301415],[-105.417973,28.301538],[-105.417905,28.301737],[-105.417801,28.301844],[-105.417802,28.301982],[-105.418027,28.301981],[-105.4182,28.30192]]]}},{"type":"Feature","properties":{"modulo":4,"idparcela":"1966","productor":"VAZQUEZ SALAS JAIME","cultivo":"Ma­z","superficie_fisica_ha":29.47,"superficie_riego_ha":19.15,"hectareas":20.705},"geometry":{"type":"Polygon","coordinates":[[[-105.406397,28.300398],[-105.40616,28.299958],[-105.406102,28.299923],[-105.404851,28.299463],[-105.404805,28.299427],[-105.404766,28.29937],[-105.404375,28.298544],[-105.404572,28.298563],[-105.406842,28.298873],[-105.407017,28.298897],[-105.416908,28.300109],[-105.416982,28.300147],[-105.417051,28.300101],[-105.417275,28.299978],[-105.4175,28.299977],[-105.417586,28.299977],[-105.417673,28.300099],[-105.417605,28.300237],[-105.417501,28.300329],[-105.417328,28.30036],[-105.417156,28.300407],[-105.417104,28.300484],[-105.417329,28.300483],[-105.417467,28.300421],[-105.417502,28.300391],[-105.417675,28.300375],[-105.417778,28.30039],[-105.417917,28.300542],[-105.417693,28.300742],[-105.417486,28.300896],[-105.417365,28.300973],[-105.417573,28.300957],[-105.417711,28.300911],[-105.417936,28.300864],[-105.418041,28.301093],[-105.417816,28.301109],[-105.41766,28.30114],[-105.417539,28.301187],[-105.417401,28.301187],[-105.417159,28.301218],[-105.417107,28.301295],[-105.417108,28.301479],[-105.417022,28.301617],[-105.416953,28.301571],[-105.416883,28.301541],[-105.416832,28.301648],[-105.416762,28.301618],[-105.416641,28.301526],[-105.416554,28.301435],[-105.416433,28.301435],[-105.416226,28.301451],[-105.415949,28.301452],[-105.415897,28.301406],[-105.415706,28.301376],[-105.415482,28.301423],[-105.415402,28.301534],[-105.415331,28.301558],[-105.415121,28.301439],[-105.406587,28.300416],[-105.406397,28.300398]]]}},{"type":"Feature","properties":{"modulo":4,"idparcela":"1965","productor":"MARTINEZ BELTRAN ARNULFO","cultivo":"Chile verde","superficie_fisica_ha":31.98,"superficie_riego_ha":19,"hectareas":26.04},"geometry":{"type":"Polygon","coordinates":[[[-105.404375,28.298544],[-105.404709,28.296402],[-105.404799,28.296389],[-105.404869,28.296392],[-105.404974,28.296405],[-105.407847,28.296781],[-105.408476,28.296864],[-105.408538,28.296872],[-105.408698,28.296862],[-105.412974,28.297388],[-105.413296,28.297453],[-105.413588,28.297523],[-105.413799,28.297601],[-105.414005,28.297676],[-105.414194,28.297762],[-105.414338,28.297847],[-105.414472,28.297992],[-105.414554,28.298129],[-105.414605,28.298322],[-105.414632,28.298442],[-105.414673,28.298556],[-105.414768,28.298653],[-105.414899,28.298734],[-105.415053,28.298809],[-105.415208,28.298869],[-105.415424,28.298918],[-105.415601,28.298959],[-105.415829,28.299024],[-105.416022,28.299097],[-105.415876,28.299231],[-105.41574,28.299352],[-105.41562,28.299443],[-105.415552,28.299535],[-105.41545,28.299656],[-105.415433,28.299747],[-105.415485,28.299807],[-105.415638,28.299519],[-105.415757,28.299413],[-105.415894,28.299291],[-105.41603,28.299185],[-105.416081,28.299169],[-105.416184,28.299169],[-105.416321,28.29926],[-105.416288,28.299396],[-105.41622,28.299548],[-105.41622,28.299684],[-105.416221,28.299851],[-105.416323,28.299805],[-105.416443,28.299653],[-105.416494,28.299592],[-105.416596,28.299607],[-105.416682,28.299698],[-105.416802,28.299773],[-105.416905,28.299864],[-105.416974,28.299985],[-105.416975,28.30003],[-105.416908,28.300109],[-105.407017,28.298897],[-105.406842,28.298873],[-105.404572,28.298563],[-105.404375,28.298544]]]}},{"type":"Feature","properties":{"modulo":4,"idparcela":"1778","productor":"SOLIS QUI¥ONES SAUL","cultivo":"Cacahuate","superficie_fisica_ha":3.5,"superficie_riego_ha":3.5,"hectareas":2.292},"geometry":{"type":"Polygon","coordinates":[[[-105.404881,28.295834],[-105.406393,28.29601],[-105.408559,28.296274],[-105.408516,28.296583],[-105.408476,28.296864],[-105.407847,28.296781],[-105.404974,28.296405],[-105.404869,28.296392],[-105.404799,28.296389],[-105.404852,28.296323],[-105.404886,28.296212],[-105.404905,28.296045],[-105.404881,28.295834]]]}},{"type":"Feature","properties":{"modulo":4,"idparcela":"************","productor":null,"cultivo":"Sin Cultivo","superficie_fisica_ha":null,"superficie_riego_ha":null,"hectareas":2.509},"geometry":{"type":"Polygon","coordinates":[[[-105.408559,28.296274],[-105.408733,28.296315],[-105.412018,28.296653],[-105.412308,28.296924],[-105.412583,28.29712],[-105.412823,28.297271],[-105.412974,28.297388],[-105.408698,28.296862],[-105.408538,28.296872],[-105.408476,28.296864],[-105.408559,28.296274]]]}},{"type":"Feature","properties":{"modulo":4,"idparcela":"1968","productor":"VAZQUEZ SALAS JAIME","cultivo":"Ma­z","superficie_fisica_ha":27.93,"superficie_riego_ha":27.93,"hectareas":21.736},"geometry":{"type":"Polygon","coordinates":[[[-105.424433,28.296538],[-105.424459,28.296383],[-105.424512,28.296218],[-105.424591,28.296053],[-105.42464,28.296005],[-105.424874,28.295863],[-105.426118,28.295548],[-105.426602,28.295676],[-105.426353,28.295884],[-105.42628,28.295936],[-105.426253,28.296377],[-105.426253,28.296468],[-105.426312,28.296468],[-105.426502,28.296402],[-105.426735,28.296181],[-105.426939,28.295792],[-105.427231,28.295596],[-105.427218,28.295882],[-105.427291,28.295959],[-105.427161,28.29631],[-105.427205,28.296387],[-105.427162,28.296569],[-105.427162,28.296737],[-105.427163,28.296802],[-105.427295,28.296919],[-105.427369,28.297048],[-105.427413,28.297152],[-105.427428,28.297307],[-105.427458,28.297411],[-105.427472,28.297203],[-105.427471,28.297035],[-105.42747,28.29684],[-105.42747,28.296659],[-105.427543,28.296581],[-105.427689,28.29658],[-105.427806,28.29658],[-105.427923,28.29658],[-105.427821,28.296567],[-105.427762,28.29645],[-105.427717,28.296295],[-105.427643,28.296166],[-105.427657,28.295906],[-105.427656,28.295699],[-105.427656,28.295543],[-105.427611,28.295388],[-105.427742,28.29518],[-105.427814,28.294985],[-105.427976,28.294985],[-105.428005,28.295037],[-105.428007,28.295542],[-105.428125,28.29562],[-105.428272,28.295762],[-105.428331,28.295852],[-105.428434,28.295969],[-105.428419,28.296059],[-105.428332,28.296163],[-105.428318,28.296306],[-105.428449,28.296254],[-105.428522,28.29615],[-105.428595,28.296137],[-105.428654,28.296136],[-105.428742,28.296175],[-105.428812,28.296192],[-105.428859,28.296084],[-105.4288,28.296019],[-105.428785,28.295955],[-105.428799,28.295812],[-105.428682,28.295747],[-105.428623,28.295657],[-105.428608,28.29554],[-105.428592,28.295411],[-105.428504,28.295333],[-105.428518,28.295139],[-105.428561,28.295009],[-105.428634,28.294879],[-105.428663,28.294723],[-105.428779,28.294516],[-105.428926,28.294515],[-105.429175,28.294514],[-105.429336,28.294605],[-105.429219,28.29467],[-105.429191,28.294838],[-105.429221,28.295111],[-105.429221,28.295227],[-105.429149,28.295396],[-105.429135,28.295539],[-105.429296,28.295512],[-105.429398,28.295512],[-105.429486,28.29546],[-105.429485,28.295317],[-105.429572,28.295109],[-105.429704,28.29494],[-105.429631,28.295135],[-105.429647,28.295355],[-105.429647,28.295472],[-105.429633,28.295615],[-105.429473,28.295836],[-105.429327,28.296018],[-105.429313,28.296108],[-105.429357,28.296069],[-105.429474,28.296004],[-105.429531,28.295848],[-105.429678,28.295809],[-105.429824,28.295783],[-105.429927,28.295769],[-105.43,28.295691],[-105.430175,28.2956],[-105.430248,28.295613],[-105.430249,28.295743],[-105.430147,28.295911],[-105.430103,28.296002],[-105.43025,28.295976],[-105.430323,28.296066],[-105.430353,28.296287],[-105.430311,28.296572],[-105.430209,28.296793],[-105.42999,28.296858],[-105.429726,28.296846],[-105.429536,28.296899],[-105.429272,28.296925],[-105.428833,28.297056],[-105.428614,28.297096],[-105.42857,28.297122],[-105.428629,28.297264],[-105.42863,28.297394],[-105.428631,28.297627],[-105.428617,28.297913],[-105.428691,28.298042],[-105.428837,28.298093],[-105.42894,28.298197],[-105.428985,28.298326],[-105.428854,28.298469],[-105.428722,28.298509],[-105.428634,28.2986],[-105.428429,28.298587],[-105.428283,28.298549],[-105.428092,28.298446],[-105.427886,28.298343],[-105.427769,28.2982],[-105.427651,28.298162],[-105.427532,28.298198],[-105.427491,28.298253],[-105.427654,28.298927],[-105.427465,28.299135],[-105.427276,28.299395],[-105.427057,28.299577],[-105.426793,28.299591],[-105.426557,28.299241],[-105.426382,28.299372],[-105.426133,28.299398],[-105.425258,28.300321],[-105.42498,28.30027],[-105.424834,28.300388],[-105.424731,28.300518],[-105.424688,28.300608],[-105.424689,28.300777],[-105.42466,28.300907],[-105.424572,28.300855],[-105.424542,28.300829],[-105.424308,28.300921],[-105.424074,28.300921],[-105.423957,28.301013],[-105.423854,28.300948],[-105.423824,28.300793],[-105.423853,28.300689],[-105.423985,28.300624],[-105.424029,28.300533],[-105.424072,28.300403],[-105.424159,28.300312],[-105.424188,28.300169],[-105.424305,28.30013],[-105.424407,28.300026],[-105.424422,28.299961],[-105.424377,28.299883],[-105.424319,28.299819],[-105.424231,28.299949],[-105.424056,28.300105],[-105.423925,28.300196],[-105.423822,28.300287],[-105.42372,28.300326],[-105.423647,28.300326],[-105.423516,28.300599],[-105.423473,28.300716],[-105.4234,28.300846],[-105.423295,28.300315],[-105.423324,28.300185],[-105.423323,28.299964],[-105.423381,28.299796],[-105.423424,28.299627],[-105.423424,28.299459],[-105.423423,28.299316],[-105.424462,28.299002],[-105.42474,28.298988],[-105.42496,28.299078],[-105.425019,28.299091],[-105.425077,28.298909],[-105.425076,28.298779],[-105.425193,28.298675],[-105.42528,28.298545],[-105.425221,28.298507],[-105.425046,28.298572],[-105.42487,28.298585],[-105.424724,28.298651],[-105.42468,28.298716],[-105.424168,28.29886],[-105.423964,28.298912],[-105.423817,28.298939],[-105.423597,28.298939],[-105.423451,28.298953],[-105.423363,28.299005],[-105.42329,28.29907],[-105.42329,28.298966],[-105.42326,28.298915],[-105.423187,28.298889],[-105.423114,28.298889],[-105.423172,28.298798],[-105.423289,28.298772],[-105.423391,28.298694],[-105.423405,28.298525],[-105.423405,28.298344],[-105.423463,28.298253],[-105.423653,28.298148],[-105.423726,28.298109],[-105.423974,28.297875],[-105.424164,28.297654],[-105.424183,28.297545],[-105.424368,28.297541],[-105.424454,28.297116],[-105.424433,28.296538]]]}},{"type":"Feature","properties":{"modulo":4,"idparcela":"1788","productor":"GARCIA ALVAREZ ZACARIAS","cultivo":"Sin Cultivo","superficie_fisica_ha":3,"superficie_riego_ha":3,"hectareas":1.075},"geometry":{"type":"Polygon","coordinates":[[[-105.424183,28.297545],[-105.42406,28.297512],[-105.423914,28.297538],[-105.423768,28.297539],[-105.423665,28.297552],[-105.423616,28.297537],[-105.422327,28.297356],[-105.422151,28.29734],[-105.422461,28.296921],[-105.422637,28.296937],[-105.424454,28.297116],[-105.424368,28.297541],[-105.424183,28.297545]]]}},{"type":"Feature","properties":{"modulo":4,"idparcela":"1878","productor":"BAEZA NIETO JESUS MANUEL","cultivo":"Chile verde","superficie_fisica_ha":3,"superficie_riego_ha":3,"hectareas":0.942},"geometry":{"type":"Polygon","coordinates":[[[-105.422909,28.296471],[-105.423223,28.296507],[-105.424304,28.296606],[-105.424433,28.296538],[-105.424454,28.297116],[-105.422637,28.296937],[-105.422461,28.296921],[-105.422909,28.296471]]]}},{"type":"Feature","properties":{"modulo":4,"idparcela":"1978","productor":"RODRIGUEZ CEBALLOS CONSUELO","cultivo":"Sin Cultivo","superficie_fisica_ha":3.5,"superficie_riego_ha":3.5,"hectareas":0.845},"geometry":{"type":"Polygon","coordinates":[[[-105.422653,28.298095],[-105.421947,28.297989],[-105.421646,28.297943],[-105.422151,28.29734],[-105.422327,28.297356],[-105.423616,28.297537],[-105.423665,28.297552],[-105.423065,28.297697],[-105.42289,28.297853],[-105.422653,28.298095]]]}},{"type":"Feature","properties":{"modulo":4,"idparcela":"1813","productor":"LARA CALDERON MARCOS ESTEB.","cultivo":"Sin Cultivo","superficie_fisica_ha":3.99,"superficie_riego_ha":3.99,"hectareas":0.68},"geometry":{"type":"Polygon","coordinates":[[[-105.421646,28.297943],[-105.421947,28.297989],[-105.422653,28.298095],[-105.422546,28.298241],[-105.422288,28.298546],[-105.422321,28.298636],[-105.422204,28.298636],[-105.42203,28.29861],[-105.421354,28.298509],[-105.421178,28.298494],[-105.421646,28.297943]]]}},{"type":"Feature","properties":{"modulo":4,"idparcela":"1932","productor":"GARCIA VEGA ARMIDA","cultivo":"Sin Cultivo","superficie_fisica_ha":22.6848,"superficie_riego_ha":7,"hectareas":1.86},"geometry":{"type":"Polygon","coordinates":[[[-105.422321,28.298636],[-105.422396,28.298814],[-105.42208,28.29881],[-105.42184,28.298856],[-105.421723,28.298958],[-105.421767,28.299127],[-105.421888,28.299189],[-105.422711,28.299264],[-105.422733,28.299384],[-105.422704,28.299506],[-105.422575,28.299617],[-105.421725,28.299529],[-105.421786,28.299756],[-105.422086,28.299761],[-105.422223,28.299781],[-105.422297,28.299825],[-105.422342,28.299955],[-105.421287,28.299815],[-105.421103,28.299776],[-105.420991,28.299721],[-105.420808,28.299442],[-105.420636,28.299094],[-105.421178,28.298494],[-105.421354,28.298509],[-105.42203,28.29861],[-105.422204,28.298636],[-105.422321,28.298636]]]}},{"type":"Feature","properties":{"modulo":4,"idparcela":"1926","productor":"CHAVIRA RODRIGUEZ MARTIN","cultivo":"Ma­z","superficie_fisica_ha":44.4,"superficie_riego_ha":44.35,"hectareas":1.102},"geometry":{"type":"Polygon","coordinates":[[[-105.423055,28.295854],[-105.423454,28.295883],[-105.424007,28.295928],[-105.424528,28.295971],[-105.42464,28.296005],[-105.424591,28.296053],[-105.424512,28.296218],[-105.424459,28.296383],[-105.424433,28.296538],[-105.424304,28.296606],[-105.423223,28.296507],[-105.422909,28.296471],[-105.422889,28.296234],[-105.422896,28.296109],[-105.422924,28.295989],[-105.422974,28.295902],[-105.423055,28.295854]]]}},{"type":"Feature","properties":{"modulo":4,"idparcela":"1835","productor":"SALGADO PALOMINO LUIS FERNANDO","cultivo":"Ma­z","superficie_fisica_ha":3.5,"superficie_riego_ha":3.5,"hectareas":1.245},"geometry":{"type":"Polygon","coordinates":[[[-105.424528,28.295971],[-105.424007,28.295928],[-105.423454,28.295883],[-105.423055,28.295854],[-105.422945,28.295823],[-105.42289,28.295776],[-105.422862,28.295717],[-105.422844,28.295667],[-105.422691,28.295546],[-105.422561,28.295224],[-105.422535,28.29514],[-105.423523,28.29526],[-105.424551,28.295376],[-105.424528,28.295971]]]}},{"type":"Feature","properties":{"modulo":4,"idparcela":"1745","productor":"MENDOZA N MARGARITA","cultivo":"Sin Cultivo","superficie_fisica_ha":3,"superficie_riego_ha":3,"hectareas":0.89},"geometry":{"type":"Polygon","coordinates":[[[-105.424551,28.295376],[-105.423523,28.29526],[-105.422535,28.29514],[-105.422498,28.295067],[-105.422366,28.29486],[-105.422335,28.294692],[-105.422518,28.294708],[-105.424343,28.294915],[-105.42429,28.294965],[-105.424314,28.295087],[-105.423978,28.295088],[-105.423861,28.295192],[-105.424461,28.29519],[-105.42455,28.295294],[-105.424551,28.295376]]]}},{"type":"Feature","properties":{"modulo":4,"idparcela":"1850","productor":"GUERRERO VITOLAS LUIS","cultivo":"Chile verde","superficie_fisica_ha":2,"superficie_riego_ha":2,"hectareas":1.577},"geometry":{"type":"Polygon","coordinates":[[[-105.422335,28.294692],[-105.422262,28.294627],[-105.422085,28.294212],[-105.423097,28.294299],[-105.423272,28.294319],[-105.425296,28.294549],[-105.425309,28.294851],[-105.425134,28.294955],[-105.425002,28.294942],[-105.42487,28.29493],[-105.424666,28.295008],[-105.424534,28.29496],[-105.424475,28.295012],[-105.42429,28.294965],[-105.424343,28.294915],[-105.422518,28.294708],[-105.422335,28.294692]]]}},{"type":"Feature","properties":{"modulo":4,"idparcela":"1768","productor":"CASTILLO NAVARRETE MELQUIADES","cultivo":"Sin Cultivo","superficie_fisica_ha":10,"superficie_riego_ha":10,"hectareas":18.742},"geometry":{"type":"Polygon","coordinates":[[[-105.423209,28.290286],[-105.423546,28.290319],[-105.423922,28.29037],[-105.424106,28.290537],[-105.424414,28.290627],[-105.424473,28.290614],[-105.424706,28.290406],[-105.424837,28.290185],[-105.424836,28.290055],[-105.425129,28.28999],[-105.425203,28.290067],[-105.425437,28.290053],[-105.425569,28.29017],[-105.425672,28.290195],[-105.425803,28.290052],[-105.426052,28.290052],[-105.426169,28.289999],[-105.426287,28.290142],[-105.426287,28.290271],[-105.426492,28.290271],[-105.426624,28.290374],[-105.426992,28.290632],[-105.427226,28.290541],[-105.427328,28.290424],[-105.427562,28.290345],[-105.427825,28.290305],[-105.428074,28.290292],[-105.428118,28.290408],[-105.428016,28.290499],[-105.4279,28.290616],[-105.427944,28.290746],[-105.42793,28.290849],[-105.427666,28.29085],[-105.427388,28.290851],[-105.427066,28.290891],[-105.426949,28.290917],[-105.426803,28.29097],[-105.426305,28.290984],[-105.426026,28.291011],[-105.425836,28.291012],[-105.42569,28.291129],[-105.425603,28.291246],[-105.425471,28.291233],[-105.425281,28.291337],[-105.425281,28.291389],[-105.425515,28.291401],[-105.425633,28.291466],[-105.425692,28.291608],[-105.42578,28.291517],[-105.425852,28.291439],[-105.426131,28.291438],[-105.42635,28.291438],[-105.426409,28.291541],[-105.426162,28.291905],[-105.426148,28.292138],[-105.426193,28.292255],[-105.426149,28.292463],[-105.426223,28.292462],[-105.426325,28.29254],[-105.42634,28.292397],[-105.426486,28.292332],[-105.426455,28.292073],[-105.426528,28.291956],[-105.426689,28.291929],[-105.426923,28.291877],[-105.426996,28.291773],[-105.427025,28.291617],[-105.427157,28.291617],[-105.427318,28.291655],[-105.42742,28.291629],[-105.428124,28.291821],[-105.428725,28.292066],[-105.428901,28.29213],[-105.429063,28.292259],[-105.429137,28.292336],[-105.428844,28.292337],[-105.428624,28.292286],[-105.428419,28.292235],[-105.42814,28.292184],[-105.427993,28.292094],[-105.427744,28.292069],[-105.427686,28.292173],[-105.427818,28.292302],[-105.427877,28.292431],[-105.427863,28.292509],[-105.427702,28.2926],[-105.427512,28.292666],[-105.427469,28.292731],[-105.42763,28.292795],[-105.427791,28.292885],[-105.427923,28.292885],[-105.428114,28.292884],[-105.428245,28.292884],[-105.428333,28.292909],[-105.428378,28.292974],[-105.428349,28.293078],[-105.428276,28.293182],[-105.428232,28.293299],[-105.428159,28.29326],[-105.427998,28.293273],[-105.427837,28.293391],[-105.427823,28.29343],[-105.427911,28.29352],[-105.427926,28.293624],[-105.427809,28.293559],[-105.427706,28.293547],[-105.427501,28.293625],[-105.42737,28.293638],[-105.427238,28.293704],[-105.427107,28.293808],[-105.427107,28.293937],[-105.427298,28.294028],[-105.427401,28.294053],[-105.427518,28.294092],[-105.427621,28.294182],[-105.427548,28.294286],[-105.427446,28.294403],[-105.427344,28.294416],[-105.427241,28.294365],[-105.427182,28.294209],[-105.427006,28.294171],[-105.426947,28.294145],[-105.426917,28.293964],[-105.426741,28.293926],[-105.426565,28.293965],[-105.426404,28.29394],[-105.426346,28.294018],[-105.426376,28.294199],[-105.426347,28.294303],[-105.426625,28.294302],[-105.426787,28.294418],[-105.426802,28.294496],[-105.4267,28.294548],[-105.426626,28.294561],[-105.426509,28.294562],[-105.426436,28.294523],[-105.426377,28.294536],[-105.42626,28.294601],[-105.426245,28.294485],[-105.426201,28.294407],[-105.425938,28.294537],[-105.425835,28.294525],[-105.425703,28.294434],[-105.425527,28.294292],[-105.425468,28.294124],[-105.42538,28.294098],[-105.425292,28.294228],[-105.425293,28.294397],[-105.425337,28.294513],[-105.425296,28.294549],[-105.423272,28.294319],[-105.423097,28.294299],[-105.423209,28.290286]]]}},{"type":"Feature","properties":{"modulo":4,"idparcela":"1768","productor":"CASTILLO NAVARRETE MELQUIADES","cultivo":"Sin Cultivo","superficie_fisica_ha":10,"superficie_riego_ha":10,"hectareas":3.3},"geometry":{"type":"Polygon","coordinates":[[[-105.423922,28.29037],[-105.423546,28.290319],[-105.423209,28.290286],[-105.423268,28.289469],[-105.423116,28.289005],[-105.42313,28.288872],[-105.42322,28.288805],[-105.423445,28.288671],[-105.42367,28.288551],[-105.42376,28.288591],[-105.42409,28.28859],[-105.424315,28.288655],[-105.424375,28.288589],[-105.42451,28.288549],[-105.424585,28.288575],[-105.424615,28.288628],[-105.424631,28.288814],[-105.424736,28.28888],[-105.424856,28.2888],[-105.424976,28.288733],[-105.425216,28.288732],[-105.425216,28.288825],[-105.425187,28.288945],[-105.425262,28.289038],[-105.425458,28.289104],[-105.425533,28.289156],[-105.425594,28.289302],[-105.425579,28.289449],[-105.425459,28.289515],[-105.425249,28.289556],[-105.425099,28.289556],[-105.424889,28.289597],[-105.424605,28.28977],[-105.42459,28.28981],[-105.424501,28.29001],[-105.424517,28.290276],[-105.424412,28.290409],[-105.42412,28.290424],[-105.424112,28.290422],[-105.424068,28.290416],[-105.423922,28.29037]]]}},{"type":"Feature","properties":{"modulo":4,"idparcela":"************","productor":null,"cultivo":"Sin Cultivo","superficie_fisica_ha":null,"superficie_riego_ha":null,"hectareas":0.638},"geometry":{"type":"Polygon","coordinates":[[[-105.404194,28.296443],[-105.404139,28.296516],[-105.404056,28.296504],[-105.403918,28.296492],[-105.403378,28.295846],[-105.403266,28.295639],[-105.403555,28.295247],[-105.403693,28.295259],[-105.403803,28.29532],[-105.404194,28.296443]]]}},{"type":"Feature","properties":{"modulo":4,"idparcela":"1880","productor":"EJIDO LAS MERCEDES","cultivo":"Sin Cultivo","superficie_fisica_ha":89.9,"superficie_riego_ha":89.9,"hectareas":20.518},"geometry":{"type":"Polygon","coordinates":[[[-105.401944,28.298161],[-105.401936,28.298222],[-105.401952,28.298392],[-105.401982,28.298431],[-105.402045,28.298457],[-105.402107,28.298455],[-105.402165,28.298448],[-105.402219,28.298417],[-105.402301,28.298415],[-105.402387,28.298404],[-105.402464,28.298363],[-105.40249,28.298311],[-105.404132,28.298312],[-105.404175,28.298776],[-105.403418,28.299267],[-105.40293,28.299805],[-105.402397,28.3003],[-105.401727,28.301068],[-105.401315,28.301656],[-105.398375,28.301701],[-105.398468,28.300626],[-105.398395,28.299612],[-105.398766,28.299244],[-105.399391,28.300073],[-105.399723,28.300451],[-105.400139,28.300804],[-105.400402,28.300974],[-105.400678,28.301071],[-105.400926,28.301046],[-105.39957,28.300036],[-105.399527,28.299523],[-105.399305,28.299389],[-105.399387,28.299242],[-105.399732,28.299107],[-105.401664,28.298942],[-105.402464,28.298806],[-105.402533,28.298708],[-105.402381,28.298647],[-105.401981,28.298746],[-105.400904,28.298774],[-105.400407,28.298848],[-105.399814,28.298789],[-105.399441,28.298876],[-105.399027,28.298828],[-105.399302,28.298473],[-105.39999,28.297958],[-105.400513,28.297663],[-105.400624,28.297602],[-105.400982,28.297527],[-105.401299,28.297416],[-105.401561,28.297354],[-105.401852,28.297464],[-105.401934,28.297463],[-105.401906,28.297341],[-105.401602,28.297159],[-105.40116,28.297209],[-105.400692,28.297406],[-105.400154,28.297554],[-105.397504,28.297489],[-105.398289,28.297071],[-105.402153,28.296888],[-105.402172,28.296894],[-105.402181,28.296888],[-105.40254,28.29701],[-105.40301,28.297289],[-105.403093,28.297301],[-105.403093,28.297216],[-105.402802,28.29685],[-105.402276,28.296595],[-105.402137,28.296388],[-105.402192,28.296229],[-105.403434,28.296213],[-105.404018,28.297237],[-105.404187,28.298145],[-105.404179,28.29817],[-105.404152,28.298186],[-105.40412,28.298185],[-105.402637,28.298156],[-105.402592,28.298132],[-105.402598,28.298084],[-105.40258,28.298051],[-105.402531,28.29803],[-105.402431,28.298023],[-105.402339,28.298019],[-105.402246,28.29803],[-105.402157,28.298044],[-105.402066,28.298077],[-105.402002,28.298094],[-105.401966,28.298126],[-105.401944,28.298161]]]}},{"type":"Feature","properties":{"modulo":4,"idparcela":"1880","productor":"EJIDO LAS MERCEDES","cultivo":"Sin Cultivo","superficie_fisica_ha":89.9,"superficie_riego_ha":89.9,"hectareas":10.267},"geometry":{"type":"Polygon","coordinates":[[[-105.404317,28.298807],[-105.404628,28.299402],[-105.404687,28.299507],[-105.404767,28.299559],[-105.404855,28.299593],[-105.405767,28.299932],[-105.406574,28.301628],[-105.406298,28.301727],[-105.405484,28.301766],[-105.404769,28.302379],[-105.404691,28.302436],[-105.404671,28.302463],[-105.404307,28.302637],[-105.404314,28.302514],[-105.404134,28.302539],[-105.403444,28.302383],[-105.402975,28.302469],[-105.402484,28.301095],[-105.402472,28.300977],[-105.402423,28.300879],[-105.402333,28.300812],[-105.402295,28.300747],[-105.402293,28.300698],[-105.402306,28.300653],[-105.402486,28.300469],[-105.403127,28.299834],[-105.40332,28.299606],[-105.403461,28.299451],[-105.403723,28.299237],[-105.404317,28.298807]]]}},{"type":"Feature","properties":{"modulo":4,"idparcela":"1880","productor":"EJIDO LAS MERCEDES","cultivo":"Sin Cultivo","superficie_fisica_ha":89.9,"superficie_riego_ha":89.9,"hectareas":12.825},"geometry":{"type":"Polygon","coordinates":[[[-105.406211,28.303277],[-105.406299,28.303291],[-105.406347,28.303298],[-105.406406,28.303378],[-105.406887,28.30568],[-105.406577,28.305893],[-105.406227,28.306018],[-105.405917,28.306087],[-105.40557,28.306127],[-105.405098,28.306207],[-105.404904,28.306395],[-105.404297,28.30636],[-105.404176,28.306074],[-105.403968,28.305948],[-105.403854,28.305959],[-105.403747,28.305998],[-105.40354,28.306023],[-105.402933,28.306013],[-105.402665,28.305945],[-105.402501,28.30599],[-105.402246,28.306156],[-105.402057,28.306348],[-105.401982,28.306382],[-105.40098,28.304406],[-105.402014,28.304061],[-105.402441,28.303742],[-105.402661,28.303484],[-105.403184,28.303116],[-105.403394,28.303873],[-105.403091,28.304033],[-105.402898,28.30418],[-105.402624,28.304596],[-105.402625,28.304914],[-105.402944,28.305255],[-105.403054,28.305267],[-105.403081,28.305169],[-105.403992,28.30513],[-105.403531,28.303677],[-105.403558,28.303482],[-105.403633,28.303443],[-105.403703,28.30345],[-105.403816,28.30355],[-105.403928,28.303609],[-105.404056,28.303639],[-105.404068,28.303577],[-105.404245,28.303586],[-105.404362,28.303617],[-105.404635,28.303807],[-105.40593,28.303315],[-105.406211,28.303277]]]}},{"type":"Feature","properties":{"modulo":4,"idparcela":"1968","productor":"VAZQUEZ SALAS JAIME","cultivo":"Ma­z","superficie_fisica_ha":27.93,"superficie_riego_ha":27.93,"hectareas":2.453},"geometry":{"type":"Polygon","coordinates":[[[-105.407989,28.304128],[-105.40734,28.30523],[-105.407167,28.305432],[-105.406887,28.30568],[-105.406406,28.303378],[-105.406829,28.303252],[-105.407201,28.303239],[-105.40752,28.303384],[-105.407989,28.304128]]]}},{"type":"Feature","properties":{"modulo":4,"idparcela":"1969","productor":"VAZQUEZ SALAS JAIME","cultivo":"Ma­z","superficie_fisica_ha":40.9,"superficie_riego_ha":40.9,"hectareas":5.942},"geometry":{"type":"Polygon","coordinates":[[[-105.406887,28.30568],[-105.407167,28.305432],[-105.40734,28.30523],[-105.407989,28.304128],[-105.408145,28.304397],[-105.408282,28.304481],[-105.408407,28.304516],[-105.40859,28.30455],[-105.408768,28.304599],[-105.40896,28.304651],[-105.409072,28.30473],[-105.409194,28.304889],[-105.409821,28.306004],[-105.40996,28.306358],[-105.408608,28.306374],[-105.408601,28.306997],[-105.408439,28.307016],[-105.408246,28.307108],[-105.408145,28.307184],[-105.408052,28.307285],[-105.40793,28.30739],[-105.407883,28.307354],[-105.407949,28.30718],[-105.407995,28.307014],[-105.408074,28.306884],[-105.40814,28.306706],[-105.40815,28.306621],[-105.408153,28.30651],[-105.408124,28.306419],[-105.407973,28.30645],[-105.40796,28.30656],[-105.407878,28.306878],[-105.407782,28.307024],[-105.407672,28.307135],[-105.407534,28.307208],[-105.407355,28.307246],[-105.407258,28.30716],[-105.407216,28.306977],[-105.407215,28.306843],[-105.407256,28.306708],[-105.407365,28.306427],[-105.40742,28.30628],[-105.40742,28.306183],[-105.407323,28.306134],[-105.407206,28.306067],[-105.407028,28.306036],[-105.406941,28.306099],[-105.406918,28.306389],[-105.406934,28.306569],[-105.406919,28.306726],[-105.406857,28.306869],[-105.406826,28.306972],[-105.406767,28.307095],[-105.406615,28.307168],[-105.406491,28.307171],[-105.406406,28.307095],[-105.40637,28.307],[-105.406396,28.306908],[-105.406469,28.306686],[-105.406482,28.306527],[-105.4065,28.306417],[-105.406559,28.30632],[-105.406764,28.306062],[-105.406949,28.305793],[-105.406887,28.30568]]]}},{"type":"Feature","properties":{"modulo":4,"idparcela":"1932","productor":"GARCIA VEGA ARMIDA","cultivo":"Sin Cultivo","superficie_fisica_ha":22.6848,"superficie_riego_ha":7,"hectareas":4.962},"geometry":{"type":"Polygon","coordinates":[[[-105.418528,28.298153],[-105.418553,28.298183],[-105.418985,28.298705],[-105.419543,28.299153],[-105.419579,28.299131],[-105.419713,28.299292],[-105.419968,28.299355],[-105.420235,28.29959],[-105.420731,28.299738],[-105.42089,28.299973],[-105.421072,28.300134],[-105.420858,28.301034],[-105.420689,28.301131],[-105.420229,28.301197],[-105.420168,28.301111],[-105.420288,28.300897],[-105.420141,28.300479],[-105.419875,28.300501],[-105.419368,28.300696],[-105.419319,28.300728],[-105.419259,28.300643],[-105.419222,28.300589],[-105.41921,28.300536],[-105.419125,28.300472],[-105.418907,28.300387],[-105.418918,28.300301],[-105.419196,28.300107],[-105.419256,28.300032],[-105.419304,28.299936],[-105.419522,28.299849],[-105.419824,28.299752],[-105.419884,28.299634],[-105.419823,28.299527],[-105.419303,28.299711],[-105.418965,28.299947],[-105.418796,28.300044],[-105.418735,28.299948],[-105.41894,28.299776],[-105.418989,28.29969],[-105.418952,28.29954],[-105.418454,28.299113],[-105.418333,28.299167],[-105.418334,28.299435],[-105.418408,28.29966],[-105.418408,28.299799],[-105.418287,28.299757],[-105.418153,28.299607],[-105.418056,28.299457],[-105.417983,28.29934],[-105.418042,28.299029],[-105.418126,28.298932],[-105.418198,28.298793],[-105.418125,28.2986],[-105.417907,28.298515],[-105.417774,28.29858],[-105.417726,28.298698],[-105.417727,28.298858],[-105.417727,28.299019],[-105.417607,28.299169],[-105.417292,28.299149],[-105.417025,28.298914],[-105.417023,28.298411],[-105.416937,28.298047],[-105.417103,28.297978],[-105.417305,28.298002],[-105.417834,28.298067],[-105.418528,28.298153]]]}},{"type":"Feature","properties":{"modulo":4,"idparcela":"************","productor":null,"cultivo":"Sin Cultivo","superficie_fisica_ha":null,"superficie_riego_ha":null,"hectareas":1.053},"geometry":{"type":"Polygon","coordinates":[[[-105.416404,28.297877],[-105.416031,28.298414],[-105.41591,28.298521],[-105.415741,28.298618],[-105.415353,28.298512],[-105.414844,28.29815],[-105.414685,28.297797],[-105.414685,28.297679],[-105.416404,28.297877]]]}},{"type":"Feature","properties":{"modulo":4,"idparcela":"1783","productor":"GARCIA GARCIA GONZALO","cultivo":"Sin Cultivo","superficie_fisica_ha":7,"superficie_riego_ha":5,"hectareas":4.297},"geometry":{"type":"Polygon","coordinates":[[[-105.408559,28.296274],[-105.406393,28.29601],[-105.404881,28.295834],[-105.404876,28.295667],[-105.40484,28.295538],[-105.404786,28.295397],[-105.404703,28.295229],[-105.404878,28.295244],[-105.411785,28.29612],[-105.412018,28.296653],[-105.408733,28.296315],[-105.408559,28.296274]]]}},{"type":"Feature","properties":{"modulo":4,"idparcela":"1972","productor":"VEGA GARCIA ISMAEL","cultivo":"Ma­z","superficie_fisica_ha":3.02,"superficie_riego_ha":2.5,"hectareas":4.058},"geometry":{"type":"Polygon","coordinates":[[[-105.404495,28.294689],[-105.40668,28.294948],[-105.411527,28.295533],[-105.411785,28.29612],[-105.404878,28.295244],[-105.404703,28.295229],[-105.404662,28.295053],[-105.404607,28.294892],[-105.404495,28.294689]]]}},{"type":"Feature","properties":{"modulo":4,"idparcela":"1759","productor":"VEGA GARCIA ISMAEL","cultivo":"Chile verde","superficie_fisica_ha":7.02,"superficie_riego_ha":5,"hectareas":4.1},"geometry":{"type":"Polygon","coordinates":[[[-105.404008,28.294096],[-105.406314,28.294371],[-105.411284,28.294981],[-105.411527,28.295533],[-105.40668,28.294948],[-105.404495,28.294689],[-105.404269,28.294394],[-105.404008,28.294096]]]}},{"type":"Feature","properties":{"modulo":4,"idparcela":"1784","productor":"HERNANDEZ RODRIGUEZ RIVERO","cultivo":"Ma­z","superficie_fisica_ha":3,"superficie_riego_ha":2.5,"hectareas":4.373},"geometry":{"type":"Polygon","coordinates":[[[-105.403696,28.293559],[-105.40539,28.293734],[-105.411002,28.294344],[-105.411284,28.294981],[-105.406314,28.294371],[-105.404008,28.294096],[-105.403696,28.293559]]]}},{"type":"Feature","properties":{"modulo":4,"idparcela":"1749","productor":"HERNANDEZ RODRIGUEZ RIVERO","cultivo":"Ma­z","superficie_fisica_ha":3,"superficie_riego_ha":3,"hectareas":3.943},"geometry":{"type":"Polygon","coordinates":[[[-105.403356,28.29299],[-105.407873,28.293518],[-105.410786,28.29385],[-105.411002,28.294344],[-105.40539,28.293734],[-105.403696,28.293559],[-105.403356,28.29299]]]}},{"type":"Feature","properties":{"modulo":4,"idparcela":"1742","productor":"CASTILLO VILLA PEDRO","cultivo":"Otros Cultivos Varios 1","superficie_fisica_ha":1.2771,"superficie_riego_ha":1.2771,"hectareas":3.336},"geometry":{"type":"Polygon","coordinates":[[[-105.410521,28.293248],[-105.407397,28.292905],[-105.403651,28.292488],[-105.403948,28.292024],[-105.410387,28.292805],[-105.410388,28.292942],[-105.410521,28.293248]]]}},{"type":"Feature","properties":{"modulo":4,"idparcela":"1739","productor":"HERNANDEZ RODRIGUEZ RIVERO","cultivo":"Ma­z","superficie_fisica_ha":7,"superficie_riego_ha":7,"hectareas":4.298},"geometry":{"type":"Polygon","coordinates":[[[-105.410786,28.29385],[-105.407873,28.293518],[-105.403356,28.29299],[-105.403651,28.292488],[-105.407397,28.292905],[-105.410521,28.293248],[-105.410786,28.29385]]]}},{"type":"Feature","properties":{"modulo":4,"idparcela":"1932","productor":"GARCIA VEGA ARMIDA","cultivo":"Sin Cultivo","superficie_fisica_ha":22.6848,"superficie_riego_ha":7,"hectareas":1.241},"geometry":{"type":"Polygon","coordinates":[[[-105.418795,28.298184],[-105.419047,28.298223],[-105.419337,28.298258],[-105.420923,28.29844],[-105.420914,28.298501],[-105.420624,28.298899],[-105.420429,28.299168],[-105.419739,28.299101],[-105.419368,28.298789],[-105.418795,28.298184]]]}},{"type":"Feature","properties":{"modulo":4,"idparcela":"1813","productor":"LARA CALDERON MARCOS ESTEB.","cultivo":"Sin Cultivo","superficie_fisica_ha":3.99,"superficie_riego_ha":3.99,"hectareas":2.855},"geometry":{"type":"Polygon","coordinates":[[[-105.420923,28.29844],[-105.419337,28.298258],[-105.419047,28.298223],[-105.418795,28.298184],[-105.418528,28.298153],[-105.417834,28.298067],[-105.417305,28.298002],[-105.417103,28.297978],[-105.416841,28.297951],[-105.41679,28.297918],[-105.416789,28.297799],[-105.416856,28.297754],[-105.417004,28.297667],[-105.417142,28.297545],[-105.417094,28.297367],[-105.41727,28.297382],[-105.421282,28.297842],[-105.421266,28.298053],[-105.420923,28.29844]]]}},{"type":"Feature","properties":{"modulo":4,"idparcela":"1978","productor":"RODRIGUEZ CEBALLOS CONSUELO","cultivo":"Sin Cultivo","superficie_fisica_ha":3.5,"superficie_riego_ha":3.5,"hectareas":2.671},"geometry":{"type":"Polygon","coordinates":[[[-105.411986,28.2962],[-105.412188,28.296232],[-105.412469,28.296303],[-105.414323,28.296511],[-105.416335,28.296762],[-105.416619,28.297368],[-105.41263,28.296888],[-105.412402,28.296785],[-105.412193,28.296618],[-105.411986,28.2962]]]}},{"type":"Feature","properties":{"modulo":4,"idparcela":"1978","productor":"RODRIGUEZ CEBALLOS CONSUELO","cultivo":"Sin Cultivo","superficie_fisica_ha":3.5,"superficie_riego_ha":3.5,"hectareas":2.715},"geometry":{"type":"Polygon","coordinates":[[[-105.416511,28.296794],[-105.417595,28.2969],[-105.421748,28.2974],[-105.421678,28.297505],[-105.421484,28.297755],[-105.421282,28.297842],[-105.41727,28.297382],[-105.417094,28.297367],[-105.416703,28.297263],[-105.416511,28.296794]]]}},{"type":"Feature","properties":{"modulo":4,"idparcela":"1788","productor":"GARCIA ALVAREZ ZACARIAS","cultivo":"Sin Cultivo","superficie_fisica_ha":3,"superficie_riego_ha":3,"hectareas":3.336},"geometry":{"type":"Polygon","coordinates":[[[-105.421748,28.2974],[-105.417595,28.2969],[-105.416511,28.296794],[-105.416347,28.296564],[-105.416009,28.296282],[-105.415854,28.29616],[-105.418945,28.296516],[-105.422072,28.296911],[-105.421748,28.2974]]]}},{"type":"Feature","properties":{"modulo":4,"idparcela":"1788","productor":"GARCIA ALVAREZ ZACARIAS","cultivo":"Sin Cultivo","superficie_fisica_ha":3,"superficie_riego_ha":3,"hectareas":2.095},"geometry":{"type":"Polygon","coordinates":[[[-105.412553,28.29574],[-105.414064,28.29594],[-105.41555,28.296104],[-105.415791,28.296298],[-105.41606,28.296416],[-105.416335,28.296762],[-105.414323,28.296511],[-105.412469,28.296303],[-105.412553,28.29574]]]}},{"type":"Feature","properties":{"modulo":4,"idparcela":"1972","productor":"VEGA GARCIA ISMAEL","cultivo":"Ma­z","superficie_fisica_ha":3.02,"superficie_riego_ha":2.5,"hectareas":0.412},"geometry":{"type":"Polygon","coordinates":[[[-105.411705,28.295573],[-105.41212,28.295652],[-105.412553,28.29574],[-105.412469,28.296303],[-105.412188,28.296232],[-105.411986,28.2962],[-105.411705,28.295573]]]}},{"type":"Feature","properties":{"modulo":4,"idparcela":"1878","productor":"BAEZA NIETO JESUS MANUEL","cultivo":"Chile verde","superficie_fisica_ha":3,"superficie_riego_ha":3,"hectareas":4.053},"geometry":{"type":"Polygon","coordinates":[[[-105.415507,28.295565],[-105.418666,28.29593],[-105.422465,28.296374],[-105.42228,28.29665],[-105.422072,28.296911],[-105.418945,28.296516],[-105.415854,28.29616],[-105.415689,28.296],[-105.415542,28.295806],[-105.415507,28.295565]]]}},{"type":"Feature","properties":{"modulo":4,"idparcela":"1878","productor":"BAEZA NIETO JESUS MANUEL","cultivo":"Chile verde","superficie_fisica_ha":3,"superficie_riego_ha":3,"hectareas":1.703},"geometry":{"type":"Polygon","coordinates":[[[-105.412625,28.295188],[-105.413903,28.295357],[-105.414981,28.295463],[-105.415098,28.295502],[-105.415233,28.29557],[-105.415419,28.295867],[-105.41555,28.296104],[-105.414064,28.29594],[-105.412553,28.29574],[-105.412625,28.295188]]]}},{"type":"Feature","properties":{"modulo":4,"idparcela":"1759","productor":"VEGA GARCIA ISMAEL","cultivo":"Chile verde","superficie_fisica_ha":7.02,"superficie_riego_ha":5,"hectareas":0.6},"geometry":{"type":"Polygon","coordinates":[[[-105.412553,28.29574],[-105.41212,28.295652],[-105.411705,28.295573],[-105.411459,28.295002],[-105.411942,28.295069],[-105.412625,28.295188],[-105.412553,28.29574]]]}},{"type":"Feature","properties":{"modulo":4,"idparcela":"0","productor":"CHAVIRA RODRIGUEZ MARTIN","cultivo":"Sin Cultivo","superficie_fisica_ha":0,"superficie_riego_ha":0,"hectareas":5.002},"geometry":{"type":"Polygon","coordinates":[[[-105.415151,28.294877],[-105.417583,28.295161],[-105.422531,28.295739],[-105.422609,28.295934],[-105.422614,28.296011],[-105.422593,28.29612],[-105.422465,28.296374],[-105.418666,28.29593],[-105.415507,28.295565],[-105.415479,28.29538],[-105.415374,28.295156],[-105.415151,28.294877]]]}},{"type":"Feature","properties":{"modulo":4,"idparcela":"1755","productor":"CHAVIRA RODRIGUEZ MARTIN","cultivo":"Ma­z","superficie_fisica_ha":3,"superficie_riego_ha":3,"hectareas":1.434},"geometry":{"type":"Polygon","coordinates":[[[-105.414981,28.295463],[-105.413903,28.295357],[-105.412625,28.295188],[-105.412718,28.294589],[-105.412894,28.294609],[-105.414626,28.294812],[-105.414981,28.295463]]]}},{"type":"Feature","properties":{"modulo":4,"idparcela":"1784","productor":"HERNANDEZ RODRIGUEZ RIVERO","cultivo":"Ma­z","superficie_fisica_ha":3,"superficie_riego_ha":2.5,"hectareas":0.842},"geometry":{"type":"Polygon","coordinates":[[[-105.412625,28.295188],[-105.411942,28.295069],[-105.411459,28.295002],[-105.411205,28.294424],[-105.411393,28.294434],[-105.412718,28.294589],[-105.412625,28.295188]]]}},{"type":"Feature","properties":{"modulo":4,"idparcela":"1835","productor":"SALGADO PALOMINO LUIS FERNANDO","cultivo":"Ma­z","superficie_fisica_ha":3.5,"superficie_riego_ha":3.5,"hectareas":4.501},"geometry":{"type":"Polygon","coordinates":[[[-105.422531,28.295739],[-105.417583,28.295161],[-105.415151,28.294877],[-105.414825,28.294313],[-105.414938,28.294306],[-105.414984,28.294325],[-105.42218,28.295104],[-105.422531,28.295739]]]}},{"type":"Feature","properties":{"modulo":4,"idparcela":"1835","productor":"SALGADO PALOMINO LUIS FERNANDO","cultivo":"Ma­z","superficie_fisica_ha":3.5,"superficie_riego_ha":3.5,"hectareas":0.853},"geometry":{"type":"Polygon","coordinates":[[[-105.413697,28.29417],[-105.413747,28.294234],[-105.413865,28.294323],[-105.414101,28.294456],[-105.414267,28.294418],[-105.414434,28.294569],[-105.414565,28.2947],[-105.414626,28.294812],[-105.412894,28.294609],[-105.412718,28.294589],[-105.412774,28.294069],[-105.41295,28.294088],[-105.413697,28.29417]]]}},{"type":"Feature","properties":{"modulo":4,"idparcela":"1749","productor":"HERNANDEZ RODRIGUEZ RIVERO","cultivo":"Ma­z","superficie_fisica_ha":3,"superficie_riego_ha":3,"hectareas":0.939},"geometry":{"type":"Polygon","coordinates":[[[-105.411205,28.294424],[-105.411193,28.294388],[-105.410961,28.293871],[-105.411152,28.293891],[-105.412774,28.294069],[-105.412718,28.294589],[-105.411393,28.294434],[-105.411205,28.294424]]]}},{"type":"Feature","properties":{"modulo":4,"idparcela":"1850","productor":"GUERRERO VITOLAS LUIS","cultivo":"Chile verde","superficie_fisica_ha":2,"superficie_riego_ha":2,"hectareas":3.818},"geometry":{"type":"Polygon","coordinates":[[[-105.413569,28.293583],[-105.413475,28.29352],[-105.413372,28.293118],[-105.421617,28.29414],[-105.421879,28.294585],[-105.413745,28.293598],[-105.413569,28.293583]]]}},{"type":"Feature","properties":{"modulo":4,"idparcela":"1745","productor":"MENDOZA N MARGARITA","cultivo":"Sin Cultivo","superficie_fisica_ha":3,"superficie_riego_ha":3,"hectareas":4.644},"geometry":{"type":"Polygon","coordinates":[[[-105.414778,28.294316],[-105.414251,28.294098],[-105.413863,28.293831],[-105.413569,28.293583],[-105.413745,28.293598],[-105.421879,28.294585],[-105.42218,28.295104],[-105.414984,28.294325],[-105.414938,28.294306],[-105.414825,28.294313],[-105.414778,28.294316]]]}},{"type":"Feature","properties":{"modulo":4,"idparcela":"1850","productor":"GUERRERO VITOLAS LUIS","cultivo":"Chile verde","superficie_fisica_ha":2,"superficie_riego_ha":2,"hectareas":0.056},"geometry":{"type":"Polygon","coordinates":[[[-105.412865,28.293224],[-105.412919,28.293283],[-105.413053,28.293342],[-105.413162,28.293528],[-105.413012,28.293509],[-105.412837,28.293488],[-105.412865,28.293224]]]}},{"type":"Feature","properties":{"modulo":4,"idparcela":"1745","productor":"MENDOZA N MARGARITA","cultivo":"Sin Cultivo","superficie_fisica_ha":3,"superficie_riego_ha":3,"hectareas":0.37},"geometry":{"type":"Polygon","coordinates":[[[-105.413162,28.293528],[-105.413223,28.29364],[-105.413308,28.293788],[-105.413697,28.29417],[-105.41295,28.294088],[-105.412774,28.294069],[-105.412837,28.293488],[-105.413012,28.293509],[-105.413162,28.293528]]]}},{"type":"Feature","properties":{"modulo":4,"idparcela":"1742","productor":"CASTILLO VILLA PEDRO","cultivo":"Otros Cultivos Varios 1","superficie_fisica_ha":1.2771,"superficie_riego_ha":1.2771,"hectareas":1.01},"geometry":{"type":"Polygon","coordinates":[[[-105.410696,28.293268],[-105.410587,28.293011],[-105.410564,28.292958],[-105.410612,28.292799],[-105.41248,28.293016],[-105.41275,28.293135],[-105.412865,28.293224],[-105.412837,28.293488],[-105.410868,28.293249],[-105.410696,28.293268]]]}},{"type":"Feature","properties":{"modulo":4,"idparcela":"1739","productor":"HERNANDEZ RODRIGUEZ RIVERO","cultivo":"Ma­z","superficie_fisica_ha":7,"superficie_riego_ha":7,"hectareas":1.285},"geometry":{"type":"Polygon","coordinates":[[[-105.410961,28.293871],[-105.410696,28.293268],[-105.410868,28.293249],[-105.412837,28.293488],[-105.412774,28.294069],[-105.411152,28.293891],[-105.410961,28.293871]]]}},{"type":"Feature","properties":{"modulo":4,"idparcela":"1819","productor":"HERNANDEZ RODRIGUEZ RIVERO","cultivo":"Ma­z","superficie_fisica_ha":4.07,"superficie_riego_ha":4.07,"hectareas":3.882},"geometry":{"type":"Polygon","coordinates":[[[-105.41041,28.292652],[-105.404058,28.291926],[-105.404314,28.291376],[-105.40449,28.291392],[-105.410416,28.292086],[-105.41041,28.292652]]]}},{"type":"Feature","properties":{"modulo":4,"idparcela":"1819","productor":"HERNANDEZ RODRIGUEZ RIVERO","cultivo":"Ma­z","superficie_fisica_ha":4.07,"superficie_riego_ha":4.07,"hectareas":0.808},"geometry":{"type":"Polygon","coordinates":[[[-105.402831,28.291178],[-105.403555,28.291263],[-105.404016,28.291318],[-105.403672,28.291968],[-105.402798,28.291948],[-105.402831,28.291178]]]}},{"type":"Feature","properties":{"modulo":4,"idparcela":"1819","productor":"HERNANDEZ RODRIGUEZ RIVERO","cultivo":"Ma­z","superficie_fisica_ha":4.07,"superficie_riego_ha":4.07,"hectareas":1.354},"geometry":{"type":"Polygon","coordinates":[[[-105.412868,28.292927],[-105.410586,28.292668],[-105.410627,28.292111],[-105.410802,28.292132],[-105.412858,28.292379],[-105.412868,28.292927]]]}},{"type":"Feature","properties":{"modulo":4,"idparcela":"1770","productor":"MARTINEZ RAMOS ANTONIO","cultivo":"Alfalfa","superficie_fisica_ha":3.5,"superficie_riego_ha":3.5,"hectareas":5.071},"geometry":{"type":"Polygon","coordinates":[[[-105.421767,28.294035],[-105.413514,28.293028],[-105.413481,28.29246],[-105.413656,28.292475],[-105.421454,28.293413],[-105.421767,28.294035]]]}},{"type":"Feature","properties":{"modulo":4,"idparcela":"1770","productor":"MARTINEZ RAMOS ANTONIO","cultivo":"Alfalfa","superficie_fisica_ha":3.5,"superficie_riego_ha":3.5,"hectareas":0.736},"geometry":{"type":"Polygon","coordinates":[[[-105.421808,28.29347],[-105.4224,28.293526],[-105.423028,28.293602],[-105.42301,28.294222],[-105.422084,28.294134],[-105.421808,28.29347]]]}},{"type":"Feature","properties":{"modulo":4,"idparcela":"1767","productor":"ZUBIA JIMENEZ JUAN LUIS","cultivo":"Alfalfa","superficie_fisica_ha":3.5,"superficie_riego_ha":3,"hectareas":4.581},"geometry":{"type":"Polygon","coordinates":[[[-105.404314,28.291376],[-105.404128,28.290665],[-105.404304,28.290681],[-105.410441,28.291415],[-105.410416,28.292086],[-105.40449,28.291392],[-105.404314,28.291376]]]}},{"type":"Feature","properties":{"modulo":4,"idparcela":"1767","productor":"ZUBIA JIMENEZ JUAN LUIS","cultivo":"Alfalfa","superficie_fisica_ha":3.5,"superficie_riego_ha":3,"hectareas":0.827},"geometry":{"type":"Polygon","coordinates":[[[-105.404016,28.291318],[-105.403555,28.291263],[-105.402831,28.291178],[-105.402846,28.290512],[-105.403022,28.290528],[-105.403906,28.290634],[-105.404003,28.291068],[-105.404016,28.291318]]]}},{"type":"Feature","properties":{"modulo":4,"idparcela":"1767","productor":"ZUBIA JIMENEZ JUAN LUIS","cultivo":"Alfalfa","superficie_fisica_ha":3.5,"superficie_riego_ha":3,"hectareas":1.618},"geometry":{"type":"Polygon","coordinates":[[[-105.410627,28.292111],[-105.410663,28.291447],[-105.410838,28.291462],[-105.412864,28.291705],[-105.412858,28.292379],[-105.410802,28.292132],[-105.410627,28.292111]]]}},{"type":"Feature","properties":{"modulo":4,"idparcela":"1738","productor":"CARMONA ROGELIO","cultivo":"Ma­z","superficie_fisica_ha":3,"superficie_riego_ha":3,"hectareas":5.502},"geometry":{"type":"Polygon","coordinates":[[[-105.413453,28.291797],[-105.417578,28.292298],[-105.420846,28.29269],[-105.420957,28.292712],[-105.421108,28.292728],[-105.421454,28.293413],[-105.413656,28.292475],[-105.413481,28.29246],[-105.413453,28.291797]]]}},{"type":"Feature","properties":{"modulo":4,"idparcela":"1738","productor":"CARMONA ROGELIO","cultivo":"Ma­z","superficie_fisica_ha":3,"superficie_riego_ha":3,"hectareas":1.038},"geometry":{"type":"Polygon","coordinates":[[[-105.423028,28.293602],[-105.4224,28.293526],[-105.421808,28.29347],[-105.421435,28.29275],[-105.4222,28.292837],[-105.423056,28.292923],[-105.423028,28.293602]]]}},{"type":"Feature","properties":{"modulo":4,"idparcela":"1866","productor":"PALMA SOLANO JUAN","cultivo":"Ma­z","superficie_fisica_ha":4.5,"superficie_riego_ha":4.5,"hectareas":4.374},"geometry":{"type":"Polygon","coordinates":[[[-105.404128,28.290665],[-105.40396,28.290023],[-105.404136,28.290039],[-105.410466,28.29078],[-105.410441,28.291415],[-105.404304,28.290681],[-105.404128,28.290665]]]}},{"type":"Feature","properties":{"modulo":4,"idparcela":"1758","productor":"PALMA SOLANO JUAN","cultivo":"Ma­z","superficie_fisica_ha":3.85,"superficie_riego_ha":3,"hectareas":0.499},"geometry":{"type":"Polygon","coordinates":[[[-105.403735,28.289992],[-105.403329,28.289942],[-105.40286,28.289894],[-105.402878,28.2893],[-105.403431,28.289352],[-105.40356,28.289489],[-105.403649,28.289627],[-105.403699,28.289789],[-105.403735,28.289992]]]}},{"type":"Feature","properties":{"modulo":4,"idparcela":"1866","productor":"PALMA SOLANO JUAN","cultivo":"Ma­z","superficie_fisica_ha":4.5,"superficie_riego_ha":4.5,"hectareas":0.65},"geometry":{"type":"Polygon","coordinates":[[[-105.40286,28.289894],[-105.403329,28.289942],[-105.403735,28.289992],[-105.403906,28.290634],[-105.403022,28.290528],[-105.402846,28.290512],[-105.40286,28.289894]]]}},{"type":"Feature","properties":{"modulo":4,"idparcela":"1866","productor":"PALMA SOLANO JUAN","cultivo":"Ma­z","superficie_fisica_ha":4.5,"superficie_riego_ha":4.5,"hectareas":1.519},"geometry":{"type":"Polygon","coordinates":[[[-105.410663,28.291447],[-105.410697,28.290812],[-105.410872,28.290827],[-105.412869,28.291061],[-105.412864,28.291705],[-105.410838,28.291462],[-105.410663,28.291447]]]}},{"type":"Feature","properties":{"modulo":4,"idparcela":"1797","productor":"GUERRERO VITOLAS LUIS","cultivo":"Chile verde","superficie_fisica_ha":3.5,"superficie_riego_ha":3,"hectareas":5.418},"geometry":{"type":"Polygon","coordinates":[[[-105.420846,28.29269],[-105.417578,28.292298],[-105.413453,28.291797],[-105.413436,28.291132],[-105.413611,28.291148],[-105.420626,28.291965],[-105.420776,28.292147],[-105.420785,28.29221],[-105.420776,28.292283],[-105.420733,28.29242],[-105.420755,28.292517],[-105.420797,28.292618],[-105.420846,28.29269]]]}},{"type":"Feature","properties":{"modulo":4,"idparcela":"1797","productor":"GUERRERO VITOLAS LUIS","cultivo":"Chile verde","superficie_fisica_ha":3.5,"superficie_riego_ha":3,"hectareas":1.074},"geometry":{"type":"Polygon","coordinates":[[[-105.421412,28.29216],[-105.422239,28.292239],[-105.423072,28.292324],[-105.423056,28.292923],[-105.4222,28.292837],[-105.421435,28.29275],[-105.421391,28.29245],[-105.421391,28.292299],[-105.421412,28.29216]]]}},{"type":"Feature","properties":{"modulo":4,"idparcela":"1758","productor":"PALMA SOLANO JUAN","cultivo":"Ma­z","superficie_fisica_ha":3.85,"superficie_riego_ha":3,"hectareas":4.766},"geometry":{"type":"Polygon","coordinates":[[[-105.403647,28.289324],[-105.405301,28.289493],[-105.410486,28.290137],[-105.410466,28.29078],[-105.404136,28.290039],[-105.40396,28.290023],[-105.403902,28.28975],[-105.403845,28.28955],[-105.403755,28.289421],[-105.403647,28.289324]]]}},{"type":"Feature","properties":{"modulo":4,"idparcela":"1758","productor":"PALMA SOLANO JUAN","cultivo":"Ma­z","superficie_fisica_ha":3.85,"superficie_riego_ha":3,"hectareas":1.538},"geometry":{"type":"Polygon","coordinates":[[[-105.410735,28.290165],[-105.411804,28.290285],[-105.412914,28.290405],[-105.412869,28.291061],[-105.410872,28.290827],[-105.410697,28.290812],[-105.410735,28.290165]]]}},{"type":"Feature","properties":{"modulo":4,"idparcela":"1754","productor":"BAEZA SAENZ EDGAR","cultivo":"Chile verde","superficie_fisica_ha":7,"superficie_riego_ha":6.5,"hectareas":4.651},"geometry":{"type":"Polygon","coordinates":[[[-105.413436,28.291132],[-105.413587,28.290529],[-105.413779,28.290551],[-105.420276,28.291302],[-105.420389,28.291526],[-105.420626,28.291965],[-105.413611,28.291148],[-105.413436,28.291132]]]}},{"type":"Feature","properties":{"modulo":4,"idparcela":"1754","productor":"BAEZA SAENZ EDGAR","cultivo":"Chile verde","superficie_fisica_ha":7,"superficie_riego_ha":6.5,"hectareas":1.36},"geometry":{"type":"Polygon","coordinates":[[[-105.423072,28.292324],[-105.422239,28.292239],[-105.421412,28.29216],[-105.421133,28.291872],[-105.421031,28.291469],[-105.421207,28.291485],[-105.423089,28.291672],[-105.423084,28.291992],[-105.423072,28.292324]]]}},{"type":"Feature","properties":{"modulo":4,"idparcela":"1817","productor":"SOLIS RUIZ JORGE","cultivo":"Chile verde","superficie_fisica_ha":3.5,"superficie_riego_ha":3.5,"hectareas":4.72},"geometry":{"type":"Polygon","coordinates":[[[-105.410486,28.290137],[-105.405301,28.289493],[-105.403647,28.289324],[-105.403524,28.289135],[-105.403433,28.288987],[-105.403407,28.288837],[-105.403424,28.288645],[-105.41053,28.289528],[-105.410486,28.290137]]]}},{"type":"Feature","properties":{"modulo":4,"idparcela":"1817","productor":"SOLIS RUIZ JORGE","cultivo":"Chile verde","superficie_fisica_ha":3.5,"superficie_riego_ha":3.5,"hectareas":1.436},"geometry":{"type":"Polygon","coordinates":[[[-105.410774,28.289569],[-105.411732,28.289666],[-105.412955,28.2898],[-105.412914,28.290405],[-105.411804,28.290285],[-105.410735,28.290165],[-105.410774,28.289569]]]}},{"type":"Feature","properties":{"modulo":4,"idparcela":"1795","productor":"NIETO QUI¥ONES PATRICIO","cultivo":"Chile verde","superficie_fisica_ha":3,"superficie_riego_ha":3,"hectareas":4.502},"geometry":{"type":"Polygon","coordinates":[[[-105.413418,28.289863],[-105.416789,28.290276],[-105.420119,28.29069],[-105.420276,28.291302],[-105.413779,28.290551],[-105.413587,28.290529],[-105.413418,28.289863]]]}},{"type":"Feature","properties":{"modulo":4,"idparcela":"1795","productor":"NIETO QUI¥ONES PATRICIO","cultivo":"Chile verde","superficie_fisica_ha":3,"superficie_riego_ha":3,"hectareas":1.511},"geometry":{"type":"Polygon","coordinates":[[[-105.421031,28.291469],[-105.420799,28.29078],[-105.420975,28.290796],[-105.423101,28.291061],[-105.423089,28.291672],[-105.421207,28.291485],[-105.421031,28.291469]]]}},{"type":"Feature","properties":{"modulo":4,"idparcela":"1774","productor":"SOLIS CAZARES JAVIER","cultivo":"Alfalfa","superficie_fisica_ha":5,"superficie_riego_ha":5,"hectareas":1.592},"geometry":{"type":"Polygon","coordinates":[[[-105.412955,28.2898],[-105.411732,28.289666],[-105.410774,28.289569],[-105.410829,28.288932],[-105.413169,28.2892],[-105.413152,28.289663],[-105.412955,28.2898]]]}},{"type":"Feature","properties":{"modulo":4,"idparcela":"1843","productor":"MORALES NIETO MANUEL","cultivo":"Ma­z","superficie_fisica_ha":4,"superficie_riego_ha":3.5,"hectareas":4.7},"geometry":{"type":"Polygon","coordinates":[[[-105.420119,28.29069],[-105.416789,28.290276],[-105.413418,28.289863],[-105.413286,28.28921],[-105.417369,28.289705],[-105.4202,28.290047],[-105.420074,28.290138],[-105.420119,28.29069]]]}},{"type":"Feature","properties":{"modulo":4,"idparcela":"1843","productor":"MORALES NIETO MANUEL","cultivo":"Ma­z","superficie_fisica_ha":4,"superficie_riego_ha":3.5,"hectareas":1.737},"geometry":{"type":"Polygon","coordinates":[[[-105.420799,28.29078],[-105.420614,28.290212],[-105.420376,28.290077],[-105.420579,28.290094],[-105.423122,28.290402],[-105.423101,28.291061],[-105.420975,28.290796],[-105.420799,28.29078]]]}},{"type":"Feature","properties":{"modulo":4,"idparcela":"1845","productor":"HERNANDEZ RODRIGUEZ RIVERO","cultivo":"Cacahuate","superficie_fisica_ha":4,"superficie_riego_ha":4,"hectareas":4.814},"geometry":{"type":"Polygon","coordinates":[[[-105.4202,28.290047],[-105.417369,28.289705],[-105.413286,28.28921],[-105.413293,28.288581],[-105.419817,28.289327],[-105.419872,28.289434],[-105.4201,28.289483],[-105.4202,28.290047]]]}},{"type":"Feature","properties":{"modulo":4,"idparcela":"1845","productor":"HERNANDEZ RODRIGUEZ RIVERO","cultivo":"Cacahuate","superficie_fisica_ha":4,"superficie_riego_ha":4,"hectareas":1.919},"geometry":{"type":"Polygon","coordinates":[[[-105.420405,28.289431],[-105.420918,28.289505],[-105.423146,28.289759],[-105.423127,28.290128],[-105.423122,28.290402],[-105.420579,28.290094],[-105.420376,28.290077],[-105.420327,28.289533],[-105.420405,28.289431]]]}},{"type":"Feature","properties":{"modulo":4,"idparcela":"1765","productor":"ZUBIA JIMENEZ ENRIQUE","cultivo":"Chile verde","superficie_fisica_ha":3.51,"superficie_riego_ha":3.51,"hectareas":2.053},"geometry":{"type":"Polygon","coordinates":[[[-105.423146,28.289759],[-105.420918,28.289505],[-105.420405,28.289431],[-105.420268,28.288929],[-105.420216,28.288742],[-105.422972,28.289053],[-105.423129,28.289475],[-105.423146,28.289759]]]}},{"type":"Feature","properties":{"modulo":4,"idparcela":"1937","productor":"LOZANO CHACON FRANCISCO","cultivo":"Ma­z","superficie_fisica_ha":9,"superficie_riego_ha":9,"hectareas":3.154},"geometry":{"type":"Polygon","coordinates":[[[-105.428598,28.274728],[-105.425296,28.274184],[-105.425349,28.273681],[-105.425172,28.273295],[-105.428778,28.273908],[-105.428598,28.274728]]]}},{"type":"Feature","properties":{"modulo":4,"idparcela":"1935","productor":"CHAVIRA AYALA DAVID OMAR","cultivo":"Cacahuate","superficie_fisica_ha":9,"superficie_riego_ha":9,"hectareas":3.153},"geometry":{"type":"Polygon","coordinates":[[[-105.428802,28.27474],[-105.428598,28.274728],[-105.428778,28.273908],[-105.42901,28.273928],[-105.432199,28.274532],[-105.431961,28.275601],[-105.431693,28.275384],[-105.431468,28.275224],[-105.431195,28.275151],[-105.428831,28.274745],[-105.428802,28.27474]]]}},{"type":"Feature","properties":{"modulo":4,"idparcela":"1938","productor":"MARTINEZ MARQUEZ ARCADIO","cultivo":"Alfalfa","superficie_fisica_ha":8,"superficie_riego_ha":8,"hectareas":9.166},"geometry":{"type":"Polygon","coordinates":[[[-105.433316,28.274705],[-105.436197,28.275175],[-105.43558,28.278079],[-105.435399,28.278036],[-105.434715,28.277593],[-105.431961,28.275601],[-105.432199,28.274532],[-105.433316,28.274705]]]}},{"type":"Feature","properties":{"modulo":4,"idparcela":"1939","productor":"SOLIS CAZARES JAVIER","cultivo":"Chile verde","superficie_fisica_ha":10,"superficie_riego_ha":10,"hectareas":8.861},"geometry":{"type":"Polygon","coordinates":[[[-105.436197,28.275175],[-105.436431,28.275192],[-105.43881,28.275581],[-105.438258,28.278545],[-105.435791,28.278221],[-105.43558,28.278079],[-105.436197,28.275175]]]}},{"type":"Feature","properties":{"modulo":4,"idparcela":"************","productor":null,"cultivo":"Sin Cultivo","superficie_fisica_ha":null,"superficie_riego_ha":null,"hectareas":7.197},"geometry":{"type":"Polygon","coordinates":[[[-105.43881,28.275581],[-105.439044,28.275596],[-105.439052,28.275597],[-105.441504,28.276034],[-105.441605,28.276283],[-105.441566,28.276496],[-105.441528,28.276905],[-105.441326,28.276604],[-105.441325,28.276497],[-105.441184,28.276355],[-105.441104,28.276373],[-105.441044,28.276498],[-105.440762,28.276321],[-105.440561,28.276233],[-105.440461,28.276215],[-105.440341,28.276394],[-105.440442,28.2765],[-105.440523,28.276642],[-105.440664,28.276819],[-105.440665,28.277015],[-105.440565,28.277068],[-105.440364,28.277087],[-105.440244,28.277123],[-105.439963,28.277159],[-105.439702,28.277178],[-105.439622,28.277267],[-105.439643,28.277498],[-105.439804,28.277657],[-105.440246,28.277727],[-105.440888,28.277547],[-105.440948,28.277618],[-105.441049,28.277706],[-105.44121,28.277848],[-105.441111,28.278008],[-105.440991,28.278151],[-105.44087,28.278169],[-105.44069,28.278259],[-105.44057,28.278312],[-105.44057,28.278383],[-105.440591,28.278472],[-105.440711,28.27849],[-105.440791,28.278489],[-105.440892,28.278525],[-105.440973,28.278595],[-105.440913,28.278702],[-105.440873,28.278702],[-105.440753,28.278809],[-105.440693,28.278916],[-105.440753,28.278987],[-105.440673,28.279058],[-105.440493,28.279041],[-105.440291,28.278953],[-105.44013,28.278865],[-105.439909,28.278759],[-105.438492,28.278556],[-105.438434,28.278548],[-105.438258,28.278545],[-105.43881,28.275581]]]}},{"type":"Feature","properties":{"modulo":4,"idparcela":"1659","productor":"BOLIVAR HEREDIA GUADALUPE","cultivo":"Cacahuate","superficie_fisica_ha":16.5,"superficie_riego_ha":11.5,"hectareas":6.782},"geometry":{"type":"Polygon","coordinates":[[[-105.428321,28.27628],[-105.43159,28.276814],[-105.431635,28.276825],[-105.431649,28.276872],[-105.431642,28.276926],[-105.431615,28.277031],[-105.431253,28.278635],[-105.42811,28.278122],[-105.427915,28.278103],[-105.428321,28.27628]]]}},{"type":"Feature","properties":{"modulo":4,"idparcela":"1935","productor":"CHAVIRA AYALA DAVID OMAR","cultivo":"Cacahuate","superficie_fisica_ha":9,"superficie_riego_ha":9,"hectareas":5.001},"geometry":{"type":"Polygon","coordinates":[[[-105.431675,28.276757],[-105.428232,28.276181],[-105.428523,28.27487],[-105.431071,28.275284],[-105.431371,28.275339],[-105.431556,28.275459],[-105.431896,28.275706],[-105.431675,28.276757]]]}},{"type":"Feature","properties":{"modulo":4,"idparcela":"************","productor":null,"cultivo":"Sin Cultivo","superficie_fisica_ha":null,"superficie_riego_ha":null,"hectareas":4.524},"geometry":{"type":"Polygon","coordinates":[[[-105.435932,28.281954],[-105.435936,28.281699],[-105.435916,28.281583],[-105.435306,28.281471],[-105.435083,28.281445],[-105.434912,28.281415],[-105.434968,28.28133],[-105.435333,28.27989],[-105.438193,28.280409],[-105.43802,28.280616],[-105.437865,28.280802],[-105.437731,28.280947],[-105.437601,28.281063],[-105.437469,28.281131],[-105.437295,28.281176],[-105.437225,28.281225],[-105.437055,28.281553],[-105.436736,28.282072],[-105.436609,28.282176],[-105.436507,28.282212],[-105.436501,28.28215],[-105.436351,28.282106],[-105.436101,28.282085],[-105.436026,28.281997],[-105.435932,28.281954]]]}},{"type":"Feature","properties":{"modulo":4,"idparcela":"************","productor":null,"cultivo":"Sin Cultivo","superficie_fisica_ha":null,"superficie_riego_ha":null,"hectareas":5.544},"geometry":{"type":"Polygon","coordinates":[[[-105.435444,28.279769],[-105.435737,28.278399],[-105.436011,28.278354],[-105.439655,28.278828],[-105.439655,28.278938],[-105.439581,28.278983],[-105.439431,28.279027],[-105.439282,28.279116],[-105.439158,28.279205],[-105.439008,28.279316],[-105.438859,28.279316],[-105.438759,28.279427],[-105.438635,28.279427],[-105.438535,28.279472],[-105.438461,28.27956],[-105.438662,28.279957],[-105.438289,28.28029],[-105.435444,28.279769]]]}},{"type":"Feature","properties":{"modulo":4,"idparcela":"1958","productor":"MONTA¥EZ MORALES EDUARDO","cultivo":"Sin Cultivo","superficie_fisica_ha":7.17,"superficie_riego_ha":7.17,"hectareas":2.645},"geometry":{"type":"Polygon","coordinates":[[[-105.43701,28.282008],[-105.437257,28.281565],[-105.437796,28.281594],[-105.437871,28.281682],[-105.437921,28.281726],[-105.439393,28.28181],[-105.439518,28.281875],[-105.439393,28.281942],[-105.43877,28.281922],[-105.437872,28.281969],[-105.437748,28.28208],[-105.437748,28.28219],[-105.437898,28.282344],[-105.438074,28.282476],[-105.438174,28.282586],[-105.438323,28.282586],[-105.438398,28.282519],[-105.438572,28.282475],[-105.438697,28.282518],[-105.438847,28.282628],[-105.438998,28.282827],[-105.439049,28.283047],[-105.439074,28.283113],[-105.439149,28.283202],[-105.439175,28.283334],[-105.438652,28.283601],[-105.438603,28.283777],[-105.438553,28.283866],[-105.438454,28.284021],[-105.438354,28.284065],[-105.438279,28.283977],[-105.438279,28.283889],[-105.43701,28.282008]]]}},{"type":"Feature","properties":{"modulo":4,"idparcela":"1934","productor":"SOLIS SOLTERO RAUL","cultivo":"Cacahuate","superficie_fisica_ha":7,"superficie_riego_ha":7,"hectareas":6.786},"geometry":{"type":"Polygon","coordinates":[[[-105.427283,28.28022],[-105.426138,28.279966],[-105.425378,28.27983],[-105.42506,28.27972],[-105.425127,28.279675],[-105.427915,28.278103],[-105.42811,28.278122],[-105.431253,28.278635],[-105.427283,28.28022]]]}},{"type":"Feature","properties":{"modulo":4,"idparcela":"1937","productor":"LOZANO CHACON FRANCISCO","cultivo":"Ma­z","superficie_fisica_ha":9,"superficie_riego_ha":9,"hectareas":4.723},"geometry":{"type":"Polygon","coordinates":[[[-105.428232,28.276181],[-105.425875,28.275802],[-105.425675,28.275715],[-105.425326,28.275694],[-105.425125,28.275495],[-105.425148,28.274855],[-105.425321,28.274413],[-105.425495,28.274346],[-105.428523,28.27487],[-105.428232,28.276181]]]}},{"type":"Feature","properties":{"modulo":4,"idparcela":"************","productor":null,"cultivo":"Sin Cultivo","superficie_fisica_ha":null,"superficie_riego_ha":null,"hectareas":10.531},"geometry":{"type":"Polygon","coordinates":[[[-105.425127,28.279675],[-105.42506,28.27972],[-105.424929,28.279746],[-105.424842,28.279581],[-105.424885,28.277815],[-105.424632,28.2768],[-105.424531,28.276623],[-105.424406,28.276425],[-105.42443,28.276116],[-105.424428,28.275807],[-105.425401,28.27587],[-105.425576,28.276024],[-105.425751,28.276046],[-105.425851,28.275957],[-105.428246,28.276281],[-105.427915,28.278103],[-105.425127,28.279675]]]}},{"type":"Feature","properties":{"modulo":4,"idparcela":"************","productor":null,"cultivo":"Sin Cultivo","superficie_fisica_ha":null,"superficie_riego_ha":null,"hectareas":15.497},"geometry":{"type":"Polygon","coordinates":[[[-105.42506,28.27972],[-105.425378,28.27983],[-105.426138,28.279966],[-105.427283,28.28022],[-105.429899,28.279176],[-105.431253,28.278635],[-105.430473,28.282156],[-105.430437,28.282214],[-105.430384,28.282244],[-105.430346,28.282264],[-105.430305,28.28229],[-105.430294,28.282326],[-105.430301,28.28241],[-105.430325,28.28244],[-105.430369,28.282474],[-105.43039,28.28251],[-105.430387,28.282548],[-105.430369,28.282586],[-105.430286,28.282642],[-105.430202,28.282693],[-105.430149,28.282743],[-105.430128,28.28281],[-105.430066,28.282892],[-105.430006,28.282934],[-105.429937,28.282952],[-105.429862,28.282953],[-105.429798,28.282931],[-105.429767,28.282893],[-105.429764,28.282851],[-105.429779,28.282803],[-105.429811,28.28275],[-105.429849,28.282689],[-105.429867,28.282625],[-105.429874,28.282567],[-105.429862,28.282502],[-105.429841,28.282453],[-105.429806,28.282419],[-105.429758,28.282401],[-105.42971,28.282398],[-105.429657,28.282426],[-105.429625,28.282472],[-105.429605,28.282535],[-105.429549,28.282606],[-105.42949,28.282628],[-105.429427,28.282637],[-105.429372,28.282634],[-105.429327,28.282619],[-105.429294,28.282592],[-105.429202,28.28237],[-105.429168,28.282209],[-105.429154,28.282046],[-105.429173,28.281937],[-105.429128,28.281828],[-105.42909,28.281719],[-105.429114,28.28159],[-105.429108,28.281412],[-105.429092,28.281342],[-105.42908,28.281314],[-105.429041,28.281315],[-105.429017,28.281358],[-105.429,28.281454],[-105.428957,28.281591],[-105.428891,28.281622],[-105.428798,28.281616],[-105.428712,28.281502],[-105.428639,28.281405],[-105.428481,28.281251],[-105.428353,28.281102],[-105.428185,28.280981],[-105.428169,28.28084],[-105.428155,28.280542],[-105.428065,28.280742],[-105.428065,28.280874],[-105.428116,28.281117],[-105.428881,28.281977],[-105.428921,28.282029],[-105.428907,28.282083],[-105.428844,28.282114],[-105.428785,28.282166],[-105.428741,28.28223],[-105.428739,28.282284],[-105.428759,28.282357],[-105.428803,28.28243],[-105.428847,28.282502],[-105.42889,28.282555],[-105.428929,28.282618],[-105.428923,28.282671],[-105.428872,28.282736],[-105.428896,28.282779],[-105.428952,28.282784],[-105.429037,28.282829],[-105.429129,28.282908],[-105.429223,28.283023],[-105.429357,28.283067],[-105.429479,28.283131],[-105.429592,28.283246],[-105.429763,28.283436],[-105.429792,28.283519],[-105.429797,28.283629],[-105.429767,28.283727],[-105.429712,28.283788],[-105.429714,28.283845],[-105.429721,28.283952],[-105.429669,28.284007],[-105.429584,28.283925],[-105.429463,28.283797],[-105.429351,28.283679],[-105.429274,28.283697],[-105.429232,28.283772],[-105.429242,28.283858],[-105.429303,28.283942],[-105.429356,28.28401],[-105.429414,28.284082],[-105.42947,28.284168],[-105.429449,28.284255],[-105.429153,28.284602],[-105.429053,28.284625],[-105.428798,28.284884],[-105.428659,28.284914],[-105.428552,28.28489],[-105.428463,28.284825],[-105.428398,28.284783],[-105.428355,28.284717],[-105.428405,28.284625],[-105.428395,28.284542],[-105.428289,28.284447],[-105.428261,28.284322],[-105.428389,28.284036],[-105.428499,28.283772],[-105.428571,28.283488],[-105.42855,28.283161],[-105.428456,28.282885],[-105.428297,28.282662],[-105.428004,28.282329],[-105.427665,28.282053],[-105.427371,28.281936],[-105.426971,28.281717],[-105.426752,28.281527],[-105.426495,28.281347],[-105.426246,28.281211],[-105.425986,28.280939],[-105.425624,28.280538],[-105.425142,28.280009],[-105.424929,28.279746],[-105.42506,28.27972]]]}},{"type":"Feature","properties":{"modulo":4,"idparcela":"************","productor":null,"cultivo":"Sin Cultivo","superficie_fisica_ha":null,"superficie_riego_ha":null,"hectareas":2.996},"geometry":{"type":"Polygon","coordinates":[[[-105.424842,28.273266],[-105.425044,28.273729],[-105.425046,28.274281],[-105.424974,28.275121],[-105.425001,28.275606],[-105.423779,28.275654],[-105.423703,28.275367],[-105.423802,28.275124],[-105.423852,28.275058],[-105.424151,28.275013],[-105.424225,28.27477],[-105.423947,28.273865],[-105.423821,28.273689],[-105.423596,28.273535],[-105.423596,28.273358],[-105.423445,28.273226],[-105.42327,28.273028],[-105.423323,28.27298],[-105.424842,28.273266]]]}},{"type":"Feature","properties":{"modulo":4,"idparcela":"1940","productor":"AGUIRRE GARCIA JULIAN","cultivo":"Chile verde","superficie_fisica_ha":12.3536,"superficie_riego_ha":12.3536,"hectareas":21.605},"geometry":{"type":"Polygon","coordinates":[[[-105.431896,28.275706],[-105.432035,28.275739],[-105.434537,28.277608],[-105.434612,28.27774],[-105.434762,28.277828],[-105.435087,28.278003],[-105.435462,28.278267],[-105.435488,28.278333],[-105.435588,28.278488],[-105.434889,28.281279],[-105.43485,28.281356],[-105.434735,28.281362],[-105.433934,28.281238],[-105.43368,28.281192],[-105.433493,28.281196],[-105.433317,28.281235],[-105.433226,28.281304],[-105.43309,28.281691],[-105.433028,28.281842],[-105.432968,28.281937],[-105.432775,28.282004],[-105.43226,28.282142],[-105.431936,28.282187],[-105.431334,28.282296],[-105.4311,28.282338],[-105.430905,28.282344],[-105.430728,28.282334],[-105.430613,28.28228],[-105.430591,28.282228],[-105.430596,28.282154],[-105.430629,28.281969],[-105.430676,28.281702],[-105.430777,28.281238],[-105.431356,28.278536],[-105.431633,28.277305],[-105.431724,28.276915],[-105.431727,28.27687],[-105.431716,28.276812],[-105.431675,28.276757],[-105.431896,28.275706]]]}},{"type":"Feature","properties":{"modulo":4,"idparcela":"1958","productor":"MONTA¥EZ MORALES EDUARDO","cultivo":"Sin Cultivo","superficie_fisica_ha":7.17,"superficie_riego_ha":7.17,"hectareas":3.381},"geometry":{"type":"Polygon","coordinates":[[[-105.436736,28.282072],[-105.436861,28.282178],[-105.438105,28.283978],[-105.43823,28.284132],[-105.438206,28.284331],[-105.438131,28.284353],[-105.438057,28.284442],[-105.437982,28.28442],[-105.437857,28.28442],[-105.437807,28.284509],[-105.437682,28.284443],[-105.437407,28.284068],[-105.437307,28.284002],[-105.43656,28.284446],[-105.436485,28.28438],[-105.436385,28.284314],[-105.436134,28.283896],[-105.436058,28.283653],[-105.435932,28.283411],[-105.435931,28.283168],[-105.435981,28.283013],[-105.43613,28.282946],[-105.436354,28.282813],[-105.436378,28.282725],[-105.436278,28.282659],[-105.436079,28.282659],[-105.435954,28.282527],[-105.435953,28.282439],[-105.436102,28.282328],[-105.436401,28.282261],[-105.436507,28.282212],[-105.436609,28.282176],[-105.436736,28.282072]]]}},{"type":"Feature","properties":{"modulo":4,"idparcela":"1958","productor":"MONTA¥EZ MORALES EDUARDO","cultivo":"Sin Cultivo","superficie_fisica_ha":7.17,"superficie_riego_ha":7.17,"hectareas":1.083},"geometry":{"type":"Polygon","coordinates":[[[-105.437733,28.284708],[-105.437786,28.285304],[-105.437686,28.285392],[-105.437612,28.285437],[-105.437437,28.285437],[-105.437212,28.285394],[-105.436963,28.285328],[-105.436813,28.285351],[-105.436589,28.285462],[-105.436515,28.285551],[-105.43644,28.285661],[-105.436416,28.285727],[-105.436315,28.285639],[-105.436363,28.285087],[-105.436388,28.284955],[-105.436985,28.284622],[-105.437085,28.284665],[-105.437309,28.284665],[-105.437409,28.284664],[-105.437558,28.28462],[-105.437733,28.284708]]]}},{"type":"Feature","properties":{"modulo":4,"idparcela":"1942","productor":"HERNANDEZ LARRASOLO MARTIN","cultivo":"Chile verde","superficie_fisica_ha":58.84,"superficie_riego_ha":19,"hectareas":5.757},"geometry":{"type":"Polygon","coordinates":[[[-105.432173,28.285277],[-105.431773,28.284991],[-105.431599,28.285014],[-105.430451,28.284907],[-105.430251,28.28482],[-105.430201,28.284776],[-105.430295,28.283384],[-105.430793,28.283162],[-105.431017,28.283139],[-105.431088,28.283104],[-105.431184,28.283031],[-105.431327,28.282898],[-105.431398,28.282752],[-105.431439,28.282608],[-105.431589,28.282541],[-105.431962,28.282407],[-105.43227,28.28236],[-105.432664,28.28216],[-105.432858,28.282116],[-105.433034,28.282095],[-105.432173,28.285277]]]}},{"type":"Feature","properties":{"modulo":4,"idparcela":"************","productor":null,"cultivo":"Sin Cultivo","superficie_fisica_ha":null,"superficie_riego_ha":null,"hectareas":2.784},"geometry":{"type":"Polygon","coordinates":[[[-105.432199,28.285498],[-105.431928,28.286183],[-105.43178,28.28667],[-105.431706,28.286979],[-105.431682,28.287089],[-105.431682,28.287244],[-105.431633,28.287288],[-105.431233,28.287113],[-105.430834,28.287114],[-105.430659,28.28696],[-105.430683,28.28685],[-105.430657,28.286607],[-105.430581,28.286364],[-105.430556,28.28632],[-105.430726,28.285149],[-105.430851,28.285127],[-105.431075,28.285082],[-105.4313,28.285081],[-105.431499,28.285147],[-105.432099,28.285322],[-105.432199,28.285498]]]}},{"type":"Feature","properties":{"modulo":4,"idparcela":"1979","productor":"ARMENDARIZ MARTINEZ VICENTE","cultivo":"Alfalfa","superficie_fisica_ha":12.752,"superficie_riego_ha":12.752,"hectareas":16.945},"geometry":{"type":"Polygon","coordinates":[[[-105.423567,28.278724],[-105.423619,28.278696],[-105.423759,28.278727],[-105.423911,28.278832],[-105.424142,28.279031],[-105.424235,28.279115],[-105.424338,28.279226],[-105.424386,28.279353],[-105.424445,28.279489],[-105.424512,28.279675],[-105.424702,28.279946],[-105.424576,28.280082],[-105.424531,28.280158],[-105.424533,28.280223],[-105.424544,28.280283],[-105.424523,28.280339],[-105.424309,28.280526],[-105.424242,28.280585],[-105.424229,28.280628],[-105.424265,28.280669],[-105.424311,28.280688],[-105.424356,28.280667],[-105.424671,28.280418],[-105.424791,28.280291],[-105.424867,28.280227],[-105.424935,28.280223],[-105.424993,28.280249],[-105.42501,28.280309],[-105.424989,28.28038],[-105.424966,28.280434],[-105.424962,28.280492],[-105.424999,28.280543],[-105.425047,28.280578],[-105.425093,28.280631],[-105.42518,28.280721],[-105.425246,28.280795],[-105.425391,28.28091],[-105.425584,28.281084],[-105.425701,28.281204],[-105.425879,28.281385],[-105.42599,28.281576],[-105.426008,28.2817],[-105.425975,28.281808],[-105.425874,28.281941],[-105.425856,28.28199],[-105.425825,28.282073],[-105.425873,28.282087],[-105.425902,28.282062],[-105.425944,28.282004],[-105.426002,28.281906],[-105.426075,28.281862],[-105.426145,28.281854],[-105.426211,28.281859],[-105.426253,28.281884],[-105.42629,28.281928],[-105.426304,28.281988],[-105.426299,28.28205],[-105.426259,28.282126],[-105.426225,28.282183],[-105.426182,28.282232],[-105.426203,28.282279],[-105.426147,28.282368],[-105.426189,28.282388],[-105.426236,28.282344],[-105.42628,28.282275],[-105.426353,28.282198],[-105.426424,28.282156],[-105.426485,28.282146],[-105.426538,28.282169],[-105.426696,28.282273],[-105.426862,28.282329],[-105.427114,28.28242],[-105.427292,28.282504],[-105.427467,28.282631],[-105.427604,28.282757],[-105.427689,28.282902],[-105.427738,28.283044],[-105.427824,28.283143],[-105.427926,28.283285],[-105.427982,28.283404],[-105.428009,28.283567],[-105.428005,28.283694],[-105.42794,28.283826],[-105.427879,28.283918],[-105.427801,28.283973],[-105.427732,28.283934],[-105.427695,28.283845],[-105.427681,28.283741],[-105.427691,28.283684],[-105.427734,28.2836],[-105.427706,28.28355],[-105.427597,28.283553],[-105.427481,28.283458],[-105.427359,28.283417],[-105.427242,28.28342],[-105.427146,28.283505],[-105.427078,28.283593],[-105.427103,28.283681],[-105.427228,28.283703],[-105.427322,28.283749],[-105.427411,28.283821],[-105.427455,28.2839],[-105.427477,28.284017],[-105.427461,28.284078],[-105.427408,28.284125],[-105.427303,28.284138],[-105.427212,28.284133],[-105.427101,28.284105],[-105.427013,28.284067],[-105.42693,28.284013],[-105.426855,28.28408],[-105.427031,28.284167],[-105.427121,28.284285],[-105.427128,28.284399],[-105.427051,28.284467],[-105.426907,28.284521],[-105.426651,28.284489],[-105.426383,28.284368],[-105.426308,28.28439],[-105.426223,28.284455],[-105.426153,28.284537],[-105.426125,28.284631],[-105.426132,28.284731],[-105.426123,28.284825],[-105.42606,28.284863],[-105.42594,28.284906],[-105.425811,28.284922],[-105.42575,28.28488],[-105.425687,28.284781],[-105.425626,28.284755],[-105.425559,28.284773],[-105.425522,28.284828],[-105.425552,28.284947],[-105.42552,28.285032],[-105.425464,28.285079],[-105.425352,28.285112],[-105.425164,28.285123],[-105.424943,28.285067],[-105.424637,28.284937],[-105.424492,28.284893],[-105.424405,28.284881],[-105.42434,28.284926],[-105.424442,28.284988],[-105.424629,28.285044],[-105.424779,28.285148],[-105.42501,28.285305],[-105.425028,28.285355],[-105.425016,28.285394],[-105.424968,28.285407],[-105.424906,28.285404],[-105.424365,28.285059],[-105.423415,28.284421],[-105.423567,28.278724]]]}},{"type":"Feature","properties":{"modulo":4,"idparcela":"1942","productor":"HERNANDEZ LARRASOLO MARTIN","cultivo":"Chile verde","superficie_fisica_ha":58.84,"superficie_riego_ha":19,"hectareas":2.067},"geometry":{"type":"Polygon","coordinates":[[[-105.432371,28.285513],[-105.432483,28.285508],[-105.43322,28.285891],[-105.433862,28.286299],[-105.433945,28.286492],[-105.434027,28.286673],[-105.433987,28.286793],[-105.433932,28.286818],[-105.433837,28.286818],[-105.433495,28.286566],[-105.433181,28.286422],[-105.432868,28.286351],[-105.432731,28.286339],[-105.432595,28.286364],[-105.432541,28.286424],[-105.432883,28.28664],[-105.432992,28.286809],[-105.433129,28.286929],[-105.433129,28.287025],[-105.433021,28.287074],[-105.432857,28.287074],[-105.432789,28.287099],[-105.432653,28.287208],[-105.432558,28.28728],[-105.432395,28.287281],[-105.432326,28.287221],[-105.432231,28.287197],[-105.431878,28.286994],[-105.431952,28.286685],[-105.432077,28.286136],[-105.432371,28.285513]]]}},{"type":"Feature","properties":{"modulo":4,"idparcela":"1942","productor":"HERNANDEZ LARRASOLO MARTIN","cultivo":"Chile verde","superficie_fisica_ha":58.84,"superficie_riego_ha":19,"hectareas":11.02},"geometry":{"type":"Polygon","coordinates":[[[-105.434912,28.281415],[-105.435083,28.281445],[-105.435306,28.281471],[-105.435916,28.281583],[-105.435936,28.281699],[-105.435932,28.281954],[-105.435888,28.282035],[-105.435795,28.282422],[-105.435714,28.282591],[-105.435674,28.282892],[-105.43562,28.283049],[-105.43535,28.283509],[-105.435364,28.283665],[-105.435323,28.283726],[-105.435323,28.28381],[-105.435296,28.28381],[-105.435242,28.28381],[-105.435228,28.283774],[-105.435133,28.28375],[-105.435159,28.283678],[-105.435091,28.28363],[-105.43509,28.283328],[-105.435021,28.283112],[-105.434898,28.282979],[-105.434761,28.282859],[-105.434583,28.282739],[-105.434379,28.282643],[-105.434202,28.282644],[-105.434134,28.282668],[-105.434134,28.282716],[-105.434189,28.282789],[-105.434243,28.282788],[-105.434325,28.282824],[-105.434366,28.282884],[-105.434421,28.282933],[-105.434598,28.283016],[-105.43468,28.283101],[-105.434722,28.283233],[-105.434681,28.283281],[-105.434641,28.283378],[-105.434709,28.283438],[-105.434723,28.283498],[-105.434696,28.283571],[-105.434614,28.283644],[-105.434573,28.283644],[-105.434492,28.283656],[-105.434506,28.283752],[-105.434684,28.284126],[-105.434917,28.284318],[-105.434795,28.284439],[-105.434795,28.284535],[-105.434836,28.284644],[-105.435206,28.284992],[-105.435111,28.285282],[-105.435112,28.285427],[-105.43499,28.285584],[-105.434881,28.285609],[-105.434813,28.285536],[-105.434758,28.285476],[-105.434676,28.285392],[-105.434512,28.285272],[-105.434362,28.285164],[-105.434102,28.285056],[-105.433871,28.285021],[-105.433734,28.284985],[-105.433584,28.284998],[-105.43353,28.285034],[-105.433517,28.285082],[-105.434227,28.285647],[-105.434228,28.285719],[-105.434133,28.285828],[-105.434106,28.285901],[-105.43412,28.285997],[-105.43427,28.286153],[-105.434366,28.286225],[-105.434407,28.286334],[-105.434339,28.286418],[-105.434203,28.286479],[-105.434085,28.286435],[-105.433999,28.286347],[-105.433816,28.286176],[-105.433506,28.285902],[-105.432655,28.285523],[-105.432346,28.285339],[-105.432345,28.285293],[-105.432763,28.283927],[-105.433172,28.282102],[-105.43334,28.281431],[-105.433403,28.281312],[-105.433523,28.281289],[-105.433674,28.281298],[-105.43391,28.281318],[-105.434595,28.28142],[-105.434817,28.281431],[-105.434912,28.281415]]]}},{"type":"Feature","properties":{"modulo":4,"idparcela":"1940","productor":"AGUIRRE GARCIA JULIAN","cultivo":"Chile verde","superficie_fisica_ha":12.3536,"superficie_riego_ha":12.3536,"hectareas":14.023},"geometry":{"type":"Polygon","coordinates":[[[-105.423522,28.284571],[-105.424731,28.285403],[-105.424956,28.285495],[-105.425076,28.285495],[-105.425706,28.285374],[-105.426426,28.285252],[-105.426666,28.285251],[-105.426816,28.28525],[-105.426996,28.285316],[-105.427207,28.285342],[-105.427357,28.285408],[-105.427553,28.285647],[-105.427554,28.285886],[-105.42745,28.286072],[-105.427225,28.286246],[-105.427061,28.286392],[-105.426997,28.286577],[-105.427137,28.286684],[-105.427376,28.286537],[-105.427661,28.286324],[-105.427705,28.286231],[-105.428433,28.286043],[-105.428632,28.286047],[-105.428755,28.286108],[-105.428756,28.286241],[-105.428592,28.286401],[-105.428502,28.286494],[-105.428547,28.286534],[-105.428473,28.286654],[-105.428248,28.286747],[-105.428083,28.286774],[-105.427873,28.286855],[-105.427768,28.286935],[-105.427738,28.286988],[-105.427751,28.28703],[-105.427854,28.287083],[-105.42809,28.287137],[-105.428134,28.287167],[-105.428124,28.287216],[-105.428027,28.287253],[-105.427953,28.287292],[-105.427889,28.287377],[-105.427883,28.287443],[-105.427881,28.287495],[-105.427932,28.287522],[-105.428097,28.287539],[-105.428184,28.287554],[-105.428271,28.287608],[-105.428324,28.287676],[-105.428329,28.287735],[-105.42828,28.287805],[-105.428183,28.287832],[-105.428007,28.287835],[-105.427874,28.287824],[-105.42778,28.28783],[-105.427758,28.287875],[-105.427767,28.287941],[-105.427781,28.287999],[-105.427731,28.288052],[-105.427635,28.288117],[-105.427578,28.288167],[-105.427571,28.288226],[-105.427604,28.288284],[-105.427711,28.288309],[-105.427876,28.288344],[-105.428026,28.288372],[-105.428147,28.288359],[-105.428239,28.288362],[-105.428302,28.288387],[-105.428345,28.288434],[-105.428339,28.288493],[-105.428312,28.288558],[-105.428263,28.288643],[-105.428221,28.288704],[-105.428188,28.288751],[-105.428149,28.288775],[-105.428105,28.288781],[-105.42805,28.288763],[-105.427989,28.288715],[-105.42792,28.288657],[-105.427842,28.28861],[-105.427754,28.288582],[-105.427556,28.288559],[-105.427431,28.288546],[-105.427377,28.288553],[-105.427341,28.288593],[-105.427296,28.288636],[-105.42726,28.288732],[-105.427245,28.288845],[-105.427239,28.288896],[-105.427186,28.289014],[-105.427104,28.289116],[-105.427037,28.289194],[-105.426947,28.289243],[-105.42687,28.289247],[-105.426803,28.289235],[-105.426754,28.289207],[-105.426626,28.289026],[-105.426515,28.288878],[-105.42641,28.288759],[-105.426378,28.288633],[-105.426359,28.288486],[-105.426316,28.288424],[-105.426176,28.288367],[-105.426121,28.288321],[-105.426105,28.288222],[-105.426104,28.288012],[-105.426069,28.287905],[-105.426027,28.287827],[-105.425949,28.287765],[-105.42588,28.287751],[-105.42583,28.287815],[-105.425766,28.287951],[-105.425765,28.28807],[-105.42575,28.288186],[-105.425657,28.288283],[-105.425555,28.288277],[-105.425464,28.288231],[-105.425323,28.288131],[-105.425203,28.288011],[-105.425093,28.287894],[-105.424994,28.287726],[-105.424945,28.287572],[-105.424918,28.287414],[-105.424878,28.287256],[-105.424842,28.287083],[-105.424736,28.286966],[-105.424526,28.286825],[-105.424315,28.286693],[-105.42412,28.286641],[-105.423988,28.286645],[-105.423883,28.286722],[-105.423855,28.286866],[-105.423832,28.286993],[-105.423712,28.287047],[-105.423642,28.287112],[-105.423617,28.287176],[-105.423646,28.287259],[-105.423806,28.28737],[-105.424038,28.287496],[-105.424184,28.287544],[-105.424409,28.287596],[-105.424462,28.287761],[-105.424537,28.28789],[-105.424615,28.287952],[-105.42467,28.288002],[-105.42468,28.288062],[-105.424619,28.288118],[-105.424482,28.288169],[-105.424286,28.288213],[-105.424071,28.288209],[-105.424007,28.288183],[-105.423887,28.288047],[-105.42366,28.287762],[-105.423539,28.287745],[-105.423322,28.287523],[-105.423411,28.285793],[-105.42348,28.284567],[-105.423522,28.284571]]]}},{"type":"Feature","properties":{"modulo":4,"idparcela":"************","productor":null,"cultivo":"Sin Cultivo","superficie_fisica_ha":null,"superficie_riego_ha":null,"hectareas":2.756},"geometry":{"type":"Polygon","coordinates":[[[-105.402799,28.286681],[-105.402064,28.285936],[-105.401783,28.283206],[-105.402822,28.28352],[-105.402799,28.286681]]]}},{"type":"Feature","properties":{"modulo":4,"idparcela":"1782","productor":"SOLIS SOLTERO SERGIO","cultivo":"Cacahuate","superficie_fisica_ha":14,"superficie_riego_ha":14,"hectareas":5.03},"geometry":{"type":"Polygon","coordinates":[[[-105.402847,28.283405],[-105.40187,28.283098],[-105.401757,28.282986],[-105.401608,28.280398],[-105.401649,28.280183],[-105.402848,28.278388],[-105.402965,28.278429],[-105.402846,28.278905],[-105.402847,28.283405]]]}},{"type":"Feature","properties":{"modulo":4,"idparcela":"1782","productor":"SOLIS SOLTERO SERGIO","cultivo":"Cacahuate","superficie_fisica_ha":14,"superficie_riego_ha":14,"hectareas":4.923},"geometry":{"type":"Polygon","coordinates":[[[-105.401677,28.279809],[-105.40088,28.280117],[-105.400776,28.278575],[-105.400956,28.278267],[-105.40111,28.278181],[-105.401301,28.278025],[-105.401473,28.277744],[-105.401582,28.277444],[-105.401573,28.277092],[-105.401544,28.276891],[-105.401604,28.276786],[-105.401737,28.276784],[-105.401917,28.276816],[-105.402183,28.276802],[-105.402367,28.276687],[-105.402541,28.276455],[-105.402736,28.276154],[-105.40286,28.276116],[-105.402863,28.276212],[-105.402884,28.277009],[-105.402902,28.27797],[-105.402729,28.278237],[-105.401677,28.279809]]]}},{"type":"Feature","properties":{"modulo":4,"idparcela":"1782","productor":"SOLIS SOLTERO SERGIO","cultivo":"Cacahuate","superficie_fisica_ha":14,"superficie_riego_ha":14,"hectareas":5.057},"geometry":{"type":"Polygon","coordinates":[[[-105.401509,28.283144],[-105.401222,28.283156],[-105.400691,28.283156],[-105.400373,28.283185],[-105.400268,28.283181],[-105.400192,28.282951],[-105.400085,28.282914],[-105.399982,28.282817],[-105.399915,28.282623],[-105.399985,28.28256],[-105.400391,28.282438],[-105.400382,28.282373],[-105.399891,28.282374],[-105.39968,28.282354],[-105.399498,28.282236],[-105.399458,28.28212],[-105.399491,28.281878],[-105.399561,28.281764],[-105.399677,28.281673],[-105.399756,28.281605],[-105.399755,28.28155],[-105.399665,28.281469],[-105.39966,28.281055],[-105.399657,28.280939],[-105.399596,28.280891],[-105.399604,28.280824],[-105.399662,28.280656],[-105.401288,28.28002],[-105.401509,28.283144]]]}},{"type":"Feature","properties":{"modulo":4,"idparcela":"1789","productor":"HERNANDEZ CARLOS ELISEO","cultivo":"Ma­z","superficie_fisica_ha":6.1,"superficie_riego_ha":6.1,"hectareas":3.754},"geometry":{"type":"Polygon","coordinates":[[[-105.400373,28.283185],[-105.400691,28.283156],[-105.401222,28.283156],[-105.401509,28.283144],[-105.40157,28.284072],[-105.401633,28.285096],[-105.401713,28.285918],[-105.401923,28.286275],[-105.402202,28.286554],[-105.401967,28.286739],[-105.401675,28.286635],[-105.401333,28.286223],[-105.401262,28.285996],[-105.400933,28.285582],[-105.400788,28.28531],[-105.400984,28.285154],[-105.400743,28.284988],[-105.400431,28.284799],[-105.400295,28.284561],[-105.40011,28.28352],[-105.40024,28.283301],[-105.400373,28.283185]]]}},{"type":"Feature","properties":{"modulo":4,"idparcela":"1774","productor":"SOLIS CAZARES JAVIER","cultivo":"Alfalfa","superficie_fisica_ha":5,"superficie_riego_ha":5,"hectareas":5.238},"geometry":{"type":"Polygon","coordinates":[[[-105.40342,28.287998],[-105.407393,28.288457],[-105.410566,28.288819],[-105.41053,28.289528],[-105.403424,28.288645],[-105.40342,28.287998]]]}},{"type":"Feature","properties":{"modulo":4,"idparcela":"1793","productor":"GARCIA N VIRGINIA","cultivo":"Sin Cultivo","superficie_fisica_ha":6.5,"superficie_riego_ha":6.5,"hectareas":4.762},"geometry":{"type":"Polygon","coordinates":[[[-105.403277,28.287388],[-105.404676,28.287536],[-105.406798,28.287769],[-105.410572,28.28822],[-105.410578,28.288478],[-105.410566,28.288819],[-105.407393,28.288457],[-105.40342,28.287998],[-105.403277,28.287388]]]}},{"type":"Feature","properties":{"modulo":4,"idparcela":"1793","productor":"GARCIA N VIRGINIA","cultivo":"Sin Cultivo","superficie_fisica_ha":6.5,"superficie_riego_ha":6.5,"hectareas":1.66},"geometry":{"type":"Polygon","coordinates":[[[-105.410875,28.288265],[-105.411805,28.288383],[-105.413002,28.28853],[-105.413083,28.288539],[-105.413174,28.288551],[-105.413177,28.28896],[-105.413169,28.2892],[-105.410829,28.288932],[-105.410875,28.288265]]]}},{"type":"Feature","properties":{"modulo":4,"idparcela":"1841","productor":"SOLIS QUI¥ONES SAUL","cultivo":"Chile verde","superficie_fisica_ha":7.02,"superficie_riego_ha":6.5,"hectareas":5.227},"geometry":{"type":"Polygon","coordinates":[[[-105.403011,28.286676],[-105.406482,28.287079],[-105.410216,28.287505],[-105.410572,28.28822],[-105.406798,28.287769],[-105.404676,28.287536],[-105.403277,28.287388],[-105.403159,28.287039],[-105.40301,28.286834],[-105.403011,28.286676]]]}},{"type":"Feature","properties":{"modulo":4,"idparcela":"1841","productor":"SOLIS QUI¥ONES SAUL","cultivo":"Chile verde","superficie_fisica_ha":7.02,"superficie_riego_ha":6.5,"hectareas":1.65},"geometry":{"type":"Polygon","coordinates":[[[-105.410567,28.287585],[-105.411002,28.287629],[-105.411939,28.287736],[-105.413036,28.287857],[-105.413002,28.28853],[-105.411805,28.288383],[-105.410875,28.288265],[-105.410567,28.287585]]]}},{"type":"Feature","properties":{"modulo":4,"idparcela":"1765","productor":"ZUBIA JIMENEZ ENRIQUE","cultivo":"Chile verde","superficie_fisica_ha":3.51,"superficie_riego_ha":3.51,"hectareas":4.758},"geometry":{"type":"Polygon","coordinates":[[[-105.413293,28.288581],[-105.413311,28.288227],[-105.413328,28.287902],[-105.413707,28.287953],[-105.419537,28.288598],[-105.419727,28.288936],[-105.419789,28.289105],[-105.419817,28.289327],[-105.413293,28.288581]]]}},{"type":"Feature","properties":{"modulo":4,"idparcela":"1840","productor":"TALAMANTES MORALES SALVADOR","cultivo":"Ma­z","superficie_fisica_ha":2.54,"superficie_riego_ha":2,"hectareas":2.616},"geometry":{"type":"Polygon","coordinates":[[[-105.410216,28.287505],[-105.406482,28.287079],[-105.403011,28.286676],[-105.403013,28.286327],[-105.406693,28.286762],[-105.410034,28.287157],[-105.410129,28.287341],[-105.410216,28.287505]]]}},{"type":"Feature","properties":{"modulo":4,"idparcela":"1840","productor":"TALAMANTES MORALES SALVADOR","cultivo":"Ma­z","superficie_fisica_ha":2.54,"superficie_riego_ha":2,"hectareas":0.929},"geometry":{"type":"Polygon","coordinates":[[[-105.410397,28.287216],[-105.411759,28.287381],[-105.413036,28.28753],[-105.413036,28.287857],[-105.411939,28.287736],[-105.411002,28.287629],[-105.410567,28.287585],[-105.410397,28.287216]]]}},{"type":"Feature","properties":{"modulo":4,"idparcela":"1985","productor":"VITOLAS BAEZA BENJAMIN","cultivo":"Sin Cultivo","superficie_fisica_ha":0.5,"superficie_riego_ha":0.5,"hectareas":2.644},"geometry":{"type":"Polygon","coordinates":[[[-105.403014,28.285999],[-105.404861,28.286203],[-105.406705,28.28641],[-105.409858,28.286762],[-105.409957,28.286984],[-105.410034,28.287157],[-105.406693,28.286762],[-105.403013,28.286327],[-105.403014,28.285999]]]}},{"type":"Feature","properties":{"modulo":4,"idparcela":"1985","productor":"VITOLAS BAEZA BENJAMIN","cultivo":"Sin Cultivo","superficie_fisica_ha":0.5,"superficie_riego_ha":0.5,"hectareas":1.154},"geometry":{"type":"Polygon","coordinates":[[[-105.410212,28.286824],[-105.411788,28.286982],[-105.413043,28.287147],[-105.413036,28.28753],[-105.411759,28.287381],[-105.410397,28.287216],[-105.410212,28.286824]]]}},{"type":"Feature","properties":{"modulo":4,"idparcela":"1858","productor":"REYES MORALES GERARDO","cultivo":"Cacahuate","superficie_fisica_ha":3,"superficie_riego_ha":3,"hectareas":4.46},"geometry":{"type":"Polygon","coordinates":[[[-105.403017,28.285354],[-105.406635,28.285794],[-105.409579,28.286137],[-105.409706,28.286427],[-105.409858,28.286762],[-105.406705,28.28641],[-105.404861,28.286203],[-105.403014,28.285999],[-105.403017,28.285354]]]}},{"type":"Feature","properties":{"modulo":4,"idparcela":"1858","productor":"REYES MORALES GERARDO","cultivo":"Cacahuate","superficie_fisica_ha":3,"superficie_riego_ha":3,"hectareas":1.64},"geometry":{"type":"Polygon","coordinates":[[[-105.409909,28.286201],[-105.411282,28.286373],[-105.412565,28.286525],[-105.412605,28.286606],[-105.412634,28.286661],[-105.412658,28.286784],[-105.413043,28.287147],[-105.411788,28.286982],[-105.410212,28.286824],[-105.409909,28.286201]]]}},{"type":"Feature","properties":{"modulo":4,"idparcela":"1823","productor":"ZUBIA JIMENEZ JUAN LUIS","cultivo":"Ma­z","superficie_fisica_ha":3.75,"superficie_riego_ha":3.75,"hectareas":3.918},"geometry":{"type":"Polygon","coordinates":[[[-105.413328,28.287902],[-105.413343,28.28724],[-105.419245,28.288039],[-105.419537,28.288598],[-105.413707,28.287953],[-105.413328,28.287902]]]}},{"type":"Feature","properties":{"modulo":4,"idparcela":"1823","productor":"ZUBIA JIMENEZ JUAN LUIS","cultivo":"Ma­z","superficie_fisica_ha":3.75,"superficie_riego_ha":3.75,"hectareas":1.902},"geometry":{"type":"Polygon","coordinates":[[[-105.419798,28.288081],[-105.420735,28.288192],[-105.422324,28.288393],[-105.423031,28.288487],[-105.42298,28.288862],[-105.422972,28.289053],[-105.420216,28.288742],[-105.420177,28.288616],[-105.420085,28.288421],[-105.419798,28.288081]]]}},{"type":"Feature","properties":{"modulo":4,"idparcela":"1815","productor":"ZUBIA JIMENEZ ENRIQUE","cultivo":"Ma­z","superficie_fisica_ha":3.5,"superficie_riego_ha":3.5,"hectareas":3.78},"geometry":{"type":"Polygon","coordinates":[[[-105.413122,28.286686],[-105.41639,28.287033],[-105.418814,28.287347],[-105.419245,28.288039],[-105.413343,28.28724],[-105.413121,28.286897],[-105.413122,28.286686]]]}},{"type":"Feature","properties":{"modulo":4,"idparcela":"1815","productor":"ZUBIA JIMENEZ ENRIQUE","cultivo":"Ma­z","superficie_fisica_ha":3.5,"superficie_riego_ha":3.5,"hectareas":2.314},"geometry":{"type":"Polygon","coordinates":[[[-105.419285,28.287401],[-105.419404,28.287441],[-105.422474,28.287796],[-105.422512,28.2878],[-105.422596,28.28781],[-105.423082,28.287866],[-105.423031,28.288487],[-105.422324,28.288393],[-105.420735,28.288192],[-105.419798,28.288081],[-105.419613,28.287886],[-105.419285,28.287401]]]}},{"type":"Feature","properties":{"modulo":4,"idparcela":"1837","productor":"HERNANDEZ RODRIGUEZ RIVERO","cultivo":"Chile verde","superficie_fisica_ha":3.5,"superficie_riego_ha":3.3,"hectareas":0.34},"geometry":{"type":"Polygon","coordinates":[[[-105.413056,28.285939],[-105.41302,28.286682],[-105.412828,28.286669],[-105.412794,28.286533],[-105.412565,28.286157],[-105.412366,28.285849],[-105.413056,28.285939]]]}},{"type":"Feature","properties":{"modulo":4,"idparcela":"1837","productor":"HERNANDEZ RODRIGUEZ RIVERO","cultivo":"Chile verde","superficie_fisica_ha":3.5,"superficie_riego_ha":3.3,"hectareas":4.39},"geometry":{"type":"Polygon","coordinates":[[[-105.409579,28.286137],[-105.406635,28.285794],[-105.403017,28.285354],[-105.40302,28.284726],[-105.409276,28.285473],[-105.409579,28.286137]]]}},{"type":"Feature","properties":{"modulo":4,"idparcela":"1837","productor":"HERNANDEZ RODRIGUEZ RIVERO","cultivo":"Chile verde","superficie_fisica_ha":3.5,"superficie_riego_ha":3.3,"hectareas":1.8},"geometry":{"type":"Polygon","coordinates":[[[-105.409589,28.285532],[-105.410977,28.285693],[-105.412138,28.285836],[-105.412565,28.286525],[-105.411282,28.286373],[-105.409909,28.286201],[-105.409589,28.285532]]]}},{"type":"Feature","properties":{"modulo":4,"idparcela":"1827","productor":"ZUBIA JIMENEZ JUAN LUIS","cultivo":"Chile verde","superficie_fisica_ha":2.67,"superficie_riego_ha":2,"hectareas":4.157},"geometry":{"type":"Polygon","coordinates":[[[-105.418814,28.287347],[-105.41639,28.287033],[-105.413122,28.286686],[-105.413167,28.285967],[-105.416191,28.28633],[-105.418459,28.28659],[-105.418623,28.286958],[-105.418814,28.287347]]]}},{"type":"Feature","properties":{"modulo":4,"idparcela":"1798","productor":"ZUBIA JIMENEZ JUAN LUIS","cultivo":"Calabacita","superficie_fisica_ha":7.02,"superficie_riego_ha":6.75,"hectareas":2.976},"geometry":{"type":"Polygon","coordinates":[[[-105.41889,28.286669],[-105.418999,28.286693],[-105.422535,28.28713],[-105.422573,28.287135],[-105.42262,28.287141],[-105.422658,28.287145],[-105.423141,28.287203],[-105.423082,28.287866],[-105.422596,28.28781],[-105.422512,28.2878],[-105.422474,28.287796],[-105.419404,28.287441],[-105.419285,28.287401],[-105.419022,28.286926],[-105.41889,28.286669]]]}},{"type":"Feature","properties":{"modulo":4,"idparcela":"1805","productor":"HERNANDEZ RODRIGUEZ RIVERO","cultivo":"Chile verde","superficie_fisica_ha":4,"superficie_riego_ha":3.65,"hectareas":0.568},"geometry":{"type":"Polygon","coordinates":[[[-105.411979,28.285238],[-105.413081,28.285341],[-105.413056,28.285939],[-105.412366,28.285849],[-105.411979,28.285238]]]}},{"type":"Feature","properties":{"modulo":4,"idparcela":"1805","productor":"HERNANDEZ RODRIGUEZ RIVERO","cultivo":"Chile verde","superficie_fisica_ha":4,"superficie_riego_ha":3.65,"hectareas":4.172},"geometry":{"type":"Polygon","coordinates":[[[-105.40302,28.284726],[-105.403024,28.284092],[-105.40895,28.284802],[-105.409276,28.285473],[-105.40302,28.284726]]]}},{"type":"Feature","properties":{"modulo":4,"idparcela":"1805","productor":"HERNANDEZ RODRIGUEZ RIVERO","cultivo":"Chile verde","superficie_fisica_ha":4,"superficie_riego_ha":3.65,"hectareas":1.712},"geometry":{"type":"Polygon","coordinates":[[[-105.409255,28.284867],[-105.410541,28.285012],[-105.411709,28.285145],[-105.411742,28.285195],[-105.412138,28.285836],[-105.410977,28.285693],[-105.409589,28.285532],[-105.409255,28.284867]]]}},{"type":"Feature","properties":{"modulo":4,"idparcela":"1970","productor":"TALAMANTES MORALES SALVADOR","cultivo":"Ma­z","superficie_fisica_ha":7,"superficie_riego_ha":7,"hectareas":3.454},"geometry":{"type":"Polygon","coordinates":[[[-105.413208,28.285356],[-105.415916,28.28568],[-105.418196,28.285929],[-105.418459,28.28659],[-105.416191,28.28633],[-105.413167,28.285967],[-105.413208,28.285356]]]}},{"type":"Feature","properties":{"modulo":4,"idparcela":"1970","productor":"TALAMANTES MORALES SALVADOR","cultivo":"Ma­z","superficie_fisica_ha":7,"superficie_riego_ha":7,"hectareas":3.079},"geometry":{"type":"Polygon","coordinates":[[[-105.418623,28.285991],[-105.418717,28.286023],[-105.422592,28.286487],[-105.42263,28.286492],[-105.422677,28.286497],[-105.422715,28.286502],[-105.423219,28.286562],[-105.423141,28.287203],[-105.422658,28.287145],[-105.42262,28.287141],[-105.422573,28.287135],[-105.422535,28.28713],[-105.418999,28.286693],[-105.41889,28.286669],[-105.418623,28.285991]]]}},{"type":"Feature","properties":{"modulo":4,"idparcela":"1874","productor":"HERNANDEZ RODRIGUEZ RIVERO","cultivo":"Ma­z","superficie_fisica_ha":6.356,"superficie_riego_ha":6.356,"hectareas":0.95},"geometry":{"type":"Polygon","coordinates":[[[-105.411856,28.284556],[-105.4122,28.284602],[-105.413099,28.284698],[-105.413081,28.285341],[-105.411979,28.285238],[-105.411523,28.284521],[-105.411856,28.284556]]]}},{"type":"Feature","properties":{"modulo":4,"idparcela":"1874","productor":"HERNANDEZ RODRIGUEZ RIVERO","cultivo":"Ma­z","superficie_fisica_ha":6.356,"superficie_riego_ha":6.356,"hectareas":4.501},"geometry":{"type":"Polygon","coordinates":[[[-105.403027,28.283357],[-105.405965,28.283722],[-105.408569,28.28404],[-105.408799,28.284486],[-105.40895,28.284802],[-105.403024,28.284092],[-105.403027,28.283357]]]}},{"type":"Feature","properties":{"modulo":4,"idparcela":"1874","productor":"HERNANDEZ RODRIGUEZ RIVERO","cultivo":"Ma­z","superficie_fisica_ha":6.356,"superficie_riego_ha":6.356,"hectareas":1.873},"geometry":{"type":"Polygon","coordinates":[[[-105.408902,28.284099],[-105.410055,28.28424],[-105.41127,28.284381],[-105.411709,28.285145],[-105.410541,28.285012],[-105.409255,28.284867],[-105.408902,28.284099]]]}},{"type":"Feature","properties":{"modulo":4,"idparcela":"1852","productor":"RODRIGUEZ VDA D.PODLECK FRANCISCA","cultivo":"Sin Cultivo","superficie_fisica_ha":7.02,"superficie_riego_ha":7.02,"hectareas":3.748},"geometry":{"type":"Polygon","coordinates":[[[-105.418196,28.285929],[-105.415916,28.28568],[-105.413208,28.285356],[-105.41324,28.284631],[-105.417893,28.2852],[-105.418196,28.285929]]]}},{"type":"Feature","properties":{"modulo":4,"idparcela":"1852","productor":"RODRIGUEZ VDA D.PODLECK FRANCISCA","cultivo":"Sin Cultivo","superficie_fisica_ha":7.02,"superficie_riego_ha":7.02,"hectareas":3.426},"geometry":{"type":"Polygon","coordinates":[[[-105.418343,28.285283],[-105.418423,28.28531],[-105.422669,28.285838],[-105.422707,28.285843],[-105.422754,28.285849],[-105.422792,28.285853],[-105.423253,28.28591],[-105.423219,28.286562],[-105.422715,28.286502],[-105.422677,28.286497],[-105.42263,28.286492],[-105.422592,28.286487],[-105.418717,28.286023],[-105.418623,28.285991],[-105.418343,28.285283]]]}},{"type":"Feature","properties":{"modulo":4,"idparcela":"1825","productor":"HERNANDEZ RODRIGUEZ RIVERO","cultivo":"Cacahuate","superficie_fisica_ha":3,"superficie_riego_ha":3,"hectareas":1.178},"geometry":{"type":"Polygon","coordinates":[[[-105.411091,28.283787],[-105.411326,28.28381],[-105.412324,28.283918],[-105.413118,28.284002],[-105.413099,28.284698],[-105.4122,28.284602],[-105.411856,28.284556],[-105.41139,28.283929],[-105.411177,28.283911],[-105.411091,28.283787]]]}},{"type":"Feature","properties":{"modulo":4,"idparcela":"1825","productor":"HERNANDEZ RODRIGUEZ RIVERO","cultivo":"Cacahuate","superficie_fisica_ha":3,"superficie_riego_ha":3,"hectareas":3.408},"geometry":{"type":"Polygon","coordinates":[[[-105.408569,28.28404],[-105.405965,28.283722],[-105.403027,28.283357],[-105.40303,28.282778],[-105.408283,28.283421],[-105.408406,28.28369],[-105.408569,28.28404]]]}},{"type":"Feature","properties":{"modulo":4,"idparcela":"1825","productor":"HERNANDEZ RODRIGUEZ RIVERO","cultivo":"Cacahuate","superficie_fisica_ha":3,"superficie_riego_ha":3,"hectareas":1.491},"geometry":{"type":"Polygon","coordinates":[[[-105.408607,28.283468],[-105.409752,28.283609],[-105.410857,28.283734],[-105.41127,28.284381],[-105.410055,28.28424],[-105.408902,28.284099],[-105.408607,28.283468]]]}},{"type":"Feature","properties":{"modulo":4,"idparcela":"1821","productor":"SOLIS CAZARES PABLO","cultivo":"Ajo","superficie_fisica_ha":7,"superficie_riego_ha":6.75,"hectareas":3.005},"geometry":{"type":"Polygon","coordinates":[[[-105.413256,28.284015],[-105.41555,28.284303],[-105.417605,28.284539],[-105.417893,28.2852],[-105.41324,28.284631],[-105.413256,28.284015]]]}},{"type":"Feature","properties":{"modulo":4,"idparcela":"1821","productor":"SOLIS CAZARES PABLO","cultivo":"Ajo","superficie_fisica_ha":7,"superficie_riego_ha":6.75,"hectareas":3.505},"geometry":{"type":"Polygon","coordinates":[[[-105.423253,28.28591],[-105.422792,28.285853],[-105.422754,28.285849],[-105.422707,28.285843],[-105.422669,28.285838],[-105.418423,28.28531],[-105.418343,28.285283],[-105.418079,28.284613],[-105.418199,28.284653],[-105.421327,28.28503],[-105.423289,28.285258],[-105.42326,28.285794],[-105.423253,28.28591]]]}},{"type":"Feature","properties":{"modulo":4,"idparcela":"1803","productor":"HERNANDEZ RODRIGUEZ RIVERO","cultivo":"Ma­z","superficie_fisica_ha":3.65,"superficie_riego_ha":3.65,"hectareas":1.829},"geometry":{"type":"Polygon","coordinates":[[[-105.413124,28.283391],[-105.412002,28.283272],[-105.4107,28.283122],[-105.410313,28.282424],[-105.413142,28.282765],[-105.413124,28.283391]]]}},{"type":"Feature","properties":{"modulo":4,"idparcela":"1856","productor":"HERNANDEZ RODRIGUEZ RIVERO","cultivo":"Chile verde","superficie_fisica_ha":4,"superficie_riego_ha":4,"hectareas":1.48},"geometry":{"type":"Polygon","coordinates":[[[-105.4107,28.283122],[-105.412002,28.283272],[-105.413124,28.283391],[-105.413118,28.284002],[-105.412324,28.283918],[-105.411326,28.28381],[-105.411091,28.283787],[-105.4107,28.283122]]]}},{"type":"Feature","properties":{"modulo":4,"idparcela":"1803","productor":"HERNANDEZ RODRIGUEZ RIVERO","cultivo":"Ma­z","superficie_fisica_ha":3.65,"superficie_riego_ha":3.65,"hectareas":3.338},"geometry":{"type":"Polygon","coordinates":[[[-105.403045,28.282227],[-105.403063,28.281578],[-105.40767,28.282112],[-105.40798,28.282783],[-105.4057,28.282532],[-105.403045,28.282227]]]}},{"type":"Feature","properties":{"modulo":4,"idparcela":"1856","productor":"HERNANDEZ RODRIGUEZ RIVERO","cultivo":"Chile verde","superficie_fisica_ha":4,"superficie_riego_ha":4,"hectareas":3.166},"geometry":{"type":"Polygon","coordinates":[[[-105.403045,28.282227],[-105.4057,28.282532],[-105.40798,28.282783],[-105.408108,28.283066],[-105.408283,28.283421],[-105.40303,28.282778],[-105.403044,28.282409],[-105.403045,28.282227]]]}},{"type":"Feature","properties":{"modulo":4,"idparcela":"1803","productor":"HERNANDEZ RODRIGUEZ RIVERO","cultivo":"Ma­z","superficie_fisica_ha":3.65,"superficie_riego_ha":3.65,"hectareas":1.577},"geometry":{"type":"Polygon","coordinates":[[[-105.408324,28.282872],[-105.408176,28.282558],[-105.407982,28.282142],[-105.409063,28.282261],[-105.410093,28.28238],[-105.41048,28.28309],[-105.408324,28.282872]]]}},{"type":"Feature","properties":{"modulo":4,"idparcela":"1856","productor":"HERNANDEZ RODRIGUEZ RIVERO","cultivo":"Chile verde","superficie_fisica_ha":4,"superficie_riego_ha":4,"hectareas":1.401},"geometry":{"type":"Polygon","coordinates":[[[-105.410857,28.283734],[-105.409752,28.283609],[-105.408607,28.283468],[-105.408484,28.28321],[-105.408324,28.282872],[-105.41048,28.28309],[-105.410857,28.283734]]]}},{"type":"Feature","properties":{"modulo":4,"idparcela":"1832","productor":"RODRIGUEZ MATA GUADALUPE","cultivo":"Sin Cultivo","superficie_fisica_ha":7,"superficie_riego_ha":7,"hectareas":2.576},"geometry":{"type":"Polygon","coordinates":[[[-105.41733,28.283883],[-105.415378,28.283656],[-105.413265,28.28341],[-105.413294,28.282794],[-105.417058,28.283255],[-105.41733,28.283883]]]}},{"type":"Feature","properties":{"modulo":4,"idparcela":"1820","productor":"GARCIA YANEZ EDGAR ARTURO","cultivo":"Cacahuate","superficie_fisica_ha":7,"superficie_riego_ha":6.75,"hectareas":2.825},"geometry":{"type":"Polygon","coordinates":[[[-105.413265,28.28341],[-105.415378,28.283656],[-105.41733,28.283883],[-105.417605,28.284539],[-105.41555,28.284303],[-105.413256,28.284015],[-105.413265,28.28341]]]}},{"type":"Feature","properties":{"modulo":4,"idparcela":"1832","productor":"RODRIGUEZ MATA GUADALUPE","cultivo":"Sin Cultivo","superficie_fisica_ha":7,"superficie_riego_ha":7,"hectareas":3.505},"geometry":{"type":"Polygon","coordinates":[[[-105.423276,28.28458],[-105.420868,28.28431],[-105.418025,28.283988],[-105.417834,28.283967],[-105.417709,28.283669],[-105.417594,28.28334],[-105.423271,28.284016],[-105.423276,28.28458]]]}},{"type":"Feature","properties":{"modulo":4,"idparcela":"1820","productor":"GARCIA YANEZ EDGAR ARTURO","cultivo":"Cacahuate","superficie_fisica_ha":7,"superficie_riego_ha":6.75,"hectareas":3.811},"geometry":{"type":"Polygon","coordinates":[[[-105.417834,28.283967],[-105.418025,28.283988],[-105.420868,28.28431],[-105.423276,28.28458],[-105.423289,28.285258],[-105.421327,28.28503],[-105.418199,28.284653],[-105.418079,28.284613],[-105.417834,28.283967]]]}},{"type":"Feature","properties":{"modulo":4,"idparcela":"1829","productor":"ZUBIA JIMENEZ JUAN LUIS","cultivo":"Chile verde","superficie_fisica_ha":3.5,"superficie_riego_ha":3.5,"hectareas":2.269},"geometry":{"type":"Polygon","coordinates":[[[-105.409787,28.281614],[-105.411689,28.281828],[-105.413139,28.282017],[-105.413116,28.282688],[-105.412655,28.282624],[-105.410241,28.282329],[-105.409812,28.281674],[-105.409787,28.281614]]]}},{"type":"Feature","properties":{"modulo":4,"idparcela":"1799","productor":"SOLIS CAZARES PABLO","cultivo":"Cacahuate","superficie_fisica_ha":7,"superficie_riego_ha":7,"hectareas":4.156},"geometry":{"type":"Polygon","coordinates":[[[-105.417292,28.282548],[-105.423288,28.28326],[-105.423273,28.283783],[-105.423176,28.283879],[-105.423027,28.283893],[-105.417564,28.283231],[-105.417292,28.282548]]]}},{"type":"Feature","properties":{"modulo":4,"idparcela":"1799","productor":"SOLIS CAZARES PABLO","cultivo":"Cacahuate","superficie_fisica_ha":7,"superficie_riego_ha":7,"hectareas":2.73},"geometry":{"type":"Polygon","coordinates":[[[-105.413304,28.282049],[-105.415113,28.282268],[-105.416826,28.28245],[-105.417124,28.283197],[-105.416056,28.283061],[-105.413281,28.28272],[-105.413304,28.282049]]]}},{"type":"Feature","properties":{"modulo":4,"idparcela":"1827","productor":"ZUBIA JIMENEZ JUAN LUIS","cultivo":"Chile verde","superficie_fisica_ha":2.67,"superficie_riego_ha":2,"hectareas":2.538},"geometry":{"type":"Polygon","coordinates":[[[-105.409387,28.280904],[-105.411364,28.281133],[-105.413157,28.281357],[-105.413139,28.282017],[-105.411689,28.281828],[-105.409787,28.281614],[-105.409545,28.281162],[-105.409387,28.280904]]]}},{"type":"Feature","properties":{"modulo":4,"idparcela":"1973","productor":"MELENDEZ GONZALEZ JORGE EFREN","cultivo":"Chile verde","superficie_fisica_ha":7.01,"superficie_riego_ha":7.01,"hectareas":4.803},"geometry":{"type":"Polygon","coordinates":[[[-105.417023,28.281796],[-105.418017,28.281907],[-105.420394,28.282194],[-105.423307,28.282543],[-105.423288,28.28326],[-105.417292,28.282548],[-105.417023,28.281796]]]}},{"type":"Feature","properties":{"modulo":4,"idparcela":"1973","productor":"MELENDEZ GONZALEZ JORGE EFREN","cultivo":"Chile verde","superficie_fisica_ha":7.01,"superficie_riego_ha":7.01,"hectareas":2.511},"geometry":{"type":"Polygon","coordinates":[[[-105.413327,28.281375],[-105.41658,28.281743],[-105.416826,28.28245],[-105.415113,28.282268],[-105.413304,28.282049],[-105.413327,28.281375]]]}},{"type":"Feature","properties":{"modulo":4,"idparcela":"1747","productor":"QUINTANA PORTILLO GILBERTO","cultivo":"Ma­z","superficie_fisica_ha":4,"superficie_riego_ha":4,"hectareas":2.417},"geometry":{"type":"Polygon","coordinates":[[[-105.409192,28.280309],[-105.41318,28.280772],[-105.413157,28.281357],[-105.411364,28.281133],[-105.409387,28.280904],[-105.409192,28.280309]]]}},{"type":"Feature","properties":{"modulo":4,"idparcela":"1763","productor":"MELENDEZ GONZALEZ JORGE EFREN","cultivo":"Chile verde","superficie_fisica_ha":7.02,"superficie_riego_ha":6.19,"hectareas":3.876},"geometry":{"type":"Polygon","coordinates":[[[-105.416782,28.281202],[-105.419672,28.281558],[-105.423335,28.281975],[-105.423307,28.282543],[-105.420394,28.282194],[-105.418017,28.281907],[-105.417023,28.281796],[-105.416782,28.281202]]]}},{"type":"Feature","properties":{"modulo":4,"idparcela":"1763","productor":"MELENDEZ GONZALEZ JORGE EFREN","cultivo":"Chile verde","superficie_fisica_ha":7.02,"superficie_riego_ha":6.19,"hectareas":1.943},"geometry":{"type":"Polygon","coordinates":[[[-105.413347,28.280803],[-105.414839,28.280971],[-105.416348,28.281145],[-105.41658,28.281743],[-105.413327,28.281375],[-105.413347,28.280803]]]}},{"type":"Feature","properties":{"modulo":4,"idparcela":"1772","productor":"CHAVIRA AYALA DAVID OMAR","cultivo":"Cacahuate","superficie_fisica_ha":4,"superficie_riego_ha":4,"hectareas":2.826},"geometry":{"type":"Polygon","coordinates":[[[-105.409079,28.279646],[-105.411551,28.279941],[-105.413214,28.280144],[-105.41318,28.280772],[-105.409192,28.280309],[-105.409135,28.279983],[-105.409079,28.279646]]]}},{"type":"Feature","properties":{"modulo":4,"idparcela":"1806","productor":"MELENDEZ GONZALEZ JORGE EFREN","cultivo":"Sin Cultivo","superficie_fisica_ha":6.5,"superficie_riego_ha":6.5,"hectareas":4.958},"geometry":{"type":"Polygon","coordinates":[[[-105.416519,28.280519],[-105.416556,28.280519],[-105.416621,28.280517],[-105.41989,28.280889],[-105.423358,28.281299],[-105.423335,28.281975],[-105.419672,28.281558],[-105.416782,28.281202],[-105.416519,28.280519]]]}},{"type":"Feature","properties":{"modulo":4,"idparcela":"1806","productor":"MELENDEZ GONZALEZ JORGE EFREN","cultivo":"Sin Cultivo","superficie_fisica_ha":6.5,"superficie_riego_ha":6.5,"hectareas":2.035},"geometry":{"type":"Polygon","coordinates":[[[-105.413369,28.280152],[-105.416098,28.280457],[-105.416243,28.280841],[-105.416348,28.281145],[-105.414839,28.280971],[-105.413347,28.280803],[-105.413369,28.280152]]]}},{"type":"Feature","properties":{"modulo":4,"idparcela":"1862","productor":"SAENZ HERNANDEZ RAMON","cultivo":"Ajo","superficie_fisica_ha":3.5,"superficie_riego_ha":3.5,"hectareas":4.029},"geometry":{"type":"Polygon","coordinates":[[[-105.403108,28.278303],[-105.408595,28.278922],[-105.408683,28.279258],[-105.408761,28.279609],[-105.406677,28.279372],[-105.406489,28.27935],[-105.406328,28.279332],[-105.403052,28.278953],[-105.40307,28.278601],[-105.403108,28.278303]]]}},{"type":"Feature","properties":{"modulo":4,"idparcela":"1862","productor":"SAENZ HERNANDEZ RAMON","cultivo":"Ajo","superficie_fisica_ha":3.5,"superficie_riego_ha":3.5,"hectareas":2.99},"geometry":{"type":"Polygon","coordinates":[[[-105.408916,28.278977],[-105.413228,28.279485],[-105.413214,28.280144],[-105.411551,28.279941],[-105.409079,28.279646],[-105.409004,28.279337],[-105.408916,28.278977]]]}},{"type":"Feature","properties":{"modulo":4,"idparcela":"1800","productor":"MALDONADO LOPEZ MANUEL IVAN","cultivo":"Chile verde","superficie_fisica_ha":7,"superficie_riego_ha":7,"hectareas":4.803},"geometry":{"type":"Polygon","coordinates":[[[-105.416224,28.279819],[-105.417933,28.280026],[-105.420283,28.280307],[-105.423382,28.280676],[-105.423358,28.281299],[-105.41989,28.280889],[-105.416621,28.280517],[-105.416556,28.280519],[-105.416519,28.280519],[-105.416224,28.279819]]]}},{"type":"Feature","properties":{"modulo":4,"idparcela":"1863","productor":"MELENDEZ GONZALEZ JORGE EFREN","cultivo":"Cacahuate","superficie_fisica_ha":13.06,"superficie_riego_ha":12.09,"hectareas":2.623},"geometry":{"type":"Polygon","coordinates":[[[-105.415908,28.279781],[-105.414191,28.279601],[-105.413385,28.279522],[-105.413435,28.278238],[-105.414388,28.278304],[-105.41492,28.278721],[-105.415438,28.279174],[-105.415721,28.279462],[-105.415819,28.279626],[-105.415908,28.279781]]]}},{"type":"Feature","properties":{"modulo":4,"idparcela":"1800","productor":"MALDONADO LOPEZ MANUEL IVAN","cultivo":"Chile verde","superficie_fisica_ha":7,"superficie_riego_ha":7,"hectareas":1.834},"geometry":{"type":"Polygon","coordinates":[[[-105.413385,28.279522],[-105.414191,28.279601],[-105.415908,28.279781],[-105.416098,28.280457],[-105.413369,28.280152],[-105.413385,28.279522]]]}},{"type":"Feature","properties":{"modulo":4,"idparcela":"1983","productor":"GUERRERO VITOLAS LUIS","cultivo":"Chile verde","superficie_fisica_ha":5,"superficie_riego_ha":5,"hectareas":3.574},"geometry":{"type":"Polygon","coordinates":[[[-105.403309,28.277735],[-105.408082,28.278219],[-105.408458,28.278261],[-105.408528,28.278556],[-105.408595,28.278922],[-105.403108,28.278303],[-105.403309,28.277735]]]}},{"type":"Feature","properties":{"modulo":4,"idparcela":"1983","productor":"GUERRERO VITOLAS LUIS","cultivo":"Chile verde","superficie_fisica_ha":5,"superficie_riego_ha":5,"hectareas":3.355},"geometry":{"type":"Polygon","coordinates":[[[-105.408764,28.27829],[-105.413247,28.27875],[-105.413228,28.279485],[-105.408916,28.278977],[-105.40883,28.278627],[-105.408764,28.27829]]]}},{"type":"Feature","properties":{"modulo":4,"idparcela":"1869","productor":"GUERRERO VITOLAS LUIS","cultivo":"Chile verde","superficie_fisica_ha":4,"superficie_riego_ha":4,"hectareas":3.661},"geometry":{"type":"Polygon","coordinates":[[[-105.403575,28.27705],[-105.405497,28.277271],[-105.407913,28.277554],[-105.408008,28.277565],[-105.408218,28.277592],[-105.408378,28.277613],[-105.408461,28.277999],[-105.408426,28.278146],[-105.408458,28.278261],[-105.408082,28.278219],[-105.403309,28.277735],[-105.403575,28.27705]]]}},{"type":"Feature","properties":{"modulo":4,"idparcela":"1869","productor":"GUERRERO VITOLAS LUIS","cultivo":"Chile verde","superficie_fisica_ha":4,"superficie_riego_ha":4,"hectareas":2.992},"geometry":{"type":"Polygon","coordinates":[[[-105.408581,28.277635],[-105.410907,28.277906],[-105.413266,28.278183],[-105.413247,28.27875],[-105.408764,28.27829],[-105.408673,28.277981],[-105.408581,28.277635]]]}},{"type":"Feature","properties":{"modulo":4,"idparcela":"1863","productor":"MELENDEZ GONZALEZ JORGE EFREN","cultivo":"Cacahuate","superficie_fisica_ha":13.06,"superficie_riego_ha":12.09,"hectareas":10.363},"geometry":{"type":"Polygon","coordinates":[[[-105.423382,28.280676],[-105.420283,28.280307],[-105.417933,28.280026],[-105.416224,28.279819],[-105.416139,28.279606],[-105.416012,28.279394],[-105.415892,28.279212],[-105.415692,28.278986],[-105.415386,28.278695],[-105.415077,28.278431],[-105.415933,28.278524],[-105.423427,28.27944],[-105.423382,28.280676]]]}},{"type":"Feature","properties":{"modulo":4,"idparcela":"1809","productor":"ARMENDARIZ MARTINEZ CELIA","cultivo":"Sin Cultivo","superficie_fisica_ha":7.01,"superficie_riego_ha":7.01,"hectareas":6.339},"geometry":{"type":"Polygon","coordinates":[[[-105.414225,28.277712],[-105.414427,28.277727],[-105.415882,28.277887],[-105.422,28.278563],[-105.42343,28.278744],[-105.423427,28.27944],[-105.415933,28.278524],[-105.415077,28.278431],[-105.414225,28.277712]]]}},{"type":"Feature","properties":{"modulo":4,"idparcela":"1867","productor":"ARMENDARIZ MARTINEZ VICENTE","cultivo":"Sin Cultivo","superficie_fisica_ha":7.02,"superficie_riego_ha":7.02,"hectareas":6.344},"geometry":{"type":"Polygon","coordinates":[[[-105.413493,28.276992],[-105.41523,28.277173],[-105.422429,28.27804],[-105.423422,28.278154],[-105.423426,28.278474],[-105.42343,28.278744],[-105.422,28.278563],[-105.415882,28.277887],[-105.414427,28.277727],[-105.414225,28.277712],[-105.413486,28.277078],[-105.413493,28.276992]]]}},{"type":"Feature","properties":{"modulo":4,"idparcela":"1781","productor":"GUERRERO VITOLAS LUIS","cultivo":"Chile verde","superficie_fisica_ha":4,"superficie_riego_ha":4,"hectareas":2.998},"geometry":{"type":"Polygon","coordinates":[[[-105.40378,28.276431],[-105.405776,28.276666],[-105.407686,28.276857],[-105.407948,28.277265],[-105.408025,28.277394],[-105.408181,28.277476],[-105.408378,28.277613],[-105.408218,28.277592],[-105.408008,28.277565],[-105.407913,28.277554],[-105.405497,28.277271],[-105.403575,28.27705],[-105.40378,28.276431]]]}},{"type":"Feature","properties":{"modulo":4,"idparcela":"1781","productor":"GUERRERO VITOLAS LUIS","cultivo":"Chile verde","superficie_fisica_ha":4,"superficie_riego_ha":4,"hectareas":3.461},"geometry":{"type":"Polygon","coordinates":[[[-105.40833,28.276955],[-105.413288,28.277518],[-105.413266,28.278183],[-105.410907,28.277906],[-105.408581,28.277635],[-105.408403,28.277289],[-105.40833,28.276955]]]}},{"type":"Feature","properties":{"modulo":4,"idparcela":"1831","productor":"GUERRERO VITOLAS LUIS","cultivo":"Chile verde","superficie_fisica_ha":3.5,"superficie_riego_ha":3,"hectareas":2.318},"geometry":{"type":"Polygon","coordinates":[[[-105.407686,28.276857],[-105.405776,28.276666],[-105.40378,28.276431],[-105.403882,28.276218],[-105.404073,28.275872],[-105.405737,28.276063],[-105.407241,28.276217],[-105.407336,28.276227],[-105.407686,28.276857]]]}},{"type":"Feature","properties":{"modulo":4,"idparcela":"1831","productor":"GUERRERO VITOLAS LUIS","cultivo":"Chile verde","superficie_fisica_ha":3.5,"superficie_riego_ha":3,"hectareas":3.259},"geometry":{"type":"Polygon","coordinates":[[[-105.407728,28.276276],[-105.41208,28.276751],[-105.412148,28.276915],[-105.412292,28.276986],[-105.412591,28.277071],[-105.412981,28.277166],[-105.41319,28.277236],[-105.413294,28.277324],[-105.413288,28.277518],[-105.40833,28.276955],[-105.408094,28.276874],[-105.407859,28.276509],[-105.407728,28.276276]]]}},{"type":"Feature","properties":{"modulo":4,"idparcela":"1851","productor":"GARCIA GARCIA GUADALUPE","cultivo":"Sin Cultivo","superficie_fisica_ha":7,"superficie_riego_ha":6.265,"hectareas":0.819},"geometry":{"type":"Polygon","coordinates":[[[-105.412115,28.276121],[-105.412715,28.276172],[-105.413351,28.276238],[-105.413329,28.276948],[-105.412917,28.276876],[-105.412305,28.276763],[-105.412236,28.276548],[-105.412172,28.276306],[-105.412115,28.276121]]]}},{"type":"Feature","properties":{"modulo":4,"idparcela":"1808","productor":"MINJAREZ PAEZ MANUEL","cultivo":"Sin Cultivo","superficie_fisica_ha":7.01,"superficie_riego_ha":7.01,"hectareas":8.229},"geometry":{"type":"Polygon","coordinates":[[[-105.423422,28.278154],[-105.422429,28.27804],[-105.41523,28.277173],[-105.413493,28.276992],[-105.413539,28.276248],[-105.418274,28.27678],[-105.418294,28.276815],[-105.4184,28.276798],[-105.423107,28.27732],[-105.423154,28.277359],[-105.423325,28.277409],[-105.423611,28.277786],[-105.423422,28.278154]]]}},{"type":"Feature","properties":{"modulo":4,"idparcela":"1851","productor":"GARCIA GARCIA GUADALUPE","cultivo":"Sin Cultivo","superficie_fisica_ha":7,"superficie_riego_ha":6.265,"hectareas":2.102},"geometry":{"type":"Polygon","coordinates":[[[-105.403888,28.27517],[-105.404949,28.275279],[-105.406059,28.275417],[-105.406679,28.275776],[-105.407135,28.276052],[-105.407231,28.276115],[-105.407336,28.276227],[-105.407241,28.276217],[-105.405737,28.276063],[-105.404073,28.275872],[-105.403991,28.275794],[-105.403925,28.275683],[-105.403891,28.275514],[-105.403888,28.27517]]]}},{"type":"Feature","properties":{"modulo":4,"idparcela":"1851","productor":"GARCIA GARCIA GUADALUPE","cultivo":"Sin Cultivo","superficie_fisica_ha":7,"superficie_riego_ha":6.265,"hectareas":3.503},"geometry":{"type":"Polygon","coordinates":[[[-105.406526,28.275473],[-105.411801,28.276025],[-105.41208,28.276751],[-105.407728,28.276276],[-105.407613,28.276102],[-105.407449,28.275991],[-105.406526,28.275473]]]}},{"type":"Feature","properties":{"modulo":4,"idparcela":"1792","productor":"GARCIA SAENZ ARTURO","cultivo":"Sin Cultivo","superficie_fisica_ha":3.5,"superficie_riego_ha":3.5,"hectareas":0.812},"geometry":{"type":"Polygon","coordinates":[[[-105.411948,28.275537],[-105.412686,28.275613],[-105.413367,28.275661],[-105.413351,28.276238],[-105.412715,28.276172],[-105.412115,28.276121],[-105.411948,28.275537]]]}},{"type":"Feature","properties":{"modulo":4,"idparcela":"1792","productor":"GARCIA SAENZ ARTURO","cultivo":"Sin Cultivo","superficie_fisica_ha":3.5,"superficie_riego_ha":3.5,"hectareas":1.161},"geometry":{"type":"Polygon","coordinates":[[[-105.403879,28.274597],[-105.404762,28.274684],[-105.405418,28.274746],[-105.405646,28.274998],[-105.406059,28.275417],[-105.404949,28.275279],[-105.403888,28.27517],[-105.403879,28.274597]]]}},{"type":"Feature","properties":{"modulo":4,"idparcela":"1792","productor":"GARCIA SAENZ ARTURO","cultivo":"Sin Cultivo","superficie_fisica_ha":3.5,"superficie_riego_ha":3.5,"hectareas":3.362},"geometry":{"type":"Polygon","coordinates":[[[-105.40568,28.274793],[-105.408743,28.275152],[-105.411591,28.275492],[-105.411801,28.276025],[-105.406526,28.275473],[-105.405933,28.275074],[-105.40568,28.274793]]]}},{"type":"Feature","properties":{"modulo":4,"idparcela":"1753","productor":"DURAN FLORES ARMIDA EMMA","cultivo":"Trigo","superficie_fisica_ha":4.25,"superficie_riego_ha":2.73,"hectareas":1.152},"geometry":{"type":"Polygon","coordinates":[[[-105.411744,28.274808],[-105.41339,28.274975],[-105.413367,28.275661],[-105.412686,28.275613],[-105.411948,28.275537],[-105.41196,28.275427],[-105.411744,28.274808]]]}},{"type":"Feature","properties":{"modulo":4,"idparcela":"1751","productor":"DURAN FLORES ROSA GUADALUP","cultivo":"Trigo","superficie_fisica_ha":4.25,"superficie_riego_ha":3,"hectareas":0.329},"geometry":{"type":"Polygon","coordinates":[[[-105.404663,28.273951],[-105.403853,28.273872],[-105.403834,28.273143],[-105.403921,28.273204],[-105.404663,28.273951]]]}},{"type":"Feature","properties":{"modulo":4,"idparcela":"1753","productor":"DURAN FLORES ARMIDA EMMA","cultivo":"Trigo","superficie_fisica_ha":4.25,"superficie_riego_ha":2.73,"hectareas":0.919},"geometry":{"type":"Polygon","coordinates":[[[-105.403853,28.273872],[-105.404663,28.273951],[-105.405418,28.274746],[-105.404762,28.274684],[-105.403879,28.274597],[-105.403853,28.273872]]]}},{"type":"Feature","properties":{"modulo":4,"idparcela":"1753","productor":"DURAN FLORES ARMIDA EMMA","cultivo":"Trigo","superficie_fisica_ha":4.25,"superficie_riego_ha":2.73,"hectareas":4.541},"geometry":{"type":"Polygon","coordinates":[[[-105.404929,28.274003],[-105.407883,28.27437],[-105.411362,28.274805],[-105.41154,28.27531],[-105.411591,28.275492],[-105.408743,28.275152],[-105.40568,28.274793],[-105.40554,28.274636],[-105.405448,28.274569],[-105.404929,28.274003]]]}},{"type":"Feature","properties":{"modulo":4,"idparcela":"1751","productor":"DURAN FLORES ROSA GUADALUP","cultivo":"Trigo","superficie_fisica_ha":4.25,"superficie_riego_ha":3,"hectareas":1.347},"geometry":{"type":"Polygon","coordinates":[[[-105.411485,28.274053],[-105.412439,28.274182],[-105.413408,28.274301],[-105.41339,28.274975],[-105.411744,28.274808],[-105.411485,28.274053]]]}},{"type":"Feature","properties":{"modulo":4,"idparcela":"1751","productor":"DURAN FLORES ROSA GUADALUP","cultivo":"Trigo","superficie_fisica_ha":4.25,"superficie_riego_ha":3,"hectareas":4.875},"geometry":{"type":"Polygon","coordinates":[[[-105.404251,28.273291],[-105.411155,28.274061],[-105.411362,28.274805],[-105.407883,28.27437],[-105.404929,28.274003],[-105.404251,28.273291]]]}},{"type":"Feature","properties":{"modulo":4,"idparcela":"1776","productor":"DURAN FLORES SOCORRO AIDA","cultivo":"Trigo","superficie_fisica_ha":3,"superficie_riego_ha":3,"hectareas":1.308},"geometry":{"type":"Polygon","coordinates":[[[-105.413408,28.274301],[-105.412439,28.274182],[-105.411485,28.274053],[-105.411309,28.273456],[-105.41146,28.273468],[-105.412816,28.273633],[-105.412966,28.273651],[-105.41347,28.273715],[-105.413408,28.274301]]]}},{"type":"Feature","properties":{"modulo":4,"idparcela":"1776","productor":"DURAN FLORES SOCORRO AIDA","cultivo":"Trigo","superficie_fisica_ha":3,"superficie_riego_ha":3,"hectareas":4.787},"geometry":{"type":"Polygon","coordinates":[[[-105.411155,28.274061],[-105.404251,28.273291],[-105.403801,28.272855],[-105.403787,28.272604],[-105.407919,28.273083],[-105.410963,28.27343],[-105.411155,28.274061]]]}},{"type":"Feature","properties":{"modulo":4,"idparcela":"1876","productor":"MALDONADO LOPEZ LEOPOLDO","cultivo":"Chile verde","superficie_fisica_ha":3,"superficie_riego_ha":3,"hectareas":1.562},"geometry":{"type":"Polygon","coordinates":[[[-105.411121,28.272823],[-105.411316,28.272837],[-105.413494,28.273055],[-105.41347,28.273715],[-105.412966,28.273651],[-105.412816,28.273633],[-105.41146,28.273468],[-105.411309,28.273456],[-105.411121,28.272823]]]}},{"type":"Feature","properties":{"modulo":4,"idparcela":"1876","productor":"MALDONADO LOPEZ LEOPOLDO","cultivo":"Chile verde","superficie_fisica_ha":3,"superficie_riego_ha":3,"hectareas":5.046},"geometry":{"type":"Polygon","coordinates":[[[-105.403798,28.271966],[-105.407676,28.272398],[-105.410751,28.27272],[-105.410813,28.272925],[-105.410963,28.27343],[-105.407919,28.273083],[-105.403787,28.272604],[-105.403774,28.272358],[-105.403798,28.271966]]]}},{"type":"Feature","properties":{"modulo":4,"idparcela":"1854","productor":"MARTINEZ VITOLAS ANTONIO","cultivo":"Alfalfa","superficie_fisica_ha":3.5,"superficie_riego_ha":3.5,"hectareas":1.648},"geometry":{"type":"Polygon","coordinates":[[[-105.410944,28.272176],[-105.412258,28.272311],[-105.413499,28.272451],[-105.413494,28.273055],[-105.411316,28.272837],[-105.411121,28.272823],[-105.410944,28.272176]]]}},{"type":"Feature","properties":{"modulo":4,"idparcela":"1854","productor":"MARTINEZ VITOLAS ANTONIO","cultivo":"Alfalfa","superficie_fisica_ha":3.5,"superficie_riego_ha":3.5,"hectareas":4.647},"geometry":{"type":"Polygon","coordinates":[[[-105.403815,28.27133],[-105.404186,28.271364],[-105.407756,28.271775],[-105.410599,28.272121],[-105.410751,28.27272],[-105.407676,28.272398],[-105.403798,28.271966],[-105.403815,28.27133]]]}},{"type":"Feature","properties":{"modulo":4,"idparcela":"1848","productor":"MADRIGAL MADRIGAL MIGUEL A.","cultivo":"Cacahuate","superficie_fisica_ha":4,"superficie_riego_ha":4,"hectareas":2.862},"geometry":{"type":"Polygon","coordinates":[[[-105.413521,28.271735],[-105.412089,28.271582],[-105.410058,28.271346],[-105.409918,28.271321],[-105.40979,28.271251],[-105.408747,28.27064],[-105.408297,28.270346],[-105.413512,28.271283],[-105.413521,28.271735]]]}},{"type":"Feature","properties":{"modulo":4,"idparcela":"1860","productor":"GARCIA ORDU¥EZ JUAN","cultivo":"Mel½n","superficie_fisica_ha":3,"superficie_riego_ha":2,"hectareas":2.196},"geometry":{"type":"Polygon","coordinates":[[[-105.410058,28.271346],[-105.412089,28.271582],[-105.413521,28.271735],[-105.413499,28.272451],[-105.412258,28.272311],[-105.410944,28.272176],[-105.410878,28.27193],[-105.410774,28.271759],[-105.410544,28.271591],[-105.410058,28.271346]]]}},{"type":"Feature","properties":{"modulo":4,"idparcela":"1848","productor":"MADRIGAL MADRIGAL MIGUEL A.","cultivo":"Cacahuate","superficie_fisica_ha":4,"superficie_riego_ha":4,"hectareas":4.438},"geometry":{"type":"Polygon","coordinates":[[[-105.409317,28.271285],[-105.403988,28.270678],[-105.403707,28.270653],[-105.403709,28.270273],[-105.403681,28.269678],[-105.407506,28.27028],[-105.407882,28.270458],[-105.408792,28.270996],[-105.409317,28.271285]]]}},{"type":"Feature","properties":{"modulo":4,"idparcela":"1860","productor":"GARCIA ORDU¥EZ JUAN","cultivo":"Mel½n","superficie_fisica_ha":3,"superficie_riego_ha":2,"hectareas":4.522},"geometry":{"type":"Polygon","coordinates":[[[-105.403707,28.270653],[-105.403988,28.270678],[-105.409317,28.271285],[-105.410599,28.272121],[-105.407756,28.271775],[-105.404186,28.271364],[-105.403815,28.27133],[-105.403748,28.271284],[-105.403716,28.271206],[-105.403707,28.270653]]]}},{"type":"Feature","properties":{"modulo":4,"idparcela":"2385","productor":"ORTEGA ESPINO RAFAEL","cultivo":"Alfalfa","superficie_fisica_ha":4.55,"superficie_riego_ha":4.55,"hectareas":3.343},"geometry":{"type":"Polygon","coordinates":[[[-105.471107,28.234593],[-105.471034,28.234644],[-105.470943,28.234626],[-105.470826,28.234498],[-105.470742,28.234364],[-105.470579,28.234206],[-105.470386,28.234009],[-105.470245,28.233821],[-105.470092,28.233618],[-105.469956,28.23342],[-105.469905,28.23325],[-105.469908,28.232938],[-105.469914,28.232541],[-105.469908,28.232108],[-105.469831,28.231846],[-105.471953,28.233078],[-105.471107,28.234593]]]}},{"type":"Feature","properties":{"modulo":4,"idparcela":"2388","productor":"GAMBOA REYES IVAN","cultivo":"Alfalfa","superficie_fisica_ha":2.3669,"superficie_riego_ha":2.225,"hectareas":2.265},"geometry":{"type":"Polygon","coordinates":[[[-105.472122,28.230937],[-105.472239,28.230742],[-105.472438,28.23043],[-105.472521,28.230157],[-105.472567,28.22988],[-105.472653,28.22953],[-105.472712,28.229401],[-105.472876,28.229306],[-105.473486,28.229107],[-105.473975,28.229394],[-105.472879,28.231398],[-105.472122,28.230937]]]}},{"type":"Feature","properties":{"modulo":4,"idparcela":"2386","productor":"REAZA VDA. DE LERMA PETRA","cultivo":"Ma­z","superficie_fisica_ha":3.9,"superficie_riego_ha":3.9,"hectareas":4.336},"geometry":{"type":"Polygon","coordinates":[[[-105.469831,28.231846],[-105.469741,28.231654],[-105.46965,28.231473],[-105.469558,28.231304],[-105.469554,28.231147],[-105.469627,28.231023],[-105.46971,28.23098],[-105.469912,28.230975],[-105.470148,28.231],[-105.470286,28.231038],[-105.470626,28.231112],[-105.470841,28.231217],[-105.471221,28.231242],[-105.471601,28.231183],[-105.471963,28.23106],[-105.472122,28.230937],[-105.472879,28.231398],[-105.471953,28.233078],[-105.469831,28.231846]]]}},{"type":"Feature","properties":{"modulo":4,"idparcela":"2405","productor":"LOPEZ DE SOLIS MA.ELENA","cultivo":"Sin Cultivo","superficie_fisica_ha":1,"superficie_riego_ha":1,"hectareas":0.999},"geometry":{"type":"Polygon","coordinates":[[[-105.467825,28.232958],[-105.468413,28.233013],[-105.469091,28.233061],[-105.469148,28.233996],[-105.468827,28.234255],[-105.467825,28.232958]]]}},{"type":"Feature","properties":{"modulo":4,"idparcela":"2398","productor":"DOMINGUEZ CARRASCO LORENZO","cultivo":"Ma­z","superficie_fisica_ha":3.305,"superficie_riego_ha":2.8,"hectareas":3.196},"geometry":{"type":"Polygon","coordinates":[[[-105.466562,28.230341],[-105.466373,28.23006],[-105.466205,28.229645],[-105.469574,28.2287],[-105.469668,28.229053],[-105.469676,28.229684],[-105.467559,28.230131],[-105.466562,28.230341]]]}},{"type":"Feature","properties":{"modulo":4,"idparcela":"2369","productor":"ALONSO VILLA JOSE ANTONIO","cultivo":"Alfalfa","superficie_fisica_ha":6.575,"superficie_riego_ha":6.575,"hectareas":6.935},"geometry":{"type":"Polygon","coordinates":[[[-105.466205,28.229645],[-105.466078,28.22931],[-105.465623,28.227879],[-105.468966,28.226971],[-105.468968,28.227014],[-105.469174,28.227844],[-105.46948,28.228195],[-105.469574,28.2287],[-105.466205,28.229645]]]}},{"type":"Feature","properties":{"modulo":4,"idparcela":"2367","productor":"LEVARIO LARA GREGORIO","cultivo":"Nogal (Nuez)","superficie_fisica_ha":3.7612,"superficie_riego_ha":3.725,"hectareas":3.593},"geometry":{"type":"Polygon","coordinates":[[[-105.465623,28.227879],[-105.465371,28.227088],[-105.4689,28.225928],[-105.468934,28.22643],[-105.468966,28.226971],[-105.465623,28.227879]]]}},{"type":"Feature","properties":{"modulo":4,"idparcela":"2365","productor":"ORTEGA ORTEGA RAMIRO","cultivo":"Sin Cultivo","superficie_fisica_ha":3.8,"superficie_riego_ha":3.8,"hectareas":3.809},"geometry":{"type":"Polygon","coordinates":[[[-105.465371,28.227088],[-105.465038,28.226161],[-105.46886,28.225054],[-105.468872,28.225464],[-105.4689,28.225928],[-105.465371,28.227088]]]}},{"type":"Feature","properties":{"modulo":4,"idparcela":"2363","productor":"JIMENEZ LOPEZ EZEQUIEL","cultivo":"Sin Cultivo","superficie_fisica_ha":3.7,"superficie_riego_ha":3.7,"hectareas":3.888},"geometry":{"type":"Polygon","coordinates":[[[-105.465038,28.226161],[-105.464722,28.225227],[-105.468089,28.224307],[-105.468312,28.22453],[-105.468663,28.224795],[-105.46886,28.225054],[-105.465038,28.226161]]]}},{"type":"Feature","properties":{"modulo":4,"idparcela":"2361","productor":"HERNANDEZ JIMENEZ ANTONIO","cultivo":"Alfalfa","superficie_fisica_ha":5.2294,"superficie_riego_ha":5.2294,"hectareas":5.054},"geometry":{"type":"Polygon","coordinates":[[[-105.466846,28.222811],[-105.467193,28.224552],[-105.464722,28.225227],[-105.464464,28.224465],[-105.464219,28.223776],[-105.464238,28.223576],[-105.466846,28.222811]]]}},{"type":"Feature","properties":{"modulo":4,"idparcela":"2359","productor":"CHACON GONZALEZ UBALDO","cultivo":"Ma­z","superficie_fisica_ha":3.725,"superficie_riego_ha":3.725,"hectareas":3.826},"geometry":{"type":"Polygon","coordinates":[[[-105.464238,28.223576],[-105.46481,28.222375],[-105.468695,28.221417],[-105.468615,28.221491],[-105.468086,28.222057],[-105.467872,28.22251],[-105.464238,28.223576]]]}},{"type":"Feature","properties":{"modulo":4,"idparcela":"2357","productor":"GAMBOA LAZCANO AMADA","cultivo":"Alfalfa","superficie_fisica_ha":4.1,"superficie_riego_ha":4.1,"hectareas":3.507},"geometry":{"type":"Polygon","coordinates":[[[-105.46528,28.221314],[-105.469568,28.220624],[-105.468695,28.221417],[-105.46481,28.222375],[-105.46528,28.221314]]]}},{"type":"Feature","properties":{"modulo":4,"idparcela":"2326","productor":"CASTILLO MARTA ROSA ELENA","cultivo":"Ma­z","superficie_fisica_ha":6.0656,"superficie_riego_ha":4.325,"hectareas":5.06},"geometry":{"type":"Polygon","coordinates":[[[-105.469568,28.220624],[-105.46528,28.221314],[-105.46567,28.220278],[-105.469934,28.219512],[-105.470137,28.219643],[-105.470294,28.219745],[-105.470356,28.219828],[-105.470347,28.219944],[-105.469618,28.220615],[-105.469568,28.220624]]]}},{"type":"Feature","properties":{"modulo":4,"idparcela":"2356","productor":"LOPEZ GARCIA RODOLFO","cultivo":"Alfalfa","superficie_fisica_ha":7.7,"superficie_riego_ha":7.7,"hectareas":7.182},"geometry":{"type":"Polygon","coordinates":[[[-105.46567,28.220278],[-105.465877,28.219815],[-105.466185,28.218925],[-105.466326,28.218595],[-105.466443,28.218339],[-105.466477,28.218092],[-105.466982,28.216866],[-105.467485,28.217303],[-105.468079,28.217926],[-105.468316,28.218158],[-105.469131,28.218876],[-105.469934,28.219512],[-105.46567,28.220278]]]}},{"type":"Feature","properties":{"modulo":4,"idparcela":"2352","productor":"JIMENEZ CARRASCO ROSA","cultivo":"Alfalfa","superficie_fisica_ha":8.15,"superficie_riego_ha":8.15,"hectareas":3.579},"geometry":{"type":"Polygon","coordinates":[[[-105.471812,28.217565],[-105.473669,28.218525],[-105.473563,28.218912],[-105.473414,28.21936],[-105.473203,28.219674],[-105.4731,28.21984],[-105.472999,28.220192],[-105.472506,28.219741],[-105.472091,28.219492],[-105.471781,28.21935],[-105.471369,28.219217],[-105.471812,28.217565]]]}},{"type":"Feature","properties":{"modulo":4,"idparcela":"2035","productor":"TERRAZAS VILLALOBOS NICOLAS","cultivo":"Cacahuate","superficie_fisica_ha":5.6,"superficie_riego_ha":5.6,"hectareas":6.225},"geometry":{"type":"Polygon","coordinates":[[[-105.469857,28.216566],[-105.469691,28.21862],[-105.469518,28.218969],[-105.468587,28.217825],[-105.467661,28.216758],[-105.466554,28.215614],[-105.46725,28.215387],[-105.467195,28.214951],[-105.469871,28.21626],[-105.469857,28.216566]]]}},{"type":"Feature","properties":{"modulo":4,"idparcela":"2352","productor":"JIMENEZ CARRASCO ROSA","cultivo":"Alfalfa","superficie_fisica_ha":8.15,"superficie_riego_ha":8.15,"hectareas":4.959},"geometry":{"type":"Polygon","coordinates":[[[-105.469518,28.218969],[-105.469691,28.21862],[-105.469857,28.216566],[-105.471812,28.217565],[-105.471369,28.219217],[-105.470706,28.219767],[-105.470612,28.219769],[-105.470248,28.219492],[-105.469518,28.218969]]]}},{"type":"Feature","properties":{"modulo":4,"idparcela":"2350","productor":"MARTINEZ ONTIVEROS GUILLERMO","cultivo":"Sin Cultivo","superficie_fisica_ha":3.3879,"superficie_riego_ha":3.3879,"hectareas":3.323},"geometry":{"type":"Polygon","coordinates":[[[-105.474212,28.217208],[-105.474236,28.217949],[-105.474094,28.217992],[-105.473903,28.218081],[-105.473807,28.218172],[-105.473726,28.218325],[-105.473669,28.218525],[-105.471812,28.217565],[-105.47213,28.216315],[-105.474212,28.217208]]]}},{"type":"Feature","properties":{"modulo":4,"idparcela":"2351","productor":"MARTINEZ ONTIVEROS OCTAVIO ARMDO","cultivo":"Sin Cultivo","superficie_fisica_ha":2.9076,"superficie_riego_ha":2.9076,"hectareas":2.993},"geometry":{"type":"Polygon","coordinates":[[[-105.47213,28.216315],[-105.471812,28.217565],[-105.469857,28.216566],[-105.469871,28.21626],[-105.470115,28.215667],[-105.47004,28.215285],[-105.47213,28.216315]]]}},{"type":"Feature","properties":{"modulo":4,"idparcela":"2348","productor":"CHAVEZ RUIZ JORGE IVAN","cultivo":"Alfalfa","superficie_fisica_ha":4.15,"superficie_riego_ha":4.15,"hectareas":4.23},"geometry":{"type":"Polygon","coordinates":[[[-105.469522,28.213966],[-105.469553,28.213435],[-105.472449,28.215069],[-105.47213,28.216315],[-105.47004,28.215285],[-105.469522,28.213966]]]}},{"type":"Feature","properties":{"modulo":4,"idparcela":"2339","productor":"LEVARIO LARA GREGORIO","cultivo":"Sin Cultivo","superficie_fisica_ha":8,"superficie_riego_ha":8,"hectareas":7.219},"geometry":{"type":"Polygon","coordinates":[[[-105.467195,28.214951],[-105.467041,28.214541],[-105.466464,28.213184],[-105.46688,28.212639],[-105.468468,28.213442],[-105.469522,28.213966],[-105.47004,28.215285],[-105.470115,28.215667],[-105.469871,28.21626],[-105.467195,28.214951]]]}},{"type":"Feature","properties":{"modulo":4,"idparcela":"2338","productor":"HERNANDEZ HERNANDEZ LORENZO","cultivo":"Sin Cultivo","superficie_fisica_ha":6.225,"superficie_riego_ha":6.225,"hectareas":6.415},"geometry":{"type":"Polygon","coordinates":[[[-105.46688,28.212639],[-105.465769,28.212034],[-105.465515,28.210397],[-105.469617,28.212538],[-105.469553,28.213435],[-105.469522,28.213966],[-105.468468,28.213442],[-105.46688,28.212639]]]}},{"type":"Feature","properties":{"modulo":4,"idparcela":"2337","productor":"JIMENEZ GAMBOA LUIS FRANCISC","cultivo":"Sin Cultivo","superficie_fisica_ha":7.325,"superficie_riego_ha":7.325,"hectareas":8.014},"geometry":{"type":"Polygon","coordinates":[[[-105.470156,28.211161],[-105.469876,28.211719],[-105.469681,28.212181],[-105.469617,28.212538],[-105.465515,28.210397],[-105.465341,28.20862],[-105.470156,28.211161]]]}},{"type":"Feature","properties":{"modulo":4,"idparcela":"2336","productor":"RODRIGUEZ REY NIEVES","cultivo":"Sin Cultivo","superficie_fisica_ha":8.35,"superficie_riego_ha":8.35,"hectareas":9.184},"geometry":{"type":"Polygon","coordinates":[[[-105.465341,28.20862],[-105.465398,28.207952],[-105.465463,28.207519],[-105.465591,28.207038],[-105.466069,28.207287],[-105.46791,28.208279],[-105.470726,28.209822],[-105.470314,28.210857],[-105.470156,28.211161],[-105.465341,28.20862]]]}},{"type":"Feature","properties":{"modulo":4,"idparcela":"2334","productor":"ORTEGA ONTIVEROS MARIA","cultivo":"Sin Cultivo","superficie_fisica_ha":4.475,"superficie_riego_ha":4.475,"hectareas":4.638},"geometry":{"type":"Polygon","coordinates":[[[-105.471389,28.208594],[-105.470726,28.209822],[-105.46791,28.208279],[-105.468842,28.20719],[-105.471389,28.208594]]]}},{"type":"Feature","properties":{"modulo":4,"idparcela":"2346","productor":"HUERTA GAMBOA ALFREDO","cultivo":"Sin Cultivo","superficie_fisica_ha":4.225,"superficie_riego_ha":4.225,"hectareas":4.541},"geometry":{"type":"Polygon","coordinates":[[[-105.472548,28.214774],[-105.472449,28.215069],[-105.469553,28.213435],[-105.469617,28.212538],[-105.469681,28.212181],[-105.472791,28.213807],[-105.472548,28.214774]]]}},{"type":"Feature","properties":{"modulo":4,"idparcela":"2343","productor":"GOMEZ LARA JOSE ROBERTO","cultivo":"Alfalfa","superficie_fisica_ha":7.0928,"superficie_riego_ha":6.525,"hectareas":7.28},"geometry":{"type":"Polygon","coordinates":[[[-105.473099,28.211183],[-105.473014,28.21138],[-105.472987,28.211784],[-105.47296,28.212195],[-105.470314,28.210857],[-105.470726,28.209822],[-105.471389,28.208594],[-105.473659,28.209807],[-105.473099,28.211183]]]}},{"type":"Feature","properties":{"modulo":4,"idparcela":"2344","productor":"CHAVARRIA ONTIVEROS MACARIO","cultivo":"Sin Cultivo","superficie_fisica_ha":5.55,"superficie_riego_ha":5.55,"hectareas":5.241},"geometry":{"type":"Polygon","coordinates":[[[-105.469681,28.212181],[-105.469876,28.211719],[-105.470156,28.211161],[-105.470314,28.210857],[-105.47296,28.212195],[-105.472791,28.213807],[-105.469681,28.212181]]]}},{"type":"Feature","properties":{"modulo":4,"idparcela":"2354","productor":"CHAVEZ RUIZ JORGE IVAN","cultivo":"Alfalfa","superficie_fisica_ha":5.0605,"superficie_riego_ha":5,"hectareas":5.126},"geometry":{"type":"Polygon","coordinates":[[[-105.47296,28.212195],[-105.472987,28.211784],[-105.473014,28.21138],[-105.473099,28.211183],[-105.47408,28.211498],[-105.474099,28.212198],[-105.474112,28.213213],[-105.474195,28.215201],[-105.47266,28.214811],[-105.472548,28.214774],[-105.472791,28.213807],[-105.47296,28.212195]]]}},{"type":"Feature","properties":{"modulo":4,"idparcela":"2332","productor":"ALONSO VILLA JOSE ANTONIO","cultivo":"Alfalfa","superficie_fisica_ha":3.15,"superficie_riego_ha":3.15,"hectareas":3.276},"geometry":{"type":"Polygon","coordinates":[[[-105.467012,28.206125],[-105.468172,28.206805],[-105.468842,28.20719],[-105.46791,28.208279],[-105.466069,28.207287],[-105.467012,28.206125]]]}},{"type":"Feature","properties":{"modulo":4,"idparcela":"2331","productor":"FIERRO CARRILLO ALBERTO","cultivo":"Sin Cultivo","superficie_fisica_ha":7.35,"superficie_riego_ha":7.35,"hectareas":7.407},"geometry":{"type":"Polygon","coordinates":[[[-105.467012,28.206125],[-105.467939,28.204998],[-105.468726,28.205446],[-105.471911,28.207329],[-105.471389,28.208594],[-105.468842,28.20719],[-105.468172,28.206805],[-105.467012,28.206125]]]}},{"type":"Feature","properties":{"modulo":4,"idparcela":"2330","productor":"SANCHEZ BERNAL SAMUEL (TRASPASO DE DERECHO)","cultivo":"Sin Cultivo","superficie_fisica_ha":5.95,"superficie_riego_ha":5.95,"hectareas":6.58},"geometry":{"type":"Polygon","coordinates":[[[-105.469993,28.203945],[-105.470052,28.203893],[-105.470788,28.204664],[-105.471259,28.205096],[-105.472051,28.205306],[-105.472336,28.205333],[-105.47259,28.205589],[-105.471997,28.207097],[-105.471911,28.207329],[-105.468726,28.205446],[-105.469993,28.203945]]]}},{"type":"Feature","properties":{"modulo":4,"idparcela":"2327","productor":"RODRIGUEZ RAMIREZ J. REFUGIO","cultivo":"Sin Cultivo","superficie_fisica_ha":4.45,"superficie_riego_ha":4.45,"hectareas":1.814},"geometry":{"type":"Polygon","coordinates":[[[-105.472336,28.205333],[-105.472051,28.205306],[-105.471259,28.205096],[-105.470788,28.204664],[-105.470052,28.203893],[-105.469993,28.203945],[-105.469068,28.202945],[-105.469304,28.202934],[-105.469504,28.202959],[-105.4697,28.203016],[-105.469864,28.203111],[-105.470612,28.203798],[-105.472336,28.205333]]]}},{"type":"Feature","properties":{"modulo":4,"idparcela":"2329","productor":"VALLE DEL CONCHOS SPR DE RL DE CV","cultivo":"Nogal (Nuez)","superficie_fisica_ha":6.7984,"superficie_riego_ha":6.7984,"hectareas":9.03},"geometry":{"type":"Polygon","coordinates":[[[-105.465591,28.207038],[-105.465808,28.206283],[-105.466126,28.205463],[-105.466494,28.204581],[-105.466907,28.203792],[-105.467088,28.203453],[-105.467178,28.203268],[-105.467259,28.203094],[-105.467355,28.202991],[-105.467489,28.202937],[-105.469068,28.202945],[-105.469993,28.203945],[-105.468726,28.205446],[-105.467939,28.204998],[-105.467012,28.206125],[-105.466069,28.207287],[-105.465591,28.207038]]]}},{"type":"Feature","properties":{"modulo":4,"idparcela":"2340","productor":"RAMIREZ N ELENA","cultivo":"Sin Cultivo","superficie_fisica_ha":3.175,"superficie_riego_ha":3.175,"hectareas":3.051},"geometry":{"type":"Polygon","coordinates":[[[-105.472184,28.207136],[-105.472161,28.207068],[-105.472742,28.205661],[-105.473267,28.206095],[-105.473934,28.206877],[-105.474383,28.207524],[-105.474215,28.207681],[-105.474198,28.20818],[-105.474085,28.208196],[-105.474006,28.208241],[-105.472184,28.207136]]]}},{"type":"Feature","properties":{"modulo":4,"idparcela":"2342","productor":"SERNA LEVARIO LUIS CARLOS","cultivo":"Alfalfa","superficie_fisica_ha":5.3873,"superficie_riego_ha":5.25,"hectareas":5.721},"geometry":{"type":"Polygon","coordinates":[[[-105.471972,28.207163],[-105.472184,28.207136],[-105.474006,28.208241],[-105.47408,28.211498],[-105.473099,28.211183],[-105.473659,28.209807],[-105.471389,28.208594],[-105.471911,28.207329],[-105.471972,28.207163]]]}},{"type":"Feature","properties":{"modulo":4,"idparcela":"2410","productor":"GARCIA RODRIGUEZ GILBERTO","cultivo":"Chile verde","superficie_fisica_ha":5.4025,"superficie_riego_ha":5.4025,"hectareas":6.77},"geometry":{"type":"Polygon","coordinates":[[[-105.476453,28.210072],[-105.475905,28.212076],[-105.475897,28.212073],[-105.475095,28.211819],[-105.474453,28.211576],[-105.474375,28.211534],[-105.474327,28.21148],[-105.474311,28.211386],[-105.474277,28.208203],[-105.474198,28.20818],[-105.474215,28.207681],[-105.474383,28.207524],[-105.476453,28.210072]]]}},{"type":"Feature","properties":{"modulo":4,"idparcela":"2355","productor":"ORTEGA ESPINO FEDERICO","cultivo":"Ma­z","superficie_fisica_ha":7.825,"superficie_riego_ha":7.825,"hectareas":3.736},"geometry":{"type":"Polygon","coordinates":[[[-105.472449,28.215069],[-105.472548,28.214774],[-105.47266,28.214811],[-105.474195,28.215201],[-105.474212,28.217208],[-105.47213,28.216315],[-105.472449,28.215069]]]}},{"type":"Feature","properties":{"modulo":4,"idparcela":"2353","productor":"MARTA HERNANDEZ MARIA LIDIA","cultivo":"Ma­z","superficie_fisica_ha":7.4504,"superficie_riego_ha":6.5,"hectareas":7.1},"geometry":{"type":"Polygon","coordinates":[[[-105.47651,28.215854],[-105.475475,28.215579],[-105.474345,28.215267],[-105.474282,28.211695],[-105.475472,28.212083],[-105.476606,28.212431],[-105.476586,28.212601],[-105.476549,28.21278],[-105.476467,28.212981],[-105.476299,28.213382],[-105.476023,28.213964],[-105.475843,28.214374],[-105.47576,28.2147],[-105.475776,28.214973],[-105.475829,28.215104],[-105.475966,28.215234],[-105.476337,28.215403],[-105.476498,28.215496],[-105.476553,28.215657],[-105.47651,28.215854]]]}},{"type":"Feature","properties":{"modulo":4,"idparcela":"2355","productor":"ORTEGA ESPINO FEDERICO","cultivo":"Ma­z","superficie_fisica_ha":7.825,"superficie_riego_ha":7.825,"hectareas":4.55},"geometry":{"type":"Polygon","coordinates":[[[-105.474345,28.215267],[-105.475475,28.215579],[-105.47651,28.215854],[-105.476426,28.216165],[-105.476305,28.216459],[-105.476205,28.216695],[-105.476036,28.217065],[-105.475854,28.217435],[-105.475704,28.217685],[-105.475532,28.217814],[-105.475328,28.21787],[-105.475011,28.217928],[-105.474796,28.217957],[-105.474568,28.217969],[-105.474371,28.217962],[-105.474345,28.215267]]]}},{"type":"Feature","properties":{"modulo":4,"idparcela":"2412","productor":"REAZA JIMENEZ MARIA","cultivo":"Ma­z","superficie_fisica_ha":3.75,"superficie_riego_ha":3.75,"hectareas":2.287},"geometry":{"type":"Polygon","coordinates":[[[-105.476249,28.213923],[-105.47643,28.213577],[-105.476755,28.21297],[-105.476967,28.212534],[-105.477082,28.212155],[-105.477152,28.211751],[-105.477182,28.210997],[-105.478103,28.212138],[-105.476624,28.214327],[-105.476249,28.213923]]]}},{"type":"Feature","properties":{"modulo":4,"idparcela":"2414","productor":"GARCIA RODRIGUEZ MA DE JESUS","cultivo":"Alfalfa","superficie_fisica_ha":2.7337,"superficie_riego_ha":2.825,"hectareas":2.664},"geometry":{"type":"Polygon","coordinates":[[[-105.478103,28.212138],[-105.478278,28.212387],[-105.478494,28.212695],[-105.478663,28.212949],[-105.477283,28.215101],[-105.476624,28.214327],[-105.478103,28.212138]]]}},{"type":"Feature","properties":{"modulo":4,"idparcela":"2390","productor":"JIMENEZ GOMEZ RAMONA","cultivo":"Alfalfa","superficie_fisica_ha":4.4114,"superficie_riego_ha":4.4114,"hectareas":4.56},"geometry":{"type":"Polygon","coordinates":[[[-105.479082,28.214135],[-105.479324,28.21416],[-105.479482,28.214226],[-105.479557,28.214318],[-105.479595,28.214466],[-105.479764,28.215534],[-105.479813,28.216293],[-105.479796,28.216993],[-105.479736,28.217469],[-105.479686,28.217838],[-105.479662,28.217925],[-105.479613,28.217954],[-105.479554,28.217951],[-105.479498,28.217888],[-105.478067,28.216033],[-105.477889,28.21582],[-105.479082,28.214135]]]}},{"type":"Feature","properties":{"modulo":4,"idparcela":"2416","productor":"ONTIVEROS ALVAREZ JOSE LUIS","cultivo":"Alfalfa","superficie_fisica_ha":2.525,"superficie_riego_ha":2.525,"hectareas":2.4},"geometry":{"type":"Polygon","coordinates":[[[-105.478663,28.212949],[-105.478795,28.213268],[-105.478936,28.213692],[-105.479016,28.213988],[-105.479082,28.214135],[-105.477889,28.21582],[-105.477283,28.215101],[-105.478663,28.212949]]]}},{"type":"Feature","properties":{"modulo":4,"idparcela":"2396","productor":"LEVARIO ORTEGA EULALIO","cultivo":"Ma­z","superficie_fisica_ha":6.7319,"superficie_riego_ha":6.7319,"hectareas":6.394},"geometry":{"type":"Polygon","coordinates":[[[-105.4778,28.215894],[-105.479074,28.217495],[-105.479516,28.218065],[-105.479463,28.218658],[-105.479342,28.219132],[-105.478131,28.221699],[-105.477398,28.221288],[-105.477723,28.220468],[-105.477724,28.220467],[-105.478805,28.218497],[-105.476684,28.215897],[-105.476711,28.21579],[-105.476771,28.21567],[-105.476985,28.215434],[-105.477123,28.215316],[-105.477243,28.215216],[-105.4778,28.215894]]]}},{"type":"Feature","properties":{"modulo":4,"idparcela":"2397","productor":"ROGELIO GONZALEZ OROZCO","cultivo":"Nogal (Nuez)","superficie_fisica_ha":6.55,"superficie_riego_ha":6.55,"hectareas":7.482},"geometry":{"type":"Polygon","coordinates":[[[-105.475606,28.217903],[-105.475726,28.217841],[-105.475821,28.217724],[-105.476153,28.217086],[-105.47626,28.216877],[-105.4764,28.216608],[-105.47654,28.216291],[-105.476607,28.216131],[-105.476643,28.215998],[-105.476684,28.215897],[-105.478805,28.218497],[-105.477724,28.220467],[-105.477723,28.220468],[-105.476031,28.218494],[-105.475606,28.217903]]]}},{"type":"Feature","properties":{"modulo":4,"idparcela":"2395","productor":"ALONSO VILLA JOSE ANTONIO","cultivo":"Trigo","superficie_fisica_ha":6.3,"superficie_riego_ha":6.3,"hectareas":6.739},"geometry":{"type":"Polygon","coordinates":[[[-105.474369,28.221834],[-105.474193,28.221452],[-105.474072,28.221284],[-105.473647,28.220856],[-105.473109,28.22036],[-105.473071,28.220285],[-105.473108,28.220145],[-105.473153,28.219997],[-105.473207,28.219849],[-105.473501,28.219434],[-105.473592,28.219174],[-105.473724,28.218746],[-105.473805,28.218419],[-105.473876,28.21825],[-105.473968,28.218161],[-105.474096,28.218099],[-105.474243,28.218056],[-105.474391,28.218041],[-105.474521,28.21805],[-105.47479,28.218044],[-105.475094,28.21801],[-105.475312,28.217961],[-105.475464,28.217922],[-105.475606,28.217903],[-105.476031,28.218494],[-105.474369,28.221834]]]}},{"type":"Feature","properties":{"modulo":4,"idparcela":"2394","productor":"ROMERO CHACON PORFIRIO","cultivo":"Alfalfa","superficie_fisica_ha":8.6343,"superficie_riego_ha":7.7,"hectareas":8.856},"geometry":{"type":"Polygon","coordinates":[[[-105.47754,28.222749],[-105.476313,28.222226],[-105.475612,28.221932],[-105.474766,28.222181],[-105.474664,28.222137],[-105.474573,28.222067],[-105.474439,28.221951],[-105.474369,28.221834],[-105.476031,28.218494],[-105.477723,28.220468],[-105.477398,28.221288],[-105.478131,28.221699],[-105.47754,28.222749]]]}},{"type":"Feature","properties":{"modulo":4,"idparcela":"2393","productor":"ROMERO SERNA GUADALUPE","cultivo":"Ma­z","superficie_fisica_ha":9.9927,"superficie_riego_ha":8.65,"hectareas":9.162},"geometry":{"type":"Polygon","coordinates":[[[-105.474766,28.222181],[-105.475612,28.221932],[-105.476313,28.222226],[-105.47754,28.222749],[-105.476712,28.224317],[-105.475988,28.225607],[-105.47412,28.224616],[-105.473531,28.224286],[-105.473648,28.224052],[-105.473646,28.223742],[-105.473809,28.223432],[-105.47426,28.223084],[-105.474534,28.222828],[-105.4747,28.222636],[-105.474788,28.222498],[-105.474829,28.222347],[-105.474816,28.222246],[-105.474766,28.222181]]]}},{"type":"Feature","properties":{"modulo":4,"idparcela":"2349","productor":"SERNA LEVARIO LUIS CARLOS","cultivo":"Alfalfa","superficie_fisica_ha":4.325,"superficie_riego_ha":4.325,"hectareas":4.733},"geometry":{"type":"Polygon","coordinates":[[[-105.475121,28.227246],[-105.47428,28.226905],[-105.473842,28.226738],[-105.473736,28.226348],[-105.473569,28.225602],[-105.473424,28.225475],[-105.47325,28.225443],[-105.473195,28.225384],[-105.473197,28.22533],[-105.473237,28.225264],[-105.473356,28.225208],[-105.473464,28.225046],[-105.473531,28.224286],[-105.47412,28.224616],[-105.475988,28.225607],[-105.475121,28.227246]]]}},{"type":"Feature","properties":{"modulo":4,"idparcela":"2391","productor":"JIMENEZ GOMEZ MA.DE JESUS","cultivo":"Ma­z","superficie_fisica_ha":1.75,"superficie_riego_ha":1.75,"hectareas":1.846},"geometry":{"type":"Polygon","coordinates":[[[-105.473842,28.226738],[-105.47428,28.226905],[-105.475121,28.227246],[-105.474599,28.228261],[-105.474078,28.229279],[-105.473625,28.229026],[-105.473538,28.22894],[-105.473546,28.228828],[-105.473614,28.228742],[-105.473765,28.228573],[-105.473922,28.2284],[-105.474057,28.228183],[-105.474118,28.227994],[-105.47404,28.22754],[-105.473842,28.226738]]]}},{"type":"Feature","properties":{"modulo":4,"idparcela":"2427","productor":"LOPEZ SOLIS ROBERTO","cultivo":"Ma­z","superficie_fisica_ha":5.5,"superficie_riego_ha":5.37,"hectareas":5.399},"geometry":{"type":"Polygon","coordinates":[[[-105.471873,28.234461],[-105.475618,28.234971],[-105.478212,28.235294],[-105.478098,28.23609],[-105.47476,28.235608],[-105.471455,28.235162],[-105.471873,28.234461]]]}},{"type":"Feature","properties":{"modulo":4,"idparcela":"2426","productor":"LOPEZ CAMPOS MILTON","cultivo":"Ma­z","superficie_fisica_ha":5.3315,"superficie_riego_ha":5.3315,"hectareas":5.342},"geometry":{"type":"Polygon","coordinates":[[[-105.478212,28.235294],[-105.475618,28.234971],[-105.471873,28.234461],[-105.47223,28.23378],[-105.478345,28.23447],[-105.478212,28.235294]]]}},{"type":"Feature","properties":{"modulo":4,"idparcela":"2425","productor":"CARRASCO ORTEGA OTILIA","cultivo":"Ma­z","superficie_fisica_ha":5.3315,"superficie_riego_ha":5.3315,"hectareas":5.571},"geometry":{"type":"Polygon","coordinates":[[[-105.47223,28.23378],[-105.472646,28.232977],[-105.478468,28.233609],[-105.478345,28.23447],[-105.47223,28.23378]]]}},{"type":"Feature","properties":{"modulo":4,"idparcela":"2415","productor":"SAGARNAGA LARA JUAN DE DIOS","cultivo":"Alfalfa","superficie_fisica_ha":5.1405,"superficie_riego_ha":5.1405,"hectareas":4.922},"geometry":{"type":"Polygon","coordinates":[[[-105.473134,28.232163],[-105.473631,28.231285],[-105.478713,28.231914],[-105.478609,28.232692],[-105.473134,28.232163]]]}},{"type":"Feature","properties":{"modulo":4,"idparcela":"2421","productor":"LOPEZ CAMPOS MILTON","cultivo":"Ma­z","superficie_fisica_ha":3.3315,"superficie_riego_ha":3.3315,"hectareas":5.491},"geometry":{"type":"Polygon","coordinates":[[[-105.472646,28.232977],[-105.473134,28.232163],[-105.478609,28.232692],[-105.478468,28.233609],[-105.472646,28.232977]]]}},{"type":"Feature","properties":{"modulo":4,"idparcela":"2399","productor":"DOMINGUEZ CARRASCO LORENZO","cultivo":"Ma­z","superficie_fisica_ha":5.3315,"superficie_riego_ha":5.25,"hectareas":5.046},"geometry":{"type":"Polygon","coordinates":[[[-105.47369,28.231164],[-105.474167,28.230314],[-105.478892,28.230831],[-105.478731,28.231813],[-105.47369,28.231164]]]}},{"type":"Feature","properties":{"modulo":4,"idparcela":"2417","productor":"ONTIVEROS ALVAREZ JOSE LUIS","cultivo":"Ma­z","superficie_fisica_ha":5.875,"superficie_riego_ha":5.875,"hectareas":5.676},"geometry":{"type":"Polygon","coordinates":[[[-105.474167,28.230314],[-105.474794,28.22922],[-105.479069,28.229682],[-105.478972,28.230312],[-105.478892,28.230831],[-105.474167,28.230314]]]}},{"type":"Feature","properties":{"modulo":4,"idparcela":"2333","productor":"LARA RIVAS JAIME","cultivo":"Alfalfa","superficie_fisica_ha":5.5347,"superficie_riego_ha":5.5347,"hectareas":5.576},"geometry":{"type":"Polygon","coordinates":[[[-105.474794,28.22922],[-105.475478,28.227994],[-105.479273,28.228459],[-105.479069,28.229682],[-105.474794,28.22922]]]}},{"type":"Feature","properties":{"modulo":4,"idparcela":"2375","productor":"ONTIVEROS ORTEGA MONICO","cultivo":"Avena Forrajera","superficie_fisica_ha":2.875,"superficie_riego_ha":2.875,"hectareas":2.897},"geometry":{"type":"Polygon","coordinates":[[[-105.475478,28.227994],[-105.475853,28.227289],[-105.479371,28.227762],[-105.479273,28.228459],[-105.475478,28.227994]]]}},{"type":"Feature","properties":{"modulo":4,"idparcela":"2373","productor":"LEVARIO MAGALLANES RAFAEL","cultivo":"Ma­z","superficie_fisica_ha":3.025,"superficie_riego_ha":3.025,"hectareas":3.006},"geometry":{"type":"Polygon","coordinates":[[[-105.475853,28.227289],[-105.476242,28.226559],[-105.479491,28.226913],[-105.479371,28.227762],[-105.475853,28.227289]]]}},{"type":"Feature","properties":{"modulo":4,"idparcela":"2409","productor":"CASTILLO VDA.DE ORNELAS ESPERANZA","cultivo":"Nogal (Nuez)","superficie_fisica_ha":2.675,"superficie_riego_ha":2.675,"hectareas":2.728},"geometry":{"type":"Polygon","coordinates":[[[-105.476242,28.226559],[-105.476617,28.225757],[-105.478248,28.22598],[-105.479608,28.226154],[-105.479491,28.226913],[-105.476242,28.226559]]]}},{"type":"Feature","properties":{"modulo":4,"idparcela":"2345","productor":"TERRAZAS PAYAN JESUS","cultivo":"Otros Pastos","superficie_fisica_ha":2.45,"superficie_riego_ha":2.45,"hectareas":2.067},"geometry":{"type":"Polygon","coordinates":[[[-105.479119,28.224282],[-105.479872,28.224395],[-105.479608,28.226154],[-105.478248,28.22598],[-105.479119,28.224282]]]}},{"type":"Feature","properties":{"modulo":4,"idparcela":"2404","productor":"CLEMENTE RIVERA NATIVIDAD","cultivo":"Alfalfa","superficie_fisica_ha":2.7,"superficie_riego_ha":2.7,"hectareas":3.217},"geometry":{"type":"Polygon","coordinates":[[[-105.477456,28.224078],[-105.478261,28.224171],[-105.479119,28.224282],[-105.478248,28.22598],[-105.476617,28.225757],[-105.477456,28.224078]]]}},{"type":"Feature","properties":{"modulo":4,"idparcela":"2418","productor":"ONTIVEROS GARCIA EULALIA","cultivo":"Alfalfa","superficie_fisica_ha":2.88,"superficie_riego_ha":1.98,"hectareas":2.824},"geometry":{"type":"Polygon","coordinates":[[[-105.479981,28.218864],[-105.480113,28.218353],[-105.480194,28.217881],[-105.480269,28.216809],[-105.480273,28.215045],[-105.480882,28.215802],[-105.48103,28.216054],[-105.481109,28.216362],[-105.480658,28.219237],[-105.479981,28.218864]]]}},{"type":"Feature","properties":{"modulo":4,"idparcela":"2420","productor":"GOMEZ GAMBOA ARTURO","cultivo":"Ma­z","superficie_fisica_ha":8.045,"superficie_riego_ha":8.045,"hectareas":9.275},"geometry":{"type":"Polygon","coordinates":[[[-105.479119,28.224282],[-105.478261,28.224171],[-105.477456,28.224078],[-105.478258,28.222519],[-105.47815,28.222392],[-105.479212,28.220449],[-105.479448,28.220324],[-105.479981,28.218864],[-105.480658,28.219237],[-105.480491,28.220367],[-105.480217,28.222243],[-105.479872,28.224395],[-105.479119,28.224282]]]}},{"type":"Feature","properties":{"modulo":4,"idparcela":"2323","productor":"CHACON GAMBOA LEOPOLDO","cultivo":"Sin Cultivo","superficie_fisica_ha":8.475,"superficie_riego_ha":8.475,"hectareas":8.513},"geometry":{"type":"Polygon","coordinates":[[[-105.460503,28.198422],[-105.462426,28.197863],[-105.463676,28.197501],[-105.464917,28.198511],[-105.463499,28.199965],[-105.463053,28.199997],[-105.462287,28.200186],[-105.461668,28.200417],[-105.461377,28.200474],[-105.461237,28.200347],[-105.460854,28.199359],[-105.460679,28.198916],[-105.460503,28.198422]]]}},{"type":"Feature","properties":{"modulo":4,"idparcela":"2325","productor":"LARA RODRIGUEZ HECTOR","cultivo":"Cacahuate","superficie_fisica_ha":2.6,"superficie_riego_ha":2.6,"hectareas":2.588},"geometry":{"type":"Polygon","coordinates":[[[-105.460756,28.201092],[-105.460101,28.201727],[-105.459505,28.20239],[-105.45928,28.2027],[-105.459155,28.202898],[-105.459062,28.20319],[-105.458992,28.203605],[-105.458946,28.203913],[-105.458824,28.204001],[-105.458578,28.201204],[-105.460756,28.201092]]]}},{"type":"Feature","properties":{"modulo":4,"idparcela":"2324","productor":"SOLIS GALLARDO MIGUEL ANGEL","cultivo":"Sin Cultivo","superficie_fisica_ha":6.875,"superficie_riego_ha":6.875,"hectareas":6.869},"geometry":{"type":"Polygon","coordinates":[[[-105.458392,28.198181],[-105.460077,28.19818],[-105.460256,28.198606],[-105.460328,28.198811],[-105.460432,28.199112],[-105.46089,28.200329],[-105.461087,28.200707],[-105.461077,28.200803],[-105.46099,28.200911],[-105.460756,28.201092],[-105.458578,28.201204],[-105.458392,28.198181]]]}},{"type":"Feature","properties":{"modulo":4,"idparcela":"2164","productor":"MARTHA HERNANDEZ PEDRO","cultivo":"Sin Cultivo","superficie_fisica_ha":8.1,"superficie_riego_ha":8.1,"hectareas":8.268},"geometry":{"type":"Polygon","coordinates":[[[-105.458661,28.204067],[-105.45545,28.205314],[-105.455107,28.205398],[-105.454888,28.205427],[-105.454496,28.205448],[-105.454271,28.205409],[-105.454069,28.205316],[-105.453926,28.205169],[-105.453795,28.204938],[-105.453642,28.203549],[-105.458564,28.203195],[-105.458661,28.204067]]]}},{"type":"Feature","properties":{"modulo":4,"idparcela":"2163","productor":"LARA LICON FRANCISCO","cultivo":"Sin Cultivo","superficie_fisica_ha":8.825,"superficie_riego_ha":8.825,"hectareas":8.191},"geometry":{"type":"Polygon","coordinates":[[[-105.453642,28.203549],[-105.45357,28.202891],[-105.453517,28.202015],[-105.455937,28.201868],[-105.458433,28.201644],[-105.458564,28.203195],[-105.453642,28.203549]]]}},{"type":"Feature","properties":{"modulo":4,"idparcela":"2162","productor":"LARA CHAVARRIA ABELARDO","cultivo":"Sin Cultivo","superficie_fisica_ha":10.925,"superficie_riego_ha":10.125,"hectareas":9.581},"geometry":{"type":"Polygon","coordinates":[[[-105.453517,28.202015],[-105.4534,28.200021],[-105.456088,28.199938],[-105.456147,28.19999],[-105.456366,28.199989],[-105.458278,28.199869],[-105.458419,28.201479],[-105.456328,28.201634],[-105.456163,28.201674],[-105.456039,28.20177],[-105.455937,28.201868],[-105.453517,28.202015]]]}},{"type":"Feature","properties":{"modulo":4,"idparcela":"2157","productor":"GARCIA RODRIGUEZ ALEJA","cultivo":"Sin Cultivo","superficie_fisica_ha":5.1,"superficie_riego_ha":4.545,"hectareas":4.637},"geometry":{"type":"Polygon","coordinates":[[[-105.453353,28.199102],[-105.453291,28.198159],[-105.458141,28.197988],[-105.458199,28.198791],[-105.456702,28.198862],[-105.456564,28.19889],[-105.456526,28.198933],[-105.453353,28.199102]]]}},{"type":"Feature","properties":{"modulo":4,"idparcela":"2433","productor":"SERNA LERMA GERONIMO","cultivo":"Sin Cultivo","superficie_fisica_ha":5.05,"superficie_riego_ha":4.65,"hectareas":4.733},"geometry":{"type":"Polygon","coordinates":[[[-105.4534,28.200021],[-105.453353,28.199102],[-105.456526,28.198933],[-105.456737,28.19899],[-105.458213,28.198919],[-105.458264,28.199737],[-105.456616,28.199795],[-105.456116,28.199879],[-105.456088,28.199938],[-105.4534,28.200021]]]}},{"type":"Feature","properties":{"modulo":4,"idparcela":"2034","productor":"ALONSO VILLA JOSE ANTONIO","cultivo":"Alfalfa","superficie_fisica_ha":2.8,"superficie_riego_ha":2.8,"hectareas":6.876},"geometry":{"type":"Polygon","coordinates":[[[-105.453133,28.196636],[-105.453024,28.195206],[-105.455181,28.195186],[-105.456,28.195226],[-105.457612,28.195234],[-105.457818,28.195282],[-105.457997,28.196412],[-105.453133,28.196636]]]}},{"type":"Feature","properties":{"modulo":4,"idparcela":"2159","productor":"SOLIS GUERRERO MIGUEL","cultivo":"Sin Cultivo","superficie_fisica_ha":8.9,"superficie_riego_ha":8.1,"hectareas":8.187},"geometry":{"type":"Polygon","coordinates":[[[-105.458141,28.197988],[-105.453291,28.198159],[-105.453133,28.196636],[-105.457997,28.196412],[-105.458141,28.197988]]]}},{"type":"Feature","properties":{"modulo":4,"idparcela":"2014","productor":"LUJAN BARRIENTOS MA.DE LA LUZ","cultivo":"Otros Pastos","superficie_fisica_ha":10.02,"superficie_riego_ha":8.12,"hectareas":3.141},"geometry":{"type":"Polygon","coordinates":[[[-105.462499,28.236851],[-105.461601,28.233953],[-105.462338,28.234049],[-105.463207,28.234162],[-105.463277,28.234196],[-105.463296,28.234282],[-105.4632,28.234554],[-105.463135,28.23551],[-105.463198,28.236341],[-105.462752,28.23638],[-105.462732,28.236813],[-105.462499,28.236851]]]}},{"type":"Feature","properties":{"modulo":4,"idparcela":"2369","productor":"ALONSO VILLA JOSE ANTONIO","cultivo":"Alfalfa","superficie_fisica_ha":6.575,"superficie_riego_ha":6.575,"hectareas":7.896},"geometry":{"type":"Polygon","coordinates":[[[-105.46128,28.227034],[-105.46255,28.22787],[-105.462827,28.228022],[-105.463161,28.230453],[-105.462704,28.230338],[-105.461749,28.229964],[-105.461638,28.229936],[-105.461538,28.229935],[-105.461395,28.229981],[-105.461105,28.230115],[-105.460364,28.22965],[-105.459954,28.228082],[-105.459935,28.227889],[-105.459951,28.22771],[-105.460036,28.22753],[-105.460157,28.227402],[-105.460212,28.227389],[-105.460275,28.227403],[-105.460376,28.227434],[-105.460505,28.227456],[-105.460665,28.227468],[-105.460807,28.227456],[-105.460906,28.227423],[-105.46128,28.227034]]]}},{"type":"Feature","properties":{"modulo":4,"idparcela":"************","productor":null,"cultivo":"Sin Cultivo","superficie_fisica_ha":null,"superficie_riego_ha":null,"hectareas":1.407},"geometry":{"type":"Polygon","coordinates":[[[-105.460785,28.231593],[-105.460231,28.229879],[-105.46038,28.229841],[-105.46104,28.230252],[-105.461042,28.230255],[-105.461813,28.231303],[-105.460885,28.231591],[-105.460785,28.231593]]]}},{"type":"Feature","properties":{"modulo":4,"idparcela":"2224","productor":"FIERRO CARRILLO EUFEMIO","cultivo":"Sin Cultivo","superficie_fisica_ha":3.8,"superficie_riego_ha":3.8,"hectareas":0.813},"geometry":{"type":"Polygon","coordinates":[[[-105.460953,28.232146],[-105.460785,28.231593],[-105.460885,28.231591],[-105.461813,28.231303],[-105.46213,28.231642],[-105.462315,28.231839],[-105.461053,28.232144],[-105.460953,28.232146]]]}},{"type":"Feature","properties":{"modulo":4,"idparcela":"2016","productor":"JIMENEZ LICON RAMON","cultivo":"Sin Cultivo","superficie_fisica_ha":3,"superficie_riego_ha":2.5,"hectareas":1.61},"geometry":{"type":"Polygon","coordinates":[[[-105.461192,28.232932],[-105.460953,28.232146],[-105.461053,28.232144],[-105.462315,28.231839],[-105.462643,28.232261],[-105.462914,28.232836],[-105.461292,28.23293],[-105.461192,28.232932]]]}},{"type":"Feature","properties":{"modulo":4,"idparcela":"2015","productor":"LOPEZ GARCIA PRAXEDES","cultivo":"Sin Cultivo","superficie_fisica_ha":1.5,"superficie_riego_ha":1.5,"hectareas":1.693},"geometry":{"type":"Polygon","coordinates":[[[-105.462969,28.233935],[-105.462706,28.233969],[-105.46228,28.233903],[-105.461525,28.233801],[-105.461425,28.233685],[-105.461192,28.232932],[-105.461292,28.23293],[-105.462914,28.232836],[-105.462899,28.233042],[-105.462861,28.233634],[-105.462969,28.233935]]]}},{"type":"Feature","properties":{"modulo":4,"idparcela":"2211","productor":"PARCELA ESCOLAR XVIII D'MARZO","cultivo":"Sin Cultivo","superficie_fisica_ha":7.3,"superficie_riego_ha":7.3,"hectareas":7.762},"geometry":{"type":"Polygon","coordinates":[[[-105.461127,28.230267],[-105.461245,28.230192],[-105.461361,28.230131],[-105.461484,28.230077],[-105.461617,28.230072],[-105.46291,28.230547],[-105.463016,28.230664],[-105.463137,28.230685],[-105.463244,28.230689],[-105.465861,28.233521],[-105.465927,28.233617],[-105.46595,28.233683],[-105.465926,28.23374],[-105.465883,28.233784],[-105.465631,28.233958],[-105.465167,28.234259],[-105.465044,28.23412],[-105.464818,28.233853],[-105.464745,28.23375],[-105.46465,28.233702],[-105.464537,28.23369],[-105.464434,28.233724],[-105.464311,28.233768],[-105.464163,28.233838],[-105.464019,28.233928],[-105.463839,28.234019],[-105.463632,28.234036],[-105.463462,28.234037],[-105.463439,28.233661],[-105.462816,28.232025],[-105.462805,28.231877],[-105.462799,28.231783],[-105.46275,28.231687],[-105.46267,28.231605],[-105.462565,28.231565],[-105.462452,28.231575],[-105.462262,28.231669],[-105.461888,28.231246],[-105.461127,28.230267]]]}},{"type":"Feature","properties":{"modulo":4,"idparcela":"2407","productor":"LOPEZ RODRIGUEZ HERACLIO","cultivo":"Alfalfa","superficie_fisica_ha":8.05,"superficie_riego_ha":8.05,"hectareas":7.756},"geometry":{"type":"Polygon","coordinates":[[[-105.463692,28.231003],[-105.463557,28.230851],[-105.463403,28.230683],[-105.463451,28.230293],[-105.463413,28.229837],[-105.463206,28.228721],[-105.462986,28.227816],[-105.462592,28.226488],[-105.465957,28.229517],[-105.466117,28.229926],[-105.466299,28.230419],[-105.464423,28.23084],[-105.463692,28.231003]]]}},{"type":"Feature","properties":{"modulo":4,"idparcela":"2408","productor":"CASTILLO VDA.DE ORNELAS ESPERANZA","cultivo":"Ma­z","superficie_fisica_ha":4.275,"superficie_riego_ha":4.275,"hectareas":4.838},"geometry":{"type":"Polygon","coordinates":[[[-105.462592,28.226488],[-105.462212,28.224815],[-105.465282,28.227473],[-105.46581,28.229108],[-105.465957,28.229517],[-105.462592,28.226488]]]}},{"type":"Feature","properties":{"modulo":4,"idparcela":"2377","productor":"MURILLO GARCIA OCTAVIO","cultivo":"Alfalfa","superficie_fisica_ha":5.9,"superficie_riego_ha":5.9,"hectareas":6.311},"geometry":{"type":"Polygon","coordinates":[[[-105.460017,28.217317],[-105.45995,28.215952],[-105.462281,28.218205],[-105.463081,28.219006],[-105.465126,28.220934],[-105.464798,28.221694],[-105.460017,28.217317]]]}},{"type":"Feature","properties":{"modulo":4,"idparcela":"2376","productor":"SERNA LEVARIO LUIS CARLOS","cultivo":"Alfalfa","superficie_fisica_ha":6.075,"superficie_riego_ha":6.075,"hectareas":6.614},"geometry":{"type":"Polygon","coordinates":[[[-105.461714,28.220219],[-105.46162,28.220163],[-105.460428,28.218996],[-105.460244,28.2188],[-105.460178,28.218685],[-105.46011,28.218162],[-105.460017,28.217317],[-105.464798,28.221694],[-105.464388,28.222715],[-105.461714,28.220219]]]}},{"type":"Feature","properties":{"modulo":4,"idparcela":"2374","productor":"ONTIVEROS ORTEGA MONICO","cultivo":"Alfalfa","superficie_fisica_ha":3.4,"superficie_riego_ha":3.4,"hectareas":3.601},"geometry":{"type":"Polygon","coordinates":[[[-105.46164,28.221471],[-105.46166,28.221079],[-105.461701,28.220468],[-105.461714,28.220219],[-105.464388,28.222715],[-105.463986,28.223667],[-105.46164,28.221471]]]}},{"type":"Feature","properties":{"modulo":4,"idparcela":"2372","productor":"LEVARIO MAGALLANES RAFAEL","cultivo":"Alfalfa","superficie_fisica_ha":3.575,"superficie_riego_ha":3.575,"hectareas":3.633},"geometry":{"type":"Polygon","coordinates":[[[-105.461868,28.223053],[-105.461821,28.222908],[-105.461768,28.222364],[-105.461693,28.222011],[-105.46164,28.221471],[-105.463986,28.223667],[-105.464611,28.22548],[-105.461868,28.223053]]]}},{"type":"Feature","properties":{"modulo":4,"idparcela":"2370","productor":"MAGALLANES JIMENEZ HECTOR","cultivo":"Alfalfa","superficie_fisica_ha":4.1784,"superficie_riego_ha":3.725,"hectareas":4.466},"geometry":{"type":"Polygon","coordinates":[[[-105.462212,28.224815],[-105.462103,28.224016],[-105.461868,28.223053],[-105.464611,28.22548],[-105.465282,28.227473],[-105.462212,28.224815]]]}},{"type":"Feature","properties":{"modulo":4,"idparcela":"2378","productor":"SERNA LEVARIO LUIS CARLOS","cultivo":"Alfalfa","superficie_fisica_ha":4.5627,"superficie_riego_ha":4.5627,"hectareas":4.596},"geometry":{"type":"Polygon","coordinates":[[[-105.461629,28.217299],[-105.462105,28.216627],[-105.462294,28.216807],[-105.465651,28.219869],[-105.46557,28.220073],[-105.465457,28.220386],[-105.465262,28.220755],[-105.461629,28.217299]]]}},{"type":"Feature","properties":{"modulo":4,"idparcela":"2380","productor":"ORNELAS WONG MA SOCORRO","cultivo":"Alfalfa","superficie_fisica_ha":5.95,"superficie_riego_ha":5.95,"hectareas":6.687},"geometry":{"type":"Polygon","coordinates":[[[-105.465651,28.219869],[-105.462294,28.216807],[-105.461205,28.215764],[-105.461002,28.215569],[-105.461589,28.214809],[-105.466101,28.218933],[-105.465945,28.219261],[-105.465803,28.219581],[-105.465651,28.219869]]]}},{"type":"Feature","properties":{"modulo":4,"idparcela":"2381","productor":"SERNA LEVARIO LUIS CARLOS","cultivo":"Alfalfa","superficie_fisica_ha":6.115,"superficie_riego_ha":5.99,"hectareas":6.105},"geometry":{"type":"Polygon","coordinates":[[[-105.462204,28.21403],[-105.463406,28.21515],[-105.466477,28.218092],[-105.466373,28.218321],[-105.466159,28.218802],[-105.466101,28.218933],[-105.461589,28.214809],[-105.462204,28.21403]]]}},{"type":"Feature","properties":{"modulo":4,"idparcela":"2382","productor":"SERNA LEVARIO LUIS CARLOS","cultivo":"Alfalfa","superficie_fisica_ha":8.675,"superficie_riego_ha":8.675,"hectareas":8.016},"geometry":{"type":"Polygon","coordinates":[[[-105.466477,28.218092],[-105.463406,28.21515],[-105.462204,28.21403],[-105.461974,28.213721],[-105.462745,28.212826],[-105.464313,28.214071],[-105.464271,28.214128],[-105.464925,28.21485],[-105.465212,28.21533],[-105.465361,28.215611],[-105.466672,28.21667],[-105.466982,28.216866],[-105.466477,28.218092]]]}},{"type":"Feature","properties":{"modulo":4,"idparcela":"2383","productor":"SANCHEZ MARQUEZ EDUARDO (TRASPASO DE DERECHO)","cultivo":"Sin CultivoSin Cultivo","superficie_fisica_ha":8.2,"superficie_riego_ha":8.2,"hectareas":8.876},"geometry":{"type":"Polygon","coordinates":[[[-105.459806,28.214417],[-105.459559,28.211962],[-105.461593,28.211414],[-105.46192,28.211852],[-105.46233,28.212497],[-105.462745,28.212826],[-105.461974,28.213721],[-105.462204,28.21403],[-105.461589,28.214809],[-105.461002,28.215569],[-105.459806,28.214417]]]}},{"type":"Feature","properties":{"modulo":4,"idparcela":"2335","productor":"PORTILLO CHAVARRIA JOSE","cultivo":"Alfalfa","superficie_fisica_ha":1.95,"superficie_riego_ha":1.95,"hectareas":1.743},"geometry":{"type":"Polygon","coordinates":[[[-105.459559,28.211962],[-105.459554,28.211631],[-105.459516,28.211103],[-105.46084,28.210675],[-105.460895,28.210657],[-105.461026,28.210657],[-105.461593,28.211414],[-105.459559,28.211962]]]}},{"type":"Feature","properties":{"modulo":4,"idparcela":"2384","productor":"RODRIGUEZ GAMBOA JESUS","cultivo":"Sin Cultivo","superficie_fisica_ha":3.975,"superficie_riego_ha":3.975,"hectareas":2.519},"geometry":{"type":"Polygon","coordinates":[[[-105.459516,28.211103],[-105.459294,28.207971],[-105.460791,28.210319],[-105.460792,28.210526],[-105.46084,28.210675],[-105.459516,28.211103]]]}},{"type":"Feature","properties":{"modulo":4,"idparcela":"2190","productor":"RODRIGUEZ REY NIEVES","cultivo":"Sin Cultivo","superficie_fisica_ha":3.9,"superficie_riego_ha":3.9,"hectareas":7.963},"geometry":{"type":"Polygon","coordinates":[[[-105.462827,28.228022],[-105.46255,28.22787],[-105.46128,28.227034],[-105.460789,28.226673],[-105.45967,28.225899],[-105.459706,28.225732],[-105.459718,28.225528],[-105.459713,28.22532],[-105.45968,28.225002],[-105.459639,28.224794],[-105.459592,28.224582],[-105.459575,28.224373],[-105.459576,28.224201],[-105.459613,28.224044],[-105.459737,28.223916],[-105.46038,28.224124],[-105.460858,28.224122],[-105.461046,28.224098],[-105.461114,28.224089],[-105.461919,28.224172],[-105.462771,28.22781],[-105.462827,28.228022]]]}},{"type":"Feature","properties":{"modulo":4,"idparcela":"************","productor":null,"cultivo":"Sin Cultivo","superficie_fisica_ha":null,"superficie_riego_ha":null,"hectareas":4.495},"geometry":{"type":"Polygon","coordinates":[[[-105.459737,28.223916],[-105.459736,28.223817],[-105.459704,28.223547],[-105.459591,28.223241],[-105.45952,28.222964],[-105.459476,28.222746],[-105.459441,28.222524],[-105.459418,28.22229],[-105.459439,28.22213],[-105.461515,28.222],[-105.461574,28.222311],[-105.461609,28.222682],[-105.461643,28.222989],[-105.461719,28.223337],[-105.461755,28.223429],[-105.461804,28.223535],[-105.461832,28.223628],[-105.461839,28.223724],[-105.461774,28.223826],[-105.461591,28.223892],[-105.461444,28.223925],[-105.461279,28.224007],[-105.461188,28.22404],[-105.461114,28.224089],[-105.461046,28.224098],[-105.460858,28.224122],[-105.46038,28.224124],[-105.459737,28.223916]]]}},{"type":"Feature","properties":{"modulo":4,"idparcela":"2198","productor":"LARA ORNELAS JOSE","cultivo":"Sin Cultivo","superficie_fisica_ha":2.45,"superficie_riego_ha":2.45,"hectareas":2.439},"geometry":{"type":"Polygon","coordinates":[[[-105.459439,28.22213],[-105.459377,28.221982],[-105.459255,28.221845],[-105.45879,28.221479],[-105.458745,28.221441],[-105.458708,28.22139],[-105.458698,28.221254],[-105.458844,28.221247],[-105.461499,28.221075],[-105.461483,28.221526],[-105.461515,28.222],[-105.459439,28.22213]]]}},{"type":"Feature","properties":{"modulo":4,"idparcela":"2197","productor":"VENZOR CASTA¥EDA SOCORRO OSWAL","cultivo":"Sin Cultivo","superficie_fisica_ha":3.8,"superficie_riego_ha":3.8,"hectareas":3.287},"geometry":{"type":"Polygon","coordinates":[[[-105.459315,28.220011],[-105.459645,28.220055],[-105.461286,28.22018],[-105.461434,28.220219],[-105.46153,28.220287],[-105.461529,28.220516],[-105.46151,28.220799],[-105.461499,28.221075],[-105.458844,28.221247],[-105.458844,28.221105],[-105.458825,28.220942],[-105.458649,28.220914],[-105.458593,28.220889],[-105.458565,28.220836],[-105.458562,28.220733],[-105.458574,28.220627],[-105.458559,28.220514],[-105.458534,28.220445],[-105.458463,28.220384],[-105.458419,28.220292],[-105.458569,28.220219],[-105.458678,28.220171],[-105.458875,28.220123],[-105.459041,28.220112],[-105.459191,28.220098],[-105.459315,28.220011]]]}},{"type":"Feature","properties":{"modulo":4,"idparcela":"2178","productor":"HERNANDEZ N AMPARO","cultivo":"Sin Cultivo","superficie_fisica_ha":9.075,"superficie_riego_ha":9.075,"hectareas":7.361},"geometry":{"type":"Polygon","coordinates":[[[-105.46153,28.220287],[-105.461434,28.220219],[-105.461286,28.22018],[-105.459645,28.220055],[-105.459315,28.220011],[-105.457315,28.219874],[-105.456757,28.218055],[-105.457037,28.218039],[-105.459353,28.218002],[-105.459957,28.217986],[-105.45999,28.218265],[-105.460015,28.218508],[-105.460044,28.218688],[-105.46008,28.218805],[-105.460232,28.21897],[-105.461129,28.219826],[-105.461353,28.22004],[-105.461475,28.220172],[-105.46153,28.220287]]]}},{"type":"Feature","properties":{"modulo":4,"idparcela":"2182","productor":"JIMENEZ DOMINGUEZ MAURO","cultivo":"Alfalfa","superficie_fisica_ha":8.275,"superficie_riego_ha":8.275,"hectareas":5.434},"geometry":{"type":"Polygon","coordinates":[[[-105.457037,28.218039],[-105.456842,28.217644],[-105.456791,28.21737],[-105.456763,28.217166],[-105.456641,28.216826],[-105.456614,28.216574],[-105.45663,28.216416],[-105.456681,28.216226],[-105.456723,28.216089],[-105.459373,28.216111],[-105.459353,28.218002],[-105.457037,28.218039]]]}},{"type":"Feature","properties":{"modulo":4,"idparcela":"2183","productor":"CHACON GAMBOA MARCOS","cultivo":"Sin Cultivo","superficie_fisica_ha":5.8,"superficie_riego_ha":5.8,"hectareas":7.672},"geometry":{"type":"Polygon","coordinates":[[[-105.456723,28.216089],[-105.456796,28.214364],[-105.456276,28.213003],[-105.457048,28.213198],[-105.458087,28.213449],[-105.459265,28.213747],[-105.459373,28.216111],[-105.456723,28.216089]]]}},{"type":"Feature","properties":{"modulo":4,"idparcela":"2174","productor":"CHACON LOPEZ CARLOS","cultivo":"Sin Cultivo","superficie_fisica_ha":3.6,"superficie_riego_ha":3.6,"hectareas":7.352},"geometry":{"type":"Polygon","coordinates":[[[-105.456276,28.213003],[-105.456276,28.212563],[-105.45614,28.212404],[-105.455975,28.212112],[-105.455956,28.211879],[-105.456013,28.211619],[-105.456029,28.211342],[-105.456033,28.211163],[-105.45602,28.210948],[-105.456002,28.210711],[-105.459299,28.211736],[-105.459278,28.212582],[-105.459265,28.213747],[-105.458087,28.213449],[-105.457048,28.213198],[-105.456276,28.213003]]]}},{"type":"Feature","properties":{"modulo":4,"idparcela":"2360","productor":"CHACON GONZALEZ UBALDO","cultivo":"Sin Cultivo","superficie_fisica_ha":4.05,"superficie_riego_ha":4.05,"hectareas":3.103},"geometry":{"type":"Polygon","coordinates":[[[-105.455895,28.210478],[-105.455694,28.209929],[-105.459193,28.210727],[-105.459226,28.210975],[-105.459299,28.211736],[-105.456002,28.210711],[-105.455895,28.210478]]]}},{"type":"Feature","properties":{"modulo":4,"idparcela":"2170","productor":"CHAVARRIA SERNA JOSE","cultivo":"Sin Cultivo","superficie_fisica_ha":8.45,"superficie_riego_ha":8.45,"hectareas":4.75},"geometry":{"type":"Polygon","coordinates":[[[-105.455694,28.209929],[-105.455676,28.209896],[-105.455317,28.208646],[-105.458799,28.209426],[-105.458957,28.20949],[-105.459096,28.209523],[-105.459193,28.210727],[-105.455694,28.209929]]]}},{"type":"Feature","properties":{"modulo":4,"idparcela":"2167","productor":"ABUNDIS GUILLEN ENRIQUE","cultivo":"Sin Cultivo","superficie_fisica_ha":7,"superficie_riego_ha":7,"hectareas":7.973},"geometry":{"type":"Polygon","coordinates":[[[-105.455317,28.208646],[-105.45522,28.208585],[-105.4549,28.207715],[-105.454922,28.207597],[-105.45503,28.207497],[-105.455186,28.207453],[-105.458975,28.206889],[-105.459075,28.209295],[-105.458799,28.209426],[-105.455317,28.208646]]]}},{"type":"Feature","properties":{"modulo":4,"idparcela":"2179","productor":"JIMENEZ DOMINGUEZ FRANCISCO","cultivo":"Sin Cultivo","superficie_fisica_ha":5.15,"superficie_riego_ha":5.15,"hectareas":1.207},"geometry":{"type":"Polygon","coordinates":[[[-105.455526,28.214333],[-105.455089,28.212805],[-105.455978,28.212691],[-105.456002,28.212968],[-105.456009,28.213322],[-105.45601,28.213631],[-105.456011,28.213907],[-105.456012,28.214053],[-105.456013,28.2142],[-105.456015,28.214302],[-105.455526,28.214333]]]}},{"type":"Feature","properties":{"modulo":4,"idparcela":"2166","productor":"ONTIVEROS ROMERO RUBEN","cultivo":"Sin Cultivo","superficie_fisica_ha":8.35,"superficie_riego_ha":8.35,"hectareas":9.359},"geometry":{"type":"Polygon","coordinates":[[[-105.455044,28.207428],[-105.454938,28.207392],[-105.454248,28.206898],[-105.454621,28.20684],[-105.455468,28.20575],[-105.455647,28.205583],[-105.455925,28.205445],[-105.456463,28.20519],[-105.45877,28.204226],[-105.458975,28.206889],[-105.455186,28.207453],[-105.455044,28.207428]]]}},{"type":"Feature","properties":{"modulo":4,"idparcela":"9667","productor":"BOLIVAR HEREDIA EVA ALICIA","cultivo":"Ma­z","superficie_fisica_ha":23.8,"superficie_riego_ha":5,"hectareas":35.517},"geometry":{"type":"Polygon","coordinates":[[[-105.399633,28.263547],[-105.407582,28.263466],[-105.407582,28.2638],[-105.40758,28.264223],[-105.407569,28.264742],[-105.407373,28.264817],[-105.407238,28.264962],[-105.40535,28.267867],[-105.403458,28.269504],[-105.400979,28.269035],[-105.400918,28.268858],[-105.401156,28.268146],[-105.40071,28.266992],[-105.400181,28.265145],[-105.399633,28.263547]]]}},{"type":"Feature","properties":{"modulo":4,"idparcela":"9667","productor":"BOLIVAR HEREDIA EVA ALICIA","cultivo":"Ma­z","superficie_fisica_ha":23.8,"superficie_riego_ha":5,"hectareas":9.404},"geometry":{"type":"Polygon","coordinates":[[[-105.407547,28.264964],[-105.407527,28.267521],[-105.40744,28.26776],[-105.407453,28.27015],[-105.403666,28.269554],[-105.403786,28.269424],[-105.405411,28.26808],[-105.405558,28.267882],[-105.406569,28.266335],[-105.406741,28.26626],[-105.40748,28.265004],[-105.407547,28.264964]]]}},{"type":"Feature","properties":{"modulo":4,"idparcela":"1734","productor":"ORTIZ RODRIGUEZ MARIO","cultivo":"Chile verde","superficie_fisica_ha":20.8,"superficie_riego_ha":17,"hectareas":37.981},"geometry":{"type":"Polygon","coordinates":[[[-105.413108,28.270208],[-105.409761,28.270235],[-105.408209,28.270246],[-105.407993,28.270205],[-105.407874,28.270152],[-105.407788,28.270074],[-105.407727,28.269957],[-105.407784,28.263861],[-105.407792,28.263722],[-105.407879,28.263596],[-105.408023,28.263557],[-105.412918,28.263539],[-105.413108,28.270208]]]}},{"type":"Feature","properties":{"modulo":4,"idparcela":"************","productor":null,"cultivo":"Sin Cultivo","superficie_fisica_ha":null,"superficie_riego_ha":null,"hectareas":6.99},"geometry":{"type":"Polygon","coordinates":[[[-105.408209,28.270246],[-105.409761,28.270235],[-105.413108,28.270208],[-105.414578,28.270224],[-105.416601,28.270264],[-105.416615,28.271751],[-105.408209,28.270246]]]}},{"type":"Feature","properties":{"modulo":4,"idparcela":"1729","productor":"ORTIZ RODRIGUEZ MARIO","cultivo":"Sin Cultivo","superficie_fisica_ha":20.1,"superficie_riego_ha":20.1,"hectareas":35.659},"geometry":{"type":"Polygon","coordinates":[[[-105.416601,28.270264],[-105.414578,28.270224],[-105.413108,28.270208],[-105.412918,28.263539],[-105.417839,28.26344],[-105.417883,28.270391],[-105.416707,28.270472],[-105.416701,28.270225],[-105.416601,28.270264]]]}},{"type":"Feature","properties":{"modulo":4,"idparcela":"1725","productor":"HERNANDEZ N JUANA","cultivo":"Sin Cultivo","superficie_fisica_ha":10.35,"superficie_riego_ha":10.25,"hectareas":9.403},"geometry":{"type":"Polygon","coordinates":[[[-105.418034,28.267117],[-105.417984,28.263471],[-105.420364,28.263437],[-105.420398,28.267112],[-105.418034,28.267117]]]}},{"type":"Feature","properties":{"modulo":4,"idparcela":"1723","productor":"FRANCISO ARIZPE FRANCISCO BENJAMIN","cultivo":"Cacahuate","superficie_fisica_ha":9.75,"superficie_riego_ha":9.75,"hectareas":9.259},"geometry":{"type":"Polygon","coordinates":[[[-105.420513,28.26344],[-105.422832,28.263435],[-105.422872,28.267121],[-105.420543,28.267134],[-105.42054,28.264895],[-105.420513,28.26344]]]}},{"type":"Feature","properties":{"modulo":4,"idparcela":"1724","productor":"CHIU NU¥EZ JULIO","cultivo":"Sin Cultivo","superficie_fisica_ha":10,"superficie_riego_ha":10,"hectareas":9.571},"geometry":{"type":"Polygon","coordinates":[[[-105.422987,28.270903],[-105.421637,28.27088],[-105.420498,28.270894],[-105.420484,28.267217],[-105.422852,28.267192],[-105.42292,28.270745],[-105.422987,28.270903]]]}},{"type":"Feature","properties":{"modulo":4,"idparcela":"************","productor":null,"cultivo":"Sin Cultivo","superficie_fisica_ha":null,"superficie_riego_ha":null,"hectareas":2.155},"geometry":{"type":"Polygon","coordinates":[[[-105.423131,28.272861],[-105.423128,28.270977],[-105.423207,28.270957],[-105.42373,28.270993],[-105.423871,28.271117],[-105.423903,28.271801],[-105.423946,28.271929],[-105.424168,28.272304],[-105.424396,28.272691],[-105.424561,28.272874],[-105.424762,28.27299],[-105.424912,28.273201],[-105.423131,28.272861]]]}},{"type":"Feature","properties":{"modulo":4,"idparcela":"1727","productor":"COLORINES DE SAN DIEGO SPR DE RL DE CV","cultivo":"Cacahuate","superficie_fisica_ha":10,"superficie_riego_ha":10,"hectareas":8.091},"geometry":{"type":"Polygon","coordinates":[[[-105.420498,28.270894],[-105.421637,28.27088],[-105.422987,28.270903],[-105.42299,28.271688],[-105.422818,28.271725],[-105.42269,28.27176],[-105.422691,28.272134],[-105.422981,28.272276],[-105.422971,28.272851],[-105.417933,28.271935],[-105.417954,28.270863],[-105.418189,28.270869],[-105.420498,28.270894]]]}},{"type":"Feature","properties":{"modulo":4,"idparcela":"1726","productor":"SANCHEZ LOPEZ JAVIER","cultivo":"Cacahuate","superficie_fisica_ha":10.25,"superficie_riego_ha":10,"hectareas":9.729},"geometry":{"type":"Polygon","coordinates":[[[-105.420498,28.270894],[-105.418189,28.270869],[-105.417954,28.270863],[-105.417967,28.270513],[-105.418031,28.270349],[-105.41803,28.270193],[-105.418095,28.267189],[-105.420484,28.267217],[-105.420498,28.270894]]]}},{"type":"Feature","properties":{"modulo":4,"idparcela":"1952","productor":"MARTINEZ GOMEZ NOEL ARTURO","cultivo":"Chile verde","superficie_fisica_ha":9.98,"superficie_riego_ha":9.02,"hectareas":9.641},"geometry":{"type":"Polygon","coordinates":[[[-105.432312,28.270829],[-105.428217,28.270843],[-105.428177,28.270843],[-105.42808,28.27085],[-105.428086,28.268988],[-105.428156,28.268987],[-105.430743,28.268976],[-105.432117,28.268978],[-105.432741,28.269097],[-105.433002,28.269178],[-105.433148,28.269246],[-105.433175,28.269403],[-105.43312,28.269595],[-105.433001,28.270057],[-105.432841,28.270129],[-105.43266,28.270147],[-105.43258,28.270219],[-105.432721,28.270254],[-105.432712,28.270428],[-105.432656,28.27058],[-105.432592,28.270807],[-105.432555,28.270883],[-105.432475,28.270903],[-105.432398,28.270847],[-105.432351,28.270874],[-105.432312,28.270829]]]}},{"type":"Feature","properties":{"modulo":4,"idparcela":"1955","productor":"ARMENDARIZ MARTINEZ VICENTE","cultivo":"Sin Cultivo","superficie_fisica_ha":9.78,"superficie_riego_ha":9.78,"hectareas":9.983},"geometry":{"type":"Polygon","coordinates":[[[-105.42808,28.27085],[-105.42533,28.270854],[-105.424031,28.270875],[-105.423945,28.270792],[-105.423204,28.270762],[-105.423107,28.27071],[-105.423072,28.270639],[-105.423043,28.269022],[-105.428086,28.268988],[-105.42808,28.27085]]]}},{"type":"Feature","properties":{"modulo":4,"idparcela":"1871","productor":"ACEVES JAQUEZ JUAN ANTONIO","cultivo":"Ma­z","superficie_fisica_ha":2.64,"superficie_riego_ha":2.64,"hectareas":9.501},"geometry":{"type":"Polygon","coordinates":[[[-105.428217,28.270843],[-105.432312,28.270829],[-105.432351,28.270874],[-105.432343,28.271007],[-105.432302,28.271159],[-105.432224,28.271231],[-105.432101,28.271305],[-105.432009,28.271365],[-105.431993,28.271405],[-105.432009,28.271453],[-105.432096,28.271491],[-105.432196,28.271489],[-105.432304,28.271446],[-105.432384,28.271375],[-105.432424,28.271303],[-105.432664,28.271018],[-105.432785,28.270896],[-105.43287,28.270894],[-105.432947,28.27095],[-105.43306,28.271085],[-105.433118,28.271195],[-105.433111,28.272582],[-105.433157,28.272682],[-105.430656,28.272662],[-105.428149,28.272665],[-105.428217,28.270843]]]}},{"type":"Feature","properties":{"modulo":4,"idparcela":"1954","productor":"HERNANDEZ N FRANCISCA","cultivo":"Sin Cultivo","superficie_fisica_ha":10,"superficie_riego_ha":10,"hectareas":8.352},"geometry":{"type":"Polygon","coordinates":[[[-105.424031,28.270875],[-105.42533,28.270854],[-105.42808,28.27085],[-105.428177,28.270843],[-105.428217,28.270843],[-105.428149,28.272665],[-105.428165,28.272939],[-105.425351,28.272739],[-105.424825,28.272702],[-105.424765,28.272663],[-105.42463,28.272616],[-105.424052,28.27172],[-105.424039,28.271177],[-105.424031,28.270875]]]}},{"type":"Feature","properties":{"modulo":4,"idparcela":"1956","productor":"SOLIS OLTERO SERGIO","cultivo":"Cacahuate","superficie_fisica_ha":5,"superficie_riego_ha":5,"hectareas":10.212},"geometry":{"type":"Polygon","coordinates":[[[-105.424825,28.272702],[-105.425351,28.272739],[-105.428165,28.272939],[-105.428149,28.272665],[-105.430656,28.272662],[-105.433157,28.272682],[-105.433162,28.274554],[-105.432219,28.274427],[-105.429103,28.273874],[-105.428761,28.273823],[-105.42512,28.273223],[-105.424825,28.272702]]]}},{"type":"Feature","properties":{"modulo":4,"idparcela":"************","productor":null,"cultivo":"Sin Cultivo","superficie_fisica_ha":null,"superficie_riego_ha":null,"hectareas":10.506},"geometry":{"type":"Polygon","coordinates":[[[-105.438361,28.265218],[-105.43357,28.26506],[-105.433304,28.265001],[-105.433254,28.263418],[-105.439352,28.263394],[-105.43843,28.265157],[-105.43841,28.265195],[-105.438361,28.265218]]]}},{"type":"Feature","properties":{"modulo":4,"idparcela":"1946","productor":"MONTA¥EZ NATIVIDAD FRANCISCO","cultivo":"Sin Cultivo","superficie_fisica_ha":14.5,"superficie_riego_ha":10,"hectareas":8.242},"geometry":{"type":"Polygon","coordinates":[[[-105.440087,28.263382],[-105.441548,28.263373],[-105.443144,28.263806],[-105.444459,28.263859],[-105.444674,28.263916],[-105.445407,28.263894],[-105.445752,28.263988],[-105.445753,28.264179],[-105.445688,28.264256],[-105.445322,28.264276],[-105.445085,28.264239],[-105.444762,28.26424],[-105.44459,28.264355],[-105.444526,28.264584],[-105.444419,28.264775],[-105.444356,28.264966],[-105.444357,28.265271],[-105.44425,28.265462],[-105.444056,28.265444],[-105.443819,28.265406],[-105.443539,28.265483],[-105.44328,28.265484],[-105.44313,28.265485],[-105.442915,28.265562],[-105.442677,28.265524],[-105.441756,28.265143],[-105.440997,28.264891],[-105.440602,28.26476],[-105.440189,28.264572],[-105.440028,28.264447],[-105.439942,28.264268],[-105.439914,28.264122],[-105.439935,28.263803],[-105.440005,28.263601],[-105.440087,28.263382]]]}},{"type":"Feature","properties":{"modulo":4,"idparcela":"2153","productor":"CASTILLO HERNANDEZ JESUS ELIAS","cultivo":"Ma­z","superficie_fisica_ha":17.3,"superficie_riego_ha":17.3,"hectareas":29.712},"geometry":{"type":"Polygon","coordinates":[[[-105.441708,28.265356],[-105.441834,28.265353],[-105.441989,28.265377],[-105.442108,28.265419],[-105.442339,28.265528],[-105.442613,28.265639],[-105.444037,28.266016],[-105.444577,28.266396],[-105.444945,28.266871],[-105.445464,28.267404],[-105.445725,28.267823],[-105.44691,28.267971],[-105.447148,28.268219],[-105.4473,28.268352],[-105.447516,28.268523],[-105.447646,28.268694],[-105.447604,28.268904],[-105.447518,28.269152],[-105.447476,28.269362],[-105.447456,28.269648],[-105.447242,28.269916],[-105.447027,28.270012],[-105.446812,28.270165],[-105.446684,28.270452],[-105.446556,28.270758],[-105.446448,28.270682],[-105.446275,28.270549],[-105.446081,28.270549],[-105.445909,28.270741],[-105.445781,28.271027],[-105.445761,28.27139],[-105.445568,28.271619],[-105.445395,28.271524],[-105.445201,28.271506],[-105.445072,28.271564],[-105.445289,28.271754],[-105.445182,28.271964],[-105.444773,28.272175],[-105.444665,28.272137],[-105.444513,28.271832],[-105.444448,28.271737],[-105.444218,28.27175],[-105.444255,28.27191],[-105.444342,28.272195],[-105.444301,28.272501],[-105.444172,28.272597],[-105.444042,28.27254],[-105.444041,28.272311],[-105.44404,28.272101],[-105.443932,28.272006],[-105.443824,28.271892],[-105.443544,28.271893],[-105.443545,28.272084],[-105.443696,28.272178],[-105.443675,28.272369],[-105.443654,28.272407],[-105.443546,28.272446],[-105.443244,28.27239],[-105.443115,28.272428],[-105.443116,28.272619],[-105.443203,28.27281],[-105.443398,28.272981],[-105.443204,28.272962],[-105.443052,28.272848],[-105.442836,28.272734],[-105.442643,28.272735],[-105.442405,28.272679],[-105.442469,28.272545],[-105.442534,28.27243],[-105.442468,28.272259],[-105.442167,28.27226],[-105.44236,28.27203],[-105.44223,28.271935],[-105.441864,28.27207],[-105.441692,28.272166],[-105.441499,28.2723],[-105.441692,28.27207],[-105.441735,28.271975],[-105.441885,28.271898],[-105.441971,28.271841],[-105.442143,28.271764],[-105.44225,28.271573],[-105.442487,28.271553],[-105.442529,28.271362],[-105.442572,28.271266],[-105.442744,28.271209],[-105.442981,28.271208],[-105.443239,28.271112],[-105.443368,28.270959],[-105.443238,28.270806],[-105.443087,28.270845],[-105.442699,28.270789],[-105.442613,28.270751],[-105.442548,28.270656],[-105.442311,28.270752],[-105.442075,28.271039],[-105.441667,28.27125],[-105.441688,28.271117],[-105.441687,28.270792],[-105.441685,28.270525],[-105.441836,28.27041],[-105.441986,28.270238],[-105.442071,28.269971],[-105.441898,28.269914],[-105.441641,28.270087],[-105.441642,28.270026],[-105.441696,28.267117],[-105.441708,28.265356]]]}},{"type":"Feature","properties":{"modulo":4,"idparcela":"************","productor":null,"cultivo":"Sin Cultivo","superficie_fisica_ha":null,"superficie_riego_ha":null,"hectareas":14.4},"geometry":{"type":"Polygon","coordinates":[[[-105.433304,28.265001],[-105.43357,28.26506],[-105.438361,28.265218],[-105.43761,28.266616],[-105.437469,28.266876],[-105.436828,28.268233],[-105.436703,28.268282],[-105.436141,28.268499],[-105.43322,28.267817],[-105.43325,28.267042],[-105.433296,28.265744],[-105.433304,28.265001]]]}},{"type":"Feature","properties":{"modulo":4,"idparcela":"1718","productor":"ACEVES JAQUEZ JUAN ANTONIO","cultivo":"Ma­z","superficie_fisica_ha":11.25,"superficie_riego_ha":7.65,"hectareas":2.771},"geometry":{"type":"Polygon","coordinates":[[[-105.43322,28.267817],[-105.436141,28.268499],[-105.436219,28.268731],[-105.436263,28.268862],[-105.436207,28.269017],[-105.435508,28.268856],[-105.435525,28.268922],[-105.435514,28.268979],[-105.435461,28.269016],[-105.434796,28.268857],[-105.434506,28.269385],[-105.434233,28.269314],[-105.434216,28.269255],[-105.43417,28.269209],[-105.434078,28.269177],[-105.433986,28.269162],[-105.433925,28.269141],[-105.433902,28.269101],[-105.43368,28.268724],[-105.433636,28.268627],[-105.433556,28.268471],[-105.43349,28.268396],[-105.433424,28.268374],[-105.433384,28.268433],[-105.433468,28.268492],[-105.433562,28.268678],[-105.433619,28.268826],[-105.433665,28.269082],[-105.433514,28.269197],[-105.433423,28.269154],[-105.433358,28.269111],[-105.433296,28.269042],[-105.433255,28.268969],[-105.43322,28.267817]]]}},{"type":"Feature","properties":{"modulo":4,"idparcela":"1703","productor":"TALAMANTES MORALES SALVADOR","cultivo":"Alfalfa","superficie_fisica_ha":23.75,"superficie_riego_ha":16.65,"hectareas":24.185},"geometry":{"type":"Polygon","coordinates":[[[-105.400677,28.259815],[-105.406327,28.259836],[-105.406272,28.26336],[-105.404541,28.263377],[-105.400954,28.263376],[-105.399639,28.263343],[-105.3995,28.263294],[-105.3995,28.263233],[-105.399554,28.262951],[-105.399637,28.262742],[-105.399705,28.262447],[-105.3998,28.262006],[-105.399827,28.261871],[-105.400677,28.259815]]]}},{"type":"Feature","properties":{"modulo":4,"idparcela":"1702","productor":"CALDERON MEDRANO CARLOS CESAR","cultivo":"Nogal (Nuez)","superficie_fisica_ha":9.75,"superficie_riego_ha":9.75,"hectareas":9.016},"geometry":{"type":"Polygon","coordinates":[[[-105.406327,28.259836],[-105.406396,28.259836],[-105.406472,28.259836],[-105.408695,28.259797],[-105.408677,28.260999],[-105.40864,28.263067],[-105.408542,28.263243],[-105.408362,28.263329],[-105.407196,28.263353],[-105.406272,28.26336],[-105.406327,28.259836]]]}},{"type":"Feature","properties":{"modulo":4,"idparcela":"1698","productor":"CUETO N CECILIA","cultivo":"Sin Cultivo","superficie_fisica_ha":31.25,"superficie_riego_ha":24.05,"hectareas":41.402},"geometry":{"type":"Polygon","coordinates":[[[-105.407169,28.253521],[-105.406201,28.254347],[-105.405166,28.254449],[-105.405188,28.256225],[-105.403691,28.256214],[-105.402655,28.256212],[-105.402629,28.259646],[-105.400755,28.259669],[-105.400874,28.259347],[-105.40095,28.259119],[-105.400979,28.258891],[-105.400949,28.258665],[-105.400302,28.257111],[-105.400147,28.2567],[-105.399848,28.255831],[-105.399849,28.255439],[-105.400047,28.254959],[-105.400172,28.254833],[-105.40072,28.254246],[-105.401485,28.252572],[-105.402399,28.250821],[-105.402513,28.250912],[-105.40326,28.250856],[-105.403972,28.250788],[-105.404298,28.250946],[-105.404507,28.250912],[-105.404719,28.250779],[-105.404962,28.250835],[-105.40512,28.250924],[-105.405186,28.251024],[-105.405166,28.251142],[-105.405366,28.251076],[-105.405543,28.251047],[-105.406113,28.251019],[-105.406505,28.250711],[-105.406992,28.250515],[-105.407132,28.25025],[-105.407541,28.25029],[-105.408312,28.251918],[-105.40806,28.252152],[-105.407169,28.253521]]]}},{"type":"Feature","properties":{"modulo":4,"idparcela":"1700","productor":"CORRALES QUINTANA ANTONIO","cultivo":"Sin Cultivo","superficie_fisica_ha":10.05,"superficie_riego_ha":10.05,"hectareas":9.391},"geometry":{"type":"Polygon","coordinates":[[[-105.402629,28.259646],[-105.402655,28.256212],[-105.403691,28.256214],[-105.405188,28.256225],[-105.405188,28.256276],[-105.405146,28.259694],[-105.404924,28.259633],[-105.403783,28.259657],[-105.403084,28.259651],[-105.402629,28.259646]]]}},{"type":"Feature","properties":{"modulo":4,"idparcela":"1699","productor":"GALLEGOS SALGADO FACUNDO","cultivo":"Alfalfa","superficie_fisica_ha":10.05,"superficie_riego_ha":10.05,"hectareas":9.51},"geometry":{"type":"Polygon","coordinates":[[[-105.405188,28.256225],[-105.405228,28.256225],[-105.405333,28.256257],[-105.405372,28.256257],[-105.405653,28.256256],[-105.405797,28.256255],[-105.407666,28.256232],[-105.407758,28.259673],[-105.405416,28.259716],[-105.405146,28.259694],[-105.405188,28.256276],[-105.405188,28.256225]]]}},{"type":"Feature","properties":{"modulo":4,"idparcela":"1697","productor":"DOMINGUEZ N EMMA","cultivo":"Sin Cultivo","superficie_fisica_ha":7,"superficie_riego_ha":7,"hectareas":11.84},"geometry":{"type":"Polygon","coordinates":[[[-105.405188,28.256225],[-105.405166,28.254449],[-105.406201,28.254347],[-105.407169,28.253521],[-105.40806,28.252152],[-105.408312,28.251918],[-105.408599,28.252299],[-105.408958,28.25262],[-105.409685,28.25323],[-105.4099,28.253582],[-105.410028,28.254053],[-105.409154,28.254374],[-105.407666,28.256232],[-105.405797,28.256255],[-105.405653,28.256256],[-105.405372,28.256257],[-105.405333,28.256257],[-105.405228,28.256225],[-105.405188,28.256225]]]}},{"type":"Feature","properties":{"modulo":4,"idparcela":"1701","productor":"PEREZ AGUIRRE MOISES","cultivo":"Sin Cultivo","superficie_fisica_ha":17.4,"superficie_riego_ha":15.81,"hectareas":14.575},"geometry":{"type":"Polygon","coordinates":[[[-105.407666,28.256232],[-105.409154,28.254374],[-105.410028,28.254053],[-105.4102,28.255147],[-105.410775,28.258535],[-105.410776,28.258911],[-105.410714,28.25919],[-105.410589,28.259413],[-105.410307,28.259567],[-105.410024,28.259652],[-105.408386,28.259684],[-105.407758,28.259673],[-105.407666,28.256232]]]}},{"type":"Feature","properties":{"modulo":4,"idparcela":"1681","productor":"RIOS FIERRO ALFONSO","cultivo":"Sin Cultivo","superficie_fisica_ha":34.3,"superficie_riego_ha":20,"hectareas":16.948},"geometry":{"type":"Polygon","coordinates":[[[-105.39907,28.24624],[-105.399196,28.246142],[-105.3994,28.245974],[-105.399415,28.245779],[-105.399663,28.244817],[-105.399693,28.244553],[-105.399771,28.244427],[-105.400007,28.244412],[-105.400385,28.244411],[-105.400448,28.244397],[-105.400652,28.244243],[-105.400745,28.243867],[-105.401043,28.243755],[-105.401184,28.243601],[-105.401293,28.243308],[-105.401309,28.243266],[-105.401466,28.243307],[-105.401608,28.243446],[-105.401703,28.243446],[-105.402221,28.243291],[-105.402395,28.243416],[-105.402743,28.244112],[-105.402744,28.244265],[-105.402619,28.244572],[-105.402293,28.245562],[-105.402152,28.245743],[-105.401979,28.245828],[-105.401996,28.246176],[-105.402138,28.246287],[-105.402359,28.246384],[-105.402421,28.246356],[-105.402893,28.246201],[-105.402847,28.246438],[-105.403242,28.246883],[-105.40332,28.246869],[-105.403415,28.246938],[-105.4034,28.247077],[-105.403557,28.247146],[-105.403731,28.247257],[-105.403543,28.247551],[-105.403622,28.247662],[-105.40378,28.247954],[-105.40375,28.24826],[-105.40361,28.248526],[-105.403594,28.248651],[-105.403517,28.248972],[-105.403361,28.249279],[-105.403268,28.249711],[-105.40332,28.250467],[-105.403288,28.250641],[-105.403212,28.250786],[-105.402535,28.250851],[-105.402452,28.250786],[-105.40253,28.250683],[-105.402672,28.250284],[-105.402718,28.249949],[-105.401436,28.247989],[-105.401168,28.247711],[-105.39907,28.24624]]]}},{"type":"Feature","properties":{"modulo":4,"idparcela":"1704","productor":"DURAN FLORES HECTOR E","cultivo":"Alfalfa","superficie_fisica_ha":25,"superficie_riego_ha":22.26,"hectareas":14.998},"geometry":{"type":"Polygon","coordinates":[[[-105.412807,28.263386],[-105.408677,28.263391],[-105.408779,28.263251],[-105.408859,28.263087],[-105.408873,28.262841],[-105.408889,28.260003],[-105.408935,28.259865],[-105.409061,28.259825],[-105.409606,28.259817],[-105.410133,28.259898],[-105.410474,28.259897],[-105.411063,28.259786],[-105.411713,28.259798],[-105.412766,28.259967],[-105.412807,28.263386]]]}},{"type":"Feature","properties":{"modulo":4,"idparcela":"1704","productor":"DURAN FLORES HECTOR E","cultivo":"Alfalfa","superficie_fisica_ha":25,"superficie_riego_ha":22.26,"hectareas":9.256},"geometry":{"type":"Polygon","coordinates":[[[-105.412936,28.259782],[-105.413439,28.259785],[-105.414316,28.259822],[-105.415365,28.259846],[-105.415392,28.263331],[-105.412976,28.263352],[-105.412936,28.259782]]]}},{"type":"Feature","properties":{"modulo":4,"idparcela":"1694","productor":"TORRES CHAVARRIA CRECENCIO","cultivo":"Sin Cultivo","superficie_fisica_ha":5.15,"superficie_riego_ha":5.15,"hectareas":6.928},"geometry":{"type":"Polygon","coordinates":[[[-105.412772,28.256251],[-105.412786,28.259833],[-105.411169,28.259599],[-105.41066,28.256294],[-105.412772,28.256251]]]}},{"type":"Feature","properties":{"modulo":4,"idparcela":"1960","productor":"CHAVIRA QUINTANA ROBERTO","cultivo":"Chile verde","superficie_fisica_ha":3.55,"superficie_riego_ha":3.55,"hectareas":10.05},"geometry":{"type":"Polygon","coordinates":[[[-105.412768,28.256119],[-105.410664,28.256148],[-105.410219,28.253536],[-105.409945,28.252965],[-105.409734,28.252717],[-105.409296,28.252379],[-105.408925,28.252075],[-105.409053,28.251934],[-105.409289,28.251763],[-105.409831,28.251688],[-105.41054,28.252647],[-105.412702,28.252678],[-105.412768,28.256119]]]}},{"type":"Feature","properties":{"modulo":4,"idparcela":"1962","productor":"SOLIS PAZ SANTIAGO","cultivo":"Chile verde","superficie_fisica_ha":5.55,"superficie_riego_ha":5.55,"hectareas":20.648},"geometry":{"type":"Polygon","coordinates":[[[-105.412972,28.256072],[-105.412856,28.252782],[-105.412866,28.25264],[-105.417921,28.252679],[-105.418014,28.252827],[-105.41815,28.253191],[-105.418224,28.253582],[-105.418327,28.254015],[-105.418516,28.254509],[-105.418898,28.255384],[-105.419175,28.256054],[-105.412972,28.256072]]]}},{"type":"Feature","properties":{"modulo":4,"idparcela":"1685","productor":"MARTINEZ BELTRAN DEL RIO MANUEL","cultivo":"Sorgo Forrajero","superficie_fisica_ha":10.25,"superficie_riego_ha":10.25,"hectareas":10.505},"geometry":{"type":"Polygon","coordinates":[[[-105.41271,28.252558],[-105.412139,28.252556],[-105.411008,28.252548],[-105.410727,28.25253],[-105.410589,28.252344],[-105.410064,28.251695],[-105.409854,28.251404],[-105.409688,28.249052],[-105.412741,28.249078],[-105.41271,28.252558]]]}},{"type":"Feature","properties":{"modulo":4,"idparcela":"1683","productor":"MARTINEZ BELTRAN DEL RIO MANUEL","cultivo":"Sorgo Forrajero","superficie_fisica_ha":18.75,"superficie_riego_ha":17.45,"hectareas":18.958},"geometry":{"type":"Polygon","coordinates":[[[-105.417952,28.252597],[-105.413211,28.252546],[-105.412855,28.252522],[-105.412879,28.249113],[-105.417466,28.249068],[-105.417845,28.249082],[-105.417952,28.252597]]]}},{"type":"Feature","properties":{"modulo":4,"idparcela":"1963","productor":"MERCADO AVILA VICTOR MANUEL","cultivo":"Alfalfa","superficie_fisica_ha":9.6,"superficie_riego_ha":9.6,"hectareas":9.373},"geometry":{"type":"Polygon","coordinates":[[[-105.41798,28.259792],[-105.418439,28.259789],[-105.420408,28.259774],[-105.420413,28.263327],[-105.417963,28.263335],[-105.41798,28.259792]]]}},{"type":"Feature","properties":{"modulo":4,"idparcela":"1964","productor":"MARTINEZ BELTRAN DEL RIO MANUEL","cultivo":"Sand­a","superficie_fisica_ha":9.25,"superficie_riego_ha":9.25,"hectareas":9.038},"geometry":{"type":"Polygon","coordinates":[[[-105.420655,28.259783],[-105.422881,28.259758],[-105.422914,28.263327],[-105.420546,28.263333],[-105.420559,28.259788],[-105.420655,28.259783]]]}},{"type":"Feature","properties":{"modulo":4,"idparcela":"1706","productor":"TORRES CHAVARRIA SOCOROO","cultivo":"Ma­z","superficie_fisica_ha":9.25,"superficie_riego_ha":9.25,"hectareas":5.02},"geometry":{"type":"Polygon","coordinates":[[[-105.422881,28.259758],[-105.420655,28.259783],[-105.420557,28.259694],[-105.420538,28.259518],[-105.420568,28.258786],[-105.42062,28.258621],[-105.420735,28.258411],[-105.420982,28.25819],[-105.421597,28.257889],[-105.422096,28.257637],[-105.422251,28.257527],[-105.422626,28.257249],[-105.42293,28.256811],[-105.422881,28.259758]]]}},{"type":"Feature","properties":{"modulo":4,"idparcela":"1693","productor":"MERCADO AVILA VICTOR MANUEL","cultivo":"Alfalfa","superficie_fisica_ha":9.6,"superficie_riego_ha":9.6,"hectareas":9.734},"geometry":{"type":"Polygon","coordinates":[[[-105.420408,28.259774],[-105.418439,28.259789],[-105.41798,28.259792],[-105.418059,28.256139],[-105.420602,28.25619],[-105.420486,28.258356],[-105.420455,28.258605],[-105.420408,28.259774]]]}},{"type":"Feature","properties":{"modulo":4,"idparcela":"1706","productor":"TORRES CHAVARRIA SOCOROO","cultivo":"Ma­z","superficie_fisica_ha":9.25,"superficie_riego_ha":9.25,"hectareas":3.724},"geometry":{"type":"Polygon","coordinates":[[[-105.420455,28.258605],[-105.420486,28.258356],[-105.420602,28.25619],[-105.420747,28.256191],[-105.422277,28.256154],[-105.422742,28.256235],[-105.422929,28.256481],[-105.422825,28.25671],[-105.42251,28.257182],[-105.421909,28.257598],[-105.421551,28.257776],[-105.421151,28.257992],[-105.420941,28.258098],[-105.420796,28.258191],[-105.420631,28.258388],[-105.420455,28.258605]]]}},{"type":"Feature","properties":{"modulo":4,"idparcela":"1705","productor":"DURAN FLORES RICARDO","cultivo":"Sin Cultivo","superficie_fisica_ha":9.7,"superficie_riego_ha":9.7,"hectareas":9.243},"geometry":{"type":"Polygon","coordinates":[[[-105.415365,28.259846],[-105.415624,28.259832],[-105.416682,28.259843],[-105.417709,28.259851],[-105.417856,28.259902],[-105.417799,28.263318],[-105.416463,28.263331],[-105.415392,28.263331],[-105.415365,28.259846]]]}},{"type":"Feature","properties":{"modulo":4,"idparcela":"1695","productor":"TORRES CHAVARRIA CRECENCIO","cultivo":"Sin Cultivo","superficie_fisica_ha":18.85,"superficie_riego_ha":18.85,"hectareas":19.699},"geometry":{"type":"Polygon","coordinates":[[[-105.415365,28.259846],[-105.414316,28.259822],[-105.413439,28.259785],[-105.412936,28.259782],[-105.412928,28.258021],[-105.412927,28.256165],[-105.417969,28.256166],[-105.417834,28.259727],[-105.417745,28.259788],[-105.417709,28.259851],[-105.416682,28.259843],[-105.415624,28.259832],[-105.415365,28.259846]]]}},{"type":"Feature","properties":{"modulo":4,"idparcela":"1686","productor":"MARTINEZ BELTRAN DEL RIO MANUEL","cultivo":"Alfalfa","superficie_fisica_ha":11.85,"superficie_riego_ha":11.85,"hectareas":13.166},"geometry":{"type":"Polygon","coordinates":[[[-105.41918,28.255693],[-105.419175,28.255509],[-105.419191,28.252728],[-105.419199,28.252728],[-105.419336,28.25276],[-105.419344,28.25276],[-105.422902,28.252781],[-105.422934,28.256028],[-105.419677,28.25603],[-105.419418,28.25603],[-105.41933,28.256009],[-105.419251,28.255934],[-105.419214,28.255834],[-105.41918,28.255693]]]}},{"type":"Feature","properties":{"modulo":4,"idparcela":"1962","productor":"SOLIS PAZ SANTIAGO","cultivo":"Chile verde","superficie_fisica_ha":5.55,"superficie_riego_ha":5.55,"hectareas":2.097},"geometry":{"type":"Polygon","coordinates":[[[-105.419191,28.252728],[-105.419175,28.255509],[-105.41918,28.255693],[-105.419117,28.255613],[-105.418932,28.255268],[-105.4186,28.254513],[-105.418408,28.253971],[-105.418317,28.253562],[-105.418261,28.253113],[-105.418096,28.252629],[-105.418232,28.252657],[-105.418298,28.252656],[-105.418443,28.252656],[-105.419182,28.252654],[-105.419183,28.252654],[-105.419191,28.252728]]]}},{"type":"Feature","properties":{"modulo":4,"idparcela":"1682","productor":"MARTINEZ BELTRAN DEL RIO MANUEL","cultivo":"Alfalfa","superficie_fisica_ha":21.4,"superficie_riego_ha":20.9,"hectareas":19.27},"geometry":{"type":"Polygon","coordinates":[[[-105.418298,28.252656],[-105.418232,28.252657],[-105.418096,28.252629],[-105.418026,28.252493],[-105.417937,28.249084],[-105.422376,28.249033],[-105.422863,28.25],[-105.422902,28.252781],[-105.419344,28.25276],[-105.419336,28.25276],[-105.419199,28.252728],[-105.419191,28.252728],[-105.419183,28.252654],[-105.419182,28.252654],[-105.418443,28.252656],[-105.418298,28.252656]]]}},{"type":"Feature","properties":{"modulo":4,"idparcela":"1709","productor":"MARTINEZ MARQUEZ ARCADIO","cultivo":"Alfalfa","superficie_fisica_ha":18.8,"superficie_riego_ha":18.8,"hectareas":18.508},"geometry":{"type":"Polygon","coordinates":[[[-105.433148,28.263282],[-105.428214,28.263269],[-105.42823,28.259799],[-105.433163,28.259823],[-105.433148,28.263282]]]}},{"type":"Feature","properties":{"modulo":4,"idparcela":"1707","productor":"PR¥A BARRANTES ALICIA MARIA","cultivo":"Ajo","superficie_fisica_ha":18.8,"superficie_riego_ha":18.8,"hectareas":19.334},"geometry":{"type":"Polygon","coordinates":[[[-105.426849,28.259755],[-105.427393,28.259752],[-105.42808,28.259764],[-105.428081,28.263272],[-105.423057,28.263324],[-105.423025,28.259754],[-105.424691,28.25976],[-105.426764,28.259748],[-105.426849,28.259755]]]}},{"type":"Feature","properties":{"modulo":4,"idparcela":"1691","productor":"AMADOR GONZALEZ J JESUS","cultivo":"Chile verde","superficie_fisica_ha":14.25,"superficie_riego_ha":14.25,"hectareas":13.964},"geometry":{"type":"Polygon","coordinates":[[[-105.426764,28.259748],[-105.424691,28.25976],[-105.423025,28.259754],[-105.423017,28.256305],[-105.424411,28.25629],[-105.425308,28.256294],[-105.42673,28.256295],[-105.426764,28.259748]]]}},{"type":"Feature","properties":{"modulo":4,"idparcela":"1690","productor":"RODRIGUEZ REY GUADALUPE","cultivo":"Chile verde","superficie_fisica_ha":14.25,"superficie_riego_ha":14.25,"hectareas":14.167},"geometry":{"type":"Polygon","coordinates":[[[-105.429454,28.259684],[-105.429483,28.258259],[-105.429477,28.256155],[-105.433004,28.256156],[-105.43309,28.25616],[-105.433149,28.256195],[-105.433165,28.25626],[-105.433169,28.259716],[-105.429454,28.259684]]]}},{"type":"Feature","properties":{"modulo":4,"idparcela":"1692","productor":"MARTINEZ GOMEZ GUILLERMO","cultivo":"Alfalfa","superficie_fisica_ha":9.62,"superficie_riego_ha":9.62,"hectareas":9.629},"geometry":{"type":"Polygon","coordinates":[[[-105.426836,28.256143],[-105.427102,28.25614],[-105.429316,28.256136],[-105.429347,28.259176],[-105.429052,28.259711],[-105.428081,28.259707],[-105.42808,28.259764],[-105.427393,28.259752],[-105.426849,28.259755],[-105.426829,28.256502],[-105.426836,28.256143]]]}},{"type":"Feature","properties":{"modulo":4,"idparcela":"1687","productor":"MARTINEZ GOMEZ GUILLERMO","cultivo":"Chile verde","superficie_fisica_ha":16.75,"superficie_riego_ha":14.25,"hectareas":16.808},"geometry":{"type":"Polygon","coordinates":[[[-105.423065,28.25619],[-105.423048,28.252807],[-105.423047,28.252781],[-105.423009,28.250129],[-105.424823,28.252554],[-105.424913,28.252579],[-105.426571,28.25264],[-105.426703,28.252757],[-105.426749,28.253251],[-105.426762,28.256209],[-105.424918,28.256206],[-105.423065,28.25619]]]}},{"type":"Feature","properties":{"modulo":4,"idparcela":"1688","productor":"MARTINEZ AMPARAN ABEL","cultivo":"Chile verde","superficie_fisica_ha":9.72,"superficie_riego_ha":9.72,"hectareas":9.789},"geometry":{"type":"Polygon","coordinates":[[[-105.429316,28.256136],[-105.427102,28.25614],[-105.426836,28.256143],[-105.426831,28.254002],[-105.426823,28.252656],[-105.429376,28.252615],[-105.429447,28.256051],[-105.429389,28.2561],[-105.429316,28.256136]]]}},{"type":"Feature","properties":{"modulo":4,"idparcela":"1689","productor":"MATINEZ GOMEZ NOEL ARTURO","cultivo":"Alfalfa","superficie_fisica_ha":13.874,"superficie_riego_ha":13.87,"hectareas":12.447},"geometry":{"type":"Polygon","coordinates":[[[-105.429376,28.252615],[-105.431544,28.252561],[-105.433142,28.254505],[-105.433127,28.25593],[-105.433049,28.256059],[-105.432911,28.256096],[-105.429626,28.256064],[-105.429447,28.256051],[-105.429376,28.252615]]]}},{"type":"Feature","properties":{"modulo":4,"idparcela":"2138","productor":"HOLGUIN QUINTANA MARCOS","cultivo":"Cacahuate","superficie_fisica_ha":9.9,"superficie_riego_ha":9.9,"hectareas":9.392},"geometry":{"type":"Polygon","coordinates":[[[-105.433235,28.26327],[-105.433239,28.261515],[-105.433301,28.261529],[-105.433383,28.261547],[-105.433406,28.261547],[-105.438254,28.26155],[-105.438309,28.263264],[-105.433235,28.26327]]]}},{"type":"Feature","properties":{"modulo":4,"idparcela":"1945","productor":"GARCIA MENDOZA JUAN","cultivo":"Sin Cultivo","superficie_fisica_ha":10.15,"superficie_riego_ha":9.55,"hectareas":1.936},"geometry":{"type":"Polygon","coordinates":[[[-105.438254,28.26155],[-105.438334,28.26155],[-105.438417,28.261619],[-105.438654,28.261822],[-105.439859,28.262785],[-105.43991,28.262852],[-105.439921,28.263266],[-105.438583,28.263276],[-105.438309,28.263264],[-105.438254,28.26155]]]}},{"type":"Feature","properties":{"modulo":4,"idparcela":"2137","productor":"MARTINEZ GOMEZ GUILLERMO","cultivo":"Alfalfa","superficie_fisica_ha":9.9,"superficie_riego_ha":8.62,"hectareas":9.725},"geometry":{"type":"Polygon","coordinates":[[[-105.433239,28.261515],[-105.433249,28.261439],[-105.433242,28.25979],[-105.433308,28.259789],[-105.4381,28.259716],[-105.43823,28.259811],[-105.438269,28.26148],[-105.438254,28.26155],[-105.433406,28.261547],[-105.433383,28.261547],[-105.433239,28.261515]]]}},{"type":"Feature","properties":{"modulo":4,"idparcela":"2136","productor":"ACEVES JAQUEZ JOSE","cultivo":"Chile verde","superficie_fisica_ha":9.9,"superficie_riego_ha":8.72,"hectareas":9.207},"geometry":{"type":"Polygon","coordinates":[[[-105.433319,28.257975],[-105.433655,28.257987],[-105.438308,28.257903],[-105.43831,28.257935],[-105.43832,28.25818],[-105.438268,28.258457],[-105.438283,28.259649],[-105.433322,28.259672],[-105.433319,28.257975]]]}},{"type":"Feature","properties":{"modulo":4,"idparcela":"2135","productor":"CUETO RODRIGUEZ ROBERTO","cultivo":"Cacahuate","superficie_fisica_ha":9.9,"superficie_riego_ha":9.45,"hectareas":9.957},"geometry":{"type":"Polygon","coordinates":[[[-105.43831,28.257935],[-105.438308,28.257903],[-105.433655,28.257987],[-105.433319,28.257975],[-105.433286,28.256219],[-105.433257,28.256122],[-105.433561,28.25615],[-105.438322,28.256076],[-105.43831,28.257935]]]}},{"type":"Feature","properties":{"modulo":4,"idparcela":"2134","productor":"MARTINEZ AMPARAN PABLO","cultivo":"Alfalfa","superficie_fisica_ha":9.9,"superficie_riego_ha":9.9,"hectareas":9.733},"geometry":{"type":"Polygon","coordinates":[[[-105.433286,28.254319],[-105.435475,28.254336],[-105.438284,28.254326],[-105.438311,28.25533],[-105.438322,28.256015],[-105.438322,28.256076],[-105.433561,28.25615],[-105.433257,28.256122],[-105.433269,28.255297],[-105.433286,28.254319]]]}},{"type":"Feature","properties":{"modulo":4,"idparcela":"1718","productor":"ACEVES JAQUEZ JUAN ANTONIO","cultivo":"Ma­z","superficie_fisica_ha":11.25,"superficie_riego_ha":7.65,"hectareas":4.504},"geometry":{"type":"Polygon","coordinates":[[[-105.433225,28.272642],[-105.433215,28.271899],[-105.433223,28.270934],[-105.433095,28.270706],[-105.433057,28.270603],[-105.43306,28.270511],[-105.433116,28.270427],[-105.433511,28.270165],[-105.435629,28.270202],[-105.434166,28.272629],[-105.433225,28.272642]]]}},{"type":"Feature","properties":{"modulo":4,"idparcela":"************","productor":null,"cultivo":"Sin Cultivo","superficie_fisica_ha":null,"superficie_riego_ha":null,"hectareas":10.847},"geometry":{"type":"Polygon","coordinates":[[[-105.435699,28.270133],[-105.436359,28.270143],[-105.436598,28.270441],[-105.436613,28.270614],[-105.436501,28.270739],[-105.436362,28.270888],[-105.436166,28.271088],[-105.436306,28.271062],[-105.436461,28.271037],[-105.437134,28.270973],[-105.437232,28.271097],[-105.437359,28.271171],[-105.437513,28.271195],[-105.437738,28.271294],[-105.438189,28.271665],[-105.438133,28.27174],[-105.438049,28.271802],[-105.437867,28.271852],[-105.437726,28.271853],[-105.437671,28.271915],[-105.437671,28.272064],[-105.437742,28.272114],[-105.437658,28.272201],[-105.43756,28.272201],[-105.437405,28.272202],[-105.437321,28.272189],[-105.437222,28.27209],[-105.437166,28.272115],[-105.437181,28.272302],[-105.437028,28.272451],[-105.436985,28.272451],[-105.436915,28.272414],[-105.436914,28.272228],[-105.436844,28.272141],[-105.436605,28.27208],[-105.436564,28.272217],[-105.436607,28.272428],[-105.436565,28.272564],[-105.436327,28.27264],[-105.436117,28.27274],[-105.435893,28.272803],[-105.435682,28.272803],[-105.435528,28.272742],[-105.435415,28.272655],[-105.43526,28.272407],[-105.434992,28.27206],[-105.434837,28.272036],[-105.434936,28.272234],[-105.435007,28.272445],[-105.435164,28.272904],[-105.435094,28.273078],[-105.434912,28.273191],[-105.43466,28.273303],[-105.434577,28.273415],[-105.434731,28.27339],[-105.434899,28.273315],[-105.435081,28.273265],[-105.435249,28.273202],[-105.435347,28.27314],[-105.435473,28.273176],[-105.435586,28.273338],[-105.435545,28.273524],[-105.435392,28.273773],[-105.435266,28.27391],[-105.435098,28.274022],[-105.43486,28.274209],[-105.434622,28.274247],[-105.43451,28.274297],[-105.434622,28.274322],[-105.434931,28.274321],[-105.435127,28.27432],[-105.435268,28.274531],[-105.435366,28.274332],[-105.435421,28.274083],[-105.435575,28.273959],[-105.435771,28.273946],[-105.43594,28.274106],[-105.435845,28.274852],[-105.435789,28.274964],[-105.433641,28.274649],[-105.433471,28.274578],[-105.433376,28.274476],[-105.433294,28.274215],[-105.433225,28.272642],[-105.434166,28.272629],[-105.435629,28.270202],[-105.435699,28.270133]]]}},{"type":"Feature","properties":{"modulo":4,"idparcela":"2152","productor":"SOLIS SOLTERO RAUL","cultivo":"Chile verde","superficie_fisica_ha":17.9,"superficie_riego_ha":17.9,"hectareas":1.195},"geometry":{"type":"Polygon","coordinates":[[[-105.437706,28.270338],[-105.437988,28.270573],[-105.438128,28.270622],[-105.438297,28.270783],[-105.438382,28.270845],[-105.438382,28.270994],[-105.438636,28.271192],[-105.438847,28.271402],[-105.439072,28.2716],[-105.439494,28.271909],[-105.439494,28.271959],[-105.439369,28.272108],[-105.439173,28.272183],[-105.439074,28.272134],[-105.43899,28.272023],[-105.438877,28.271799],[-105.438735,28.271589],[-105.438623,28.271564],[-105.438483,28.271515],[-105.43837,28.271441],[-105.438258,28.271367],[-105.438159,28.271293],[-105.437962,28.271132],[-105.437751,28.270934],[-105.437638,28.270698],[-105.437511,28.270612],[-105.437076,28.270563],[-105.436793,28.270092],[-105.436821,28.270092],[-105.437004,28.270116],[-105.437102,28.270128],[-105.437145,28.270215],[-105.437271,28.270302],[-105.437412,28.270326],[-105.437706,28.270338]]]}},{"type":"Feature","properties":{"modulo":4,"idparcela":"2152","productor":"SOLIS SOLTERO RAUL","cultivo":"Chile verde","superficie_fisica_ha":17.9,"superficie_riego_ha":17.9,"hectareas":0.977},"geometry":{"type":"Polygon","coordinates":[[[-105.440039,28.271398],[-105.440068,28.271597],[-105.440055,28.271734],[-105.440139,28.271833],[-105.440195,28.27187],[-105.440294,28.271944],[-105.440351,28.272043],[-105.440323,28.272143],[-105.440169,28.272168],[-105.440113,28.272205],[-105.439639,28.271941],[-105.439452,28.271804],[-105.439217,28.271632],[-105.439086,28.271517],[-105.438992,28.271434],[-105.438886,28.271329],[-105.43878,28.271223],[-105.438527,28.271025],[-105.438442,28.270815],[-105.438451,28.270596],[-105.438479,28.270521],[-105.438591,28.270534],[-105.438619,28.270658],[-105.438704,28.270794],[-105.438775,28.270918],[-105.438803,28.27098],[-105.438873,28.271017],[-105.438958,28.271042],[-105.439028,28.271128],[-105.439028,28.271178],[-105.439098,28.271178],[-105.439224,28.271115],[-105.439309,28.271127],[-105.439449,28.271189],[-105.439562,28.271226],[-105.439646,28.271288],[-105.439675,28.271399],[-105.439731,28.271412],[-105.439801,28.271449],[-105.439871,28.271399],[-105.440039,28.271398]]]}},{"type":"Feature","properties":{"modulo":4,"idparcela":"1801","productor":"AGUIRRE CASIANO OSCAR","cultivo":"Alfalfa","superficie_fisica_ha":13.23,"superficie_riego_ha":13.23,"hectareas":9.743},"geometry":{"type":"Polygon","coordinates":[[[-105.440069,28.263271],[-105.440068,28.26289],[-105.439935,28.262717],[-105.439478,28.262324],[-105.438392,28.261481],[-105.438378,28.260661],[-105.438493,28.260469],[-105.438505,28.260215],[-105.439121,28.260077],[-105.43949,28.259994],[-105.439692,28.260112],[-105.439671,28.260271],[-105.439717,28.260747],[-105.439918,28.260429],[-105.440204,28.259198],[-105.440248,28.259139],[-105.440561,28.259039],[-105.440674,28.259098],[-105.440764,28.259256],[-105.440742,28.259435],[-105.440766,28.259831],[-105.440701,28.260407],[-105.440569,28.260903],[-105.440659,28.261022],[-105.440772,28.261121],[-105.440906,28.26116],[-105.441018,28.261159],[-105.441153,28.261139],[-105.441331,28.261059],[-105.441533,28.261078],[-105.441511,28.261198],[-105.441355,28.261337],[-105.441378,28.261535],[-105.441647,28.261534],[-105.442407,28.261056],[-105.442407,28.261195],[-105.442229,28.261413],[-105.441961,28.261593],[-105.441827,28.261752],[-105.441737,28.261752],[-105.441536,28.261792],[-105.441313,28.262011],[-105.441403,28.26215],[-105.441493,28.262269],[-105.441695,28.262347],[-105.441874,28.262347],[-105.441986,28.262247],[-105.44203,28.262168],[-105.442119,28.262029],[-105.442388,28.261968],[-105.442701,28.261947],[-105.443014,28.261768],[-105.443127,28.261986],[-105.443016,28.262105],[-105.442793,28.262304],[-105.442681,28.262364],[-105.442479,28.262404],[-105.4423,28.262444],[-105.442301,28.262524],[-105.44248,28.262603],[-105.442525,28.262682],[-105.442728,28.26284],[-105.442549,28.262959],[-105.442415,28.263019],[-105.442303,28.26304],[-105.442191,28.263159],[-105.441968,28.263338],[-105.44164,28.263281],[-105.441206,28.263241],[-105.440069,28.263271]]]}},{"type":"Feature","properties":{"modulo":4,"idparcela":"1998","productor":"CASTILLO HERNANDEZ JESUS ELIAS","cultivo":"Trigo","superficie_fisica_ha":4,"superficie_riego_ha":4,"hectareas":1.81},"geometry":{"type":"Polygon","coordinates":[[[-105.451611,28.257304],[-105.451813,28.257308],[-105.451866,28.257403],[-105.45169,28.25813],[-105.451266,28.258329],[-105.45111,28.258508],[-105.450866,28.259124],[-105.450531,28.259542],[-105.450263,28.259602],[-105.450119,28.259783],[-105.449861,28.259901],[-105.449724,28.259822],[-105.449591,28.259723],[-105.449591,28.259545],[-105.449963,28.259309],[-105.450077,28.259173],[-105.450122,28.258963],[-105.450447,28.258523],[-105.450743,28.258241],[-105.451146,28.257859],[-105.451424,28.257562],[-105.451495,28.257389],[-105.451611,28.257304]]]}},{"type":"Feature","properties":{"modulo":4,"idparcela":"1998","productor":"CASTILLO HERNANDEZ JESUS ELIAS","cultivo":"Trigo","superficie_fisica_ha":4,"superficie_riego_ha":4,"hectareas":2.513},"geometry":{"type":"Polygon","coordinates":[[[-105.452343,28.258941],[-105.452277,28.2591],[-105.452053,28.25918],[-105.451919,28.25922],[-105.451852,28.259339],[-105.4518,28.259554],[-105.451761,28.259719],[-105.451854,28.259775],[-105.451654,28.260073],[-105.451766,28.260152],[-105.451878,28.260231],[-105.451812,28.26039],[-105.4517,28.26049],[-105.451522,28.260629],[-105.451145,28.261503],[-105.451077,28.261523],[-105.451032,28.261464],[-105.451276,28.260709],[-105.451252,28.260511],[-105.451028,28.260373],[-105.451072,28.260194],[-105.451021,28.260085],[-105.450943,28.260005],[-105.450898,28.259901],[-105.451013,28.259503],[-105.451158,28.259341],[-105.451359,28.259241],[-105.451433,28.259129],[-105.451429,28.25898],[-105.451383,28.258831],[-105.451497,28.25871],[-105.451648,28.258669],[-105.451757,28.258652],[-105.451869,28.258739],[-105.451908,28.25894],[-105.452,28.2589],[-105.452096,28.258743],[-105.452191,28.258493],[-105.452208,28.257889],[-105.452137,28.257756],[-105.452051,28.257698],[-105.452015,28.257609],[-105.452028,28.257467],[-105.452073,28.257257],[-105.452179,28.257128],[-105.452335,28.257056],[-105.452719,28.257475],[-105.452965,28.25759],[-105.452965,28.257689],[-105.452513,28.257942],[-105.452417,28.258506],[-105.452489,28.258621],[-105.452452,28.258809],[-105.452343,28.258941]]]}},{"type":"Feature","properties":{"modulo":4,"idparcela":"1998","productor":"CASTILLO HERNANDEZ JESUS ELIAS","cultivo":"Trigo","superficie_fisica_ha":4,"superficie_riego_ha":4,"hectareas":10.435},"geometry":{"type":"Polygon","coordinates":[[[-105.448838,28.254375],[-105.452826,28.254364],[-105.452912,28.255746],[-105.452593,28.255628],[-105.452237,28.255472],[-105.452108,28.255631],[-105.451949,28.255769],[-105.45168,28.25571],[-105.451591,28.255809],[-105.451666,28.255973],[-105.45168,28.256188],[-105.451609,28.256359],[-105.451395,28.256453],[-105.451034,28.256486],[-105.451005,28.256594],[-105.450987,28.257128],[-105.45085,28.257353],[-105.450636,28.257717],[-105.450457,28.257876],[-105.450295,28.258125],[-105.450007,28.258379],[-105.449768,28.258543],[-105.449564,28.258613],[-105.44943,28.258534],[-105.449349,28.258454],[-105.449298,28.258352],[-105.449312,28.258254],[-105.449513,28.258072],[-105.449688,28.257919],[-105.449827,28.257785],[-105.449965,28.257618],[-105.449985,28.257481],[-105.449744,28.257263],[-105.449715,28.257025],[-105.449647,28.256966],[-105.44957,28.25729],[-105.449497,28.257507],[-105.449437,28.257634],[-105.44937,28.257687],[-105.449266,28.257731],[-105.449128,28.257706],[-105.449063,28.257642],[-105.449059,28.257497],[-105.449082,28.257389],[-105.449147,28.257257],[-105.44925,28.257138],[-105.449326,28.257033],[-105.449354,28.256888],[-105.449377,28.256749],[-105.449363,28.256668],[-105.449315,28.256617],[-105.449246,28.256619],[-105.449168,28.256681],[-105.449108,28.256785],[-105.44903,28.256839],[-105.448936,28.256855],[-105.448871,28.256828],[-105.448832,28.256749],[-105.448808,28.256638],[-105.448865,28.256407],[-105.4489,28.256112],[-105.449001,28.25596],[-105.449148,28.25552],[-105.449166,28.254761],[-105.449029,28.254608],[-105.448901,28.254522],[-105.448838,28.254375]]]}},{"type":"Feature","properties":{"modulo":4,"idparcela":"1998","productor":"CASTILLO HERNANDEZ JESUS ELIAS","cultivo":"Trigo","superficie_fisica_ha":4,"superficie_riego_ha":4,"hectareas":9.458},"geometry":{"type":"Polygon","coordinates":[[[-105.445291,28.254402],[-105.448247,28.254372],[-105.448338,28.254551],[-105.448339,28.254749],[-105.448183,28.254948],[-105.448296,28.255166],[-105.448341,28.255404],[-105.448388,28.25576],[-105.448186,28.255702],[-105.447917,28.255722],[-105.447873,28.255802],[-105.448097,28.25596],[-105.448232,28.256118],[-105.448189,28.256356],[-105.448167,28.256495],[-105.448032,28.256456],[-105.447808,28.256457],[-105.447764,28.256516],[-105.447921,28.256734],[-105.448034,28.256892],[-105.448124,28.25705],[-105.448215,28.257229],[-105.44808,28.257289],[-105.447923,28.25719],[-105.447766,28.257052],[-105.447519,28.257013],[-105.447542,28.257112],[-105.447654,28.257171],[-105.447655,28.25731],[-105.447499,28.257429],[-105.44779,28.257508],[-105.44797,28.257626],[-105.448105,28.257784],[-105.448106,28.257923],[-105.447993,28.257864],[-105.447791,28.257805],[-105.447612,28.257766],[-105.447388,28.257767],[-105.447344,28.257985],[-105.447659,28.258163],[-105.447816,28.258242],[-105.447883,28.25836],[-105.447682,28.258361],[-105.447525,28.258322],[-105.447323,28.258382],[-105.447324,28.258561],[-105.447504,28.258738],[-105.447594,28.258897],[-105.44755,28.259095],[-105.447935,28.259907],[-105.447845,28.259987],[-105.447419,28.25973],[-105.447395,28.259433],[-105.447059,28.259315],[-105.447058,28.259137],[-105.446766,28.259038],[-105.446719,28.258384],[-105.446629,28.258285],[-105.446248,28.258346],[-105.446359,28.258107],[-105.44658,28.257353],[-105.44649,28.257254],[-105.446333,28.257314],[-105.44622,28.257077],[-105.446174,28.25668],[-105.446173,28.256482],[-105.446553,28.256342],[-105.446597,28.256143],[-105.446373,28.256005],[-105.445992,28.256026],[-105.445858,28.256146],[-105.445679,28.256245],[-105.445544,28.256107],[-105.445721,28.255472],[-105.445989,28.255292],[-105.445854,28.255114],[-105.445742,28.255055],[-105.445607,28.255055],[-105.44545,28.254977],[-105.445404,28.254719],[-105.445291,28.254402]]]}},{"type":"Feature","properties":{"modulo":4,"idparcela":"1999","productor":"CASTILLO JAQUEZ ROSALIO","cultivo":"Alfalfa","superficie_fisica_ha":10,"superficie_riego_ha":10,"hectareas":9.171},"geometry":{"type":"Polygon","coordinates":[[[-105.441776,28.25485],[-105.443416,28.255995],[-105.444183,28.257282],[-105.444475,28.257558],[-105.444454,28.257717],[-105.444253,28.257916],[-105.444141,28.258035],[-105.444056,28.259008],[-105.443833,28.259207],[-105.443766,28.259405],[-105.443677,28.259505],[-105.443497,28.259406],[-105.443318,28.259307],[-105.443005,28.259507],[-105.442893,28.259586],[-105.442849,28.259725],[-105.44276,28.259785],[-105.442514,28.259925],[-105.442446,28.259727],[-105.442467,28.259429],[-105.442578,28.25925],[-105.442511,28.259112],[-105.44231,28.259271],[-105.442153,28.259311],[-105.442174,28.259093],[-105.441971,28.258677],[-105.441993,28.258538],[-105.442441,28.258457],[-105.442597,28.258338],[-105.442641,28.258239],[-105.442663,28.2581],[-105.442439,28.258081],[-105.442238,28.258101],[-105.442126,28.258121],[-105.442014,28.258181],[-105.44179,28.258162],[-105.441767,28.258003],[-105.441923,28.257844],[-105.442124,28.257784],[-105.442303,28.257625],[-105.442414,28.257367],[-105.44248,28.257109],[-105.442547,28.256989],[-105.442725,28.25689],[-105.442927,28.256849],[-105.442792,28.256751],[-105.442725,28.256691],[-105.442679,28.256493],[-105.442656,28.256295],[-105.442499,28.256335],[-105.4425,28.256494],[-105.442344,28.256772],[-105.442255,28.256891],[-105.442099,28.25711],[-105.44192,28.25719],[-105.441876,28.25723],[-105.441676,28.257607],[-105.441518,28.25731],[-105.441449,28.257072],[-105.441448,28.256795],[-105.441447,28.256596],[-105.44138,28.256497],[-105.441223,28.256418],[-105.44111,28.256201],[-105.441109,28.255903],[-105.44113,28.255665],[-105.441398,28.255426],[-105.44151,28.255406],[-105.441644,28.255346],[-105.441732,28.255048],[-105.441776,28.25485]]]}},{"type":"Feature","properties":{"modulo":4,"idparcela":"************","productor":null,"cultivo":"Sin Cultivo","superficie_fisica_ha":null,"superficie_riego_ha":null,"hectareas":4.639},"geometry":{"type":"Polygon","coordinates":[[[-105.441573,28.254474],[-105.441726,28.254335],[-105.444718,28.254413],[-105.445023,28.254621],[-105.445024,28.254839],[-105.445137,28.255057],[-105.445138,28.255255],[-105.445094,28.255494],[-105.444915,28.255554],[-105.444713,28.255495],[-105.444579,28.255495],[-105.444445,28.255595],[-105.444446,28.255853],[-105.444311,28.255833],[-105.444243,28.255615],[-105.444108,28.255477],[-105.443974,28.255438],[-105.44393,28.255616],[-105.443975,28.255854],[-105.444247,28.256409],[-105.444383,28.256805],[-105.444584,28.256864],[-105.444651,28.256824],[-105.444763,28.256823],[-105.444898,28.256823],[-105.445122,28.256921],[-105.445033,28.2571],[-105.444833,28.257398],[-105.444654,28.257459],[-105.443685,28.256093],[-105.443561,28.256026],[-105.443303,28.255777],[-105.441686,28.254612],[-105.441573,28.254474]]]}},{"type":"Feature","properties":{"modulo":4,"idparcela":"2139","productor":"GARCIA MENDOZA RAMONA","cultivo":"Sin Cultivo","superficie_fisica_ha":9.85,"superficie_riego_ha":2.95,"hectareas":11.199},"geometry":{"type":"Polygon","coordinates":[[[-105.438505,28.260215],[-105.438482,28.259859],[-105.438427,28.259601],[-105.438345,28.259403],[-105.43832,28.25818],[-105.43831,28.257935],[-105.438322,28.256076],[-105.438322,28.256015],[-105.438311,28.25533],[-105.438284,28.254326],[-105.438374,28.254451],[-105.438487,28.254482],[-105.438722,28.254433],[-105.43916,28.254269],[-105.439407,28.254192],[-105.439623,28.25411],[-105.439777,28.254052],[-105.439867,28.254062],[-105.44004,28.254198],[-105.440082,28.254369],[-105.440182,28.254507],[-105.440387,28.254676],[-105.440589,28.254854],[-105.440676,28.255238],[-105.440779,28.255462],[-105.440808,28.255644],[-105.440638,28.255845],[-105.440414,28.255925],[-105.440236,28.256045],[-105.43999,28.256184],[-105.439867,28.25632],[-105.439901,28.256502],[-105.440149,28.256759],[-105.440351,28.256996],[-105.440486,28.257075],[-105.440778,28.257233],[-105.440824,28.25763],[-105.440892,28.257768],[-105.440893,28.258026],[-105.440782,28.258165],[-105.440647,28.258086],[-105.440423,28.257948],[-105.440243,28.25783],[-105.44013,28.257632],[-105.440062,28.257473],[-105.439904,28.257236],[-105.43977,28.257177],[-105.439771,28.257454],[-105.439816,28.257573],[-105.439772,28.257673],[-105.439615,28.257633],[-105.439413,28.257634],[-105.439279,28.257754],[-105.439145,28.257873],[-105.439011,28.257913],[-105.438832,28.257934],[-105.438585,28.257795],[-105.438541,28.257875],[-105.43872,28.257993],[-105.439079,28.257992],[-105.439347,28.257972],[-105.439661,28.257911],[-105.439773,28.25795],[-105.439841,28.258188],[-105.439999,28.258406],[-105.44,28.258644],[-105.439956,28.258783],[-105.439575,28.258784],[-105.439373,28.258785],[-105.439127,28.258785],[-105.438903,28.258846],[-105.438993,28.258885],[-105.439172,28.258884],[-105.439306,28.258884],[-105.439598,28.258923],[-105.439799,28.258922],[-105.439934,28.258981],[-105.439778,28.259081],[-105.439576,28.259161],[-105.439689,28.259319],[-105.439712,28.259398],[-105.43978,28.259537],[-105.4396,28.259538],[-105.439399,28.259518],[-105.439175,28.259579],[-105.439332,28.259598],[-105.439556,28.259617],[-105.439691,28.259716],[-105.439646,28.259835],[-105.439512,28.259835],[-105.439265,28.259816],[-105.439154,28.259896],[-105.439121,28.260077],[-105.438505,28.260215]]]}},{"type":"Feature","properties":{"modulo":4,"idparcela":"2149","productor":"SANCHEZ BERNAL JOSE LUIS","cultivo":"Sin Cultivo","superficie_fisica_ha":17.8,"superficie_riego_ha":17.8,"hectareas":5.578},"geometry":{"type":"Polygon","coordinates":[[[-105.453265,28.254356],[-105.453497,28.254372],[-105.453768,28.254512],[-105.453947,28.254533],[-105.454906,28.254524],[-105.455612,28.254521],[-105.455145,28.255466],[-105.454984,28.255622],[-105.454781,28.255705],[-105.454699,28.25598],[-105.454617,28.25623],[-105.454394,28.256494],[-105.454254,28.256772],[-105.454206,28.257004],[-105.454051,28.257372],[-105.453831,28.257832],[-105.453554,28.257728],[-105.453297,28.257619],[-105.453232,28.257505],[-105.453229,28.256558],[-105.453117,28.256518],[-105.453057,28.255777],[-105.453005,28.255196],[-105.452967,28.254578],[-105.453079,28.254405],[-105.453265,28.254356]]]}},{"type":"Feature","properties":{"modulo":4,"idparcela":"1953","productor":"COLORINES DE SAN DIEGO SPR DE RL DE CV","cultivo":"Chile verde","superficie_fisica_ha":9.83,"superficie_riego_ha":9.83,"hectareas":9.889},"geometry":{"type":"Polygon","coordinates":[[[-105.423043,28.269022],[-105.423013,28.267209],[-105.428037,28.267174],[-105.428086,28.268988],[-105.423043,28.269022]]]}},{"type":"Feature","properties":{"modulo":4,"idparcela":"1735","productor":"SANTOS TAMAYO JOSE LUIS","cultivo":"Mel½n","superficie_fisica_ha":10,"superficie_riego_ha":9.85,"hectareas":9.744},"geometry":{"type":"Polygon","coordinates":[[[-105.428156,28.268987],[-105.428119,28.267169],[-105.433132,28.267175],[-105.433132,28.267613],[-105.433093,28.267868],[-105.433123,28.268982],[-105.432117,28.268978],[-105.430743,28.268976],[-105.428156,28.268987]]]}},{"type":"Feature","properties":{"modulo":4,"idparcela":"2311","productor":"NUECES DOLORES SPR DE RI","cultivo":"Nogal (Nuez)","superficie_fisica_ha":36.75,"superficie_riego_ha":35.55,"hectareas":37.621},"geometry":{"type":"Polygon","coordinates":[[[-105.43794,28.137114],[-105.432992,28.137219],[-105.432936,28.137073],[-105.432961,28.135297],[-105.43295,28.135133],[-105.432863,28.131674],[-105.434052,28.131581],[-105.434076,28.130275],[-105.435836,28.129782],[-105.436905,28.129702],[-105.437969,28.129753],[-105.437952,28.133728],[-105.43794,28.137114]]]}},{"type":"Feature","properties":{"modulo":4,"idparcela":"************","productor":null,"cultivo":"Sin Cultivo","superficie_fisica_ha":null,"superficie_riego_ha":null,"hectareas":29.669},"geometry":{"type":"Polygon","coordinates":[[[-105.432853,28.137066],[-105.430695,28.137102],[-105.428358,28.137051],[-105.428148,28.13642],[-105.427983,28.135935],[-105.427293,28.133916],[-105.427115,28.133395],[-105.426836,28.132603],[-105.426762,28.132391],[-105.426735,28.132264],[-105.427898,28.132295],[-105.42824,28.132294],[-105.428886,28.132384],[-105.429239,28.132367],[-105.429642,28.132313],[-105.430682,28.132024],[-105.431094,28.131896],[-105.432878,28.131067],[-105.432892,28.131223],[-105.432863,28.131674],[-105.43295,28.135133],[-105.432961,28.135297],[-105.432936,28.137073],[-105.432853,28.137066]]]}},{"type":"Feature","properties":{"modulo":4,"idparcela":"2312","productor":"NUECES DOLORES SPR DE RI","cultivo":"Alfalfa","superficie_fisica_ha":24.6,"superficie_riego_ha":24.6,"hectareas":24.267},"geometry":{"type":"Polygon","coordinates":[[[-105.432955,28.141618],[-105.432973,28.137284],[-105.432992,28.137219],[-105.43794,28.137114],[-105.437957,28.141673],[-105.432956,28.141645],[-105.432955,28.141618]]]}},{"type":"Feature","properties":{"modulo":4,"idparcela":"2307","productor":"GARCIA TERRAZAS LUIS HECTOR","cultivo":"Alfalfa","superficie_fisica_ha":19.3,"superficie_riego_ha":14.15,"hectareas":14.759},"geometry":{"type":"Polygon","coordinates":[[[-105.422805,28.133543],[-105.424861,28.133609],[-105.426642,28.133821],[-105.427293,28.133916],[-105.427983,28.135935],[-105.428148,28.13642],[-105.428358,28.137051],[-105.424632,28.137047],[-105.422805,28.133543]]]}},{"type":"Feature","properties":{"modulo":4,"idparcela":"2309","productor":"TERRAZAS GANDARA OSCAR","cultivo":"Algod½n","superficie_fisica_ha":34.2,"superficie_riego_ha":34.2,"hectareas":34.561},"geometry":{"type":"Polygon","coordinates":[[[-105.432992,28.137219],[-105.432973,28.137284],[-105.432955,28.141618],[-105.426824,28.141646],[-105.42496,28.137831],[-105.42467,28.137223],[-105.428466,28.137205],[-105.430688,28.137231],[-105.432992,28.137219]]]}},{"type":"Feature","properties":{"modulo":4,"idparcela":"2298","productor":"COLONOS UNIDOS MARIA BONITA SPR DE RI","cultivo":"Alfalfa","superficie_fisica_ha":26.25,"superficie_riego_ha":24.5,"hectareas":33.813},"geometry":{"type":"Polygon","coordinates":[[[-105.424171,28.138692],[-105.418888,28.139136],[-105.41843,28.139009],[-105.417985,28.138727],[-105.417897,28.138369],[-105.417779,28.137934],[-105.417719,28.137268],[-105.417069,28.137129],[-105.417026,28.135541],[-105.417819,28.134539],[-105.418974,28.133372],[-105.41983,28.132328],[-105.42062,28.131733],[-105.424171,28.138692]]]}},{"type":"Feature","properties":{"modulo":4,"idparcela":"2293","productor":"BLAKE HERRERA JAVIER","cultivo":"Sin Cultivo","superficie_fisica_ha":66.05,"superficie_riego_ha":34.5,"hectareas":4.565},"geometry":{"type":"Polygon","coordinates":[[[-105.427718,28.146017],[-105.426257,28.146006],[-105.425932,28.146004],[-105.425798,28.146003],[-105.425816,28.142669],[-105.426028,28.142365],[-105.427848,28.145863],[-105.427718,28.146017]]]}},{"type":"Feature","properties":{"modulo":4,"idparcela":"2297","productor":"BLAKE HERRERA LILY","cultivo":"Sin Cultivo","superficie_fisica_ha":37.35,"superficie_riego_ha":35.7,"hectareas":24.75},"geometry":{"type":"Polygon","coordinates":[[[-105.424236,28.138868],[-105.425193,28.140732],[-105.425941,28.142259],[-105.425754,28.142558],[-105.42492,28.142535],[-105.424911,28.142214],[-105.417928,28.142113],[-105.417942,28.140783],[-105.417772,28.140298],[-105.417631,28.139935],[-105.417584,28.139676],[-105.417652,28.139482],[-105.417795,28.139296],[-105.417965,28.13919],[-105.418217,28.139111],[-105.418575,28.1392],[-105.418822,28.139273],[-105.424236,28.138868]]]}},{"type":"Feature","properties":{"modulo":4,"idparcela":"2027","productor":"MEAD JOHNSON DE MEXICO","cultivo":"Sin Cultivo","superficie_fisica_ha":10.2024,"superficie_riego_ha":10.2024,"hectareas":9.854},"geometry":{"type":"Polygon","coordinates":[[[-105.438978,28.153451],[-105.439562,28.155023],[-105.433784,28.155008],[-105.432973,28.153497],[-105.438978,28.153451]]]}},{"type":"Feature","properties":{"modulo":4,"idparcela":"2315","productor":"MARTINEZ LEMUS ALEJANDRA","cultivo":"Sin Cultivo","superficie_fisica_ha":19.9496,"superficie_riego_ha":19.9496,"hectareas":19.428},"geometry":{"type":"Polygon","coordinates":[[[-105.431596,28.150888],[-105.432003,28.150571],[-105.437892,28.150589],[-105.438388,28.151984],[-105.438978,28.153451],[-105.432973,28.153497],[-105.431596,28.150888]]]}},{"type":"Feature","properties":{"modulo":4,"idparcela":"2314","productor":"MARTINEZ LEMUS ALEJANDRA","cultivo":"Sin Cultivo","superficie_fisica_ha":36.55,"superficie_riego_ha":36.55,"hectareas":36.849},"geometry":{"type":"Polygon","coordinates":[[[-105.437892,28.150589],[-105.432003,28.150571],[-105.431596,28.150888],[-105.431572,28.15084],[-105.429216,28.146123],[-105.432993,28.146106],[-105.437891,28.146067],[-105.437892,28.150589]]]}},{"type":"Feature","properties":{"modulo":4,"idparcela":"2310","productor":"GARCIA TERRAZAS JAIME EDUARDO","cultivo":"Alfalfa","superficie_fisica_ha":23.1,"superficie_riego_ha":23.1,"hectareas":24.097},"geometry":{"type":"Polygon","coordinates":[[[-105.432955,28.141618],[-105.432956,28.141645],[-105.432993,28.146106],[-105.429216,28.146123],[-105.429183,28.146057],[-105.426824,28.141646],[-105.432955,28.141618]]]}},{"type":"Feature","properties":{"modulo":4,"idparcela":"2313","productor":"NUECES DOLORES SPR DE RI","cultivo":"Alfalfa","superficie_fisica_ha":24.2,"superficie_riego_ha":24.2,"hectareas":23.752},"geometry":{"type":"Polygon","coordinates":[[[-105.437957,28.141673],[-105.437891,28.146067],[-105.432993,28.146106],[-105.432956,28.141645],[-105.437957,28.141673]]]}},{"type":"Feature","properties":{"modulo":4,"idparcela":"2319","productor":"SERGIO VILLALOBOS HERRERA","cultivo":"Alfalfa","superficie_fisica_ha":9.65,"superficie_riego_ha":9.1,"hectareas":15.495},"geometry":{"type":"Polygon","coordinates":[[[-105.445539,28.162504],[-105.446965,28.163928],[-105.447185,28.164199],[-105.438827,28.165352],[-105.438208,28.164123],[-105.438487,28.163951],[-105.43896,28.163729],[-105.439338,28.163556],[-105.439836,28.163459],[-105.445539,28.162504]]]}},{"type":"Feature","properties":{"modulo":4,"idparcela":"2318","productor":"VILLALOBOS HERRERA JOSE IGNACIO","cultivo":"Alfalfa","superficie_fisica_ha":9.398,"superficie_riego_ha":8.9,"hectareas":8.909},"geometry":{"type":"Polygon","coordinates":[[[-105.443227,28.160278],[-105.445539,28.162504],[-105.439836,28.163459],[-105.439746,28.163091],[-105.443227,28.160278]]]}},{"type":"Feature","properties":{"modulo":4,"idparcela":"2317","productor":"TORRES GUEVARA MARCO ANTONIO","cultivo":"Chile verde","superficie_fisica_ha":9.902,"superficie_riego_ha":9.1,"hectareas":9.84},"geometry":{"type":"Polygon","coordinates":[[[-105.44161,28.158614],[-105.443227,28.160278],[-105.439746,28.163091],[-105.43964,28.163014],[-105.438144,28.162701],[-105.44161,28.158614]]]}},{"type":"Feature","properties":{"modulo":4,"idparcela":"2316","productor":"CUEVAS ACOSTA CARLOS","cultivo":"Ma­z","superficie_fisica_ha":33.4,"superficie_riego_ha":33.3,"hectareas":30.57},"geometry":{"type":"Polygon","coordinates":[[[-105.438042,28.155181],[-105.439618,28.155187],[-105.439636,28.156682],[-105.44161,28.158614],[-105.438144,28.162701],[-105.437678,28.162364],[-105.437366,28.1621],[-105.437291,28.161984],[-105.43547,28.158336],[-105.436624,28.158316],[-105.436613,28.157395],[-105.434978,28.157396],[-105.434969,28.157233],[-105.435826,28.155784],[-105.435852,28.155169],[-105.438042,28.155181]]]}},{"type":"Feature","properties":{"modulo":4,"idparcela":"************","productor":null,"cultivo":"Sin Cultivo","superficie_fisica_ha":null,"superficie_riego_ha":null,"hectareas":84.11},"geometry":{"type":"Polygon","coordinates":[[[-105.406388,28.132652],[-105.406868,28.136523],[-105.404309,28.139586],[-105.398873,28.144222],[-105.396809,28.1427],[-105.396321,28.14052],[-105.39604,28.137957],[-105.396303,28.1372],[-105.396827,28.136542],[-105.397725,28.135771],[-105.398622,28.134959],[-105.399159,28.133903],[-105.399669,28.13403],[-105.40003,28.133747],[-105.401164,28.133544],[-105.401521,28.133481],[-105.402383,28.133401],[-105.403477,28.133169],[-105.403785,28.132938],[-105.404228,28.132874],[-105.404479,28.132784],[-105.404706,28.132604],[-105.405446,28.132431],[-105.405828,28.132655],[-105.406388,28.132652]]]}},{"type":"Feature","properties":{"modulo":4,"idparcela":"9484","productor":"AGRICOLA GANADERA LOS LUJAN SPR RL","cultivo":"Alfalfa","superficie_fisica_ha":180,"superficie_riego_ha":180,"hectareas":184.546},"geometry":{"type":"Polygon","coordinates":[[[-105.398873,28.144222],[-105.404309,28.139586],[-105.406868,28.136523],[-105.406388,28.132652],[-105.417573,28.132005],[-105.417155,28.132362],[-105.416843,28.132732],[-105.416618,28.133155],[-105.41648,28.133513],[-105.416356,28.134112],[-105.416335,28.137237],[-105.416274,28.140155],[-105.415774,28.141342],[-105.41563,28.141499],[-105.414285,28.14246],[-105.413015,28.143066],[-105.410388,28.144014],[-105.409726,28.144464],[-105.409378,28.144793],[-105.408731,28.145879],[-105.406931,28.149627],[-105.406712,28.149815],[-105.405961,28.150003],[-105.405406,28.150208],[-105.405109,28.150196],[-105.404587,28.150012],[-105.404045,28.149851],[-105.40069,28.145558],[-105.398873,28.144222]]]}},{"type":"Feature","properties":{"modulo":4,"idparcela":"2294","productor":"COLONOS UNIDOS MARIA BONITA SPR DE RI","cultivo":"Alfalfa","superficie_fisica_ha":19,"superficie_riego_ha":19,"hectareas":6.139},"geometry":{"type":"Polygon","coordinates":[[[-105.432274,28.154592],[-105.43178,28.154866],[-105.430321,28.154854],[-105.430239,28.154848],[-105.430173,28.154835],[-105.430129,28.15479],[-105.430118,28.154725],[-105.430033,28.151396],[-105.429772,28.151376],[-105.429582,28.151363],[-105.429417,28.150564],[-105.430167,28.150515],[-105.432274,28.154592]]]}},{"type":"Feature","properties":{"modulo":4,"idparcela":"2295","productor":"CARREON RAMOS JOSE","cultivo":"Sin Cultivo","superficie_fisica_ha":31.11,"superficie_riego_ha":30.8,"hectareas":31.562},"geometry":{"type":"Polygon","coordinates":[[[-105.429417,28.150564],[-105.42305,28.150572],[-105.422972,28.147245],[-105.422874,28.147132],[-105.420844,28.146043],[-105.420844,28.145966],[-105.422837,28.145998],[-105.425932,28.146004],[-105.427718,28.146017],[-105.427969,28.146023],[-105.42829,28.146612],[-105.430167,28.150515],[-105.429417,28.150564]]]}},{"type":"Feature","properties":{"modulo":4,"idparcela":"2282","productor":"COLONOS UNIDOS MARIA BONITA SPR DE RI","cultivo":"Alfalfa","superficie_fisica_ha":25,"superficie_riego_ha":25,"hectareas":23.002},"geometry":{"type":"Polygon","coordinates":[[[-105.416493,28.146959],[-105.418938,28.146068],[-105.420172,28.145949],[-105.420663,28.146129],[-105.422725,28.147254],[-105.422889,28.151623],[-105.42287,28.15185],[-105.421972,28.151877],[-105.421169,28.151553],[-105.42093,28.151305],[-105.420841,28.151027],[-105.420754,28.150614],[-105.418782,28.150562],[-105.418738,28.150466],[-105.419146,28.148611],[-105.419046,28.148393],[-105.418072,28.147867],[-105.416493,28.146959]]]}},{"type":"Feature","properties":{"modulo":4,"idparcela":"2281","productor":"COLONOS UNIDOS MARIA BONITA SPR DE RI","cultivo":"Ma­z","superficie_fisica_ha":19.65,"superficie_riego_ha":18.05,"hectareas":17.249},"geometry":{"type":"Polygon","coordinates":[[[-105.417737,28.154982],[-105.418404,28.151229],[-105.418702,28.151305],[-105.420888,28.151554],[-105.421006,28.15162],[-105.422154,28.152176],[-105.422467,28.152178],[-105.422581,28.152298],[-105.422604,28.152721],[-105.42293,28.152931],[-105.422872,28.154871],[-105.422841,28.154969],[-105.417737,28.154982]]]}},{"type":"Feature","properties":{"modulo":4,"idparcela":"2023","productor":"COLONOS UNIDOS MARIA BONITA SPR DE RI","cultivo":"Avena","superficie_fisica_ha":25.6,"superficie_riego_ha":25.6,"hectareas":22.292},"geometry":{"type":"Polygon","coordinates":[[[-105.417517,28.155016],[-105.412601,28.155007],[-105.412514,28.152898],[-105.4125,28.151105],[-105.418232,28.151222],[-105.417517,28.155016]]]}},{"type":"Feature","properties":{"modulo":4,"idparcela":"2251","productor":"COLONOS UNIDOS MARIA BONITA SPR DE RI","cultivo":"Avena Forrajera","superficie_fisica_ha":27,"superficie_riego_ha":10,"hectareas":10.547},"geometry":{"type":"Polygon","coordinates":[[[-105.412601,28.155007],[-105.407958,28.155047],[-105.407836,28.15376],[-105.407777,28.153016],[-105.412392,28.152899],[-105.412514,28.152898],[-105.412601,28.155007]]]}},{"type":"Feature","properties":{"modulo":4,"idparcela":"2250","productor":"COLONOS UNIDOS MARIA BONITA SPR DE RI","cultivo":"Alfalfa","superficie_fisica_ha":33.4,"superficie_riego_ha":11.4,"hectareas":10.144},"geometry":{"type":"Polygon","coordinates":[[[-105.406875,28.151096],[-105.412355,28.151111],[-105.412392,28.152899],[-105.407777,28.153016],[-105.407287,28.151875],[-105.407043,28.151517],[-105.406875,28.151096]]]}},{"type":"Feature","properties":{"modulo":4,"idparcela":"2249","productor":"COLONOS UNIDOS MARIA BONITA SPR DE RI","cultivo":"Avena Forrajera","superficie_fisica_ha":18.4,"superficie_riego_ha":14.3,"hectareas":25.674},"geometry":{"type":"Polygon","coordinates":[[[-105.412355,28.151111],[-105.406875,28.151096],[-105.406712,28.150848],[-105.407627,28.150304],[-105.408281,28.149254],[-105.409332,28.147243],[-105.409509,28.14723],[-105.409965,28.145355],[-105.410151,28.145062],[-105.411041,28.144638],[-105.412417,28.144086],[-105.412522,28.144238],[-105.412466,28.149021],[-105.412548,28.150968],[-105.412362,28.150972],[-105.412355,28.151111]]]}},{"type":"Feature","properties":{"modulo":4,"idparcela":"2321","productor":"LOPEZ VELARDE ROMERO MAURO","cultivo":"Sin Cultivo","superficie_fisica_ha":39.8365,"superficie_riego_ha":38.6865,"hectareas":11.816},"geometry":{"type":"Polygon","coordinates":[[[-105.450211,28.173004],[-105.448415,28.173003],[-105.446761,28.168783],[-105.450103,28.168747],[-105.450211,28.173004]]]}},{"type":"Feature","properties":{"modulo":4,"idparcela":"2321","productor":"LOPEZ VELARDE ROMERO MAURO","cultivo":"Sin Cultivo","superficie_fisica_ha":39.8365,"superficie_riego_ha":38.6865,"hectareas":24.469},"geometry":{"type":"Polygon","coordinates":[[[-105.446548,28.168798],[-105.448206,28.173011],[-105.443481,28.173041],[-105.443415,28.172226],[-105.44278,28.171787],[-105.442276,28.171379],[-105.441949,28.171029],[-105.441752,28.170763],[-105.441343,28.17015],[-105.440644,28.168778],[-105.446548,28.168798]]]}},{"type":"Feature","properties":{"modulo":4,"idparcela":"2322","productor":"AGRICOLA GANADERA LOS LUJAN SPR RL","cultivo":"Alfalfa","superficie_fisica_ha":4,"superficie_riego_ha":3,"hectareas":9.862},"geometry":{"type":"Polygon","coordinates":[[[-105.445894,28.177505],[-105.449456,28.17745],[-105.450187,28.177766],[-105.450222,28.181438],[-105.450039,28.181423],[-105.449822,28.181333],[-105.449668,28.181222],[-105.445894,28.177505]]]}},{"type":"Feature","properties":{"modulo":4,"idparcela":"2024","productor":"COLONOS UNIDOS MARIA BONITA SPR DE RI","cultivo":"Avena","superficie_fisica_ha":21.95,"superficie_riego_ha":21.75,"hectareas":4.843},"geometry":{"type":"Polygon","coordinates":[[[-105.428512,28.154978],[-105.423914,28.154961],[-105.42391,28.153978],[-105.4285,28.154015],[-105.428512,28.154978]]]}},{"type":"Feature","properties":{"modulo":4,"idparcela":"1676","productor":"REYES CUETO TERESA","cultivo":"Alfalfa","superficie_fisica_ha":14.65,"superficie_riego_ha":9.65,"hectareas":9.411},"geometry":{"type":"Polygon","coordinates":[[[-105.402597,28.233378],[-105.398188,28.233365],[-105.398128,28.232719],[-105.40053,28.230856],[-105.400971,28.230462],[-105.401403,28.230135],[-105.402059,28.231519],[-105.40232,28.232043],[-105.402586,28.232513],[-105.402597,28.233378]]]}},{"type":"Feature","properties":{"modulo":4,"idparcela":"1617","productor":"SANCHEZ BERNAL JORGE LUIS","cultivo":"Cacahuate","superficie_fisica_ha":10.7501,"superficie_riego_ha":4.7768,"hectareas":3.269},"geometry":{"type":"Polygon","coordinates":[[[-105.398128,28.232719],[-105.398129,28.232574],[-105.398091,28.232495],[-105.398045,28.232132],[-105.397908,28.231204],[-105.399679,28.230491],[-105.400641,28.230388],[-105.401403,28.230135],[-105.400971,28.230462],[-105.40053,28.230856],[-105.398128,28.232719]]]}},{"type":"Feature","properties":{"modulo":4,"idparcela":"1679","productor":"DURAN FLORES JUAN A.","cultivo":"Sin Cultivo","superficie_fisica_ha":9.5,"superficie_riego_ha":9.5,"hectareas":13.644},"geometry":{"type":"Polygon","coordinates":[[[-105.400489,28.236429],[-105.399946,28.236453],[-105.399511,28.236438],[-105.398685,28.236369],[-105.398428,28.236344],[-105.397702,28.235982],[-105.398132,28.235071],[-105.398231,28.234791],[-105.398246,28.234194],[-105.398653,28.234186],[-105.398553,28.233543],[-105.398592,28.233486],[-105.398692,28.233479],[-105.400687,28.233443],[-105.402449,28.233477],[-105.402469,28.236369],[-105.402475,28.236436],[-105.401373,28.23643],[-105.400489,28.236429]]]}},{"type":"Feature","properties":{"modulo":4,"idparcela":"1680","productor":"DURAN ALMAGUER JOSE MARIA","cultivo":"Sin Cultivo","superficie_fisica_ha":54,"superficie_riego_ha":30,"hectareas":29.979},"geometry":{"type":"Polygon","coordinates":[[[-105.397702,28.235982],[-105.398428,28.236344],[-105.398685,28.236369],[-105.399511,28.236438],[-105.399946,28.236453],[-105.400489,28.236429],[-105.401373,28.23643],[-105.402475,28.236436],[-105.402477,28.236483],[-105.40253,28.241214],[-105.403149,28.241693],[-105.403393,28.241942],[-105.403565,28.242241],[-105.40375,28.242684],[-105.403833,28.242831],[-105.403754,28.242833],[-105.403596,28.242661],[-105.402971,28.242078],[-105.402627,28.241778],[-105.402271,28.241606],[-105.402011,28.241564],[-105.401651,28.241567],[-105.401129,28.241687],[-105.400859,28.241754],[-105.400269,28.241907],[-105.400047,28.241942],[-105.399819,28.241938],[-105.399491,28.241871],[-105.39909,28.241677],[-105.39874,28.241573],[-105.397628,28.241029],[-105.397544,28.240967],[-105.397402,28.240632],[-105.39733,28.240048],[-105.397221,28.2372],[-105.397221,28.237064],[-105.397702,28.235982]]]}},{"type":"Feature","properties":{"modulo":4,"idparcela":"1673","productor":"LA CAMPERA S.P.R. DE R.L.","cultivo":"Ma­z","superficie_fisica_ha":10.05,"superficie_riego_ha":10.05,"hectareas":10.355},"geometry":{"type":"Polygon","coordinates":[[[-105.410764,28.233457],[-105.409076,28.233471],[-105.407699,28.233485],[-105.407694,28.232017],[-105.407687,28.230212],[-105.407676,28.227405],[-105.407877,28.227274],[-105.407969,28.227274],[-105.408803,28.229239],[-105.409192,28.230262],[-105.409453,28.231317],[-105.410254,28.232776],[-105.410487,28.233037],[-105.410764,28.233457]]]}},{"type":"Feature","properties":{"modulo":4,"idparcela":"1671","productor":"LA CAMPERA S.P.R. DE R.L.","cultivo":"Ma­z","superficie_fisica_ha":9.75,"superficie_riego_ha":9.75,"hectareas":10.126},"geometry":{"type":"Polygon","coordinates":[[[-105.407687,28.230212],[-105.404427,28.230199],[-105.402621,28.230167],[-105.402636,28.229289],[-105.407676,28.227405],[-105.407687,28.230212]]]}},{"type":"Feature","properties":{"modulo":4,"idparcela":"1672","productor":"LA CAMPERA S.P.R. DE R.L.","cultivo":"Ma­z","superficie_fisica_ha":10.05,"superficie_riego_ha":10.05,"hectareas":10.007},"geometry":{"type":"Polygon","coordinates":[[[-105.407694,28.232017],[-105.406311,28.232023],[-105.404835,28.232021],[-105.403122,28.232037],[-105.402899,28.232024],[-105.402735,28.231999],[-105.402649,28.231965],[-105.40262,28.230943],[-105.402621,28.230167],[-105.404427,28.230199],[-105.407687,28.230212],[-105.407694,28.232017]]]}},{"type":"Feature","properties":{"modulo":4,"idparcela":"1677","productor":"BERMUDEZ QUI¥ONEZ RODOLFO","cultivo":"Cacahuate","superficie_fisica_ha":15.4,"superficie_riego_ha":10.05,"hectareas":5.184},"geometry":{"type":"Polygon","coordinates":[[[-105.405294,28.234578],[-105.405303,28.234915],[-105.405478,28.235535],[-105.405559,28.235913],[-105.405472,28.235907],[-105.404171,28.234169],[-105.402774,28.232344],[-105.402655,28.232205],[-105.402552,28.232109],[-105.402522,28.232029],[-105.402536,28.231972],[-105.402649,28.231965],[-105.402735,28.231999],[-105.402899,28.232024],[-105.403122,28.232037],[-105.404835,28.232021],[-105.405142,28.233052],[-105.405281,28.233498],[-105.405294,28.234578]]]}},{"type":"Feature","properties":{"modulo":4,"idparcela":"1674","productor":"MARTINEZ ROMERO ANTONIO","cultivo":"Sin Cultivo","superficie_fisica_ha":10.5,"superficie_riego_ha":10.5,"hectareas":10.391},"geometry":{"type":"Polygon","coordinates":[[[-105.404835,28.232021],[-105.406311,28.232023],[-105.407694,28.232017],[-105.407699,28.233485],[-105.407683,28.234184],[-105.407758,28.235947],[-105.407597,28.235904],[-105.405559,28.235913],[-105.405478,28.235535],[-105.405303,28.234915],[-105.405294,28.234578],[-105.405281,28.233498],[-105.405142,28.233052],[-105.404835,28.232021]]]}},{"type":"Feature","properties":{"modulo":4,"idparcela":"1675","productor":"MARTINEZ LEMUS ENRIQUE","cultivo":"Alfalfa","superficie_fisica_ha":11.6,"superficie_riego_ha":11.6,"hectareas":10.873},"geometry":{"type":"Polygon","coordinates":[[[-105.412612,28.235987],[-105.410338,28.235989],[-105.407758,28.235947],[-105.407683,28.234184],[-105.407699,28.233485],[-105.409076,28.233471],[-105.410764,28.233457],[-105.411318,28.234206],[-105.412599,28.235877],[-105.412612,28.235987]]]}},{"type":"Feature","properties":{"modulo":4,"idparcela":"1677","productor":"BERMUDEZ QUI¥ONEZ RODOLFO","cultivo":"Cacahuate","superficie_fisica_ha":15.4,"superficie_riego_ha":10.05,"hectareas":5.132},"geometry":{"type":"Polygon","coordinates":[[[-105.402614,28.235972],[-105.402597,28.233378],[-105.402586,28.232513],[-105.404866,28.235405],[-105.405382,28.236034],[-105.402813,28.235967],[-105.402786,28.235967],[-105.402668,28.23597],[-105.402614,28.235972]]]}},{"type":"Feature","properties":{"modulo":4,"idparcela":"1643","productor":"JAQUEZ LARA MANUEL","cultivo":"Chile verde","superficie_fisica_ha":18,"superficie_riego_ha":18,"hectareas":17.759},"geometry":{"type":"Polygon","coordinates":[[[-105.407758,28.235947],[-105.410338,28.235989],[-105.412612,28.235987],[-105.412669,28.239309],[-105.410229,28.239358],[-105.407788,28.239395],[-105.407785,28.237628],[-105.407791,28.236182],[-105.407758,28.235947]]]}},{"type":"Feature","properties":{"modulo":4,"idparcela":"1644","productor":"JAQUEZ LARA MANUEL","cultivo":"Chile verde","superficie_fisica_ha":10.75,"superficie_riego_ha":10.75,"hectareas":10.504},"geometry":{"type":"Polygon","coordinates":[[[-105.407788,28.239395],[-105.410229,28.239358],[-105.412669,28.239309],[-105.412686,28.241413],[-105.409992,28.241366],[-105.409852,28.241358],[-105.409671,28.241179],[-105.409499,28.241286],[-105.408607,28.24129],[-105.407795,28.241288],[-105.407809,28.239497],[-105.407788,28.239395]]]}},{"type":"Feature","properties":{"modulo":4,"idparcela":"1637","productor":"MARTINEZ BELTRAN ANTONIO","cultivo":"Ma­z","superficie_fisica_ha":29.3,"superficie_riego_ha":29.3,"hectareas":28.479},"geometry":{"type":"Polygon","coordinates":[[[-105.405735,28.236042],[-105.407621,28.236044],[-105.407603,28.241349],[-105.403262,28.241311],[-105.402903,28.241342],[-105.402799,28.241267],[-105.402729,28.24121],[-105.402665,28.241167],[-105.402655,28.23646],[-105.402614,28.235972],[-105.402668,28.23597],[-105.402786,28.235967],[-105.402813,28.235967],[-105.405382,28.236034],[-105.405735,28.236042]]]}},{"type":"Feature","properties":{"modulo":4,"idparcela":"1638","productor":"MARTINEZ BELTRAN ANTONIO","cultivo":"Ma­z","superficie_fisica_ha":18.45,"superficie_riego_ha":18.45,"hectareas":20.712},"geometry":{"type":"Polygon","coordinates":[[[-105.408326,28.245412],[-105.404899,28.245398],[-105.404129,28.243158],[-105.40397,28.242823],[-105.403691,28.242168],[-105.403504,28.24187],[-105.40332,28.241693],[-105.402994,28.241426],[-105.402903,28.241342],[-105.403262,28.241311],[-105.407603,28.241349],[-105.407648,28.241403],[-105.407765,28.241491],[-105.409552,28.2415],[-105.409526,28.243244],[-105.408301,28.243277],[-105.408326,28.245412]]]}},{"type":"Feature","properties":{"modulo":4,"idparcela":"1640","productor":"ROMERO N ROSA MARIA","cultivo":"Sin Cultivo","superficie_fisica_ha":12.5,"superficie_riego_ha":12.5,"hectareas":5.959},"geometry":{"type":"Polygon","coordinates":[[[-105.412686,28.241413],[-105.4127,28.243275],[-105.409725,28.24324],[-105.409767,28.241506],[-105.409852,28.241358],[-105.409992,28.241366],[-105.412686,28.241413]]]}},{"type":"Feature","properties":{"modulo":4,"idparcela":"1639","productor":"MARTINEZ BELTRAN ANTONIO","cultivo":"Ma­z","superficie_fisica_ha":15.1,"superficie_riego_ha":15.1,"hectareas":5.43},"geometry":{"type":"Polygon","coordinates":[[[-105.408326,28.245412],[-105.408308,28.246594],[-105.405917,28.247479],[-105.40593,28.247466],[-105.405828,28.247398],[-105.404899,28.245398],[-105.408326,28.245412]]]}},{"type":"Feature","properties":{"modulo":4,"idparcela":"1647","productor":"DURAN ALMAGUER JOSE MARIA","cultivo":"Ma­z","superficie_fisica_ha":15,"superficie_riego_ha":15,"hectareas":16.37},"geometry":{"type":"Polygon","coordinates":[[[-105.412798,28.248901],[-105.407903,28.248844],[-105.407778,28.248547],[-105.407574,28.248044],[-105.407425,28.247883],[-105.407076,28.247693],[-105.406695,28.247592],[-105.406387,28.247629],[-105.406122,28.247606],[-105.405983,28.24755],[-105.406232,28.247472],[-105.408529,28.24663],[-105.411554,28.245496],[-105.412751,28.245503],[-105.412798,28.248901]]]}},{"type":"Feature","properties":{"modulo":4,"idparcela":"1649","productor":"BEJARANO GARCIA ROGELIO","cultivo":"Alfalfa","superficie_fisica_ha":31.2,"superficie_riego_ha":25.54,"hectareas":18.278},"geometry":{"type":"Polygon","coordinates":[[[-105.422921,28.248859],[-105.417348,28.248877],[-105.417409,28.245508],[-105.421595,28.245483],[-105.42276,28.247909],[-105.422904,28.248158],[-105.422921,28.248859]]]}},{"type":"Feature","properties":{"modulo":4,"idparcela":"1648","productor":"VIEZCAS CARDENAS ERNESTO","cultivo":"Sin Cultivo","superficie_fisica_ha":17.75,"superficie_riego_ha":16.5,"hectareas":16.179},"geometry":{"type":"Polygon","coordinates":[[[-105.417348,28.248877],[-105.417305,28.248864],[-105.412956,28.248813],[-105.41291,28.245446],[-105.417306,28.24551],[-105.417409,28.245508],[-105.417348,28.248877]]]}},{"type":"Feature","properties":{"modulo":4,"idparcela":"1645","productor":"BEJARANO GARCIA ROGELIO","cultivo":"Alfalfa","superficie_fisica_ha":20.25,"superficie_riego_ha":19.75,"hectareas":35.912},"geometry":{"type":"Polygon","coordinates":[[[-105.421583,28.245349],[-105.41737,28.245391],[-105.412844,28.245322],[-105.412827,28.240051],[-105.412895,28.240124],[-105.413854,28.24131],[-105.414034,28.2414],[-105.414868,28.241422],[-105.415136,28.241495],[-105.415641,28.241619],[-105.416371,28.241776],[-105.416756,28.241787],[-105.416989,28.241786],[-105.417223,28.241785],[-105.417429,28.24176],[-105.417745,28.241662],[-105.418419,28.241416],[-105.420644,28.241093],[-105.421215,28.243574],[-105.421583,28.245349]]]}},{"type":"Feature","properties":{"modulo":4,"idparcela":"1646","productor":"CABALLERO SANTIESTEBAN RAUL","cultivo":"Alfalfa","superficie_fisica_ha":10.6,"superficie_riego_ha":10.6,"hectareas":14.234},"geometry":{"type":"Polygon","coordinates":[[[-105.41963,28.237009],[-105.419675,28.237031],[-105.420613,28.240979],[-105.420456,28.241015],[-105.418654,28.241248],[-105.417707,28.241545],[-105.417329,28.241695],[-105.417048,28.241659],[-105.417053,28.241522],[-105.417023,28.237241],[-105.417904,28.237159],[-105.41963,28.237009]]]}},{"type":"Feature","properties":{"modulo":4,"idparcela":"1635","productor":"BEJARANO GARCIA ROGELIO","cultivo":"Ma­z","superficie_fisica_ha":15.4,"superficie_riego_ha":15.4,"hectareas":14.215},"geometry":{"type":"Polygon","coordinates":[[[-105.416923,28.241685],[-105.416412,28.24164],[-105.415127,28.241377],[-105.414891,28.241296],[-105.414118,28.241287],[-105.413949,28.241198],[-105.412987,28.240087],[-105.412841,28.239909],[-105.412808,28.239682],[-105.41281,28.238779],[-105.412855,28.238772],[-105.412958,28.238769],[-105.412983,28.238769],[-105.415536,28.238751],[-105.415815,28.236351],[-105.416074,28.236349],[-105.416272,28.236357],[-105.416968,28.236383],[-105.416964,28.237183],[-105.416948,28.237995],[-105.416923,28.241685]]]}},{"type":"Feature","properties":{"modulo":4,"idparcela":"1632","productor":"BEJARANO GARCIA ROGELIO","cultivo":"Ma­z","superficie_fisica_ha":10.6,"superficie_riego_ha":9.5,"hectareas":11.053},"geometry":{"type":"Polygon","coordinates":[[[-105.41281,28.238779],[-105.412818,28.238724],[-105.41279,28.236002],[-105.41279,28.235937],[-105.412773,28.235769],[-105.412352,28.235236],[-105.412551,28.235232],[-105.412561,28.235245],[-105.415447,28.235228],[-105.415815,28.236351],[-105.415536,28.238751],[-105.412983,28.238769],[-105.412958,28.238769],[-105.412855,28.238772],[-105.41281,28.238779]]]}},{"type":"Feature","properties":{"modulo":4,"idparcela":"************","productor":null,"cultivo":"Sin Cultivo","superficie_fisica_ha":null,"superficie_riego_ha":null,"hectareas":7.964},"geometry":{"type":"Polygon","coordinates":[[[-105.416074,28.236349],[-105.415523,28.234839],[-105.41928,28.23481],[-105.419346,28.235476],[-105.419514,28.236258],[-105.419688,28.236917],[-105.416964,28.237183],[-105.416968,28.236383],[-105.416272,28.236357],[-105.416074,28.236349]]]}},{"type":"Feature","properties":{"modulo":4,"idparcela":"1631","productor":"JAQUEZ LARA MANUEL","cultivo":"Mel½n","superficie_fisica_ha":10.65,"superficie_riego_ha":10.65,"hectareas":10.765},"geometry":{"type":"Polygon","coordinates":[[[-105.410205,28.232391],[-105.410619,28.232411],[-105.413294,28.232362],[-105.413599,28.232356],[-105.413693,28.23235],[-105.413866,28.232504],[-105.414194,28.232827],[-105.41501,28.234168],[-105.41531,28.234767],[-105.415447,28.235228],[-105.412561,28.235245],[-105.412551,28.235232],[-105.412352,28.235236],[-105.411387,28.233974],[-105.410819,28.233235],[-105.410418,28.232698],[-105.410205,28.232391]]]}},{"type":"Feature","properties":{"modulo":4,"idparcela":"1948","productor":"QUINTANA PORTILLO GILBERTO","cultivo":"Chile verde","superficie_fisica_ha":4.65,"superficie_riego_ha":4.65,"hectareas":4.678},"geometry":{"type":"Polygon","coordinates":[[[-105.409578,28.231054],[-105.41091,28.231092],[-105.412795,28.231079],[-105.412992,28.231406],[-105.413285,28.232013],[-105.413693,28.23235],[-105.413599,28.232356],[-105.413294,28.232362],[-105.410619,28.232411],[-105.410205,28.232391],[-105.409711,28.231429],[-105.409652,28.231313],[-105.409578,28.231054]]]}},{"type":"Feature","properties":{"modulo":4,"idparcela":"1633","productor":"JAQUEZ ROMERO NICOLAS","cultivo":"Cacahuate","superficie_fisica_ha":15.45,"superficie_riego_ha":15.45,"hectareas":14.295},"geometry":{"type":"Polygon","coordinates":[[[-105.419276,28.234713],[-105.415528,28.234733],[-105.415213,28.234133],[-105.414545,28.233031],[-105.41426,28.232645],[-105.414123,28.232506],[-105.413948,28.232282],[-105.413677,28.232091],[-105.413586,28.231999],[-105.41354,28.231937],[-105.413448,28.231829],[-105.413612,28.231818],[-105.413614,28.231826],[-105.419125,28.231846],[-105.419276,28.234713]]]}},{"type":"Feature","properties":{"modulo":4,"idparcela":"************","productor":null,"cultivo":"Sin Cultivo","superficie_fisica_ha":null,"superficie_riego_ha":null,"hectareas":15.207},"geometry":{"type":"Polygon","coordinates":[[[-105.41773,28.229566],[-105.418582,28.229508],[-105.418905,28.230367],[-105.419021,28.230747],[-105.419125,28.231846],[-105.413614,28.231826],[-105.413612,28.231818],[-105.413448,28.231829],[-105.413191,28.231402],[-105.413007,28.231077],[-105.412725,28.230715],[-105.41248,28.230399],[-105.412096,28.2299],[-105.411878,28.22965],[-105.414346,28.229591],[-105.41773,28.229566]]]}},{"type":"Feature","properties":{"modulo":4,"idparcela":"************","productor":null,"cultivo":"Sin Cultivo","superficie_fisica_ha":null,"superficie_riego_ha":null,"hectareas":15.019},"geometry":{"type":"Polygon","coordinates":[[[-105.412826,28.227668],[-105.418131,28.227572],[-105.418218,28.227828],[-105.41841,28.229032],[-105.418536,28.229408],[-105.417718,28.229476],[-105.414857,28.229511],[-105.412703,28.22955],[-105.411846,28.229576],[-105.41157,28.229287],[-105.411333,28.228954],[-105.411035,28.228404],[-105.410803,28.227433],[-105.411002,28.227429],[-105.412638,28.227416],[-105.412647,28.227408],[-105.41265,28.227465],[-105.41269,28.227671],[-105.412826,28.227668]]]}},{"type":"Feature","properties":{"modulo":4,"idparcela":"1678","productor":"BERMUDEZ QUI¥ONES RODOLFO","cultivo":"Nogal (Nuez)","superficie_fisica_ha":10.25,"superficie_riego_ha":10.25,"hectareas":11.031},"geometry":{"type":"Polygon","coordinates":[[[-105.412795,28.231079],[-105.41091,28.231092],[-105.409578,28.231054],[-105.40932,28.230216],[-105.408936,28.229092],[-105.408223,28.2274],[-105.408151,28.227221],[-105.409111,28.2268],[-105.40949,28.226741],[-105.409792,28.226763],[-105.409962,28.226728],[-105.410236,28.226611],[-105.410345,28.22657],[-105.410473,28.22656],[-105.41066,28.227371],[-105.410158,28.227434],[-105.410195,28.227681],[-105.410244,28.227948],[-105.410336,28.228316],[-105.410387,28.228351],[-105.410814,28.228244],[-105.410889,28.228449],[-105.410983,28.228679],[-105.41122,28.229119],[-105.411726,28.229799],[-105.412795,28.231079]]]}},{"type":"Feature","properties":{"modulo":4,"idparcela":"1628","productor":"CRUZ HERRERA VICTOR HUGO","cultivo":"Cacahuate","superficie_fisica_ha":10,"superficie_riego_ha":10,"hectareas":9.872},"geometry":{"type":"Polygon","coordinates":[[[-105.412826,28.227668],[-105.41275,28.226232],[-105.412656,28.225797],[-105.41279,28.225799],[-105.417334,28.225796],[-105.418102,28.2274],[-105.418127,28.227472],[-105.418131,28.227525],[-105.418131,28.227572],[-105.412826,28.227668]]]}},{"type":"Feature","properties":{"modulo":4,"idparcela":"1626","productor":"FRANCO RODRIGUEZ EFREN","cultivo":"Sin Cultivo","superficie_fisica_ha":11.8107,"superficie_riego_ha":11.8107,"hectareas":15.399},"geometry":{"type":"Polygon","coordinates":[[[-105.417334,28.225796],[-105.41279,28.225799],[-105.412656,28.225797],[-105.41275,28.226232],[-105.412826,28.227668],[-105.41269,28.227671],[-105.41265,28.227465],[-105.412638,28.227416],[-105.411002,28.227429],[-105.410803,28.227433],[-105.410576,28.22632],[-105.410615,28.226227],[-105.410839,28.226142],[-105.411196,28.225914],[-105.411552,28.225608],[-105.412252,28.224906],[-105.412471,28.225012],[-105.41245,28.225119],[-105.412504,28.225218],[-105.412962,28.224657],[-105.413561,28.224159],[-105.414031,28.224023],[-105.413972,28.223928],[-105.413693,28.223768],[-105.415168,28.223156],[-105.416781,28.222497],[-105.416931,28.223586],[-105.416988,28.224252],[-105.417056,28.224824],[-105.417206,28.225442],[-105.417334,28.225796]]]}},{"type":"Feature","properties":{"modulo":4,"idparcela":"2154","productor":"SOLIS SOLTERO RAUL","cultivo":"Chile verde","superficie_fisica_ha":11.67,"superficie_riego_ha":11.67,"hectareas":11.088},"geometry":{"type":"Polygon","coordinates":[[[-105.436022,28.275021],[-105.436089,28.274164],[-105.436173,28.274139],[-105.436299,28.274089],[-105.436383,28.274026],[-105.436509,28.273989],[-105.436635,28.273988],[-105.436733,28.273938],[-105.436719,28.273827],[-105.436592,28.273703],[-105.436507,28.273604],[-105.436451,28.273554],[-105.43624,28.273431],[-105.436268,28.273294],[-105.436436,28.273269],[-105.43659,28.273268],[-105.436674,28.273231],[-105.43687,28.273193],[-105.437039,28.273192],[-105.437095,28.273316],[-105.437124,28.273552],[-105.437265,28.273564],[-105.437334,28.273452],[-105.437432,28.273303],[-105.437502,28.273166],[-105.437684,28.27319],[-105.437979,28.273301],[-105.438035,28.273338],[-105.43819,28.273387],[-105.438245,28.273238],[-105.438259,28.273126],[-105.438511,28.273088],[-105.43882,28.273037],[-105.439072,28.273037],[-105.439199,28.273086],[-105.439129,28.273247],[-105.438738,28.273733],[-105.438697,28.273857],[-105.438879,28.273894],[-105.438935,28.273807],[-105.439075,28.273695],[-105.439215,28.273707],[-105.439286,28.273769],[-105.439426,28.273855],[-105.439455,28.274016],[-105.439456,28.274203],[-105.439526,28.274289],[-105.439624,28.274252],[-105.439638,28.274152],[-105.439819,28.27373],[-105.439957,28.273195],[-105.440096,28.273058],[-105.440251,28.27312],[-105.440224,28.273331],[-105.44014,28.273393],[-105.44007,28.273567],[-105.44003,28.27389],[-105.440087,28.274139],[-105.43999,28.274412],[-105.43992,28.274561],[-105.439963,28.274698],[-105.440159,28.274697],[-105.440257,28.274622],[-105.440425,28.274473],[-105.440537,28.274435],[-105.440762,28.274546],[-105.440846,28.274645],[-105.440889,28.274844],[-105.44103,28.274856],[-105.441142,28.274831],[-105.441254,28.274768],[-105.441408,28.274656],[-105.441519,28.274594],[-105.441561,28.274407],[-105.441757,28.274394],[-105.441842,28.274617],[-105.442039,28.274704],[-105.44211,28.274877],[-105.442152,28.27489],[-105.442292,28.274777],[-105.442432,28.274851],[-105.442405,28.274938],[-105.442251,28.275113],[-105.442153,28.275212],[-105.44221,28.275312],[-105.442281,28.275535],[-105.442254,28.275783],[-105.441553,28.27591],[-105.441329,28.275923],[-105.436022,28.275021]]]}},{"type":"Feature","properties":{"modulo":4,"idparcela":"2149","productor":"SANCHEZ BERNAL JOSE LUIS","cultivo":"Sin Cultivo","superficie_fisica_ha":17.8,"superficie_riego_ha":17.8,"hectareas":30.066},"geometry":{"type":"Polygon","coordinates":[[[-105.453781,28.24812],[-105.459338,28.24814],[-105.45907,28.249323],[-105.458933,28.25028],[-105.458373,28.251218],[-105.45786,28.25188],[-105.457773,28.252349],[-105.457334,28.252623],[-105.457049,28.252952],[-105.456845,28.253279],[-105.456606,28.253717],[-105.456423,28.25391],[-105.456174,28.253982],[-105.455954,28.254175],[-105.455772,28.254401],[-105.454798,28.254408],[-105.454487,28.254434],[-105.454233,28.254435],[-105.454007,28.254411],[-105.453873,28.254365],[-105.453721,28.254277],[-105.453614,28.254113],[-105.453597,28.253931],[-105.453691,28.248179],[-105.453781,28.24812]]]}},{"type":"Feature","properties":{"modulo":4,"idparcela":"2148","productor":"TERRAZAS PAYAN JOSE","cultivo":"Ma­z","superficie_fisica_ha":17.5,"superficie_riego_ha":16.75,"hectareas":35.009},"geometry":{"type":"Polygon","coordinates":[[[-105.453597,28.253931],[-105.4535,28.253923],[-105.452929,28.253338],[-105.451994,28.252791],[-105.451853,28.252891],[-105.452352,28.253405],[-105.452569,28.253639],[-105.452848,28.254264],[-105.448519,28.254274],[-105.448553,28.247673],[-105.448555,28.247669],[-105.448694,28.247447],[-105.449004,28.247246],[-105.449257,28.24702],[-105.449709,28.246943],[-105.450133,28.246942],[-105.450444,28.247066],[-105.45043,28.248114],[-105.453691,28.248179],[-105.453597,28.253931]]]}},{"type":"Feature","properties":{"modulo":4,"idparcela":"2147","productor":"MARTINEZ GOMEZ NOEL ARTURO","cultivo":"Cacahuate","superficie_fisica_ha":30.4,"superficie_riego_ha":30.4,"hectareas":31.995},"geometry":{"type":"Polygon","coordinates":[[[-105.448519,28.254274],[-105.448026,28.25428],[-105.443382,28.254282],[-105.44343,28.250057],[-105.443416,28.249932],[-105.444847,28.248893],[-105.445053,28.24841],[-105.44525,28.248284],[-105.445589,28.248308],[-105.44607,28.248432],[-105.446466,28.248505],[-105.446861,28.248454],[-105.447144,28.248403],[-105.44734,28.248127],[-105.447551,28.247791],[-105.447747,28.247621],[-105.44808,28.247555],[-105.448383,28.247573],[-105.448555,28.247669],[-105.448553,28.247673],[-105.448519,28.254274]]]}},{"type":"Feature","properties":{"modulo":4,"idparcela":"2151","productor":"DURAN FLORES CARLOS","cultivo":"Sin Cultivo","superficie_fisica_ha":14,"superficie_riego_ha":14,"hectareas":8.485},"geometry":{"type":"Polygon","coordinates":[[[-105.443382,28.254282],[-105.442482,28.254265],[-105.441686,28.254251],[-105.44146,28.254177],[-105.441176,28.253777],[-105.440606,28.252778],[-105.440266,28.252579],[-105.440067,28.252401],[-105.439955,28.252001],[-105.439895,28.251644],[-105.440053,28.251516],[-105.440422,28.251696],[-105.440809,28.251813],[-105.441167,28.251825],[-105.442241,28.251747],[-105.442429,28.25165],[-105.44262,28.251515],[-105.443248,28.250061],[-105.44343,28.250057],[-105.443382,28.254282]]]}},{"type":"Feature","properties":{"modulo":4,"idparcela":"2148","productor":"TERRAZAS PAYAN JOSE","cultivo":"Ma­z","superficie_fisica_ha":17.5,"superficie_riego_ha":16.75,"hectareas":1.525},"geometry":{"type":"Polygon","coordinates":[[[-105.449182,28.246459],[-105.44905,28.246233],[-105.448892,28.246092],[-105.44892,28.24589],[-105.449076,28.245755],[-105.449482,28.245449],[-105.449878,28.245448],[-105.449978,28.245482],[-105.450242,28.245695],[-105.450476,28.245904],[-105.450439,28.246427],[-105.450448,28.246748],[-105.450348,28.246802],[-105.450176,28.246776],[-105.449967,28.246574],[-105.449831,28.24646],[-105.449571,28.24645],[-105.449182,28.246459]]]}},{"type":"Feature","properties":{"modulo":4,"idparcela":"1991","productor":"TERRAZAS PAYAN JESUS","cultivo":"Ma­z","superficie_fisica_ha":10.3,"superficie_riego_ha":10.3,"hectareas":10.05},"geometry":{"type":"Polygon","coordinates":[[[-105.450641,28.246966],[-105.455309,28.246959],[-105.459429,28.246946],[-105.459433,28.248012],[-105.450592,28.248009],[-105.450641,28.246966]]]}},{"type":"Feature","properties":{"modulo":4,"idparcela":"1990","productor":"TERRAZAS PAYAN JESUS","cultivo":"Ma­z","superficie_fisica_ha":10.3,"superficie_riego_ha":10.3,"hectareas":10.455},"geometry":{"type":"Polygon","coordinates":[[[-105.450627,28.245914],[-105.455388,28.245862],[-105.459424,28.245798],[-105.459429,28.246946],[-105.455309,28.246959],[-105.450641,28.246966],[-105.450607,28.246454],[-105.450627,28.245914]]]}},{"type":"Feature","properties":{"modulo":4,"idparcela":"1996","productor":"JURADO GARCIA HELIODORO","cultivo":"Alfalfa","superficie_fisica_ha":10.1,"superficie_riego_ha":8.05,"hectareas":8.966},"geometry":{"type":"Polygon","coordinates":[[[-105.459406,28.244793],[-105.451697,28.244799],[-105.449957,28.244787],[-105.449762,28.244735],[-105.449617,28.244676],[-105.449445,28.244567],[-105.449409,28.244483],[-105.449406,28.244387],[-105.449454,28.244324],[-105.449537,28.244287],[-105.44966,28.244263],[-105.449932,28.244218],[-105.450248,28.244189],[-105.450545,28.244238],[-105.450543,28.243813],[-105.45464,28.243799],[-105.455094,28.244198],[-105.455534,28.24449],[-105.455869,28.244703],[-105.456028,28.244695],[-105.456141,28.244495],[-105.45614,28.244245],[-105.456138,28.243819],[-105.45906,28.24384],[-105.459406,28.244793]]]}},{"type":"Feature","properties":{"modulo":4,"idparcela":"1989","productor":"TERRAZAS PAYAN JESUS","cultivo":"Ma­z","superficie_fisica_ha":10.35,"superficie_riego_ha":10.35,"hectareas":10.667},"geometry":{"type":"Polygon","coordinates":[[[-105.449957,28.244787],[-105.451697,28.244799],[-105.459406,28.244793],[-105.459418,28.245218],[-105.459424,28.245798],[-105.455388,28.245862],[-105.450627,28.245914],[-105.450103,28.245412],[-105.450054,28.244877],[-105.449957,28.244787]]]}},{"type":"Feature","properties":{"modulo":4,"idparcela":"9606","productor":"CORRAL N M.DEL ROSARIO","cultivo":"Sin Cultivo","superficie_fisica_ha":6.68,"superficie_riego_ha":6.68,"hectareas":7.147},"geometry":{"type":"Polygon","coordinates":[[[-105.463479,28.241709],[-105.460718,28.241753],[-105.459407,28.241756],[-105.45938,28.240012],[-105.462936,28.240009],[-105.463479,28.241709]]]}},{"type":"Feature","properties":{"modulo":4,"idparcela":"2013","productor":"CHAVARRIA RAMIREZ ROSA","cultivo":"Sin Cultivo","superficie_fisica_ha":10,"superficie_riego_ha":4.36,"hectareas":5.235},"geometry":{"type":"Polygon","coordinates":[[[-105.459407,28.241756],[-105.460718,28.241753],[-105.463479,28.241709],[-105.463734,28.24251],[-105.463166,28.242849],[-105.462868,28.242907],[-105.462132,28.242966],[-105.461636,28.242948],[-105.459391,28.242823],[-105.459407,28.241756]]]}},{"type":"Feature","properties":{"modulo":4,"idparcela":"2140","productor":"HERRERA SOTO HIGINIO","cultivo":"Alfalfa","superficie_fisica_ha":22.7768,"superficie_riego_ha":20.1368,"hectareas":3.581},"geometry":{"type":"Polygon","coordinates":[[[-105.459266,28.240825],[-105.457969,28.240814],[-105.45534,28.240825],[-105.45511,28.239947],[-105.457946,28.239931],[-105.458161,28.240095],[-105.458406,28.240259],[-105.458568,28.240263],[-105.45877,28.240233],[-105.459148,28.239968],[-105.459268,28.239969],[-105.459266,28.240825]]]}},{"type":"Feature","properties":{"modulo":4,"idparcela":"1994","productor":"MADRIGAL MADRIGAL VICTOR","cultivo":"Ma­z","superficie_fisica_ha":10.3,"superficie_riego_ha":7.35,"hectareas":3.442},"geometry":{"type":"Polygon","coordinates":[[[-105.45534,28.240825],[-105.457969,28.240814],[-105.459266,28.240825],[-105.459279,28.241642],[-105.457523,28.241649],[-105.455579,28.241666],[-105.45534,28.240825]]]}},{"type":"Feature","properties":{"modulo":4,"idparcela":"1995","productor":"LOYA DE MADRIGAL ALBERTINA","cultivo":"Ma­z","superficie_fisica_ha":10.55,"superficie_riego_ha":8.9,"hectareas":3.74},"geometry":{"type":"Polygon","coordinates":[[[-105.455579,28.241666],[-105.457523,28.241649],[-105.459279,28.241642],[-105.459283,28.242186],[-105.459074,28.242636],[-105.455927,28.242632],[-105.455833,28.24256],[-105.455579,28.241666]]]}},{"type":"Feature","properties":{"modulo":4,"idparcela":"2140","productor":"HERRERA SOTO HIGINIO","cultivo":"Alfalfa","superficie_fisica_ha":22.7768,"superficie_riego_ha":20.1368,"hectareas":6.848},"geometry":{"type":"Polygon","coordinates":[[[-105.45517,28.240824],[-105.449037,28.240814],[-105.449001,28.240834],[-105.448937,28.241144],[-105.448129,28.241147],[-105.448066,28.241133],[-105.447839,28.240818],[-105.447839,28.240756],[-105.447883,28.240702],[-105.448744,28.239923],[-105.454935,28.239954],[-105.45517,28.240824]]]}},{"type":"Feature","properties":{"modulo":4,"idparcela":"1994","productor":"MADRIGAL MADRIGAL VICTOR","cultivo":"Ma­z","superficie_fisica_ha":10.3,"superficie_riego_ha":7.35,"hectareas":4.936},"geometry":{"type":"Polygon","coordinates":[[[-105.448937,28.241144],[-105.449001,28.240834],[-105.449037,28.240814],[-105.45517,28.240824],[-105.455382,28.241504],[-105.451042,28.241603],[-105.449595,28.241623],[-105.449238,28.241164],[-105.448998,28.241145],[-105.448937,28.241144]]]}},{"type":"Feature","properties":{"modulo":4,"idparcela":"1995","productor":"LOYA DE MADRIGAL ALBERTINA","cultivo":"Ma­z","superficie_fisica_ha":10.55,"superficie_riego_ha":8.9,"hectareas":7.195},"geometry":{"type":"Polygon","coordinates":[[[-105.455718,28.242641],[-105.45143,28.24274],[-105.449777,28.242783],[-105.449788,28.241925],[-105.449595,28.241623],[-105.451042,28.241603],[-105.455382,28.241504],[-105.455718,28.242641]]]}},{"type":"Feature","properties":{"modulo":4,"idparcela":"1997","productor":"JURADO GARCIA HELIODORO","cultivo":"Ma­z","superficie_fisica_ha":5.2524,"superficie_riego_ha":3.8,"hectareas":8.236},"geometry":{"type":"Polygon","coordinates":[[[-105.449777,28.242783],[-105.45143,28.24274],[-105.455718,28.242641],[-105.455817,28.242729],[-105.45845,28.242725],[-105.458623,28.242764],[-105.458815,28.242908],[-105.458836,28.243688],[-105.45588,28.243679],[-105.455431,28.243195],[-105.455154,28.242932],[-105.455005,28.242914],[-105.454588,28.243203],[-105.454399,28.243359],[-105.454424,28.243682],[-105.450463,28.243704],[-105.450471,28.243272],[-105.450416,28.243218],[-105.449799,28.24286],[-105.449777,28.242783]]]}},{"type":"Feature","properties":{"modulo":4,"idparcela":"2140","productor":"HERRERA SOTO HIGINIO","cultivo":"Alfalfa","superficie_fisica_ha":22.7768,"superficie_riego_ha":20.1368,"hectareas":8.906},"geometry":{"type":"Polygon","coordinates":[[[-105.462962,28.239895],[-105.459401,28.239892],[-105.459273,28.239884],[-105.459405,28.239711],[-105.459473,28.239572],[-105.45957,28.239311],[-105.459703,28.23885],[-105.459708,28.238646],[-105.459614,28.238438],[-105.459446,28.238243],[-105.459319,28.23795],[-105.459068,28.237631],[-105.459301,28.23764],[-105.459446,28.237637],[-105.459579,28.23761],[-105.459705,28.237538],[-105.459758,28.237468],[-105.459773,28.237379],[-105.459765,28.2373],[-105.459746,28.237217],[-105.459829,28.237198],[-105.459893,28.237154],[-105.460946,28.237152],[-105.462121,28.237168],[-105.462962,28.239895]]]}},{"type":"Feature","properties":{"modulo":4,"idparcela":"2014","productor":"LUJAN BARRIENTOS MA.DE LA LUZ","cultivo":"Otros Pastos","superficie_fisica_ha":10.02,"superficie_riego_ha":8.12,"hectareas":4.781},"geometry":{"type":"Polygon","coordinates":[[[-105.462119,28.23707],[-105.460242,28.237063],[-105.46027,28.233773],[-105.461123,28.23386],[-105.462119,28.23707]]]}},{"type":"Feature","properties":{"modulo":4,"idparcela":"1992","productor":"CHAVARRIA RAMIREZ ROSA","cultivo":"Alfalfa","superficie_fisica_ha":9.8,"superficie_riego_ha":9.5,"hectareas":4.015},"geometry":{"type":"Polygon","coordinates":[[[-105.453541,28.234385],[-105.45338,28.233248],[-105.453584,28.23325],[-105.454699,28.233262],[-105.455036,28.233947],[-105.455395,28.234538],[-105.455619,28.234878],[-105.455624,28.235089],[-105.455293,28.235404],[-105.453954,28.235465],[-105.453547,28.235201],[-105.453562,28.234534],[-105.453565,28.234384],[-105.453541,28.234385]]]}},{"type":"Feature","properties":{"modulo":4,"idparcela":"2002","productor":"ALONSO VILLA JOSE ANTONIO","cultivo":"Alfalfa","superficie_fisica_ha":10,"superficie_riego_ha":8.3,"hectareas":5.89},"geometry":{"type":"Polygon","coordinates":[[[-105.448409,28.238999],[-105.449858,28.238978],[-105.454629,28.23893],[-105.454758,28.239424],[-105.454874,28.23984],[-105.448799,28.239832],[-105.448486,28.23946],[-105.448409,28.238999]]]}},{"type":"Feature","properties":{"modulo":4,"idparcela":"2001","productor":"ALONSO VILLA JOSE ANTONIO","cultivo":"Alfalfa","superficie_fisica_ha":10.05,"superficie_riego_ha":8.25,"hectareas":5.749},"geometry":{"type":"Polygon","coordinates":[[[-105.448318,28.238167],[-105.454333,28.238029],[-105.454629,28.23893],[-105.449858,28.238978],[-105.448409,28.238999],[-105.448318,28.238167]]]}},{"type":"Feature","properties":{"modulo":4,"idparcela":"2000","productor":"ALONSO VILLA JOSE ANTONIO","cultivo":"Alfalfa","superficie_fisica_ha":10,"superficie_riego_ha":8.5,"hectareas":7.759},"geometry":{"type":"Polygon","coordinates":[[[-105.446045,28.237105],[-105.454064,28.237079],[-105.454333,28.238029],[-105.448318,28.238167],[-105.446045,28.237105]]]}},{"type":"Feature","properties":{"modulo":4,"idparcela":"1993","productor":"JURADO GARCIA JUSTO","cultivo":"Ma­z","superficie_fisica_ha":15.25,"superficie_riego_ha":12.4,"hectareas":8.26},"geometry":{"type":"Polygon","coordinates":[[[-105.445342,28.236181],[-105.453753,28.236165],[-105.454064,28.237079],[-105.446045,28.237105],[-105.445753,28.236919],[-105.445342,28.236181]]]}},{"type":"Feature","properties":{"modulo":4,"idparcela":"1992","productor":"CHAVARRIA RAMIREZ ROSA","cultivo":"Alfalfa","superficie_fisica_ha":9.8,"superficie_riego_ha":9.5,"hectareas":5.919},"geometry":{"type":"Polygon","coordinates":[[[-105.445003,28.235548],[-105.453516,28.235508],[-105.453753,28.236165],[-105.445342,28.236181],[-105.445176,28.235863],[-105.445003,28.235548]]]}},{"type":"Feature","properties":{"modulo":4,"idparcela":"2215","productor":"SOLIS GALLARDO OCTAVIO A.","cultivo":"Cacahuate","superficie_fisica_ha":9,"superficie_riego_ha":9,"hectareas":9.667},"geometry":{"type":"Polygon","coordinates":[[[-105.45279,28.234339],[-105.44443,28.234353],[-105.444408,28.233718],[-105.444092,28.23324],[-105.452048,28.233242],[-105.45279,28.234339]]]}},{"type":"Feature","properties":{"modulo":4,"idparcela":"2213","productor":"MADRID LARA ROSALIO","cultivo":"Ma­z","superficie_fisica_ha":4,"superficie_riego_ha":0.4,"hectareas":10.824},"geometry":{"type":"Polygon","coordinates":[[[-105.44443,28.234353],[-105.45279,28.234339],[-105.453516,28.235508],[-105.445003,28.235548],[-105.44443,28.234353]]]}},{"type":"Feature","properties":{"modulo":4,"idparcela":"1993","productor":"JURADO GARCIA JUSTO","cultivo":"Ma­z","superficie_fisica_ha":15.25,"superficie_riego_ha":12.4,"hectareas":1.809},"geometry":{"type":"Polygon","coordinates":[[[-105.453983,28.236235],[-105.455357,28.236201],[-105.455629,28.236373],[-105.456041,28.236643],[-105.456527,28.236947],[-105.456583,28.237006],[-105.456639,28.23708],[-105.455419,28.237077],[-105.454246,28.237083],[-105.453983,28.236235]]]}},{"type":"Feature","properties":{"modulo":4,"idparcela":"1992","productor":"CHAVARRIA RAMIREZ ROSA","cultivo":"Alfalfa","superficie_fisica_ha":9.8,"superficie_riego_ha":9.5,"hectareas":1.003},"geometry":{"type":"Polygon","coordinates":[[[-105.455357,28.236201],[-105.453983,28.236235],[-105.45378,28.235528],[-105.455074,28.23552],[-105.455285,28.236056],[-105.455357,28.236201]]]}},{"type":"Feature","properties":{"modulo":4,"idparcela":"2000","productor":"ALONSO VILLA JOSE ANTONIO","cultivo":"Alfalfa","superficie_fisica_ha":10,"superficie_riego_ha":8.5,"hectareas":2.088},"geometry":{"type":"Polygon","coordinates":[[[-105.457071,28.237787],[-105.45573,28.237849],[-105.454496,28.237886],[-105.454246,28.237083],[-105.455419,28.237077],[-105.456639,28.23708],[-105.456933,28.237485],[-105.457071,28.237787]]]}},{"type":"Feature","properties":{"modulo":4,"idparcela":"2001","productor":"ALONSO VILLA JOSE ANTONIO","cultivo":"Alfalfa","superficie_fisica_ha":10.05,"superficie_riego_ha":8.25,"hectareas":1.059},"geometry":{"type":"Polygon","coordinates":[[[-105.458261,28.238842],[-105.457369,28.238868],[-105.457324,28.238734],[-105.457166,28.237788],[-105.4573,28.237778],[-105.458043,28.237753],[-105.458052,28.237809],[-105.458261,28.238842]]]}},{"type":"Feature","properties":{"modulo":4,"idparcela":"2001","productor":"ALONSO VILLA JOSE ANTONIO","cultivo":"Alfalfa","superficie_fisica_ha":10.05,"superficie_riego_ha":8.25,"hectareas":2.795},"geometry":{"type":"Polygon","coordinates":[[[-105.457187,28.238873],[-105.4548,28.238866],[-105.454496,28.237886],[-105.45573,28.237849],[-105.457071,28.237787],[-105.457124,28.238184],[-105.457203,28.238577],[-105.457187,28.238873]]]}},{"type":"Feature","properties":{"modulo":4,"idparcela":"2002","productor":"ALONSO VILLA JOSE ANTONIO","cultivo":"Alfalfa","superficie_fisica_ha":10,"superficie_riego_ha":8.3,"hectareas":2.587},"geometry":{"type":"Polygon","coordinates":[[[-105.4548,28.238866],[-105.457187,28.238873],[-105.457309,28.239109],[-105.457437,28.239382],[-105.457556,28.239628],[-105.457673,28.239829],[-105.45507,28.239829],[-105.4548,28.238866]]]}},{"type":"Feature","properties":{"modulo":4,"idparcela":"1993","productor":"JURADO GARCIA JUSTO","cultivo":"Ma­z","superficie_fisica_ha":15.25,"superficie_riego_ha":12.4,"hectareas":1.658},"geometry":{"type":"Polygon","coordinates":[[[-105.45796,28.237085],[-105.457231,28.23704],[-105.456741,28.237052],[-105.45663,28.236905],[-105.456214,28.236643],[-105.455874,28.236421],[-105.455521,28.236176],[-105.457763,28.236139],[-105.45796,28.237085]]]}},{"type":"Feature","properties":{"modulo":4,"idparcela":"2140","productor":"HERRERA SOTO HIGINIO","cultivo":"Alfalfa","superficie_fisica_ha":22.7768,"superficie_riego_ha":20.1368,"hectareas":3.481},"geometry":{"type":"Polygon","coordinates":[[[-105.45796,28.237085],[-105.458046,28.237085],[-105.45938,28.237234],[-105.459381,28.237544],[-105.459215,28.237552],[-105.459034,28.237559],[-105.458871,28.237563],[-105.459027,28.237758],[-105.459199,28.237973],[-105.459362,28.23824],[-105.459489,28.238398],[-105.459579,28.238517],[-105.459623,28.238677],[-105.459615,28.238852],[-105.459547,28.239129],[-105.459461,28.239401],[-105.459339,28.239656],[-105.459242,28.239779],[-105.459122,28.239841],[-105.458917,28.23987],[-105.458586,28.239869],[-105.458468,28.239864],[-105.458052,28.237809],[-105.458043,28.237753],[-105.4579,28.237084],[-105.45796,28.237085]]]}},{"type":"Feature","properties":{"modulo":4,"idparcela":"2000","productor":"ALONSO VILLA JOSE ANTONIO","cultivo":"Alfalfa","superficie_fisica_ha":10,"superficie_riego_ha":8.5,"hectareas":0.728},"geometry":{"type":"Polygon","coordinates":[[[-105.456777,28.237094],[-105.457233,28.237092],[-105.4579,28.237084],[-105.458043,28.237753],[-105.4573,28.237778],[-105.457166,28.237788],[-105.457023,28.237475],[-105.456896,28.237274],[-105.456777,28.237094]]]}},{"type":"Feature","properties":{"modulo":4,"idparcela":"2228","productor":"JIMENEZ LICON RAMON","cultivo":"Sin Cultivo","superficie_fisica_ha":4.8,"superficie_riego_ha":4.8,"hectareas":4.722},"geometry":{"type":"Polygon","coordinates":[[[-105.445939,28.23305],[-105.444118,28.233049],[-105.443823,28.231939],[-105.443138,28.230774],[-105.442866,28.229978],[-105.443953,28.229963],[-105.445939,28.23305]]]}},{"type":"Feature","properties":{"modulo":4,"idparcela":"************","productor":null,"cultivo":"Sin Cultivo","superficie_fisica_ha":null,"superficie_riego_ha":null,"hectareas":1.361},"geometry":{"type":"Polygon","coordinates":[[[-105.454679,28.231169],[-105.45451,28.23102],[-105.454349,28.230856],[-105.454146,28.230757],[-105.453633,28.229968],[-105.454977,28.229959],[-105.455374,28.230721],[-105.454679,28.231169]]]}},{"type":"Feature","properties":{"modulo":4,"idparcela":"2219","productor":"JIMENEZ MARTA NAZARIO","cultivo":"Alfalfa","superficie_fisica_ha":3.95,"superficie_riego_ha":3.95,"hectareas":3.704},"geometry":{"type":"Polygon","coordinates":[[[-105.451416,28.229956],[-105.451645,28.230302],[-105.452,28.230852],[-105.452448,28.231595],[-105.453428,28.233152],[-105.452345,28.233136],[-105.450352,28.229945],[-105.451416,28.229956]]]}},{"type":"Feature","properties":{"modulo":4,"idparcela":"2017","productor":"MARTINEZ ONTIVEROS ROBERTO","cultivo":"Sin Cultivo","superficie_fisica_ha":2.8998,"superficie_riego_ha":2.8998,"hectareas":1.95},"geometry":{"type":"Polygon","coordinates":[[[-105.452,28.230852],[-105.451645,28.230302],[-105.451416,28.229956],[-105.453436,28.229969],[-105.454045,28.230848],[-105.452,28.230852]]]}},{"type":"Feature","properties":{"modulo":4,"idparcela":"2222","productor":"SOLIS DOMINGUEZ MAGDALENA","cultivo":"Alfalfa","superficie_fisica_ha":3.725,"superficie_riego_ha":3.725,"hectareas":4.424},"geometry":{"type":"Polygon","coordinates":[[[-105.453428,28.233152],[-105.452448,28.231595],[-105.452,28.230852],[-105.454045,28.230848],[-105.454534,28.231293],[-105.454521,28.231446],[-105.454525,28.231584],[-105.454517,28.231991],[-105.454522,28.232404],[-105.454561,28.232927],[-105.454598,28.233127],[-105.453428,28.233152]]]}},{"type":"Feature","properties":{"modulo":4,"idparcela":"2216","productor":"REAZA JIMENEZ JOSE","cultivo":"Sin Cultivo","superficie_fisica_ha":3.575,"superficie_riego_ha":3.575,"hectareas":2.466},"geometry":{"type":"Polygon","coordinates":[[[-105.450254,28.232118],[-105.448873,28.229971],[-105.450105,28.229961],[-105.451089,28.231501],[-105.450254,28.232118]]]}},{"type":"Feature","properties":{"modulo":4,"idparcela":"2216","productor":"REAZA JIMENEZ JOSE","cultivo":"Sin Cultivo","superficie_fisica_ha":3.575,"superficie_riego_ha":3.575,"hectareas":1.657},"geometry":{"type":"Polygon","coordinates":[[[-105.450873,28.233128],[-105.450548,28.232615],[-105.450292,28.232203],[-105.451136,28.231592],[-105.452125,28.23312],[-105.450873,28.233128]]]}},{"type":"Feature","properties":{"modulo":4,"idparcela":"2217","productor":"DOMINGUEZ HERNANDEZ LUIS ENRIQUE","cultivo":"Sin Cultivo","superficie_fisica_ha":2.9348,"superficie_riego_ha":2.9348,"hectareas":0.782},"geometry":{"type":"Polygon","coordinates":[[[-105.450292,28.232203],[-105.450548,28.232615],[-105.450873,28.233128],[-105.449712,28.233134],[-105.449543,28.232767],[-105.450292,28.232203]]]}},{"type":"Feature","properties":{"modulo":4,"idparcela":"2011","productor":"CUETO RODRIGUEZ ROBERTO","cultivo":"Chile verde","superficie_fisica_ha":5,"superficie_riego_ha":5,"hectareas":3.958},"geometry":{"type":"Polygon","coordinates":[[[-105.446426,28.229967],[-105.448423,28.23311],[-105.447236,28.233095],[-105.445276,28.229975],[-105.446426,28.229967]]]}},{"type":"Feature","properties":{"modulo":4,"idparcela":"2229","productor":"TALAMANTES MORALES SALVADOR","cultivo":"Alfalfa","superficie_fisica_ha":4.1,"superficie_riego_ha":4.1,"hectareas":3.814},"geometry":{"type":"Polygon","coordinates":[[[-105.445276,28.229975],[-105.447236,28.233095],[-105.446094,28.233071],[-105.444134,28.229961],[-105.445276,28.229975]]]}},{"type":"Feature","properties":{"modulo":4,"idparcela":"2219","productor":"JIMENEZ MARTA NAZARIO","cultivo":"Alfalfa","superficie_fisica_ha":3.95,"superficie_riego_ha":3.95,"hectareas":3.949},"geometry":{"type":"Polygon","coordinates":[[[-105.447568,28.229983],[-105.449527,28.232983],[-105.449602,28.233133],[-105.448423,28.23311],[-105.446426,28.229967],[-105.447568,28.229983]]]}},{"type":"Feature","properties":{"modulo":4,"idparcela":"2217","productor":"DOMINGUEZ HERNANDEZ LUIS ENRIQUE","cultivo":"Sin Cultivo","superficie_fisica_ha":2.9348,"superficie_riego_ha":2.9348,"hectareas":3.485},"geometry":{"type":"Polygon","coordinates":[[[-105.448873,28.229971],[-105.450254,28.232118],[-105.449458,28.232711],[-105.449527,28.232983],[-105.447568,28.229983],[-105.448873,28.229971]]]}},{"type":"Feature","properties":{"modulo":4,"idparcela":"2223","productor":"GUERRERO HERNENDEZ PETRA","cultivo":"Sin Cultivo","superficie_fisica_ha":2.2885,"superficie_riego_ha":2.2885,"hectareas":2.214},"geometry":{"type":"Polygon","coordinates":[[[-105.453471,28.229869],[-105.453366,28.227576],[-105.45367,28.227564],[-105.454942,28.229868],[-105.453471,28.229869]]]}},{"type":"Feature","properties":{"modulo":4,"idparcela":"2225","productor":"GAMBOA RIVERA VICENTA","cultivo":"Sin Cultivo","superficie_fisica_ha":6,"superficie_riego_ha":6,"hectareas":5.197},"geometry":{"type":"Polygon","coordinates":[[[-105.450836,28.227499],[-105.45089,28.226347],[-105.450955,28.225395],[-105.453265,28.22539],[-105.453307,28.226958],[-105.45367,28.227564],[-105.453366,28.227576],[-105.452638,28.227611],[-105.45256,28.227543],[-105.452446,28.22749],[-105.452324,28.227417],[-105.452228,28.227263],[-105.452042,28.225663],[-105.451915,28.225626],[-105.451846,28.225689],[-105.451809,28.225796],[-105.452057,28.227467],[-105.450836,28.227499]]]}},{"type":"Feature","properties":{"modulo":4,"idparcela":"2199","productor":"LEVARIO ORTEGA EULALIO","cultivo":"Alfalfa","superficie_fisica_ha":5.6973,"superficie_riego_ha":5.6973,"hectareas":5.601},"geometry":{"type":"Polygon","coordinates":[[[-105.448397,28.226929],[-105.448321,28.225438],[-105.450955,28.225395],[-105.45089,28.226347],[-105.450836,28.227499],[-105.448853,28.227541],[-105.448397,28.226929]]]}},{"type":"Feature","properties":{"modulo":4,"idparcela":"2221","productor":"ORTIZ SANCHEZ JORGE","cultivo":"Alfalfa","superficie_fisica_ha":8.675,"superficie_riego_ha":8.675,"hectareas":8.156},"geometry":{"type":"Polygon","coordinates":[[[-105.449936,28.229142],[-105.449937,28.228425],[-105.449923,28.227681],[-105.452105,28.227653],[-105.452262,28.227712],[-105.45241,28.227734],[-105.452551,28.227706],[-105.452638,28.227611],[-105.453366,28.227576],[-105.453471,28.229869],[-105.450399,28.22986],[-105.449936,28.229142]]]}},{"type":"Feature","properties":{"modulo":4,"idparcela":"************","productor":null,"cultivo":"Sin Cultivo","superficie_fisica_ha":null,"superficie_riego_ha":null,"hectareas":1.006},"geometry":{"type":"Polygon","coordinates":[[[-105.449923,28.227681],[-105.449937,28.228425],[-105.449936,28.229142],[-105.449837,28.229165],[-105.44973,28.229136],[-105.448864,28.227678],[-105.449923,28.227681]]]}},{"type":"Feature","properties":{"modulo":4,"idparcela":"2181","productor":"TELLEZ ORNELAS RAUL","cultivo":"Ma­z","superficie_fisica_ha":4.3665,"superficie_riego_ha":4.3665,"hectareas":4.349},"geometry":{"type":"Polygon","coordinates":[[[-105.445911,28.22751],[-105.445896,28.226477],[-105.445882,28.225478],[-105.447196,28.225472],[-105.448548,28.227499],[-105.445911,28.22751]]]}},{"type":"Feature","properties":{"modulo":4,"idparcela":"************","productor":null,"cultivo":"Sin Cultivo","superficie_fisica_ha":null,"superficie_riego_ha":null,"hectareas":8.863},"geometry":{"type":"Polygon","coordinates":[[[-105.445612,28.229848],[-105.445576,28.228929],[-105.445551,28.227682],[-105.44862,28.227659],[-105.450041,28.229848],[-105.445612,28.229848]]]}},{"type":"Feature","properties":{"modulo":4,"idparcela":"2230","productor":"RODRIGUEZ REY JOAQUIN","cultivo":"Sin Cultivo","superficie_fisica_ha":7.075,"superficie_riego_ha":7.075,"hectareas":4.47},"geometry":{"type":"Polygon","coordinates":[[[-105.445551,28.227682],[-105.445576,28.228929],[-105.445612,28.229848],[-105.444091,28.229849],[-105.443556,28.22906],[-105.443564,28.227716],[-105.445551,28.227682]]]}},{"type":"Feature","properties":{"modulo":4,"idparcela":"2392","productor":"LOPEZ RODRIGUEZ MARIO ARTURO","cultivo":"Cacahuate","superficie_fisica_ha":5.45,"superficie_riego_ha":5.45,"hectareas":5.552},"geometry":{"type":"Polygon","coordinates":[[[-105.445882,28.225478],[-105.445896,28.226477],[-105.445911,28.22751],[-105.443437,28.227572],[-105.443455,28.226771],[-105.443428,28.225406],[-105.44432,28.225393],[-105.444487,28.225493],[-105.445882,28.225478]]]}},{"type":"Feature","properties":{"modulo":4,"idparcela":"2231","productor":"JURADO EFRAIN","cultivo":"Cacahuate","superficie_fisica_ha":6.7254,"superficie_riego_ha":5.2,"hectareas":5.012},"geometry":{"type":"Polygon","coordinates":[[[-105.443437,28.227572],[-105.443362,28.227573],[-105.443326,28.22987],[-105.442736,28.229874],[-105.442606,28.229679],[-105.442526,28.229493],[-105.442399,28.229181],[-105.442025,28.228783],[-105.441811,28.228482],[-105.441576,28.228106],[-105.441543,28.227677],[-105.441491,28.227353],[-105.44138,28.226997],[-105.441252,28.226771],[-105.443455,28.226771],[-105.443437,28.227572]]]}},{"type":"Feature","properties":{"modulo":4,"idparcela":"2158","productor":"GARCIA RODRIGUEZ ALEJA","cultivo":"Ajo","superficie_fisica_ha":2.2,"superficie_riego_ha":2.2,"hectareas":3.509},"geometry":{"type":"Polygon","coordinates":[[[-105.453978,28.22542],[-105.454316,28.225637],[-105.454333,28.225718],[-105.454362,28.225881],[-105.454978,28.2265],[-105.455044,28.226678],[-105.455117,28.226946],[-105.455144,28.227024],[-105.455146,28.227032],[-105.455283,28.227901],[-105.454069,28.227979],[-105.453535,28.226919],[-105.453448,28.226355],[-105.453401,28.225421],[-105.453978,28.22542]]]}},{"type":"Feature","properties":{"modulo":4,"idparcela":"2005","productor":"CHACON MARTINEZ EGLA","cultivo":"Sin Cultivo","superficie_fisica_ha":4.5217,"superficie_riego_ha":4,"hectareas":2.905},"geometry":{"type":"Polygon","coordinates":[[[-105.457447,28.226817],[-105.458584,28.227631],[-105.456875,28.227811],[-105.455283,28.227901],[-105.455146,28.227032],[-105.455144,28.227024],[-105.455117,28.226946],[-105.457447,28.226817]]]}},{"type":"Feature","properties":{"modulo":4,"idparcela":"2160","productor":"GARCIA N SOCORRO","cultivo":"Sin Cultivo","superficie_fisica_ha":1.0068,"superficie_riego_ha":1.0068,"hectareas":3.425},"geometry":{"type":"Polygon","coordinates":[[[-105.455117,28.226946],[-105.455044,28.226678],[-105.454978,28.2265],[-105.454362,28.225881],[-105.454333,28.225718],[-105.454316,28.225637],[-105.453978,28.22542],[-105.455879,28.225454],[-105.45705,28.226314],[-105.457744,28.226776],[-105.457447,28.226817],[-105.455117,28.226946]]]}},{"type":"Feature","properties":{"modulo":4,"idparcela":"2196","productor":"GAMBOA GARCIA BALTAZAR","cultivo":"Cacahuate","superficie_fisica_ha":7.81,"superficie_riego_ha":7.81,"hectareas":3.181},"geometry":{"type":"Polygon","coordinates":[[[-105.457309,28.228887],[-105.455087,28.228992],[-105.454606,28.228948],[-105.454106,28.228049],[-105.454069,28.227979],[-105.455283,28.227901],[-105.456875,28.227811],[-105.456992,28.228176],[-105.45714,28.228473],[-105.457185,28.228666],[-105.457309,28.228887]]]}},{"type":"Feature","properties":{"modulo":4,"idparcela":"2248","productor":"BARRIOS ADAME RAMON R.","cultivo":"Sin Cultivo","superficie_fisica_ha":3.25,"superficie_riego_ha":3.25,"hectareas":2.647},"geometry":{"type":"Polygon","coordinates":[[[-105.457295,28.228888],[-105.457777,28.229845],[-105.45508,28.229934],[-105.454889,28.229559],[-105.455087,28.228992],[-105.457295,28.228888]]]}},{"type":"Feature","properties":{"modulo":4,"idparcela":"2017","productor":"MARTINEZ ONTIVEROS ROBERTO","cultivo":"Sin Cultivo","superficie_fisica_ha":2.8998,"superficie_riego_ha":2.8998,"hectareas":2.674},"geometry":{"type":"Polygon","coordinates":[[[-105.457316,28.22986],[-105.457541,28.230499],[-105.457207,28.230972],[-105.456846,28.2312],[-105.456424,28.23141],[-105.455907,28.231008],[-105.455695,28.230846],[-105.455461,28.230586],[-105.455312,28.230343],[-105.45508,28.229934],[-105.457316,28.22986]]]}},{"type":"Feature","properties":{"modulo":4,"idparcela":"2203","productor":"HERNANDEZ JIMENEZ JESUS","cultivo":"Sin Cultivo","superficie_fisica_ha":5.7555,"superficie_riego_ha":5.7555,"hectareas":4.418},"geometry":{"type":"Polygon","coordinates":[[[-105.456424,28.23141],[-105.456846,28.2312],[-105.457207,28.230972],[-105.457566,28.230463],[-105.458283,28.230388],[-105.458876,28.230468],[-105.459172,28.230398],[-105.459414,28.230238],[-105.459838,28.229928],[-105.460406,28.231641],[-105.46027,28.231667],[-105.460096,28.231705],[-105.459986,28.231707],[-105.459736,28.231581],[-105.459488,28.23154],[-105.459181,28.231673],[-105.458943,28.231741],[-105.45876,28.231705],[-105.458609,28.231651],[-105.458407,28.231374],[-105.457343,28.231843],[-105.456932,28.231715],[-105.456557,28.231534],[-105.456424,28.23141]]]}},{"type":"Feature","properties":{"modulo":4,"idparcela":"2224","productor":"FIERRO CARRILLO EUFEMIO","cultivo":"Sin Cultivo","superficie_fisica_ha":3.8,"superficie_riego_ha":3.8,"hectareas":3.118},"geometry":{"type":"Polygon","coordinates":[[[-105.457343,28.231843],[-105.458407,28.231374],[-105.458609,28.231651],[-105.45876,28.231705],[-105.458943,28.231741],[-105.459181,28.231673],[-105.459488,28.23154],[-105.459736,28.231581],[-105.459986,28.231707],[-105.460096,28.231705],[-105.46027,28.231667],[-105.460406,28.231641],[-105.460583,28.2322],[-105.458794,28.232721],[-105.458285,28.232824],[-105.457839,28.232879],[-105.457746,28.232796],[-105.457734,28.232588],[-105.45774,28.232364],[-105.457466,28.232037],[-105.457343,28.231843]]]}},{"type":"Feature","properties":{"modulo":4,"idparcela":"2016","productor":"JIMENEZ LICON RAMON","cultivo":"Sin Cultivo","superficie_fisica_ha":3,"superficie_riego_ha":2.5,"hectareas":1.663},"geometry":{"type":"Polygon","coordinates":[[[-105.457839,28.232879],[-105.458285,28.232824],[-105.458794,28.232721],[-105.460583,28.2322],[-105.460816,28.232896],[-105.459758,28.233114],[-105.45939,28.23315],[-105.458321,28.233208],[-105.458184,28.23317],[-105.458032,28.233059],[-105.457839,28.232879]]]}},{"type":"Feature","properties":{"modulo":4,"idparcela":"2232","productor":"RODRIGUEZ ADAME OTILIA","cultivo":"Cacahuate","superficie_fisica_ha":9.775,"superficie_riego_ha":9.775,"hectareas":7.396},"geometry":{"type":"Polygon","coordinates":[[[-105.438403,28.229872],[-105.438389,28.22651],[-105.438511,28.226417],[-105.438774,28.226447],[-105.439877,28.226769],[-105.440088,28.226954],[-105.440314,28.227678],[-105.440372,28.228007],[-105.440145,28.228178],[-105.440129,28.228581],[-105.440745,28.228671],[-105.440761,28.229028],[-105.440465,28.229262],[-105.4405,28.229401],[-105.440135,28.229851],[-105.439695,28.23049],[-105.438403,28.229872]]]}},{"type":"Feature","properties":{"modulo":4,"idparcela":"************","productor":null,"cultivo":"Sin Cultivo","superficie_fisica_ha":null,"superficie_riego_ha":null,"hectareas":4.761},"geometry":{"type":"Polygon","coordinates":[[[-105.440865,28.229379],[-105.441659,28.230482],[-105.441168,28.230752],[-105.440993,28.231109],[-105.440619,28.232716],[-105.440356,28.233188],[-105.438799,28.233177],[-105.439166,28.232612],[-105.439711,28.231718],[-105.43988,28.230864],[-105.440068,28.230564],[-105.440865,28.229379]]]}},{"type":"Feature","properties":{"modulo":4,"idparcela":"2193","productor":"RODRIGUEZ CASTILLO LEONOR","cultivo":"Alfalfa","superficie_fisica_ha":3.575,"superficie_riego_ha":3.575,"hectareas":4.089},"geometry":{"type":"Polygon","coordinates":[[[-105.443313,28.226718],[-105.440683,28.22671],[-105.438723,28.226074],[-105.438538,28.225985],[-105.438456,28.225883],[-105.443278,28.225647],[-105.443313,28.226718]]]}},{"type":"Feature","properties":{"modulo":4,"idparcela":"2180","productor":"JIMENEZ DOMINGUEZ MAURO","cultivo":"Chile verde","superficie_fisica_ha":5.075,"superficie_riego_ha":5.075,"hectareas":6.751},"geometry":{"type":"Polygon","coordinates":[[[-105.438456,28.225883],[-105.438466,28.225529],[-105.438474,28.225077],[-105.438511,28.225018],[-105.438628,28.224964],[-105.438836,28.224919],[-105.441117,28.224252],[-105.443241,28.224247],[-105.443278,28.225647],[-105.438456,28.225883]]]}},{"type":"Feature","properties":{"modulo":4,"idparcela":"2235","productor":"SOLANO SANCHEZ CARLOS","cultivo":"Cacahuate","superficie_fisica_ha":6.95,"superficie_riego_ha":4.475,"hectareas":3.073},"geometry":{"type":"Polygon","coordinates":[[[-105.445083,28.223272],[-105.445086,28.223537],[-105.445082,28.223876],[-105.445099,28.224019],[-105.445059,28.225331],[-105.444511,28.225343],[-105.444352,28.225302],[-105.443433,28.225321],[-105.443422,28.224136],[-105.4441,28.223676],[-105.444762,28.22326],[-105.445083,28.223272]]]}},{"type":"Feature","properties":{"modulo":4,"idparcela":"2206","productor":"RODRIGUEZ REY RODRIGO","cultivo":"Sin Cultivo","superficie_fisica_ha":6.25,"superficie_riego_ha":5.7888,"hectareas":6.434},"geometry":{"type":"Polygon","coordinates":[[[-105.447338,28.225319],[-105.447328,28.224601],[-105.447323,28.22405],[-105.447304,28.222973],[-105.447286,28.222308],[-105.449288,28.22223],[-105.449267,28.223183],[-105.449257,28.225309],[-105.447338,28.225319]]]}},{"type":"Feature","properties":{"modulo":4,"idparcela":"2205","productor":"LEVARIO ORTEGA EULALIO","cultivo":"Cacahuate","superficie_fisica_ha":7.48,"superficie_riego_ha":5,"hectareas":4.015},"geometry":{"type":"Polygon","coordinates":[[[-105.449257,28.225309],[-105.449267,28.223183],[-105.449288,28.22223],[-105.449748,28.222311],[-105.450175,28.222431],[-105.450443,28.22256],[-105.450487,28.223439],[-105.450639,28.225292],[-105.449257,28.225309]]]}},{"type":"Feature","properties":{"modulo":4,"idparcela":"2200","productor":"GAMBOA GARCIA BALTAZAR","cultivo":"Cacahuate","superficie_fisica_ha":2.325,"superficie_riego_ha":2.325,"hectareas":0.707},"geometry":{"type":"Polygon","coordinates":[[[-105.452605,28.225268],[-105.452561,28.22435],[-105.452536,28.223799],[-105.452801,28.224117],[-105.453102,28.224645],[-105.45327,28.224974],[-105.453335,28.225272],[-105.452605,28.225268]]]}},{"type":"Feature","properties":{"modulo":4,"idparcela":"2204","productor":"DELGADO BARRON LIBRADO","cultivo":"Sin Cultivo","superficie_fisica_ha":3.475,"superficie_riego_ha":3.475,"hectareas":4.66},"geometry":{"type":"Polygon","coordinates":[[[-105.450639,28.225292],[-105.450487,28.223439],[-105.450443,28.22256],[-105.452282,28.223559],[-105.452536,28.223799],[-105.452561,28.22435],[-105.452605,28.225268],[-105.450639,28.225292]]]}},{"type":"Feature","properties":{"modulo":4,"idparcela":"2208","productor":"JURADO MORENO EFRAIN","cultivo":"Cacahuate","superficie_fisica_ha":6.25,"superficie_riego_ha":4.65,"hectareas":2.833},"geometry":{"type":"Polygon","coordinates":[[[-105.445082,28.223876],[-105.445086,28.223537],[-105.445083,28.223272],[-105.447286,28.222308],[-105.447304,28.222973],[-105.447323,28.22405],[-105.445082,28.223876]]]}},{"type":"Feature","properties":{"modulo":4,"idparcela":"2237","productor":"LEVARIO LARA GREGORIO","cultivo":"Cacahuate","superficie_fisica_ha":5.975,"superficie_riego_ha":5.975,"hectareas":3.319},"geometry":{"type":"Polygon","coordinates":[[[-105.445059,28.225331],[-105.445099,28.224019],[-105.445082,28.223876],[-105.447323,28.22405],[-105.447328,28.224601],[-105.447338,28.225319],[-105.445059,28.225331]]]}},{"type":"Feature","properties":{"modulo":4,"idparcela":"2187","productor":"RAUL BOTELLO TORRES","cultivo":"Alfalfa","superficie_fisica_ha":2.0071,"superficie_riego_ha":2.0071,"hectareas":1.993},"geometry":{"type":"Polygon","coordinates":[[[-105.443298,28.213922],[-105.443204,28.213572],[-105.443106,28.21306],[-105.443033,28.212622],[-105.445097,28.212597],[-105.445213,28.213042],[-105.443298,28.213922]]]}},{"type":"Feature","properties":{"modulo":4,"idparcela":"2244","productor":"REYES NU¥EZ MANUEL ARTURO","cultivo":"Chile verde","superficie_fisica_ha":5.48,"superficie_riego_ha":5.125,"hectareas":4.757},"geometry":{"type":"Polygon","coordinates":[[[-105.444245,28.215931],[-105.443684,28.214671],[-105.443298,28.213922],[-105.445213,28.213042],[-105.445432,28.213788],[-105.445595,28.214455],[-105.44579,28.215482],[-105.444245,28.215931]]]}},{"type":"Feature","properties":{"modulo":4,"idparcela":"2247","productor":"DELGADO BARRON LIBRADO","cultivo":"Cacahuate","superficie_fisica_ha":4.6,"superficie_riego_ha":4.6,"hectareas":4.045},"geometry":{"type":"Polygon","coordinates":[[[-105.443033,28.212622],[-105.443106,28.21306],[-105.443204,28.213572],[-105.443298,28.213922],[-105.441153,28.214793],[-105.441017,28.213456],[-105.440965,28.212646],[-105.443033,28.212622]]]}},{"type":"Feature","properties":{"modulo":4,"idparcela":"2173","productor":"HERNANDEZ ROMERO BENITO","cultivo":"Chile verde","superficie_fisica_ha":6.8923,"superficie_riego_ha":6.7,"hectareas":6.783},"geometry":{"type":"Polygon","coordinates":[[[-105.440965,28.212646],[-105.441017,28.213456],[-105.441153,28.214793],[-105.438591,28.216003],[-105.43823,28.213727],[-105.440494,28.21275],[-105.440965,28.212646]]]}},{"type":"Feature","properties":{"modulo":4,"idparcela":"2245","productor":"DELGADO BARRON LIBRADO","cultivo":"Cacahuate","superficie_fisica_ha":5,"superficie_riego_ha":5,"hectareas":4.938},"geometry":{"type":"Polygon","coordinates":[[[-105.443298,28.213922],[-105.443684,28.214671],[-105.444245,28.215931],[-105.443433,28.216199],[-105.442349,28.216529],[-105.442162,28.216239],[-105.441826,28.215705],[-105.441389,28.215051],[-105.441153,28.214793],[-105.443298,28.213922]]]}},{"type":"Feature","properties":{"modulo":4,"idparcela":"2246","productor":"MACIAS VASQUEZ LUZ","cultivo":"Alfalfa","superficie_fisica_ha":4.399,"superficie_riego_ha":3.9,"hectareas":4.779},"geometry":{"type":"Polygon","coordinates":[[[-105.441153,28.214793],[-105.441389,28.215051],[-105.441826,28.215705],[-105.442162,28.216239],[-105.442349,28.216529],[-105.441408,28.216815],[-105.441263,28.216767],[-105.439962,28.216229],[-105.439553,28.216325],[-105.439244,28.216493],[-105.438969,28.216921],[-105.438945,28.21706],[-105.439012,28.217313],[-105.439021,28.217452],[-105.439037,28.217633],[-105.438833,28.217529],[-105.438605,28.217461],[-105.438605,28.216761],[-105.438591,28.216003],[-105.441153,28.214793]]]}},{"type":"Feature","properties":{"modulo":4,"idparcela":"2242","productor":"SOLIS CAZARES PABLO","cultivo":"Cacahuate","superficie_fisica_ha":5.05,"superficie_riego_ha":5.05,"hectareas":5.768},"geometry":{"type":"Polygon","coordinates":[[[-105.447346,28.21869],[-105.447136,28.218683],[-105.44653,28.218544],[-105.445874,28.218305],[-105.445458,28.218102],[-105.445142,28.217953],[-105.444886,28.217907],[-105.444411,28.217839],[-105.443451,28.21628],[-105.443433,28.216199],[-105.444245,28.215931],[-105.44579,28.215482],[-105.445797,28.215521],[-105.445804,28.215563],[-105.445915,28.217239],[-105.446165,28.21763],[-105.446629,28.218005],[-105.447134,28.218323],[-105.447403,28.218456],[-105.447608,28.218528],[-105.44786,28.218597],[-105.447734,28.218602],[-105.447346,28.21869]]]}},{"type":"Feature","properties":{"modulo":4,"idparcela":"2243","productor":"CASTRO LEVARIO MA. DEL SOCORRO","cultivo":"Chile verde","superficie_fisica_ha":2.7277,"superficie_riego_ha":2.525,"hectareas":2.828},"geometry":{"type":"Polygon","coordinates":[[[-105.444411,28.217839],[-105.444269,28.217847],[-105.443668,28.217879],[-105.443124,28.217954],[-105.44298,28.218017],[-105.442721,28.217594],[-105.442601,28.217428],[-105.4425,28.217318],[-105.441746,28.216966],[-105.441408,28.216815],[-105.442349,28.216529],[-105.443433,28.216199],[-105.443451,28.21628],[-105.444411,28.217839]]]}},{"type":"Feature","properties":{"modulo":4,"idparcela":"2241","productor":"GAMBOA SERNA FRANCISCO","cultivo":"Cacahuate","superficie_fisica_ha":4,"superficie_riego_ha":4,"hectareas":3.961},"geometry":{"type":"Polygon","coordinates":[[[-105.439037,28.217633],[-105.439021,28.217452],[-105.439012,28.217313],[-105.438945,28.21706],[-105.438969,28.216921],[-105.439244,28.216493],[-105.439553,28.216325],[-105.439962,28.216229],[-105.441263,28.216767],[-105.441408,28.216815],[-105.441746,28.216966],[-105.4425,28.217318],[-105.442601,28.217428],[-105.442721,28.217594],[-105.44298,28.218017],[-105.442947,28.21809],[-105.44234,28.218879],[-105.441375,28.217911],[-105.441237,28.217723],[-105.441121,28.217573],[-105.441041,28.21747],[-105.440917,28.217351],[-105.44072,28.2172],[-105.440593,28.217073],[-105.440483,28.216922],[-105.440314,28.216835],[-105.439973,28.216847],[-105.439729,28.217024],[-105.439438,28.21728],[-105.439179,28.217491],[-105.439037,28.217633]]]}},{"type":"Feature","properties":{"modulo":4,"idparcela":"2240","productor":"HERNANDEZ ROMERO MARIA DOLORES","cultivo":"Alfalfa","superficie_fisica_ha":6.225,"superficie_riego_ha":6.225,"hectareas":4.467},"geometry":{"type":"Polygon","coordinates":[[[-105.4391,28.218643],[-105.439033,28.217632],[-105.439037,28.217633],[-105.439179,28.217491],[-105.439438,28.21728],[-105.439729,28.217024],[-105.439973,28.216847],[-105.440314,28.216835],[-105.440483,28.216922],[-105.440593,28.217073],[-105.44072,28.2172],[-105.440917,28.217351],[-105.441041,28.21747],[-105.441121,28.217573],[-105.441237,28.217723],[-105.441375,28.217911],[-105.44234,28.218879],[-105.442442,28.219009],[-105.442591,28.21919],[-105.442224,28.219285],[-105.441906,28.21946],[-105.441676,28.219684],[-105.441554,28.219856],[-105.441363,28.219185],[-105.441255,28.218835],[-105.440273,28.218091],[-105.439613,28.218656],[-105.4391,28.218643]]]}},{"type":"Feature","properties":{"modulo":4,"idparcela":"2205","productor":"LEVARIO ORTEGA EULALIO","cultivo":"Cacahuate","superficie_fisica_ha":7.48,"superficie_riego_ha":5,"hectareas":1.082},"geometry":{"type":"Polygon","coordinates":[[[-105.449354,28.22126],[-105.449637,28.221392],[-105.449872,28.221517],[-105.449987,28.221573],[-105.450083,28.221638],[-105.450339,28.221765],[-105.450425,28.221852],[-105.450518,28.221965],[-105.450506,28.222089],[-105.45044,28.222231],[-105.450334,28.222362],[-105.450108,28.222287],[-105.449788,28.222219],[-105.449133,28.222114],[-105.449108,28.221182],[-105.449354,28.22126]]]}},{"type":"Feature","properties":{"modulo":4,"idparcela":"2207","productor":"SOLIS DOMINGUEZ ERNESTO","cultivo":"Cacahuate","superficie_fisica_ha":5.55,"superficie_riego_ha":5.45,"hectareas":5.501},"geometry":{"type":"Polygon","coordinates":[[[-105.448145,28.218748],[-105.448144,28.218836],[-105.44815,28.218924],[-105.448049,28.219551],[-105.448057,28.219644],[-105.448073,28.219695],[-105.448124,28.219749],[-105.448234,28.219842],[-105.449095,28.22047],[-105.449098,28.220777],[-105.449133,28.222114],[-105.447248,28.222184],[-105.447209,28.220758],[-105.447236,28.219904],[-105.447265,28.219094],[-105.447346,28.21869],[-105.447734,28.218602],[-105.44786,28.218597],[-105.447965,28.218608],[-105.448088,28.218674],[-105.448145,28.218748]]]}},{"type":"Feature","properties":{"modulo":4,"idparcela":"2292","productor":"GARCIA ELIZALDE ERNESTO","cultivo":"Nogal (Nuez)","superficie_fisica_ha":11.05,"superficie_riego_ha":11.05,"hectareas":3.968},"geometry":{"type":"Polygon","coordinates":[[[-105.445058,28.223067],[-105.445053,28.222207],[-105.445055,28.221647],[-105.445047,28.221355],[-105.44533,28.221278],[-105.445622,28.221201],[-105.445947,28.221029],[-105.446261,28.221058],[-105.446447,28.221029],[-105.446646,28.220923],[-105.446792,28.22076],[-105.44688,28.220536],[-105.446926,28.220108],[-105.44706,28.220009],[-105.447236,28.219904],[-105.447209,28.220758],[-105.447248,28.222184],[-105.447048,28.222233],[-105.44645,28.222466],[-105.445058,28.223067]]]}},{"type":"Feature","properties":{"modulo":4,"idparcela":"2209","productor":"REYES NU¥EZ MANUEL ARTURO","cultivo":"Chile verde","superficie_fisica_ha":4.375,"superficie_riego_ha":4.375,"hectareas":7.284},"geometry":{"type":"Polygon","coordinates":[[[-105.44298,28.218017],[-105.443124,28.217954],[-105.443668,28.217879],[-105.444269,28.217847],[-105.444411,28.217839],[-105.444886,28.217907],[-105.445142,28.217953],[-105.445458,28.218102],[-105.445874,28.218305],[-105.44653,28.218544],[-105.447136,28.218683],[-105.447346,28.21869],[-105.447265,28.219094],[-105.447236,28.219904],[-105.44706,28.220009],[-105.446926,28.220108],[-105.44688,28.220536],[-105.446792,28.22076],[-105.446646,28.220923],[-105.446447,28.221029],[-105.446261,28.221058],[-105.445947,28.221029],[-105.445765,28.220256],[-105.445636,28.219776],[-105.445203,28.21991],[-105.443259,28.218328],[-105.442947,28.21809],[-105.44298,28.218017]]]}},{"type":"Feature","properties":{"modulo":4,"idparcela":"2238","productor":"GAMBOA CHACON JOSE FRANCISCO","cultivo":"Cacahuate","superficie_fisica_ha":5.7,"superficie_riego_ha":5.7,"hectareas":3.525},"geometry":{"type":"Polygon","coordinates":[[[-105.442947,28.21809],[-105.443259,28.218328],[-105.445203,28.21991],[-105.44517,28.219946],[-105.444738,28.220257],[-105.444383,28.220397],[-105.443752,28.220361],[-105.443441,28.220262],[-105.443192,28.220009],[-105.44289,28.219654],[-105.442591,28.21919],[-105.442442,28.219009],[-105.44234,28.218879],[-105.442947,28.21809]]]}},{"type":"Feature","properties":{"modulo":4,"idparcela":"2236","productor":"JIMENEZ LICON JUAN ANTONIO","cultivo":"Ajo","superficie_fisica_ha":8.4163,"superficie_riego_ha":7.2331,"hectareas":8.489},"geometry":{"type":"Polygon","coordinates":[[[-105.441537,28.222621],[-105.439636,28.223087],[-105.438712,28.223],[-105.438642,28.219291],[-105.441474,28.220971],[-105.441505,28.221746],[-105.441537,28.222621]]]}},{"type":"Feature","properties":{"modulo":4,"idparcela":"2233","productor":"GABRIEL LEVARIO ESPARZA","cultivo":"Cacahuate","superficie_fisica_ha":4,"superficie_riego_ha":4,"hectareas":4.581},"geometry":{"type":"Polygon","coordinates":[[[-105.438712,28.223],[-105.439636,28.223087],[-105.441537,28.222621],[-105.441544,28.223197],[-105.441598,28.224123],[-105.441552,28.224124],[-105.440654,28.224186],[-105.438543,28.22483],[-105.438696,28.224227],[-105.438713,28.223081],[-105.438712,28.223]]]}},{"type":"Feature","properties":{"modulo":4,"idparcela":"2201","productor":"GAMBOA CHACON JOSE FRANCISCO","cultivo":"Cacahuate","superficie_fisica_ha":4.725,"superficie_riego_ha":4.725,"hectareas":5.039},"geometry":{"type":"Polygon","coordinates":[[[-105.443515,28.222973],[-105.443509,28.222768],[-105.443454,28.22071],[-105.443441,28.220262],[-105.443752,28.220361],[-105.444383,28.220397],[-105.444738,28.220257],[-105.44517,28.219946],[-105.445203,28.21991],[-105.445636,28.219776],[-105.445765,28.220256],[-105.445947,28.221029],[-105.445622,28.221201],[-105.44533,28.221278],[-105.445047,28.221355],[-105.445055,28.221647],[-105.445053,28.222207],[-105.444545,28.222226],[-105.4444,28.222462],[-105.444284,28.22265],[-105.444099,28.222819],[-105.443906,28.222941],[-105.443658,28.223005],[-105.443515,28.222973]]]}},{"type":"Feature","properties":{"modulo":4,"idparcela":"2235","productor":"SOLANO SANCHEZ CARLOS","cultivo":"Cacahuate","superficie_fisica_ha":6.95,"superficie_riego_ha":4.475,"hectareas":1.445},"geometry":{"type":"Polygon","coordinates":[[[-105.443515,28.222973],[-105.443658,28.223005],[-105.443906,28.222941],[-105.444099,28.222819],[-105.444284,28.22265],[-105.4444,28.222462],[-105.444545,28.222226],[-105.445053,28.222207],[-105.445058,28.223067],[-105.444457,28.223306],[-105.44369,28.223788],[-105.443492,28.223936],[-105.443477,28.223227],[-105.443515,28.222973]]]}},{"type":"Feature","properties":{"modulo":4,"idparcela":"2239","productor":"ORTEGA ESPINO RAFAEL","cultivo":"Cacahuate","superficie_fisica_ha":3.325,"superficie_riego_ha":3.325,"hectareas":4.519},"geometry":{"type":"Polygon","coordinates":[[[-105.441554,28.219856],[-105.441676,28.219684],[-105.441906,28.21946],[-105.442224,28.219285],[-105.442591,28.21919],[-105.44289,28.219654],[-105.443192,28.220009],[-105.443441,28.220262],[-105.443454,28.22071],[-105.443509,28.222768],[-105.441938,28.221288],[-105.441801,28.22118],[-105.441613,28.22013],[-105.441554,28.219856]]]}},{"type":"Feature","properties":{"modulo":4,"idparcela":"2189","productor":"LOPEZ SOLIS ROBERTO","cultivo":"Alfalfa","superficie_fisica_ha":4.4,"superficie_riego_ha":4.2369,"hectareas":5.09},"geometry":{"type":"Polygon","coordinates":[[[-105.438638,28.218631],[-105.439613,28.218656],[-105.440273,28.218091],[-105.441255,28.218835],[-105.441363,28.219185],[-105.441554,28.219856],[-105.441613,28.22013],[-105.441801,28.22118],[-105.441474,28.220971],[-105.438642,28.219291],[-105.438638,28.218631]]]}},{"type":"Feature","properties":{"modulo":4,"idparcela":"2234","productor":"SOLIS MORALES ANTONIO","cultivo":"Cacahuate","superficie_fisica_ha":4.825,"superficie_riego_ha":4.825,"hectareas":3.797},"geometry":{"type":"Polygon","coordinates":[[[-105.441598,28.224123],[-105.441544,28.223197],[-105.441537,28.222621],[-105.441505,28.221746],[-105.441474,28.220971],[-105.441661,28.221217],[-105.441906,28.221598],[-105.44236,28.222257],[-105.442501,28.222506],[-105.442793,28.222753],[-105.443015,28.222911],[-105.443286,28.222995],[-105.443504,28.223049],[-105.443483,28.223496],[-105.443492,28.223936],[-105.443235,28.224093],[-105.441598,28.224123]]]}},{"type":"Feature","properties":{"modulo":4,"idparcela":"2009","productor":"DELGADO BARRON LIBRADO","cultivo":"Cacahuate","superficie_fisica_ha":6.4,"superficie_riego_ha":6.04,"hectareas":5.165},"geometry":{"type":"Polygon","coordinates":[[[-105.458486,28.225439],[-105.457435,28.225203],[-105.45679,28.226038],[-105.45591,28.225391],[-105.455754,28.225377],[-105.455624,28.223441],[-105.456318,28.223464],[-105.457388,28.223825],[-105.458042,28.223892],[-105.458486,28.225439]]]}},{"type":"Feature","properties":{"modulo":4,"idparcela":"2196","productor":"GAMBOA GARCIA BALTAZAR","cultivo":"Cacahuate","superficie_fisica_ha":7.81,"superficie_riego_ha":7.81,"hectareas":1.662},"geometry":{"type":"Polygon","coordinates":[[[-105.45679,28.226038],[-105.457435,28.225203],[-105.458486,28.225439],[-105.458549,28.225639],[-105.458688,28.226199],[-105.457332,28.226411],[-105.45679,28.226038]]]}},{"type":"Feature","properties":{"modulo":4,"idparcela":"2175","productor":"CHACON GAMBOA MARCOS","cultivo":"Sin Cultivo","superficie_fisica_ha":4.525,"superficie_riego_ha":4.525,"hectareas":4.785},"geometry":{"type":"Polygon","coordinates":[[[-105.455643,28.225368],[-105.453496,28.22531],[-105.453413,28.224898],[-105.453298,28.224554],[-105.452558,28.223534],[-105.454581,28.223501],[-105.454648,28.22358],[-105.455543,28.223583],[-105.455643,28.225368]]]}},{"type":"Feature","properties":{"modulo":4,"idparcela":"2007","productor":"RODRIGUEZ REY RODRIGO","cultivo":"Sin Cultivo","superficie_fisica_ha":2,"superficie_riego_ha":2,"hectareas":1.175},"geometry":{"type":"Polygon","coordinates":[[[-105.453113,28.222435],[-105.452217,28.222397],[-105.451697,28.22235],[-105.45125,28.222187],[-105.451011,28.222123],[-105.450595,28.221889],[-105.450572,28.221761],[-105.450587,28.221589],[-105.450701,28.221542],[-105.450839,28.221509],[-105.450994,28.221504],[-105.451113,28.221524],[-105.451242,28.221596],[-105.451381,28.221653],[-105.451629,28.221734],[-105.451876,28.221822],[-105.45199,28.221891],[-105.45211,28.221993],[-105.452241,28.222073],[-105.452344,28.2221],[-105.452651,28.222112],[-105.45279,28.222146],[-105.452957,28.222277],[-105.453113,28.222435]]]}},{"type":"Feature","properties":{"modulo":4,"idparcela":"2202","productor":"SOLIS DOMINGUEZ ERNESTO","cultivo":"Sin Cultivo","superficie_fisica_ha":3.96,"superficie_riego_ha":3.96,"hectareas":3.294},"geometry":{"type":"Polygon","coordinates":[[[-105.450595,28.221889],[-105.451011,28.222123],[-105.45125,28.222187],[-105.451697,28.22235],[-105.452217,28.222397],[-105.453113,28.222435],[-105.453336,28.222562],[-105.453527,28.222639],[-105.453716,28.222698],[-105.45388,28.222769],[-105.454013,28.222887],[-105.454083,28.223052],[-105.454328,28.223259],[-105.454581,28.223501],[-105.452558,28.223534],[-105.452414,28.223435],[-105.450425,28.222386],[-105.450478,28.222314],[-105.450535,28.222238],[-105.450587,28.222114],[-105.450603,28.221972],[-105.450595,28.221889]]]}},{"type":"Feature","properties":{"modulo":4,"idparcela":"2192","productor":"RIOS LICON ANGELA","cultivo":"Sin Cultivo","superficie_fisica_ha":7.5,"superficie_riego_ha":7.5,"hectareas":11.792},"geometry":{"type":"Polygon","coordinates":[[[-105.450495,28.221485],[-105.450271,28.221318],[-105.449605,28.220821],[-105.449095,28.22047],[-105.448234,28.219842],[-105.448124,28.219749],[-105.448073,28.219695],[-105.448057,28.219644],[-105.448049,28.219551],[-105.44815,28.218924],[-105.448144,28.218836],[-105.448145,28.218748],[-105.448251,28.21871],[-105.448343,28.218715],[-105.448574,28.218814],[-105.448827,28.2189],[-105.449114,28.218904],[-105.44937,28.218846],[-105.449485,28.218863],[-105.449579,28.218933],[-105.449694,28.219087],[-105.449793,28.219241],[-105.449916,28.219346],[-105.4501,28.219378],[-105.450247,28.21941],[-105.450504,28.219409],[-105.450647,28.219334],[-105.450797,28.219213],[-105.450887,28.219117],[-105.450987,28.218988],[-105.451043,28.218876],[-105.45108,28.218767],[-105.45107,28.218653],[-105.451022,28.218514],[-105.451054,28.218455],[-105.451155,28.21839],[-105.451269,28.218372],[-105.451803,28.218379],[-105.451943,28.21865],[-105.452301,28.219254],[-105.452835,28.219966],[-105.45315,28.220018],[-105.453591,28.220135],[-105.453616,28.22029],[-105.453662,28.220431],[-105.453693,28.22053],[-105.453738,28.220653],[-105.453797,28.220757],[-105.45385,28.220905],[-105.453923,28.221257],[-105.453955,28.221424],[-105.45306,28.221533],[-105.452699,28.221469],[-105.452474,28.221275],[-105.452217,28.221197],[-105.451809,28.221357],[-105.451562,28.221509],[-105.45132,28.221488],[-105.451161,28.221462],[-105.451011,28.221425],[-105.450891,28.221415],[-105.450722,28.221427],[-105.450495,28.221485]]]}},{"type":"Feature","properties":{"modulo":4,"idparcela":"2188","productor":"ORNELAS REAZA OCTAVIO","cultivo":"Sin Cultivo","superficie_fisica_ha":3.91,"superficie_riego_ha":3.91,"hectareas":5.308},"geometry":{"type":"Polygon","coordinates":[[[-105.453923,28.221257],[-105.45385,28.220905],[-105.453797,28.220757],[-105.453738,28.220653],[-105.453693,28.22053],[-105.453662,28.220431],[-105.453616,28.22029],[-105.453591,28.220135],[-105.45315,28.220018],[-105.452835,28.219966],[-105.452301,28.219254],[-105.451943,28.21865],[-105.451803,28.218379],[-105.452269,28.218365],[-105.454309,28.218322],[-105.454446,28.219084],[-105.454786,28.221404],[-105.453946,28.221379],[-105.453923,28.221257]]]}},{"type":"Feature","properties":{"modulo":4,"idparcela":"2194","productor":"RODRIGUEZ CASTILLO LEONOR","cultivo":"Sin Cultivo","superficie_fisica_ha":3.9,"superficie_riego_ha":3.9,"hectareas":3.081},"geometry":{"type":"Polygon","coordinates":[[[-105.451562,28.221509],[-105.451809,28.221357],[-105.452217,28.221197],[-105.452474,28.221275],[-105.452699,28.221469],[-105.45306,28.221533],[-105.453955,28.221424],[-105.454747,28.221461],[-105.454754,28.221501],[-105.455056,28.223264],[-105.454858,28.223237],[-105.454724,28.2232],[-105.454411,28.223006],[-105.454177,28.222755],[-105.453899,28.222563],[-105.453612,28.222422],[-105.453389,28.222268],[-105.45321,28.222133],[-105.452987,28.221987],[-105.452772,28.221922],[-105.452509,28.221882],[-105.452348,28.221885],[-105.452115,28.221735],[-105.451835,28.221584],[-105.451562,28.221509]]]}},{"type":"Feature","properties":{"modulo":4,"idparcela":"2185","productor":"REYES CISNEROS NICOLAS","cultivo":"Sin Cultivo","superficie_fisica_ha":2.3,"superficie_riego_ha":2.3,"hectareas":7.449},"geometry":{"type":"Polygon","coordinates":[[[-105.454309,28.218322],[-105.454289,28.218197],[-105.45427,28.218084],[-105.455219,28.21807],[-105.456134,28.21805],[-105.457228,28.221273],[-105.45701,28.221234],[-105.456778,28.221196],[-105.456512,28.221195],[-105.456304,28.221274],[-105.456018,28.221318],[-105.455843,28.221309],[-105.455189,28.221082],[-105.455148,28.221398],[-105.454786,28.221404],[-105.454446,28.219084],[-105.454309,28.218322]]]}},{"type":"Feature","properties":{"modulo":4,"idparcela":"2191","productor":"PARGAS ZU¥IGA MIGUEL","cultivo":"Sin Cultivo","superficie_fisica_ha":3.45,"superficie_riego_ha":3.45,"hectareas":3.668},"geometry":{"type":"Polygon","coordinates":[[[-105.451525,28.216798],[-105.451849,28.217019],[-105.452651,28.217338],[-105.453132,28.217375],[-105.454174,28.217349],[-105.45427,28.218084],[-105.454289,28.218197],[-105.454309,28.218322],[-105.452269,28.218365],[-105.451803,28.218379],[-105.451269,28.218372],[-105.451298,28.218241],[-105.451287,28.21811],[-105.451243,28.217926],[-105.451351,28.217877],[-105.451448,28.21781],[-105.451516,28.217714],[-105.451534,28.217579],[-105.451386,28.217434],[-105.451212,28.217219],[-105.451107,28.217104],[-105.451103,28.216982],[-105.451075,28.216818],[-105.450994,28.216718],[-105.451071,28.216669],[-105.45121,28.216703],[-105.451525,28.216798]]]}},{"type":"Feature","properties":{"modulo":4,"idparcela":"2010","productor":"HERNANDEZ JIMENEZ JESUS","cultivo":"Sin Cultivo","superficie_fisica_ha":5,"superficie_riego_ha":5,"hectareas":5.267},"geometry":{"type":"Polygon","coordinates":[[[-105.454174,28.217349],[-105.453132,28.217375],[-105.452651,28.217338],[-105.451849,28.217019],[-105.451525,28.216798],[-105.451888,28.216896],[-105.45214,28.21688],[-105.452318,28.216797],[-105.452435,28.216688],[-105.452574,28.216514],[-105.452683,28.216315],[-105.452685,28.216177],[-105.452574,28.216068],[-105.452434,28.215991],[-105.452301,28.215951],[-105.452024,28.215946],[-105.451917,28.215959],[-105.451855,28.215913],[-105.451822,28.215802],[-105.451748,28.215739],[-105.451566,28.215653],[-105.451354,28.215593],[-105.451246,28.215596],[-105.451106,28.215524],[-105.451114,28.215396],[-105.451184,28.215299],[-105.451507,28.215244],[-105.451707,28.215091],[-105.451998,28.215181],[-105.452285,28.215148],[-105.452553,28.215068],[-105.452713,28.214985],[-105.452795,28.214892],[-105.452815,28.214748],[-105.452822,28.214588],[-105.45364,28.214406],[-105.453676,28.214602],[-105.453697,28.214813],[-105.45357,28.215253],[-105.453523,28.215382],[-105.453645,28.21548],[-105.453759,28.215544],[-105.453977,28.215707],[-105.454157,28.217175],[-105.454174,28.217349]]]}},{"type":"Feature","properties":{"modulo":4,"idparcela":"2182","productor":"JIMENEZ DOMINGUEZ MAURO","cultivo":"Alfalfa","superficie_fisica_ha":8.275,"superficie_riego_ha":8.275,"hectareas":1.818},"geometry":{"type":"Polygon","coordinates":[[[-105.455219,28.21807],[-105.454949,28.217781],[-105.454795,28.217603],[-105.454712,28.217494],[-105.454367,28.217356],[-105.454273,28.216856],[-105.455832,28.216819],[-105.456128,28.217845],[-105.456134,28.21805],[-105.455219,28.21807]]]}},{"type":"Feature","properties":{"modulo":4,"idparcela":"2179","productor":"JIMENEZ DOMINGUEZ FRANCISCO","cultivo":"Sin Cultivo","superficie_fisica_ha":5.15,"superficie_riego_ha":5.15,"hectareas":5.875},"geometry":{"type":"Polygon","coordinates":[[[-105.454273,28.216856],[-105.454215,28.21661],[-105.454181,28.21634],[-105.454145,28.216044],[-105.454053,28.215576],[-105.453928,28.215487],[-105.453687,28.21534],[-105.453672,28.21527],[-105.453717,28.215106],[-105.453807,28.214797],[-105.453806,28.214585],[-105.453768,28.214179],[-105.453552,28.213549],[-105.453103,28.213336],[-105.454657,28.212898],[-105.455832,28.216819],[-105.454273,28.216856]]]}},{"type":"Feature","properties":{"modulo":4,"idparcela":"2176","productor":"CHAVEZ LERMA JORGE ALBERTO","cultivo":"Sin Cultivo","superficie_fisica_ha":5.2108,"superficie_riego_ha":3.55,"hectareas":2.453},"geometry":{"type":"Polygon","coordinates":[[[-105.453103,28.213336],[-105.453007,28.213351],[-105.452891,28.213367],[-105.452799,28.213376],[-105.452683,28.213358],[-105.452591,28.213301],[-105.452507,28.213212],[-105.45247,28.213122],[-105.45246,28.213029],[-105.452453,28.212949],[-105.452413,28.212871],[-105.452263,28.21268],[-105.45231,28.212651],[-105.454277,28.211696],[-105.454657,28.212898],[-105.453103,28.213336]]]}},{"type":"Feature","properties":{"modulo":4,"idparcela":"************","productor":null,"cultivo":"Sin Cultivo","superficie_fisica_ha":null,"superficie_riego_ha":null,"hectareas":6.336},"geometry":{"type":"Polygon","coordinates":[[[-105.45231,28.212651],[-105.452292,28.212493],[-105.452274,28.212444],[-105.452214,28.212338],[-105.452162,28.212184],[-105.45213,28.212066],[-105.452079,28.211917],[-105.45204,28.211839],[-105.45197,28.211783],[-105.451812,28.211717],[-105.45165,28.211682],[-105.451531,28.211636],[-105.451453,28.211583],[-105.451426,28.211547],[-105.451439,28.211502],[-105.451474,28.211471],[-105.451548,28.21146],[-105.45161,28.211424],[-105.451649,28.211359],[-105.451684,28.211262],[-105.451689,28.211165],[-105.451657,28.211],[-105.451597,28.210797],[-105.451536,28.21054],[-105.451501,28.210259],[-105.453599,28.20927],[-105.454277,28.211696],[-105.45231,28.212651]]]}},{"type":"Feature","properties":{"modulo":4,"idparcela":"2169","productor":"ONTIVEROS RODRIGUEZ JESUS","cultivo":"Sin Cultivo","superficie_fisica_ha":10,"superficie_riego_ha":10,"hectareas":3.904},"geometry":{"type":"Polygon","coordinates":[[[-105.451501,28.210259],[-105.451487,28.210121],[-105.451231,28.208658],[-105.451287,28.208636],[-105.453454,28.207744],[-105.453502,28.207725],[-105.453599,28.20927],[-105.451501,28.210259]]]}},{"type":"Feature","properties":{"modulo":4,"idparcela":"2168","productor":"GAMBOA HERNANDEZ BALDOMERO","cultivo":"Sin Cultivo","superficie_fisica_ha":8.2,"superficie_riego_ha":8.2,"hectareas":2.649},"geometry":{"type":"Polygon","coordinates":[[[-105.451287,28.208636],[-105.451262,28.208575],[-105.451091,28.20784],[-105.450828,28.207602],[-105.451719,28.207162],[-105.451994,28.207063],[-105.452306,28.20703],[-105.452544,28.207029],[-105.452741,28.207042],[-105.453004,28.207157],[-105.453225,28.207303],[-105.453372,28.207433],[-105.453464,28.207562],[-105.453465,28.207644],[-105.453454,28.207744],[-105.451287,28.208636]]]}},{"type":"Feature","properties":{"modulo":4,"idparcela":"2156","productor":"BERNAL MU¥OZ JOSEFINA","cultivo":"Algod½n","superficie_fisica_ha":2,"superficie_riego_ha":2,"hectareas":19.286},"geometry":{"type":"Polygon","coordinates":[[[-105.433057,28.215843],[-105.435211,28.214894],[-105.437645,28.213863],[-105.437896,28.214202],[-105.438064,28.214635],[-105.438134,28.215001],[-105.438214,28.215703],[-105.438283,28.218239],[-105.433155,28.218272],[-105.433057,28.215843]]]}},{"type":"Feature","properties":{"modulo":4,"idparcela":"2127","productor":"BEJARANO GARCIA ROGELIO","cultivo":"Sin Cultivo","superficie_fisica_ha":13.2,"superficie_riego_ha":13.2,"hectareas":5.087},"geometry":{"type":"Polygon","coordinates":[[[-105.424881,28.249827],[-105.429486,28.249763],[-105.429477,28.249914],[-105.429386,28.250336],[-105.429245,28.250576],[-105.428999,28.250771],[-105.428624,28.25096],[-105.428173,28.251058],[-105.427825,28.251124],[-105.427544,28.251176],[-105.427326,28.251211],[-105.427098,28.251236],[-105.426746,28.251075],[-105.426081,28.250786],[-105.425588,28.250545],[-105.425335,28.250304],[-105.424881,28.249827]]]}},{"type":"Feature","properties":{"modulo":4,"idparcela":"2130","productor":"CASTILLO JAQUEZ ROSALIO","cultivo":"Chile verde","superficie_fisica_ha":9.9,"superficie_riego_ha":9.9,"hectareas":7.749},"geometry":{"type":"Polygon","coordinates":[[[-105.423496,28.248495],[-105.42475,28.248469],[-105.429395,28.248408],[-105.429455,28.249142],[-105.429486,28.249763],[-105.424881,28.249827],[-105.42449,28.249469],[-105.423496,28.248495]]]}},{"type":"Feature","properties":{"modulo":4,"idparcela":"1944","productor":"BEJARANO GARCIA ROGELIO","cultivo":"Sin Cultivo","superficie_fisica_ha":10.7,"superficie_riego_ha":10.5,"hectareas":10.408},"geometry":{"type":"Polygon","coordinates":[[[-105.429395,28.248408],[-105.42475,28.248469],[-105.423496,28.248495],[-105.423412,28.248374],[-105.423297,28.248224],[-105.423022,28.247873],[-105.422882,28.247621],[-105.422602,28.247008],[-105.429381,28.246894],[-105.429395,28.248408]]]}},{"type":"Feature","properties":{"modulo":4,"idparcela":"2108","productor":"BEJARANO GARCIA ROGELIO","cultivo":"Sin Cultivo","superficie_fisica_ha":12.98,"superficie_riego_ha":11.52,"hectareas":11.845},"geometry":{"type":"Polygon","coordinates":[[[-105.422602,28.247008],[-105.422239,28.246247],[-105.421862,28.245417],[-105.426208,28.245424],[-105.429386,28.245442],[-105.429381,28.246894],[-105.422602,28.247008]]]}},{"type":"Feature","properties":{"modulo":4,"idparcela":"1943","productor":"ORTIZ SOLIS ROBERTO","cultivo":"Chile verde","superficie_fisica_ha":9.7,"superficie_riego_ha":9.7,"hectareas":6.04},"geometry":{"type":"Polygon","coordinates":[[[-105.433067,28.250459],[-105.431947,28.25046],[-105.431041,28.250451],[-105.431054,28.25038],[-105.431141,28.25036],[-105.431243,28.250256],[-105.431344,28.250106],[-105.431395,28.249908],[-105.431417,28.249663],[-105.43134,28.249426],[-105.431205,28.249194],[-105.431185,28.248477],[-105.43137,28.248282],[-105.43163,28.248122],[-105.431788,28.247918],[-105.431872,28.24764],[-105.431818,28.247453],[-105.431705,28.247198],[-105.431758,28.247084],[-105.432109,28.246951],[-105.432496,28.246903],[-105.432699,28.247141],[-105.433071,28.24714],[-105.433067,28.250459]]]}},{"type":"Feature","properties":{"modulo":4,"idparcela":"2115","productor":"BACA AMPARAN AGUSTIN","cultivo":"Sin Cultivo","superficie_fisica_ha":19.35,"superficie_riego_ha":17.35,"hectareas":10.464},"geometry":{"type":"Polygon","coordinates":[[[-105.428116,28.245346],[-105.428091,28.243208],[-105.432205,28.243185],[-105.432366,28.24361],[-105.432703,28.244502],[-105.432783,28.244712],[-105.432808,28.244838],[-105.433054,28.24514],[-105.433148,28.245315],[-105.428116,28.245346]]]}},{"type":"Feature","properties":{"modulo":4,"idparcela":"2107","productor":"LOYA N EUSTACIA","cultivo":"Sin Cultivo","superficie_fisica_ha":16.4,"superficie_riego_ha":14.15,"hectareas":17.408},"geometry":{"type":"Polygon","coordinates":[[[-105.427998,28.245347],[-105.421796,28.245315],[-105.421504,28.243913],[-105.421418,28.243533],[-105.421246,28.242855],[-105.427998,28.242835],[-105.427998,28.245347]]]}},{"type":"Feature","properties":{"modulo":4,"idparcela":"2106","productor":"CAZARES MORENO MA.DEL REFUGIO","cultivo":"Nogal (Nuez)","superficie_fisica_ha":17.75,"superficie_riego_ha":17.75,"hectareas":17.223},"geometry":{"type":"Polygon","coordinates":[[[-105.421246,28.242855],[-105.421024,28.241896],[-105.420827,28.24116],[-105.420697,28.240586],[-105.427996,28.240577],[-105.427998,28.242835],[-105.421246,28.242855]]]}},{"type":"Feature","properties":{"modulo":4,"idparcela":"2114","productor":"AMPARAN ZUBIA REFUGIO","cultivo":"Sin Cultivo","superficie_fisica_ha":18.45,"superficie_riego_ha":15.5,"hectareas":7.652},"geometry":{"type":"Polygon","coordinates":[[[-105.428091,28.243208],[-105.428099,28.24104],[-105.430519,28.241041],[-105.430806,28.241582],[-105.430952,28.241742],[-105.431096,28.241827],[-105.431249,28.241898],[-105.43142,28.242219],[-105.431561,28.242373],[-105.431897,28.242607],[-105.432012,28.242795],[-105.432165,28.243019],[-105.432214,28.243088],[-105.432205,28.243185],[-105.428091,28.243208]]]}},{"type":"Feature","properties":{"modulo":4,"idparcela":"2105","productor":"SANTIESTEBAN LUJA LUZ YOLANDA","cultivo":"Alfalfa","superficie_fisica_ha":17.45,"superficie_riego_ha":16.18,"hectareas":17.621},"geometry":{"type":"Polygon","coordinates":[[[-105.420679,28.240471],[-105.42019,28.23838],[-105.428071,28.238304],[-105.428103,28.240462],[-105.420679,28.240471]]]}},{"type":"Feature","properties":{"modulo":4,"idparcela":"2104","productor":"CABALLERO ORTIZ LUIS RAUL","cultivo":"Alfalfa","superficie_fisica_ha":18.3,"superficie_riego_ha":17.8,"hectareas":20.204},"geometry":{"type":"Polygon","coordinates":[[[-105.427268,28.2361],[-105.427761,28.236006],[-105.427944,28.236031],[-105.428063,28.236121],[-105.429312,28.237755],[-105.429455,28.238033],[-105.429504,28.23831],[-105.428751,28.238309],[-105.428071,28.238304],[-105.42019,28.23838],[-105.419926,28.237226],[-105.419881,28.237203],[-105.41969,28.236416],[-105.419739,28.23633],[-105.425998,28.236284],[-105.426646,28.236228],[-105.427268,28.2361]]]}},{"type":"Feature","properties":{"modulo":4,"idparcela":"2076","productor":"CABALLERO ORTIZ LUIS RAUL","cultivo":"Sin Cultivo","superficie_fisica_ha":13,"superficie_riego_ha":12.5,"hectareas":4.8},"geometry":{"type":"Polygon","coordinates":[[[-105.428751,28.238309],[-105.429504,28.23831],[-105.429541,28.238613],[-105.429561,28.239256],[-105.429569,28.239516],[-105.4303,28.240723],[-105.430412,28.240913],[-105.428108,28.240926],[-105.428103,28.240462],[-105.428071,28.238304],[-105.428751,28.238309]]]}},{"type":"Feature","properties":{"modulo":4,"idparcela":"2109","productor":"BACA CARDONA CLEMENTE","cultivo":"Alfalfa","superficie_fisica_ha":7.1,"superficie_riego_ha":7,"hectareas":13.518},"geometry":{"type":"Polygon","coordinates":[[[-105.426104,28.236112],[-105.426105,28.23197],[-105.430645,28.231851],[-105.427875,28.235762],[-105.427692,28.235837],[-105.42656,28.23611],[-105.426104,28.236112]]]}},{"type":"Feature","properties":{"modulo":4,"idparcela":"************","productor":null,"cultivo":"Sin Cultivo","superficie_fisica_ha":null,"superficie_riego_ha":null,"hectareas":9.575},"geometry":{"type":"Polygon","coordinates":[[[-105.425986,28.236127],[-105.419621,28.236192],[-105.419466,28.235474],[-105.41943,28.234817],[-105.425984,28.234778],[-105.425986,28.236127]]]}},{"type":"Feature","properties":{"modulo":4,"idparcela":"2100","productor":"VILLALBA TOVANCHE JOSE ALFREDO","cultivo":"Chile verde","superficie_fisica_ha":20.3,"superficie_riego_ha":20.2,"hectareas":19.662},"geometry":{"type":"Polygon","coordinates":[[[-105.425997,28.234692],[-105.419447,28.234697],[-105.419336,28.232245],[-105.41952,28.23193],[-105.425952,28.23194],[-105.425997,28.234692]]]}},{"type":"Feature","properties":{"modulo":4,"idparcela":"2098","productor":"MERCADO AVILA VICTOR MANUEL","cultivo":"Alfalfa","superficie_fisica_ha":10.35,"superficie_riego_ha":9.35,"hectareas":9.491},"geometry":{"type":"Polygon","coordinates":[[[-105.426917,28.228459],[-105.427492,28.228526],[-105.42896,28.228268],[-105.429321,28.229405],[-105.429432,28.229575],[-105.429982,28.230178],[-105.427287,28.230117],[-105.427302,28.230329],[-105.430254,28.230392],[-105.430662,28.231006],[-105.430968,28.231487],[-105.431179,28.231711],[-105.429632,28.23172],[-105.427527,28.231757],[-105.427354,28.231785],[-105.426917,28.228459]]]}},{"type":"Feature","properties":{"modulo":4,"idparcela":"************","productor":null,"cultivo":"Sin Cultivo","superficie_fisica_ha":null,"superficie_riego_ha":null,"hectareas":10.584},"geometry":{"type":"Polygon","coordinates":[[[-105.424634,28.231823],[-105.421963,28.231845],[-105.421953,28.228317],[-105.422714,28.228302],[-105.424063,28.227954],[-105.424363,28.228007],[-105.424595,28.228103],[-105.424634,28.231823]]]}},{"type":"Feature","properties":{"modulo":4,"idparcela":"************","productor":null,"cultivo":"Sin Cultivo","superficie_fisica_ha":null,"superficie_riego_ha":null,"hectareas":11.969},"geometry":{"type":"Polygon","coordinates":[[[-105.421963,28.231845],[-105.419258,28.231835],[-105.419171,28.230718],[-105.41858,28.22907],[-105.418402,28.228055],[-105.419694,28.22824],[-105.421953,28.228317],[-105.421963,28.231845]]]}},{"type":"Feature","properties":{"modulo":4,"idparcela":"1988","productor":"MARTINEZ HERNANDEZ RAUL","cultivo":"Alfalfa","superficie_fisica_ha":24.75,"superficie_riego_ha":24.75,"hectareas":26.406},"geometry":{"type":"Polygon","coordinates":[[[-105.433656,28.222945],[-105.43313,28.222961],[-105.433124,28.222536],[-105.433155,28.218272],[-105.438283,28.218239],[-105.438251,28.223083],[-105.438191,28.223082],[-105.433656,28.222945]]]}},{"type":"Feature","properties":{"modulo":4,"idparcela":"2119","productor":"DURAN ROMAN RICARDO","cultivo":"Alfalfa","superficie_fisica_ha":54.6,"superficie_riego_ha":34.45,"hectareas":21.227},"geometry":{"type":"Polygon","coordinates":[[[-105.431135,28.222532],[-105.430739,28.221758],[-105.430697,28.22163],[-105.430774,28.221495],[-105.428651,28.217628],[-105.433057,28.215843],[-105.433155,28.218272],[-105.433124,28.222536],[-105.431652,28.222534],[-105.431135,28.222532]]]}},{"type":"Feature","properties":{"modulo":4,"idparcela":"2003","productor":"AMPARAN AGUILAR JUAN","cultivo":"Cacahuate","superficie_fisica_ha":15,"superficie_riego_ha":15,"hectareas":21.251},"geometry":{"type":"Polygon","coordinates":[[[-105.438191,28.223082],[-105.43822,28.223137],[-105.438162,28.226526],[-105.437408,28.226884],[-105.436842,28.227002],[-105.436443,28.227239],[-105.436164,28.227412],[-105.433478,28.227205],[-105.433082,28.227341],[-105.433531,28.22507],[-105.433656,28.222945],[-105.438191,28.223082]]]}},{"type":"Feature","properties":{"modulo":4,"idparcela":"2143","productor":"TORRES AMPARAN MARIO HUMBERT","cultivo":"Cacahuate","superficie_fisica_ha":10.83,"superficie_riego_ha":10.83,"hectareas":35.508},"geometry":{"type":"Polygon","coordinates":[[[-105.433124,28.222536],[-105.43313,28.222961],[-105.433656,28.222945],[-105.433531,28.22507],[-105.433082,28.227341],[-105.429522,28.22916],[-105.429426,28.229145],[-105.429392,28.229111],[-105.429377,28.229054],[-105.428824,28.227177],[-105.427952,28.225925],[-105.42911,28.225787],[-105.429049,28.225679],[-105.427862,28.225708],[-105.427713,28.225479],[-105.425821,28.222602],[-105.428354,28.222551],[-105.430775,28.222539],[-105.431135,28.222532],[-105.431652,28.222534],[-105.433124,28.222536]]]}},{"type":"Feature","properties":{"modulo":4,"idparcela":"2119","productor":"DURAN ROMAN RICARDO","cultivo":"Alfalfa","superficie_fisica_ha":54.6,"superficie_riego_ha":34.45,"hectareas":10.1},"geometry":{"type":"Polygon","coordinates":[[[-105.430697,28.22163],[-105.430739,28.221758],[-105.431135,28.222532],[-105.430775,28.222539],[-105.430595,28.222389],[-105.425864,28.222328],[-105.425904,28.2205],[-105.429787,28.220165],[-105.430448,28.221448],[-105.430526,28.221542],[-105.430697,28.22163]]]}},{"type":"Feature","properties":{"modulo":4,"idparcela":"2120","productor":"MARTINEZ RODRIGUEZ MIGUEL MARIO","cultivo":"Chile verde","superficie_fisica_ha":14,"superficie_riego_ha":10.95,"hectareas":13.74},"geometry":{"type":"Polygon","coordinates":[[[-105.429522,28.22916],[-105.433082,28.227341],[-105.433478,28.227205],[-105.436164,28.227412],[-105.436443,28.227239],[-105.436889,28.227058],[-105.43742,28.226966],[-105.438155,28.226624],[-105.438107,28.228922],[-105.435252,28.229097],[-105.429899,28.229196],[-105.429522,28.22916]]]}},{"type":"Feature","properties":{"modulo":4,"idparcela":"2119","productor":"DURAN ROMAN RICARDO","cultivo":"Alfalfa","superficie_fisica_ha":54.6,"superficie_riego_ha":34.45,"hectareas":6.838},"geometry":{"type":"Polygon","coordinates":[[[-105.429768,28.220022],[-105.426087,28.220284],[-105.425938,28.220288],[-105.425924,28.220129],[-105.425931,28.21967],[-105.425961,28.218919],[-105.428529,28.217737],[-105.429768,28.220022]]]}},{"type":"Feature","properties":{"modulo":4,"idparcela":"2130","productor":"CASTILLO JAQUEZ ROSALIO","cultivo":"Chile verde","superficie_fisica_ha":9.9,"superficie_riego_ha":9.9,"hectareas":1.303},"geometry":{"type":"Polygon","coordinates":[[[-105.423074,28.249805],[-105.423061,28.249315],[-105.423056,28.248486],[-105.423044,28.248241],[-105.424613,28.249819],[-105.423074,28.249805]]]}},{"type":"Feature","properties":{"modulo":4,"idparcela":"1941","productor":"MATINEZ GOMEZ NOEL ARTURO","cultivo":"Alfalfa","superficie_fisica_ha":9.3,"superficie_riego_ha":8.81,"hectareas":9.094},"geometry":{"type":"Polygon","coordinates":[[[-105.43172,28.252491],[-105.431574,28.252443],[-105.429496,28.252493],[-105.429335,28.252546],[-105.427492,28.25256],[-105.427421,28.252475],[-105.427381,28.252368],[-105.42949,28.250998],[-105.429967,28.250867],[-105.430206,28.250795],[-105.430423,28.250725],[-105.430781,28.250559],[-105.431494,28.250558],[-105.433077,28.250551],[-105.4331,28.252467],[-105.43172,28.252491]]]}},{"type":"Feature","properties":{"modulo":4,"idparcela":"2127","productor":"BEJARANO GARCIA ROGELIO","cultivo":"Sin Cultivo","superficie_fisica_ha":13.2,"superficie_riego_ha":13.2,"hectareas":6.645},"geometry":{"type":"Polygon","coordinates":[[[-105.427246,28.25253],[-105.425435,28.252512],[-105.425101,28.252499],[-105.424379,28.25161],[-105.423409,28.250498],[-105.423074,28.250114],[-105.423074,28.249805],[-105.424613,28.249819],[-105.425443,28.250649],[-105.426878,28.251318],[-105.427231,28.25153],[-105.427197,28.252189],[-105.427208,28.252408],[-105.427246,28.25253]]]}},{"type":"Feature","properties":{"modulo":4,"idparcela":"2132","productor":"MARTINEZ MARQUEZ ARCADIO","cultivo":"Alfalfa","superficie_fisica_ha":9.65,"superficie_riego_ha":9.65,"hectareas":10.196},"geometry":{"type":"Polygon","coordinates":[[[-105.438539,28.252479],[-105.435937,28.252529],[-105.433244,28.252555],[-105.433187,28.250744],[-105.438179,28.250651],[-105.438185,28.250651],[-105.438539,28.252479]]]}},{"type":"Feature","properties":{"modulo":4,"idparcela":"2126","productor":"MARTINEZ MARQUEZ ARCADIO","cultivo":"Alfalfa","superficie_fisica_ha":9.7,"superficie_riego_ha":9.7,"hectareas":9.567},"geometry":{"type":"Polygon","coordinates":[[[-105.433187,28.250744],[-105.43318,28.24895],[-105.433505,28.248947],[-105.438057,28.248897],[-105.43807,28.248858],[-105.438227,28.250327],[-105.438185,28.250651],[-105.438179,28.250651],[-105.433187,28.250744]]]}},{"type":"Feature","properties":{"modulo":4,"idparcela":"2125","productor":"MARTINEZ MARQUEZ ARCADIO","cultivo":"Alfalfa","superficie_fisica_ha":9.4,"superficie_riego_ha":9.4,"hectareas":9.206},"geometry":{"type":"Polygon","coordinates":[[[-105.43318,28.24895],[-105.433205,28.247167],[-105.437811,28.247104],[-105.43807,28.248858],[-105.438057,28.248897],[-105.43318,28.24895]]]}},{"type":"Feature","properties":{"modulo":4,"idparcela":"2124","productor":"CRUZ HERRERA VICTOR HUGO","cultivo":"Cacahuate","superficie_fisica_ha":10,"superficie_riego_ha":8.1,"hectareas":8.392},"geometry":{"type":"Polygon","coordinates":[[[-105.433205,28.247167],[-105.433252,28.24544],[-105.437593,28.245369],[-105.437811,28.247104],[-105.433205,28.247167]]]}},{"type":"Feature","properties":{"modulo":4,"idparcela":"2115","productor":"BACA AMPARAN AGUSTIN","cultivo":"Sin Cultivo","superficie_fisica_ha":19.35,"superficie_riego_ha":17.35,"hectareas":9.512},"geometry":{"type":"Polygon","coordinates":[[[-105.433347,28.24532],[-105.433025,28.244922],[-105.432418,28.243215],[-105.436054,28.243199],[-105.437662,28.24487],[-105.437682,28.245251],[-105.433347,28.24532]]]}},{"type":"Feature","properties":{"modulo":4,"idparcela":"2114","productor":"AMPARAN ZUBIA REFUGIO","cultivo":"Sin Cultivo","superficie_fisica_ha":18.45,"superficie_riego_ha":15.5,"hectareas":8.094},"geometry":{"type":"Polygon","coordinates":[[[-105.43601,28.243095],[-105.432409,28.24313],[-105.432321,28.243006],[-105.432196,28.242819],[-105.431967,28.242476],[-105.431716,28.242296],[-105.431523,28.242133],[-105.431408,28.241936],[-105.431325,28.241799],[-105.431193,28.241737],[-105.431022,28.241606],[-105.430924,28.241487],[-105.430671,28.241038],[-105.434128,28.241002],[-105.43601,28.243095]]]}},{"type":"Feature","properties":{"modulo":4,"idparcela":"2076","productor":"CABALLERO ORTIZ LUIS RAUL","cultivo":"Sin Cultivo","superficie_fisica_ha":13,"superficie_riego_ha":12.5,"hectareas":8.297},"geometry":{"type":"Polygon","coordinates":[[[-105.43066,28.240917],[-105.430552,28.240918],[-105.429652,28.239433],[-105.429703,28.238774],[-105.429661,28.238414],[-105.429858,28.238421],[-105.432974,28.238565],[-105.432884,28.239489],[-105.431375,28.239437],[-105.431365,28.239589],[-105.432927,28.23967],[-105.434031,28.240888],[-105.43066,28.240917]]]}},{"type":"Feature","properties":{"modulo":4,"idparcela":"2112","productor":"CABALLERO ORTIZ LUIS RAUL","cultivo":"Alfalfa","superficie_fisica_ha":9,"superficie_riego_ha":6.5,"hectareas":9.085},"geometry":{"type":"Polygon","coordinates":[[[-105.432807,28.236485],[-105.432926,28.236675],[-105.433082,28.23751],[-105.432974,28.238565],[-105.429858,28.238421],[-105.429661,28.238414],[-105.429642,28.23822],[-105.42958,28.237989],[-105.42943,28.237688],[-105.428509,28.236393],[-105.428499,28.236302],[-105.432741,28.236275],[-105.432807,28.236485]]]}},{"type":"Feature","properties":{"modulo":4,"idparcela":"2113","productor":"CABALLERO ORTIZ LUIS RAUL","cultivo":"Alfalfa","superficie_fisica_ha":14,"superficie_riego_ha":13.6,"hectareas":14.337},"geometry":{"type":"Polygon","coordinates":[[[-105.428464,28.236253],[-105.428409,28.236237],[-105.428258,28.236063],[-105.42811,28.235949],[-105.428044,28.235893],[-105.428023,28.23585],[-105.428022,28.235796],[-105.428196,28.235541],[-105.430813,28.231832],[-105.431287,28.23184],[-105.431514,28.232068],[-105.432109,28.232534],[-105.43212,28.23281],[-105.43236,28.23416],[-105.43244,28.234545],[-105.432581,28.235261],[-105.432587,28.235312],[-105.432633,28.235539],[-105.432786,28.236222],[-105.428464,28.236253]]]}},{"type":"Feature","properties":{"modulo":4,"idparcela":"2121","productor":"SANTIESTEBAN LUJAN LUZ YOLANDA","cultivo":"Alfalfa","superficie_fisica_ha":28.25,"superficie_riego_ha":27.75,"hectareas":27.117},"geometry":{"type":"Polygon","coordinates":[[[-105.437541,28.232678],[-105.434562,28.232654],[-105.434418,28.232663],[-105.432439,28.232775],[-105.432317,28.232782],[-105.4323,28.232722],[-105.432226,28.232464],[-105.431922,28.232226],[-105.431366,28.231746],[-105.431064,28.231422],[-105.4304,28.230375],[-105.429471,28.229328],[-105.429865,28.229345],[-105.433289,28.229277],[-105.435202,28.229226],[-105.435297,28.229184],[-105.438121,28.229076],[-105.438175,28.232238],[-105.437656,28.232245],[-105.437541,28.232678]]]}},{"type":"Feature","properties":{"modulo":4,"idparcela":"2122","productor":"MARTINEZ RODRIGUEZ MIGUEL MARIO","cultivo":"Cacahuate","superficie_fisica_ha":21.5,"superficie_riego_ha":10.95,"hectareas":1.654},"geometry":{"type":"Polygon","coordinates":[[[-105.438121,28.23637],[-105.437087,28.236308],[-105.437364,28.23511],[-105.438056,28.234123],[-105.438136,28.234126],[-105.438121,28.23637]]]}},{"type":"Feature","properties":{"modulo":4,"idparcela":"2123","productor":"ROMERO SERNA RAUL","cultivo":"Cacahuate","superficie_fisica_ha":13.695,"superficie_riego_ha":12.271,"hectareas":4.073},"geometry":{"type":"Polygon","coordinates":[[[-105.438281,28.240796],[-105.438096,28.240746],[-105.437973,28.240608],[-105.437614,28.239686],[-105.437326,28.238848],[-105.437158,28.238259],[-105.437075,28.237891],[-105.437023,28.236909],[-105.437087,28.236308],[-105.438121,28.23637],[-105.438281,28.240796]]]}},{"type":"Feature","properties":{"modulo":4,"idparcela":"2123","productor":"ROMERO SERNA RAUL","cultivo":"Cacahuate","superficie_fisica_ha":13.695,"superficie_riego_ha":12.271,"hectareas":18.323},"geometry":{"type":"Polygon","coordinates":[[[-105.434903,28.236392],[-105.436889,28.236374],[-105.436937,28.236374],[-105.436906,28.237003],[-105.436943,28.237989],[-105.43704,28.238408],[-105.437362,28.239492],[-105.437705,28.240372],[-105.437721,28.240413],[-105.437907,28.240798],[-105.437181,28.240798],[-105.436619,28.24081],[-105.43646,28.240636],[-105.434682,28.240642],[-105.434458,28.240759],[-105.434199,28.240774],[-105.433486,28.240024],[-105.433041,28.239533],[-105.433264,28.237546],[-105.433265,28.237241],[-105.433101,28.236596],[-105.433052,28.236381],[-105.433177,28.236381],[-105.434189,28.236401],[-105.434903,28.236392]]]}},{"type":"Feature","properties":{"modulo":4,"idparcela":"2122","productor":"MARTINEZ RODRIGUEZ MIGUEL MARIO","cultivo":"Cacahuate","superficie_fisica_ha":21.5,"superficie_riego_ha":10.95,"hectareas":19.33},"geometry":{"type":"Polygon","coordinates":[[[-105.432569,28.23408],[-105.432314,28.232782],[-105.434562,28.232654],[-105.437541,28.232678],[-105.438115,28.2327],[-105.438155,28.233793],[-105.437122,28.235199],[-105.436889,28.236374],[-105.434903,28.236392],[-105.434651,28.236197],[-105.433004,28.236189],[-105.43289,28.235678],[-105.432569,28.23408]]]}},{"type":"Feature","properties":{"modulo":4,"idparcela":"2077","productor":"SANTIESTEBAN LUJAN LUZ YOLANDA","cultivo":"Alfalfa","superficie_fisica_ha":11.6,"superficie_riego_ha":11.6,"hectareas":13.297},"geometry":{"type":"Polygon","coordinates":[[[-105.43663,28.240819],[-105.437193,28.240807],[-105.437919,28.240808],[-105.438094,28.240917],[-105.438251,28.240958],[-105.438539,28.241101],[-105.438683,28.241255],[-105.439351,28.242406],[-105.439761,28.242923],[-105.440212,28.2434],[-105.440364,28.243571],[-105.440644,28.244481],[-105.440661,28.245119],[-105.440525,28.245839],[-105.439946,28.24678],[-105.439905,28.243636],[-105.436833,28.2437],[-105.434576,28.241193],[-105.434478,28.241079],[-105.434428,28.241024],[-105.434529,28.240897],[-105.434939,28.240915],[-105.436388,28.240913],[-105.43663,28.240819]]]}},{"type":"Feature","properties":{"modulo":4,"idparcela":"2146","productor":"SANCHEZ BERNAL SAMUEL","cultivo":"Tomatillo","superficie_fisica_ha":14.2,"superficie_riego_ha":12.9,"hectareas":4.196},"geometry":{"type":"Polygon","coordinates":[[[-105.439893,28.243626],[-105.439902,28.244599],[-105.439917,28.245266],[-105.437882,28.245269],[-105.43787,28.244784],[-105.436822,28.243691],[-105.439893,28.243626]]]}},{"type":"Feature","properties":{"modulo":4,"idparcela":"2146","productor":"SANCHEZ BERNAL SAMUEL","cultivo":"Tomatillo","superficie_fisica_ha":14.2,"superficie_riego_ha":12.9,"hectareas":9.476},"geometry":{"type":"Polygon","coordinates":[[[-105.439894,28.245342],[-105.439933,28.246372],[-105.439961,28.247239],[-105.43965,28.247982],[-105.439623,28.248235],[-105.439653,28.248506],[-105.439742,28.248837],[-105.439443,28.249146],[-105.439466,28.250013],[-105.439781,28.250675],[-105.439835,28.250773],[-105.439824,28.250827],[-105.439766,28.250876],[-105.439389,28.250933],[-105.438884,28.250994],[-105.438492,28.251043],[-105.438429,28.250005],[-105.43824,28.248685],[-105.438127,28.247661],[-105.437825,28.245348],[-105.439894,28.245342]]]}},{"type":"Feature","properties":{"modulo":4,"idparcela":"************","productor":null,"cultivo":"Sin Cultivo","superficie_fisica_ha":null,"superficie_riego_ha":null,"hectareas":4.138},"geometry":{"type":"Polygon","coordinates":[[[-105.438575,28.251189],[-105.439258,28.251064],[-105.439676,28.251016],[-105.439873,28.251014],[-105.439911,28.251302],[-105.439798,28.251427],[-105.43971,28.251657],[-105.439752,28.251906],[-105.43977,28.252014],[-105.439822,28.252197],[-105.439882,28.252414],[-105.439945,28.252603],[-105.4401,28.252739],[-105.440451,28.252922],[-105.44078,28.253419],[-105.440769,28.253639],[-105.44091,28.253851],[-105.441041,28.253977],[-105.441276,28.254187],[-105.441285,28.254291],[-105.441177,28.254367],[-105.440178,28.254379],[-105.440146,28.254199],[-105.439976,28.254031],[-105.439791,28.25385],[-105.4396,28.253726],[-105.439268,28.252955],[-105.439211,28.25283],[-105.438995,28.252616],[-105.438785,28.252256],[-105.43867,28.251981],[-105.43855,28.25179],[-105.43853,28.251325],[-105.438575,28.251189]]]}},{"type":"Feature","properties":{"modulo":4,"idparcela":"1689","productor":"MATINEZ GOMEZ NOEL ARTURO","cultivo":"Alfalfa","superficie_fisica_ha":13.874,"superficie_riego_ha":13.87,"hectareas":1.453},"geometry":{"type":"Polygon","coordinates":[[[-105.43317,28.25431],[-105.43316,28.254364],[-105.431738,28.252541],[-105.43172,28.252491],[-105.4331,28.252467],[-105.433115,28.25282],[-105.43317,28.25431]]]}},{"type":"Feature","properties":{"modulo":4,"idparcela":"2133","productor":"GALLARDO MATA ALEJANDRINA","cultivo":"Ma­z","superficie_fisica_ha":10.4,"superficie_riego_ha":10.4,"hectareas":11.245},"geometry":{"type":"Polygon","coordinates":[[[-105.433244,28.252555],[-105.435937,28.252529],[-105.438539,28.252479],[-105.438686,28.252641],[-105.438816,28.252837],[-105.439212,28.253413],[-105.439318,28.253567],[-105.439407,28.253729],[-105.439404,28.253845],[-105.439251,28.253936],[-105.439036,28.254051],[-105.438784,28.254167],[-105.438611,28.25422],[-105.438438,28.254268],[-105.438284,28.254326],[-105.435475,28.254336],[-105.433286,28.254319],[-105.433244,28.252555]]]}},{"type":"Feature","properties":{"modulo":4,"idparcela":"9627","productor":"AGRICOLA GANADERA LOS LUJAN SPR RL","cultivo":"Otros Pastos","superficie_fisica_ha":81,"superficie_riego_ha":81,"hectareas":66.01},"geometry":{"type":"Polygon","coordinates":[[[-105.392627,28.206934],[-105.393226,28.206613],[-105.394427,28.206141],[-105.399074,28.204148],[-105.401639,28.203016],[-105.401789,28.203446],[-105.404144,28.202609],[-105.404423,28.202636],[-105.405036,28.203298],[-105.405572,28.20388],[-105.405842,28.204269],[-105.406002,28.204677],[-105.406106,28.205087],[-105.405049,28.205191],[-105.404178,28.205275],[-105.40457,28.208115],[-105.404052,28.208192],[-105.403403,28.208255],[-105.402513,28.208395],[-105.402057,28.208545],[-105.401185,28.208845],[-105.394966,28.211233],[-105.392703,28.207639],[-105.392555,28.207041],[-105.392627,28.206934]]]}},{"type":"Feature","properties":{"modulo":4,"idparcela":"1636","productor":"MACIAS FRANCO LUIS CARLOS","cultivo":"Alfalfa","superficie_fisica_ha":5,"superficie_riego_ha":5,"hectareas":4.004},"geometry":{"type":"Polygon","coordinates":[[[-105.410977,28.196511],[-105.410789,28.196907],[-105.410677,28.196999],[-105.410278,28.197735],[-105.409526,28.196481],[-105.408969,28.195627],[-105.40888,28.195408],[-105.408865,28.195212],[-105.41162,28.19518],[-105.411253,28.195933],[-105.41119,28.196063],[-105.410974,28.196402],[-105.410977,28.196511]]]}},{"type":"Feature","properties":{"modulo":4,"idparcela":"1604","productor":"SOLTERO DELGADO JOSE LUIS","cultivo":"Alfalfa","superficie_fisica_ha":28.05,"superficie_riego_ha":13.85,"hectareas":12.749},"geometry":{"type":"Polygon","coordinates":[[[-105.412116,28.196498],[-105.411939,28.196502],[-105.411927,28.196047],[-105.412169,28.196032],[-105.412146,28.195164],[-105.417624,28.195121],[-105.417635,28.19531],[-105.417676,28.195513],[-105.417746,28.195715],[-105.417902,28.196005],[-105.415736,28.196945],[-105.413255,28.197988],[-105.412157,28.198015],[-105.412116,28.196498]]]}},{"type":"Feature","properties":{"modulo":4,"idparcela":"1663","productor":"JAQUEZ CHAVEZ DIEGO","cultivo":"Alfalfa","superficie_fisica_ha":9.5344,"superficie_riego_ha":5.4844,"hectareas":8.922},"geometry":{"type":"Polygon","coordinates":[[[-105.402549,28.229189],[-105.402057,28.229402],[-105.401558,28.229596],[-105.401458,28.229526],[-105.401438,28.229422],[-105.401211,28.229203],[-105.399285,28.225878],[-105.399379,28.225801],[-105.399496,28.225787],[-105.40255,28.225766],[-105.402549,28.229189]]]}},{"type":"Feature","properties":{"modulo":4,"idparcela":"1662","productor":"VALLES VALLES ANDRES","cultivo":"Ajo","superficie_fisica_ha":10.85,"superficie_riego_ha":10.85,"hectareas":12.15},"geometry":{"type":"Polygon","coordinates":[[[-105.398622,28.223195],[-105.398906,28.223184],[-105.402527,28.223149],[-105.40255,28.225766],[-105.399496,28.225787],[-105.399379,28.225801],[-105.399285,28.225878],[-105.398567,28.226048],[-105.398463,28.226022],[-105.397907,28.224994],[-105.398533,28.224728],[-105.398248,28.224125],[-105.398622,28.223195]]]}},{"type":"Feature","properties":{"modulo":4,"idparcela":"1661","productor":"TALAMANTES OLIVAS MARIO","cultivo":"Cacahuate","superficie_fisica_ha":15.6,"superficie_riego_ha":11.5,"hectareas":13.513},"geometry":{"type":"Polygon","coordinates":[[[-105.396709,28.220936],[-105.398354,28.220925],[-105.400984,28.220918],[-105.40252,28.220918],[-105.402527,28.223149],[-105.398906,28.223184],[-105.398622,28.223195],[-105.398509,28.223101],[-105.398409,28.222979],[-105.398158,28.2227],[-105.397593,28.222677],[-105.397325,28.222717],[-105.397041,28.222771],[-105.396884,28.222775],[-105.39673,28.222697],[-105.396469,28.221069],[-105.396588,28.221095],[-105.396693,28.221055],[-105.396709,28.220936]]]}},{"type":"Feature","properties":{"modulo":4,"idparcela":"1660","productor":"BOLIVAR NUNEZ SALVADOR E.","cultivo":"Cacahuate","superficie_fisica_ha":16.1,"superficie_riego_ha":11.05,"hectareas":12.387},"geometry":{"type":"Polygon","coordinates":[[[-105.40252,28.220918],[-105.400984,28.220918],[-105.398354,28.220925],[-105.396709,28.220936],[-105.396568,28.220781],[-105.39654,28.220627],[-105.396553,28.220445],[-105.396682,28.220069],[-105.397044,28.218967],[-105.400338,28.218944],[-105.402541,28.218931],[-105.402545,28.219973],[-105.40252,28.220918]]]}},{"type":"Feature","properties":{"modulo":4,"idparcela":"1659","productor":"BOLIVAR HEREDIA GUADALUPE","cultivo":"Cacahuate","superficie_fisica_ha":16.5,"superficie_riego_ha":11.5,"hectareas":11.373},"geometry":{"type":"Polygon","coordinates":[[[-105.398646,28.216982],[-105.398689,28.216757],[-105.400268,28.216749],[-105.40135,28.216762],[-105.402531,28.216758],[-105.402541,28.218931],[-105.400338,28.218944],[-105.397044,28.218967],[-105.397094,28.218795],[-105.397367,28.217989],[-105.397528,28.217899],[-105.397676,28.217779],[-105.397817,28.217648],[-105.398019,28.217547],[-105.39816,28.217416],[-105.398326,28.217306],[-105.398444,28.217191],[-105.398556,28.217088],[-105.398646,28.216982]]]}},{"type":"Feature","properties":{"modulo":4,"idparcela":"1658","productor":"ALMANZA DE BURROLA SILVIA PAZ","cultivo":"Alfalfa","superficie_fisica_ha":9.9,"superficie_riego_ha":9.9,"hectareas":10.216},"geometry":{"type":"Polygon","coordinates":[[[-105.402487,28.214172],[-105.402524,28.216705],[-105.400649,28.216702],[-105.400407,28.216675],[-105.39878,28.216693],[-105.398695,28.216647],[-105.398471,28.216595],[-105.398181,28.216401],[-105.398115,28.216314],[-105.39815,28.216136],[-105.398292,28.216125],[-105.398658,28.216103],[-105.398811,28.215935],[-105.398952,28.215746],[-105.398949,28.21542],[-105.398782,28.214554],[-105.398781,28.21423],[-105.402487,28.214172]]]}},{"type":"Feature","properties":{"modulo":4,"idparcela":"1630","productor":"BURROLA SALCIDO ISIDRO","cultivo":"Ma­z","superficie_fisica_ha":10.45,"superficie_riego_ha":10.45,"hectareas":10.787},"geometry":{"type":"Polygon","coordinates":[[[-105.402587,28.214528],[-105.405338,28.214489],[-105.405711,28.216099],[-105.405771,28.216496],[-105.40601,28.217144],[-105.406211,28.217455],[-105.406372,28.217672],[-105.404212,28.217695],[-105.402639,28.217708],[-105.402587,28.214528]]]}},{"type":"Feature","properties":{"modulo":4,"idparcela":"************","productor":null,"cultivo":"Sin Cultivo","superficie_fisica_ha":null,"superficie_riego_ha":null,"hectareas":15.088},"geometry":{"type":"Polygon","coordinates":[[[-105.40249,28.208947],[-105.402513,28.214101],[-105.39917,28.214134],[-105.399158,28.214019],[-105.399158,28.213925],[-105.399157,28.213716],[-105.399109,28.213517],[-105.399014,28.213434],[-105.39892,28.213424],[-105.398814,28.213581],[-105.398672,28.213571],[-105.399192,28.212011],[-105.399359,28.211609],[-105.401267,28.209371],[-105.401482,28.2092],[-105.401792,28.209045],[-105.40249,28.208947]]]}},{"type":"Feature","properties":{"modulo":4,"idparcela":"1629","productor":"BOLIVAR HEREDIA GUADALUPE","cultivo":"Cacahuate","superficie_fisica_ha":17.9,"superficie_riego_ha":12.9,"hectareas":13.866},"geometry":{"type":"Polygon","coordinates":[[[-105.405338,28.214489],[-105.402587,28.214528],[-105.402589,28.208816],[-105.403922,28.20854],[-105.403981,28.20854],[-105.404076,28.208676],[-105.404666,28.210821],[-105.405241,28.213799],[-105.405338,28.214489]]]}},{"type":"Feature","properties":{"modulo":4,"idparcela":"1668","productor":"VALLES VALLES ANDRES","cultivo":"Alfalfa","superficie_fisica_ha":11.65,"superficie_riego_ha":11.65,"hectareas":11.375},"geometry":{"type":"Polygon","coordinates":[[[-105.404212,28.217695],[-105.404245,28.217832],[-105.404185,28.217938],[-105.404661,28.219326],[-105.404955,28.220086],[-105.405197,28.220655],[-105.405453,28.221184],[-105.405738,28.222269],[-105.405653,28.222272],[-105.402627,28.222239],[-105.402639,28.217708],[-105.404212,28.217695]]]}},{"type":"Feature","properties":{"modulo":4,"idparcela":"1666","productor":"GARCIA SANCHEZ MODESTO","cultivo":"Chile verde","superficie_fisica_ha":15.9,"superficie_riego_ha":10.85,"hectareas":11.02},"geometry":{"type":"Polygon","coordinates":[[[-105.406592,28.225135],[-105.404747,28.225138],[-105.402642,28.225144],[-105.402627,28.222239],[-105.405653,28.222272],[-105.405738,28.222269],[-105.406592,28.225135]]]}},{"type":"Feature","properties":{"modulo":4,"idparcela":"1669","productor":"GOMEZ LARA JOSE ROBERTO","cultivo":"Nogal (Nuez)","superficie_fisica_ha":10.15,"superficie_riego_ha":10.15,"hectareas":9.841},"geometry":{"type":"Polygon","coordinates":[[[-105.402642,28.225144],[-105.404747,28.225138],[-105.406592,28.225135],[-105.406745,28.225592],[-105.406872,28.225975],[-105.407005,28.226232],[-105.407577,28.226999],[-105.407711,28.22715],[-105.402646,28.227245],[-105.402642,28.225144]]]}},{"type":"Feature","properties":{"modulo":4,"idparcela":"1663","productor":"JAQUEZ CHAVEZ DIEGO","cultivo":"Alfalfa","superficie_fisica_ha":9.5344,"superficie_riego_ha":5.4844,"hectareas":5.468},"geometry":{"type":"Polygon","coordinates":[[[-105.402646,28.227245],[-105.407711,28.22715],[-105.407658,28.227256],[-105.402623,28.229153],[-105.402646,28.227245]]]}},{"type":"Feature","properties":{"modulo":4,"idparcela":"1667","productor":"VALLES VALLES ANDRES","cultivo":"Alfalfa","superficie_fisica_ha":14.1,"superficie_riego_ha":14.1,"hectareas":15.346},"geometry":{"type":"Polygon","coordinates":[[[-105.40946,28.222724],[-105.406019,28.222666],[-105.405896,28.222247],[-105.405625,28.221186],[-105.405533,28.220882],[-105.405047,28.219826],[-105.404886,28.219391],[-105.404551,28.218382],[-105.404377,28.21787],[-105.404245,28.217832],[-105.404212,28.217695],[-105.406372,28.217672],[-105.406889,28.218412],[-105.407182,28.218819],[-105.407526,28.219364],[-105.40837,28.220658],[-105.408862,28.221416],[-105.40946,28.222724]]]}},{"type":"Feature","properties":{"modulo":4,"idparcela":"1670","productor":"GONZALEZ JESUS","cultivo":"Chile verde","superficie_fisica_ha":13.8,"superficie_riego_ha":13.8,"hectareas":14.718},"geometry":{"type":"Polygon","coordinates":[[[-105.406019,28.222666],[-105.40946,28.222724],[-105.409825,28.223719],[-105.41038,28.226162],[-105.408258,28.226984],[-105.407819,28.227126],[-105.407289,28.226432],[-105.407018,28.226055],[-105.406729,28.225118],[-105.406173,28.223402],[-105.406019,28.222666]]]}},{"type":"Feature","properties":{"modulo":4,"idparcela":"1653","productor":"GAVALDON N CONCEPCION","cultivo":"Sin Cultivo","superficie_fisica_ha":34.4,"superficie_riego_ha":20,"hectareas":17.47},"geometry":{"type":"Polygon","coordinates":[[[-105.409116,28.22142],[-105.409246,28.221336],[-105.412288,28.218993],[-105.412678,28.218597],[-105.412707,28.221132],[-105.412749,28.223256],[-105.412774,28.224191],[-105.412288,28.224643],[-105.41167,28.225231],[-105.41111,28.225737],[-105.410526,28.226106],[-105.410018,28.223759],[-105.409549,28.222433],[-105.409116,28.22142]]]}},{"type":"Feature","properties":{"modulo":4,"idparcela":"1625","productor":"LICON NU¥EZ BERTHA","cultivo":"Alfalfa","superficie_fisica_ha":10.3,"superficie_riego_ha":10,"hectareas":8.915},"geometry":{"type":"Polygon","coordinates":[[[-105.412963,28.221353],[-105.413322,28.221153],[-105.416462,28.220748],[-105.416776,28.222311],[-105.415473,28.222877],[-105.413913,28.223506],[-105.413367,28.223779],[-105.412923,28.224075],[-105.412843,28.221446],[-105.412963,28.221353]]]}},{"type":"Feature","properties":{"modulo":4,"idparcela":"1623","productor":"CHAVEZ BARRERA SAMUEL","cultivo":"Alfalfa","superficie_fisica_ha":10.45,"superficie_riego_ha":10.45,"hectareas":12.533},"geometry":{"type":"Polygon","coordinates":[[[-105.412545,28.218373],[-105.412978,28.218292],[-105.415206,28.217923],[-105.417634,28.217547],[-105.417141,28.218056],[-105.416918,28.21833],[-105.416715,28.218661],[-105.416579,28.219088],[-105.416484,28.219539],[-105.416412,28.220054],[-105.416418,28.220292],[-105.416462,28.220748],[-105.413322,28.221153],[-105.412963,28.221353],[-105.412843,28.221446],[-105.412821,28.218571],[-105.412545,28.218373]]]}},{"type":"Feature","properties":{"modulo":4,"idparcela":"************","productor":null,"cultivo":"Sin Cultivo","superficie_fisica_ha":null,"superficie_riego_ha":null,"hectareas":15.208},"geometry":{"type":"Polygon","coordinates":[[[-105.406378,28.217283],[-105.406883,28.217307],[-105.407459,28.217382],[-105.408042,28.217457],[-105.408079,28.217458],[-105.408115,28.217458],[-105.412528,28.217428],[-105.412517,28.217471],[-105.412329,28.217946],[-105.412274,28.218137],[-105.412272,28.21824],[-105.412302,28.218391],[-105.412367,28.218472],[-105.412543,28.218575],[-105.412678,28.218597],[-105.412288,28.218993],[-105.409246,28.221336],[-105.409116,28.22142],[-105.408902,28.220982],[-105.408008,28.219629],[-105.406979,28.218041],[-105.406378,28.217283]],[[-105.406907,28.21693],[-105.406946,28.216895],[-105.406935,28.216963],[-105.406907,28.21693]]]}},{"type":"Feature","properties":{"modulo":4,"idparcela":"1624","productor":"LICON NU¥EZ BERTHA","cultivo":"Ma­z","superficie_fisica_ha":10,"superficie_riego_ha":9.7,"hectareas":4.081},"geometry":{"type":"Polygon","coordinates":[[[-105.415206,28.217923],[-105.415244,28.217607],[-105.415361,28.216429],[-105.418864,28.216414],[-105.418259,28.21699],[-105.417634,28.217547],[-105.415206,28.217923]]]}},{"type":"Feature","properties":{"modulo":4,"idparcela":"1623","productor":"CHAVEZ BARRERA SAMUEL","cultivo":"Alfalfa","superficie_fisica_ha":10.45,"superficie_riego_ha":10.45,"hectareas":4.996},"geometry":{"type":"Polygon","coordinates":[[[-105.415206,28.217923],[-105.412978,28.218292],[-105.412545,28.218373],[-105.412473,28.218366],[-105.412429,28.218325],[-105.412417,28.218041],[-105.412506,28.217841],[-105.412615,28.217672],[-105.412719,28.217469],[-105.412742,28.217323],[-105.412765,28.21716],[-105.412615,28.21673],[-105.412542,28.216413],[-105.412726,28.216409],[-105.414132,28.216416],[-105.415361,28.216429],[-105.415244,28.217607],[-105.415206,28.217923]]]}},{"type":"Feature","properties":{"modulo":4,"idparcela":"1653","productor":"GAVALDON N CONCEPCION","cultivo":"Sin Cultivo","superficie_fisica_ha":34.4,"superficie_riego_ha":20,"hectareas":10.057},"geometry":{"type":"Polygon","coordinates":[[[-105.406946,28.216895],[-105.406907,28.21693],[-105.406935,28.216963],[-105.406883,28.217307],[-105.406378,28.217283],[-105.406219,28.217018],[-105.406114,28.216759],[-105.406021,28.216433],[-105.405749,28.215073],[-105.405134,28.212166],[-105.404968,28.210843],[-105.404917,28.210603],[-105.405336,28.210518],[-105.405768,28.210498],[-105.406076,28.210513],[-105.406403,28.210529],[-105.40663,28.210607],[-105.406855,28.21066],[-105.406945,28.216857],[-105.406946,28.216895]]]}},{"type":"Feature","properties":{"modulo":4,"idparcela":"1650","productor":"HERNANDEZ REYES MARCOS","cultivo":"Sin Cultivo","superficie_fisica_ha":15.5,"superficie_riego_ha":11.4,"hectareas":8.053},"geometry":{"type":"Polygon","coordinates":[[[-105.408311,28.210982],[-105.408354,28.211016],[-105.408488,28.211121],[-105.408604,28.211212],[-105.408774,28.211275],[-105.408873,28.211358],[-105.409007,28.211472],[-105.409132,28.211535],[-105.409318,28.211581],[-105.409455,28.211675],[-105.409531,28.211763],[-105.409617,28.211876],[-105.409778,28.212036],[-105.410039,28.21219],[-105.410181,28.21227],[-105.410341,28.212316],[-105.410394,28.212397],[-105.41042,28.212484],[-105.41046,28.212574],[-105.410567,28.212588],[-105.410703,28.212597],[-105.410867,28.212623],[-105.411083,28.212664],[-105.41118,28.212733],[-105.411274,28.212813],[-105.411352,28.212958],[-105.41137,28.213301],[-105.4113,28.213768],[-105.411207,28.214097],[-105.411164,28.214204],[-105.41093,28.214627],[-105.410503,28.215126],[-105.409592,28.215075],[-105.409194,28.215053],[-105.409144,28.21505],[-105.408442,28.211998],[-105.408249,28.211158],[-105.408217,28.210976],[-105.408211,28.210941],[-105.408264,28.210924],[-105.408311,28.210982]]]}},{"type":"Feature","properties":{"modulo":4,"idparcela":"1651","productor":"RIVERA MARTINEZ MARIA EXIQUIA","cultivo":"Jitomate (Tomate)","superficie_fisica_ha":13.4,"superficie_riego_ha":10.2,"hectareas":22.022},"geometry":{"type":"Polygon","coordinates":[[[-105.406945,28.216857],[-105.406855,28.21066],[-105.407173,28.210498],[-105.408088,28.210234],[-105.408211,28.210941],[-105.408217,28.210976],[-105.408249,28.211158],[-105.408442,28.211998],[-105.409144,28.21505],[-105.409194,28.215053],[-105.409592,28.215075],[-105.410503,28.215126],[-105.410546,28.215198],[-105.410635,28.215265],[-105.410832,28.215293],[-105.411034,28.215298],[-105.411298,28.215315],[-105.411593,28.215341],[-105.411811,28.215396],[-105.411947,28.215461],[-105.412153,28.215818],[-105.412338,28.216162],[-105.412442,28.216703],[-105.412591,28.217195],[-105.412528,28.217428],[-105.408115,28.217458],[-105.408079,28.217458],[-105.408042,28.217457],[-105.407459,28.217382],[-105.406883,28.217307],[-105.406935,28.216963],[-105.406946,28.216895],[-105.406945,28.216857]]]}},{"type":"Feature","properties":{"modulo":4,"idparcela":"1622","productor":"ACOSTA AVALOS ROSA MARIA","cultivo":"Cacahuate","superficie_fisica_ha":15,"superficie_riego_ha":10,"hectareas":11.286},"geometry":{"type":"Polygon","coordinates":[[[-105.418954,28.216278],[-105.415118,28.216318],[-105.415083,28.213868],[-105.41943,28.213779],[-105.4195,28.213791],[-105.419345,28.214971],[-105.419192,28.215911],[-105.419079,28.216113],[-105.419038,28.216209],[-105.418954,28.216278]]]}},{"type":"Feature","properties":{"modulo":4,"idparcela":"1617","productor":"SANCHEZ BERNAL JORGE LUIS","cultivo":"Cacahuate","superficie_fisica_ha":10.7501,"superficie_riego_ha":4.7768,"hectareas":9.993},"geometry":{"type":"Polygon","coordinates":[[[-105.415364,28.213706],[-105.415435,28.211565],[-105.419874,28.211537],[-105.41957,28.213595],[-105.419526,28.213658],[-105.419416,28.213672],[-105.41727,28.213693],[-105.415364,28.213706]]]}},{"type":"Feature","properties":{"modulo":4,"idparcela":"1621","productor":"SANCHEZ HOLGUIN JUAN MANUEL","cultivo":"Cacahuate","superficie_fisica_ha":10.8684,"superficie_riego_ha":10.8684,"hectareas":9.442},"geometry":{"type":"Polygon","coordinates":[[[-105.413968,28.216312],[-105.412499,28.216288],[-105.412469,28.21612],[-105.412083,28.215392],[-105.411909,28.215276],[-105.411727,28.215235],[-105.411251,28.215194],[-105.410894,28.215179],[-105.410765,28.215154],[-105.410799,28.215045],[-105.410861,28.214945],[-105.410933,28.21487],[-105.410994,28.214755],[-105.411074,28.21463],[-105.411215,28.214374],[-105.411303,28.214234],[-105.411338,28.214143],[-105.41139,28.214044],[-105.411437,28.213864],[-105.411509,28.213787],[-105.411735,28.213782],[-105.414943,28.213814],[-105.415083,28.213868],[-105.415118,28.216318],[-105.413968,28.216312]]]}},{"type":"Feature","properties":{"modulo":4,"idparcela":"1616","productor":"SANCHEZ BERNAL SAMUEL","cultivo":"Chile verde","superficie_fisica_ha":11.35,"superficie_riego_ha":11.35,"hectareas":10.428},"geometry":{"type":"Polygon","coordinates":[[[-105.415435,28.211565],[-105.415364,28.213706],[-105.411472,28.213658],[-105.411499,28.213274],[-105.411492,28.213045],[-105.411469,28.212866],[-105.411373,28.212721],[-105.41119,28.212572],[-105.410912,28.21247],[-105.410653,28.212368],[-105.410352,28.212252],[-105.41019,28.212134],[-105.410029,28.212071],[-105.409882,28.211968],[-105.409743,28.211838],[-105.409666,28.21172],[-105.409554,28.211578],[-105.415435,28.211565]]]}},{"type":"Feature","properties":{"modulo":4,"idparcela":"1615","productor":"BAEZA DE GONZALEZ BERTHA A.","cultivo":"Cacahuate","superficie_fisica_ha":10,"superficie_riego_ha":10,"hectareas":10.332},"geometry":{"type":"Polygon","coordinates":[[[-105.415435,28.211565],[-105.415469,28.209304],[-105.419356,28.209296],[-105.419772,28.210607],[-105.419866,28.210966],[-105.419895,28.211143],[-105.419899,28.211321],[-105.419874,28.211537],[-105.415435,28.211565]]]}},{"type":"Feature","properties":{"modulo":4,"idparcela":"1614","productor":"QUI¥ONES DELGADO JUAN","cultivo":"Cacahuate","superficie_fisica_ha":13.45,"superficie_riego_ha":13.45,"hectareas":13.93},"geometry":{"type":"Polygon","coordinates":[[[-105.409409,28.211391],[-105.40927,28.211216],[-105.409139,28.211058],[-105.409053,28.210964],[-105.408969,28.210805],[-105.408881,28.210596],[-105.408865,28.210366],[-105.408889,28.210274],[-105.409026,28.21018],[-105.409114,28.210128],[-105.409255,28.210144],[-105.409364,28.210163],[-105.409537,28.210179],[-105.409683,28.210152],[-105.409789,28.210072],[-105.409872,28.209999],[-105.409959,28.209958],[-105.410043,28.209939],[-105.410131,28.209954],[-105.410253,28.210043],[-105.410384,28.210144],[-105.410485,28.210175],[-105.410613,28.210179],[-105.410745,28.21016],[-105.410873,28.210072],[-105.410944,28.209946],[-105.410977,28.209804],[-105.410987,28.209677],[-105.410974,28.209499],[-105.410957,28.209334],[-105.415469,28.209304],[-105.415435,28.211565],[-105.409554,28.211578],[-105.409409,28.211391]]]}},{"type":"Feature","properties":{"modulo":4,"idparcela":"1613","productor":"GONZALEZ BACA DIONISIO","cultivo":"Cacahuate","superficie_fisica_ha":10,"superficie_riego_ha":10,"hectareas":10.437},"geometry":{"type":"Polygon","coordinates":[[[-105.415469,28.209304],[-105.41548,28.206762],[-105.417483,28.206732],[-105.419362,28.206696],[-105.419271,28.207183],[-105.419177,28.207805],[-105.419133,28.208197],[-105.419141,28.208515],[-105.419214,28.208823],[-105.419356,28.209296],[-105.415469,28.209304]]]}},{"type":"Feature","properties":{"modulo":4,"idparcela":"1612","productor":"SANCHEZ LOPEZ JAVIER","cultivo":"Cacahuate","superficie_fisica_ha":12.2,"superficie_riego_ha":12.2,"hectareas":12.875},"geometry":{"type":"Polygon","coordinates":[[[-105.410957,28.209334],[-105.410939,28.209179],[-105.411009,28.208073],[-105.410871,28.206712],[-105.411121,28.206698],[-105.414539,28.206687],[-105.415478,28.20667],[-105.41548,28.206762],[-105.415469,28.209304],[-105.410957,28.209334]]]}},{"type":"Feature","properties":{"modulo":4,"idparcela":"1610","productor":"CARRILLO HERNANDEZ OLIMPIA T.","cultivo":"Alfalfa","superficie_fisica_ha":19.35,"superficie_riego_ha":13.9,"hectareas":14.903},"geometry":{"type":"Polygon","coordinates":[[[-105.41629,28.204507],[-105.417259,28.204492],[-105.417256,28.204502],[-105.417327,28.206629],[-105.415478,28.20667],[-105.414539,28.206687],[-105.411121,28.206698],[-105.410871,28.206712],[-105.410851,28.206336],[-105.410862,28.206042],[-105.410818,28.205774],[-105.410847,28.205503],[-105.410785,28.205235],[-105.410834,28.204654],[-105.412942,28.204553],[-105.41629,28.204507]]]}},{"type":"Feature","properties":{"modulo":4,"idparcela":"2084","productor":"ESPARZA LICON EDUARDO","cultivo":"Cacahuate","superficie_fisica_ha":60.04,"superficie_riego_ha":60.04,"hectareas":5.196},"geometry":{"type":"Polygon","coordinates":[[[-105.417256,28.204502],[-105.418548,28.204516],[-105.419756,28.204548],[-105.419397,28.206606],[-105.417327,28.206629],[-105.417256,28.204502]]]}},{"type":"Feature","properties":{"modulo":4,"idparcela":"1607","productor":"CARRILLO HERNANDEZ OLIMPIA T.","cultivo":"Alfalfa","superficie_fisica_ha":9.9,"superficie_riego_ha":9.9,"hectareas":9.628},"geometry":{"type":"Polygon","coordinates":[[[-105.412942,28.204553],[-105.412819,28.203028],[-105.412781,28.201991],[-105.415782,28.201926],[-105.4163,28.201921],[-105.416301,28.20205],[-105.41629,28.204507],[-105.412942,28.204553]]]}},{"type":"Feature","properties":{"modulo":4,"idparcela":"1606","productor":"CARRILLO HERNANDEZ OLIMPIA T.","cultivo":"Alfalfa","superficie_fisica_ha":9.85,"superficie_riego_ha":9.85,"hectareas":9.129},"geometry":{"type":"Polygon","coordinates":[[[-105.412781,28.201991],[-105.412792,28.201713],[-105.412778,28.199451],[-105.41277,28.199165],[-105.415796,28.199144],[-105.415782,28.201926],[-105.412781,28.201991]]]}},{"type":"Feature","properties":{"modulo":4,"idparcela":"1609","productor":"AVILA N. JESUS","cultivo":"Sin Cultivo","superficie_fisica_ha":9,"superficie_riego_ha":8.75,"hectareas":8.128},"geometry":{"type":"Polygon","coordinates":[[[-105.418394,28.199144],[-105.418419,28.199397],[-105.418465,28.200417],[-105.41851,28.200718],[-105.418554,28.200995],[-105.418636,28.201296],[-105.418732,28.201433],[-105.418412,28.201889],[-105.417197,28.201909],[-105.4163,28.201921],[-105.415782,28.201926],[-105.415796,28.199144],[-105.418394,28.199144]]]}},{"type":"Feature","properties":{"modulo":4,"idparcela":"1608","productor":"RIVERA RODRIGUEZ ISABEL","cultivo":"Sin Cultivo","superficie_fisica_ha":9.1,"superficie_riego_ha":9.1,"hectareas":8.929},"geometry":{"type":"Polygon","coordinates":[[[-105.419756,28.204548],[-105.418548,28.204516],[-105.417256,28.204502],[-105.417259,28.204492],[-105.41629,28.204507],[-105.416301,28.20205],[-105.419023,28.202043],[-105.419255,28.202366],[-105.419735,28.203141],[-105.419864,28.203443],[-105.419883,28.203674],[-105.419836,28.20408],[-105.419756,28.204548]]]}},{"type":"Feature","properties":{"modulo":4,"idparcela":"1605","productor":"MACIAS FRANCO JUAN IGNACIO","cultivo":"Cacahuate","superficie_fisica_ha":9.25,"superficie_riego_ha":8.96,"hectareas":8.751},"geometry":{"type":"Polygon","coordinates":[[[-105.412842,28.198817],[-105.415101,28.197892],[-105.418307,28.196622],[-105.41838,28.196802],[-105.418401,28.196964],[-105.418397,28.197878],[-105.418394,28.199144],[-105.415796,28.199144],[-105.41277,28.199165],[-105.412844,28.199069],[-105.41288,28.198987],[-105.412869,28.198905],[-105.412842,28.198817]]]}},{"type":"Feature","properties":{"modulo":4,"idparcela":"9556","productor":"BARROTERAN SAENZ LUIS","cultivo":"Sin Cultivo","superficie_fisica_ha":4.22,"superficie_riego_ha":4.22,"hectareas":3.67},"geometry":{"type":"Polygon","coordinates":[[[-105.418307,28.196622],[-105.415101,28.197892],[-105.412842,28.198817],[-105.412778,28.198785],[-105.412711,28.198771],[-105.412627,28.198762],[-105.412653,28.198345],[-105.414561,28.197527],[-105.417969,28.19605],[-105.418076,28.196235],[-105.41824,28.196501],[-105.418307,28.196622]]]}},{"type":"Feature","properties":{"modulo":4,"idparcela":"1611","productor":"CARRILLO HERNANDEZ OLIMPIA T.","cultivo":"Alfalfa","superficie_fisica_ha":10,"superficie_riego_ha":9.45,"hectareas":8.072},"geometry":{"type":"Polygon","coordinates":[[[-105.412798,28.204319],[-105.41281,28.204433],[-105.412701,28.204484],[-105.411142,28.204545],[-105.411141,28.204285],[-105.411286,28.203999],[-105.411257,28.20387],[-105.411197,28.203585],[-105.411225,28.203247],[-105.41134,28.202572],[-105.41137,28.20198],[-105.411619,28.201632],[-105.411541,28.201462],[-105.411389,28.201285],[-105.411308,28.201034],[-105.411277,28.200577],[-105.411155,28.200342],[-105.410978,28.200061],[-105.410919,28.19985],[-105.410886,28.199728],[-105.411093,28.19956],[-105.41124,28.199486],[-105.411422,28.199422],[-105.41164,28.19932],[-105.412552,28.198933],[-105.412608,28.199316],[-105.412624,28.200598],[-105.41262,28.202174],[-105.412798,28.204319]]]}},{"type":"Feature","properties":{"modulo":4,"idparcela":"1930","productor":"VITOLAS ZUBIA GILBERTO","cultivo":"Ma­z","superficie_fisica_ha":9.7,"superficie_riego_ha":9.7,"hectareas":9.619},"geometry":{"type":"Polygon","coordinates":[[[-105.416904,28.218798],[-105.422196,28.217571],[-105.423003,28.217409],[-105.425475,28.217413],[-105.425561,28.218268],[-105.422889,28.218251],[-105.416595,28.220194],[-105.416654,28.2197],[-105.416776,28.21914],[-105.416904,28.218798]]]}},{"type":"Feature","properties":{"modulo":4,"idparcela":"1931","productor":"AGRICOLA PINO SOLO SPR DE RL","cultivo":"Alfalfa","superficie_fisica_ha":14.9,"superficie_riego_ha":14.9,"hectareas":14.955},"geometry":{"type":"Polygon","coordinates":[[[-105.416595,28.220194],[-105.422889,28.218251],[-105.425561,28.218268],[-105.425599,28.218646],[-105.416996,28.222213],[-105.416695,28.220824],[-105.416595,28.220194]]]}},{"type":"Feature","properties":{"modulo":4,"idparcela":"1952","productor":"MARTINEZ GOMEZ NOEL ARTURO","cultivo":"Chile verde","superficie_fisica_ha":9.98,"superficie_riego_ha":9.02,"hectareas":8.774},"geometry":{"type":"Polygon","coordinates":[[[-105.418349,28.21712],[-105.419863,28.216934],[-105.423006,28.216504],[-105.425377,28.216495],[-105.425461,28.217236],[-105.423136,28.217261],[-105.423003,28.217409],[-105.422196,28.217571],[-105.416904,28.218798],[-105.417129,28.218357],[-105.417341,28.218102],[-105.417656,28.217787],[-105.418349,28.21712]]]}},{"type":"Feature","properties":{"modulo":4,"idparcela":"2081","productor":"GONZALEZ ALMANZA RAMON","cultivo":"Sin Cultivo","superficie_fisica_ha":8.85,"superficie_riego_ha":8.85,"hectareas":9.009},"geometry":{"type":"Polygon","coordinates":[[[-105.419488,28.215333],[-105.419597,28.214588],[-105.419725,28.213844],[-105.425112,28.213786],[-105.425253,28.215278],[-105.419488,28.215333]]]}},{"type":"Feature","properties":{"modulo":4,"idparcela":"1933","productor":"VITOLAS ZUBIA GILBERTO","cultivo":"Chile verde","superficie_fisica_ha":8.85,"superficie_riego_ha":8.8,"hectareas":9.126},"geometry":{"type":"Polygon","coordinates":[[[-105.425377,28.216495],[-105.423006,28.216504],[-105.419863,28.216934],[-105.418349,28.21712],[-105.418666,28.216838],[-105.418982,28.216515],[-105.419243,28.216234],[-105.419385,28.215907],[-105.419488,28.215333],[-105.425253,28.215278],[-105.425377,28.216495]]]}},{"type":"Feature","properties":{"modulo":4,"idparcela":"2083","productor":"ACOSTA AVALOS ROSA MARIA","cultivo":"Chile verde","superficie_fisica_ha":31.1,"superficie_riego_ha":30.55,"hectareas":29.886},"geometry":{"type":"Polygon","coordinates":[[[-105.419468,28.209101],[-105.419621,28.209092],[-105.419786,28.209089],[-105.427279,28.209213],[-105.425117,28.213592],[-105.423832,28.213606],[-105.423729,28.21015],[-105.42358,28.210087],[-105.423434,28.210172],[-105.423573,28.213603],[-105.422863,28.213618],[-105.422563,28.213675],[-105.419709,28.213701],[-105.41991,28.212601],[-105.420049,28.211396],[-105.420067,28.211197],[-105.419836,28.210293],[-105.419468,28.209101]]]}},{"type":"Feature","properties":{"modulo":4,"idparcela":"2084","productor":"ESPARZA LICON EDUARDO","cultivo":"Cacahuate","superficie_fisica_ha":60.04,"superficie_riego_ha":60.04,"hectareas":52.739},"geometry":{"type":"Polygon","coordinates":[[[-105.427279,28.209213],[-105.419786,28.209089],[-105.419621,28.209092],[-105.419468,28.209101],[-105.419435,28.208964],[-105.419414,28.208851],[-105.419357,28.208674],[-105.419324,28.20847],[-105.419331,28.208054],[-105.419408,28.20749],[-105.41957,28.206671],[-105.420114,28.203748],[-105.42013,28.203462],[-105.420054,28.203229],[-105.419175,28.20178],[-105.420652,28.201922],[-105.42259,28.20281],[-105.427513,28.205021],[-105.428622,28.205813],[-105.428945,28.206047],[-105.427279,28.209213]]]}},{"type":"Feature","properties":{"modulo":4,"idparcela":"1604","productor":"SOLTERO DELGADO JOSE LUIS","cultivo":"Alfalfa","superficie_fisica_ha":28.05,"superficie_riego_ha":13.85,"hectareas":0.935},"geometry":{"type":"Polygon","coordinates":[[[-105.419983,28.19512],[-105.419241,28.195436],[-105.418368,28.195832],[-105.418098,28.195929],[-105.417925,28.195496],[-105.417842,28.195146],[-105.419983,28.19512]]]}},{"type":"Feature","properties":{"modulo":4,"idparcela":"9524","productor":"MELENDEZ LOPEZ LUIS CARLOS","cultivo":"Sin Cultivo","superficie_fisica_ha":2.5,"superficie_riego_ha":2.5,"hectareas":2.044},"geometry":{"type":"Polygon","coordinates":[[[-105.421694,28.195168],[-105.420335,28.195691],[-105.420208,28.19577],[-105.420037,28.195811],[-105.418784,28.196423],[-105.418477,28.19653],[-105.418098,28.195929],[-105.418368,28.195832],[-105.419241,28.195436],[-105.419983,28.19512],[-105.421694,28.195168]]]}},{"type":"Feature","properties":{"modulo":4,"idparcela":"2111","productor":"SOLTERO DELGADO JOSE LUIS","cultivo":"Ajo","superficie_fisica_ha":30.95,"superficie_riego_ha":23.95,"hectareas":20.974},"geometry":{"type":"Polygon","coordinates":[[[-105.425224,28.201402],[-105.424282,28.20021],[-105.424236,28.198001],[-105.424224,28.196607],[-105.424184,28.195138],[-105.426897,28.195126],[-105.427061,28.19607],[-105.427105,28.196636],[-105.427065,28.197748],[-105.427072,28.198014],[-105.427133,28.19827],[-105.427203,28.198469],[-105.427463,28.198852],[-105.427919,28.19953],[-105.428224,28.200093],[-105.428306,28.20042],[-105.428321,28.20069],[-105.42827,28.200968],[-105.428075,28.201288],[-105.42711,28.20117],[-105.425224,28.201402]]]}},{"type":"Feature","properties":{"modulo":4,"idparcela":"2080","productor":"DURAN FLORES OSCAR EDUARDO","cultivo":"Alfalfa","superficie_fisica_ha":50.975,"superficie_riego_ha":37.65,"hectareas":39.711},"geometry":{"type":"Polygon","coordinates":[[[-105.425805,28.21856],[-105.425497,28.215611],[-105.425358,28.213911],[-105.427664,28.209403],[-105.427976,28.209288],[-105.430654,28.208604],[-105.432746,28.208728],[-105.432982,28.20878],[-105.432977,28.208897],[-105.432001,28.209384],[-105.431702,28.210369],[-105.431347,28.210443],[-105.431046,28.210474],[-105.430704,28.210481],[-105.43036,28.21044],[-105.43007,28.210391],[-105.429734,28.210398],[-105.429517,28.210482],[-105.429399,28.210679],[-105.429279,28.210791],[-105.429013,28.210863],[-105.428885,28.210963],[-105.428827,28.211092],[-105.428812,28.211305],[-105.429318,28.21226],[-105.430267,28.214366],[-105.431094,28.216346],[-105.428385,28.217456],[-105.425805,28.21856]]]}},{"type":"Feature","properties":{"modulo":4,"idparcela":"2078","productor":"ANCHONDO CHAVEZ MARTHA E","cultivo":"Nogal (Nuez)","superficie_fisica_ha":11.7,"superficie_riego_ha":10,"hectareas":11.581},"geometry":{"type":"Polygon","coordinates":[[[-105.431825,28.211278],[-105.432229,28.209465],[-105.432908,28.209127],[-105.433975,28.209256],[-105.434037,28.208413],[-105.434022,28.207867],[-105.433988,28.207289],[-105.433958,28.206981],[-105.433948,28.206677],[-105.433961,28.206353],[-105.43607,28.210012],[-105.43677,28.211235],[-105.431825,28.211278]]]}},{"type":"Feature","properties":{"modulo":4,"idparcela":"2087","productor":"MARTINEZ HERNANDEZ RAUL","cultivo":"Alfalfa","superficie_fisica_ha":38.95,"superficie_riego_ha":37.8,"hectareas":23.447},"geometry":{"type":"Polygon","coordinates":[[[-105.431805,28.20662],[-105.43164,28.206455],[-105.431485,28.206365],[-105.430866,28.206207],[-105.429512,28.205905],[-105.427982,28.204755],[-105.425558,28.201665],[-105.426083,28.201587],[-105.426651,28.201483],[-105.427153,28.201412],[-105.428079,28.201459],[-105.428412,28.201852],[-105.428695,28.201979],[-105.429222,28.201997],[-105.429728,28.202043],[-105.430284,28.202198],[-105.431948,28.203063],[-105.432126,28.203259],[-105.43367,28.205921],[-105.431805,28.20662]]]}},{"type":"Feature","properties":{"modulo":4,"idparcela":"2079","productor":"CHAVARRIA N ANTONIA","cultivo":"Sin Cultivo","superficie_fisica_ha":27,"superficie_riego_ha":20,"hectareas":26.105},"geometry":{"type":"Polygon","coordinates":[[[-105.435909,28.209292],[-105.439877,28.209243],[-105.439992,28.208322],[-105.440589,28.208318],[-105.441035,28.208374],[-105.441897,28.208504],[-105.442819,28.208563],[-105.443209,28.208452],[-105.443386,28.209202],[-105.443981,28.210674],[-105.443925,28.210875],[-105.443715,28.211107],[-105.438022,28.213478],[-105.437889,28.213135],[-105.437802,28.212599],[-105.437006,28.211209],[-105.435911,28.209299],[-105.435909,28.209292]]]}},{"type":"Feature","properties":{"modulo":4,"idparcela":"2090","productor":"ESCAJEDA RAMIREZ LAZARO","cultivo":"Sin Cultivo","superficie_fisica_ha":15.8,"superficie_riego_ha":14,"hectareas":4.789},"geometry":{"type":"Polygon","coordinates":[[[-105.439992,28.208322],[-105.439877,28.209243],[-105.435909,28.209292],[-105.435991,28.209143],[-105.437362,28.207622],[-105.437889,28.207765],[-105.438188,28.207845],[-105.438409,28.207926],[-105.438464,28.208039],[-105.438524,28.208129],[-105.438642,28.208172],[-105.438821,28.208182],[-105.439171,28.20818],[-105.439761,28.208274],[-105.439992,28.208322]]]}},{"type":"Feature","properties":{"modulo":4,"idparcela":"1987","productor":"PARCELA ESCOLAR FCO.I.MADERO","cultivo":"Sin Cultivo","superficie_fisica_ha":3.8,"superficie_riego_ha":3.2,"hectareas":3.503},"geometry":{"type":"Polygon","coordinates":[[[-105.437362,28.207622],[-105.435991,28.209143],[-105.435909,28.209292],[-105.435911,28.209299],[-105.434658,28.207126],[-105.434774,28.207117],[-105.436792,28.207037],[-105.43707,28.207326],[-105.437362,28.207622]]]}},{"type":"Feature","properties":{"modulo":4,"idparcela":"1986","productor":"LA CHAVE¥A SPR DE RL","cultivo":"Nogal (Nuez)","superficie_fisica_ha":13.09,"superficie_riego_ha":10.2,"hectareas":11.89},"geometry":{"type":"Polygon","coordinates":[[[-105.434774,28.207117],[-105.434658,28.207126],[-105.434607,28.207037],[-105.4345,28.206832],[-105.434207,28.206274],[-105.432258,28.20309],[-105.432762,28.20289],[-105.433629,28.202644],[-105.434493,28.202273],[-105.435099,28.202503],[-105.43533,28.202692],[-105.435391,28.204593],[-105.436192,28.205745],[-105.436733,28.206934],[-105.436792,28.207037],[-105.434774,28.207117]]]}},{"type":"Feature","properties":{"modulo":4,"idparcela":"2092","productor":"GARCIA VIEZCAS JOEL","cultivo":"Sin Cultivo","superficie_fisica_ha":18.85,"superficie_riego_ha":14.55,"hectareas":7.013},"geometry":{"type":"Polygon","coordinates":[[[-105.44341,28.206401],[-105.4434,28.204745],[-105.447325,28.20476],[-105.447348,28.206396],[-105.44341,28.206401]]]}},{"type":"Feature","properties":{"modulo":4,"idparcela":"2091","productor":"CABALLERO ORTIZ LUIS RAUL","cultivo":"Alfalfa","superficie_fisica_ha":13.8,"superficie_riego_ha":13.8,"hectareas":10.54},"geometry":{"type":"Polygon","coordinates":[[[-105.442808,28.208413],[-105.442546,28.208404],[-105.442081,28.208362],[-105.441972,28.20834],[-105.441189,28.208225],[-105.440643,28.208133],[-105.440053,28.208099],[-105.440259,28.206511],[-105.440363,28.205748],[-105.440488,28.204852],[-105.442028,28.204877],[-105.442139,28.205033],[-105.442136,28.206398],[-105.442133,28.206529],[-105.442271,28.206533],[-105.44228,28.206097],[-105.442292,28.204852],[-105.443186,28.204846],[-105.443178,28.208303],[-105.442811,28.208411],[-105.442808,28.208413]]]}},{"type":"Feature","properties":{"modulo":4,"idparcela":"2092","productor":"GARCIA VIEZCAS JOEL","cultivo":"Sin Cultivo","superficie_fisica_ha":18.85,"superficie_riego_ha":14.55,"hectareas":7.318},"geometry":{"type":"Polygon","coordinates":[[[-105.443789,28.208217],[-105.443583,28.208232],[-105.443435,28.208193],[-105.443402,28.206553],[-105.447352,28.206535],[-105.44738,28.207191],[-105.447412,28.208374],[-105.447095,28.208332],[-105.446595,28.208289],[-105.446095,28.208247],[-105.445791,28.208252],[-105.445521,28.208315],[-105.445218,28.208301],[-105.44487,28.208184],[-105.444325,28.208126],[-105.443789,28.208217]]]}},{"type":"Feature","properties":{"modulo":4,"idparcela":"2090","productor":"ESCAJEDA RAMIREZ LAZARO","cultivo":"Sin Cultivo","superficie_fisica_ha":15.8,"superficie_riego_ha":14,"hectareas":9.552},"geometry":{"type":"Polygon","coordinates":[[[-105.439803,28.208159],[-105.439504,28.208103],[-105.438711,28.207879],[-105.437697,28.207598],[-105.437463,28.207529],[-105.436962,28.206974],[-105.436715,28.206483],[-105.436505,28.20601],[-105.438026,28.205185],[-105.43939,28.204518],[-105.439701,28.204705],[-105.440156,28.204843],[-105.440282,28.204931],[-105.440322,28.205046],[-105.440299,28.205272],[-105.440214,28.205893],[-105.439061,28.205679],[-105.438486,28.20557],[-105.438232,28.205529],[-105.438186,28.205615],[-105.438187,28.205726],[-105.440154,28.206113],[-105.440151,28.206262],[-105.440135,28.206475],[-105.440259,28.206511],[-105.440053,28.208099],[-105.440042,28.208188],[-105.439803,28.208159]]]}},{"type":"Feature","properties":{"modulo":4,"idparcela":"2093","productor":"DELGADO MEDINA JOSE MATIAS","cultivo":"Sin Cultivo","superficie_fisica_ha":16.24,"superficie_riego_ha":14.4,"hectareas":8.561},"geometry":{"type":"Polygon","coordinates":[[[-105.44738,28.207191],[-105.447615,28.20709],[-105.44767,28.206722],[-105.447687,28.206315],[-105.447454,28.20607],[-105.447465,28.205709],[-105.447471,28.204757],[-105.448567,28.204761],[-105.44982,28.204771],[-105.44984,28.205113],[-105.449813,28.205289],[-105.44969,28.205357],[-105.448618,28.2055],[-105.447742,28.205594],[-105.44775,28.205757],[-105.448051,28.205743],[-105.448363,28.205718],[-105.448946,28.205659],[-105.449359,28.205601],[-105.449954,28.205471],[-105.449907,28.205667],[-105.449932,28.205805],[-105.450042,28.206015],[-105.450164,28.20629],[-105.450363,28.207442],[-105.449513,28.207682],[-105.448182,28.208256],[-105.447412,28.208374],[-105.44738,28.207191]]]}},{"type":"Feature","properties":{"modulo":4,"idparcela":"2088","productor":"VASQUEZ SALAS PAULINO","cultivo":"Cacahuate","superficie_fisica_ha":23.9,"superficie_riego_ha":20.85,"hectareas":24.924},"geometry":{"type":"Polygon","coordinates":[[[-105.44315,28.204693],[-105.440759,28.204684],[-105.44033,28.204683],[-105.44008,28.204644],[-105.439844,28.204572],[-105.439629,28.204468],[-105.43946,28.204338],[-105.439288,28.204159],[-105.438576,28.202893],[-105.437243,28.200522],[-105.437469,28.200485],[-105.437819,28.200442],[-105.438421,28.200401],[-105.438641,28.200387],[-105.438957,28.200364],[-105.439308,28.200362],[-105.439391,28.200334],[-105.439439,28.200275],[-105.439486,28.200171],[-105.43958,28.200045],[-105.439656,28.199973],[-105.439714,28.199953],[-105.439771,28.199952],[-105.439835,28.199983],[-105.439963,28.200016],[-105.440114,28.200025],[-105.440874,28.199979],[-105.440874,28.199815],[-105.440896,28.199741],[-105.440959,28.199679],[-105.441065,28.199647],[-105.441162,28.199666],[-105.441326,28.199743],[-105.441463,28.199784],[-105.441635,28.199787],[-105.441979,28.199681],[-105.442151,28.19961],[-105.442312,28.199496],[-105.442524,28.19925],[-105.442699,28.199016],[-105.442896,28.198709],[-105.443018,28.198633],[-105.443084,28.198639],[-105.443114,28.198671],[-105.443131,28.198864],[-105.44315,28.204693]]]}},{"type":"Feature","properties":{"modulo":4,"idparcela":"2117","productor":"BACA VARELA OMAR","cultivo":"Sin Cultivo","superficie_fisica_ha":10.1,"superficie_riego_ha":10.1,"hectareas":7.811},"geometry":{"type":"Polygon","coordinates":[[[-105.449537,28.201643],[-105.444361,28.201666],[-105.443726,28.20162],[-105.44354,28.201564],[-105.443499,28.200289],[-105.44638,28.200293],[-105.446751,28.200372],[-105.448493,28.200373],[-105.448777,28.200853],[-105.449537,28.201643]]]}},{"type":"Feature","properties":{"modulo":4,"idparcela":"2116","productor":"MARTINEZ REDE GUERRERO","cultivo":"Sin Cultivo","superficie_fisica_ha":23.95,"superficie_riego_ha":22.3,"hectareas":12.534},"geometry":{"type":"Polygon","coordinates":[[[-105.446362,28.198074],[-105.444015,28.198142],[-105.443689,28.198157],[-105.443568,28.198161],[-105.443822,28.197284],[-105.444024,28.197049],[-105.444088,28.196854],[-105.444062,28.196671],[-105.444081,28.196356],[-105.444292,28.195762],[-105.444446,28.195369],[-105.444511,28.195222],[-105.444681,28.195194],[-105.444809,28.195129],[-105.44805,28.195194],[-105.447889,28.197234],[-105.447963,28.197454],[-105.448397,28.197991],[-105.446729,28.198059],[-105.446362,28.198074]]]}},{"type":"Feature","properties":{"modulo":4,"idparcela":"2116","productor":"MARTINEZ REDE GUERRERO","cultivo":"Sin Cultivo","superficie_fisica_ha":23.95,"superficie_riego_ha":22.3,"hectareas":3.52},"geometry":{"type":"Polygon","coordinates":[[[-105.448397,28.197991],[-105.448467,28.198124],[-105.448479,28.198266],[-105.448444,28.198486],[-105.448347,28.198868],[-105.448273,28.199188],[-105.44828,28.19944],[-105.448336,28.199698],[-105.448453,28.200035],[-105.446787,28.200042],[-105.446729,28.198059],[-105.448397,28.197991]]]}},{"type":"Feature","properties":{"modulo":4,"idparcela":"2116","productor":"MARTINEZ REDE GUERRERO","cultivo":"Sin Cultivo","superficie_fisica_ha":23.95,"superficie_riego_ha":22.3,"hectareas":6.426},"geometry":{"type":"Polygon","coordinates":[[[-105.443568,28.198161],[-105.443689,28.198157],[-105.444015,28.198142],[-105.446362,28.198074],[-105.446427,28.200153],[-105.443496,28.200169],[-105.443493,28.19887],[-105.443457,28.198571],[-105.443493,28.19839],[-105.443568,28.198161]]]}},{"type":"Feature","properties":{"modulo":4,"idparcela":"************","productor":null,"cultivo":"Sin Cultivo","superficie_fisica_ha":null,"superficie_riego_ha":null,"hectareas":2.138},"geometry":{"type":"Polygon","coordinates":[[[-105.434365,28.201991],[-105.433356,28.202538],[-105.432367,28.202824],[-105.432099,28.20298],[-105.431514,28.202066],[-105.431656,28.202038],[-105.431944,28.202142],[-105.432116,28.202205],[-105.432336,28.202259],[-105.432516,28.202247],[-105.432657,28.202185],[-105.432853,28.202038],[-105.432907,28.201928],[-105.432904,28.201827],[-105.432812,28.201568],[-105.433479,28.201528],[-105.434345,28.201505],[-105.434365,28.201991]]]}},{"type":"Feature","properties":{"modulo":4,"idparcela":"2089","productor":"SAGARNAGA SANCHEZ RICARDO","cultivo":"Sin Cultivo","superficie_fisica_ha":20.6,"superficie_riego_ha":18.9,"hectareas":19.521},"geometry":{"type":"Polygon","coordinates":[[[-105.431503,28.20109],[-105.431477,28.20064],[-105.431499,28.200201],[-105.436871,28.200281],[-105.439235,28.204418],[-105.437866,28.205123],[-105.436452,28.205874],[-105.43556,28.20444],[-105.435573,28.20292],[-105.435713,28.202809],[-105.435697,28.202719],[-105.435565,28.202608],[-105.434779,28.202194],[-105.434365,28.201991],[-105.434345,28.201505],[-105.433479,28.201528],[-105.433477,28.201003],[-105.43318,28.200923],[-105.432633,28.200965],[-105.4322,28.200967],[-105.431858,28.200914],[-105.431503,28.20109]]]}},{"type":"Feature","properties":{"modulo":4,"idparcela":"2131","productor":"AGUIRRE MENDOZA JESUS JOSE","cultivo":"Alfalfa","superficie_fisica_ha":16.03,"superficie_riego_ha":15.33,"hectareas":15.058},"geometry":{"type":"Polygon","coordinates":[[[-105.434999,28.195082],[-105.435073,28.197184],[-105.435309,28.197657],[-105.435465,28.197924],[-105.430242,28.198027],[-105.430241,28.196527],[-105.430305,28.195132],[-105.434999,28.195082]]]}},{"type":"Feature","properties":{"modulo":4,"idparcela":"2118","productor":"SANCHEZ BERNAL SAMUEL","cultivo":"Chile verde","superficie_fisica_ha":21.14,"superficie_riego_ha":17.45,"hectareas":15.401},"geometry":{"type":"Polygon","coordinates":[[[-105.436871,28.200281],[-105.431499,28.200201],[-105.431477,28.20064],[-105.431503,28.20109],[-105.431189,28.201454],[-105.430247,28.200041],[-105.430242,28.198027],[-105.435465,28.197924],[-105.436871,28.200281]]]}},{"type":"Feature","properties":{"modulo":4,"idparcela":"2019","productor":"GARCIA FERNANDEZ ARTURO","cultivo":"Sin Cultivo","superficie_fisica_ha":30.661,"superficie_riego_ha":30.661,"hectareas":30.443},"geometry":{"type":"Polygon","coordinates":[[[-105.402487,28.168654],[-105.408096,28.168651],[-105.408146,28.168731],[-105.407799,28.168923],[-105.407848,28.169211],[-105.407982,28.16967],[-105.40815,28.16967],[-105.408419,28.169703],[-105.409726,28.173167],[-105.404178,28.17308],[-105.402504,28.173069],[-105.402487,28.168654]]]}},{"type":"Feature","properties":{"modulo":4,"idparcela":"9610","productor":"COLONOS UNIDOS MARIA BONITA SPR DE RI","cultivo":"Alfalfa","superficie_fisica_ha":51.9,"superficie_riego_ha":51.9,"hectareas":69.53},"geometry":{"type":"Polygon","coordinates":[[[-105.394491,28.15511],[-105.404379,28.15511],[-105.404171,28.156984],[-105.404422,28.157853],[-105.404201,28.158072],[-105.404307,28.158477],[-105.404545,28.158455],[-105.405705,28.162115],[-105.402635,28.162516],[-105.402589,28.160796],[-105.394457,28.160819],[-105.392485,28.160833],[-105.392286,28.159654],[-105.394471,28.159638],[-105.394489,28.159573],[-105.394491,28.15511]]]}},{"type":"Feature","properties":{"modulo":4,"idparcela":"************","productor":null,"cultivo":"Sin Cultivo","superficie_fisica_ha":null,"superficie_riego_ha":null,"hectareas":37.927},"geometry":{"type":"Polygon","coordinates":[[[-105.406024,28.182124],[-105.405812,28.173257],[-105.409713,28.173337],[-105.409938,28.17383],[-105.410087,28.174231],[-105.409919,28.17753],[-105.409784,28.179314],[-105.409766,28.180707],[-105.409785,28.1821],[-105.406024,28.182124]]]}},{"type":"Feature","properties":{"modulo":4,"idparcela":"9608","productor":"TERRAZAS VILLALOBOS NICOLAS","cultivo":"Sin Cultivo","superficie_fisica_ha":41,"superficie_riego_ha":41,"hectareas":43.957},"geometry":{"type":"Polygon","coordinates":[[[-105.405168,28.191274],[-105.405083,28.189249],[-105.405073,28.189086],[-105.404977,28.186736],[-105.405077,28.186737],[-105.405083,28.185182],[-105.405057,28.182312],[-105.409815,28.182296],[-105.410113,28.183867],[-105.410818,28.186755],[-105.410798,28.187083],[-105.410775,28.187273],[-105.410177,28.188371],[-105.410011,28.188539],[-105.409761,28.188771],[-105.407952,28.189831],[-105.405527,28.191321],[-105.405215,28.19131],[-105.405168,28.191274]]]}},{"type":"Feature","properties":{"modulo":4,"idparcela":"2257","productor":"VEGA DE CALDERON CONSUELO","cultivo":"Ma­z","superficie_fisica_ha":22.196,"superficie_riego_ha":22.196,"hectareas":19.783},"geometry":{"type":"Polygon","coordinates":[[[-105.417707,28.175819],[-105.414191,28.175764],[-105.411251,28.175744],[-105.410316,28.175764],[-105.410357,28.174233],[-105.410278,28.173921],[-105.410015,28.173418],[-105.410403,28.173314],[-105.417716,28.17331],[-105.417707,28.175819]]]}},{"type":"Feature","properties":{"modulo":4,"idparcela":"2258","productor":"CALDERON VEGA JOSE","cultivo":"Ma­z","superficie_fisica_ha":9.99,"superficie_riego_ha":9.99,"hectareas":14.719},"geometry":{"type":"Polygon","coordinates":[[[-105.410316,28.175764],[-105.411251,28.175744],[-105.414191,28.175764],[-105.417707,28.175819],[-105.417709,28.177577],[-105.417003,28.177577],[-105.410174,28.177611],[-105.410316,28.175764]]]}},{"type":"Feature","properties":{"modulo":4,"idparcela":"2263","productor":"CALDERON VEGA JOSE","cultivo":"Ma­z","superficie_fisica_ha":18.7,"superficie_riego_ha":18.7,"hectareas":16.892},"geometry":{"type":"Polygon","coordinates":[[[-105.417871,28.173376],[-105.418269,28.173352],[-105.425981,28.173327],[-105.424268,28.175451],[-105.424156,28.175484],[-105.422689,28.175492],[-105.417899,28.17552],[-105.417871,28.173376]]]}},{"type":"Feature","properties":{"modulo":4,"idparcela":"2262","productor":"TIERRA BARBARA S.P.R. DE R.L. DE C.V.","cultivo":"Alfalfa","superficie_fisica_ha":11.15,"superficie_riego_ha":11.15,"hectareas":12.506},"geometry":{"type":"Polygon","coordinates":[[[-105.424156,28.175484],[-105.422508,28.177575],[-105.417889,28.177699],[-105.417899,28.17552],[-105.422689,28.175492],[-105.424156,28.175484]]]}},{"type":"Feature","properties":{"modulo":4,"idparcela":"2261","productor":"TIERRA BARBARA S.P.R. DE R.L. DE C.V.","cultivo":"Alfalfa","superficie_fisica_ha":22.32,"superficie_riego_ha":22.32,"hectareas":18.595},"geometry":{"type":"Polygon","coordinates":[[[-105.422508,28.177575],[-105.422509,28.179988],[-105.422432,28.181262],[-105.417689,28.181401],[-105.417818,28.180994],[-105.417849,28.180766],[-105.417859,28.178536],[-105.417889,28.177699],[-105.422508,28.177575]]]}},{"type":"Feature","properties":{"modulo":4,"idparcela":"2270","productor":"CADENA PAYAN EFREN","cultivo":"Sin Cultivo","superficie_fisica_ha":79.05,"superficie_riego_ha":55.85,"hectareas":80.089},"geometry":{"type":"Polygon","coordinates":[[[-105.425981,28.173327],[-105.428114,28.173322],[-105.428812,28.173984],[-105.433019,28.177582],[-105.433023,28.17772],[-105.433026,28.179566],[-105.433087,28.182183],[-105.425346,28.182258],[-105.42504,28.182083],[-105.424584,28.181865],[-105.424315,28.181691],[-105.42407,28.181524],[-105.42392,28.181449],[-105.423721,28.181587],[-105.423503,28.181701],[-105.423338,28.181806],[-105.423156,28.181919],[-105.422973,28.181837],[-105.422783,28.181711],[-105.42259,28.181477],[-105.422525,28.18123],[-105.422597,28.180245],[-105.422615,28.177591],[-105.424268,28.175451],[-105.425981,28.173327]]]}},{"type":"Feature","properties":{"modulo":4,"idparcela":"9641","productor":"RODRIGUEZ CASTA¥EDA LUIS FERNANDO","cultivo":"Sin Cultivo","superficie_fisica_ha":27.65,"superficie_riego_ha":27.65,"hectareas":12.224},"geometry":{"type":"Polygon","coordinates":[[[-105.433195,28.173225],[-105.433211,28.177579],[-105.433019,28.177582],[-105.428812,28.173984],[-105.428834,28.1738],[-105.428911,28.173646],[-105.429143,28.173546],[-105.429422,28.173532],[-105.429693,28.17352],[-105.42989,28.173474],[-105.430028,28.173255],[-105.430294,28.173086],[-105.430696,28.173186],[-105.433195,28.173225]]]}},{"type":"Feature","properties":{"modulo":4,"idparcela":"2259","productor":"TIERRA BARBARA S.P.R. DE R.L. DE C.V.","cultivo":"Alfalfa","superficie_fisica_ha":32.396,"superficie_riego_ha":32.396,"hectareas":36},"geometry":{"type":"Polygon","coordinates":[[[-105.417003,28.177577],[-105.416877,28.177814],[-105.416892,28.17804],[-105.416949,28.178195],[-105.417708,28.178195],[-105.4177,28.178539],[-105.417687,28.180785],[-105.417358,28.181966],[-105.41723,28.182068],[-105.417037,28.182103],[-105.410108,28.182024],[-105.410086,28.180584],[-105.410059,28.179897],[-105.410174,28.177611],[-105.417003,28.177577]]]}},{"type":"Feature","properties":{"modulo":4,"idparcela":"2256","productor":"TIERRA BARBARA S.P.R. DE R.L. DE C.V.","cultivo":"Alfalfa","superficie_fisica_ha":6.43,"superficie_riego_ha":6.43,"hectareas":9.681},"geometry":{"type":"Polygon","coordinates":[[[-105.422432,28.181262],[-105.422463,28.181426],[-105.422538,28.181588],[-105.422683,28.181734],[-105.422837,28.181856],[-105.422994,28.181955],[-105.422834,28.18209],[-105.422696,28.182237],[-105.422553,28.182377],[-105.422358,28.182615],[-105.422209,28.182851],[-105.422062,28.183163],[-105.421901,28.18351],[-105.421768,28.18376],[-105.421621,28.184045],[-105.421569,28.184213],[-105.418168,28.182284],[-105.417783,28.182074],[-105.417552,28.181952],[-105.417632,28.181598],[-105.417689,28.181401],[-105.422432,28.181262]]]}},{"type":"Feature","properties":{"modulo":4,"idparcela":"2266","productor":"INDUSTRIAL AGROPECUARIA DURHSA S.A. DE C.V.","cultivo":"Cacahuate","superficie_fisica_ha":39.37,"superficie_riego_ha":37.27,"hectareas":39.188},"geometry":{"type":"Polygon","coordinates":[[[-105.437461,28.166363],[-105.435839,28.166972],[-105.435648,28.167405],[-105.435063,28.168333],[-105.437025,28.169365],[-105.434006,28.172037],[-105.433494,28.172187],[-105.433304,28.172288],[-105.433128,28.172632],[-105.431229,28.172459],[-105.430913,28.172495],[-105.429971,28.172865],[-105.429602,28.172223],[-105.429429,28.172122],[-105.428436,28.170355],[-105.429646,28.168807],[-105.431207,28.16691],[-105.431487,28.16693],[-105.433151,28.166645],[-105.435203,28.166153],[-105.43569,28.166023],[-105.436387,28.165904],[-105.436651,28.165966],[-105.437068,28.166146],[-105.437461,28.166363]]]}},{"type":"Feature","properties":{"modulo":4,"idparcela":"2020","productor":"SALAS RUESGA LETICIA OFELIA","cultivo":"Alfalfa","superficie_fisica_ha":30.55,"superficie_riego_ha":13.85,"hectareas":27.227},"geometry":{"type":"Polygon","coordinates":[[[-105.433128,28.172632],[-105.433304,28.172288],[-105.433494,28.172187],[-105.434006,28.172037],[-105.437025,28.169365],[-105.435063,28.168333],[-105.435648,28.167405],[-105.435839,28.166972],[-105.437461,28.166363],[-105.437519,28.166379],[-105.437923,28.167112],[-105.437854,28.167659],[-105.437525,28.168638],[-105.437351,28.169169],[-105.437631,28.169705],[-105.437669,28.169911],[-105.437545,28.170621],[-105.437454,28.170998],[-105.437326,28.17137],[-105.437261,28.171553],[-105.437338,28.17172],[-105.437616,28.17233],[-105.437581,28.173134],[-105.43569,28.17317],[-105.435559,28.176299],[-105.43467,28.176294],[-105.434961,28.176834],[-105.43498,28.177532],[-105.433211,28.177579],[-105.433195,28.173225],[-105.433128,28.172632]]]}},{"type":"Feature","properties":{"modulo":4,"idparcela":"2267","productor":"AGROPECUARIA CADENA HERMANOS SPR DE RL","cultivo":"Trigo","superficie_fisica_ha":21.66,"superficie_riego_ha":21.66,"hectareas":17.828},"geometry":{"type":"Polygon","coordinates":[[[-105.43498,28.177532],[-105.434961,28.176834],[-105.43467,28.176294],[-105.435559,28.176299],[-105.43569,28.17317],[-105.437581,28.173134],[-105.437648,28.173288],[-105.437707,28.173504],[-105.437746,28.173704],[-105.437828,28.174055],[-105.4381,28.17479],[-105.438242,28.175122],[-105.438984,28.175571],[-105.439307,28.175711],[-105.439815,28.175859],[-105.440223,28.175986],[-105.440395,28.17597],[-105.440431,28.176287],[-105.440482,28.176474],[-105.44064,28.176677],[-105.440927,28.176988],[-105.44111,28.177614],[-105.43498,28.177532]]]}},{"type":"Feature","properties":{"modulo":4,"idparcela":"2301","productor":"PIMIENTA DE CADENA MA.DE LOURDES","cultivo":"Alfalfa","superficie_fisica_ha":11,"superficie_riego_ha":11,"hectareas":8.358},"geometry":{"type":"Polygon","coordinates":[[[-105.440395,28.17597],[-105.440562,28.175737],[-105.440652,28.175165],[-105.440766,28.175007],[-105.441587,28.174789],[-105.442507,28.174595],[-105.443294,28.175885],[-105.444071,28.176886],[-105.443556,28.177262],[-105.44356,28.177644],[-105.44111,28.177614],[-105.440927,28.176988],[-105.44064,28.176677],[-105.440482,28.176474],[-105.440431,28.176287],[-105.440395,28.17597]]]}},{"type":"Feature","properties":{"modulo":4,"idparcela":"2302","productor":"AGROPECUARIA CADENA HERMANOS SPR DE RL","cultivo":"Alfalfa","superficie_fisica_ha":9,"superficie_riego_ha":9,"hectareas":9.89},"geometry":{"type":"Polygon","coordinates":[[[-105.442507,28.174595],[-105.441587,28.174789],[-105.440766,28.175007],[-105.440652,28.175165],[-105.440562,28.175737],[-105.440395,28.17597],[-105.440223,28.175986],[-105.439815,28.175859],[-105.439307,28.175711],[-105.438984,28.175571],[-105.438242,28.175122],[-105.4381,28.17479],[-105.437828,28.174055],[-105.437746,28.173704],[-105.437895,28.173669],[-105.441541,28.172688],[-105.442507,28.174595]]]}},{"type":"Feature","properties":{"modulo":4,"idparcela":"2300","productor":"CRUZ HERRERA VICTOR HUGO","cultivo":"Ma­z","superficie_fisica_ha":20.51,"superficie_riego_ha":17.12,"hectareas":18.244},"geometry":{"type":"Polygon","coordinates":[[[-105.437261,28.171553],[-105.437326,28.17137],[-105.437454,28.170998],[-105.437545,28.170621],[-105.437669,28.169911],[-105.437631,28.169705],[-105.437351,28.169169],[-105.437525,28.168638],[-105.437854,28.167659],[-105.437923,28.167112],[-105.437519,28.166379],[-105.438122,28.16607],[-105.441541,28.172688],[-105.437895,28.173669],[-105.437746,28.173704],[-105.437707,28.173504],[-105.437648,28.173288],[-105.437581,28.173134],[-105.437616,28.17233],[-105.437338,28.17172],[-105.437261,28.171553]]]}},{"type":"Feature","properties":{"modulo":4,"idparcela":"9641","productor":"RODRIGUEZ CASTA¥EDA LUIS FERNANDO","cultivo":"Sin Cultivo","superficie_fisica_ha":27.65,"superficie_riego_ha":27.65,"hectareas":16.444},"geometry":{"type":"Polygon","coordinates":[[[-105.436248,28.184408],[-105.433151,28.184413],[-105.433087,28.182183],[-105.433026,28.179566],[-105.434843,28.179561],[-105.436177,28.179583],[-105.436227,28.182148],[-105.436248,28.184408]]]}},{"type":"Feature","properties":{"modulo":4,"idparcela":"2305","productor":"BUSTAMANTE MOLINA NORMANDO","cultivo":"Nogal (Nuez)","superficie_fisica_ha":6,"superficie_riego_ha":3.5,"hectareas":3.668},"geometry":{"type":"Polygon","coordinates":[[[-105.433023,28.17772],[-105.434859,28.1777],[-105.434843,28.179561],[-105.433026,28.179566],[-105.433023,28.17772]]]}},{"type":"Feature","properties":{"modulo":4,"idparcela":"2269","productor":"SA DE CV DARCONS CONSTRUCTORA","cultivo":"Sin Cultivo","superficie_fisica_ha":18.5266,"superficie_riego_ha":14.9,"hectareas":17.907},"geometry":{"type":"Polygon","coordinates":[[[-105.437901,28.187268],[-105.439185,28.184264],[-105.439228,28.182133],[-105.441211,28.182125],[-105.443166,28.182158],[-105.443192,28.184564],[-105.443088,28.184814],[-105.442741,28.185264],[-105.437901,28.187268]]]}},{"type":"Feature","properties":{"modulo":4,"idparcela":"2303","productor":"OCHOA REYNOSO RAFAEL","cultivo":"Sin Cultivo","superficie_fisica_ha":23,"superficie_riego_ha":14.97,"hectareas":15.501},"geometry":{"type":"Polygon","coordinates":[[[-105.439228,28.182133],[-105.438939,28.181503],[-105.438657,28.181014],[-105.43859,28.180461],[-105.438384,28.17967],[-105.438218,28.17944],[-105.438199,28.177713],[-105.442307,28.177757],[-105.441211,28.182125],[-105.439228,28.182133]]]}},{"type":"Feature","properties":{"modulo":4,"idparcela":"2267","productor":"AGROPECUARIA CADENA HERMANOS SPR DE RL","cultivo":"Trigo","superficie_fisica_ha":21.66,"superficie_riego_ha":21.66,"hectareas":3.833},"geometry":{"type":"Polygon","coordinates":[[[-105.438218,28.17944],[-105.43805,28.179426],[-105.436151,28.179432],[-105.436174,28.177688],[-105.438199,28.177713],[-105.438218,28.17944]]]}},{"type":"Feature","properties":{"modulo":4,"idparcela":"2305","productor":"BUSTAMANTE MOLINA NORMANDO","cultivo":"Nogal (Nuez)","superficie_fisica_ha":6,"superficie_riego_ha":3.5,"hectareas":2.161},"geometry":{"type":"Polygon","coordinates":[[[-105.436151,28.179432],[-105.435008,28.179412],[-105.43501,28.177696],[-105.436174,28.177688],[-105.436151,28.179432]]]}},{"type":"Feature","properties":{"modulo":4,"idparcela":"************","productor":null,"cultivo":"Sin Cultivo","superficie_fisica_ha":null,"superficie_riego_ha":null,"hectareas":20.682},"geometry":{"type":"Polygon","coordinates":[[[-105.444951,28.177872],[-105.449209,28.182305],[-105.446158,28.183622],[-105.445802,28.183486],[-105.445183,28.183228],[-105.445027,28.183117],[-105.44495,28.182868],[-105.444742,28.182591],[-105.443935,28.182021],[-105.443442,28.1807],[-105.443321,28.179352],[-105.443148,28.179124],[-105.443377,28.178919],[-105.443605,28.178486],[-105.443604,28.178207],[-105.443603,28.178054],[-105.443775,28.17785],[-105.444951,28.177872]]]}},{"type":"Feature","properties":{"modulo":4,"idparcela":"2278","productor":"TERRAZAS VILLALOBOS NICOLAS","cultivo":"Cacahuate","superficie_fisica_ha":19.2,"superficie_riego_ha":19.2,"hectareas":19.633},"geometry":{"type":"Polygon","coordinates":[[[-105.442215,28.187444],[-105.440578,28.189255],[-105.440349,28.189485],[-105.439105,28.191289],[-105.438689,28.191909],[-105.438349,28.192279],[-105.438106,28.192398],[-105.437826,28.192414],[-105.437568,28.192357],[-105.437306,28.192197],[-105.436878,28.191906],[-105.436659,28.191579],[-105.436255,28.190915],[-105.435382,28.189322],[-105.437066,28.188552],[-105.442249,28.186391],[-105.442215,28.187444]]]}},{"type":"Feature","properties":{"modulo":4,"idparcela":"9543","productor":"BOLIVAR HEREDIA GUADALUPE","cultivo":"Sin Cultivo","superficie_fisica_ha":1.5,"superficie_riego_ha":1.5,"hectareas":4.349},"geometry":{"type":"Polygon","coordinates":[[[-105.437066,28.188552],[-105.437787,28.187687],[-105.445181,28.184713],[-105.445354,28.185094],[-105.442249,28.186391],[-105.437066,28.188552]]]}},{"type":"Feature","properties":{"modulo":4,"idparcela":"2275","productor":"MARTINEZ BELTRAN ARNULFO","cultivo":"Sin Cultivo","superficie_fisica_ha":11.75,"superficie_riego_ha":11.55,"hectareas":11.603},"geometry":{"type":"Polygon","coordinates":[[[-105.436878,28.191906],[-105.437306,28.192197],[-105.437568,28.192357],[-105.437826,28.192414],[-105.438106,28.192398],[-105.438349,28.192279],[-105.438689,28.191909],[-105.439105,28.191289],[-105.440349,28.189485],[-105.440578,28.189255],[-105.442215,28.187444],[-105.442202,28.191286],[-105.441104,28.191644],[-105.440254,28.19229],[-105.438927,28.193343],[-105.438643,28.193483],[-105.438327,28.193484],[-105.438068,28.193307],[-105.437491,28.192622],[-105.437174,28.192242],[-105.436878,28.191906]]]}},{"type":"Feature","properties":{"modulo":4,"idparcela":"2272","productor":"ORTIZ SANCHEZ JORGE","cultivo":"Ajo","superficie_fisica_ha":15.28,"superficie_riego_ha":15.28,"hectareas":14.787},"geometry":{"type":"Polygon","coordinates":[[[-105.433392,28.190054],[-105.434665,28.189582],[-105.435,28.189896],[-105.435431,28.189825],[-105.436621,28.191912],[-105.437573,28.192979],[-105.437696,28.193204],[-105.437668,28.193463],[-105.437838,28.193708],[-105.43809,28.193941],[-105.438407,28.194017],[-105.43779,28.194929],[-105.435326,28.194941],[-105.433392,28.190054]]]}},{"type":"Feature","properties":{"modulo":4,"idparcela":"2271","productor":"AGUIRRE PRIETO ALVARO","cultivo":"Alfalfa","superficie_fisica_ha":23.9,"superficie_riego_ha":23.3,"hectareas":2.9},"geometry":{"type":"Polygon","coordinates":[[[-105.433136,28.189729],[-105.431465,28.186909],[-105.432055,28.186903],[-105.4327,28.187574],[-105.433399,28.188448],[-105.433704,28.188722],[-105.434117,28.188908],[-105.434236,28.189018],[-105.434401,28.189156],[-105.433136,28.189729]]]}},{"type":"Feature","properties":{"modulo":4,"idparcela":"2021","productor":"AGUIRRE MENDOZA JESUS JOSE","cultivo":"Alfalfa","superficie_fisica_ha":28.25,"superficie_riego_ha":24.11,"hectareas":24.482},"geometry":{"type":"Polygon","coordinates":[[[-105.43501,28.194935],[-105.428151,28.194897],[-105.428314,28.194264],[-105.428366,28.193541],[-105.428226,28.192916],[-105.428014,28.192357],[-105.43315,28.190145],[-105.434442,28.193505],[-105.43501,28.194935]]]}},{"type":"Feature","properties":{"modulo":4,"idparcela":"9603","productor":"AGUIRRE PRIETO ALVARO","cultivo":"Sin Cultivo","superficie_fisica_ha":2,"superficie_riego_ha":2,"hectareas":2.703},"geometry":{"type":"Polygon","coordinates":[[[-105.428014,28.192357],[-105.427774,28.19193],[-105.432972,28.189783],[-105.43315,28.190145],[-105.428014,28.192357]]]}},{"type":"Feature","properties":{"modulo":4,"idparcela":"2271","productor":"AGUIRRE PRIETO ALVARO","cultivo":"Alfalfa","superficie_fisica_ha":23.9,"superficie_riego_ha":23.3,"hectareas":27.582},"geometry":{"type":"Polygon","coordinates":[[[-105.427774,28.19193],[-105.427404,28.19164],[-105.426815,28.191332],[-105.426435,28.191132],[-105.426253,28.190933],[-105.426114,28.190446],[-105.426108,28.190032],[-105.426141,28.189321],[-105.426239,28.188656],[-105.426271,28.187934],[-105.426141,28.187422],[-105.426025,28.186967],[-105.425902,28.186706],[-105.426015,28.186657],[-105.427129,28.186714],[-105.427248,28.186886],[-105.427479,28.186931],[-105.431228,28.186902],[-105.432216,28.188586],[-105.432972,28.189783],[-105.427774,28.19193]]]}},{"type":"Feature","properties":{"modulo":4,"idparcela":"2279","productor":"SANCHEZ BERNAL SAMUEL","cultivo":"Alfalfa","superficie_fisica_ha":18.4,"superficie_riego_ha":15.6,"hectareas":14.254},"geometry":{"type":"Polygon","coordinates":[[[-105.424253,28.186039],[-105.421895,28.184463],[-105.421847,28.184384],[-105.421765,28.184207],[-105.421791,28.184014],[-105.42197,28.183763],[-105.422119,28.183542],[-105.422221,28.183291],[-105.422336,28.182965],[-105.422515,28.182694],[-105.422755,28.182421],[-105.423325,28.181969],[-105.423641,28.181805],[-105.4239,28.181677],[-105.424129,28.181855],[-105.424798,28.182152],[-105.425115,28.182432],[-105.425337,28.182723],[-105.425556,28.183083],[-105.425971,28.18409],[-105.427129,28.186714],[-105.426015,28.186657],[-105.425902,28.186706],[-105.425806,28.186491],[-105.425682,28.186219],[-105.425494,28.185793],[-105.425032,28.18526],[-105.424355,28.184818],[-105.424178,28.184863],[-105.424104,28.185023],[-105.424102,28.185236],[-105.424231,28.185847],[-105.424253,28.186039]]]}},{"type":"Feature","properties":{"modulo":4,"idparcela":"************","productor":null,"cultivo":"Sin Cultivo","superficie_fisica_ha":null,"superficie_riego_ha":null,"hectareas":52.492},"geometry":{"type":"Polygon","coordinates":[[[-105.433151,28.184413],[-105.436248,28.184408],[-105.436227,28.182148],[-105.438943,28.182187],[-105.4389,28.184098],[-105.43876,28.1845],[-105.437918,28.186633],[-105.433764,28.186733],[-105.431382,28.186741],[-105.427402,28.186766],[-105.427295,28.186619],[-105.426757,28.185361],[-105.426165,28.184012],[-105.425749,28.182956],[-105.425346,28.182258],[-105.433087,28.182183],[-105.433151,28.184413]]]}},{"type":"Feature","properties":{"modulo":4,"idparcela":"1928","productor":"BERNAL MU¥OZ JOSEFINA","cultivo":"Algod½n","superficie_fisica_ha":41.6,"superficie_riego_ha":29.3,"hectareas":27.046},"geometry":{"type":"Polygon","coordinates":[[[-105.424393,28.191129],[-105.417923,28.191133],[-105.41788,28.186735],[-105.422781,28.186764],[-105.42351,28.188663],[-105.424393,28.191129]]]}},{"type":"Feature","properties":{"modulo":4,"idparcela":"1947","productor":"NEVARES VALLES JAVIER OSWALDO","cultivo":"Ma­z","superficie_fisica_ha":45.45,"superficie_riego_ha":18.55,"hectareas":15.819},"geometry":{"type":"Polygon","coordinates":[[[-105.41788,28.186735],[-105.417898,28.186566],[-105.417835,28.184551],[-105.417589,28.184003],[-105.417437,28.183282],[-105.41743,28.182676],[-105.417467,28.182279],[-105.417552,28.18226],[-105.417616,28.182237],[-105.418011,28.182409],[-105.420014,28.183569],[-105.421514,28.18441],[-105.421676,28.184605],[-105.422124,28.185502],[-105.422532,28.186274],[-105.422781,28.186764],[-105.41788,28.186735]]]}},{"type":"Feature","properties":{"modulo":4,"idparcela":"2260","productor":"AGRICOLA PINO SOLO SPR DE RL","cultivo":"Alfalfa","superficie_fisica_ha":27.4,"superficie_riego_ha":27.4,"hectareas":33.116},"geometry":{"type":"Polygon","coordinates":[[[-105.411079,28.186646],[-105.410268,28.182696],[-105.410252,28.182411],[-105.410312,28.18227],[-105.410461,28.182192],[-105.413335,28.182202],[-105.415416,28.182233],[-105.417199,28.182256],[-105.41717,28.182932],[-105.417206,28.183573],[-105.417423,28.184184],[-105.417645,28.184694],[-105.417683,28.186074],[-105.417691,28.186727],[-105.411346,28.186665],[-105.411079,28.186646]]]}},{"type":"Feature","properties":{"modulo":4,"idparcela":"2265","productor":"VALLE DEL CONCHOS SPR DE RL DE CV","cultivo":"Nogal (Nuez)","superficie_fisica_ha":29.7003,"superficie_riego_ha":22.95,"hectareas":29.414},"geometry":{"type":"Polygon","coordinates":[[[-105.429646,28.168807],[-105.428436,28.170355],[-105.429429,28.172122],[-105.429602,28.172223],[-105.429971,28.172865],[-105.42975,28.172992],[-105.429422,28.173159],[-105.422939,28.173151],[-105.42286,28.16887],[-105.422873,28.168833],[-105.429646,28.168807]]]}},{"type":"Feature","properties":{"modulo":4,"idparcela":"2264","productor":"CALDERON MEDRANO RAMIRO","cultivo":"Chile verde","superficie_fisica_ha":24.5,"superficie_riego_ha":24.5,"hectareas":24.393},"geometry":{"type":"Polygon","coordinates":[[[-105.422939,28.173151],[-105.422813,28.173189],[-105.417904,28.173176],[-105.417781,28.1677],[-105.417834,28.167717],[-105.418458,28.168514],[-105.418654,28.168706],[-105.418854,28.168803],[-105.422732,28.168851],[-105.422873,28.168833],[-105.42286,28.16887],[-105.422939,28.173151]]]}},{"type":"Feature","properties":{"modulo":4,"idparcela":"2255","productor":"SOLTERO LARA VICTOR HUGO","cultivo":"Sin Cultivo","superficie_fisica_ha":42.189,"superficie_riego_ha":42.189,"hectareas":40.946},"geometry":{"type":"Polygon","coordinates":[[[-105.417645,28.168787],[-105.417725,28.173058],[-105.417604,28.173156],[-105.410339,28.173187],[-105.409968,28.173268],[-105.409815,28.172867],[-105.408449,28.169202],[-105.408366,28.168799],[-105.408511,28.168815],[-105.408962,28.168769],[-105.409371,28.168741],[-105.417645,28.168787]]]}},{"type":"Feature","properties":{"modulo":4,"idparcela":"2254","productor":"LA CAMPERA S.P.R. DE R.L.","cultivo":"Ma­z","superficie_fisica_ha":42.49,"superficie_riego_ha":39.4,"hectareas":41.074},"geometry":{"type":"Polygon","coordinates":[[[-105.417645,28.168641],[-105.409473,28.168637],[-105.408916,28.168648],[-105.408339,28.168679],[-105.407841,28.165149],[-105.407244,28.164257],[-105.414672,28.164227],[-105.417643,28.167371],[-105.417645,28.168641]]]}},{"type":"Feature","properties":{"modulo":4,"idparcela":"2288","productor":"EL TRES S.P.R. DE R.L.","cultivo":"Nogal (Nuez)","superficie_fisica_ha":23.4,"superficie_riego_ha":23.4,"hectareas":21.706},"geometry":{"type":"Polygon","coordinates":[[[-105.417788,28.164372],[-105.4227,28.164344],[-105.422766,28.168592],[-105.41898,28.168525],[-105.418789,28.168469],[-105.418086,28.167598],[-105.417799,28.167232],[-105.417788,28.164372]]]}},{"type":"Feature","properties":{"modulo":4,"idparcela":"2287","productor":"LA CHAVE¥A SPR DE RL","cultivo":"Nogal (Nuez)","superficie_fisica_ha":29.65,"superficie_riego_ha":29.65,"hectareas":30.081},"geometry":{"type":"Polygon","coordinates":[[[-105.422895,28.164354],[-105.425298,28.1643],[-105.42581,28.164621],[-105.42625,28.16476],[-105.426453,28.164676],[-105.426724,28.164273],[-105.427799,28.16425],[-105.428155,28.164723],[-105.428695,28.165489],[-105.428956,28.165802],[-105.429295,28.166031],[-105.429849,28.166373],[-105.430537,28.166723],[-105.430555,28.167383],[-105.42959,28.168594],[-105.422945,28.168599],[-105.422895,28.164354]]]}},{"type":"Feature","properties":{"modulo":4,"idparcela":"2299","productor":"GOMEZ DE GUEVARA GABINA","cultivo":"Sin Cultivo","superficie_fisica_ha":9.8,"superficie_riego_ha":9.8,"hectareas":9.308},"geometry":{"type":"Polygon","coordinates":[[[-105.436873,28.16356],[-105.437804,28.165316],[-105.438059,28.165759],[-105.438173,28.166001],[-105.437605,28.16622],[-105.436568,28.16576],[-105.435721,28.165874],[-105.433046,28.166544],[-105.431323,28.166822],[-105.435208,28.164221],[-105.436873,28.16356]]]}},{"type":"Feature","properties":{"modulo":4,"idparcela":"2292","productor":"GARCIA ELIZALDE ERNESTO","cultivo":"Nogal (Nuez)","superficie_fisica_ha":11.05,"superficie_riego_ha":11.05,"hectareas":11.775},"geometry":{"type":"Polygon","coordinates":[[[-105.431433,28.166514],[-105.431147,28.16674],[-105.430638,28.166573],[-105.430182,28.166377],[-105.429642,28.166071],[-105.429127,28.165716],[-105.428824,28.165345],[-105.428297,28.164531],[-105.428062,28.164031],[-105.435107,28.164045],[-105.431433,28.166514]]]}},{"type":"Feature","properties":{"modulo":4,"idparcela":"2291","productor":"GUTIERREZ CALDERON JORGE ARMANDO","cultivo":"Alfalfa","superficie_fisica_ha":38.35,"superficie_riego_ha":38.35,"hectareas":36.937},"geometry":{"type":"Polygon","coordinates":[[[-105.428062,28.164031],[-105.428072,28.162461],[-105.428112,28.160286],[-105.428281,28.159588],[-105.434755,28.159574],[-105.436681,28.16337],[-105.435107,28.164045],[-105.428062,28.164031]]]}},{"type":"Feature","properties":{"modulo":4,"idparcela":"2290","productor":"QUEVEDO GONZALEZ GILLERMO","cultivo":"Alfalfa","superficie_fisica_ha":27.9,"superficie_riego_ha":27.9,"hectareas":25.586},"geometry":{"type":"Polygon","coordinates":[[[-105.428281,28.159588],[-105.428267,28.159294],[-105.428234,28.156364],[-105.428174,28.155237],[-105.429176,28.155235],[-105.43077,28.155206],[-105.432504,28.155207],[-105.43305,28.156197],[-105.434755,28.159574],[-105.428281,28.159588]]]}},{"type":"Feature","properties":{"modulo":4,"idparcela":"2289","productor":"ORNELAS RODRIGUEZ MARIO ALBERTO","cultivo":"Alfalfa","superficie_fisica_ha":25.55,"superficie_riego_ha":25.55,"hectareas":23.25},"geometry":{"type":"Polygon","coordinates":[[[-105.422881,28.164208],[-105.422783,28.159873],[-105.425286,28.159905],[-105.427917,28.159934],[-105.427831,28.164112],[-105.422881,28.164208]]]}},{"type":"Feature","properties":{"modulo":4,"idparcela":"2296","productor":"COLONOS UNIDOS MARIA BONITA SPR DE RI","cultivo":"Alfalfa","superficie_fisica_ha":23.2,"superficie_riego_ha":23.2,"hectareas":24.296},"geometry":{"type":"Polygon","coordinates":[[[-105.422788,28.159651],[-105.422891,28.156635],[-105.42294,28.155315],[-105.424852,28.155285],[-105.427924,28.155302],[-105.427955,28.156454],[-105.427966,28.159622],[-105.427927,28.159734],[-105.427803,28.159783],[-105.424727,28.159661],[-105.422788,28.159651]]]}},{"type":"Feature","properties":{"modulo":4,"idparcela":"2286","productor":"CHAVEZ BUNSOW GUILLERMINA","cultivo":"Nogal (Nuez)","superficie_fisica_ha":22.8,"superficie_riego_ha":22.8,"hectareas":24.363},"geometry":{"type":"Polygon","coordinates":[[[-105.4227,28.164344],[-105.417788,28.164372],[-105.417815,28.159714],[-105.421327,28.159692],[-105.421411,28.159737],[-105.421537,28.159818],[-105.421699,28.159832],[-105.421841,28.159803],[-105.422019,28.159716],[-105.422217,28.159686],[-105.422588,28.159691],[-105.422589,28.159874],[-105.4227,28.164344]]]}},{"type":"Feature","properties":{"modulo":4,"idparcela":"2285","productor":"COLONOS UNIDOS MARIA BONITA SPR DE RI","cultivo":"Avena Forrajera","superficie_fisica_ha":23.25,"superficie_riego_ha":23.25,"hectareas":22.504},"geometry":{"type":"Polygon","coordinates":[[[-105.417782,28.155684],[-105.417962,28.155714],[-105.41807,28.155713],[-105.418076,28.155598],[-105.418086,28.155328],[-105.422804,28.155288],[-105.422625,28.159508],[-105.420382,28.159539],[-105.417769,28.159562],[-105.417782,28.155684]],[[-105.417765,28.155681],[-105.417782,28.155664],[-105.417782,28.155684],[-105.417765,28.155681]]]}},{"type":"Feature","properties":{"modulo":4,"idparcela":"2284","productor":"CASTILLON VEGA ENRIQUE","cultivo":"Alfalfa","superficie_fisica_ha":27.6,"superficie_riego_ha":27.6,"hectareas":27.554},"geometry":{"type":"Polygon","coordinates":[[[-105.412868,28.16408],[-105.412749,28.15961],[-105.417561,28.159607],[-105.417536,28.161953],[-105.417528,28.166496],[-105.417433,28.166627],[-105.417467,28.167044],[-105.414756,28.164121],[-105.412868,28.16408]]]}},{"type":"Feature","properties":{"modulo":4,"idparcela":"2283","productor":"VEGA DE CASTILLON MARIA","cultivo":"Alfalfa","superficie_fisica_ha":19.9,"superficie_riego_ha":19.9,"hectareas":22.628},"geometry":{"type":"Polygon","coordinates":[[[-105.412749,28.15961],[-105.412777,28.155285],[-105.417608,28.155271],[-105.417561,28.159607],[-105.412749,28.15961]]]}},{"type":"Feature","properties":{"modulo":4,"idparcela":"2252","productor":"NEVARES VALLES JAVIER OSWALDO","cultivo":"Alfalfa","superficie_fisica_ha":48.95,"superficie_riego_ha":32.35,"hectareas":30.734},"geometry":{"type":"Polygon","coordinates":[[[-105.408138,28.155289],[-105.412777,28.155285],[-105.412749,28.15961],[-105.406414,28.159577],[-105.406239,28.159077],[-105.406038,28.15881],[-105.405449,28.157908],[-105.405349,28.157689],[-105.40531,28.157356],[-105.405354,28.157003],[-105.405437,28.156798],[-105.405565,28.156639],[-105.406274,28.156421],[-105.406685,28.156298],[-105.40764,28.155858],[-105.407803,28.155649],[-105.407882,28.155293],[-105.408138,28.155289]]]}},{"type":"Feature","properties":{"modulo":4,"idparcela":"2253","productor":"CASTILLON VEGA MA.ROSARIO","cultivo":"Alfalfa","superficie_fisica_ha":49.7,"superficie_riego_ha":28.4,"hectareas":30.704},"geometry":{"type":"Polygon","coordinates":[[[-105.412749,28.15961],[-105.412868,28.16408],[-105.408473,28.164108],[-105.407826,28.164114],[-105.407132,28.16411],[-105.406391,28.162879],[-105.406398,28.161955],[-105.406442,28.161618],[-105.406519,28.161414],[-105.406525,28.16123],[-105.406508,28.161001],[-105.406407,28.160645],[-105.406414,28.159577],[-105.412749,28.15961]]]}},{"type":"Feature","properties":{"modulo":4,"idparcela":"1928","productor":"BERNAL MU¥OZ JOSEFINA","cultivo":"Algod½n","superficie_fisica_ha":41.6,"superficie_riego_ha":29.3,"hectareas":3.626},"geometry":{"type":"Polygon","coordinates":[[[-105.42293,28.191253],[-105.424439,28.191233],[-105.424653,28.191863],[-105.424701,28.19213],[-105.424737,28.192275],[-105.424896,28.192406],[-105.425411,28.192654],[-105.425584,28.192696],[-105.425424,28.192862],[-105.423678,28.193573],[-105.42293,28.191253]]]}},{"type":"Feature","properties":{"modulo":4,"idparcela":"2086","productor":"ARMENDARIZ CARLOS EFRAIN","cultivo":"Ajo","superficie_fisica_ha":26.4,"superficie_riego_ha":23,"hectareas":19.582},"geometry":{"type":"Polygon","coordinates":[[[-105.423678,28.193573],[-105.42032,28.194938],[-105.417875,28.194933],[-105.417895,28.191295],[-105.42293,28.191253],[-105.423678,28.193573]]]}},{"type":"Feature","properties":{"modulo":4,"idparcela":"2111","productor":"SOLTERO DELGADO JOSE LUIS","cultivo":"Ajo","superficie_fisica_ha":30.95,"superficie_riego_ha":23.95,"hectareas":5.595},"geometry":{"type":"Polygon","coordinates":[[[-105.425584,28.192696],[-105.42565,28.192667],[-105.425882,28.192666],[-105.42612,28.192847],[-105.426579,28.193584],[-105.426702,28.19395],[-105.426849,28.194925],[-105.424134,28.194902],[-105.423967,28.194409],[-105.423883,28.194154],[-105.423678,28.193573],[-105.425424,28.192862],[-105.425584,28.192696]]]}},{"type":"Feature","properties":{"modulo":4,"idparcela":"9524","productor":"MELENDEZ LOPEZ LUIS CARLOS","cultivo":"Sin Cultivo","superficie_fisica_ha":2.5,"superficie_riego_ha":2.5,"hectareas":2.775},"geometry":{"type":"Polygon","coordinates":[[[-105.424134,28.194902],[-105.422589,28.194925],[-105.42032,28.194938],[-105.423678,28.193573],[-105.423883,28.194154],[-105.423967,28.194409],[-105.424134,28.194902]]]}},{"type":"Feature","properties":{"modulo":4,"idparcela":"1929","productor":"AGRICOLA PINO SOLO SPR DE RL","cultivo":"Alfalfa","superficie_fisica_ha":19,"superficie_riego_ha":18.35,"hectareas":21.203},"geometry":{"type":"Polygon","coordinates":[[[-105.417698,28.194975],[-105.412387,28.194986],[-105.41238,28.191308],[-105.417652,28.191257],[-105.417698,28.194975]]]}},{"type":"Feature","properties":{"modulo":4,"idparcela":"1927","productor":"CARRASCO RUIZ RENE","cultivo":"Sin Cultivo","superficie_fisica_ha":22.8,"superficie_riego_ha":15.8,"hectareas":9.697},"geometry":{"type":"Polygon","coordinates":[[[-105.412387,28.194986],[-105.40892,28.195016],[-105.408833,28.194967],[-105.408811,28.194866],[-105.408939,28.194669],[-105.410389,28.192897],[-105.410646,28.19252],[-105.410695,28.192198],[-105.410715,28.191893],[-105.410592,28.191186],[-105.412376,28.191216],[-105.41238,28.191308],[-105.412387,28.194986]]]}},{"type":"Feature","properties":{"modulo":4,"idparcela":"2227","productor":"CARRASCO GOMEZ OSCAR","cultivo":"Sin Cultivo","superficie_fisica_ha":1.5,"superficie_riego_ha":1,"hectareas":1.104},"geometry":{"type":"Polygon","coordinates":[[[-105.460814,28.232931],[-105.461006,28.233573],[-105.460932,28.233663],[-105.459694,28.233556],[-105.458825,28.233383],[-105.458236,28.233209],[-105.459756,28.233149],[-105.460814,28.232931]]]}},{"type":"Feature","properties":{"modulo":4,"idparcela":"2184","productor":"RODRIGUEZ REY NIEVES","cultivo":"Sin Cultivo","superficie_fisica_ha":7.375,"superficie_riego_ha":3.8,"hectareas":6.046},"geometry":{"type":"Polygon","coordinates":[[[-105.458002,28.223784],[-105.4574,28.223738],[-105.456322,28.223381],[-105.455644,28.223362],[-105.455056,28.223264],[-105.454754,28.221501],[-105.45542,28.221477],[-105.456008,28.221431],[-105.456353,28.221383],[-105.456734,28.221345],[-105.456943,28.221323],[-105.457249,28.22135],[-105.458002,28.223784]]]}},{"type":"Feature","properties":{"modulo":4,"idparcela":"1720","productor":"MARTINEZ RODRIGUEZ OMAR","cultivo":"Alfalfa","superficie_fisica_ha":9.8,"superficie_riego_ha":9.8,"hectareas":10.164},"geometry":{"type":"Polygon","coordinates":[[[-105.428159,28.26531],[-105.433114,28.265268],[-105.433132,28.267175],[-105.428119,28.267169],[-105.428159,28.26531]]]}},{"type":"Feature","properties":{"modulo":4,"idparcela":"1719","productor":"RUVALCABA BAEZA RUBEN","cultivo":"Otros Cultivos Varios 1","superficie_fisica_ha":9.23,"superficie_riego_ha":9.23,"hectareas":9.935},"geometry":{"type":"Polygon","coordinates":[[[-105.428159,28.26531],[-105.4282,28.263435],[-105.433098,28.263418],[-105.433114,28.265268],[-105.428159,28.26531]]]}},{"type":"Feature","properties":{"modulo":4,"idparcela":"1722","productor":"COLORINES DE SAN DIEGO SPR DE RL DE CV","cultivo":"Cacahuate","superficie_fisica_ha":9.98,"superficie_riego_ha":9.98,"hectareas":10.121},"geometry":{"type":"Polygon","coordinates":[[[-105.423015,28.265352],[-105.428042,28.265311],[-105.428037,28.267174],[-105.423013,28.267209],[-105.423015,28.265352]]]}},{"type":"Feature","properties":{"modulo":4,"idparcela":"1721","productor":"COLORINES DE SAN DIEGO SPR DE RL DE CV","cultivo":"Cacahuate","superficie_fisica_ha":9.98,"superficie_riego_ha":8.68,"hectareas":10.261},"geometry":{"type":"Polygon","coordinates":[[[-105.423015,28.265352],[-105.423016,28.263453],[-105.428046,28.263442],[-105.428042,28.265311],[-105.423015,28.265352]]]}},{"type":"Feature","properties":{"modulo":4,"idparcela":"1864","productor":"ARMENDARIZ VEGA ELIZARDO","cultivo":"Ma­z","superficie_fisica_ha":7.1,"superficie_riego_ha":6,"hectareas":3.357},"geometry":{"type":"Polygon","coordinates":[[[-105.418169,28.276055],[-105.422175,28.276506],[-105.422539,28.276834],[-105.423107,28.27732],[-105.4184,28.276798],[-105.418208,28.276144],[-105.418169,28.276055]]]}},{"type":"Feature","properties":{"modulo":4,"idparcela":"1864","productor":"ARMENDARIZ VEGA ELIZARDO","cultivo":"Ma­z","superficie_fisica_ha":7.1,"superficie_riego_ha":6,"hectareas":0.477},"geometry":{"type":"Polygon","coordinates":[[[-105.422524,28.276545],[-105.423541,28.27666],[-105.423558,28.276956],[-105.423713,28.277252],[-105.42342,28.277297],[-105.423061,28.277084],[-105.422524,28.276545]]]}},{"type":"Feature","properties":{"modulo":4,"idparcela":"1864","productor":"ARMENDARIZ VEGA ELIZARDO","cultivo":"Ma­z","superficie_fisica_ha":7.1,"superficie_riego_ha":6,"hectareas":3.539},"geometry":{"type":"Polygon","coordinates":[[[-105.413557,28.275536],[-105.417963,28.276032],[-105.418032,28.276148],[-105.418274,28.27678],[-105.413539,28.276248],[-105.413557,28.275536]]]}},{"type":"Feature","properties":{"modulo":4,"idparcela":"1762","productor":"ARMENDARIZ VEGA ELIZARDO","cultivo":"Ma­z","superficie_fisica_ha":5.5,"superficie_riego_ha":5.5,"hectareas":0.777},"geometry":{"type":"Polygon","coordinates":[[[-105.421912,28.275931],[-105.423541,28.276116],[-105.42353,28.276461],[-105.423541,28.27666],[-105.422524,28.276545],[-105.421912,28.275931]]]}},{"type":"Feature","properties":{"modulo":4,"idparcela":"1762","productor":"ARMENDARIZ VEGA ELIZARDO","cultivo":"Ma­z","superficie_fisica_ha":5.5,"superficie_riego_ha":5.5,"hectareas":2.271},"geometry":{"type":"Polygon","coordinates":[[[-105.417918,28.275477],[-105.421584,28.275894],[-105.421617,28.275929],[-105.422087,28.276427],[-105.422175,28.276506],[-105.418169,28.276055],[-105.418068,28.275821],[-105.417918,28.275477]]]}},{"type":"Feature","properties":{"modulo":4,"idparcela":"1762","productor":"ARMENDARIZ VEGA ELIZARDO","cultivo":"Ma­z","superficie_fisica_ha":5.5,"superficie_riego_ha":5.5,"hectareas":2.541},"geometry":{"type":"Polygon","coordinates":[[[-105.413572,28.274983],[-105.41769,28.275451],[-105.417847,28.275839],[-105.417963,28.276032],[-105.413557,28.275536],[-105.413572,28.274983]]]}},{"type":"Feature","properties":{"modulo":4,"idparcela":"1761","productor":"ARMENDARIZ VEGA ELIZARDO","cultivo":"Ma­z","superficie_fisica_ha":7,"superficie_riego_ha":7,"hectareas":3.708},"geometry":{"type":"Polygon","coordinates":[[[-105.417669,28.274819],[-105.423561,28.275514],[-105.423541,28.276116],[-105.421912,28.275931],[-105.421382,28.275399],[-105.421202,28.275488],[-105.421584,28.275894],[-105.417918,28.275477],[-105.417772,28.27514],[-105.417669,28.274819]]]}},{"type":"Feature","properties":{"modulo":4,"idparcela":"1761","productor":"ARMENDARIZ VEGA ELIZARDO","cultivo":"Ma­z","superficie_fisica_ha":7,"superficie_riego_ha":7,"hectareas":2.748},"geometry":{"type":"Polygon","coordinates":[[[-105.413589,28.274338],[-105.417421,28.27479],[-105.417642,28.275335],[-105.41769,28.275451],[-105.413572,28.274983],[-105.413589,28.274338]]]}},{"type":"Feature","properties":{"modulo":4,"idparcela":"1846","productor":"GALLEGOS MEDRANO SERGIO","cultivo":"Ma­z","superficie_fisica_ha":10,"superficie_riego_ha":10,"hectareas":5.322},"geometry":{"type":"Polygon","coordinates":[[[-105.417008,28.27288],[-105.416986,28.272821],[-105.4168,28.271913],[-105.422981,28.273021],[-105.423299,28.273366],[-105.42344,28.273675],[-105.423474,28.273707],[-105.417008,28.27288]]]}},{"type":"Feature","properties":{"modulo":4,"idparcela":"1846","productor":"GALLEGOS MEDRANO SERGIO","cultivo":"Ma­z","superficie_fisica_ha":10,"superficie_riego_ha":10,"hectareas":3.246},"geometry":{"type":"Polygon","coordinates":[[[-105.413638,28.272449],[-105.413666,28.27138],[-105.416594,28.271918],[-105.416748,28.272735],[-105.416782,28.272851],[-105.413638,28.272449]]]}},{"type":"Feature","properties":{"modulo":4,"idparcela":"1807","productor":"SAENZ GARCIA ANTONIO","cultivo":"Ma­z","superficie_fisica_ha":8.505,"superficie_riego_ha":8.505,"hectareas":4.238},"geometry":{"type":"Polygon","coordinates":[[[-105.417246,28.273516],[-105.417008,28.27288],[-105.423474,28.273707],[-105.423606,28.273828],[-105.423672,28.274113],[-105.423689,28.274332],[-105.417246,28.273516]]]}},{"type":"Feature","properties":{"modulo":4,"idparcela":"1807","productor":"SAENZ GARCIA ANTONIO","cultivo":"Ma­z","superficie_fisica_ha":8.505,"superficie_riego_ha":8.505,"hectareas":2.129},"geometry":{"type":"Polygon","coordinates":[[[-105.413622,28.273057],[-105.413638,28.272449],[-105.416782,28.272851],[-105.416862,28.273124],[-105.416941,28.273477],[-105.413622,28.273057]]]}},{"type":"Feature","properties":{"modulo":4,"idparcela":"1980","productor":"SAENZ GARCIA ANTONIO","cultivo":"Ma­z","superficie_fisica_ha":7.02,"superficie_riego_ha":7.02,"hectareas":4.691},"geometry":{"type":"Polygon","coordinates":[[[-105.417246,28.273516],[-105.423689,28.274332],[-105.423695,28.274399],[-105.423876,28.274565],[-105.423999,28.274758],[-105.423945,28.274954],[-105.423812,28.274989],[-105.41748,28.274232],[-105.417272,28.273584],[-105.417246,28.273516]]]}},{"type":"Feature","properties":{"modulo":4,"idparcela":"1980","productor":"SAENZ GARCIA ANTONIO","cultivo":"Ma­z","superficie_fisica_ha":7.02,"superficie_riego_ha":7.02,"hectareas":2.628},"geometry":{"type":"Polygon","coordinates":[[[-105.413622,28.273057],[-105.416941,28.273477],[-105.416944,28.273491],[-105.417184,28.274146],[-105.417203,28.274199],[-105.413603,28.273769],[-105.413622,28.273057]]]}},{"type":"Feature","properties":{"modulo":4,"idparcela":"1760","productor":"ARMENDARIZ VEGA ELIZARDO","cultivo":"Chile verde","superficie_fisica_ha":7.91,"superficie_riego_ha":7.91,"hectareas":3.666},"geometry":{"type":"Polygon","coordinates":[[[-105.41748,28.274232],[-105.423812,28.274989],[-105.423784,28.274997],[-105.423655,28.275104],[-105.423568,28.275314],[-105.423562,28.275484],[-105.423561,28.275514],[-105.417669,28.274819],[-105.417496,28.274283],[-105.41748,28.274232]]]}},{"type":"Feature","properties":{"modulo":4,"idparcela":"1760","productor":"ARMENDARIZ VEGA ELIZARDO","cultivo":"Chile verde","superficie_fisica_ha":7.91,"superficie_riego_ha":7.91,"hectareas":2.285},"geometry":{"type":"Polygon","coordinates":[[[-105.413603,28.273769],[-105.417203,28.274199],[-105.417408,28.274758],[-105.417421,28.27479],[-105.413589,28.274338],[-105.413603,28.273769]]]}},{"type":"Feature","properties":{"modulo":4,"idparcela":"1829","productor":"ZUBIA JIMENEZ JUAN LUIS","cultivo":"Chile verde","superficie_fisica_ha":3.5,"superficie_riego_ha":3.5,"hectareas":1.534},"geometry":{"type":"Polygon","coordinates":[[[-105.407546,28.281357],[-105.409576,28.281588],[-105.409622,28.28166],[-105.410037,28.28232],[-105.407932,28.28209],[-105.407546,28.281357]]]}},{"type":"Feature","properties":{"modulo":4,"idparcela":"1829","productor":"ZUBIA JIMENEZ JUAN LUIS","cultivo":"Chile verde","superficie_fisica_ha":3.5,"superficie_riego_ha":3.5,"hectareas":3.313},"geometry":{"type":"Polygon","coordinates":[[[-105.402959,28.280835],[-105.4073,28.281329],[-105.407668,28.282059],[-105.403082,28.281515],[-105.402934,28.281335],[-105.402959,28.280835]]]}},{"type":"Feature","properties":{"modulo":4,"idparcela":"1827","productor":"ZUBIA JIMENEZ JUAN LUIS","cultivo":"Chile verde","superficie_fisica_ha":2.67,"superficie_riego_ha":2,"hectareas":1.392},"geometry":{"type":"Polygon","coordinates":[[[-105.407186,28.280673],[-105.409031,28.280876],[-105.409036,28.280891],[-105.40923,28.281006],[-105.409372,28.281264],[-105.409576,28.281588],[-105.407546,28.281357],[-105.407186,28.280673]]]}},{"type":"Feature","properties":{"modulo":4,"idparcela":"1827","productor":"ZUBIA JIMENEZ JUAN LUIS","cultivo":"Chile verde","superficie_fisica_ha":2.67,"superficie_riego_ha":2,"hectareas":2.853},"geometry":{"type":"Polygon","coordinates":[[[-105.40299,28.280213],[-105.406956,28.280648],[-105.4073,28.281329],[-105.402959,28.280835],[-105.40299,28.280213]]]}},{"type":"Feature","properties":{"modulo":4,"idparcela":"1747","productor":"QUINTANA PORTILLO GILBERTO","cultivo":"Ma­z","superficie_fisica_ha":4,"superficie_riego_ha":4,"hectareas":1.222},"geometry":{"type":"Polygon","coordinates":[[[-105.406849,28.280034],[-105.408804,28.280263],[-105.409031,28.280876],[-105.407186,28.280673],[-105.406849,28.280034]]]}},{"type":"Feature","properties":{"modulo":4,"idparcela":"1747","productor":"QUINTANA PORTILLO GILBERTO","cultivo":"Ma­z","superficie_fisica_ha":4,"superficie_riego_ha":4,"hectareas":2.529},"geometry":{"type":"Polygon","coordinates":[[[-105.403021,28.279587],[-105.406649,28.280011],[-105.406803,28.280346],[-105.406956,28.280648],[-105.40299,28.280213],[-105.403021,28.279587]]]}},{"type":"Feature","properties":{"modulo":4,"idparcela":"1772","productor":"CHAVIRA AYALA DAVID OMAR","cultivo":"Cacahuate","superficie_fisica_ha":4,"superficie_riego_ha":4,"hectareas":1.472},"geometry":{"type":"Polygon","coordinates":[[[-105.406849,28.280034],[-105.406489,28.27935],[-105.406677,28.279372],[-105.408761,28.279609],[-105.408788,28.28022],[-105.408804,28.280263],[-105.406849,28.280034]]]}},{"type":"Feature","properties":{"modulo":4,"idparcela":"1772","productor":"CHAVIRA AYALA DAVID OMAR","cultivo":"Cacahuate","superficie_fisica_ha":4,"superficie_riego_ha":4,"hectareas":2.391},"geometry":{"type":"Polygon","coordinates":[[[-105.403021,28.279587],[-105.403052,28.278953],[-105.406328,28.279332],[-105.406649,28.280011],[-105.403021,28.279587]]]}},{"type":"Feature","properties":{"modulo":4,"idparcela":"2025","productor":"BEJARANO GARCIA ROGELIO","cultivo":"Alfalfa","superficie_fisica_ha":35.1,"superficie_riego_ha":35.1,"hectareas":31.819},"geometry":{"type":"Polygon","coordinates":[[[-105.405812,28.173257],[-105.406024,28.182124],[-105.402729,28.182145],[-105.402515,28.173194],[-105.40267,28.173193],[-105.405812,28.173257]]]}},{"type":"Feature","properties":{"modulo":4,"idparcela":"2026","productor":"BEJARANO GARCIA ROGELIO","cultivo":"Alfalfa","superficie_fisica_ha":34,"superficie_riego_ha":34,"hectareas":35.234},"geometry":{"type":"Polygon","coordinates":[[[-105.402515,28.173194],[-105.402729,28.182145],[-105.399166,28.182168],[-105.399148,28.18148],[-105.398811,28.173202],[-105.402515,28.173194]]]}},{"type":"Feature","properties":{"modulo":4,"idparcela":"2018","productor":"HENRIC CHAVEZ PAUL OCTAVIO","cultivo":"Sin Cultivo","superficie_fisica_ha":24.76,"superficie_riego_ha":24.76,"hectareas":25.454},"geometry":{"type":"Polygon","coordinates":[[[-105.402487,28.168654],[-105.40247,28.164141],[-105.406936,28.164183],[-105.407603,28.165153],[-105.407697,28.166009],[-105.408096,28.168651],[-105.402487,28.168654]]]}},{"type":"Feature","properties":{"modulo":4,"idparcela":"3503","productor":"ALONSO HERNANDEZ CUAUHTEMOC","cultivo":"Alfalfa","superficie_fisica_ha":2.05,"superficie_riego_ha":2.05,"hectareas":2.03},"geometry":{"type":"Polygon","coordinates":[[[-105.488154,28.239143],[-105.488056,28.239082],[-105.48779,28.238948],[-105.4874,28.238832],[-105.487496,28.238661],[-105.487551,28.238498],[-105.487521,28.238376],[-105.487006,28.23771],[-105.486572,28.237186],[-105.488552,28.237466],[-105.488154,28.239143]]]}},{"type":"Feature","properties":{"modulo":4,"idparcela":"************","productor":null,"cultivo":"Sin Cultivo","superficie_fisica_ha":null,"superficie_riego_ha":null,"hectareas":3.756},"geometry":{"type":"Polygon","coordinates":[[[-105.489537,28.237593],[-105.490056,28.23766],[-105.490706,28.237767],[-105.49112,28.239857],[-105.490993,28.239852],[-105.490665,28.239894],[-105.490431,28.239934],[-105.490008,28.239987],[-105.489801,28.240006],[-105.489622,28.239997],[-105.489479,28.239971],[-105.489241,28.239868],[-105.489537,28.237593]]]}},{"type":"Feature","properties":{"modulo":4,"idparcela":"************","productor":null,"cultivo":"Sin Cultivo","superficie_fisica_ha":null,"superficie_riego_ha":null,"hectareas":1.408},"geometry":{"type":"Polygon","coordinates":[[[-105.488581,28.239414],[-105.489043,28.237529],[-105.489328,28.237566],[-105.489537,28.237593],[-105.489241,28.239868],[-105.489016,28.23972],[-105.488649,28.239458],[-105.488581,28.239414]]]}},{"type":"Feature","properties":{"modulo":4,"idparcela":"3499","productor":"ALONSO HERNANDEZ CUAUHTEMOC","cultivo":"Alfalfa","superficie_fisica_ha":1.4965,"superficie_riego_ha":1.4965,"hectareas":1.408},"geometry":{"type":"Polygon","coordinates":[[[-105.491363,28.237815],[-105.491716,28.239918],[-105.491401,28.239881],[-105.49112,28.239857],[-105.490706,28.237767],[-105.490885,28.237754],[-105.491363,28.237815]]]}},{"type":"Feature","properties":{"modulo":4,"idparcela":"3498","productor":"MU¥OZ MENDOZA ARTURO","cultivo":"Sin Cultivo","superficie_fisica_ha":1.4279,"superficie_riego_ha":1.4279,"hectareas":1.241},"geometry":{"type":"Polygon","coordinates":[[[-105.49222,28.237926],[-105.492018,28.238191],[-105.491967,28.238305],[-105.49204,28.238819],[-105.492245,28.239987],[-105.491716,28.239918],[-105.491363,28.237815],[-105.49222,28.237926]]]}},{"type":"Feature","properties":{"modulo":4,"idparcela":"3497","productor":"GARCIA SANDOVAL FRANCISCO","cultivo":"Otros Pastos","superficie_fisica_ha":5.8305,"superficie_riego_ha":5.8305,"hectareas":6.648},"geometry":{"type":"Polygon","coordinates":[[[-105.493056,28.238034],[-105.493154,28.238073],[-105.493377,28.237876],[-105.493613,28.237733],[-105.494181,28.237827],[-105.494593,28.237946],[-105.494834,28.237994],[-105.495209,28.23806],[-105.495386,28.238093],[-105.495704,28.238138],[-105.496202,28.238284],[-105.496308,28.238316],[-105.49606,28.238425],[-105.495788,28.23858],[-105.495611,28.238701],[-105.495375,28.238855],[-105.495137,28.238966],[-105.494873,28.239043],[-105.494563,28.239214],[-105.494186,28.239652],[-105.493905,28.239869],[-105.493749,28.24005],[-105.493607,28.240106],[-105.493221,28.240072],[-105.492957,28.240067],[-105.492245,28.239987],[-105.49204,28.238819],[-105.491967,28.238305],[-105.492018,28.238191],[-105.49222,28.237926],[-105.493056,28.238034]]]}},{"type":"Feature","properties":{"modulo":4,"idparcela":"************","productor":null,"cultivo":"Sin Cultivo","superficie_fisica_ha":null,"superficie_riego_ha":null,"hectareas":1.723},"geometry":{"type":"Polygon","coordinates":[[[-105.487123,28.238883],[-105.48691,28.23923],[-105.485659,28.238938],[-105.484889,28.238781],[-105.48418,28.238638],[-105.483889,28.238582],[-105.483684,28.238587],[-105.483525,28.23856],[-105.483397,28.23848],[-105.483302,28.238404],[-105.483169,28.238331],[-105.48335,28.238002],[-105.487123,28.238883]]]}},{"type":"Feature","properties":{"modulo":4,"idparcela":"3504","productor":"CARMONA SAENZ LEONOR","cultivo":"Sin Cultivo","superficie_fisica_ha":1.332,"superficie_riego_ha":1.332,"hectareas":1.915},"geometry":{"type":"Polygon","coordinates":[[[-105.485162,28.238043],[-105.485611,28.23707],[-105.486435,28.237183],[-105.487371,28.238397],[-105.487368,28.238507],[-105.487345,28.238542],[-105.485162,28.238043]]]}},{"type":"Feature","properties":{"modulo":4,"idparcela":"3505","productor":"JIMENEZ GARCIA APOLONIO","cultivo":"Alfalfa","superficie_fisica_ha":1.5,"superficie_riego_ha":1,"hectareas":1.574},"geometry":{"type":"Polygon","coordinates":[[[-105.487345,28.238542],[-105.487123,28.238883],[-105.48335,28.238002],[-105.483533,28.237671],[-105.487345,28.238542]]]}},{"type":"Feature","properties":{"modulo":4,"idparcela":"3528","productor":"AYALA N ROSARIO","cultivo":"Otros Pastos","superficie_fisica_ha":2.509,"superficie_riego_ha":2.509,"hectareas":2.378},"geometry":{"type":"Polygon","coordinates":[[[-105.478155,28.241341],[-105.478275,28.240472],[-105.47878,28.240699],[-105.479464,28.240987],[-105.47961,28.241054],[-105.479772,28.241118],[-105.480671,28.241442],[-105.479951,28.242484],[-105.479336,28.241919],[-105.479178,28.241795],[-105.478991,28.241689],[-105.478155,28.241341]]]}},{"type":"Feature","properties":{"modulo":4,"idparcela":"3529","productor":"LARA RODRIGUEZ FRANCISCO","cultivo":"Sin Cultivo","superficie_fisica_ha":5.3,"superficie_riego_ha":5.3,"hectareas":6.044},"geometry":{"type":"Polygon","coordinates":[[[-105.480671,28.241442],[-105.482035,28.241944],[-105.482673,28.242043],[-105.48313,28.242134],[-105.483076,28.242398],[-105.482334,28.244503],[-105.482258,28.244704],[-105.482167,28.244922],[-105.482126,28.244949],[-105.482077,28.244946],[-105.48204,28.244911],[-105.48172,28.244421],[-105.481172,28.243629],[-105.479951,28.242484],[-105.480671,28.241442]]]}},{"type":"Feature","properties":{"modulo":4,"idparcela":"3526","productor":"ONTIVEROS LICON JESUS","cultivo":"Sin Cultivo","superficie_fisica_ha":2.4,"superficie_riego_ha":2.4,"hectareas":1.928},"geometry":{"type":"Polygon","coordinates":[[[-105.482384,28.238316],[-105.482866,28.238445],[-105.4807,28.241302],[-105.480568,28.241283],[-105.480492,28.241246],[-105.480439,28.241136],[-105.48023,28.241018],[-105.482384,28.238316]]]}},{"type":"Feature","properties":{"modulo":4,"idparcela":"9710","productor":"MATA M PEDRO Y ERNESTINA","cultivo":"Nogal (Nuez)","superficie_fisica_ha":4.4074,"superficie_riego_ha":4.4074,"hectareas":3.817},"geometry":{"type":"Polygon","coordinates":[[[-105.482866,28.238445],[-105.483138,28.23851],[-105.483306,28.238556],[-105.483491,28.238655],[-105.483655,28.23869],[-105.483888,28.238726],[-105.481613,28.241677],[-105.481379,28.241593],[-105.481239,28.241518],[-105.480966,28.241397],[-105.480814,28.241328],[-105.4807,28.241302],[-105.482866,28.238445]]]}},{"type":"Feature","properties":{"modulo":4,"idparcela":"3525","productor":"SERNA SERNA JUAN","cultivo":"Sin Cultivo","superficie_fisica_ha":1.85,"superficie_riego_ha":1.85,"hectareas":1.477},"geometry":{"type":"Polygon","coordinates":[[[-105.484192,28.238814],[-105.48463,28.238918],[-105.484153,28.239496],[-105.482296,28.241872],[-105.481946,28.241777],[-105.484192,28.238814]]]}},{"type":"Feature","properties":{"modulo":4,"idparcela":"************","productor":null,"cultivo":"Sin Cultivo","superficie_fisica_ha":null,"superficie_riego_ha":null,"hectareas":1.251},"geometry":{"type":"Polygon","coordinates":[[[-105.483888,28.238726],[-105.484192,28.238814],[-105.481946,28.241777],[-105.481613,28.241677],[-105.483888,28.238726]]]}},{"type":"Feature","properties":{"modulo":4,"idparcela":"3521","productor":"ALVAREZ PANDO MANUEL","cultivo":"Sin Cultivo","superficie_fisica_ha":1.95,"superficie_riego_ha":1.95,"hectareas":1.014},"geometry":{"type":"Polygon","coordinates":[[[-105.484545,28.239734],[-105.484609,28.239771],[-105.48486,28.239872],[-105.483877,28.241132],[-105.483215,28.242018],[-105.482811,28.241954],[-105.484545,28.239734]]]}},{"type":"Feature","properties":{"modulo":4,"idparcela":"3524","productor":"ONTIVEROS LICON JESUS","cultivo":"Alfalfa","superficie_fisica_ha":1.5,"superficie_riego_ha":1.5,"hectareas":1.438},"geometry":{"type":"Polygon","coordinates":[[[-105.484153,28.239496],[-105.484334,28.23961],[-105.484545,28.239734],[-105.482811,28.241954],[-105.482296,28.241872],[-105.484153,28.239496]]]}},{"type":"Feature","properties":{"modulo":4,"idparcela":"3515","productor":"ALONSO VILLA JOSE ANTONIO","cultivo":"Alfalfa","superficie_fisica_ha":10.3,"superficie_riego_ha":10.3,"hectareas":10.28},"geometry":{"type":"Polygon","coordinates":[[[-105.488265,28.239385],[-105.488127,28.240239],[-105.487464,28.241425],[-105.487343,28.242333],[-105.486715,28.242155],[-105.485453,28.241797],[-105.485295,28.242066],[-105.485171,28.242087],[-105.484974,28.242082],[-105.484777,28.24205],[-105.484699,28.242027],[-105.484586,28.241889],[-105.484469,28.241754],[-105.484362,28.241637],[-105.484267,28.241575],[-105.483806,28.241376],[-105.484906,28.239967],[-105.485375,28.239334],[-105.485506,28.239194],[-105.485638,28.239108],[-105.485762,28.239096],[-105.486376,28.23923],[-105.486761,28.239313],[-105.486896,28.239319],[-105.486977,28.239281],[-105.487196,28.238965],[-105.487299,28.238926],[-105.487528,28.238985],[-105.487735,28.23906],[-105.488076,28.239258],[-105.488265,28.239385]]]}},{"type":"Feature","properties":{"modulo":4,"idparcela":"************","productor":null,"cultivo":"Sin Cultivo","superficie_fisica_ha":null,"superficie_riego_ha":null,"hectareas":0.865},"geometry":{"type":"Polygon","coordinates":[[[-105.484232,28.242566],[-105.483992,28.242488],[-105.483595,28.24236],[-105.483354,28.242255],[-105.483311,28.242173],[-105.483319,28.242078],[-105.483357,28.24198],[-105.483697,28.241523],[-105.48442,28.241884],[-105.484621,28.242026],[-105.484232,28.242566]]]}},{"type":"Feature","properties":{"modulo":4,"idparcela":"3517","productor":"ALONSO HERNANDEZ CUAUHTEMOC","cultivo":"Nogal (Nuez)","superficie_fisica_ha":0.45,"superficie_riego_ha":0.45,"hectareas":0.381},"geometry":{"type":"Polygon","coordinates":[[[-105.487167,28.243547],[-105.486665,28.243376],[-105.486983,28.242624],[-105.487295,28.24272],[-105.487167,28.243547]]]}},{"type":"Feature","properties":{"modulo":4,"idparcela":"3514","productor":"ALONSO HERNANDEZ CUAUHTEMOC","cultivo":"Alfalfa","superficie_fisica_ha":3.125,"superficie_riego_ha":3.125,"hectareas":1.504},"geometry":{"type":"Polygon","coordinates":[[[-105.488127,28.240239],[-105.487649,28.243705],[-105.487167,28.243547],[-105.487295,28.24272],[-105.487343,28.242333],[-105.487464,28.241425],[-105.488127,28.240239]]]}},{"type":"Feature","properties":{"modulo":4,"idparcela":"3494","productor":"ALONSO HERNANDEZ CUAUHTEMOC","cultivo":"Alfalfa","superficie_fisica_ha":2,"superficie_riego_ha":2,"hectareas":1.366},"geometry":{"type":"Polygon","coordinates":[[[-105.487649,28.243705],[-105.488127,28.240239],[-105.488265,28.239385],[-105.488519,28.23958],[-105.487923,28.243824],[-105.487649,28.243705]]]}},{"type":"Feature","properties":{"modulo":4,"idparcela":"3512","productor":"ALONSO HERNANDEZ CUAUHTEMOC","cultivo":"Alfalfa","superficie_fisica_ha":1.2,"superficie_riego_ha":1.2,"hectareas":1.311},"geometry":{"type":"Polygon","coordinates":[[[-105.488962,28.239857],[-105.48899,28.239874],[-105.489245,28.240005],[-105.488944,28.24206],[-105.488634,28.244124],[-105.488373,28.244015],[-105.488962,28.239857]]]}},{"type":"Feature","properties":{"modulo":4,"idparcela":"3513","productor":"ALONSO HERNANDEZ CUAUHTEMOC","cultivo":"Alfalfa","superficie_fisica_ha":2,"superficie_riego_ha":2,"hectareas":2.18},"geometry":{"type":"Polygon","coordinates":[[[-105.488519,28.23958],[-105.488793,28.239759],[-105.488962,28.239857],[-105.488373,28.244015],[-105.487923,28.243824],[-105.488519,28.23958]]]}},{"type":"Feature","properties":{"modulo":4,"idparcela":"3509","productor":"MU¥OZ OCHOA SERGIO M.","cultivo":"Sin Cultivo","superficie_fisica_ha":2.528,"superficie_riego_ha":2.528,"hectareas":3.467},"geometry":{"type":"Polygon","coordinates":[[[-105.491067,28.239968],[-105.491139,28.239969],[-105.491401,28.239996],[-105.491694,28.240013],[-105.491296,28.242297],[-105.490831,28.244961],[-105.490189,28.244717],[-105.491067,28.239968]]]}},{"type":"Feature","properties":{"modulo":4,"idparcela":"3510","productor":"TORRES SAENZ FDO HUMBERTO","cultivo":"Nogal (Nuez)","superficie_fisica_ha":0.9536,"superficie_riego_ha":0.9536,"hectareas":2.43},"geometry":{"type":"Polygon","coordinates":[[[-105.490559,28.240014],[-105.490904,28.239967],[-105.491067,28.239968],[-105.490189,28.244717],[-105.489754,28.244551],[-105.490559,28.240014]]]}},{"type":"Feature","properties":{"modulo":4,"idparcela":"************","productor":null,"cultivo":"Sin Cultivo","superficie_fisica_ha":null,"superficie_riego_ha":null,"hectareas":2.68},"geometry":{"type":"Polygon","coordinates":[[[-105.488634,28.244124],[-105.488944,28.24206],[-105.489245,28.240005],[-105.489451,28.240073],[-105.489675,28.240104],[-105.489852,28.240109],[-105.489175,28.244331],[-105.488634,28.244124]]]}},{"type":"Feature","properties":{"modulo":4,"idparcela":"3511","productor":"MU¥OZ OCHOA SERGIO M.","cultivo":"Sin Cultivo","superficie_fisica_ha":0.8426,"superficie_riego_ha":0.8426,"hectareas":3.099},"geometry":{"type":"Polygon","coordinates":[[[-105.489852,28.240109],[-105.490088,28.240086],[-105.490351,28.240045],[-105.490559,28.240014],[-105.489754,28.244551],[-105.489175,28.244331],[-105.489852,28.240109]]]}},{"type":"Feature","properties":{"modulo":4,"idparcela":"3508","productor":"LERMA N MARIA DOLORES","cultivo":"Nogal (Nuez)","superficie_fisica_ha":2.21,"superficie_riego_ha":2.21,"hectareas":2.029},"geometry":{"type":"Polygon","coordinates":[[[-105.491991,28.242419],[-105.491483,28.245115],[-105.490831,28.244961],[-105.491296,28.242297],[-105.491991,28.242419]]]}},{"type":"Feature","properties":{"modulo":4,"idparcela":"3507","productor":"MORAN LOPEZ OLAYA","cultivo":"Nogal (Nuez)","superficie_fisica_ha":2.21,"superficie_riego_ha":2.21,"hectareas":1.824},"geometry":{"type":"Polygon","coordinates":[[[-105.491694,28.240013],[-105.492237,28.240085],[-105.492427,28.240105],[-105.491991,28.242419],[-105.491296,28.242297],[-105.491694,28.240013]]]}},{"type":"Feature","properties":{"modulo":4,"idparcela":"3506","productor":"ZERTUCHE ESCOBEDO HERMANOS","cultivo":"Sin Cultivo","superficie_fisica_ha":6.43,"superficie_riego_ha":6.43,"hectareas":2.222},"geometry":{"type":"Polygon","coordinates":[[[-105.492427,28.240105],[-105.492833,28.240132],[-105.492864,28.240134],[-105.491832,28.245221],[-105.491483,28.245115],[-105.491991,28.242419],[-105.492427,28.240105]]]}},{"type":"Feature","properties":{"modulo":4,"idparcela":"3506","productor":"ZERTUCHE ESCOBEDO HERMANOS","cultivo":"Sin Cultivo","superficie_fisica_ha":6.43,"superficie_riego_ha":6.43,"hectareas":2.255},"geometry":{"type":"Polygon","coordinates":[[[-105.492864,28.240134],[-105.493263,28.240159],[-105.492209,28.245363],[-105.492206,28.245362],[-105.491851,28.245227],[-105.491832,28.245221],[-105.492864,28.240134]]]}},{"type":"Feature","properties":{"modulo":4,"idparcela":"3506","productor":"ZERTUCHE ESCOBEDO HERMANOS","cultivo":"Sin Cultivo","superficie_fisica_ha":6.43,"superficie_riego_ha":6.43,"hectareas":3.237},"geometry":{"type":"Polygon","coordinates":[[[-105.493728,28.240169],[-105.494144,28.240152],[-105.494788,28.240183],[-105.494538,28.240522],[-105.494254,28.240903],[-105.493999,28.241268],[-105.493949,28.241436],[-105.493618,28.24313],[-105.493165,28.245354],[-105.492966,28.24549],[-105.492793,28.245553],[-105.49262,28.245497],[-105.493728,28.240169]]]}},{"type":"Feature","properties":{"modulo":4,"idparcela":"3506","productor":"ZERTUCHE ESCOBEDO HERMANOS","cultivo":"Sin Cultivo","superficie_fisica_ha":6.43,"superficie_riego_ha":6.43,"hectareas":2.582},"geometry":{"type":"Polygon","coordinates":[[[-105.493263,28.240159],[-105.49355,28.240176],[-105.493728,28.240169],[-105.49262,28.245497],[-105.492209,28.245363],[-105.493263,28.240159]]]}},{"type":"Feature","properties":{"modulo":4,"idparcela":"3473","productor":"MU¥OZ CAMPOS TITO","cultivo":"Nogal (Nuez)","superficie_fisica_ha":0.732,"superficie_riego_ha":0.732,"hectareas":0.429},"geometry":{"type":"Polygon","coordinates":[[[-105.493795,28.240102],[-105.493847,28.240016],[-105.493913,28.239936],[-105.494101,28.239787],[-105.494234,28.239681],[-105.494329,28.239624],[-105.494588,28.239631],[-105.494774,28.239681],[-105.494905,28.239709],[-105.494862,28.239891],[-105.494818,28.240037],[-105.494794,28.240129],[-105.494096,28.240101],[-105.493795,28.240102]]]}},{"type":"Feature","properties":{"modulo":4,"idparcela":"3492","productor":"ALONSO VILLA JOSE ANTONIO","cultivo":"Alfalfa","superficie_fisica_ha":1.5,"superficie_riego_ha":1.5,"hectareas":0.843},"geometry":{"type":"Polygon","coordinates":[[[-105.495644,28.238984],[-105.495954,28.239056],[-105.496318,28.239145],[-105.496204,28.239451],[-105.496026,28.239963],[-105.495918,28.240232],[-105.495699,28.240224],[-105.49552,28.24021],[-105.495308,28.240196],[-105.495644,28.238984]]]}},{"type":"Feature","properties":{"modulo":4,"idparcela":"3493","productor":"ALONSO HERNANDEZ CUAUHTEMOC","cultivo":"Alfalfa","superficie_fisica_ha":4.5554,"superficie_riego_ha":4.5554,"hectareas":3.09},"geometry":{"type":"Polygon","coordinates":[[[-105.496178,28.240268],[-105.497927,28.240461],[-105.497848,28.240583],[-105.496993,28.241819],[-105.496275,28.242095],[-105.495255,28.241505],[-105.496178,28.240268]]]}},{"type":"Feature","properties":{"modulo":4,"idparcela":"3496","productor":"NEVAREZ PEREYRA ALFREDO","cultivo":"Sin Cultivo","superficie_fisica_ha":0.9,"superficie_riego_ha":0.9,"hectareas":1.533},"geometry":{"type":"Polygon","coordinates":[[[-105.495918,28.240232],[-105.496178,28.240268],[-105.495255,28.241505],[-105.494949,28.241312],[-105.494617,28.24118],[-105.494354,28.241046],[-105.494277,28.240975],[-105.4946,28.240539],[-105.494857,28.240182],[-105.495308,28.240196],[-105.49552,28.24021],[-105.495699,28.240224],[-105.495918,28.240232]]]}},{"type":"Feature","properties":{"modulo":4,"idparcela":"3546","productor":"MARQUEZ N AMALIA","cultivo":"Sin Cultivo","superficie_fisica_ha":5.975,"superficie_riego_ha":5.975,"hectareas":6.061},"geometry":{"type":"Polygon","coordinates":[[[-105.494247,28.241157],[-105.494531,28.241316],[-105.494949,28.241438],[-105.495152,28.241551],[-105.495586,28.241814],[-105.496157,28.242168],[-105.496346,28.242235],[-105.496269,28.242367],[-105.496181,28.242546],[-105.496052,28.242726],[-105.495949,28.24287],[-105.495793,28.243027],[-105.495559,28.243257],[-105.495468,28.24333],[-105.495258,28.243476],[-105.49509,28.243669],[-105.494866,28.243792],[-105.494617,28.243928],[-105.494553,28.244035],[-105.494411,28.24424],[-105.494176,28.244422],[-105.494034,28.244591],[-105.493986,28.244804],[-105.493898,28.244972],[-105.493713,28.24507],[-105.493515,28.245134],[-105.493291,28.245233],[-105.493948,28.241944],[-105.494065,28.241338],[-105.494247,28.241157]]]}},{"type":"Feature","properties":{"modulo":4,"idparcela":"3455","productor":"VAZQUEZ LOZANO JOSE LUIS","cultivo":"Sin Cultivo","superficie_fisica_ha":4.7098,"superficie_riego_ha":3.504,"hectareas":4.339},"geometry":{"type":"Polygon","coordinates":[[[-105.495251,28.243689],[-105.496458,28.244361],[-105.496213,28.244674],[-105.496006,28.244915],[-105.495656,28.2453],[-105.495426,28.245672],[-105.495139,28.245938],[-105.494879,28.24618],[-105.493033,28.24557],[-105.49315,28.245473],[-105.493333,28.245327],[-105.493544,28.24524],[-105.493901,28.245114],[-105.494084,28.244956],[-105.494183,28.244658],[-105.494339,28.244501],[-105.494494,28.244344],[-105.494634,28.244081],[-105.494817,28.243935],[-105.495001,28.243825],[-105.495251,28.243689]]]}},{"type":"Feature","properties":{"modulo":4,"idparcela":"3545","productor":"AMAYA COMADURAN OCTAVIO","cultivo":"Sin Cultivo","superficie_fisica_ha":5.178,"superficie_riego_ha":5.178,"hectareas":1.552},"geometry":{"type":"Polygon","coordinates":[[[-105.496965,28.241911],[-105.496804,28.242226],[-105.496718,28.242511],[-105.496694,28.24279],[-105.496653,28.242908],[-105.49658,28.243004],[-105.496543,28.243244],[-105.496581,28.243488],[-105.496636,28.243665],[-105.496691,28.243825],[-105.496562,28.243922],[-105.496444,28.243997],[-105.496302,28.244061],[-105.496177,28.244097],[-105.496024,28.244012],[-105.49582,28.24391],[-105.495622,28.243803],[-105.495315,28.243598],[-105.4954,28.243496],[-105.49556,28.243354],[-105.495769,28.243183],[-105.495978,28.243011],[-105.496093,28.242853],[-105.496232,28.242666],[-105.496297,28.242515],[-105.496363,28.242413],[-105.496392,28.242318],[-105.4964,28.242156],[-105.496462,28.242111],[-105.496729,28.242005],[-105.496965,28.241911]]]}},{"type":"Feature","properties":{"modulo":4,"idparcela":"3519","productor":"ALONSO HERNANDEZ CUAUHTEMOC","cultivo":"Sin Cultivo","superficie_fisica_ha":3.1505,"superficie_riego_ha":3.1505,"hectareas":2.458},"geometry":{"type":"Polygon","coordinates":[[[-105.486735,28.247077],[-105.486676,28.247033],[-105.486515,28.246857],[-105.486395,28.246653],[-105.486372,28.24637],[-105.486392,28.245961],[-105.486336,28.245769],[-105.48619,28.245641],[-105.486063,28.245529],[-105.485858,28.245383],[-105.485798,28.245282],[-105.485795,28.245188],[-105.485861,28.245101],[-105.486042,28.244982],[-105.486345,28.244764],[-105.486537,28.244726],[-105.486669,28.244741],[-105.487742,28.245516],[-105.486735,28.247077]]]}},{"type":"Feature","properties":{"modulo":4,"idparcela":"3534","productor":"ALONSO HERNANDEZ AARON","cultivo":"Sin Cultivo","superficie_fisica_ha":2.133,"superficie_riego_ha":2.133,"hectareas":1.861},"geometry":{"type":"Polygon","coordinates":[[[-105.486669,28.244741],[-105.486713,28.24469],[-105.487489,28.243771],[-105.488567,28.244236],[-105.487742,28.245516],[-105.486669,28.244741]]]}},{"type":"Feature","properties":{"modulo":4,"idparcela":"3518","productor":"ALONSO VILLA JOSE ANTONIO","cultivo":"Nogal (Nuez)","superficie_fisica_ha":1.1524,"superficie_riego_ha":1.1524,"hectareas":1.028},"geometry":{"type":"Polygon","coordinates":[[[-105.486665,28.243376],[-105.486509,28.243323],[-105.485474,28.242965],[-105.485904,28.242291],[-105.486983,28.242624],[-105.486665,28.243376]]]}},{"type":"Feature","properties":{"modulo":4,"idparcela":"3520","productor":"MORENO ACOSTA SAUL","cultivo":"Nogal (Nuez)","superficie_fisica_ha":1.65,"superficie_riego_ha":1.65,"hectareas":1.788},"geometry":{"type":"Polygon","coordinates":[[[-105.484962,28.242864],[-105.484702,28.24273],[-105.484309,28.242587],[-105.484699,28.242027],[-105.484777,28.24205],[-105.484974,28.242082],[-105.485171,28.242087],[-105.485295,28.242066],[-105.485453,28.241797],[-105.486715,28.242155],[-105.487343,28.242333],[-105.487295,28.24272],[-105.486983,28.242624],[-105.485904,28.242291],[-105.485474,28.242965],[-105.48527,28.242895],[-105.484962,28.242864]]]}},{"type":"Feature","properties":{"modulo":4,"idparcela":"3533","productor":"LA CAMPERA S.P.R. DE R.L.","cultivo":"Ma­z","superficie_fisica_ha":9.1171,"superficie_riego_ha":7.1171,"hectareas":5.98},"geometry":{"type":"Polygon","coordinates":[[[-105.484569,28.246384],[-105.484987,28.245789],[-105.48462,28.245519],[-105.484367,28.2453],[-105.484179,28.245134],[-105.485028,28.244061],[-105.485846,28.24321],[-105.485917,28.243235],[-105.487253,28.243708],[-105.487308,28.243836],[-105.486688,28.244568],[-105.486552,28.244571],[-105.486283,28.244654],[-105.486045,28.244743],[-105.485806,28.244894],[-105.485627,28.245063],[-105.485534,28.245193],[-105.485546,28.245287],[-105.485645,28.245369],[-105.485771,28.245474],[-105.485931,28.24559],[-105.48609,28.24573],[-105.486192,28.245882],[-105.486213,28.246047],[-105.486204,28.2463],[-105.486231,28.246605],[-105.48625,28.246766],[-105.486332,28.246918],[-105.486418,28.247023],[-105.486504,28.247148],[-105.48653,28.247214],[-105.486514,28.247272],[-105.486449,28.247354],[-105.48499,28.246559],[-105.484569,28.246384]]]}},{"type":"Feature","properties":{"modulo":4,"idparcela":"3532","productor":"JIMENEZ GARCIA APOLONIO","cultivo":"Alfalfa","superficie_fisica_ha":1.5,"superficie_riego_ha":1,"hectareas":1.703},"geometry":{"type":"Polygon","coordinates":[[[-105.485028,28.244061],[-105.484131,28.24372],[-105.483854,28.242554],[-105.484207,28.242665],[-105.484635,28.242817],[-105.484885,28.242973],[-105.485248,28.243002],[-105.485846,28.24321],[-105.485028,28.244061]]]}},{"type":"Feature","properties":{"modulo":4,"idparcela":"3561","productor":"PORTILLO GONZALEZ ROBERTO","cultivo":"Sin Cultivo","superficie_fisica_ha":4.3125,"superficie_riego_ha":4.3125,"hectareas":4.927},"geometry":{"type":"Polygon","coordinates":[[[-105.485137,28.248424],[-105.48418,28.249736],[-105.48382,28.250157],[-105.483311,28.250626],[-105.482887,28.250912],[-105.482607,28.251064],[-105.482362,28.251175],[-105.482198,28.25122],[-105.482033,28.251248],[-105.48194,28.251201],[-105.48203,28.250967],[-105.482166,28.250597],[-105.482334,28.250097],[-105.482519,28.249596],[-105.482594,28.249189],[-105.482701,28.248705],[-105.484568,28.24813],[-105.485137,28.248424]]]}},{"type":"Feature","properties":{"modulo":4,"idparcela":"3535","productor":"ALONSO GUZMAN ROBERTO","cultivo":"Sin Cultivo","superficie_fisica_ha":8.2103,"superficie_riego_ha":8.2103,"hectareas":8.711},"geometry":{"type":"Polygon","coordinates":[[[-105.490861,28.245101],[-105.489483,28.247572],[-105.489231,28.247479],[-105.488686,28.247432],[-105.48816,28.247515],[-105.487924,28.247515],[-105.48736,28.247421],[-105.486978,28.247256],[-105.486735,28.247077],[-105.487742,28.245516],[-105.488567,28.244236],[-105.488838,28.244352],[-105.490684,28.245057],[-105.490861,28.245101]]]}},{"type":"Feature","properties":{"modulo":4,"idparcela":"3536","productor":"PAEZ GONZALEZ MANUEL","cultivo":"Sin Cultivo","superficie_fisica_ha":1.825,"superficie_riego_ha":1.825,"hectareas":1.776},"geometry":{"type":"Polygon","coordinates":[[[-105.489483,28.247572],[-105.490861,28.245101],[-105.491405,28.245212],[-105.489988,28.24787],[-105.489798,28.247791],[-105.489483,28.247572]]]}},{"type":"Feature","properties":{"modulo":4,"idparcela":"3556","productor":"CHAVEZ OLIVAREZ OCTAVIO","cultivo":"Sin Cultivo","superficie_fisica_ha":2.525,"superficie_riego_ha":2.525,"hectareas":1.133},"geometry":{"type":"Polygon","coordinates":[[[-105.489435,28.247869],[-105.488643,28.248857],[-105.48822,28.249374],[-105.488166,28.249439],[-105.487663,28.249153],[-105.489002,28.247666],[-105.489177,28.247722],[-105.48929,28.247785],[-105.489435,28.247869]]]}},{"type":"Feature","properties":{"modulo":4,"idparcela":"3558","productor":"LA CAMPERA S.P.R. DE R.L.","cultivo":"Ma­z","superficie_fisica_ha":8.0703,"superficie_riego_ha":8.0703,"hectareas":1.969},"geometry":{"type":"Polygon","coordinates":[[[-105.487251,28.248919],[-105.487012,28.248784],[-105.486622,28.248502],[-105.486375,28.248293],[-105.486034,28.248072],[-105.485921,28.247995],[-105.485907,28.247941],[-105.485935,28.2479],[-105.486071,28.247803],[-105.48622,28.247698],[-105.486425,28.247542],[-105.486602,28.247433],[-105.486732,28.247415],[-105.486842,28.247437],[-105.487377,28.247657],[-105.48765,28.247737],[-105.487795,28.247768],[-105.487971,28.24778],[-105.488129,28.247704],[-105.488271,28.247681],[-105.488341,28.247679],[-105.487251,28.248919]]]}},{"type":"Feature","properties":{"modulo":4,"idparcela":"3557","productor":"CHAVEZ OLIVAREZ OCTAVIO","cultivo":"Sin Cultivo","superficie_fisica_ha":1.6046,"superficie_riego_ha":1.6046,"hectareas":0.94},"geometry":{"type":"Polygon","coordinates":[[[-105.487663,28.249153],[-105.487251,28.248919],[-105.488341,28.247679],[-105.488607,28.247669],[-105.489002,28.247666],[-105.487663,28.249153]]]}},{"type":"Feature","properties":{"modulo":4,"idparcela":"3537","productor":"MU¥OZ OCHOA SERGIO M.","cultivo":"Sin Cultivo","superficie_fisica_ha":4.292,"superficie_riego_ha":4.292,"hectareas":2.456},"geometry":{"type":"Polygon","coordinates":[[[-105.49147,28.245224],[-105.492693,28.24561],[-105.49249,28.245804],[-105.492312,28.245992],[-105.492165,28.246239],[-105.492128,28.246424],[-105.49214,28.246641],[-105.49217,28.246857],[-105.492145,28.247042],[-105.492087,28.247185],[-105.492047,28.247288],[-105.49062,28.246847],[-105.49147,28.245224]]]}},{"type":"Feature","properties":{"modulo":4,"idparcela":"3541","productor":"LOPEZ NAJERA SILVIA","cultivo":"Nogal (Nuez)","superficie_fisica_ha":3.025,"superficie_riego_ha":3.025,"hectareas":4.094},"geometry":{"type":"Polygon","coordinates":[[[-105.494879,28.24618],[-105.49489,28.246433],[-105.495016,28.246621],[-105.495694,28.246879],[-105.495239,28.247912],[-105.494403,28.2473],[-105.493738,28.24704],[-105.492266,28.246704],[-105.492298,28.246418],[-105.49236,28.246226],[-105.492526,28.245937],[-105.492709,28.245743],[-105.493033,28.24557],[-105.494879,28.24618]]]}},{"type":"Feature","properties":{"modulo":4,"idparcela":"3542","productor":"JUAREZ CHAVIRA PEDRO","cultivo":"Sin Cultivo","superficie_fisica_ha":1.2312,"superficie_riego_ha":1.2312,"hectareas":2.678},"geometry":{"type":"Polygon","coordinates":[[[-105.495046,28.248225],[-105.49444,28.247952],[-105.494034,28.248054],[-105.493363,28.248223],[-105.493123,28.248116],[-105.493221,28.247919],[-105.492109,28.247373],[-105.492173,28.247253],[-105.492285,28.246929],[-105.492266,28.246704],[-105.493738,28.24704],[-105.494403,28.2473],[-105.495239,28.247912],[-105.495046,28.248225]]]}},{"type":"Feature","properties":{"modulo":4,"idparcela":"3544","productor":"CHAVEZ OLIVAREZ OCTAVIO","cultivo":"Sin Cultivo","superficie_fisica_ha":9.4338,"superficie_riego_ha":9.4338,"hectareas":1.91},"geometry":{"type":"Polygon","coordinates":[[[-105.492109,28.247373],[-105.493221,28.247919],[-105.493123,28.248116],[-105.492409,28.249433],[-105.492296,28.249283],[-105.492184,28.249119],[-105.492074,28.249014],[-105.491912,28.24897],[-105.491725,28.248783],[-105.491697,28.248499],[-105.491795,28.248079],[-105.491951,28.24767],[-105.492109,28.247373]]]}},{"type":"Feature","properties":{"modulo":4,"idparcela":"3525","productor":"SERNA SERNA JUAN","cultivo":"Sin Cultivo","superficie_fisica_ha":1.85,"superficie_riego_ha":1.85,"hectareas":1.467},"geometry":{"type":"Polygon","coordinates":[[[-105.493123,28.248116],[-105.493363,28.248223],[-105.494034,28.248054],[-105.493095,28.249856],[-105.492997,28.24985],[-105.492858,28.249711],[-105.492736,28.249642],[-105.492614,28.249597],[-105.492463,28.249505],[-105.492409,28.249433],[-105.493123,28.248116]]]}},{"type":"Feature","properties":{"modulo":4,"idparcela":"3543","productor":"MUNOZ RUIZ DE LA P EDUARDO","cultivo":"Nogal (Nuez)","superficie_fisica_ha":8.98,"superficie_riego_ha":5.4,"hectareas":1.672},"geometry":{"type":"Polygon","coordinates":[[[-105.494034,28.248054],[-105.49444,28.247952],[-105.495046,28.248225],[-105.494383,28.248755],[-105.494129,28.249265],[-105.494014,28.249545],[-105.493845,28.249895],[-105.493609,28.250266],[-105.49357,28.250049],[-105.493508,28.249853],[-105.493341,28.249846],[-105.493173,28.24986],[-105.493095,28.249856],[-105.494034,28.248054]]]}},{"type":"Feature","properties":{"modulo":4,"idparcela":"3544","productor":"CHAVEZ OLIVAREZ OCTAVIO","cultivo":"Sin Cultivo","superficie_fisica_ha":9.4338,"superficie_riego_ha":9.4338,"hectareas":12.486},"geometry":{"type":"Polygon","coordinates":[[[-105.492,28.247366],[-105.491823,28.247674],[-105.491696,28.248058],[-105.491609,28.248451],[-105.491595,28.248651],[-105.491609,28.248833],[-105.49173,28.248952],[-105.491881,28.249079],[-105.492069,28.249153],[-105.492202,28.249358],[-105.492395,28.249615],[-105.492626,28.249728],[-105.492793,28.249806],[-105.492994,28.249984],[-105.492707,28.250589],[-105.492565,28.25113],[-105.492488,28.251548],[-105.492248,28.25138],[-105.49214,28.251365],[-105.492013,28.251402],[-105.491825,28.251693],[-105.488206,28.249496],[-105.489535,28.247905],[-105.489763,28.247996],[-105.48993,28.247992],[-105.490065,28.247929],[-105.490586,28.246919],[-105.492,28.247366]]]}},{"type":"Feature","properties":{"modulo":4,"idparcela":"3559","productor":"ZERTUCHE SALDA¥A FELIPE","cultivo":"Sin Cultivo","superficie_fisica_ha":4.3787,"superficie_riego_ha":4.3787,"hectareas":3.829},"geometry":{"type":"Polygon","coordinates":[[[-105.487447,28.249215],[-105.487529,28.249265],[-105.488186,28.249644],[-105.487374,28.25156],[-105.486233,28.251995],[-105.485581,28.251295],[-105.487447,28.249215]]]}},{"type":"Feature","properties":{"modulo":4,"idparcela":"3558","productor":"LA CAMPERA S.P.R. DE R.L.","cultivo":"Ma­z","superficie_fisica_ha":8.0703,"superficie_riego_ha":8.0703,"hectareas":3.816},"geometry":{"type":"Polygon","coordinates":[[[-105.484203,28.249815],[-105.485227,28.248416],[-105.4855,28.24818],[-105.485747,28.248037],[-105.485885,28.248111],[-105.486258,28.24836],[-105.486457,28.248561],[-105.486734,28.248786],[-105.48686,28.248861],[-105.485095,28.250773],[-105.484203,28.249815]]]}},{"type":"Feature","properties":{"modulo":4,"idparcela":"3557","productor":"CHAVEZ OLIVAREZ OCTAVIO","cultivo":"Sin Cultivo","superficie_fisica_ha":1.6046,"superficie_riego_ha":1.6046,"hectareas":2.02},"geometry":{"type":"Polygon","coordinates":[[[-105.48686,28.248861],[-105.487175,28.24905],[-105.487447,28.249215],[-105.485581,28.251295],[-105.485095,28.250773],[-105.48686,28.248861]]]}},{"type":"Feature","properties":{"modulo":4,"idparcela":"3555","productor":"ZERTUCHE SALDA¥A FELIPE","cultivo":"Sin Cultivo","superficie_fisica_ha":2.5674,"superficie_riego_ha":2.5674,"hectareas":1.587},"geometry":{"type":"Polygon","coordinates":[[[-105.488227,28.249681],[-105.488365,28.249758],[-105.488426,28.249779],[-105.488477,28.249787],[-105.488537,28.249754],[-105.489029,28.250055],[-105.48779,28.251906],[-105.487431,28.251569],[-105.488227,28.249681]]]}},{"type":"Feature","properties":{"modulo":4,"idparcela":"3553","productor":"LA CAMPERA S.P.R. DE R.L.","cultivo":"Ma­z","superficie_fisica_ha":5.1659,"superficie_riego_ha":5.1659,"hectareas":2.523},"geometry":{"type":"Polygon","coordinates":[[[-105.490437,28.2509],[-105.488706,28.252931],[-105.488123,28.25228],[-105.489587,28.250393],[-105.490437,28.2509]]]}},{"type":"Feature","properties":{"modulo":4,"idparcela":"3538","productor":"MUNOZ RUIZ DE LA P FEDERICO","cultivo":"Nogal (Nuez)","superficie_fisica_ha":2.3558,"superficie_riego_ha":2.3558,"hectareas":2.042},"geometry":{"type":"Polygon","coordinates":[[[-105.490482,28.250931],[-105.491794,28.251729],[-105.492013,28.25185],[-105.491862,28.251979],[-105.491712,28.252119],[-105.491464,28.25231],[-105.491215,28.252474],[-105.491065,28.252603],[-105.490906,28.25268],[-105.489845,28.251677],[-105.490482,28.250931]]]}},{"type":"Feature","properties":{"modulo":4,"idparcela":"3548","productor":"GONZALEZ SEGOVIA FRANCISCO","cultivo":"Sin Cultivo","superficie_fisica_ha":2.955,"superficie_riego_ha":2.955,"hectareas":0.669},"geometry":{"type":"Polygon","coordinates":[[[-105.490906,28.25268],[-105.490888,28.252688],[-105.4907,28.252796],[-105.490471,28.252948],[-105.490468,28.252945],[-105.489585,28.251981],[-105.489845,28.251677],[-105.490906,28.25268]]]}},{"type":"Feature","properties":{"modulo":4,"idparcela":"3547","productor":"CHAVEZ OLIVAREZ OCTAVIO","cultivo":"Sin Cultivo","superficie_fisica_ha":1.09,"superficie_riego_ha":1,"hectareas":0.798},"geometry":{"type":"Polygon","coordinates":[[[-105.492276,28.251753],[-105.492121,28.252117],[-105.491839,28.25283],[-105.491804,28.253218],[-105.491799,28.253565],[-105.491799,28.253584],[-105.491052,28.25268],[-105.491155,28.252618],[-105.491391,28.252453],[-105.491848,28.252069],[-105.492276,28.251753]]]}},{"type":"Feature","properties":{"modulo":4,"idparcela":"3551","productor":"MUNOZ RUIZ DE LA P PEDRO H","cultivo":"Nogal (Nuez)","superficie_fisica_ha":2.4573,"superficie_riego_ha":2.4573,"hectareas":1.605},"geometry":{"type":"Polygon","coordinates":[[[-105.49047,28.252948],[-105.490469,28.252949],[-105.490118,28.253192],[-105.489747,28.253424],[-105.489548,28.25357],[-105.489404,28.253721],[-105.488735,28.252975],[-105.489585,28.251981],[-105.490468,28.252945],[-105.49047,28.252948]]]}},{"type":"Feature","properties":{"modulo":4,"idparcela":"3548","productor":"GONZALEZ SEGOVIA FRANCISCO","cultivo":"Sin Cultivo","superficie_fisica_ha":2.955,"superficie_riego_ha":2.955,"hectareas":1.106},"geometry":{"type":"Polygon","coordinates":[[[-105.491799,28.253584],[-105.491808,28.253899],[-105.491739,28.254127],[-105.491547,28.254278],[-105.491467,28.254326],[-105.490513,28.253008],[-105.49074,28.252867],[-105.491052,28.25268],[-105.491799,28.253584]]]}},{"type":"Feature","properties":{"modulo":4,"idparcela":"3549","productor":"ALONSO VILLA JOSE ANTONIO","cultivo":"Nogal (Nuez)","superficie_fisica_ha":3.5339,"superficie_riego_ha":3.5339,"hectareas":2.417},"geometry":{"type":"Polygon","coordinates":[[[-105.49019,28.25593],[-105.490132,28.255977],[-105.489822,28.256237],[-105.489468,28.256498],[-105.489068,28.256761],[-105.488757,28.256981],[-105.488208,28.257273],[-105.488285,28.256804],[-105.488336,28.256443],[-105.488372,28.256108],[-105.488558,28.255771],[-105.488821,28.255445],[-105.489055,28.255186],[-105.489243,28.254902],[-105.489252,28.254818],[-105.49019,28.25593]]]}},{"type":"Feature","properties":{"modulo":4,"idparcela":"3531","productor":"ALONSO VILLA JOSE ANTONIO","cultivo":"Nogal (Nuez)","superficie_fisica_ha":1.85,"superficie_riego_ha":1.85,"hectareas":3.926},"geometry":{"type":"Polygon","coordinates":[[[-105.491467,28.254326],[-105.491251,28.254458],[-105.490956,28.254705],[-105.490749,28.254869],[-105.490649,28.255071],[-105.490583,28.25538],[-105.490469,28.255623],[-105.490338,28.255812],[-105.49019,28.25593],[-105.489252,28.254818],[-105.489254,28.254755],[-105.489202,28.254502],[-105.489165,28.254263],[-105.48922,28.254075],[-105.489364,28.253831],[-105.489629,28.253585],[-105.490028,28.25331],[-105.490513,28.253008],[-105.491467,28.254326]]]}},{"type":"Feature","properties":{"modulo":4,"idparcela":"3565","productor":"MIRANDA N MARIA ESTHER","cultivo":"Sin Cultivo","superficie_fisica_ha":11.189,"superficie_riego_ha":11.189,"hectareas":10.23},"geometry":{"type":"Polygon","coordinates":[[[-105.484165,28.249915],[-105.486287,28.252175],[-105.485925,28.25248],[-105.48614,28.252732],[-105.486497,28.253073],[-105.487214,28.253888],[-105.486838,28.254101],[-105.486074,28.254527],[-105.485437,28.25493],[-105.484765,28.255334],[-105.484644,28.255279],[-105.484441,28.254911],[-105.484245,28.254536],[-105.48406,28.254099],[-105.484028,28.253772],[-105.484005,28.253352],[-105.484014,28.25286],[-105.484002,28.252009],[-105.483959,28.250832],[-105.483996,28.250093],[-105.484165,28.249915]]]}},{"type":"Feature","properties":{"modulo":4,"idparcela":"3562","productor":"ELIAS CARRILLO ALBERTO","cultivo":"Sin Cultivo","superficie_fisica_ha":8.6595,"superficie_riego_ha":8.6595,"hectareas":5.877},"geometry":{"type":"Polygon","coordinates":[[[-105.4821,28.252036],[-105.482161,28.252567],[-105.482223,28.253049],[-105.482331,28.253903],[-105.482418,28.254582],[-105.483984,28.254091],[-105.48413,28.254478],[-105.484293,28.25477],[-105.481012,28.255849],[-105.480818,28.255306],[-105.480905,28.255218],[-105.481065,28.255121],[-105.481151,28.254996],[-105.481164,28.25483],[-105.481088,28.254774],[-105.481006,28.254747],[-105.480884,28.254728],[-105.481096,28.254026],[-105.481294,28.25326],[-105.481526,28.252494],[-105.482044,28.251304],[-105.482077,28.25184],[-105.4821,28.252036]]]}},{"type":"Feature","properties":{"modulo":4,"idparcela":"3571","productor":"MATA LECHUGA PEDRO","cultivo":"Sin Cultivo","superficie_fisica_ha":0.33,"superficie_riego_ha":0.33,"hectareas":0.883},"geometry":{"type":"Polygon","coordinates":[[[-105.482415,28.257704],[-105.481973,28.257806],[-105.481031,28.255903],[-105.481338,28.255802],[-105.482415,28.257704]]]}},{"type":"Feature","properties":{"modulo":4,"idparcela":"3569","productor":"TORRES AVILA ROSA MARIA","cultivo":"Sin Cultivo","superficie_fisica_ha":11.7547,"superficie_riego_ha":11.7547,"hectareas":7.521},"geometry":{"type":"Polygon","coordinates":[[[-105.484319,28.254818],[-105.485341,28.257038],[-105.4839,28.25736],[-105.482415,28.257704],[-105.481338,28.255802],[-105.484319,28.254818]]]}},{"type":"Feature","properties":{"modulo":4,"idparcela":"3570","productor":"GARCIA N CAROLINA","cultivo":"Sin Cultivo","superficie_fisica_ha":4.8994,"superficie_riego_ha":4.8994,"hectareas":6.612},"geometry":{"type":"Polygon","coordinates":[[[-105.48535,28.257082],[-105.485843,28.258159],[-105.485943,28.258538],[-105.482493,28.259574],[-105.482279,28.259254],[-105.482142,28.258961],[-105.482098,28.258757],[-105.482062,28.258411],[-105.482047,28.258081],[-105.482047,28.257836],[-105.482437,28.257748],[-105.4839,28.257409],[-105.48535,28.257082]]]}},{"type":"Feature","properties":{"modulo":4,"idparcela":"3562","productor":"ELIAS CARRILLO ALBERTO","cultivo":"Sin Cultivo","superficie_fisica_ha":8.6595,"superficie_riego_ha":8.6595,"hectareas":10.48},"geometry":{"type":"Polygon","coordinates":[[[-105.488113,28.257322],[-105.486031,28.258506],[-105.485949,28.258128],[-105.485796,28.257764],[-105.485617,28.257465],[-105.485434,28.257077],[-105.485372,28.256875],[-105.484799,28.255601],[-105.48769,28.254435],[-105.488031,28.254858],[-105.489061,28.254393],[-105.489139,28.254657],[-105.489144,28.254834],[-105.489036,28.255051],[-105.48869,28.255451],[-105.488511,28.25572],[-105.488291,28.256028],[-105.48824,28.256257],[-105.488234,28.256561],[-105.488113,28.257322]]]}},{"type":"Feature","properties":{"modulo":4,"idparcela":"3563","productor":"RAMIREZ LIMA FRANCISCO","cultivo":"Sin Cultivo","superficie_fisica_ha":5.825,"superficie_riego_ha":5.825,"hectareas":6.668},"geometry":{"type":"Polygon","coordinates":[[[-105.487377,28.251623],[-105.48806,28.252345],[-105.489331,28.253755],[-105.489214,28.253885],[-105.489153,28.253999],[-105.489109,28.254121],[-105.489064,28.254228],[-105.489067,28.254341],[-105.488048,28.254788],[-105.4877,28.254364],[-105.48687,28.254714],[-105.486032,28.255051],[-105.485518,28.25526],[-105.484774,28.255566],[-105.48473,28.255412],[-105.485351,28.25503],[-105.485611,28.25489],[-105.486162,28.254538],[-105.487287,28.253898],[-105.486973,28.253515],[-105.486676,28.253189],[-105.486412,28.25289],[-105.486224,28.252724],[-105.486025,28.252488],[-105.486322,28.252219],[-105.486452,28.252302],[-105.487377,28.251623]]]}},{"type":"Feature","properties":{"modulo":4,"idparcela":"************","productor":null,"cultivo":"Sin Cultivo","superficie_fisica_ha":null,"superficie_riego_ha":null,"hectareas":2.064},"geometry":{"type":"Polygon","coordinates":[[[-105.4821,28.252036],[-105.482077,28.25184],[-105.482044,28.251304],[-105.482372,28.251216],[-105.482672,28.251112],[-105.482934,28.25096],[-105.483551,28.250518],[-105.483929,28.250128],[-105.483903,28.25074],[-105.48393,28.251729],[-105.4821,28.252036]]]}},{"type":"Feature","properties":{"modulo":4,"idparcela":"3567","productor":"PORTILLO ROSETE CLARA LIZETTE","cultivo":"Sin Cultivo","superficie_fisica_ha":2.9253,"superficie_riego_ha":2.9253,"hectareas":1.318},"geometry":{"type":"Polygon","coordinates":[[[-105.483984,28.254091],[-105.482418,28.254582],[-105.482331,28.253903],[-105.483948,28.253284],[-105.483957,28.25349],[-105.483984,28.254091]]]}},{"type":"Feature","properties":{"modulo":4,"idparcela":"3566","productor":"ZERTUCHE SALDA¥A FELIPE","cultivo":"Sin Cultivo","superficie_fisica_ha":1.6509,"superficie_riego_ha":1.6509,"hectareas":1.707},"geometry":{"type":"Polygon","coordinates":[[[-105.482223,28.253049],[-105.482161,28.252567],[-105.4821,28.252036],[-105.48393,28.251729],[-105.483938,28.252038],[-105.483944,28.252453],[-105.482223,28.253049]]]}},{"type":"Feature","properties":{"modulo":4,"idparcela":"3540","productor":"PORTILLO ROSETE JUAN CARLOS","cultivo":"Sin Cultivo","superficie_fisica_ha":1.4985,"superficie_riego_ha":0.92,"hectareas":1.56},"geometry":{"type":"Polygon","coordinates":[[[-105.482331,28.253903],[-105.482223,28.253049],[-105.483944,28.252453],[-105.483948,28.253284],[-105.482331,28.253903]]]}},{"type":"Feature","properties":{"modulo":4,"idparcela":"2438","productor":"JURADO MORENO EFRAIN","cultivo":"Alfalfa","superficie_fisica_ha":3.175,"superficie_riego_ha":3.175,"hectareas":2.744},"geometry":{"type":"Polygon","coordinates":[[[-105.494788,28.233321],[-105.49431,28.23387],[-105.493723,28.234552],[-105.49327,28.235069],[-105.492899,28.235472],[-105.492373,28.23487],[-105.494094,28.232667],[-105.49427,28.232679],[-105.494689,28.233212],[-105.494788,28.233321]]]}},{"type":"Feature","properties":{"modulo":4,"idparcela":"2449","productor":"JIMENEZ SERNA PETRA","cultivo":"Alfalfa","superficie_fisica_ha":10.899,"superficie_riego_ha":7.95,"hectareas":0.943},"geometry":{"type":"Polygon","coordinates":[[[-105.492899,28.235472],[-105.491948,28.236121],[-105.49164,28.236344],[-105.491375,28.236147],[-105.492373,28.23487],[-105.492899,28.235472]]]}},{"type":"Feature","properties":{"modulo":4,"idparcela":"2435","productor":"CARRASCO ORTEGA DIONISIO","cultivo":"Alfalfa","superficie_fisica_ha":5.5,"superficie_riego_ha":5.5,"hectareas":5.835},"geometry":{"type":"Polygon","coordinates":[[[-105.492899,28.235472],[-105.494087,28.237069],[-105.493523,28.237664],[-105.493366,28.237778],[-105.493202,28.237931],[-105.493056,28.238034],[-105.49222,28.237926],[-105.491363,28.237815],[-105.490885,28.237754],[-105.490706,28.237767],[-105.490056,28.23766],[-105.49164,28.236344],[-105.491948,28.236121],[-105.492899,28.235472]]]}},{"type":"Feature","properties":{"modulo":4,"idparcela":"3572","productor":"ALONSO VILLA JOSE ANTONIO","cultivo":"Otros Pastos","superficie_fisica_ha":20.8,"superficie_riego_ha":15,"hectareas":21.434},"geometry":{"type":"Polygon","coordinates":[[[-105.478063,28.236197],[-105.478019,28.236482],[-105.475102,28.239961],[-105.474187,28.239277],[-105.474087,28.239393],[-105.473734,28.239139],[-105.473381,28.238874],[-105.47304,28.238598],[-105.472543,28.238234],[-105.47227,28.238081],[-105.471852,28.237795],[-105.471462,28.237588],[-105.471202,28.237449],[-105.470865,28.237314],[-105.470529,28.237233],[-105.470285,28.237193],[-105.471115,28.235677],[-105.471359,28.23524],[-105.478063,28.236197]]]}},{"type":"Feature","properties":{"modulo":4,"idparcela":"3574","productor":"GONZALEZ CARLOS PASCUAL","cultivo":"Sin Cultivo","superficie_fisica_ha":2.8445,"superficie_riego_ha":2.8445,"hectareas":3.284},"geometry":{"type":"Polygon","coordinates":[[[-105.477849,28.23769],[-105.477375,28.241059],[-105.477131,28.24103],[-105.476745,28.24097],[-105.476371,28.240876],[-105.475995,28.240736],[-105.475702,28.240593],[-105.477849,28.23769]]]}},{"type":"Feature","properties":{"modulo":4,"idparcela":"3550","productor":"RODRIGUEZ N MARIA DOLORES","cultivo":"Sin Cultivo","superficie_fisica_ha":3,"superficie_riego_ha":3,"hectareas":3.544},"geometry":{"type":"Polygon","coordinates":[[[-105.478019,28.236482],[-105.477849,28.23769],[-105.475702,28.240593],[-105.475683,28.240584],[-105.475487,28.240441],[-105.4752,28.240243],[-105.474559,28.239757],[-105.474087,28.239393],[-105.474187,28.239277],[-105.475102,28.239961],[-105.478019,28.236482]]]}},{"type":"Feature","properties":{"modulo":4,"idparcela":"3577","productor":"ALONSO HERNANDEZ CUAUHTEMOC","cultivo":"Otros Pastos","superficie_fisica_ha":6.3662,"superficie_riego_ha":6.3662,"hectareas":5.66},"geometry":{"type":"Polygon","coordinates":[[[-105.471851,28.239596],[-105.472704,28.238931],[-105.47451,28.240316],[-105.476318,28.241686],[-105.474954,28.242329],[-105.471851,28.239596]]]}},{"type":"Feature","properties":{"modulo":4,"idparcela":"3579","productor":"CARRASCO ORTEGA MANUEL","cultivo":"Sin Cultivo","superficie_fisica_ha":0.9,"superficie_riego_ha":0.9,"hectareas":0.95},"geometry":{"type":"Polygon","coordinates":[[[-105.46989,28.238047],[-105.469941,28.237914],[-105.474954,28.242329],[-105.474823,28.242389],[-105.46989,28.238047]]]}},{"type":"Feature","properties":{"modulo":4,"idparcela":"3580","productor":"JIMENEZ MARTINEZ ANASTACIO","cultivo":"Sin Cultivo","superficie_fisica_ha":0.95,"superficie_riego_ha":0.95,"hectareas":0.956},"geometry":{"type":"Polygon","coordinates":[[[-105.46983,28.238169],[-105.46989,28.238047],[-105.474823,28.242389],[-105.474674,28.242444],[-105.46983,28.238169]]]}},{"type":"Feature","properties":{"modulo":4,"idparcela":"3581","productor":"ALONSO HERNANDEZ CUAUHTEMOC","cultivo":"Alfalfa","superficie_fisica_ha":2.625,"superficie_riego_ha":2.625,"hectareas":2.607},"geometry":{"type":"Polygon","coordinates":[[[-105.474265,28.242607],[-105.473479,28.241909],[-105.469685,28.238537],[-105.46983,28.238169],[-105.474674,28.242444],[-105.474265,28.242607]]]}},{"type":"Feature","properties":{"modulo":4,"idparcela":"3575","productor":"ALONSO HERNANDEZ CUAUHTEMOC","cultivo":"Otros Pastos","superficie_fisica_ha":1.05,"superficie_riego_ha":1.05,"hectareas":1.198},"geometry":{"type":"Polygon","coordinates":[[[-105.47451,28.240316],[-105.471115,28.237711],[-105.471082,28.237541],[-105.471264,28.237621],[-105.471762,28.237924],[-105.47251,28.238463],[-105.473841,28.239444],[-105.474707,28.240094],[-105.47451,28.240316]]]}},{"type":"Feature","properties":{"modulo":4,"idparcela":"3582","productor":"ALONSO HERNANDEZ CUAUHTEMOC","cultivo":"Alfalfa","superficie_fisica_ha":2.3333,"superficie_riego_ha":2.3333,"hectareas":2.983},"geometry":{"type":"Polygon","coordinates":[[[-105.469685,28.238537],[-105.473479,28.241909],[-105.4727,28.242016],[-105.470291,28.239902],[-105.469541,28.23898],[-105.469685,28.238537]]]}},{"type":"Feature","properties":{"modulo":4,"idparcela":"3554","productor":"ALONSO HERNANDEZ CUAUHTEMOC","cultivo":"Alfalfa","superficie_fisica_ha":2.1441,"superficie_riego_ha":2.1441,"hectareas":2.412},"geometry":{"type":"Polygon","coordinates":[[[-105.471934,28.242107],[-105.469296,28.239696],[-105.469432,28.239301],[-105.469541,28.23898],[-105.470291,28.239902],[-105.4727,28.242016],[-105.471934,28.242107]]]}},{"type":"Feature","properties":{"modulo":4,"idparcela":"3583","productor":"ALONSO HERNANDEZ CUAUHTEMOC","cultivo":"Alfalfa","superficie_fisica_ha":3.4,"superficie_riego_ha":3.4,"hectareas":3.494},"geometry":{"type":"Polygon","coordinates":[[[-105.47074,28.242536],[-105.468998,28.241043],[-105.469076,28.240631],[-105.469296,28.239696],[-105.471934,28.242107],[-105.470672,28.242252],[-105.47074,28.242536]]]}},{"type":"Feature","properties":{"modulo":4,"idparcela":"3560","productor":"ALONSO HERNANDEZ CUAUHTEMOC","cultivo":"Alfalfa","superficie_fisica_ha":1,"superficie_riego_ha":1,"hectareas":1.236},"geometry":{"type":"Polygon","coordinates":[[[-105.470818,28.242949],[-105.470497,28.242968],[-105.468906,28.241614],[-105.468998,28.241043],[-105.47074,28.242536],[-105.470818,28.242949]]]}},{"type":"Feature","properties":{"modulo":4,"idparcela":"3586","productor":"ALONSO HERNANDEZ CUAUHTEMOC","cultivo":"Alfalfa","superficie_fisica_ha":12.0721,"superficie_riego_ha":12.0721,"hectareas":12.131},"geometry":{"type":"Polygon","coordinates":[[[-105.470497,28.242968],[-105.46872,28.243188],[-105.468807,28.242259],[-105.468906,28.241614],[-105.470497,28.242968]],[[-105.471299,28.243849],[-105.472119,28.24469],[-105.47194,28.24504],[-105.471563,28.245548],[-105.47117,28.246005],[-105.470664,28.246591],[-105.470398,28.246893],[-105.470114,28.247201],[-105.468855,28.246567],[-105.468769,28.246069],[-105.468698,28.245444],[-105.468652,28.244614],[-105.468715,28.243279],[-105.470554,28.24307],[-105.471299,28.243849]]]}},{"type":"Feature","properties":{"modulo":4,"idparcela":"3584","productor":"ALONSO HERNANDEZ CUAUHTEMOC","cultivo":"Alfalfa","superficie_fisica_ha":17.8345,"superficie_riego_ha":17.8345,"hectareas":20.303},"geometry":{"type":"Polygon","coordinates":[[[-105.472119,28.24469],[-105.472759,28.244289],[-105.473435,28.243865],[-105.475864,28.249967],[-105.473229,28.250067],[-105.470114,28.247201],[-105.470398,28.246893],[-105.470664,28.246591],[-105.47117,28.246005],[-105.471563,28.245548],[-105.47194,28.24504],[-105.472119,28.24469]]]}},{"type":"Feature","properties":{"modulo":4,"idparcela":"3576","productor":"HERNANDEZ N PAULA","cultivo":"Otros Pastos","superficie_fisica_ha":3.5912,"superficie_riego_ha":3.5912,"hectareas":14.27},"geometry":{"type":"Polygon","coordinates":[[[-105.473435,28.243865],[-105.474128,28.243567],[-105.474669,28.243356],[-105.475194,28.24316],[-105.475703,28.242935],[-105.476055,28.24287],[-105.476518,28.242747],[-105.477078,28.242635],[-105.476869,28.244405],[-105.476278,28.244546],[-105.476615,28.245692],[-105.476096,28.249662],[-105.475864,28.249967],[-105.473435,28.243865]]]}},{"type":"Feature","properties":{"modulo":4,"idparcela":"************","productor":null,"cultivo":"Sin Cultivo","superficie_fisica_ha":null,"superficie_riego_ha":null,"hectareas":17.375},"geometry":{"type":"Polygon","coordinates":[[[-105.475864,28.249967],[-105.475807,28.250425],[-105.47555,28.251955],[-105.475345,28.25332],[-105.475236,28.254015],[-105.475117,28.254862],[-105.472757,28.256487],[-105.47191,28.255687],[-105.47261,28.254739],[-105.473075,28.254062],[-105.473645,28.253571],[-105.47296,28.252968],[-105.472304,28.252403],[-105.472083,28.252118],[-105.471988,28.25178],[-105.472026,28.25159],[-105.473229,28.250067],[-105.475864,28.249967]]]}},{"type":"Feature","properties":{"modulo":4,"idparcela":"3587","productor":"LERMA SANCHEZ ALBINO","cultivo":"Sin Cultivo","superficie_fisica_ha":1.275,"superficie_riego_ha":1.275,"hectareas":1.266},"geometry":{"type":"Polygon","coordinates":[[[-105.468224,28.243342],[-105.468189,28.244127],[-105.468158,28.244776],[-105.468144,28.245567],[-105.467136,28.244631],[-105.467628,28.244009],[-105.467919,28.24367],[-105.468224,28.243342]]]}},{"type":"Feature","properties":{"modulo":4,"idparcela":"3587","productor":"LERMA SANCHEZ ALBINO","cultivo":"Sin Cultivo","superficie_fisica_ha":1.275,"superficie_riego_ha":1.275,"hectareas":14.048},"geometry":{"type":"Polygon","coordinates":[[[-105.468144,28.245567],[-105.46886,28.249478],[-105.468648,28.249571],[-105.468153,28.249861],[-105.467858,28.250071],[-105.467705,28.250252],[-105.467511,28.250523],[-105.46729,28.25082],[-105.467047,28.251047],[-105.46678,28.251113],[-105.466575,28.250403],[-105.466448,28.249949],[-105.466305,28.249443],[-105.465942,28.248244],[-105.465659,28.247348],[-105.465575,28.24688],[-105.465598,28.246663],[-105.465677,28.24642],[-105.465912,28.246085],[-105.46626,28.245696],[-105.467136,28.244631],[-105.468144,28.245567]]]}},{"type":"Feature","properties":{"modulo":4,"idparcela":"2403","productor":"PORTILLO CHAVARRIA JESUS","cultivo":"Alfalfa","superficie_fisica_ha":6,"superficie_riego_ha":6,"hectareas":6.153},"geometry":{"type":"Polygon","coordinates":[[[-105.469091,28.233061],[-105.468413,28.233013],[-105.467825,28.232958],[-105.467604,28.232515],[-105.467372,28.231832],[-105.467559,28.230131],[-105.469676,28.229684],[-105.469631,28.230333],[-105.469296,28.231389],[-105.469091,28.233061]]]}},{"type":"Feature","properties":{"modulo":4,"idparcela":"2402","productor":"LEVARIO ORTEGA EULALIO","cultivo":"Alfalfa","superficie_fisica_ha":1.0414,"superficie_riego_ha":1.0414,"hectareas":0.913},"geometry":{"type":"Polygon","coordinates":[[[-105.467372,28.231832],[-105.467364,28.231809],[-105.466935,28.231068],[-105.466562,28.230341],[-105.467559,28.230131],[-105.467372,28.231832]]]}},{"type":"Feature","properties":{"modulo":4,"idparcela":"2400","productor":"SERNA LEVARIO LUIS CARLOS","cultivo":"Avena Forrajera","superficie_fisica_ha":5.0804,"superficie_riego_ha":5.0804,"hectareas":4.53},"geometry":{"type":"Polygon","coordinates":[[[-105.464423,28.23084],[-105.466299,28.230419],[-105.466973,28.231574],[-105.467185,28.231932],[-105.467437,28.232762],[-105.467223,28.232917],[-105.466998,28.233044],[-105.466615,28.233274],[-105.464423,28.23084]]]}},{"type":"Feature","properties":{"modulo":4,"idparcela":"2401","productor":"JIMENEZ LICON DOLORES","cultivo":"Alfalfa","superficie_fisica_ha":1.8782,"superficie_riego_ha":1.8782,"hectareas":2.343},"geometry":{"type":"Polygon","coordinates":[[[-105.466068,28.233602],[-105.463692,28.231003],[-105.464423,28.23084],[-105.466615,28.233274],[-105.466376,28.233397],[-105.466068,28.233602]]]}},{"type":"Feature","properties":{"modulo":4,"idparcela":"2037","productor":"LEVARIO ORTEGA EULALIO","cultivo":"Alfalfa","superficie_fisica_ha":0.85,"superficie_riego_ha":0.75,"hectareas":0.942},"geometry":{"type":"Polygon","coordinates":[[[-105.467669,28.235033],[-105.467359,28.235217],[-105.467178,28.234982],[-105.466827,28.234605],[-105.466654,28.234485],[-105.466512,28.234482],[-105.465965,28.233849],[-105.466428,28.233535],[-105.467669,28.235033]]]}},{"type":"Feature","properties":{"modulo":4,"idparcela":"2406","productor":"MARTINEZ ONTIVEROS ROBERTO","cultivo":"Otros Pastos","superficie_fisica_ha":2.2278,"superficie_riego_ha":1.675,"hectareas":2.544},"geometry":{"type":"Polygon","coordinates":[[[-105.468656,28.234411],[-105.467669,28.235033],[-105.466428,28.233535],[-105.467501,28.232857],[-105.467699,28.233121],[-105.467944,28.233459],[-105.468656,28.234411]]]}},{"type":"Feature","properties":{"modulo":4,"idparcela":"3489","productor":"CARMONA GONZALEZ SILVESTRE","cultivo":"Sin Cultivo","superficie_fisica_ha":1.332,"superficie_riego_ha":1.332,"hectareas":1.721},"geometry":{"type":"Polygon","coordinates":[[[-105.485611,28.23707],[-105.485162,28.238043],[-105.483533,28.237671],[-105.48398,28.23686],[-105.484977,28.236983],[-105.485611,28.23707]]]}},{"type":"Feature","properties":{"modulo":4,"idparcela":"3539","productor":"VILLALOBOS BOLIVAR FRANCISCO","cultivo":"Nogal (Nuez)","superficie_fisica_ha":1.0357,"superficie_riego_ha":1.0357,"hectareas":0.597},"geometry":{"type":"Polygon","coordinates":[[[-105.479893,28.24089],[-105.479719,28.24082],[-105.481928,28.238194],[-105.482083,28.238227],[-105.479893,28.24089]]]}},{"type":"Feature","properties":{"modulo":4,"idparcela":"3552","productor":"LARA PACHECO MIGUEL","cultivo":"Nogal (Nuez)","superficie_fisica_ha":1.5,"superficie_riego_ha":1.5,"hectareas":0.594},"geometry":{"type":"Polygon","coordinates":[[[-105.480061,28.240952],[-105.479893,28.24089],[-105.482083,28.238227],[-105.482239,28.238271],[-105.480061,28.240952]]]}},{"type":"Feature","properties":{"modulo":4,"idparcela":"3495","productor":"VILLALOBOS BOLIVAR FRANCISCO","cultivo":"Alfalfa","superficie_fisica_ha":1.9716,"superficie_riego_ha":1.9716,"hectareas":0.586},"geometry":{"type":"Polygon","coordinates":[[[-105.48023,28.241018],[-105.480061,28.240952],[-105.482239,28.238271],[-105.482384,28.238316],[-105.48023,28.241018]]]}},{"type":"Feature","properties":{"modulo":4,"idparcela":"2411","productor":"GARCIA YANEZ EDGAR ARTURO","cultivo":"Alfalfa","superficie_fisica_ha":2.6175,"superficie_riego_ha":2.6175,"hectareas":1.806},"geometry":{"type":"Polygon","coordinates":[[[-105.475905,28.212076],[-105.476453,28.210072],[-105.477054,28.210813],[-105.477055,28.211044],[-105.477044,28.211299],[-105.477025,28.211774],[-105.47697,28.212092],[-105.476934,28.212238],[-105.476829,28.21232],[-105.476734,28.212336],[-105.476651,28.212331],[-105.476394,28.212238],[-105.475905,28.212076]]]}},{"type":"Feature","properties":{"modulo":4,"idparcela":"2424","productor":"ALONSO HERNANDEZ CUAUHTEMOC","cultivo":"Sin Cultivo","superficie_fisica_ha":0.7727,"superficie_riego_ha":0.7727,"hectareas":2.632},"geometry":{"type":"Polygon","coordinates":[[[-105.498113,28.238752],[-105.498772,28.238873],[-105.498757,28.239212],[-105.498688,28.239327],[-105.498334,28.239519],[-105.495466,28.238895],[-105.496015,28.238536],[-105.496472,28.238307],[-105.497153,28.238087],[-105.497607,28.23836],[-105.498113,28.238752]]]}},{"type":"Feature","properties":{"modulo":4,"idparcela":"1801","productor":"AGUIRRE CASIANO OSCAR","cultivo":"Alfalfa","superficie_fisica_ha":13.23,"superficie_riego_ha":13.23,"hectareas":10.884},"geometry":{"type":"Polygon","coordinates":[[[-105.399454,28.28054],[-105.398895,28.280212],[-105.397628,28.279649],[-105.397532,28.279619],[-105.396342,28.278892],[-105.394819,28.278846],[-105.393673,28.277517],[-105.394142,28.277617],[-105.39499,28.277745],[-105.395325,28.277762],[-105.395463,28.277702],[-105.396294,28.277105],[-105.396778,28.277156],[-105.397199,28.277246],[-105.397767,28.277463],[-105.398451,28.277863],[-105.398648,28.278228],[-105.399081,28.278787],[-105.400635,28.279605],[-105.400677,28.280062],[-105.399454,28.28054]]]}},{"type":"Feature","properties":{"modulo":4,"idparcela":"1811","productor":"SOLIS QUI¥ONES SAUL","cultivo":"Cacahuate","superficie_fisica_ha":6.5,"superficie_riego_ha":6.5,"hectareas":8.387},"geometry":{"type":"Polygon","coordinates":[[[-105.399454,28.28054],[-105.399434,28.280693],[-105.399056,28.280779],[-105.398675,28.280614],[-105.398121,28.28112],[-105.397898,28.281462],[-105.397965,28.281551],[-105.39827,28.281487],[-105.397856,28.281981],[-105.397683,28.282125],[-105.397433,28.28218],[-105.397072,28.282116],[-105.396735,28.281816],[-105.39602,28.281501],[-105.395776,28.281762],[-105.395031,28.281374],[-105.395563,28.280737],[-105.395752,28.280503],[-105.395936,28.280071],[-105.394819,28.278846],[-105.396342,28.278892],[-105.397532,28.279619],[-105.397628,28.279649],[-105.398895,28.280212],[-105.399454,28.28054]]]}},{"type":"Feature","properties":{"modulo":4,"idparcela":"3522","productor":"MUNOZ RUOIZ DE LA P FEDERICO","cultivo":"Nogal (Nuez)","superficie_fisica_ha":1.1027,"superficie_riego_ha":1.1027,"hectareas":1.265},"geometry":{"type":"Polygon","coordinates":[[[-105.492043,28.251801],[-105.491884,28.251694],[-105.492034,28.251454],[-105.492196,28.251439],[-105.492454,28.251572],[-105.492551,28.251541],[-105.492767,28.250595],[-105.49303,28.249983],[-105.493453,28.249934],[-105.493519,28.25044],[-105.49344,28.250898],[-105.493331,28.25119],[-105.492665,28.251654],[-105.492479,28.251774],[-105.492302,28.251737],[-105.492043,28.251801]]]}},{"type":"Feature","properties":{"modulo":4,"idparcela":"3585","productor":"ALONSO HERNANDEZ CUAUHTEMOC","cultivo":"Alfalfa","superficie_fisica_ha":2.25,"superficie_riego_ha":2.25,"hectareas":2.669},"geometry":{"type":"Polygon","coordinates":[[[-105.470761,28.242497],[-105.470682,28.242245],[-105.473465,28.241916],[-105.474236,28.242628],[-105.471293,28.242976],[-105.470828,28.242986],[-105.470761,28.242497]]]}},{"type":"Feature","properties":{"modulo":4,"idparcela":"1981","productor":"PARC. ESC. CHAVEZ ALFREDO","cultivo":"Chile verde","superficie_fisica_ha":5,"superficie_riego_ha":5,"hectareas":3.743},"geometry":{"type":"Polygon","coordinates":[[[-105.402943,28.269551],[-105.403008,28.26966],[-105.403013,28.270311],[-105.401995,28.270465],[-105.401716,28.270747],[-105.401272,28.270491],[-105.400985,28.270486],[-105.400798,28.270457],[-105.400556,28.270274],[-105.400159,28.269907],[-105.399463,28.269524],[-105.400558,28.268972],[-105.400862,28.26912],[-105.401114,28.269236],[-105.401465,28.269284],[-105.401853,28.269353],[-105.402405,28.269463],[-105.402943,28.269551]]]}},{"type":"Feature","properties":{"modulo":4,"idparcela":"1841","productor":"SOLIS QUI¥ONES SAUL","cultivo":"Chile verde","superficie_fisica_ha":7.02,"superficie_riego_ha":6.5,"hectareas":14.148},"geometry":{"type":"Polygon","coordinates":[[[-105.397256,28.273137],[-105.397364,28.273539],[-105.397256,28.273696],[-105.397162,28.27393],[-105.396999,28.274342],[-105.39667,28.275099],[-105.396381,28.275514],[-105.396114,28.275762],[-105.395756,28.275891],[-105.395629,28.275817],[-105.395563,28.275685],[-105.395479,28.275356],[-105.395244,28.275064],[-105.394806,28.274341],[-105.395036,28.273687],[-105.395235,28.272745],[-105.395459,28.272689],[-105.395585,28.27253],[-105.395917,28.271387],[-105.396916,28.270856],[-105.397751,28.270427],[-105.39795,28.270303],[-105.39827,28.270142],[-105.399463,28.269524],[-105.399963,28.269799],[-105.400159,28.269907],[-105.400219,28.269963],[-105.400456,28.270182],[-105.400556,28.270274],[-105.400757,28.270426],[-105.400486,28.27046],[-105.400285,28.270409],[-105.400061,28.270436],[-105.399791,28.270574],[-105.399551,28.270932],[-105.399233,28.271182],[-105.399013,28.27133],[-105.398675,28.271518],[-105.398391,28.271747],[-105.398202,28.272058],[-105.398053,28.272316],[-105.39793,28.272672],[-105.397502,28.272934],[-105.397256,28.273137]]]}},{"type":"Feature","properties":{"modulo":4,"idparcela":"2152","productor":"SOLIS SOLTERO RAUL","cultivo":"Chile verde","superficie_fisica_ha":17.9,"superficie_riego_ha":17.9,"hectareas":20.455},"geometry":{"type":"Polygon","coordinates":[[[-105.439528,28.263519],[-105.439738,28.264003],[-105.440033,28.264695],[-105.44071,28.26496],[-105.441587,28.265325],[-105.441506,28.269618],[-105.437722,28.269594],[-105.436841,28.269089],[-105.437018,28.268353],[-105.439528,28.263519]]]}},{"type":"Feature","properties":{"modulo":4,"idparcela":"2099","productor":"CABALLERO SANTIESTEBAN LUIS","cultivo":"Ma­z","superficie_fisica_ha":10,"superficie_riego_ha":10,"hectareas":8.865},"geometry":{"type":"Polygon","coordinates":[[[-105.426917,28.228459],[-105.427354,28.231785],[-105.427137,28.23182],[-105.424838,28.231809],[-105.424755,28.22814],[-105.426917,28.228459]]]}},{"type":"Feature","properties":{"modulo":4,"idparcela":"3578","productor":"MARTINEZ DE RODRIGUEZ OTILIA","cultivo":"Sin Cultivo","superficie_fisica_ha":4.0838,"superficie_riego_ha":4.0838,"hectareas":2.844},"geometry":{"type":"Polygon","coordinates":[[[-105.472704,28.238931],[-105.471851,28.239596],[-105.469941,28.237914],[-105.470213,28.23737],[-105.470406,28.237354],[-105.47073,28.237419],[-105.471082,28.237541],[-105.471115,28.237711],[-105.472704,28.238931]]]}},{"type":"Feature","properties":{"modulo":4,"idparcela":"2347","productor":"LOPEZ RODRIGUEZ RODRIGO","cultivo":"Alfalfa","superficie_fisica_ha":3.225,"superficie_riego_ha":3.225,"hectareas":3.165},"geometry":{"type":"Polygon","coordinates":[[[-105.482572,28.223446],[-105.482976,28.221529],[-105.484292,28.221852],[-105.484162,28.223829],[-105.482572,28.223446]]]}},{"type":"Feature","properties":{"modulo":4,"idparcela":"2362","productor":"HERNANDEZ JIMENEZ JOSE INES I.","cultivo":"Alfalfa","superficie_fisica_ha":1.8935,"superficie_riego_ha":1.8935,"hectareas":1.744},"geometry":{"type":"Polygon","coordinates":[[[-105.466846,28.222811],[-105.467872,28.22251],[-105.467821,28.223079],[-105.46782,28.223478],[-105.467912,28.223802],[-105.468089,28.224307],[-105.467193,28.224552],[-105.466846,28.222811]]]}},{"type":"Feature","properties":{"modulo":4,"idparcela":"2378","productor":"SERNA LEVARIO LUIS CARLOS","cultivo":"Alfalfa","superficie_fisica_ha":4.5627,"superficie_riego_ha":4.5627,"hectareas":2.448},"geometry":{"type":"Polygon","coordinates":[[[-105.462105,28.216627],[-105.461629,28.217299],[-105.459948,28.215699],[-105.459806,28.214417],[-105.461002,28.215569],[-105.462105,28.216627]]]}},{"type":"Feature","properties":{"modulo":4,"idparcela":"2306","productor":"GARCIA TERRAZAS JAIME EDUARDO","cultivo":"Alfalfa","superficie_fisica_ha":14.15,"superficie_riego_ha":14.15,"hectareas":12.288},"geometry":{"type":"Polygon","coordinates":[[[-105.427293,28.133916],[-105.426642,28.133821],[-105.424861,28.133609],[-105.422805,28.133543],[-105.421509,28.131108],[-105.421912,28.130962],[-105.422285,28.130835],[-105.422831,28.130784],[-105.423345,28.130822],[-105.423857,28.130921],[-105.424282,28.131024],[-105.425692,28.131679],[-105.426735,28.132264],[-105.426762,28.132391],[-105.426836,28.132603],[-105.427115,28.133395],[-105.427293,28.133916]]]}},{"type":"Feature","properties":{"modulo":4,"idparcela":"************","productor":null,"cultivo":"Sin Cultivo","superficie_fisica_ha":null,"superficie_riego_ha":null,"hectareas":5.94},"geometry":{"type":"Polygon","coordinates":[[[-105.421895,28.184463],[-105.424253,28.186039],[-105.424795,28.190704],[-105.42471,28.190907],[-105.42446,28.190695],[-105.422971,28.186589],[-105.422103,28.184811],[-105.421895,28.184463]]]}},{"type":"Feature","properties":{"modulo":4,"idparcela":"2274","productor":"VASQUEZ SALAS PAULINO","cultivo":"Otros Cultivos Varios 1","superficie_fisica_ha":14.15,"superficie_riego_ha":12.75,"hectareas":27.651},"geometry":{"type":"Polygon","coordinates":[[[-105.439113,28.200177],[-105.438698,28.199628],[-105.4383,28.199444],[-105.438101,28.1991],[-105.438031,28.198777],[-105.43774,28.198571],[-105.437749,28.198104],[-105.437808,28.197532],[-105.437944,28.197202],[-105.437968,28.196817],[-105.437973,28.196486],[-105.437769,28.195118],[-105.44438,28.195096],[-105.443291,28.198319],[-105.442876,28.198514],[-105.442524,28.199013],[-105.442041,28.199505],[-105.441619,28.199639],[-105.441381,28.199561],[-105.441144,28.199524],[-105.4409,28.199569],[-105.440788,28.199667],[-105.440727,28.199826],[-105.440279,28.199856],[-105.439853,28.199844],[-105.439756,28.199763],[-105.439502,28.199977],[-105.439342,28.200148],[-105.439174,28.200175],[-105.439113,28.200177]]]}},{"type":"Feature","properties":{"modulo":4,"idparcela":"************","productor":null,"cultivo":"Sin Cultivo","superficie_fisica_ha":null,"superficie_riego_ha":null,"hectareas":12.195},"geometry":{"type":"Polygon","coordinates":[[[-105.437769,28.195118],[-105.437973,28.196486],[-105.437968,28.196817],[-105.437944,28.197202],[-105.437808,28.197532],[-105.437749,28.198104],[-105.43774,28.198571],[-105.438031,28.198777],[-105.438101,28.1991],[-105.4383,28.199444],[-105.438698,28.199628],[-105.439113,28.200177],[-105.438424,28.200272],[-105.437244,28.200339],[-105.4369,28.199823],[-105.436725,28.199471],[-105.436354,28.198872],[-105.435812,28.197946],[-105.435438,28.197322],[-105.43529,28.197095],[-105.43526,28.195107],[-105.437769,28.195118]]]}},{"type":"Feature","properties":{"modulo":4,"idparcela":"2094","productor":"MAMA GANZA SRL DE MI","cultivo":"Mel½n","superficie_fisica_ha":77.25,"superficie_riego_ha":76.15,"hectareas":75.282},"geometry":{"type":"Polygon","coordinates":[[[-105.428865,28.22808],[-105.428215,28.228243],[-105.4275,28.228338],[-105.424759,28.227919],[-105.424068,28.227784],[-105.4238,28.227825],[-105.423384,28.227931],[-105.422786,28.228125],[-105.422345,28.228135],[-105.421527,28.228152],[-105.420298,28.22815],[-105.419287,28.228032],[-105.418487,28.227919],[-105.418256,28.227217],[-105.417657,28.226029],[-105.417421,28.225448],[-105.417202,28.224337],[-105.416993,28.222416],[-105.425684,28.218996],[-105.425593,28.22228],[-105.425553,28.222617],[-105.427332,28.225412],[-105.428653,28.227475],[-105.428865,28.22808]]]}},{"type":"Feature","properties":{"modulo":4,"idparcela":"2002","productor":"ALONSO VILLA JOSE ANTONIO","cultivo":"Alfalfa","superficie_fisica_ha":10,"superficie_riego_ha":8.3,"hectareas":0.865},"geometry":{"type":"Polygon","coordinates":[[[-105.457369,28.238868],[-105.458261,28.238842],[-105.458468,28.239864],[-105.458168,28.239848],[-105.457858,28.239813],[-105.457779,28.23978],[-105.4577,28.239685],[-105.457603,28.239523],[-105.457479,28.2392],[-105.457369,28.238868]]]}},{"type":"Feature","properties":{"modulo":4,"idparcela":"2181","productor":"TELLEZ ORNELAS RAUL","cultivo":"Ma­z","superficie_fisica_ha":4.3665,"superficie_riego_ha":4.3665,"hectareas":0.763},"geometry":{"type":"Polygon","coordinates":[[[-105.448321,28.225438],[-105.448397,28.226929],[-105.448093,28.226523],[-105.447409,28.225452],[-105.448321,28.225438]]]}},{"type":"Feature","properties":{"modulo":4,"idparcela":"2187","productor":"RAUL BOTELLO TORRES","cultivo":"Alfalfa","superficie_fisica_ha":2.0071,"superficie_riego_ha":2.0071,"hectareas":3.203},"geometry":{"type":"Polygon","coordinates":[[[-105.4411,28.212579],[-105.444526,28.211217],[-105.444672,28.211597],[-105.444853,28.21184],[-105.445011,28.212102],[-105.445089,28.212332],[-105.445103,28.212473],[-105.445097,28.212597],[-105.440965,28.212646],[-105.4411,28.212579]]]}},{"type":"Feature","properties":{"modulo":4,"idparcela":"1926","productor":"ARMENDARIZ CARLOS EFRAIN","cultivo":"Alfalfa","superficie_fisica_ha":44.4,"superficie_riego_ha":44.35,"hectareas":42.424},"geometry":{"type":"Polygon","coordinates":[[[-105.418477,28.19653],[-105.418784,28.196423],[-105.420037,28.195811],[-105.420208,28.19577],[-105.420335,28.195691],[-105.421694,28.195168],[-105.421744,28.195146],[-105.424033,28.195097],[-105.424015,28.200077],[-105.424114,28.200373],[-105.427687,28.204843],[-105.42246,28.202437],[-105.42075,28.19752],[-105.420578,28.197523],[-105.422058,28.202256],[-105.420481,28.201559],[-105.419992,28.201542],[-105.418787,28.201053],[-105.418681,28.200487],[-105.418625,28.199541],[-105.418646,28.19808],[-105.418477,28.19653]]]}},{"type":"Feature","properties":{"modulo":4,"idparcela":"************","productor":null,"cultivo":"Sin Cultivo","superficie_fisica_ha":null,"superficie_riego_ha":null,"hectareas":2.097},"geometry":{"type":"Polygon","coordinates":[[[-105.457295,28.228888],[-105.457309,28.228887],[-105.459313,28.228442],[-105.459328,28.228764],[-105.459366,28.229497],[-105.457904,28.229841],[-105.457777,28.229845],[-105.457295,28.228888]]]}},{"type":"Feature","properties":{"modulo":4,"idparcela":"************","productor":null,"cultivo":"Sin Cultivo","superficie_fisica_ha":null,"superficie_riego_ha":null,"hectareas":1.511},"geometry":{"type":"Polygon","coordinates":[[[-105.457316,28.22986],[-105.457904,28.229841],[-105.459366,28.229497],[-105.459414,28.230238],[-105.459172,28.230398],[-105.458876,28.230468],[-105.458283,28.230388],[-105.457566,28.230463],[-105.457541,28.230499],[-105.457316,28.22986]]]}},{"type":"Feature","properties":{"modulo":4,"idparcela":"2215","productor":"SOLIS GALLARDO OCTAVIO A.","cultivo":"Cacahuate","superficie_fisica_ha":9,"superficie_riego_ha":9,"hectareas":0.911},"geometry":{"type":"Polygon","coordinates":[[[-105.45338,28.233248],[-105.453541,28.234385],[-105.453089,28.234391],[-105.452361,28.233236],[-105.45338,28.233248]]]}},{"type":"Feature","properties":{"modulo":4,"idparcela":"3501","productor":"ALONSO VILLA JOSE ANTONIO","cultivo":"Alfalfa","superficie_fisica_ha":1.465,"superficie_riego_ha":1.465,"hectareas":0.963},"geometry":{"type":"Polygon","coordinates":[[[-105.489043,28.237529],[-105.488581,28.239414],[-105.488376,28.239283],[-105.488154,28.239143],[-105.488552,28.237466],[-105.489043,28.237529]]]}},{"type":"Feature","properties":{"modulo":4,"idparcela":"2085","productor":"PINTO LUJAN JUAN","cultivo":"Sin Cultivo","superficie_fisica_ha":89.85,"superficie_riego_ha":33.35,"hectareas":34.424},"geometry":{"type":"Polygon","coordinates":[[[-105.411346,28.186665],[-105.417691,28.186727],[-105.417665,28.191176],[-105.412376,28.191216],[-105.410592,28.191186],[-105.410544,28.191002],[-105.410299,28.18871],[-105.410726,28.188085],[-105.411047,28.187481],[-105.411135,28.187163],[-105.411079,28.186646],[-105.411346,28.186665]]]}}]}