{"type":"FeatureCollection","features":[{"type":"Feature","properties":{"modulo":1,"idparcela":"502","productor":"FAUDOA RODRIGUEZ EDUARDO","cultivo":"Alfalfa","superficie_fisica_ha":15.64,"superficie_riego_ha":11.72,"hectareas":4.431},"geometry":{"type":"Polygon","coordinates":[[[-105.322812,28.013407],[-105.322677,28.013576],[-105.322429,28.014305],[-105.322185,28.014646],[-105.320695,28.0157],[-105.320332,28.015898],[-105.32003,28.015079],[-105.319617,28.014294],[-105.31957,28.014251],[-105.319604,28.014226],[-105.319644,28.014111],[-105.319772,28.014119],[-105.319894,28.014056],[-105.319957,28.013958],[-105.31988,28.013921],[-105.319866,28.013814],[-105.320201,28.013682],[-105.320713,28.013662],[-105.320963,28.013627],[-105.321161,28.01372],[-105.321168,28.013991],[-105.321245,28.014009],[-105.321648,28.014],[-105.322009,28.013616],[-105.322071,28.013479],[-105.322275,28.013358],[-105.322812,28.013407]]]}},{"type":"Feature","properties":{"modulo":1,"idparcela":"502","productor":"FAUDOA RODRIGUEZ EDUARDO","cultivo":"Alfalfa","superficie_fisica_ha":15.64,"superficie_riego_ha":11.72,"hectareas":7.225},"geometry":{"type":"Polygon","coordinates":[[[-105.320332,28.015898],[-105.318894,28.016684],[-105.317904,28.016991],[-105.317702,28.017026],[-105.316614,28.014452],[-105.319346,28.014367],[-105.319509,28.014364],[-105.319564,28.014255],[-105.31957,28.014251],[-105.319617,28.014294],[-105.32003,28.015079],[-105.320332,28.015898]]]}},{"type":"Feature","properties":{"modulo":1,"idparcela":"502","productor":"FAUDOA RODRIGUEZ EDUARDO","cultivo":"Alfalfa","superficie_fisica_ha":15.64,"superficie_riego_ha":11.72,"hectareas":4.027},"geometry":{"type":"Polygon","coordinates":[[[-105.316614,28.014452],[-105.316274,28.013646],[-105.316291,28.013491],[-105.31636,28.013199],[-105.316491,28.012761],[-105.316653,28.012719],[-105.316973,28.012867],[-105.317766,28.01318],[-105.318161,28.013259],[-105.318717,28.013267],[-105.319178,28.013364],[-105.319183,28.013538],[-105.319133,28.013723],[-105.319149,28.013907],[-105.31923,28.014089],[-105.319386,28.014221],[-105.319472,28.014278],[-105.31955,28.014266],[-105.319564,28.014255],[-105.319509,28.014364],[-105.319346,28.014367],[-105.316614,28.014452]]]}},{"type":"Feature","properties":{"modulo":1,"idparcela":"493","productor":"MARTINEZ N BRIGIDA","cultivo":"Sin Cultivo","superficie_fisica_ha":10.25,"superficie_riego_ha":8,"hectareas":7.201},"geometry":{"type":"Polygon","coordinates":[[[-105.317166,28.017116],[-105.317149,28.017119],[-105.316644,28.017267],[-105.31635,28.017597],[-105.315779,28.017833],[-105.315434,28.018302],[-105.31521,28.018431],[-105.315037,28.018419],[-105.314862,28.018337],[-105.31483,28.018238],[-105.314842,28.017446],[-105.314826,28.017283],[-105.31484,28.015286],[-105.31481,28.014662],[-105.314841,28.014552],[-105.314927,28.014519],[-105.314995,28.014487],[-105.315139,28.014463],[-105.315317,28.014343],[-105.315493,28.014146],[-105.315555,28.014058],[-105.315788,28.013985],[-105.315926,28.013982],[-105.317166,28.017116]]]}},{"type":"Feature","properties":{"modulo":1,"idparcela":"490","productor":"ALARCON CHACON JAVIER","cultivo":"Alfalfa","superficie_fisica_ha":16.7,"superficie_riego_ha":11.5,"hectareas":5.351},"geometry":{"type":"Polygon","coordinates":[[[-105.314636,28.018857],[-105.314324,28.01926],[-105.314172,28.01935],[-105.313728,28.019584],[-105.313398,28.019865],[-105.313251,28.020126],[-105.313115,28.020199],[-105.312895,28.020298],[-105.312792,28.020231],[-105.312691,28.020136],[-105.312612,28.020022],[-105.312576,28.018649],[-105.312542,28.017348],[-105.314698,28.017356],[-105.314698,28.017384],[-105.314694,28.018324],[-105.314656,28.018874],[-105.314636,28.018857]]]}},{"type":"Feature","properties":{"modulo":1,"idparcela":"490","productor":"ALARCON CHACON JAVIER","cultivo":"Alfalfa","superficie_fisica_ha":16.7,"superficie_riego_ha":11.5,"hectareas":3.646},"geometry":{"type":"Polygon","coordinates":[[[-105.312895,28.020298],[-105.312204,28.020401],[-105.311197,28.020596],[-105.310803,28.020591],[-105.310797,28.020593],[-105.310746,28.020389],[-105.310803,28.018811],[-105.310719,28.018696],[-105.312576,28.018649],[-105.312612,28.020022],[-105.312691,28.020136],[-105.312792,28.020231],[-105.312895,28.020298]]]}},{"type":"Feature","properties":{"modulo":1,"idparcela":"490","productor":"ALARCON CHACON JAVIER","cultivo":"Alfalfa","superficie_fisica_ha":16.7,"superficie_riego_ha":11.5,"hectareas":2.679},"geometry":{"type":"Polygon","coordinates":[[[-105.310719,28.018696],[-105.310678,28.018639],[-105.310721,28.017341],[-105.312542,28.017348],[-105.312576,28.018649],[-105.310719,28.018696]]]}},{"type":"Feature","properties":{"modulo":1,"idparcela":"491","productor":"TRILLO VDA.DE LICON MARGARITA","cultivo":"Sin Cultivo","superficie_fisica_ha":13.1,"superficie_riego_ha":9.6,"hectareas":9.884},"geometry":{"type":"Polygon","coordinates":[[[-105.310706,28.017232],[-105.310696,28.016856],[-105.310615,28.014867],[-105.311236,28.014921],[-105.311661,28.014897],[-105.312763,28.014928],[-105.312806,28.014936],[-105.314705,28.015298],[-105.314732,28.017265],[-105.312527,28.017258],[-105.310706,28.017232]]]}},{"type":"Feature","properties":{"modulo":1,"idparcela":"492","productor":"TRILLO VDA.DE LICON MARGARITA","cultivo":"Sin Cultivo","superficie_fisica_ha":13.03,"superficie_riego_ha":10.65,"hectareas":7.524},"geometry":{"type":"Polygon","coordinates":[[[-105.310615,28.014867],[-105.310598,28.011798],[-105.310635,28.011546],[-105.311115,28.011555],[-105.311597,28.011632],[-105.312475,28.01177],[-105.31248,28.01203],[-105.312612,28.012066],[-105.312721,28.012064],[-105.312722,28.012106],[-105.312806,28.014936],[-105.312763,28.014928],[-105.311661,28.014897],[-105.311236,28.014921],[-105.310615,28.014867]]]}},{"type":"Feature","properties":{"modulo":1,"idparcela":"502","productor":"FAUDOA RODRIGUEZ EDUARDO","cultivo":"Alfalfa","superficie_fisica_ha":15.64,"superficie_riego_ha":11.72,"hectareas":2.311},"geometry":{"type":"Polygon","coordinates":[[[-105.312475,28.01177],[-105.311597,28.011632],[-105.311115,28.011555],[-105.310635,28.011546],[-105.310608,28.011333],[-105.310626,28.010762],[-105.3124,28.010222],[-105.312478,28.010269],[-105.312469,28.010356],[-105.312475,28.01177]]]}},{"type":"Feature","properties":{"modulo":1,"idparcela":"492","productor":"TRILLO VDA.DE LICON MARGARITA","cultivo":"Sin Cultivo","superficie_fisica_ha":13.03,"superficie_riego_ha":10.65,"hectareas":5.217},"geometry":{"type":"Polygon","coordinates":[[[-105.312722,28.012106],[-105.312721,28.012064],[-105.313638,28.012123],[-105.313795,28.012274],[-105.314595,28.013255],[-105.314215,28.013321],[-105.31399,28.01349],[-105.314435,28.01381],[-105.314553,28.014156],[-105.314741,28.014531],[-105.314708,28.014656],[-105.314705,28.015298],[-105.312806,28.014936],[-105.312722,28.012106]]]}},{"type":"Feature","properties":{"modulo":1,"idparcela":"502","productor":"FAUDOA RODRIGUEZ EDUARDO","cultivo":"Alfalfa","superficie_fisica_ha":15.64,"superficie_riego_ha":11.72,"hectareas":1.363},"geometry":{"type":"Polygon","coordinates":[[[-105.313802,28.012119],[-105.315021,28.012046],[-105.315154,28.012121],[-105.31531,28.012253],[-105.315496,28.012675],[-105.315512,28.012868],[-105.315308,28.013008],[-105.315201,28.013088],[-105.314887,28.013162],[-105.314768,28.013193],[-105.314648,28.013196],[-105.313802,28.012119]]]}},{"type":"Feature","properties":{"modulo":1,"idparcela":"502","productor":"FAUDOA RODRIGUEZ EDUARDO","cultivo":"Alfalfa","superficie_fisica_ha":15.64,"superficie_riego_ha":11.72,"hectareas":1.164},"geometry":{"type":"Polygon","coordinates":[[[-105.312675,28.011968],[-105.312564,28.011884],[-105.312566,28.010722],[-105.312674,28.010681],[-105.313186,28.010661],[-105.313319,28.010726],[-105.313317,28.01152],[-105.313418,28.011624],[-105.313642,28.011823],[-105.3137,28.011957],[-105.313548,28.011989],[-105.313089,28.011979],[-105.312675,28.011959],[-105.312675,28.011968]]]}},{"type":"Feature","properties":{"modulo":1,"idparcela":"502","productor":"FAUDOA RODRIGUEZ EDUARDO","cultivo":"Alfalfa","superficie_fisica_ha":15.64,"superficie_riego_ha":11.72,"hectareas":3.657},"geometry":{"type":"Polygon","coordinates":[[[-105.315014,28.009249],[-105.315522,28.009065],[-105.315709,28.009119],[-105.316102,28.009556],[-105.31652,28.009692],[-105.316979,28.00976],[-105.317157,28.009863],[-105.317072,28.010388],[-105.316858,28.010944],[-105.316565,28.011443],[-105.316106,28.01183],[-105.315963,28.011765],[-105.315799,28.011343],[-105.315693,28.011026],[-105.315423,28.010731],[-105.314964,28.009424],[-105.315014,28.009249]]]}},{"type":"Feature","properties":{"modulo":1,"idparcela":"485","productor":"VAZQUEZ MARTINEZ CRUZ","cultivo":"Alfalfa","superficie_fisica_ha":13.5,"superficie_riego_ha":13.5,"hectareas":7.578},"geometry":{"type":"Polygon","coordinates":[[[-105.310659,28.02062],[-105.31062,28.02084],[-105.310375,28.020888],[-105.309837,28.021033],[-105.30921,28.021155],[-105.309135,28.021138],[-105.308967,28.021002],[-105.308753,28.020952],[-105.308487,28.020981],[-105.30807,28.021032],[-105.307789,28.021281],[-105.30705,28.021333],[-105.307093,28.019593],[-105.307093,28.019583],[-105.307977,28.019602],[-105.308119,28.01962],[-105.308231,28.019715],[-105.308385,28.01977],[-105.308592,28.019775],[-105.308585,28.018757],[-105.308721,28.018746],[-105.310508,28.018726],[-105.310617,28.018755],[-105.310628,28.018843],[-105.310659,28.02062]]]}},{"type":"Feature","properties":{"modulo":1,"idparcela":"485","productor":"VAZQUEZ MARTINEZ CRUZ","cultivo":"Alfalfa","superficie_fisica_ha":13.5,"superficie_riego_ha":13.5,"hectareas":0.627},"geometry":{"type":"Polygon","coordinates":[[[-105.307977,28.019602],[-105.307969,28.018802],[-105.308048,28.018776],[-105.308398,28.018761],[-105.308585,28.018765],[-105.308592,28.019775],[-105.308385,28.01977],[-105.308231,28.019715],[-105.308119,28.01962],[-105.307977,28.019602]]]}},{"type":"Feature","properties":{"modulo":1,"idparcela":"485","productor":"VAZQUEZ MARTINEZ CRUZ","cultivo":"Alfalfa","superficie_fisica_ha":13.5,"superficie_riego_ha":13.5,"hectareas":2.531},"geometry":{"type":"Polygon","coordinates":[[[-105.305498,28.019607],[-105.305478,28.018653],[-105.305488,28.018653],[-105.307968,28.018656],[-105.307955,28.018686],[-105.30794,28.018726],[-105.307946,28.018771],[-105.307969,28.018803],[-105.307977,28.019602],[-105.307093,28.019583],[-105.305498,28.019607]]]}},{"type":"Feature","properties":{"modulo":1,"idparcela":"485","productor":"VAZQUEZ MARTINEZ CRUZ","cultivo":"Alfalfa","superficie_fisica_ha":13.5,"superficie_riego_ha":13.5,"hectareas":2.874},"geometry":{"type":"Polygon","coordinates":[[[-105.30705,28.021333],[-105.306398,28.021279],[-105.306048,28.021238],[-105.305782,28.021304],[-105.305695,28.021331],[-105.305538,28.021449],[-105.305498,28.019607],[-105.307093,28.019583],[-105.307093,28.019593],[-105.30705,28.021333]]]}},{"type":"Feature","properties":{"modulo":1,"idparcela":"479","productor":"ESPARZA TERRAZAS LUIS I.","cultivo":"Alfalfa","superficie_fisica_ha":12.7,"superficie_riego_ha":12.7,"hectareas":11.919},"geometry":{"type":"Polygon","coordinates":[[[-105.305538,28.021449],[-105.30544,28.021661],[-105.305178,28.022024],[-105.304877,28.022165],[-105.304685,28.022275],[-105.304317,28.02236],[-105.304624,28.021961],[-105.304882,28.021698],[-105.305053,28.021391],[-105.305262,28.020871],[-105.305357,28.020596],[-105.305328,28.020468],[-105.305168,28.020555],[-105.304483,28.021613],[-105.304235,28.02181],[-105.303988,28.021837],[-105.302657,28.021554],[-105.302513,28.021617],[-105.302559,28.021723],[-105.303958,28.022005],[-105.304007,28.022239],[-105.303918,28.022415],[-105.303742,28.022563],[-105.303282,28.022616],[-105.302823,28.022812],[-105.302379,28.023021],[-105.302058,28.023102],[-105.300784,28.023194],[-105.300654,28.023187],[-105.300654,28.020669],[-105.300662,28.020573],[-105.300722,28.020488],[-105.301016,28.020469],[-105.301816,28.020453],[-105.30225,28.020432],[-105.302573,28.020425],[-105.302684,28.020385],[-105.302668,28.020286],[-105.303219,28.020276],[-105.303503,28.02027],[-105.305498,28.019607],[-105.305538,28.021449]]]}},{"type":"Feature","properties":{"modulo":1,"idparcela":"486","productor":"HERMANOS CHAVERO","cultivo":"Chile verde","superficie_fisica_ha":8.85,"superficie_riego_ha":8.85,"hectareas":4.628},"geometry":{"type":"Polygon","coordinates":[[[-105.307966,28.01701],[-105.310589,28.016999],[-105.310547,28.018632],[-105.308585,28.018653],[-105.307968,28.018656],[-105.307966,28.01701]]]}},{"type":"Feature","properties":{"modulo":1,"idparcela":"486","productor":"HERMANOS CHAVERO","cultivo":"Chile verde","superficie_fisica_ha":8.85,"superficie_riego_ha":8.85,"hectareas":4.383},"geometry":{"type":"Polygon","coordinates":[[[-105.305517,28.01702],[-105.307966,28.01701],[-105.307968,28.018656],[-105.305488,28.018653],[-105.305517,28.01702]]]}},{"type":"Feature","properties":{"modulo":1,"idparcela":"481","productor":"ARCINIEGA JAUREGUI NAHUM","cultivo":"Alfalfa","superficie_fisica_ha":8.85,"superficie_riego_ha":8.85,"hectareas":4.136},"geometry":{"type":"Polygon","coordinates":[[[-105.30313,28.017037],[-105.305517,28.01702],[-105.305488,28.018653],[-105.305478,28.018653],[-105.303173,28.018647],[-105.303172,28.018647],[-105.30313,28.017037]]]}},{"type":"Feature","properties":{"modulo":1,"idparcela":"481","productor":"ARCINIEGA JAUREGUI NAHUM","cultivo":"Alfalfa","superficie_fisica_ha":8.85,"superficie_riego_ha":8.85,"hectareas":4.463},"geometry":{"type":"Polygon","coordinates":[[[-105.300595,28.018637],[-105.30055,28.017056],[-105.300773,28.017054],[-105.302968,28.017038],[-105.30313,28.017037],[-105.303172,28.018647],[-105.300595,28.018637]]]}},{"type":"Feature","properties":{"modulo":1,"idparcela":"480","productor":"MOLINA HERNANDEZ RAMON","cultivo":"Alfalfa","superficie_fisica_ha":8.25,"superficie_riego_ha":7.46,"hectareas":4.383},"geometry":{"type":"Polygon","coordinates":[[[-105.300583,28.020017],[-105.300595,28.018637],[-105.303172,28.018647],[-105.303173,28.018647],[-105.303219,28.020276],[-105.302626,28.020286],[-105.302567,28.020176],[-105.30237,28.020155],[-105.301724,28.020168],[-105.301163,28.02018],[-105.300869,28.020186],[-105.300685,28.02014],[-105.300583,28.020017]]]}},{"type":"Feature","properties":{"modulo":1,"idparcela":"480","productor":"MOLINA HERNANDEZ RAMON","cultivo":"Alfalfa","superficie_fisica_ha":8.25,"superficie_riego_ha":7.46,"hectareas":3.32},"geometry":{"type":"Polygon","coordinates":[[[-105.303173,28.018647],[-105.305478,28.018653],[-105.305498,28.019607],[-105.303503,28.02027],[-105.303219,28.020276],[-105.303173,28.018647]]]}},{"type":"Feature","properties":{"modulo":1,"idparcela":"487","productor":"MONTOYA RODRIGUEZ LUIS MARIO","cultivo":"Alfalfa","superficie_fisica_ha":8.86,"superficie_riego_ha":8.86,"hectareas":4.477},"geometry":{"type":"Polygon","coordinates":[[[-105.307965,28.015406],[-105.310518,28.015413],[-105.310589,28.016999],[-105.307966,28.01701],[-105.307965,28.015406]]]}},{"type":"Feature","properties":{"modulo":1,"idparcela":"487","productor":"MONTOYA RODRIGUEZ LUIS MARIO","cultivo":"Alfalfa","superficie_fisica_ha":8.86,"superficie_riego_ha":8.86,"hectareas":4.322},"geometry":{"type":"Polygon","coordinates":[[[-105.307966,28.01701],[-105.305517,28.01702],[-105.30549,28.015387],[-105.306521,28.015395],[-105.307893,28.015405],[-105.307965,28.015406],[-105.307966,28.01701]]]}},{"type":"Feature","properties":{"modulo":1,"idparcela":"482","productor":"BEJARANO RODRIGUEZ JESUS","cultivo":"Chile verde","superficie_fisica_ha":8.85,"superficie_riego_ha":8.85,"hectareas":4.583},"geometry":{"type":"Polygon","coordinates":[[[-105.305517,28.01702],[-105.30313,28.017037],[-105.302968,28.017038],[-105.302925,28.015367],[-105.303354,28.01537],[-105.304415,28.015378],[-105.304649,28.01538],[-105.30549,28.015387],[-105.305517,28.01702]]]}},{"type":"Feature","properties":{"modulo":1,"idparcela":"482","productor":"BEJARANO RODRIGUEZ JESUS","cultivo":"Chile verde","superficie_fisica_ha":8.85,"superficie_riego_ha":8.85,"hectareas":4.325},"geometry":{"type":"Polygon","coordinates":[[[-105.302968,28.017038],[-105.300773,28.017054],[-105.300539,28.016633],[-105.300539,28.015374],[-105.302925,28.015367],[-105.302968,28.017038]]]}},{"type":"Feature","properties":{"modulo":1,"idparcela":"489","productor":"TORRES SALGADO NORBERTO","cultivo":"Nogal (Nuez)","superficie_fisica_ha":12.9,"superficie_riego_ha":10.85,"hectareas":6.873},"geometry":{"type":"Polygon","coordinates":[[[-105.310518,28.015413],[-105.307965,28.015406],[-105.307893,28.015405],[-105.307873,28.01445],[-105.307849,28.013346],[-105.30785,28.013346],[-105.310468,28.012651],[-105.310518,28.015413]]]}},{"type":"Feature","properties":{"modulo":1,"idparcela":"488","productor":"ALARCON CHACON FERNANDO","cultivo":"Chile verde","superficie_fisica_ha":11.65,"superficie_riego_ha":11.05,"hectareas":4.318},"geometry":{"type":"Polygon","coordinates":[[[-105.306521,28.015395],[-105.30549,28.015387],[-105.304649,28.01538],[-105.304648,28.015299],[-105.305534,28.014224],[-105.305507,28.013181],[-105.305541,28.013047],[-105.305824,28.013119],[-105.306256,28.013317],[-105.306619,28.013482],[-105.306759,28.013549],[-105.306951,28.013604],[-105.307107,28.01358],[-105.307519,28.013468],[-105.307813,28.013381],[-105.307839,28.013349],[-105.307849,28.013346],[-105.307873,28.01445],[-105.306497,28.014478],[-105.306521,28.015395]]]}},{"type":"Feature","properties":{"modulo":1,"idparcela":"488","productor":"ALARCON CHACON FERNANDO","cultivo":"Chile verde","superficie_fisica_ha":11.65,"superficie_riego_ha":11.05,"hectareas":1.395},"geometry":{"type":"Polygon","coordinates":[[[-105.307893,28.015405],[-105.306521,28.015395],[-105.306497,28.014478],[-105.307873,28.01445],[-105.307893,28.015405]]]}},{"type":"Feature","properties":{"modulo":1,"idparcela":"484","productor":"ALARCON CHACON FERNANDO","cultivo":"Alfalfa","superficie_fisica_ha":9.43,"superficie_riego_ha":9.23,"hectareas":4.401},"geometry":{"type":"Polygon","coordinates":[[[-105.303354,28.01537],[-105.303349,28.013656],[-105.303347,28.013089],[-105.305356,28.013105],[-105.305385,28.014217],[-105.304415,28.015378],[-105.303354,28.01537]]]}},{"type":"Feature","properties":{"modulo":1,"idparcela":"483","productor":"HERMANOS CHAVERO","cultivo":"Sand­a","superficie_fisica_ha":13.7,"superficie_riego_ha":13.25,"hectareas":5.314},"geometry":{"type":"Polygon","coordinates":[[[-105.300539,28.015374],[-105.300511,28.013387],[-105.300984,28.013396],[-105.301409,28.013512],[-105.301683,28.013699],[-105.302816,28.013827],[-105.303349,28.013656],[-105.303354,28.01537],[-105.302925,28.015367],[-105.300539,28.015374]]]}},{"type":"Feature","properties":{"modulo":1,"idparcela":"484","productor":"ALARCON CHACON FERNANDO","cultivo":"Alfalfa","superficie_fisica_ha":9.43,"superficie_riego_ha":9.23,"hectareas":4.759},"geometry":{"type":"Polygon","coordinates":[[[-105.305356,28.013105],[-105.303347,28.013089],[-105.303334,28.011395],[-105.303337,28.010884],[-105.305316,28.010915],[-105.305356,28.013105]]]}},{"type":"Feature","properties":{"modulo":1,"idparcela":"483","productor":"HERMANOS CHAVERO","cultivo":"Sand­a","superficie_fisica_ha":13.7,"superficie_riego_ha":13.25,"hectareas":1.711},"geometry":{"type":"Polygon","coordinates":[[[-105.300511,28.013387],[-105.300527,28.013068],[-105.303347,28.013089],[-105.303349,28.013656],[-105.302816,28.013827],[-105.301683,28.013699],[-105.301409,28.013512],[-105.300984,28.013396],[-105.300511,28.013387]]]}},{"type":"Feature","properties":{"modulo":1,"idparcela":"483","productor":"HERMANOS CHAVERO","cultivo":"Sand­a","superficie_fisica_ha":13.7,"superficie_riego_ha":13.25,"hectareas":6.359},"geometry":{"type":"Polygon","coordinates":[[[-105.300527,28.013068],[-105.300509,28.010861],[-105.302348,28.010855],[-105.302673,28.011301],[-105.302882,28.011362],[-105.303093,28.01136],[-105.303334,28.011395],[-105.303347,28.013089],[-105.300527,28.013068]]]}},{"type":"Feature","properties":{"modulo":1,"idparcela":"466","productor":"LOZANO CARRASCO JESUS JOSE","cultivo":"Sin Cultivo","superficie_fisica_ha":17.231,"superficie_riego_ha":15.401,"hectareas":9.061},"geometry":{"type":"Polygon","coordinates":[[[-105.300381,28.023163],[-105.297709,28.023228],[-105.29663,28.023529],[-105.296036,28.023667],[-105.295484,28.023775],[-105.295479,28.021677],[-105.298014,28.02164],[-105.300394,28.021605],[-105.300381,28.023163]]]}},{"type":"Feature","properties":{"modulo":1,"idparcela":"467","productor":"ESPARZA SALCIDO FERNANDO","cultivo":"Nogal (Nuez)","superficie_fisica_ha":9.25,"superficie_riego_ha":9.25,"hectareas":4.693},"geometry":{"type":"Polygon","coordinates":[[[-105.295479,28.021677],[-105.295483,28.020768],[-105.295484,28.020267],[-105.295493,28.019954],[-105.298048,28.019979],[-105.298061,28.020476],[-105.2982,28.020623],[-105.298001,28.020767],[-105.298014,28.02164],[-105.295479,28.021677]]]}},{"type":"Feature","properties":{"modulo":1,"idparcela":"467","productor":"ESPARZA SALCIDO FERNANDO","cultivo":"Nogal (Nuez)","superficie_fisica_ha":9.25,"superficie_riego_ha":9.25,"hectareas":4.188},"geometry":{"type":"Polygon","coordinates":[[[-105.298048,28.019979],[-105.300387,28.01998],[-105.300394,28.021605],[-105.298014,28.02164],[-105.298001,28.020767],[-105.2982,28.020623],[-105.298061,28.020476],[-105.298048,28.019979]]]}},{"type":"Feature","properties":{"modulo":1,"idparcela":"465","productor":"GARDEA PORTILLO GUADALUPE","cultivo":"Sin Cultivo","superficie_fisica_ha":10,"superficie_riego_ha":9.3,"hectareas":1.929},"geometry":{"type":"Polygon","coordinates":[[[-105.292262,28.019964],[-105.293733,28.019976],[-105.293969,28.019978],[-105.294009,28.019978],[-105.294163,28.020147],[-105.294203,28.020385],[-105.294165,28.020665],[-105.294089,28.020747],[-105.293898,28.020771],[-105.29165,28.020777],[-105.291691,28.02071],[-105.291844,28.020463],[-105.292262,28.019964]]]}},{"type":"Feature","properties":{"modulo":1,"idparcela":"465","productor":"GARDEA PORTILLO GUADALUPE","cultivo":"Sin Cultivo","superficie_fisica_ha":10,"superficie_riego_ha":9.3,"hectareas":1.098},"geometry":{"type":"Polygon","coordinates":[[[-105.290478,28.020671],[-105.290461,28.020003],[-105.292262,28.019964],[-105.291844,28.020463],[-105.291691,28.02071],[-105.291534,28.020639],[-105.290478,28.020671]]]}},{"type":"Feature","properties":{"modulo":1,"idparcela":"465","productor":"GARDEA PORTILLO GUADALUPE","cultivo":"Sin Cultivo","superficie_fisica_ha":10,"superficie_riego_ha":9.3,"hectareas":6.822},"geometry":{"type":"Polygon","coordinates":[[[-105.290353,28.02193],[-105.290355,28.02175],[-105.290786,28.021702],[-105.290974,28.021588],[-105.290992,28.021398],[-105.290854,28.021292],[-105.290455,28.0211],[-105.290478,28.020671],[-105.291534,28.020639],[-105.291691,28.02071],[-105.29165,28.020777],[-105.293898,28.020771],[-105.294089,28.020747],[-105.294165,28.020665],[-105.294203,28.020385],[-105.294163,28.020147],[-105.294009,28.019978],[-105.295212,28.01997],[-105.295263,28.020064],[-105.295265,28.0219],[-105.290353,28.02193]]]}},{"type":"Feature","properties":{"modulo":1,"idparcela":"469","productor":"MELENDEZ JESUS EDUARDO","cultivo":"Alfalfa","superficie_fisica_ha":16.9,"superficie_riego_ha":14.36,"hectareas":17.412},"geometry":{"type":"Polygon","coordinates":[[[-105.300331,28.018301],[-105.299919,28.018293],[-105.296028,28.018389],[-105.294222,28.018398],[-105.294295,28.017869],[-105.294361,28.017788],[-105.294648,28.017583],[-105.295069,28.017355],[-105.295243,28.017152],[-105.295319,28.016582],[-105.295322,28.015843],[-105.295322,28.015424],[-105.29541,28.015353],[-105.3003,28.015353],[-105.300348,28.015441],[-105.300383,28.018148],[-105.30037,28.018205],[-105.300331,28.018301]]]}},{"type":"Feature","properties":{"modulo":1,"idparcela":"471","productor":"ESPARZA TERRAZAS LUIS C","cultivo":"Alfalfa","superficie_fisica_ha":9.4,"superficie_riego_ha":9.4,"hectareas":9.112},"geometry":{"type":"Polygon","coordinates":[[[-105.290405,28.017155],[-105.290431,28.015374],[-105.290489,28.015374],[-105.293477,28.015364],[-105.295107,28.015359],[-105.295147,28.016455],[-105.295057,28.016906],[-105.294906,28.017159],[-105.294893,28.017167],[-105.290405,28.017155]]]}},{"type":"Feature","properties":{"modulo":1,"idparcela":"472","productor":"GONZALEZ DOMINGUEZ TERESO","cultivo":"Sin Cultivo","superficie_fisica_ha":12.05,"superficie_riego_ha":7.3,"hectareas":10.092},"geometry":{"type":"Polygon","coordinates":[[[-105.290366,28.019825],[-105.290405,28.017155],[-105.294906,28.017159],[-105.294187,28.017602],[-105.294024,28.017805],[-105.293936,28.018336],[-105.293883,28.018437],[-105.293614,28.018911],[-105.293479,28.019803],[-105.290377,28.019815],[-105.290366,28.019825]]]}},{"type":"Feature","properties":{"modulo":1,"idparcela":"473","productor":"CONTRERAS GONZALEZ NATIVIDAD","cultivo":"Chile verde","superficie_fisica_ha":13.05,"superficie_riego_ha":13.05,"hectareas":7.541},"geometry":{"type":"Polygon","coordinates":[[[-105.300364,28.015222],[-105.295136,28.015263],[-105.295107,28.015359],[-105.293477,28.015364],[-105.293561,28.015193],[-105.293287,28.015037],[-105.293229,28.014955],[-105.293223,28.014871],[-105.294134,28.014261],[-105.300361,28.014234],[-105.300364,28.015222]]]}},{"type":"Feature","properties":{"modulo":1,"idparcela":"473","productor":"CONTRERAS GONZALEZ NATIVIDAD","cultivo":"Chile verde","superficie_fisica_ha":13.05,"superficie_riego_ha":13.05,"hectareas":6.587},"geometry":{"type":"Polygon","coordinates":[[[-105.300361,28.014234],[-105.294134,28.014261],[-105.293223,28.014871],[-105.293195,28.014691],[-105.293258,28.014396],[-105.293357,28.014134],[-105.293392,28.013925],[-105.293411,28.01367],[-105.293416,28.013607],[-105.293412,28.013456],[-105.293329,28.013357],[-105.293548,28.013381],[-105.293873,28.013389],[-105.294085,28.013392],[-105.294566,28.013468],[-105.297085,28.013426],[-105.300353,28.013372],[-105.300361,28.014234]]]}},{"type":"Feature","properties":{"modulo":1,"idparcela":"472","productor":"GONZALEZ DOMINGUEZ TERESO","cultivo":"Sin Cultivo","superficie_fisica_ha":12.05,"superficie_riego_ha":7.3,"hectareas":11.533},"geometry":{"type":"Polygon","coordinates":[[[-105.290542,28.015275],[-105.290427,28.015261],[-105.290411,28.015072],[-105.290499,28.011024],[-105.292162,28.011035],[-105.292616,28.011037],[-105.292616,28.012539],[-105.292456,28.012614],[-105.292367,28.012716],[-105.29256,28.012761],[-105.292799,28.012829],[-105.292975,28.01286],[-105.293116,28.012909],[-105.293188,28.01296],[-105.293174,28.0131],[-105.293186,28.013349],[-105.293306,28.01345],[-105.293307,28.01373],[-105.293285,28.014],[-105.293247,28.01412],[-105.293201,28.01437],[-105.293087,28.014709],[-105.293103,28.014854],[-105.293128,28.014937],[-105.293196,28.015065],[-105.293362,28.015137],[-105.293428,28.015231],[-105.293342,28.01529],[-105.290542,28.015275]]]}},{"type":"Feature","properties":{"modulo":1,"idparcela":"489","productor":"TORRES SALGADO NORBERTO","cultivo":"Nogal (Nuez)","superficie_fisica_ha":12.9,"superficie_riego_ha":10.85,"hectareas":3.935},"geometry":{"type":"Polygon","coordinates":[[[-105.307805,28.011658],[-105.309109,28.011707],[-105.309785,28.011588],[-105.31046,28.011391],[-105.310433,28.011522],[-105.310468,28.012651],[-105.30785,28.013346],[-105.307849,28.013346],[-105.307839,28.013349],[-105.307805,28.011658]]]}},{"type":"Feature","properties":{"modulo":1,"idparcela":"488","productor":"ALARCON CHACON FERNANDO","cultivo":"Chile verde","superficie_fisica_ha":11.65,"superficie_riego_ha":11.05,"hectareas":5.153},"geometry":{"type":"Polygon","coordinates":[[[-105.305793,28.013001],[-105.305502,28.012874],[-105.305527,28.010862],[-105.306577,28.010893],[-105.306871,28.011412],[-105.307201,28.011615],[-105.307749,28.011656],[-105.307805,28.011658],[-105.307839,28.013349],[-105.307811,28.013316],[-105.307746,28.013325],[-105.307536,28.013362],[-105.30733,28.013404],[-105.307107,28.013467],[-105.306997,28.013502],[-105.306926,28.013498],[-105.306598,28.013348],[-105.306324,28.01321],[-105.305793,28.013001]]]}},{"type":"Feature","properties":{"modulo":1,"idparcela":"468","productor":"MARTINEZ GONZALEZ JOSE GPE.","cultivo":"Nogal (Nuez)","superficie_fisica_ha":11.49,"superficie_riego_ha":11,"hectareas":11.31},"geometry":{"type":"Polygon","coordinates":[[[-105.300387,28.01998],[-105.298048,28.019979],[-105.295493,28.019954],[-105.29552,28.019922],[-105.295433,28.019888],[-105.295307,28.019861],[-105.295231,28.019892],[-105.295212,28.01997],[-105.294009,28.019978],[-105.293969,28.019978],[-105.293733,28.019976],[-105.293722,28.019807],[-105.293766,28.019576],[-105.293837,28.019275],[-105.293911,28.019084],[-105.293908,28.018965],[-105.293971,28.018824],[-105.294079,28.018652],[-105.294222,28.018398],[-105.296028,28.018389],[-105.296894,28.018368],[-105.297076,28.018363],[-105.297172,28.018361],[-105.299919,28.018293],[-105.300331,28.018301],[-105.300387,28.01998]]]}},{"type":"Feature","properties":{"modulo":1,"idparcela":"478","productor":"ESPARZA LICON VICTOR MANUEL","cultivo":"Sin Cultivo","superficie_fisica_ha":25.87,"superficie_riego_ha":20.37,"hectareas":3.86},"geometry":{"type":"Polygon","coordinates":[[[-105.300316,28.010981],[-105.299667,28.010984],[-105.299133,28.01099],[-105.298845,28.010991],[-105.298567,28.010191],[-105.298577,28.009696],[-105.298064,28.009687],[-105.297351,28.009702],[-105.297404,28.009215],[-105.298235,28.009177],[-105.298518,28.009163],[-105.299301,28.009246],[-105.299727,28.009337],[-105.300126,28.009269],[-105.300345,28.009034],[-105.300316,28.010981]]]}},{"type":"Feature","properties":{"modulo":1,"idparcela":"478","productor":"ESPARZA LICON VICTOR MANUEL","cultivo":"Sin Cultivo","superficie_fisica_ha":25.87,"superficie_riego_ha":20.37,"hectareas":2.898},"geometry":{"type":"Polygon","coordinates":[[[-105.297714,28.008188],[-105.300127,28.008129],[-105.300335,28.008138],[-105.300358,28.008238],[-105.300345,28.009034],[-105.300126,28.009269],[-105.299727,28.009337],[-105.299301,28.009246],[-105.298518,28.009163],[-105.298235,28.009177],[-105.297887,28.008899],[-105.297747,28.008625],[-105.297714,28.008188]]]}},{"type":"Feature","properties":{"modulo":1,"idparcela":"478","productor":"ESPARZA LICON VICTOR MANUEL","cultivo":"Sin Cultivo","superficie_fisica_ha":25.87,"superficie_riego_ha":20.37,"hectareas":1.878},"geometry":{"type":"Polygon","coordinates":[[[-105.297404,28.009215],[-105.297405,28.009206],[-105.296669,28.009181],[-105.2962,28.009171],[-105.296194,28.009157],[-105.29613,28.009014],[-105.296027,28.008229],[-105.297714,28.008188],[-105.297747,28.008625],[-105.297887,28.008899],[-105.298235,28.009177],[-105.297404,28.009215]]]}},{"type":"Feature","properties":{"modulo":1,"idparcela":"478","productor":"ESPARZA LICON VICTOR MANUEL","cultivo":"Sin Cultivo","superficie_fisica_ha":25.87,"superficie_riego_ha":20.37,"hectareas":1.645},"geometry":{"type":"Polygon","coordinates":[[[-105.296194,28.009157],[-105.295935,28.009256],[-105.29549,28.009285],[-105.295021,28.009235],[-105.29471,28.009301],[-105.294377,28.009347],[-105.294827,28.008258],[-105.296027,28.008229],[-105.29613,28.009014],[-105.296194,28.009157]]]}},{"type":"Feature","properties":{"modulo":1,"idparcela":"478","productor":"ESPARZA LICON VICTOR MANUEL","cultivo":"Sin Cultivo","superficie_fisica_ha":25.87,"superficie_riego_ha":20.37,"hectareas":13.469},"geometry":{"type":"Polygon","coordinates":[[[-105.294827,28.008258],[-105.294377,28.009347],[-105.29471,28.009301],[-105.295021,28.009235],[-105.29549,28.009285],[-105.295935,28.009256],[-105.296194,28.009157],[-105.2962,28.009171],[-105.296669,28.009181],[-105.297405,28.009206],[-105.297404,28.009215],[-105.297351,28.009702],[-105.298064,28.009687],[-105.298577,28.009696],[-105.298567,28.010191],[-105.298845,28.010991],[-105.297407,28.011001],[-105.29612,28.011011],[-105.295853,28.011011],[-105.295717,28.010943],[-105.295326,28.010712],[-105.294099,28.010658],[-105.293611,28.010728],[-105.293319,28.010654],[-105.293338,28.010515],[-105.293334,28.010397],[-105.293464,28.010216],[-105.293821,28.010248],[-105.294066,28.010224],[-105.294326,28.009941],[-105.29506,28.009887],[-105.295974,28.009908],[-105.296687,28.009893],[-105.296662,28.009795],[-105.296547,28.009659],[-105.296102,28.009668],[-105.295343,28.009624],[-105.294673,28.009598],[-105.294142,28.009747],[-105.29386,28.01005],[-105.293435,28.009979],[-105.293045,28.010403],[-105.292761,28.011038],[-105.290499,28.011024],[-105.290544,28.010892],[-105.29089,28.010525],[-105.291579,28.009711],[-105.293058,28.008533],[-105.293736,28.00826],[-105.294143,28.008274],[-105.294827,28.008258]]]}},{"type":"Feature","properties":{"modulo":1,"idparcela":"537","productor":"MATA OROZCO FERNDO","cultivo":"Alfalfa","superficie_fisica_ha":5.0736,"superficie_riego_ha":5.0736,"hectareas":9.388},"geometry":{"type":"Polygon","coordinates":[[[-105.286846,28.027115],[-105.285952,28.026523],[-105.285056,28.025877],[-105.284933,28.02575],[-105.284768,28.025571],[-105.284573,28.025296],[-105.284381,28.024961],[-105.284527,28.024942],[-105.284579,28.024942],[-105.284698,28.024942],[-105.285167,28.024822],[-105.285374,28.024581],[-105.285389,28.024564],[-105.285612,28.024465],[-105.288684,28.024162],[-105.28927,28.024378],[-105.290052,28.024911],[-105.288823,28.025466],[-105.287689,28.026228],[-105.287249,28.026626],[-105.286846,28.027115]]]}},{"type":"Feature","properties":{"modulo":1,"idparcela":"534","productor":"CARRASCO DOMINGUEZ TRINIDAD","cultivo":"Sin Cultivo","superficie_fisica_ha":0.8,"superficie_riego_ha":0.8,"hectareas":1.973},"geometry":{"type":"Polygon","coordinates":[[[-105.284052,28.023934],[-105.284052,28.023821],[-105.28404,28.023622],[-105.284007,28.023351],[-105.284072,28.023335],[-105.28697,28.023024],[-105.287036,28.023017],[-105.287468,28.023496],[-105.284969,28.02382],[-105.284052,28.023934]]]}},{"type":"Feature","properties":{"modulo":1,"idparcela":"532","productor":"MEDRANO ENRIQUEZ FEDERICO","cultivo":"Sin Cultivo","superficie_fisica_ha":0.6,"superficie_riego_ha":0.6,"hectareas":2.034},"geometry":{"type":"Polygon","coordinates":[[[-105.28432,28.022497],[-105.284147,28.02251],[-105.283951,28.022522],[-105.283908,28.022525],[-105.283821,28.022527],[-105.283508,28.021876],[-105.283569,28.021871],[-105.28614,28.021657],[-105.286184,28.021653],[-105.286521,28.022266],[-105.286531,28.022331],[-105.28432,28.022497]]]}},{"type":"Feature","properties":{"modulo":1,"idparcela":"531","productor":"MORIEL MARQUEZ SALVADOR","cultivo":"Sin Cultivo","superficie_fisica_ha":1.77,"superficie_riego_ha":1.77,"hectareas":2.157},"geometry":{"type":"Polygon","coordinates":[[[-105.283508,28.021876],[-105.28346,28.02181],[-105.283374,28.021674],[-105.283255,28.021493],[-105.283189,28.021347],[-105.28313,28.021153],[-105.283283,28.021164],[-105.283317,28.021161],[-105.283381,28.021156],[-105.283732,28.021125],[-105.285826,28.020943],[-105.28614,28.021594],[-105.28614,28.021657],[-105.283569,28.021871],[-105.283508,28.021876]]]}},{"type":"Feature","properties":{"modulo":1,"idparcela":"530","productor":"CHAVEZ LOBATO RODRIGO","cultivo":"Sin Cultivo","superficie_fisica_ha":1.625,"superficie_riego_ha":1.625,"hectareas":2.407},"geometry":{"type":"Polygon","coordinates":[[[-105.283317,28.021161],[-105.283283,28.021164],[-105.28313,28.021153],[-105.282899,28.020616],[-105.282826,28.020411],[-105.282947,28.020393],[-105.282981,28.02039],[-105.285482,28.020134],[-105.285511,28.020131],[-105.285825,28.020882],[-105.285826,28.020943],[-105.283732,28.021125],[-105.283381,28.021156],[-105.283317,28.021161]]]}},{"type":"Feature","properties":{"modulo":1,"idparcela":"529","productor":"HERNANDEZ LICON ANGELA","cultivo":"Sin Cultivo","superficie_fisica_ha":1.6,"superficie_riego_ha":1.6,"hectareas":2.816},"geometry":{"type":"Polygon","coordinates":[[[-105.282981,28.02039],[-105.282947,28.020393],[-105.282826,28.020411],[-105.282674,28.020019],[-105.282526,28.019537],[-105.285153,28.019165],[-105.285249,28.019153],[-105.285489,28.020051],[-105.285482,28.020134],[-105.282981,28.02039]]]}},{"type":"Feature","properties":{"modulo":1,"idparcela":"463","productor":"ESPARZA LICON LUIS C","cultivo":"Alfalfa","superficie_fisica_ha":10.7,"superficie_riego_ha":9.9,"hectareas":9.028},"geometry":{"type":"Polygon","coordinates":[[[-105.285659,28.019962],[-105.285075,28.01764],[-105.285817,28.01776],[-105.287063,28.017955],[-105.289109,28.018271],[-105.28909,28.018431],[-105.288957,28.018569],[-105.288912,28.018688],[-105.289315,28.018925],[-105.289649,28.019043],[-105.289895,28.01928],[-105.290141,28.019379],[-105.290142,28.019834],[-105.289987,28.019992],[-105.285659,28.019962]]]}},{"type":"Feature","properties":{"modulo":1,"idparcela":"462","productor":"ESPARZA LICON VICTOR MANUEL","cultivo":"Sin Cultivo","superficie_fisica_ha":13.1,"superficie_riego_ha":12.15,"hectareas":8.903},"geometry":{"type":"Polygon","coordinates":[[[-105.289906,28.01813],[-105.287853,28.017877],[-105.287853,28.017837],[-105.287852,28.017441],[-105.288007,28.017065],[-105.288006,28.016689],[-105.28805,28.016352],[-105.288006,28.015846],[-105.288004,28.015818],[-105.289493,28.013875],[-105.289833,28.011648],[-105.290056,28.011588],[-105.290101,28.011647],[-105.290285,28.013844],[-105.290181,28.016655],[-105.289668,28.016596],[-105.289423,28.016894],[-105.289335,28.017231],[-105.289335,28.01731],[-105.289782,28.017487],[-105.289916,28.017566],[-105.289939,28.017823],[-105.289906,28.01813]]]}},{"type":"Feature","properties":{"modulo":1,"idparcela":"462","productor":"ESPARZA LICON VICTOR MANUEL","cultivo":"Sin Cultivo","superficie_fisica_ha":13.1,"superficie_riego_ha":12.15,"hectareas":4.112},"geometry":{"type":"Polygon","coordinates":[[[-105.287853,28.017837],[-105.28773,28.017847],[-105.286213,28.017613],[-105.285047,28.01737],[-105.284939,28.016686],[-105.28505,28.016626],[-105.285474,28.016605],[-105.285898,28.016604],[-105.286188,28.016505],[-105.286477,28.016405],[-105.286887,28.016243],[-105.287458,28.016106],[-105.287859,28.015987],[-105.288006,28.015846],[-105.28805,28.016352],[-105.288006,28.016689],[-105.288007,28.017065],[-105.287852,28.017441],[-105.287853,28.017837]]]}},{"type":"Feature","properties":{"modulo":1,"idparcela":"453","productor":"ESPARZA LICON VICTOR","cultivo":"Sin Cultivo","superficie_fisica_ha":23.15,"superficie_riego_ha":19.05,"hectareas":11.414},"geometry":{"type":"Polygon","coordinates":[[[-105.285331,28.01642],[-105.285507,28.015786],[-105.286064,28.015449],[-105.286507,28.014062],[-105.28693,28.013804],[-105.287642,28.013367],[-105.287795,28.012199],[-105.287843,28.012104],[-105.288084,28.011624],[-105.288306,28.011446],[-105.288663,28.011544],[-105.288842,28.011583],[-105.289042,28.011424],[-105.289153,28.011187],[-105.289019,28.01091],[-105.289085,28.010771],[-105.289196,28.010355],[-105.289329,28.010098],[-105.289663,28.009939],[-105.289976,28.010156],[-105.289977,28.010512],[-105.289688,28.011126],[-105.289689,28.011423],[-105.289338,28.013601],[-105.289272,28.013799],[-105.287716,28.015821],[-105.286802,28.01614],[-105.285838,28.016467],[-105.285385,28.01643],[-105.285331,28.01642]]]}},{"type":"Feature","properties":{"modulo":1,"idparcela":"505","productor":"TERRAZAS CARRASCO MA. JOSEFINA","cultivo":"Sin Cultivo","superficie_fisica_ha":2,"superficie_riego_ha":2,"hectareas":3.916},"geometry":{"type":"Polygon","coordinates":[[[-105.284538,28.015691],[-105.284674,28.016443],[-105.284674,28.016522],[-105.284608,28.016562],[-105.283916,28.016504],[-105.283426,28.016683],[-105.282343,28.01779],[-105.282011,28.017813],[-105.281746,28.017113],[-105.281737,28.016214],[-105.28173,28.015948],[-105.281728,28.015887],[-105.284503,28.015694],[-105.284538,28.015691]]]}},{"type":"Feature","properties":{"modulo":1,"idparcela":"505","productor":"TERRAZAS CARRASCO MA. JOSEFINA","cultivo":"Sin Cultivo","superficie_fisica_ha":2,"superficie_riego_ha":2,"hectareas":4.304},"geometry":{"type":"Polygon","coordinates":[[[-105.281728,28.015887],[-105.281695,28.015708],[-105.28169,28.015506],[-105.281722,28.01453],[-105.281685,28.014426],[-105.283558,28.014199],[-105.284193,28.014302],[-105.284503,28.015694],[-105.281728,28.015887]]]}},{"type":"Feature","properties":{"modulo":1,"idparcela":"519","productor":"TERRAZAS N GUADALUPE","cultivo":"Sin Cultivo","superficie_fisica_ha":3.25,"superficie_riego_ha":3.25,"hectareas":3.591},"geometry":{"type":"Polygon","coordinates":[[[-105.280201,28.0098],[-105.278873,28.008324],[-105.278598,28.008017],[-105.278437,28.007842],[-105.278388,28.007692],[-105.280824,28.008106],[-105.280831,28.008113],[-105.281839,28.009185],[-105.281547,28.009185],[-105.281358,28.009186],[-105.281256,28.009268],[-105.281255,28.009216],[-105.280201,28.0098]]]}},{"type":"Feature","properties":{"modulo":1,"idparcela":"518","productor":"FRANCO CARRASCO FRANCISCO","cultivo":"Sin Cultivo","superficie_fisica_ha":6.175,"superficie_riego_ha":6.175,"hectareas":11.147},"geometry":{"type":"Polygon","coordinates":[[[-105.278388,28.007692],[-105.278359,28.007566],[-105.278399,28.007374],[-105.278527,28.007036],[-105.278659,28.006577],[-105.278764,28.00435],[-105.278798,28.004153],[-105.281235,28.003885],[-105.281792,28.003828],[-105.28179,28.003973],[-105.281537,28.005304],[-105.281229,28.005517],[-105.280954,28.005564],[-105.280783,28.005777],[-105.280698,28.006051],[-105.280853,28.006295],[-105.281386,28.006613],[-105.281131,28.007451],[-105.280977,28.007512],[-105.280858,28.00806],[-105.280831,28.008113],[-105.280824,28.008106],[-105.278388,28.007692]]]}},{"type":"Feature","properties":{"modulo":1,"idparcela":"454","productor":"ESPARZA LICON PEDRO","cultivo":"Sin Cultivo","superficie_fisica_ha":21.43,"superficie_riego_ha":10,"hectareas":22.629},"geometry":{"type":"Polygon","coordinates":[[[-105.285385,28.01643],[-105.285277,28.016465],[-105.284871,28.016483],[-105.283834,28.012007],[-105.282378,28.009454],[-105.281079,28.00817],[-105.284095,28.008319],[-105.284579,28.008575],[-105.285295,28.008796],[-105.285372,28.008848],[-105.286425,28.012225],[-105.286368,28.012603],[-105.286504,28.012774],[-105.286678,28.012859],[-105.28693,28.012859],[-105.287084,28.01279],[-105.287161,28.012429],[-105.287682,28.012154],[-105.287843,28.012104],[-105.287795,28.012199],[-105.287642,28.013367],[-105.28693,28.013804],[-105.286507,28.014062],[-105.286064,28.015449],[-105.285507,28.015786],[-105.285331,28.01642],[-105.285385,28.01643]]]}},{"type":"Feature","properties":{"modulo":1,"idparcela":"456","productor":"LOPEZ GUERRERO JESUS","cultivo":"Ma­z","superficie_fisica_ha":16.72,"superficie_riego_ha":13.74,"hectareas":14.354},"geometry":{"type":"Polygon","coordinates":[[[-105.281986,28.004088],[-105.283565,28.004243],[-105.28394,28.004478],[-105.284036,28.00453],[-105.284191,28.004529],[-105.285336,28.006037],[-105.285665,28.006225],[-105.285936,28.006327],[-105.286264,28.006326],[-105.286573,28.006223],[-105.287442,28.005603],[-105.287789,28.005294],[-105.288156,28.00519],[-105.288271,28.004967],[-105.288426,28.004932],[-105.288639,28.005069],[-105.288639,28.005241],[-105.288466,28.00543],[-105.288447,28.005567],[-105.288042,28.005962],[-105.287984,28.006151],[-105.288004,28.006409],[-105.288102,28.00658],[-105.287851,28.006718],[-105.287599,28.006718],[-105.287309,28.006719],[-105.287077,28.006702],[-105.286942,28.006702],[-105.28673,28.006909],[-105.286382,28.006944],[-105.285976,28.006962],[-105.285397,28.007375],[-105.284953,28.007616],[-105.284644,28.007651],[-105.284431,28.007651],[-105.284199,28.007583],[-105.284314,28.007308],[-105.284179,28.007171],[-105.283908,28.007086],[-105.283463,28.007121],[-105.28329,28.007259],[-105.283116,28.007379],[-105.282806,28.007294],[-105.282498,28.007432],[-105.282111,28.007433],[-105.281763,28.007519],[-105.281473,28.007589],[-105.281338,28.007589],[-105.281337,28.007314],[-105.281607,28.006816],[-105.281681,28.00577],[-105.281986,28.004088]]]}},{"type":"Feature","properties":{"modulo":1,"idparcela":"456","productor":"LOPEZ GUERRERO JESUS","cultivo":"Ma­z","superficie_fisica_ha":16.72,"superficie_riego_ha":13.74,"hectareas":9.64},"geometry":{"type":"Polygon","coordinates":[[[-105.281986,28.003933],[-105.282399,28.00076],[-105.285144,28.000641],[-105.285129,28.000788],[-105.284994,28.001165],[-105.284581,28.001785],[-105.284547,28.001887],[-105.284566,28.001967],[-105.284637,28.002085],[-105.284727,28.002208],[-105.28485,28.002388],[-105.284904,28.0025],[-105.28494,28.002709],[-105.284941,28.003087],[-105.284846,28.00343],[-105.284538,28.004134],[-105.284267,28.004152],[-105.284074,28.004186],[-105.28361,28.004102],[-105.281986,28.003933]]]}},{"type":"Feature","properties":{"modulo":1,"idparcela":"474","productor":"VEGA MALDONADO BENJAMIN","cultivo":"Otros Cultivos Varios","superficie_fisica_ha":14.3346,"superficie_riego_ha":12.7946,"hectareas":9.573},"geometry":{"type":"Polygon","coordinates":[[[-105.296501,28.012025],[-105.296611,28.011949],[-105.296645,28.011867],[-105.29643,28.011645],[-105.296064,28.011272],[-105.295911,28.011011],[-105.29612,28.011011],[-105.297407,28.011001],[-105.298813,28.010991],[-105.298845,28.010991],[-105.298845,28.010991],[-105.299133,28.01099],[-105.299667,28.010984],[-105.300316,28.010981],[-105.300353,28.013372],[-105.297085,28.013426],[-105.297091,28.013204],[-105.297098,28.012961],[-105.297038,28.012755],[-105.296951,28.012575],[-105.296752,28.012275],[-105.296501,28.012025]]]}},{"type":"Feature","properties":{"modulo":1,"idparcela":"474","productor":"VEGA MALDONADO BENJAMIN","cultivo":"Otros Cultivos Varios","superficie_fisica_ha":14.3346,"superficie_riego_ha":12.7946,"hectareas":5.857},"geometry":{"type":"Polygon","coordinates":[[[-105.294566,28.013468],[-105.294761,28.013375],[-105.294785,28.01328],[-105.294687,28.013168],[-105.294469,28.013115],[-105.294366,28.01309],[-105.294304,28.013023],[-105.294314,28.012921],[-105.294375,28.012852],[-105.29468,28.012846],[-105.295036,28.012884],[-105.295174,28.012813],[-105.295197,28.012712],[-105.295041,28.012591],[-105.294931,28.012471],[-105.294783,28.012427],[-105.294221,28.012395],[-105.294009,28.012318],[-105.293819,28.012006],[-105.293775,28.011716],[-105.293775,28.011232],[-105.293922,28.011015],[-105.295153,28.011009],[-105.29531,28.011068],[-105.295486,28.011186],[-105.295685,28.011458],[-105.29605,28.011799],[-105.296227,28.011949],[-105.296385,28.012051],[-105.296501,28.012025],[-105.296752,28.012275],[-105.296951,28.012575],[-105.297038,28.012755],[-105.297098,28.012961],[-105.297091,28.013204],[-105.297085,28.013426],[-105.294566,28.013468]]]}},{"type":"Feature","properties":{"modulo":1,"idparcela":"535","productor":"RAMIREZ DOMINGUEZ PEDRO","cultivo":"Sin Cultivo","superficie_fisica_ha":1.44,"superficie_riego_ha":1.44,"hectareas":2.462},"geometry":{"type":"Polygon","coordinates":[[[-105.285374,28.024581],[-105.285201,28.024364],[-105.285055,28.024035],[-105.284969,28.02382],[-105.287468,28.023496],[-105.287505,28.023491],[-105.287841,28.023708],[-105.288645,28.024102],[-105.288684,28.024162],[-105.285612,28.024465],[-105.285389,28.024564],[-105.285374,28.024581]]]}},{"type":"Feature","properties":{"modulo":1,"idparcela":"************","productor":null,"cultivo":"Sin Cultivo","superficie_fisica_ha":null,"superficie_riego_ha":null,"hectareas":1.142},"geometry":{"type":"Polygon","coordinates":[[[-105.284969,28.02382],[-105.285055,28.024035],[-105.285201,28.024364],[-105.285374,28.024581],[-105.285167,28.024822],[-105.284698,28.024942],[-105.284579,28.024942],[-105.284527,28.024942],[-105.284381,28.024961],[-105.284295,28.02481],[-105.284118,28.024335],[-105.284052,28.023934],[-105.284969,28.02382]]]}},{"type":"Feature","properties":{"modulo":1,"idparcela":"533","productor":"CASTILLO DE ANDA EDMUNDO","cultivo":"Sin Cultivo","superficie_fisica_ha":0.8,"superficie_riego_ha":0.8,"hectareas":1.169},"geometry":{"type":"Polygon","coordinates":[[[-105.283924,28.022939],[-105.283821,28.022527],[-105.283908,28.022525],[-105.284147,28.02251],[-105.286531,28.022331],[-105.286588,28.022325],[-105.286721,28.022677],[-105.283924,28.022939]]]}},{"type":"Feature","properties":{"modulo":1,"idparcela":"533","productor":"CASTILLO DE ANDA EDMUNDO","cultivo":"Sin Cultivo","superficie_fisica_ha":0.8,"superficie_riego_ha":0.8,"hectareas":1.232},"geometry":{"type":"Polygon","coordinates":[[[-105.284007,28.023351],[-105.28397,28.023248],[-105.283918,28.02298],[-105.283924,28.022939],[-105.286721,28.022677],[-105.286946,28.022978],[-105.28697,28.023024],[-105.284072,28.023335],[-105.284007,28.023351]]]}},{"type":"Feature","properties":{"modulo":1,"idparcela":"************","productor":null,"cultivo":"Sin Cultivo","superficie_fisica_ha":null,"superficie_riego_ha":null,"hectareas":1.714},"geometry":{"type":"Polygon","coordinates":[[[-105.282604,28.017738],[-105.282741,28.017637],[-105.283471,28.016978],[-105.283769,28.01673],[-105.284164,28.016709],[-105.284724,28.016672],[-105.284822,28.017602],[-105.28254,28.017831],[-105.282604,28.017738]]]}},{"type":"Feature","properties":{"modulo":1,"idparcela":"524","productor":"RODRIGUEZ NATIVIDAD FRANCISCO","cultivo":"Nogal (Nuez)","superficie_fisica_ha":0.93,"superficie_riego_ha":0.5,"hectareas":1.793},"geometry":{"type":"Polygon","coordinates":[[[-105.282113,28.018505],[-105.282111,28.018423],[-105.28216,28.018237],[-105.282404,28.017954],[-105.28254,28.017831],[-105.284822,28.017602],[-105.284999,28.018215],[-105.282167,28.018482],[-105.282113,28.018505]]]}},{"type":"Feature","properties":{"modulo":1,"idparcela":"527","productor":"ACOSTA IBARRA RAFAEL","cultivo":"Alfalfa","superficie_fisica_ha":1.02,"superficie_riego_ha":1.02,"hectareas":1.254},"geometry":{"type":"Polygon","coordinates":[[[-105.282526,28.019537],[-105.282456,28.019386],[-105.2824,28.019257],[-105.282355,28.019132],[-105.285158,28.018761],[-105.285263,28.019122],[-105.285249,28.019153],[-105.285153,28.019165],[-105.282526,28.019537]]]}},{"type":"Feature","properties":{"modulo":1,"idparcela":"526","productor":"CHAVEZ MENDOZA MA. DOLORES","cultivo":"Sin Cultivo","superficie_fisica_ha":1.07,"superficie_riego_ha":1.07,"hectareas":0.991},"geometry":{"type":"Polygon","coordinates":[[[-105.282355,28.019132],[-105.282299,28.01899],[-105.282244,28.018796],[-105.285074,28.018472],[-105.285158,28.018761],[-105.282355,28.019132]]]}},{"type":"Feature","properties":{"modulo":1,"idparcela":"525","productor":"ACOSTA IBARRA RAFAEL","cultivo":"Sin Cultivo","superficie_fisica_ha":1.05,"superficie_riego_ha":1.05,"hectareas":0.913},"geometry":{"type":"Polygon","coordinates":[[[-105.282244,28.018796],[-105.282211,28.018714],[-105.282157,28.018615],[-105.282113,28.018505],[-105.282167,28.018482],[-105.284999,28.018215],[-105.285074,28.018472],[-105.282244,28.018796]]]}},{"type":"Feature","properties":{"modulo":1,"idparcela":"521","productor":"FRANCO URANGA SALVADOR","cultivo":"Sin Cultivo","superficie_fisica_ha":5.75,"superficie_riego_ha":5.75,"hectareas":0.936},"geometry":{"type":"Polygon","coordinates":[[[-105.281545,28.012823],[-105.281145,28.011806],[-105.282052,28.011726],[-105.282284,28.012528],[-105.282305,28.012668],[-105.281545,28.012823]]]}},{"type":"Feature","properties":{"modulo":1,"idparcela":"521","productor":"FRANCO URANGA SALVADOR","cultivo":"Sin Cultivo","superficie_fisica_ha":5.75,"superficie_riego_ha":5.75,"hectareas":4.378},"geometry":{"type":"Polygon","coordinates":[[[-105.281685,28.014426],[-105.281689,28.014355],[-105.281674,28.013973],[-105.281764,28.013743],[-105.281786,28.013323],[-105.281596,28.013074],[-105.281545,28.012823],[-105.282305,28.012668],[-105.28244,28.012832],[-105.282646,28.013044],[-105.282732,28.013029],[-105.283006,28.013013],[-105.283075,28.012937],[-105.283039,28.012602],[-105.283279,28.012373],[-105.283261,28.012236],[-105.283107,28.012054],[-105.283021,28.012024],[-105.282831,28.011811],[-105.282831,28.011704],[-105.283483,28.011612],[-105.283691,28.012403],[-105.284193,28.014274],[-105.284193,28.014302],[-105.283558,28.014199],[-105.281685,28.014426]]]}},{"type":"Feature","properties":{"modulo":1,"idparcela":"520","productor":"FELIX URRUTIA FRANCISCO","cultivo":"Sin Cultivo","superficie_fisica_ha":2.35,"superficie_riego_ha":2.35,"hectareas":2.558},"geometry":{"type":"Polygon","coordinates":[[[-105.280317,28.010017],[-105.280201,28.0098],[-105.281255,28.009216],[-105.281256,28.009268],[-105.281256,28.00949],[-105.281688,28.01054],[-105.282717,28.010431],[-105.283062,28.01099],[-105.282841,28.011023],[-105.282701,28.011008],[-105.282619,28.010887],[-105.282418,28.010802],[-105.282162,28.010896],[-105.282047,28.011074],[-105.281434,28.011175],[-105.280926,28.011254],[-105.280835,28.011046],[-105.280515,28.0103],[-105.280317,28.010017]]]}},{"type":"Feature","properties":{"modulo":1,"idparcela":"520","productor":"FELIX URRUTIA FRANCISCO","cultivo":"Sin Cultivo","superficie_fisica_ha":2.35,"superficie_riego_ha":2.35,"hectareas":1.21},"geometry":{"type":"Polygon","coordinates":[[[-105.283062,28.01099],[-105.283337,28.011434],[-105.281152,28.011641],[-105.281096,28.011642],[-105.280926,28.011254],[-105.281434,28.011175],[-105.282047,28.011074],[-105.282162,28.010896],[-105.282418,28.010802],[-105.282619,28.010887],[-105.282701,28.011008],[-105.282841,28.011023],[-105.283062,28.01099]]]}},{"type":"Feature","properties":{"modulo":1,"idparcela":"************","productor":null,"cultivo":"Sin Cultivo","superficie_fisica_ha":null,"superficie_riego_ha":null,"hectareas":2.549},"geometry":{"type":"Polygon","coordinates":[[[-105.278798,28.004153],[-105.278836,28.003846],[-105.278885,28.00334],[-105.281854,28.003047],[-105.281853,28.003163],[-105.281792,28.003828],[-105.281235,28.003885],[-105.278798,28.004153]]]}},{"type":"Feature","properties":{"modulo":1,"idparcela":"************","productor":null,"cultivo":"Sin Cultivo","superficie_fisica_ha":null,"superficie_riego_ha":null,"hectareas":2.579},"geometry":{"type":"Polygon","coordinates":[[[-105.279229,28.001803],[-105.279246,28.001579],[-105.279126,28.001457],[-105.278885,28.001488],[-105.278765,28.001504],[-105.278601,28.001564],[-105.278474,28.001152],[-105.282217,28.000744],[-105.282079,28.001468],[-105.279229,28.001803]]]}},{"type":"Feature","properties":{"modulo":1,"idparcela":"517","productor":"TAPIA SOTELO MANUEL","cultivo":"Chile verde","superficie_fisica_ha":10,"superficie_riego_ha":10,"hectareas":5.16},"geometry":{"type":"Polygon","coordinates":[[[-105.278885,28.00334],[-105.27885,28.002988],[-105.27875,28.002216],[-105.278603,28.00188],[-105.2787,28.001866],[-105.278778,28.002045],[-105.278884,28.002073],[-105.279058,28.002066],[-105.279144,28.001929],[-105.279229,28.001803],[-105.282079,28.001468],[-105.281854,28.003047],[-105.278885,28.00334]]]}},{"type":"Feature","properties":{"modulo":1,"idparcela":"494","productor":"MU¥OZ LOZOYA RAFAEL","cultivo":"Alfalfa","superficie_fisica_ha":5.7416,"superficie_riego_ha":5.51,"hectareas":10.697},"geometry":{"type":"Polygon","coordinates":[[[-105.300516,28.01058],[-105.300476,28.008697],[-105.305638,28.008659],[-105.305677,28.008796],[-105.305639,28.008917],[-105.305523,28.009123],[-105.305273,28.009518],[-105.305294,28.009895],[-105.305526,28.010186],[-105.305953,28.010477],[-105.306088,28.010597],[-105.30605,28.010666],[-105.300598,28.010609],[-105.300516,28.01058]]]}},{"type":"Feature","properties":{"modulo":1,"idparcela":"498","productor":"ALVAREZ RODRIGUEZ ALVARO","cultivo":"Alfalfa","superficie_fisica_ha":29.9,"superficie_riego_ha":19.5,"hectareas":20.067},"geometry":{"type":"Polygon","coordinates":[[[-105.305243,28.006244],[-105.305356,28.004423],[-105.30536,28.003987],[-105.30537,28.002638],[-105.30537,28.002635],[-105.305368,28.001918],[-105.305522,28.001763],[-105.31022,28.001838],[-105.310144,28.002285],[-105.309548,28.00359],[-105.309184,28.00462],[-105.309167,28.005529],[-105.308898,28.006182],[-105.305245,28.00631],[-105.305243,28.006244]]]}},{"type":"Feature","properties":{"modulo":1,"idparcela":"443","productor":"MARQUEZ CHACON GERARDO","cultivo":"Chile verde","superficie_fisica_ha":10.8,"superficie_riego_ha":10.8,"hectareas":11.569},"geometry":{"type":"Polygon","coordinates":[[[-105.295348,27.990954],[-105.295361,27.991332],[-105.295403,27.992505],[-105.295415,27.992823],[-105.292813,27.992851],[-105.292649,27.992949],[-105.29226,27.993176],[-105.291532,27.993629],[-105.291151,27.993678],[-105.290819,27.993669],[-105.29059,27.993659],[-105.290574,27.992444],[-105.29052,27.992445],[-105.290383,27.992348],[-105.290409,27.991864],[-105.290407,27.990925],[-105.295348,27.990954]]]}},{"type":"Feature","properties":{"modulo":1,"idparcela":"449","productor":"VILLANUEVA LOPEZ ABEL","cultivo":"Chile verde","superficie_fisica_ha":12.85,"superficie_riego_ha":12.13,"hectareas":10.664},"geometry":{"type":"Polygon","coordinates":[[[-105.290533,27.995241],[-105.290578,27.993804],[-105.290823,27.9938],[-105.291533,27.993798],[-105.292786,27.992997],[-105.293153,27.992984],[-105.295401,27.992934],[-105.295394,27.99491],[-105.295392,27.995309],[-105.290533,27.995241]]]}},{"type":"Feature","properties":{"modulo":1,"idparcela":"450","productor":"ACOSTA CHAVEZ JOSE L.","cultivo":"Alfalfa","superficie_fisica_ha":11.8,"superficie_riego_ha":11.8,"hectareas":10.005},"geometry":{"type":"Polygon","coordinates":[[[-105.295388,27.996412],[-105.294896,27.996528],[-105.294597,27.996819],[-105.29457,27.997085],[-105.294505,27.997262],[-105.294147,27.997284],[-105.290521,27.997299],[-105.290448,27.996392],[-105.290556,27.99611],[-105.290541,27.99553],[-105.290533,27.995241],[-105.295392,27.995309],[-105.295388,27.996412]]]}},{"type":"Feature","properties":{"modulo":1,"idparcela":"447","productor":"CASTRO ZUBIA JUAN MANUEL","cultivo":"Chile verde","superficie_fisica_ha":11.02,"superficie_riego_ha":10.64,"hectareas":10.059},"geometry":{"type":"Polygon","coordinates":[[[-105.300263,27.993538],[-105.299852,27.99434],[-105.299831,27.994775],[-105.299803,27.994959],[-105.295394,27.99491],[-105.295401,27.992934],[-105.30018,27.992957],[-105.300289,27.993053],[-105.300317,27.993271],[-105.300263,27.993538]]]}},{"type":"Feature","properties":{"modulo":1,"idparcela":"451","productor":"CHACON HERNANDEZ RAFAEL","cultivo":"Sand­a","superficie_fisica_ha":11.6,"superficie_riego_ha":10.3,"hectareas":11.144},"geometry":{"type":"Polygon","coordinates":[[[-105.300287,28.001892],[-105.298325,28.001842],[-105.298045,28.001859],[-105.298001,28.00161],[-105.297893,28.001384],[-105.297844,28.001184],[-105.297823,28.000801],[-105.297975,28.000405],[-105.29803,28.000012],[-105.298014,27.999811],[-105.297987,27.999629],[-105.297832,27.999451],[-105.297605,27.999186],[-105.297413,27.998944],[-105.297467,27.99858],[-105.297794,27.998289],[-105.298345,27.998303],[-105.2987,27.998185],[-105.299366,27.997831],[-105.299947,27.997461],[-105.299972,27.996807],[-105.299997,27.996432],[-105.30007,27.996295],[-105.300281,27.996273],[-105.30036,27.996391],[-105.300409,27.996782],[-105.300276,27.99809],[-105.300336,28.000124],[-105.300339,28.001165],[-105.300287,28.001892]]]}},{"type":"Feature","properties":{"modulo":1,"idparcela":"455","productor":"CASTRO ZUBIA JUAN M.","cultivo":"Alfalfa","superficie_fisica_ha":8.92,"superficie_riego_ha":6.81,"hectareas":7.584},"geometry":{"type":"Polygon","coordinates":[[[-105.297859,28.001957],[-105.297449,28.001947],[-105.297094,28.001923],[-105.296603,28.001948],[-105.296303,28.001925],[-105.296002,28.001901],[-105.295814,28.001868],[-105.295674,28.001684],[-105.29544,28.001141],[-105.295404,28.000935],[-105.295422,28.000717],[-105.29541,28.00045],[-105.295371,27.999954],[-105.295358,27.99964],[-105.295477,27.999384],[-105.295749,27.998947],[-105.296212,27.998559],[-105.296703,27.998461],[-105.296894,27.998679],[-105.297004,27.99892],[-105.297305,27.999162],[-105.297496,27.999283],[-105.297673,27.999495],[-105.297719,27.99963],[-105.297833,27.999769],[-105.29788,27.999887],[-105.297811,28.000313],[-105.297691,28.000784],[-105.297692,28.001074],[-105.297716,28.001394],[-105.297839,28.001613],[-105.297859,28.001957]]]}},{"type":"Feature","properties":{"modulo":1,"idparcela":"500","productor":"MATA OROZCO FERNANDO","cultivo":"Cacahuate","superficie_fisica_ha":17.5,"superficie_riego_ha":17.5,"hectareas":17.378},"geometry":{"type":"Polygon","coordinates":[[[-105.30983,27.999304],[-105.31016,28.000248],[-105.309585,28.001719],[-105.308663,28.001704],[-105.30829,28.001698],[-105.307653,28.001682],[-105.307189,28.001659],[-105.306974,28.001696],[-105.305538,28.001658],[-105.30527,28.001721],[-105.305065,28.001706],[-105.301603,28.001777],[-105.302141,28.001597],[-105.303257,28.000384],[-105.303664,27.999802],[-105.303745,27.99956],[-105.303854,27.999462],[-105.303909,27.999461],[-105.306125,27.999402],[-105.306259,27.999399],[-105.309793,27.999305],[-105.30983,27.999304]]]}},{"type":"Feature","properties":{"modulo":1,"idparcela":"9593","productor":"MU¥OZ LOZOYA PEDRO","cultivo":"Otros Cultivos Varios","superficie_fisica_ha":10,"superficie_riego_ha":10,"hectareas":15.423},"geometry":{"type":"Polygon","coordinates":[[[-105.31048,28.010603],[-105.310458,28.010621],[-105.306774,28.010676],[-105.306436,28.010476],[-105.306035,28.010228],[-105.305768,28.009993],[-105.305621,28.009793],[-105.305606,28.009629],[-105.305737,28.009277],[-105.305908,28.009131],[-105.306736,28.008777],[-105.308058,28.009463],[-105.308347,28.009408],[-105.308269,28.009322],[-105.308022,28.009329],[-105.306854,28.008707],[-105.306981,28.008579],[-105.309532,28.008548],[-105.311473,28.008513],[-105.311728,28.008594],[-105.313603,28.00859],[-105.313934,28.009498],[-105.313877,28.009619],[-105.310496,28.010638],[-105.31048,28.010603]]]}},{"type":"Feature","properties":{"modulo":1,"idparcela":"************","productor":null,"cultivo":"Sin Cultivo","superficie_fisica_ha":null,"superficie_riego_ha":null,"hectareas":4.585},"geometry":{"type":"Polygon","coordinates":[[[-105.309532,28.008548],[-105.309524,28.008531],[-105.308921,28.007468],[-105.308612,28.007503],[-105.308496,28.007469],[-105.308496,28.007383],[-105.309189,28.006404],[-105.310987,28.006331],[-105.310987,28.006417],[-105.31097,28.007361],[-105.310874,28.007481],[-105.3107,28.007687],[-105.311244,28.008441],[-105.311473,28.008513],[-105.309532,28.008548]]]}},{"type":"Feature","properties":{"modulo":1,"idparcela":"477","productor":"REYES ALONSO BERNARDINO","cultivo":"Sin Cultivo","superficie_fisica_ha":10.22,"superficie_riego_ha":8.97,"hectareas":9.658},"geometry":{"type":"Polygon","coordinates":[[[-105.297871,28.006253],[-105.297933,28.006254],[-105.298817,28.006267],[-105.300102,28.006253],[-105.300288,28.006334],[-105.300347,28.006502],[-105.300331,28.007991],[-105.300003,28.007942],[-105.299568,28.007947],[-105.298878,28.007957],[-105.298627,28.008058],[-105.296273,28.008036],[-105.296322,28.007931],[-105.296558,28.007683],[-105.296936,28.007425],[-105.297396,28.007019],[-105.297663,28.006728],[-105.297883,28.006452],[-105.297903,28.006299],[-105.297871,28.006253]],[[-105.296178,28.006227],[-105.297775,28.006251],[-105.29778,28.006251],[-105.297738,28.006288],[-105.297627,28.006541],[-105.297261,28.006973],[-105.296854,28.007294],[-105.296263,28.007793],[-105.295973,28.008034],[-105.294018,28.008016],[-105.296178,28.006227]]]}},{"type":"Feature","properties":{"modulo":1,"idparcela":"476","productor":"SALCIDO RODRIGUES FRANCISCO","cultivo":"Nogal (Nuez)","superficie_fisica_ha":8.53,"superficie_riego_ha":7.92,"hectareas":6.681},"geometry":{"type":"Polygon","coordinates":[[[-105.297594,28.005094],[-105.297757,28.004731],[-105.297892,28.004434],[-105.298066,28.004064],[-105.298354,28.003712],[-105.29879,28.003493],[-105.299199,28.003299],[-105.299799,28.003104],[-105.300153,28.002909],[-105.300235,28.002861],[-105.300242,28.005524],[-105.300051,28.005501],[-105.29986,28.00567],[-105.299834,28.005937],[-105.299834,28.006106],[-105.299507,28.006131],[-105.298965,28.006166],[-105.298772,28.006164],[-105.298821,28.00605],[-105.298921,28.005951],[-105.298902,28.005847],[-105.298886,28.005819],[-105.298822,28.005765],[-105.298765,28.005676],[-105.298659,28.005232],[-105.298653,28.005017],[-105.298791,28.004882],[-105.298882,28.004741],[-105.298885,28.004587],[-105.298837,28.004547],[-105.298735,28.004549],[-105.298503,28.004658],[-105.298093,28.004889],[-105.297855,28.005054],[-105.297645,28.005128],[-105.297582,28.005126],[-105.297594,28.005094]],[[-105.298621,28.006173],[-105.29787,28.006159],[-105.297569,28.006134],[-105.297363,28.00612],[-105.296972,28.00614],[-105.29686,28.006081],[-105.296916,28.006033],[-105.297086,28.005946],[-105.297294,28.005803],[-105.297377,28.005697],[-105.297485,28.005625],[-105.297546,28.00554],[-105.297653,28.005455],[-105.297761,28.005362],[-105.297876,28.005283],[-105.298062,28.005189],[-105.298224,28.005074],[-105.298348,28.005016],[-105.298394,28.005008],[-105.298413,28.005105],[-105.298472,28.005271],[-105.298555,28.00545],[-105.298608,28.005665],[-105.29861,28.005769],[-105.298637,28.005908],[-105.298621,28.006173]]]}},{"type":"Feature","properties":{"modulo":1,"idparcela":"************","productor":null,"cultivo":"Sin Cultivo","superficie_fisica_ha":null,"superficie_riego_ha":null,"hectareas":4.866},"geometry":{"type":"Polygon","coordinates":[[[-105.295628,28.003894],[-105.295816,28.003669],[-105.296034,28.003451],[-105.296115,28.003305],[-105.29647,28.003087],[-105.296742,28.002844],[-105.296987,28.002626],[-105.297178,28.002552],[-105.297563,28.002402],[-105.297831,28.002323],[-105.298129,28.002164],[-105.298418,28.002101],[-105.298995,28.002074],[-105.299741,28.002038],[-105.300096,28.002062],[-105.300214,28.002284],[-105.300179,28.002546],[-105.300016,28.002619],[-105.299634,28.002741],[-105.299095,28.00301],[-105.29864,28.003168],[-105.298339,28.003365],[-105.297889,28.003741],[-105.297578,28.004155],[-105.297453,28.00445],[-105.297368,28.004323],[-105.297401,28.003833],[-105.297384,28.003765],[-105.297307,28.003726],[-105.29702,28.003895],[-105.296423,28.003907],[-105.295628,28.003894]]]}},{"type":"Feature","properties":{"modulo":1,"idparcela":"************","productor":null,"cultivo":"Sin Cultivo","superficie_fisica_ha":null,"superficie_riego_ha":null,"hectareas":4.151},"geometry":{"type":"Polygon","coordinates":[[[-105.295388,28.006643],[-105.29536,28.00451],[-105.295572,28.00396],[-105.295628,28.003894],[-105.296423,28.003907],[-105.29702,28.003895],[-105.297307,28.003726],[-105.297384,28.003765],[-105.297401,28.003833],[-105.297368,28.004323],[-105.297453,28.00445],[-105.297374,28.004635],[-105.297217,28.004992],[-105.297117,28.005279],[-105.296803,28.005544],[-105.296396,28.00581],[-105.296095,28.00602],[-105.29584,28.00623],[-105.295715,28.006382],[-105.295633,28.006455],[-105.295551,28.006552],[-105.295388,28.006643]]]}},{"type":"Feature","properties":{"modulo":1,"idparcela":"************","productor":null,"cultivo":"Sin Cultivo","superficie_fisica_ha":null,"superficie_riego_ha":null,"hectareas":4.271},"geometry":{"type":"Polygon","coordinates":[[[-105.29145,28.006772],[-105.291471,28.006699],[-105.291625,28.005995],[-105.29209,28.005123],[-105.29268,28.004255],[-105.292938,28.004141],[-105.293352,28.004187],[-105.293671,28.004078],[-105.293725,28.004407],[-105.294003,28.004459],[-105.294252,28.004617],[-105.294311,28.005119],[-105.294412,28.005293],[-105.2941,28.005443],[-105.293859,28.005621],[-105.293327,28.005908],[-105.292864,28.006179],[-105.292658,28.006221],[-105.292411,28.006329],[-105.291817,28.006499],[-105.291633,28.006599],[-105.29145,28.006772]]]}},{"type":"Feature","properties":{"modulo":1,"idparcela":"************","productor":null,"cultivo":"Sin Cultivo","superficie_fisica_ha":null,"superficie_riego_ha":null,"hectareas":4.155},"geometry":{"type":"Polygon","coordinates":[[[-105.292861,28.006281],[-105.29292,28.006248],[-105.293387,28.005981],[-105.293919,28.005693],[-105.294147,28.005522],[-105.294507,28.005344],[-105.29462,28.00533],[-105.294977,28.005163],[-105.295149,28.005042],[-105.29522,28.004918],[-105.295237,28.006735],[-105.293882,28.007844],[-105.293756,28.007874],[-105.292861,28.006281]]]}},{"type":"Feature","properties":{"modulo":1,"idparcela":"452","productor":"ALARCON SIMENTAL GUADALUPE","cultivo":"Sin Cultivo","superficie_fisica_ha":24.64,"superficie_riego_ha":13,"hectareas":6.582},"geometry":{"type":"Polygon","coordinates":[[[-105.290661,28.010459],[-105.290255,28.010511],[-105.290177,28.010426],[-105.290267,28.009944],[-105.290731,28.008952],[-105.291385,28.006962],[-105.291665,28.006709],[-105.291841,28.006595],[-105.291977,28.00657],[-105.292463,28.006402],[-105.292861,28.006281],[-105.293756,28.007874],[-105.293438,28.007948],[-105.292897,28.008258],[-105.291169,28.009666],[-105.291102,28.009735],[-105.290661,28.010459]]]}},{"type":"Feature","properties":{"modulo":1,"idparcela":"496","productor":"SANCHEZ CHAPARRO CELIA","cultivo":"Alfalfa","superficie_fisica_ha":29.85,"superficie_riego_ha":17.5,"hectareas":1.708},"geometry":{"type":"Polygon","coordinates":[[[-105.307341,28.006351],[-105.308531,28.006337],[-105.308725,28.006371],[-105.308725,28.006559],[-105.308283,28.007264],[-105.307974,28.007608],[-105.307299,28.008021],[-105.307261,28.008054],[-105.307341,28.006351]]]}},{"type":"Feature","properties":{"modulo":1,"idparcela":"496","productor":"SANCHEZ CHAPARRO CELIA","cultivo":"Alfalfa","superficie_fisica_ha":29.85,"superficie_riego_ha":17.5,"hectareas":2.837},"geometry":{"type":"Polygon","coordinates":[[[-105.306547,28.006361],[-105.307341,28.006351],[-105.307261,28.008054],[-105.30699,28.008296],[-105.306527,28.00852],[-105.306102,28.008573],[-105.305425,28.008578],[-105.305503,28.007563],[-105.306449,28.007552],[-105.306547,28.006361]]]}},{"type":"Feature","properties":{"modulo":1,"idparcela":"496","productor":"SANCHEZ CHAPARRO CELIA","cultivo":"Alfalfa","superficie_fisica_ha":29.85,"superficie_riego_ha":17.5,"hectareas":3.262},"geometry":{"type":"Polygon","coordinates":[[[-105.304806,28.006382],[-105.306547,28.006361],[-105.306449,28.007552],[-105.305503,28.007563],[-105.305425,28.008578],[-105.304507,28.008585],[-105.304806,28.006382]]]}},{"type":"Feature","properties":{"modulo":1,"idparcela":"496","productor":"SANCHEZ CHAPARRO CELIA","cultivo":"Alfalfa","superficie_fisica_ha":29.85,"superficie_riego_ha":17.5,"hectareas":2.131},"geometry":{"type":"Polygon","coordinates":[[[-105.303874,28.006393],[-105.304806,28.006382],[-105.304507,28.008585],[-105.303652,28.008592],[-105.303874,28.006393]]]}},{"type":"Feature","properties":{"modulo":1,"idparcela":"496","productor":"SANCHEZ CHAPARRO CELIA","cultivo":"Alfalfa","superficie_fisica_ha":29.85,"superficie_riego_ha":17.5,"hectareas":1.904},"geometry":{"type":"Polygon","coordinates":[[[-105.303077,28.006403],[-105.303874,28.006393],[-105.303652,28.008592],[-105.302849,28.008598],[-105.303077,28.006403]]]}},{"type":"Feature","properties":{"modulo":1,"idparcela":"496","productor":"SANCHEZ CHAPARRO CELIA","cultivo":"Alfalfa","superficie_fisica_ha":29.85,"superficie_riego_ha":17.5,"hectareas":1.747},"geometry":{"type":"Polygon","coordinates":[[[-105.30246,28.00641],[-105.303077,28.006403],[-105.302849,28.008598],[-105.301885,28.008606],[-105.30201,28.008034],[-105.302199,28.008014],[-105.30246,28.00641]]]}},{"type":"Feature","properties":{"modulo":1,"idparcela":"496","productor":"SANCHEZ CHAPARRO CELIA","cultivo":"Alfalfa","superficie_fisica_ha":29.85,"superficie_riego_ha":17.5,"hectareas":4.116},"geometry":{"type":"Polygon","coordinates":[[[-105.30047,28.008593],[-105.300499,28.006434],[-105.30246,28.00641],[-105.302199,28.008014],[-105.30201,28.008034],[-105.301885,28.008606],[-105.30047,28.008593]]]}},{"type":"Feature","properties":{"modulo":1,"idparcela":"************","productor":null,"cultivo":"Sin Cultivo","superficie_fisica_ha":null,"superficie_riego_ha":null,"hectareas":3.81},"geometry":{"type":"Polygon","coordinates":[[[-105.311406,27.997233],[-105.311414,27.999809],[-105.311558,28.000396],[-105.311067,28.000597],[-105.31096,28.000628],[-105.310925,28.000536],[-105.309798,27.997924],[-105.309729,27.997755],[-105.311406,27.997233]]]}},{"type":"Feature","properties":{"modulo":1,"idparcela":"459","productor":"SANTOS GANDARA GUSTAVO","cultivo":"Chile verde","superficie_fisica_ha":9.34,"superficie_riego_ha":7.52,"hectareas":15.996},"geometry":{"type":"Polygon","coordinates":[[[-105.312646,27.995037],[-105.312523,27.995038],[-105.312422,27.994987],[-105.312335,27.994922],[-105.312339,27.994867],[-105.312346,27.994788],[-105.312347,27.994748],[-105.312323,27.994716],[-105.312144,27.994737],[-105.312039,27.994749],[-105.311847,27.994616],[-105.311721,27.994437],[-105.311665,27.994328],[-105.311697,27.994215],[-105.311848,27.994068],[-105.312071,27.993924],[-105.312183,27.993894],[-105.312256,27.99393],[-105.312318,27.993969],[-105.312382,27.993967],[-105.312448,27.993909],[-105.31242,27.993819],[-105.312308,27.993741],[-105.312165,27.99377],[-105.311981,27.993828],[-105.311424,27.994191],[-105.311105,27.994374],[-105.310795,27.99455],[-105.310627,27.994636],[-105.310629,27.994685],[-105.308731,27.995451],[-105.307987,27.994344],[-105.309213,27.993518],[-105.311773,27.991793],[-105.312077,27.991663],[-105.312536,27.9915],[-105.313162,27.991232],[-105.313571,27.990965],[-105.313952,27.990722],[-105.314225,27.9906],[-105.314417,27.990891],[-105.314636,27.99135],[-105.314692,27.991738],[-105.314721,27.992198],[-105.314232,27.992974],[-105.313416,27.994065],[-105.312646,27.995037]]]}},{"type":"Feature","properties":{"modulo":1,"idparcela":"************","productor":null,"cultivo":"Sin Cultivo","superficie_fisica_ha":null,"superficie_riego_ha":null,"hectareas":7.63},"geometry":{"type":"Polygon","coordinates":[[[-105.310629,27.994685],[-105.310674,27.99472],[-105.310746,27.994719],[-105.310839,27.99467],[-105.311015,27.994599],[-105.311188,27.994582],[-105.311348,27.994596],[-105.311617,27.994717],[-105.311771,27.99479],[-105.311887,27.994872],[-105.311879,27.994914],[-105.311801,27.994947],[-105.311748,27.995001],[-105.311712,27.995061],[-105.311752,27.995161],[-105.311829,27.995202],[-105.311934,27.9952],[-105.312037,27.995172],[-105.312064,27.995113],[-105.312073,27.995096],[-105.31212,27.995078],[-105.312226,27.995135],[-105.312485,27.995259],[-105.311758,27.996273],[-105.311406,27.997145],[-105.311406,27.997233],[-105.309729,27.997755],[-105.308864,27.995649],[-105.308731,27.995451],[-105.310629,27.994685]]]}},{"type":"Feature","properties":{"modulo":1,"idparcela":"458","productor":"SAENZ RAMOS LEOPOLDO","cultivo":"Chile verde","superficie_fisica_ha":21.36,"superficie_riego_ha":12.36,"hectareas":11.311},"geometry":{"type":"Polygon","coordinates":[[[-105.305398,27.992409],[-105.30528,27.99234],[-105.304843,27.992099],[-105.304515,27.991881],[-105.304385,27.991723],[-105.304497,27.991491],[-105.304679,27.991411],[-105.304732,27.990988],[-105.304845,27.990775],[-105.305021,27.99089],[-105.305522,27.991056],[-105.305804,27.991066],[-105.306036,27.991138],[-105.306314,27.991127],[-105.30655,27.990923],[-105.307049,27.990738],[-105.307731,27.990567],[-105.30844,27.990492],[-105.309286,27.990539],[-105.309777,27.990586],[-105.3116,27.990551],[-105.312219,27.990512],[-105.312778,27.990507],[-105.313406,27.990627],[-105.313461,27.99082],[-105.313053,27.991112],[-105.312147,27.991434],[-105.311282,27.991866],[-105.310636,27.992304],[-105.310004,27.99269],[-105.309511,27.992936],[-105.309449,27.992978],[-105.307471,27.990878],[-105.307002,27.991144],[-105.306986,27.991153],[-105.306505,27.991423],[-105.306073,27.991995],[-105.305719,27.992258],[-105.305398,27.992409]]]}},{"type":"Feature","properties":{"modulo":1,"idparcela":"458","productor":"SAENZ RAMOS LEOPOLDO","cultivo":"Chile verde","superficie_fisica_ha":21.36,"superficie_riego_ha":12.36,"hectareas":2.58},"geometry":{"type":"Polygon","coordinates":[[[-105.307687,27.994175],[-105.307582,27.993956],[-105.307472,27.993872],[-105.30849,27.992905],[-105.308457,27.992765],[-105.306986,27.991153],[-105.307002,27.991144],[-105.307471,27.990878],[-105.309449,27.992978],[-105.307687,27.994175]]]}},{"type":"Feature","properties":{"modulo":1,"idparcela":"458","productor":"SAENZ RAMOS LEOPOLDO","cultivo":"Chile verde","superficie_fisica_ha":21.36,"superficie_riego_ha":12.36,"hectareas":4.289},"geometry":{"type":"Polygon","coordinates":[[[-105.307472,27.993872],[-105.306951,27.993337],[-105.305526,27.992485],[-105.305398,27.992409],[-105.305719,27.992258],[-105.306073,27.991995],[-105.306505,27.991423],[-105.306986,27.991153],[-105.308457,27.992765],[-105.30849,27.992905],[-105.307472,27.993872]]]}},{"type":"Feature","properties":{"modulo":1,"idparcela":"************","productor":null,"cultivo":"Sin Cultivo","superficie_fisica_ha":null,"superficie_riego_ha":null,"hectareas":6.184},"geometry":{"type":"Polygon","coordinates":[[[-105.307585,27.990249],[-105.307656,27.989685],[-105.307677,27.989377],[-105.307993,27.989332],[-105.309942,27.989433],[-105.311183,27.989484],[-105.312136,27.989554],[-105.312914,27.989526],[-105.313767,27.989636],[-105.314061,27.989848],[-105.314356,27.990098],[-105.314346,27.990264],[-105.313863,27.99053],[-105.313687,27.990444],[-105.313035,27.990317],[-105.312285,27.990268],[-105.311638,27.990345],[-105.310442,27.99037],[-105.30913,27.990371],[-105.307903,27.990294],[-105.307585,27.990249]]]}},{"type":"Feature","properties":{"modulo":1,"idparcela":"497","productor":"MENDOZA MOLINA ALBERTO","cultivo":"Ma­z","superficie_fisica_ha":23.42,"superficie_riego_ha":22.33,"hectareas":11.998},"geometry":{"type":"Polygon","coordinates":[[[-105.30536,28.003987],[-105.305356,28.004423],[-105.305243,28.006244],[-105.305071,28.00631],[-105.30076,28.006303],[-105.300681,28.005857],[-105.300371,28.005446],[-105.300377,28.004018],[-105.301629,28.004018],[-105.302585,28.004021],[-105.303649,28.004023],[-105.304777,28.004026],[-105.304867,28.004026],[-105.30536,28.003987]]]}},{"type":"Feature","properties":{"modulo":1,"idparcela":"497","productor":"MENDOZA MOLINA ALBERTO","cultivo":"Ma­z","superficie_fisica_ha":23.42,"superficie_riego_ha":22.33,"hectareas":1.323},"geometry":{"type":"Polygon","coordinates":[[[-105.30537,28.002635],[-105.30537,28.002638],[-105.30536,28.003987],[-105.304867,28.004026],[-105.304777,28.004026],[-105.304504,28.003673],[-105.304327,28.00327],[-105.304371,28.002946],[-105.304604,28.002643],[-105.305022,28.002656],[-105.30537,28.002635]]]}},{"type":"Feature","properties":{"modulo":1,"idparcela":"497","productor":"MENDOZA MOLINA ALBERTO","cultivo":"Ma­z","superficie_fisica_ha":23.42,"superficie_riego_ha":22.33,"hectareas":4.691},"geometry":{"type":"Polygon","coordinates":[[[-105.304777,28.004026],[-105.303649,28.004023],[-105.302585,28.004021],[-105.303027,28.003334],[-105.303054,28.002363],[-105.302938,28.002291],[-105.300932,28.002332],[-105.301424,28.001909],[-105.304942,28.00185],[-105.305075,28.002017],[-105.305079,28.002165],[-105.305019,28.002267],[-105.304896,28.002344],[-105.304596,28.002405],[-105.304526,28.002508],[-105.304604,28.002643],[-105.304371,28.002946],[-105.304327,28.00327],[-105.304504,28.003673],[-105.304777,28.004026]]]}},{"type":"Feature","properties":{"modulo":1,"idparcela":"497","productor":"MENDOZA MOLINA ALBERTO","cultivo":"Ma­z","superficie_fisica_ha":23.42,"superficie_riego_ha":22.33,"hectareas":4.597},"geometry":{"type":"Polygon","coordinates":[[[-105.302585,28.004021],[-105.301629,28.004018],[-105.300377,28.004018],[-105.300383,28.002804],[-105.300932,28.002332],[-105.302938,28.002291],[-105.303054,28.002363],[-105.303027,28.003334],[-105.302585,28.004021]]]}},{"type":"Feature","properties":{"modulo":1,"idparcela":"499","productor":"ALARCON CHACON ALFONSO","cultivo":"Sand­a","superficie_fisica_ha":13.85,"superficie_riego_ha":12.85,"hectareas":12.586},"geometry":{"type":"Polygon","coordinates":[[[-105.303909,27.999461],[-105.303963,27.999341],[-105.304236,27.999195],[-105.30459,27.999001],[-105.304698,27.998758],[-105.304861,27.998588],[-105.305379,27.998224],[-105.306303,27.996939],[-105.306711,27.996526],[-105.30671,27.99626],[-105.306791,27.995896],[-105.306927,27.995533],[-105.30728,27.99512],[-105.30758,27.995071],[-105.307935,27.995313],[-105.308429,27.995989],[-105.308621,27.996328],[-105.308786,27.996788],[-105.309142,27.997441],[-105.309389,27.997779],[-105.309471,27.998118],[-105.309582,27.998554],[-105.309774,27.998868],[-105.309774,27.99911],[-105.309793,27.999305],[-105.306259,27.999399],[-105.30619,27.998709],[-105.306336,27.998602],[-105.306611,27.99854],[-105.306843,27.998431],[-105.307075,27.99836],[-105.307234,27.998357],[-105.307415,27.998363],[-105.307567,27.998463],[-105.307774,27.998648],[-105.307989,27.998757],[-105.308361,27.998721],[-105.308559,27.998566],[-105.308599,27.998461],[-105.308532,27.99833],[-105.308454,27.99819],[-105.308321,27.997995],[-105.308304,27.997778],[-105.308205,27.997648],[-105.307967,27.997483],[-105.307742,27.997431],[-105.307551,27.997444],[-105.307356,27.997722],[-105.307203,27.997989],[-105.307133,27.998142],[-105.30703,27.998257],[-105.306807,27.998309],[-105.306567,27.998456],[-105.306208,27.998567],[-105.306113,27.998625],[-105.306076,27.998825],[-105.306125,27.999402],[-105.303909,27.999461]]]}},{"type":"Feature","properties":{"modulo":1,"idparcela":"445","productor":"ORTA RAMOS GENARO","cultivo":"Ma­z","superficie_fisica_ha":14.03,"superficie_riego_ha":13.25,"hectareas":5.172},"geometry":{"type":"Polygon","coordinates":[[[-105.306174,27.996706],[-105.306166,27.996745],[-105.305785,27.997255],[-105.305628,27.997442],[-105.305378,27.99774],[-105.305133,27.998079],[-105.304942,27.998274],[-105.304616,27.998541],[-105.304599,27.998606],[-105.304562,27.998759],[-105.304444,27.998843],[-105.304437,27.998848],[-105.304289,27.998953],[-105.304036,27.999075],[-105.303935,27.999123],[-105.303822,27.999224],[-105.303745,27.999293],[-105.303581,27.999463],[-105.303536,27.999209],[-105.303443,27.998688],[-105.303442,27.998277],[-105.303441,27.997914],[-105.303196,27.997546],[-105.303248,27.997331],[-105.303446,27.99707],[-105.303784,27.997018],[-105.304257,27.996903],[-105.304624,27.996639],[-105.305004,27.996239],[-105.305249,27.995977],[-105.306174,27.996706]]]}},{"type":"Feature","properties":{"modulo":1,"idparcela":"445","productor":"ORTA RAMOS GENARO","cultivo":"Ma­z","superficie_fisica_ha":14.03,"superficie_riego_ha":13.25,"hectareas":3.416},"geometry":{"type":"Polygon","coordinates":[[[-105.303196,27.997546],[-105.303167,27.997503],[-105.303166,27.997139],[-105.303133,27.99682],[-105.303091,27.996519],[-105.303035,27.996324],[-105.303394,27.996377],[-105.3036,27.996315],[-105.303627,27.996121],[-105.30349,27.995904],[-105.303401,27.995737],[-105.303309,27.995582],[-105.303227,27.995445],[-105.303214,27.995349],[-105.303204,27.995296],[-105.303233,27.995228],[-105.303183,27.995046],[-105.30307,27.994763],[-105.303122,27.994642],[-105.303175,27.994542],[-105.303297,27.994436],[-105.303404,27.994523],[-105.305249,27.995977],[-105.305004,27.996239],[-105.304624,27.996639],[-105.304257,27.996903],[-105.303784,27.997018],[-105.303446,27.99707],[-105.303248,27.997331],[-105.303196,27.997546]]]}},{"type":"Feature","properties":{"modulo":1,"idparcela":"444","productor":"ESPARZA TERRAZAS LUIS CARLOS","cultivo":"Ma­z","superficie_fisica_ha":14.48,"superficie_riego_ha":14.48,"hectareas":9.122},"geometry":{"type":"Polygon","coordinates":[[[-105.306193,27.996721],[-105.306174,27.996706],[-105.305249,27.995977],[-105.303404,27.994523],[-105.303297,27.994436],[-105.303299,27.994434],[-105.303332,27.994401],[-105.303469,27.994224],[-105.303526,27.994026],[-105.303533,27.993794],[-105.303489,27.993617],[-105.303501,27.993562],[-105.303588,27.993489],[-105.304044,27.993299],[-105.304681,27.993045],[-105.304975,27.992899],[-105.305168,27.992968],[-105.306376,27.993742],[-105.307278,27.994491],[-105.307279,27.99466],[-105.307143,27.99483],[-105.307089,27.995072],[-105.306899,27.995291],[-105.306654,27.995727],[-105.306574,27.996212],[-105.306493,27.996502],[-105.306193,27.996721]]]}},{"type":"Feature","properties":{"modulo":1,"idparcela":"444","productor":"ESPARZA TERRAZAS LUIS CARLOS","cultivo":"Ma­z","superficie_fisica_ha":14.48,"superficie_riego_ha":14.48,"hectareas":5.569},"geometry":{"type":"Polygon","coordinates":[[[-105.302273,27.993504],[-105.300898,27.992043],[-105.300872,27.991881],[-105.300968,27.991744],[-105.301405,27.99184],[-105.301759,27.991839],[-105.302005,27.991766],[-105.302305,27.991741],[-105.302659,27.99174],[-105.30326,27.991763],[-105.303588,27.991908],[-105.304052,27.992294],[-105.30492,27.992847],[-105.304604,27.992984],[-105.303977,27.993257],[-105.303533,27.993447],[-105.303412,27.99356],[-105.303415,27.993694],[-105.30345,27.993847],[-105.303439,27.994075],[-105.303394,27.994222],[-105.303277,27.994354],[-105.302273,27.993504]]]}},{"type":"Feature","properties":{"modulo":1,"idparcela":"445","productor":"ORTA RAMOS GENARO","cultivo":"Ma­z","superficie_fisica_ha":14.03,"superficie_riego_ha":13.25,"hectareas":3.862},"geometry":{"type":"Polygon","coordinates":[[[-105.30228,27.994898],[-105.301731,27.994543],[-105.301521,27.994285],[-105.301165,27.994117],[-105.300861,27.993907],[-105.30058,27.993687],[-105.300481,27.993416],[-105.300453,27.99298],[-105.300452,27.992714],[-105.300479,27.992496],[-105.300505,27.992108],[-105.300477,27.991972],[-105.300565,27.991971],[-105.300736,27.992141],[-105.302177,27.993584],[-105.303209,27.9944],[-105.303104,27.994489],[-105.303038,27.994586],[-105.302993,27.994761],[-105.303108,27.995046],[-105.303102,27.995168],[-105.303016,27.995257],[-105.302908,27.995277],[-105.302729,27.995176],[-105.30228,27.994898]]]}},{"type":"Feature","properties":{"modulo":1,"idparcela":"446","productor":"ALARCON SIMENTAL ALFONSO","cultivo":"Alfalfa","superficie_fisica_ha":18.71,"superficie_riego_ha":14.77,"hectareas":13.216},"geometry":{"type":"Polygon","coordinates":[[[-105.302968,27.997064],[-105.30303,27.997333],[-105.3035,27.999657],[-105.303337,27.999875],[-105.302113,28.001404],[-105.301814,28.00155],[-105.301486,28.001599],[-105.301132,28.00189],[-105.300371,28.00253],[-105.300402,28.00207],[-105.300422,28.001722],[-105.300446,28.000535],[-105.300545,27.996854],[-105.300537,27.996803],[-105.301296,27.996967],[-105.302314,27.997049],[-105.302968,27.997064]]]}},{"type":"Feature","properties":{"modulo":1,"idparcela":"446","productor":"ALARCON SIMENTAL ALFONSO","cultivo":"Alfalfa","superficie_fisica_ha":18.71,"superficie_riego_ha":14.77,"hectareas":5.655},"geometry":{"type":"Polygon","coordinates":[[[-105.300445,27.994508],[-105.300757,27.994432],[-105.301057,27.994383],[-105.301166,27.994432],[-105.301466,27.994407],[-105.30174,27.994648],[-105.301959,27.994841],[-105.302287,27.995107],[-105.302587,27.995252],[-105.302643,27.995639],[-105.302968,27.997064],[-105.302314,27.997049],[-105.301296,27.996967],[-105.300537,27.996803],[-105.300452,27.996294],[-105.300445,27.994508]]]}},{"type":"Feature","properties":{"modulo":1,"idparcela":"456","productor":"LOPEZ GUERRERO JESUS","cultivo":"Ma­z","superficie_fisica_ha":16.72,"superficie_riego_ha":13.74,"hectareas":3.519},"geometry":{"type":"Polygon","coordinates":[[[-105.295403,28.002674],[-105.295137,28.002713],[-105.294995,28.002603],[-105.294789,28.002517],[-105.294229,28.002495],[-105.293947,28.00241],[-105.293956,28.002274],[-105.293764,28.001759],[-105.293821,28.001509],[-105.293836,28.001103],[-105.293762,28.000955],[-105.293704,28.000891],[-105.293739,28.000777],[-105.294299,28.0008],[-105.294433,28.000582],[-105.295,27.999882],[-105.295262,27.999674],[-105.29527,28.000475],[-105.295295,28.000937],[-105.295239,28.001221],[-105.295349,28.001569],[-105.295386,28.001986],[-105.295395,28.002358],[-105.295386,28.002482],[-105.295403,28.002674]]]}},{"type":"Feature","properties":{"modulo":1,"idparcela":"************","productor":null,"cultivo":"Sin Cultivo","superficie_fisica_ha":null,"superficie_riego_ha":null,"hectareas":4.643},"geometry":{"type":"Polygon","coordinates":[[[-105.290359,28.002196],[-105.290381,28.001889],[-105.290434,28.001114],[-105.290587,28.000898],[-105.293499,28.000861],[-105.293545,28.001107],[-105.293491,28.00164],[-105.293383,28.001762],[-105.29311,28.00198],[-105.292811,28.002199],[-105.292719,28.002479],[-105.291708,28.002433],[-105.291365,28.002429],[-105.291134,28.002366],[-105.291054,28.002221],[-105.290975,28.002109],[-105.290872,28.002078],[-105.290747,28.002148],[-105.290608,28.002207],[-105.290507,28.002209],[-105.290359,28.002196]]]}},{"type":"Feature","properties":{"modulo":1,"idparcela":"************","productor":null,"cultivo":"Sin Cultivo","superficie_fisica_ha":null,"superficie_riego_ha":null,"hectareas":4.539},"geometry":{"type":"Polygon","coordinates":[[[-105.290496,28.003923],[-105.29055,28.003632],[-105.290549,28.003342],[-105.290548,28.002857],[-105.290356,28.002446],[-105.290355,28.002252],[-105.290359,28.002196],[-105.290507,28.002209],[-105.290608,28.002207],[-105.290747,28.002148],[-105.290872,28.002078],[-105.290975,28.002109],[-105.291054,28.002221],[-105.291134,28.002366],[-105.291365,28.002429],[-105.291708,28.002433],[-105.292719,28.002479],[-105.292675,28.002611],[-105.292758,28.002998],[-105.293141,28.003409],[-105.293305,28.003336],[-105.293304,28.003094],[-105.293358,28.002827],[-105.293549,28.002754],[-105.293714,28.003165],[-105.293715,28.003504],[-105.293497,28.003868],[-105.293279,28.003893],[-105.292652,28.003894],[-105.290496,28.003923]]]}},{"type":"Feature","properties":{"modulo":1,"idparcela":"************","productor":null,"cultivo":"Sin Cultivo","superficie_fisica_ha":null,"superficie_riego_ha":null,"hectareas":1.292},"geometry":{"type":"Polygon","coordinates":[[[-105.293359,27.999292],[-105.293622,27.999754],[-105.293514,28.00036],[-105.293515,28.000626],[-105.293461,28.000748],[-105.292659,28.000755],[-105.292575,28.00053],[-105.292553,28.00018],[-105.292658,27.999806],[-105.292843,27.999576],[-105.29316,27.999376],[-105.293231,27.999331],[-105.293359,27.999292]]]}},{"type":"Feature","properties":{"modulo":1,"idparcela":"************","productor":null,"cultivo":"Sin Cultivo","superficie_fisica_ha":null,"superficie_riego_ha":null,"hectareas":6.38},"geometry":{"type":"Polygon","coordinates":[[[-105.290492,27.99746],[-105.294297,27.997428],[-105.294707,27.997476],[-105.294571,27.997742],[-105.294381,27.997864],[-105.294109,27.998179],[-105.293838,27.998858],[-105.293729,27.999028],[-105.293429,27.999198],[-105.293359,27.999292],[-105.293231,27.999331],[-105.29316,27.999376],[-105.292771,27.999273],[-105.292095,27.999174],[-105.291674,27.999126],[-105.291189,27.999079],[-105.291068,27.998833],[-105.290854,27.998431],[-105.290507,27.998088],[-105.290506,27.997945],[-105.290492,27.99746]]]}},{"type":"Feature","properties":{"modulo":1,"idparcela":"************","productor":null,"cultivo":"Sin Cultivo","superficie_fisica_ha":null,"superficie_riego_ha":null,"hectareas":4.318},"geometry":{"type":"Polygon","coordinates":[[[-105.29316,27.999376],[-105.292843,27.999576],[-105.292658,27.999806],[-105.292553,28.00018],[-105.292575,28.00053],[-105.292659,28.000755],[-105.292543,28.000756],[-105.291792,28.000769],[-105.29136,28.000776],[-105.291114,28.000801],[-105.290841,28.000802],[-105.29061,28.000796],[-105.290514,28.00073],[-105.29051,27.999567],[-105.290507,27.998088],[-105.290854,27.998431],[-105.291068,27.998833],[-105.291189,27.999079],[-105.291674,27.999126],[-105.292095,27.999174],[-105.292771,27.999273],[-105.29316,27.999376]]]}},{"type":"Feature","properties":{"modulo":1,"idparcela":"448","productor":"GANDARA FERNANDEZ HECTOR J.","cultivo":"Alfalfa","superficie_fisica_ha":15.07,"superficie_riego_ha":11.25,"hectareas":9.055},"geometry":{"type":"Polygon","coordinates":[[[-105.299803,27.994959],[-105.299767,27.996111],[-105.299729,27.996532],[-105.297646,27.996493],[-105.297629,27.99743],[-105.297545,27.997273],[-105.297163,27.997104],[-105.296072,27.997252],[-105.295935,27.997107],[-105.295471,27.997059],[-105.295414,27.996405],[-105.295388,27.996412],[-105.295392,27.995309],[-105.295394,27.99491],[-105.299803,27.994959]]]}},{"type":"Feature","properties":{"modulo":1,"idparcela":"448","productor":"GANDARA FERNANDEZ HECTOR J.","cultivo":"Alfalfa","superficie_fisica_ha":15.07,"superficie_riego_ha":11.25,"hectareas":2.857},"geometry":{"type":"Polygon","coordinates":[[[-105.299729,27.996532],[-105.299701,27.997315],[-105.299386,27.997639],[-105.298584,27.998094],[-105.297846,27.997659],[-105.297737,27.997635],[-105.297629,27.99743],[-105.297646,27.996493],[-105.299729,27.996532]]]}},{"type":"Feature","properties":{"modulo":1,"idparcela":"442","productor":"CHAVEZ MARTINEZ MANUEL","cultivo":"Chile verde","superficie_fisica_ha":10.11,"superficie_riego_ha":10.11,"hectareas":3.914},"geometry":{"type":"Polygon","coordinates":[[[-105.292084,27.988438],[-105.292774,27.988444],[-105.293128,27.988443],[-105.29381,27.988418],[-105.294002,27.988538],[-105.293865,27.98866],[-105.293784,27.988781],[-105.293866,27.988999],[-105.294113,27.989265],[-105.29444,27.989385],[-105.294988,27.990086],[-105.295206,27.990158],[-105.295317,27.990092],[-105.295325,27.990299],[-105.293415,27.990285],[-105.292811,27.990283],[-105.292622,27.989751],[-105.292336,27.98915],[-105.292185,27.988828],[-105.292084,27.988438]]]}},{"type":"Feature","properties":{"modulo":1,"idparcela":"442","productor":"CHAVEZ MARTINEZ MANUEL","cultivo":"Chile verde","superficie_fisica_ha":10.11,"superficie_riego_ha":10.11,"hectareas":7.501},"geometry":{"type":"Polygon","coordinates":[[[-105.290406,27.990847],[-105.290423,27.988472],[-105.292084,27.988438],[-105.292185,27.988828],[-105.292336,27.98915],[-105.292622,27.989751],[-105.292811,27.990283],[-105.293415,27.990285],[-105.295325,27.990299],[-105.295348,27.990954],[-105.290407,27.990925],[-105.290406,27.990847]]]}},{"type":"Feature","properties":{"modulo":1,"idparcela":"441","productor":"LOPEZ FLORES RUBEN","cultivo":"Ma­z","superficie_fisica_ha":17.35,"superficie_riego_ha":16.81,"hectareas":1.709},"geometry":{"type":"Polygon","coordinates":[[[-105.299242,27.990912],[-105.300123,27.991551],[-105.300216,27.991984],[-105.300253,27.99281],[-105.299181,27.992838],[-105.299242,27.990912]]]}},{"type":"Feature","properties":{"modulo":1,"idparcela":"441","productor":"LOPEZ FLORES RUBEN","cultivo":"Ma­z","superficie_fisica_ha":17.35,"superficie_riego_ha":16.81,"hectareas":8.941},"geometry":{"type":"Polygon","coordinates":[[[-105.295317,27.990092],[-105.29537,27.990061],[-105.295451,27.989819],[-105.295532,27.98948],[-105.295394,27.989044],[-105.29542,27.988463],[-105.296921,27.988435],[-105.29796,27.98945],[-105.298507,27.989739],[-105.299163,27.990465],[-105.299246,27.990731],[-105.299193,27.990873],[-105.29895,27.990977],[-105.298605,27.991153],[-105.298335,27.991187],[-105.295922,27.991321],[-105.295361,27.991332],[-105.295348,27.990954],[-105.295325,27.990299],[-105.295317,27.990092]]]}},{"type":"Feature","properties":{"modulo":1,"idparcela":"441","productor":"LOPEZ FLORES RUBEN","cultivo":"Ma­z","superficie_fisica_ha":17.35,"superficie_riego_ha":16.81,"hectareas":6.682},"geometry":{"type":"Polygon","coordinates":[[[-105.299193,27.990873],[-105.299192,27.990876],[-105.299242,27.990912],[-105.299181,27.992838],[-105.29917,27.992838],[-105.295541,27.992821],[-105.295415,27.992823],[-105.295403,27.992505],[-105.295361,27.991332],[-105.295922,27.991321],[-105.298335,27.991187],[-105.298605,27.991153],[-105.29895,27.990977],[-105.299193,27.990873]]]}},{"type":"Feature","properties":{"modulo":1,"idparcela":"433","productor":"MARQUEZ MAYORGA NOEL","cultivo":"Alfalfa","superficie_fisica_ha":12.5,"superficie_riego_ha":11.04,"hectareas":10.183},"geometry":{"type":"Polygon","coordinates":[[[-105.282442,28.00061],[-105.282159,27.999292],[-105.281267,27.998299],[-105.282734,27.997627],[-105.283256,27.997471],[-105.283545,27.997299],[-105.283757,27.99711],[-105.284337,27.996955],[-105.284935,27.996507],[-105.285109,27.99637],[-105.285208,27.997467],[-105.284419,27.998653],[-105.2844,27.998927],[-105.284246,27.999271],[-105.284692,27.999613],[-105.28504,27.999698],[-105.285195,27.999869],[-105.285274,28.000418],[-105.285002,28.00051],[-105.282442,28.00061]]]}},{"type":"Feature","properties":{"modulo":1,"idparcela":"463","productor":"ESPARZA LICON LUIS C","cultivo":"Alfalfa","superficie_fisica_ha":10.7,"superficie_riego_ha":9.9,"hectareas":1.975},"geometry":{"type":"Polygon","coordinates":[[[-105.278982,27.998683],[-105.279683,27.998594],[-105.281054,27.998385],[-105.2816,27.998917],[-105.277925,27.999284],[-105.277819,27.998752],[-105.278098,27.998769],[-105.27865,27.998725],[-105.278982,27.998683]]]}},{"type":"Feature","properties":{"modulo":1,"idparcela":"410","productor":"GOMEZ RODARTE ERNESTO","cultivo":"Nogal (Nuez)","superficie_fisica_ha":25.32,"superficie_riego_ha":25.32,"hectareas":24.569},"geometry":{"type":"Polygon","coordinates":[[[-105.280184,27.979294],[-105.280213,27.974858],[-105.28174,27.974903],[-105.287068,27.977992],[-105.287369,27.978306],[-105.289048,27.979155],[-105.288911,27.979185],[-105.282045,27.979243],[-105.280961,27.979263],[-105.280748,27.979283],[-105.280184,27.979294]]]}},{"type":"Feature","properties":{"modulo":1,"idparcela":"413","productor":"GOMEZ RODARTE ERNESTO","cultivo":"Nogal (Nuez)","superficie_fisica_ha":23.81,"superficie_riego_ha":23.81,"hectareas":22.936},"geometry":{"type":"Polygon","coordinates":[[[-105.280176,27.983721],[-105.280169,27.98253],[-105.280145,27.979566],[-105.280161,27.979503],[-105.284894,27.979426],[-105.285121,27.979447],[-105.285127,27.97988],[-105.285076,27.98097],[-105.28511,27.983731],[-105.28502,27.983761],[-105.284227,27.983764],[-105.280176,27.983721]]]}},{"type":"Feature","properties":{"modulo":1,"idparcela":"417","productor":"BEJARANO HERNANDEZ LEOPOLDO A.","cultivo":"Sand­a","superficie_fisica_ha":8.05,"superficie_riego_ha":7.07,"hectareas":5.696},"geometry":{"type":"Polygon","coordinates":[[[-105.290033,27.98545],[-105.290079,27.986862],[-105.29008,27.986881],[-105.285623,27.986802],[-105.285659,27.986774],[-105.285876,27.986581],[-105.287013,27.985431],[-105.290033,27.98545]]]}},{"type":"Feature","properties":{"modulo":1,"idparcela":"418","productor":"CHAVERO MONTES FABIAN","cultivo":"Chile verde","superficie_fisica_ha":8,"superficie_riego_ha":8,"hectareas":8.423},"geometry":{"type":"Polygon","coordinates":[[[-105.29008,27.986881],[-105.290137,27.988218],[-105.290028,27.988315],[-105.287552,27.988261],[-105.283726,27.988279],[-105.285002,27.987347],[-105.285295,27.987134],[-105.285623,27.986802],[-105.29008,27.986881]]]}},{"type":"Feature","properties":{"modulo":1,"idparcela":"420","productor":"NU¥EZ CADENA RAMON","cultivo":"Alfalfa","superficie_fisica_ha":12.3,"superficie_riego_ha":10.86,"hectareas":10.486},"geometry":{"type":"Polygon","coordinates":[[[-105.280184,27.988318],[-105.280167,27.987307],[-105.280319,27.986648],[-105.280287,27.98609],[-105.28096,27.986144],[-105.281351,27.986136],[-105.283043,27.986205],[-105.283176,27.986087],[-105.285231,27.986116],[-105.285255,27.986927],[-105.284299,27.987651],[-105.283485,27.988287],[-105.280184,27.988318]]]}},{"type":"Feature","properties":{"modulo":1,"idparcela":"419","productor":"TERRAZAS NU¥EZ CARMEN ELENA","cultivo":"Nogal (Nuez)","superficie_fisica_ha":11.3,"superficie_riego_ha":11,"hectareas":11.848},"geometry":{"type":"Polygon","coordinates":[[[-105.283176,27.986087],[-105.283015,27.985987],[-105.282528,27.985999],[-105.28063,27.985962],[-105.280375,27.985967],[-105.280133,27.985922],[-105.280091,27.984056],[-105.280145,27.983838],[-105.285165,27.983924],[-105.285231,27.986116],[-105.283176,27.986087]]]}},{"type":"Feature","properties":{"modulo":1,"idparcela":"416","productor":"PAYAN NU¥EZ HALIL A.","cultivo":"Ma­z","superficie_fisica_ha":8,"superficie_riego_ha":8,"hectareas":8.671},"geometry":{"type":"Polygon","coordinates":[[[-105.290053,27.983829],[-105.290139,27.98516],[-105.290015,27.985278],[-105.288953,27.985276],[-105.286866,27.985273],[-105.286703,27.98546],[-105.286332,27.985771],[-105.286034,27.986176],[-105.285381,27.986783],[-105.28539,27.986569],[-105.285323,27.984006],[-105.285319,27.983843],[-105.290053,27.983829]]]}},{"type":"Feature","properties":{"modulo":1,"idparcela":"************","productor":null,"cultivo":"Sin Cultivo","superficie_fisica_ha":null,"superficie_riego_ha":null,"hectareas":15.319},"geometry":{"type":"Polygon","coordinates":[[[-105.285268,27.979431],[-105.287286,27.979378],[-105.289578,27.979422],[-105.28977,27.979639],[-105.289852,27.97993],[-105.289935,27.98022],[-105.290072,27.980632],[-105.290019,27.980971],[-105.290036,27.982402],[-105.28533,27.982455],[-105.285268,27.979431]]]}},{"type":"Feature","properties":{"modulo":1,"idparcela":"************","productor":null,"cultivo":"Sin Cultivo","superficie_fisica_ha":null,"superficie_riego_ha":null,"hectareas":7.208},"geometry":{"type":"Polygon","coordinates":[[[-105.290036,27.982402],[-105.290053,27.983829],[-105.285319,27.983843],[-105.28533,27.982455],[-105.290036,27.982402]]]}},{"type":"Feature","properties":{"modulo":1,"idparcela":"440","productor":"CHAVEZ MARTINEZ MANUEL","cultivo":"Sand­a","superficie_fisica_ha":9.95,"superficie_riego_ha":9.95,"hectareas":9.868},"geometry":{"type":"Polygon","coordinates":[[[-105.290496,27.988288],[-105.290574,27.986835],[-105.290574,27.986833],[-105.29061,27.986833],[-105.294043,27.986813],[-105.29633,27.986799],[-105.296906,27.98779],[-105.297044,27.988298],[-105.29688,27.988298],[-105.296252,27.988276],[-105.295789,27.988325],[-105.295414,27.988197],[-105.295203,27.988259],[-105.294861,27.988281],[-105.290496,27.988288]]]}},{"type":"Feature","properties":{"modulo":1,"idparcela":"438","productor":"LOPEZ GUERRERO RUBEN","cultivo":"Ma­z","superficie_fisica_ha":17.62,"superficie_riego_ha":17.62,"hectareas":12.98},"geometry":{"type":"Polygon","coordinates":[[[-105.290457,27.983784],[-105.290394,27.982906],[-105.290483,27.981381],[-105.2905,27.979837],[-105.29039,27.979401],[-105.290444,27.979328],[-105.290745,27.979521],[-105.291046,27.979787],[-105.291044,27.979182],[-105.291454,27.979326],[-105.291673,27.979543],[-105.291975,27.980415],[-105.29252,27.980244],[-105.294572,27.983775],[-105.290457,27.983784]]]}},{"type":"Feature","properties":{"modulo":1,"idparcela":"427","productor":"RAMOS MELENDEZ MIGUEL","cultivo":"Chile verde","superficie_fisica_ha":12.3,"superficie_riego_ha":11.1,"hectareas":4.843},"geometry":{"type":"Polygon","coordinates":[[[-105.281262,27.990575],[-105.280135,27.990642],[-105.280187,27.989596],[-105.280213,27.989068],[-105.280147,27.988675],[-105.280142,27.988448],[-105.280807,27.988435],[-105.281827,27.988452],[-105.283328,27.988446],[-105.283006,27.988833],[-105.282516,27.989422],[-105.281853,27.990058],[-105.281771,27.99001],[-105.281797,27.989816],[-105.281797,27.989598],[-105.281551,27.989526],[-105.281442,27.989477],[-105.281333,27.989599],[-105.281306,27.989841],[-105.281525,27.989986],[-105.281635,27.990179],[-105.281262,27.990575]]]}},{"type":"Feature","properties":{"modulo":1,"idparcela":"431","productor":"YA¥EZ ALVAREZ MARIO","cultivo":"Alfalfa","superficie_fisica_ha":17.15,"superficie_riego_ha":15.65,"hectareas":8.983},"geometry":{"type":"Polygon","coordinates":[[[-105.290039,27.996066],[-105.288106,27.995837],[-105.287591,27.995601],[-105.28704,27.995282],[-105.286918,27.995313],[-105.287041,27.995134],[-105.287125,27.994977],[-105.287163,27.994905],[-105.287257,27.994531],[-105.287345,27.99398],[-105.28735,27.993946],[-105.287368,27.992933],[-105.290063,27.992927],[-105.290118,27.993024],[-105.290134,27.993148],[-105.290129,27.993525],[-105.290094,27.993815],[-105.290116,27.994116],[-105.290039,27.996066]]]}},{"type":"Feature","properties":{"modulo":1,"idparcela":"432","productor":"SANTOS VALDEZ ROBERTO","cultivo":"Chile verde","superficie_fisica_ha":16,"superficie_riego_ha":14.2,"hectareas":13.077},"geometry":{"type":"Polygon","coordinates":[[[-105.286918,27.995313],[-105.286004,27.995478],[-105.28554,27.995528],[-105.285594,27.995358],[-105.285621,27.995019],[-105.285702,27.994607],[-105.285755,27.994219],[-105.285373,27.994002],[-105.285291,27.994269],[-105.28532,27.994656],[-105.285212,27.995213],[-105.28505,27.995674],[-105.284805,27.996159],[-105.28407,27.99679],[-105.283497,27.996888],[-105.283116,27.997228],[-105.282762,27.997349],[-105.281072,27.998055],[-105.280115,27.997355],[-105.280113,27.99658],[-105.280195,27.99658],[-105.280441,27.996579],[-105.28055,27.996749],[-105.280551,27.996967],[-105.280688,27.997208],[-105.280906,27.997208],[-105.281015,27.997062],[-105.281097,27.99699],[-105.281151,27.996844],[-105.28115,27.996529],[-105.281095,27.996312],[-105.280875,27.995852],[-105.280984,27.995658],[-105.281202,27.995706],[-105.281448,27.995875],[-105.281694,27.996044],[-105.28194,27.99614],[-105.282268,27.996212],[-105.282459,27.996357],[-105.28265,27.996454],[-105.282923,27.996405],[-105.283196,27.996259],[-105.283467,27.99558],[-105.28423,27.995191],[-105.284503,27.995191],[-105.284693,27.995021],[-105.28461,27.994706],[-105.284582,27.994343],[-105.284745,27.994004],[-105.284579,27.993253],[-105.284797,27.992938],[-105.287368,27.992933],[-105.28735,27.993946],[-105.287257,27.994531],[-105.287163,27.994905],[-105.287125,27.994977],[-105.287041,27.995134],[-105.286918,27.995313]]]}},{"type":"Feature","properties":{"modulo":1,"idparcela":"************","productor":null,"cultivo":"Sin Cultivo","superficie_fisica_ha":null,"superficie_riego_ha":null,"hectareas":2.592},"geometry":{"type":"Polygon","coordinates":[[[-105.278123,27.999906],[-105.277929,27.999296],[-105.277925,27.999284],[-105.2816,27.998917],[-105.281616,27.998916],[-105.28181,27.999121],[-105.281933,27.999502],[-105.278123,27.999906]]]}},{"type":"Feature","properties":{"modulo":1,"idparcela":"464","productor":"GONZALEZ ACEVEDO OSCAR NICOLAS","cultivo":"Alfalfa","superficie_fisica_ha":16.175,"superficie_riego_ha":10.1,"hectareas":2.64},"geometry":{"type":"Polygon","coordinates":[[[-105.278316,28.000512],[-105.278123,27.999906],[-105.281933,27.999502],[-105.282136,28.000131],[-105.278316,28.000512]]]}},{"type":"Feature","properties":{"modulo":1,"idparcela":"************","productor":null,"cultivo":"Sin Cultivo","superficie_fisica_ha":null,"superficie_riego_ha":null,"hectareas":2.251},"geometry":{"type":"Polygon","coordinates":[[[-105.278472,28.00106],[-105.278316,28.000512],[-105.282136,28.000131],[-105.282258,28.00051],[-105.282244,28.000643],[-105.278472,28.00106]]]}},{"type":"Feature","properties":{"modulo":1,"idparcela":"424","productor":"LOPEZ OLIVAS MARCOS ANTONIO","cultivo":"Ma­z","superficie_fisica_ha":2,"superficie_riego_ha":2,"hectareas":11.392},"geometry":{"type":"Polygon","coordinates":[[[-105.290095,27.992746],[-105.287746,27.992735],[-105.287659,27.988386],[-105.289955,27.988442],[-105.290138,27.988557],[-105.290145,27.991172],[-105.290095,27.992746]]]}},{"type":"Feature","properties":{"modulo":1,"idparcela":"426","productor":"SALAZAR SOTO ELADIO","cultivo":"Ma­z","superficie_fisica_ha":11.8,"superficie_riego_ha":11.8,"hectareas":11.632},"geometry":{"type":"Polygon","coordinates":[[[-105.287746,27.992735],[-105.285283,27.992724],[-105.28523,27.990641],[-105.285172,27.98841],[-105.287659,27.988386],[-105.287746,27.992735]]]}},{"type":"Feature","properties":{"modulo":1,"idparcela":"427","productor":"RAMOS MELENDEZ MIGUEL","cultivo":"Chile verde","superficie_fisica_ha":12.3,"superficie_riego_ha":11.1,"hectareas":6.239},"geometry":{"type":"Polygon","coordinates":[[[-105.281585,27.990596],[-105.281603,27.990463],[-105.282738,27.989486],[-105.283018,27.989007],[-105.283402,27.98861],[-105.283672,27.988425],[-105.285172,27.98841],[-105.28523,27.990641],[-105.283933,27.990635],[-105.282789,27.990608],[-105.282637,27.990604],[-105.281585,27.990596]]]}},{"type":"Feature","properties":{"modulo":1,"idparcela":"************","productor":null,"cultivo":"Sin Cultivo","superficie_fisica_ha":null,"superficie_riego_ha":null,"hectareas":5.579},"geometry":{"type":"Polygon","coordinates":[[[-105.285283,27.992724],[-105.282837,27.992713],[-105.282797,27.992713],[-105.282789,27.990608],[-105.283933,27.990635],[-105.28523,27.990641],[-105.285283,27.992724]]]}},{"type":"Feature","properties":{"modulo":1,"idparcela":"************","productor":null,"cultivo":"Sin Cultivo","superficie_fisica_ha":null,"superficie_riego_ha":null,"hectareas":2.571},"geometry":{"type":"Polygon","coordinates":[[[-105.282797,27.992713],[-105.281553,27.992715],[-105.281581,27.991329],[-105.281801,27.991369],[-105.282005,27.991215],[-105.282038,27.991008],[-105.281827,27.990874],[-105.281577,27.990657],[-105.281585,27.990596],[-105.282637,27.990604],[-105.282789,27.990608],[-105.282797,27.992713]]]}},{"type":"Feature","properties":{"modulo":1,"idparcela":"************","productor":null,"cultivo":"Sin Cultivo","superficie_fisica_ha":null,"superficie_riego_ha":null,"hectareas":1.818},"geometry":{"type":"Polygon","coordinates":[[[-105.281553,27.992715],[-105.281473,27.992715],[-105.280265,27.992695],[-105.280138,27.99271],[-105.280111,27.992512],[-105.280081,27.992476],[-105.281246,27.990955],[-105.28136,27.990849],[-105.281458,27.991123],[-105.281515,27.991317],[-105.281581,27.991329],[-105.281553,27.992715]]]}},{"type":"Feature","properties":{"modulo":1,"idparcela":"429","productor":"ARMENDARIZ HOLGUIN RAMON","cultivo":"Algod½n","superficie_fisica_ha":26.88,"superficie_riego_ha":26.88,"hectareas":14.639},"geometry":{"type":"Polygon","coordinates":[[[-105.275092,27.994952],[-105.275159,27.993379],[-105.275168,27.992723],[-105.280008,27.99283],[-105.280047,27.995597],[-105.278896,27.99628],[-105.278337,27.995764],[-105.277759,27.995522],[-105.277073,27.995403],[-105.27609,27.995102],[-105.275341,27.995012],[-105.275092,27.994952]]]}},{"type":"Feature","properties":{"modulo":1,"idparcela":"429","productor":"ARMENDARIZ HOLGUIN RAMON","cultivo":"Algod½n","superficie_fisica_ha":26.88,"superficie_riego_ha":26.88,"hectareas":13.845},"geometry":{"type":"Polygon","coordinates":[[[-105.274897,27.992707],[-105.27493,27.993384],[-105.27491,27.99497],[-105.274776,27.995053],[-105.274563,27.995054],[-105.272269,27.994122],[-105.270305,27.992935],[-105.270305,27.992798],[-105.27044,27.992523],[-105.270574,27.99218],[-105.2706,27.992017],[-105.270405,27.99169],[-105.270145,27.991505],[-105.269967,27.991358],[-105.274917,27.991382],[-105.274922,27.99249],[-105.274897,27.992707]]]}},{"type":"Feature","properties":{"modulo":1,"idparcela":"403","productor":"ARMENDARIZ HOLGUIN J. DE LA LUZ","cultivo":"Ma­z","superficie_fisica_ha":23.71,"superficie_riego_ha":23.71,"hectareas":23.783},"geometry":{"type":"Polygon","coordinates":[[[-105.269856,27.984815],[-105.269834,27.985765],[-105.26984,27.98659],[-105.269795,27.988407],[-105.26981,27.991347],[-105.2696,27.991384],[-105.269243,27.991375],[-105.269122,27.991308],[-105.268328,27.990674],[-105.263893,27.986909],[-105.26393,27.986583],[-105.269628,27.984839],[-105.269809,27.984775],[-105.269856,27.984815]]]}},{"type":"Feature","properties":{"modulo":1,"idparcela":"428","productor":"ALVAREZ RODRIGUEZ ALVARO","cultivo":"Alfalfa","superficie_fisica_ha":16.07,"superficie_riego_ha":16.07,"hectareas":16.028},"geometry":{"type":"Polygon","coordinates":[[[-105.269967,27.991358],[-105.269992,27.991303],[-105.270017,27.988701],[-105.269979,27.988422],[-105.274918,27.988329],[-105.274952,27.988328],[-105.274921,27.99133],[-105.274917,27.991382],[-105.269967,27.991358]]]}},{"type":"Feature","properties":{"modulo":1,"idparcela":"423","productor":"CAMPOS RAMIREZ NORMANDO","cultivo":"Ma­z","superficie_fisica_ha":23.64,"superficie_riego_ha":23.24,"hectareas":11.695},"geometry":{"type":"Polygon","coordinates":[[[-105.270015,27.986871],[-105.270024,27.986567],[-105.274583,27.98584],[-105.274888,27.985789],[-105.274933,27.988277],[-105.274918,27.988329],[-105.269979,27.988422],[-105.270003,27.987563],[-105.270015,27.986871]]]}},{"type":"Feature","properties":{"modulo":1,"idparcela":"423","productor":"CAMPOS RAMIREZ NORMANDO","cultivo":"Ma­z","superficie_fisica_ha":23.64,"superficie_riego_ha":23.24,"hectareas":9.783},"geometry":{"type":"Polygon","coordinates":[[[-105.270024,27.986567],[-105.270011,27.986099],[-105.269977,27.984799],[-105.27098,27.984459],[-105.27129,27.984554],[-105.271599,27.984544],[-105.271908,27.984491],[-105.272773,27.983913],[-105.275211,27.983936],[-105.274133,27.985431],[-105.274583,27.98584],[-105.270024,27.986567]]]}},{"type":"Feature","properties":{"modulo":1,"idparcela":"459","productor":"SANTOS GANDARA GUSTAVO","cultivo":"Chile verde","superficie_fisica_ha":9.34,"superficie_riego_ha":7.52,"hectareas":7.744},"geometry":{"type":"Polygon","coordinates":[[[-105.279906,27.983893],[-105.279935,27.986921],[-105.27926,27.987239],[-105.27897,27.987274],[-105.276399,27.987279],[-105.276408,27.987259],[-105.276514,27.987021],[-105.279189,27.983935],[-105.279281,27.983947],[-105.279358,27.983945],[-105.279678,27.983925],[-105.279906,27.983893]]]}},{"type":"Feature","properties":{"modulo":1,"idparcela":"422","productor":"SANTOS GANDARA GUSTAVO","cultivo":"Chile verde","superficie_fisica_ha":9.938,"superficie_riego_ha":7.51,"hectareas":8.498},"geometry":{"type":"Polygon","coordinates":[[[-105.276408,27.987259],[-105.275184,27.987242],[-105.275153,27.987242],[-105.275134,27.985304],[-105.275683,27.984692],[-105.275808,27.984576],[-105.276202,27.98409],[-105.276457,27.983936],[-105.27748,27.983929],[-105.279189,27.983935],[-105.276514,27.987021],[-105.276408,27.987259]]]}},{"type":"Feature","properties":{"modulo":1,"idparcela":"421","productor":"RANGEL DOMINGUEZ JAVIER","cultivo":"Alfalfa","superficie_fisica_ha":11.53,"superficie_riego_ha":11.53,"hectareas":13.628},"geometry":{"type":"Polygon","coordinates":[[[-105.279935,27.986921],[-105.280013,27.98698],[-105.28,27.989673],[-105.279711,27.989811],[-105.277989,27.98985],[-105.27787,27.989831],[-105.27593,27.989853],[-105.275884,27.989853],[-105.275252,27.989895],[-105.275145,27.98987],[-105.275179,27.989409],[-105.275182,27.988366],[-105.275173,27.98739],[-105.275184,27.987242],[-105.276408,27.987259],[-105.276399,27.987279],[-105.27897,27.987274],[-105.27926,27.987239],[-105.279935,27.986921]]]}},{"type":"Feature","properties":{"modulo":1,"idparcela":"416","productor":"PAYAN NU¥EZ HALIL A.","cultivo":"Ma­z","superficie_fisica_ha":8,"superficie_riego_ha":8,"hectareas":8.724},"geometry":{"type":"Polygon","coordinates":[[[-105.275952,27.979746],[-105.27608,27.97961],[-105.276379,27.97915],[-105.276575,27.979029],[-105.277168,27.978326],[-105.277316,27.97816],[-105.277494,27.977953],[-105.277902,27.977476],[-105.278909,27.976384],[-105.279589,27.975487],[-105.279997,27.975123],[-105.280003,27.977302],[-105.279566,27.977351],[-105.279485,27.977569],[-105.278969,27.978466],[-105.278752,27.978975],[-105.279954,27.97953],[-105.279957,27.979881],[-105.276704,27.97979],[-105.276379,27.979785],[-105.275952,27.979746]]]}},{"type":"Feature","properties":{"modulo":1,"idparcela":"415","productor":"TERRAZAS NU¥EZ CARMEN ELENA","cultivo":"Nogal (Nuez)","superficie_fisica_ha":23.05,"superficie_riego_ha":22.77,"hectareas":22.545},"geometry":{"type":"Polygon","coordinates":[[[-105.280008,27.983715],[-105.272971,27.983682],[-105.273116,27.983564],[-105.273742,27.982933],[-105.274504,27.981987],[-105.275075,27.98138],[-105.275451,27.980611],[-105.275952,27.979746],[-105.276379,27.979785],[-105.276704,27.97979],[-105.279957,27.979881],[-105.280008,27.983715]]]}},{"type":"Feature","properties":{"modulo":1,"idparcela":"430","productor":"ARMENDARIZ URBINA OSCAR","cultivo":"Chile verde","superficie_fisica_ha":15.49,"superficie_riego_ha":10.24,"hectareas":10.601},"geometry":{"type":"Polygon","coordinates":[[[-105.27787,27.989831],[-105.277869,27.989882],[-105.277989,27.98985],[-105.279735,27.989919],[-105.279763,27.990161],[-105.279519,27.990864],[-105.279383,27.990913],[-105.279192,27.990865],[-105.278919,27.990792],[-105.27881,27.990865],[-105.278592,27.990987],[-105.278429,27.991132],[-105.277938,27.991206],[-105.277964,27.991308],[-105.278086,27.991645],[-105.278294,27.992571],[-105.278056,27.992594],[-105.275253,27.992582],[-105.275123,27.992581],[-105.275165,27.991252],[-105.27517,27.990263],[-105.275145,27.98987],[-105.275252,27.989895],[-105.275511,27.989878],[-105.275884,27.989853],[-105.27593,27.989853],[-105.27787,27.989831]]]}},{"type":"Feature","properties":{"modulo":1,"idparcela":"343","productor":"LOPEZ VELARDE URRUTIA MAURO","cultivo":"Sin Cultivo","superficie_fisica_ha":11,"superficie_riego_ha":11,"hectareas":22.286},"geometry":{"type":"Polygon","coordinates":[[[-105.261946,27.980991],[-105.258976,27.98528],[-105.258806,27.985461],[-105.258783,27.985486],[-105.258648,27.985486],[-105.255238,27.982079],[-105.255012,27.981828],[-105.254724,27.981522],[-105.254695,27.981273],[-105.254663,27.980984],[-105.259719,27.980732],[-105.259774,27.979445],[-105.261204,27.97946],[-105.261185,27.979648],[-105.260722,27.979649],[-105.260683,27.979838],[-105.260723,27.980147],[-105.261013,27.980369],[-105.261458,27.98066],[-105.261946,27.980991]]]}},{"type":"Feature","properties":{"modulo":1,"idparcela":"************","productor":null,"cultivo":"Sin Cultivo","superficie_fisica_ha":null,"superficie_riego_ha":null,"hectareas":19.92},"geometry":{"type":"Polygon","coordinates":[[[-105.261946,27.980991],[-105.261981,27.980985],[-105.263395,27.982252],[-105.264828,27.983553],[-105.265471,27.984151],[-105.265674,27.984333],[-105.26596,27.985459],[-105.265974,27.985627],[-105.258861,27.985503],[-105.258806,27.985461],[-105.258976,27.98528],[-105.261946,27.980991]]]}},{"type":"Feature","properties":{"modulo":1,"idparcela":"390","productor":"BEJARANO MEDINA FRANCISCO","cultivo":"Alfalfa","superficie_fisica_ha":1.0815,"superficie_riego_ha":1.0815,"hectareas":15.82},"geometry":{"type":"Polygon","coordinates":[[[-105.275005,27.970376],[-105.275031,27.970377],[-105.279949,27.970384],[-105.279988,27.970453],[-105.279967,27.971467],[-105.279939,27.971562],[-105.278668,27.972581],[-105.277698,27.973216],[-105.27712,27.973601],[-105.275641,27.97447],[-105.27551,27.974516],[-105.275308,27.974598],[-105.275264,27.974701],[-105.275218,27.974759],[-105.275023,27.974742],[-105.27501,27.974026],[-105.275017,27.973886],[-105.275012,27.9737],[-105.274957,27.973626],[-105.274946,27.973508],[-105.274978,27.971813],[-105.275005,27.970376]]]}},{"type":"Feature","properties":{"modulo":1,"idparcela":"387","productor":"DURAN MUóOZ MIGUEL A.","cultivo":"Alfalfa","superficie_fisica_ha":8.05,"superficie_riego_ha":8.05,"hectareas":7.666},"geometry":{"type":"Polygon","coordinates":[[[-105.270078,27.971774],[-105.270036,27.970404],[-105.270327,27.970345],[-105.275005,27.970376],[-105.274978,27.971813],[-105.270078,27.971774]]]}},{"type":"Feature","properties":{"modulo":1,"idparcela":"392","productor":"PAYAN MELENDEZ JOSE GENARO","cultivo":"Alfalfa","superficie_fisica_ha":16.09,"superficie_riego_ha":15.9,"hectareas":15.184},"geometry":{"type":"Polygon","coordinates":[[[-105.274125,27.97483],[-105.270105,27.974786],[-105.269988,27.974683],[-105.270043,27.973245],[-105.270078,27.971774],[-105.274978,27.971813],[-105.274946,27.973508],[-105.274104,27.974242],[-105.273968,27.974415],[-105.273929,27.974502],[-105.273949,27.974571],[-105.273988,27.974623],[-105.274145,27.974727],[-105.274125,27.97483]]]}},{"type":"Feature","properties":{"modulo":1,"idparcela":"386","productor":"CARRASCO MARTINEZ CARLOS FCO.","cultivo":"Nogal (Nuez)","superficie_fisica_ha":8.12,"superficie_riego_ha":8.12,"hectareas":7.704},"geometry":{"type":"Polygon","coordinates":[[[-105.27495,27.968956],[-105.274979,27.970376],[-105.274864,27.970375],[-105.272942,27.970363],[-105.27103,27.97035],[-105.270327,27.970345],[-105.270036,27.970404],[-105.270054,27.970023],[-105.269995,27.969607],[-105.270018,27.968963],[-105.270154,27.968941],[-105.274442,27.968905],[-105.27495,27.968956]]]}},{"type":"Feature","properties":{"modulo":1,"idparcela":"383","productor":"SANTOS PORTILLO LAZARO","cultivo":"Alfalfa","superficie_fisica_ha":23.25,"superficie_riego_ha":23.25,"hectareas":8.332},"geometry":{"type":"Polygon","coordinates":[[[-105.279975,27.967885],[-105.280007,27.970176],[-105.279929,27.970228],[-105.277275,27.970234],[-105.277282,27.967501],[-105.277284,27.966923],[-105.277455,27.967041],[-105.277755,27.967268],[-105.278146,27.967339],[-105.279063,27.967502],[-105.279631,27.967575],[-105.279853,27.967626],[-105.279981,27.967707],[-105.279975,27.967885]]]}},{"type":"Feature","properties":{"modulo":1,"idparcela":"383","productor":"SANTOS PORTILLO LAZARO","cultivo":"Alfalfa","superficie_fisica_ha":23.25,"superficie_riego_ha":23.25,"hectareas":9.756},"geometry":{"type":"Polygon","coordinates":[[[-105.277275,27.970234],[-105.275187,27.970255],[-105.275089,27.970186],[-105.275102,27.96731],[-105.275039,27.966195],[-105.275044,27.96599],[-105.275042,27.965906],[-105.276198,27.965929],[-105.276345,27.965926],[-105.276571,27.966145],[-105.276757,27.96644],[-105.277032,27.9667],[-105.277284,27.966923],[-105.277275,27.970234]]]}},{"type":"Feature","properties":{"modulo":1,"idparcela":"385","productor":"LOPEZ FLORES RUBEN","cultivo":"Ma­z","superficie_fisica_ha":8.17,"superficie_riego_ha":8.17,"hectareas":8.065},"geometry":{"type":"Polygon","coordinates":[[[-105.274877,27.96731],[-105.274945,27.967328],[-105.274946,27.967467],[-105.274969,27.96876],[-105.274865,27.968809],[-105.273426,27.968782],[-105.272315,27.968788],[-105.271125,27.968825],[-105.27009,27.96881],[-105.270012,27.968654],[-105.270011,27.968481],[-105.269991,27.967961],[-105.270008,27.967287],[-105.274877,27.96731]]]}},{"type":"Feature","properties":{"modulo":1,"idparcela":"370","productor":"LIMAS ARMENDARIZ MARIO","cultivo":"Alfalfa","superficie_fisica_ha":29.1333,"superficie_riego_ha":29.1333,"hectareas":34.264},"geometry":{"type":"Polygon","coordinates":[[[-105.269966,27.965813],[-105.270039,27.963977],[-105.270051,27.960893],[-105.269931,27.959872],[-105.269951,27.95975],[-105.270048,27.959785],[-105.273919,27.962809],[-105.274173,27.962929],[-105.274272,27.963172],[-105.274487,27.963327],[-105.274838,27.963344],[-105.275111,27.963343],[-105.275267,27.963198],[-105.275305,27.963048],[-105.275226,27.962835],[-105.275148,27.962633],[-105.2753,27.962451],[-105.27544,27.962355],[-105.277357,27.964136],[-105.277983,27.964723],[-105.278003,27.964845],[-105.278084,27.964977],[-105.278235,27.965142],[-105.27845,27.965324],[-105.279978,27.96659],[-105.27998,27.967422],[-105.279902,27.967474],[-105.279707,27.96744],[-105.279356,27.967371],[-105.278594,27.967269],[-105.277813,27.967062],[-105.27754,27.96689],[-105.277051,27.966527],[-105.276718,27.965973],[-105.276627,27.965874],[-105.276593,27.965772],[-105.276486,27.965699],[-105.276349,27.965693],[-105.276249,27.965714],[-105.275058,27.965717],[-105.274961,27.965717],[-105.27484,27.965789],[-105.274473,27.96577],[-105.273263,27.96579],[-105.26997,27.965843],[-105.269966,27.965813]]]}},{"type":"Feature","properties":{"modulo":1,"idparcela":"384","productor":"CHAVERO MONTES FABIAN","cultivo":"Chile verde","superficie_fisica_ha":8.35,"superficie_riego_ha":8.35,"hectareas":7.324},"geometry":{"type":"Polygon","coordinates":[[[-105.274822,27.965901],[-105.274925,27.966878],[-105.274908,27.967214],[-105.274877,27.96731],[-105.270008,27.967287],[-105.269968,27.966853],[-105.269996,27.966474],[-105.269972,27.965943],[-105.273268,27.965914],[-105.274465,27.965899],[-105.274822,27.965901]]]}},{"type":"Feature","properties":{"modulo":1,"idparcela":"370","productor":"LIMAS ARMENDARIZ MARIO","cultivo":"Alfalfa","superficie_fisica_ha":29.1333,"superficie_riego_ha":29.1333,"hectareas":10.642},"geometry":{"type":"Polygon","coordinates":[[[-105.269989,27.959525],[-105.26991,27.959092],[-105.269947,27.958364],[-105.270103,27.958208],[-105.270278,27.958035],[-105.270434,27.95793],[-105.27057,27.957792],[-105.270805,27.957895],[-105.272878,27.959797],[-105.275088,27.961854],[-105.275225,27.962096],[-105.275225,27.962304],[-105.275089,27.962477],[-105.275011,27.962564],[-105.274739,27.962668],[-105.274329,27.962773],[-105.274075,27.962756],[-105.273919,27.962653],[-105.271944,27.961098],[-105.271221,27.960562],[-105.270458,27.959888],[-105.269989,27.959525]]]}},{"type":"Feature","properties":{"modulo":1,"idparcela":"409","productor":"FLORES VAZQUEZ ROBERTO","cultivo":"Alfalfa","superficie_fisica_ha":12.73,"superficie_riego_ha":11.82,"hectareas":12.405},"geometry":{"type":"Polygon","coordinates":[[[-105.280345,27.974665],[-105.281546,27.973475],[-105.282109,27.972876],[-105.282413,27.972586],[-105.28391,27.971772],[-105.284908,27.971327],[-105.285494,27.971017],[-105.28582,27.970997],[-105.285712,27.971248],[-105.285539,27.97148],[-105.285432,27.971962],[-105.285346,27.972502],[-105.28526,27.972638],[-105.285064,27.97258],[-105.284977,27.972677],[-105.285152,27.97285],[-105.285633,27.973987],[-105.285633,27.974161],[-105.285568,27.974373],[-105.285567,27.974799],[-105.280692,27.974744],[-105.280228,27.974754],[-105.280345,27.974665]]]}},{"type":"Feature","properties":{"modulo":1,"idparcela":"388","productor":"BURROLA MELENDEZ JORGE I.","cultivo":"Otros Cultivos Varios","superficie_fisica_ha":17.08,"superficie_riego_ha":15.09,"hectareas":5.207},"geometry":{"type":"Polygon","coordinates":[[[-105.28028,27.967599],[-105.28027,27.967247],[-105.280278,27.966949],[-105.280334,27.966758],[-105.280442,27.966937],[-105.280529,27.967014],[-105.280725,27.967187],[-105.281422,27.967842],[-105.282337,27.968496],[-105.283599,27.969053],[-105.284382,27.969398],[-105.285166,27.970053],[-105.285166,27.970246],[-105.285058,27.970207],[-105.284035,27.969592],[-105.283883,27.969592],[-105.282701,27.970099],[-105.282366,27.970114],[-105.282319,27.970116],[-105.281896,27.969876],[-105.28028,27.967599]]]}},{"type":"Feature","properties":{"modulo":1,"idparcela":"388","productor":"BURROLA MELENDEZ JORGE I.","cultivo":"Otros Cultivos Varios","superficie_fisica_ha":17.08,"superficie_riego_ha":15.09,"hectareas":12.327},"geometry":{"type":"Polygon","coordinates":[[[-105.280163,27.971412],[-105.280169,27.970468],[-105.280205,27.967709],[-105.281841,27.970002],[-105.282406,27.970251],[-105.282637,27.970248],[-105.282949,27.970115],[-105.283362,27.96996],[-105.28397,27.969708],[-105.285145,27.970419],[-105.285471,27.970666],[-105.284043,27.971434],[-105.283519,27.971715],[-105.282368,27.972277],[-105.281956,27.972606],[-105.281602,27.973021],[-105.280376,27.97165],[-105.280163,27.971412]]]}},{"type":"Feature","properties":{"modulo":1,"idparcela":"389","productor":"MARQUEZ CHACON GERARDO","cultivo":"Alfalfa","superficie_fisica_ha":9.7,"superficie_riego_ha":9.7,"hectareas":9.849},"geometry":{"type":"Polygon","coordinates":[[[-105.275507,27.974837],[-105.275564,27.974751],[-105.27576,27.974617],[-105.276338,27.974241],[-105.277243,27.973734],[-105.278372,27.973057],[-105.279131,27.972419],[-105.280041,27.971684],[-105.280163,27.971412],[-105.281602,27.973021],[-105.281545,27.973089],[-105.279962,27.974771],[-105.278876,27.974773],[-105.278789,27.974754],[-105.278745,27.974619],[-105.278657,27.97433],[-105.278527,27.974195],[-105.278397,27.97433],[-105.278094,27.974832],[-105.275507,27.974837]]]}},{"type":"Feature","properties":{"modulo":1,"idparcela":"399","productor":"TERRAZAS NU¥EZ CARMEN ELENA","cultivo":"Nogal (Nuez)","superficie_fisica_ha":32.06,"superficie_riego_ha":32.06,"hectareas":29.714},"geometry":{"type":"Polygon","coordinates":[[[-105.260063,27.975046],[-105.262082,27.975021],[-105.264693,27.975046],[-105.264709,27.97526],[-105.264735,27.975437],[-105.264375,27.975525],[-105.264102,27.975671],[-105.264103,27.975792],[-105.264321,27.975985],[-105.264567,27.975985],[-105.26473,27.975888],[-105.264771,27.976452],[-105.264818,27.978454],[-105.26483,27.983225],[-105.264721,27.983249],[-105.261877,27.980688],[-105.262013,27.980227],[-105.262273,27.979875],[-105.26242,27.979573],[-105.262202,27.979404],[-105.260101,27.979384],[-105.260185,27.977365],[-105.260063,27.975046]]]}},{"type":"Feature","properties":{"modulo":1,"idparcela":"400","productor":"CARRASCO MATA LUIS RAUL","cultivo":"Alfalfa","superficie_fisica_ha":21.51,"superficie_riego_ha":21.27,"hectareas":17.607},"geometry":{"type":"Polygon","coordinates":[[[-105.269977,27.979607],[-105.270086,27.979461],[-105.272542,27.979505],[-105.272597,27.979674],[-105.272543,27.980037],[-105.272489,27.980304],[-105.272463,27.980788],[-105.272491,27.98103],[-105.272682,27.981054],[-105.272982,27.981054],[-105.273255,27.981053],[-105.273555,27.980956],[-105.273854,27.980786],[-105.274072,27.98064],[-105.274262,27.980325],[-105.27418,27.980131],[-105.274016,27.979986],[-105.274261,27.979937],[-105.274453,27.980009],[-105.274399,27.980228],[-105.274672,27.980396],[-105.27489,27.980493],[-105.275055,27.980928],[-105.275001,27.981171],[-105.274593,27.981583],[-105.274103,27.981923],[-105.273749,27.982457],[-105.273233,27.983136],[-105.272716,27.983645],[-105.272252,27.98384],[-105.271789,27.984107],[-105.271516,27.984059],[-105.271243,27.98406],[-105.270589,27.984376],[-105.26999,27.984498],[-105.269961,27.984038],[-105.269977,27.979607]]]}},{"type":"Feature","properties":{"modulo":1,"idparcela":"404","productor":"PRIETO HERNANDEZ RAMON","cultivo":"Nogal (Nuez)","superficie_fisica_ha":14.06,"superficie_riego_ha":14.06,"hectareas":13.163},"geometry":{"type":"Polygon","coordinates":[[[-105.27785,27.975014],[-105.277687,27.975329],[-105.277606,27.975523],[-105.277524,27.975741],[-105.277579,27.975814],[-105.277743,27.975886],[-105.277525,27.976129],[-105.277444,27.976468],[-105.277772,27.976395],[-105.277935,27.976176],[-105.278016,27.975886],[-105.278206,27.975595],[-105.278559,27.975037],[-105.279868,27.974913],[-105.277873,27.977268],[-105.276758,27.978415],[-105.276148,27.979038],[-105.275734,27.979789],[-105.275245,27.980589],[-105.275081,27.980541],[-105.275054,27.98042],[-105.27502,27.977998],[-105.275102,27.977732],[-105.27515,27.975141],[-105.275367,27.974995],[-105.27785,27.975014]]]}},{"type":"Feature","properties":{"modulo":1,"idparcela":"393","productor":"ALVAREZ RUEDA JOSE","cultivo":"Ma­z","superficie_fisica_ha":11.71,"superficie_riego_ha":11.71,"hectareas":11.472},"geometry":{"type":"Polygon","coordinates":[[[-105.27223,27.975037],[-105.27491,27.975071],[-105.27493,27.977656],[-105.274068,27.979158],[-105.273931,27.979275],[-105.272241,27.979252],[-105.27223,27.975037]]]}},{"type":"Feature","properties":{"modulo":1,"idparcela":"394","productor":"ALVAREZ SAENZ CARLOS","cultivo":"Alfalfa","superficie_fisica_ha":10.17,"superficie_riego_ha":10.17,"hectareas":10.223},"geometry":{"type":"Polygon","coordinates":[[[-105.269993,27.97503],[-105.27223,27.975037],[-105.272241,27.979252],[-105.270086,27.979243],[-105.270003,27.979122],[-105.269993,27.97503]]]}},{"type":"Feature","properties":{"modulo":1,"idparcela":"404","productor":"PRIETO HERNANDEZ RAMON","cultivo":"Nogal (Nuez)","superficie_fisica_ha":14.06,"superficie_riego_ha":14.06,"hectareas":17.92},"geometry":{"type":"Polygon","coordinates":[[[-105.264927,27.983009],[-105.264957,27.979447],[-105.266496,27.979436],[-105.268313,27.979489],[-105.269733,27.979946],[-105.269709,27.982964],[-105.264927,27.983009]]]}},{"type":"Feature","properties":{"modulo":1,"idparcela":"402","productor":"ECHANIZ CHAVEZ MARTIN","cultivo":"Nogal (Nuez)","superficie_fisica_ha":9.54,"superficie_riego_ha":9.54,"hectareas":9.528},"geometry":{"type":"Polygon","coordinates":[[[-105.26969,27.984571],[-105.267945,27.985059],[-105.266282,27.985571],[-105.266145,27.985523],[-105.265787,27.984216],[-105.264935,27.983351],[-105.264927,27.983009],[-105.269709,27.982964],[-105.26969,27.984571]]]}},{"type":"Feature","properties":{"modulo":1,"idparcela":"************","productor":null,"cultivo":"Sin Cultivo","superficie_fisica_ha":null,"superficie_riego_ha":null,"hectareas":11.262},"geometry":{"type":"Polygon","coordinates":[[[-105.264919,27.97504],[-105.267265,27.975035],[-105.267346,27.975037],[-105.267331,27.979333],[-105.265066,27.979301],[-105.264929,27.979181],[-105.264893,27.975572],[-105.264919,27.97504]]]}},{"type":"Feature","properties":{"modulo":1,"idparcela":"395","productor":"BURROLA FLORES CARLOS","cultivo":"Nogal (Nuez)","superficie_fisica_ha":12,"superficie_riego_ha":11.25,"hectareas":11.474},"geometry":{"type":"Polygon","coordinates":[[[-105.267346,27.975037],[-105.269639,27.975079],[-105.269639,27.975224],[-105.269531,27.975539],[-105.2695,27.97571],[-105.26954,27.975907],[-105.269648,27.976029],[-105.269914,27.976095],[-105.269916,27.976822],[-105.269813,27.979292],[-105.269595,27.979365],[-105.267331,27.979333],[-105.267346,27.975037]]]}},{"type":"Feature","properties":{"modulo":1,"idparcela":"355","productor":"FINO GARCIA TORIBIO","cultivo":"Sin Cultivo","superficie_fisica_ha":4.5,"superficie_riego_ha":4.5,"hectareas":4.643},"geometry":{"type":"Polygon","coordinates":[[[-105.253518,27.98408],[-105.253504,27.984066],[-105.252192,27.982654],[-105.252148,27.982606],[-105.253942,27.981471],[-105.254426,27.981556],[-105.255326,27.982421],[-105.253518,27.98408]]]}},{"type":"Feature","properties":{"modulo":1,"idparcela":"356","productor":"PORTILLO SANTOS REYNALDO","cultivo":"Ma­z","superficie_fisica_ha":4.3653,"superficie_riego_ha":4.3653,"hectareas":4.672},"geometry":{"type":"Polygon","coordinates":[[[-105.252076,27.985404],[-105.250449,27.983707],[-105.252148,27.982606],[-105.252192,27.982654],[-105.253518,27.98408],[-105.252646,27.984881],[-105.252076,27.985404]]]}},{"type":"Feature","properties":{"modulo":1,"idparcela":"357","productor":"APODACA AGUILERA JAVIER","cultivo":"Alfalfa","superficie_fisica_ha":4.4098,"superficie_riego_ha":4.4098,"hectareas":4.621},"geometry":{"type":"Polygon","coordinates":[[[-105.250838,27.98654],[-105.250735,27.986434],[-105.248963,27.984654],[-105.250449,27.983707],[-105.252076,27.985404],[-105.250838,27.98654]]]}},{"type":"Feature","properties":{"modulo":1,"idparcela":"358","productor":"CHAVEZ BEJARANO RAMONA","cultivo":"Nogal (Nuez)","superficie_fisica_ha":4.4532,"superficie_riego_ha":4.4532,"hectareas":4.446},"geometry":{"type":"Polygon","coordinates":[[[-105.249725,27.987561],[-105.249464,27.987277],[-105.247728,27.985445],[-105.248963,27.984654],[-105.250735,27.986434],[-105.250838,27.98654],[-105.250751,27.98662],[-105.249725,27.987561]]]}},{"type":"Feature","properties":{"modulo":1,"idparcela":"359","productor":"FINO MENA AMBROSIO","cultivo":"Sin Cultivo","superficie_fisica_ha":4.5,"superficie_riego_ha":4.5,"hectareas":4.483},"geometry":{"type":"Polygon","coordinates":[[[-105.248742,27.988462],[-105.248294,27.988],[-105.246531,27.986202],[-105.247728,27.985445],[-105.249464,27.987277],[-105.249725,27.987561],[-105.248742,27.988462]]]}},{"type":"Feature","properties":{"modulo":1,"idparcela":"360","productor":"ALONSO L. VICTOR M.","cultivo":"Alfalfa","superficie_fisica_ha":4.5,"superficie_riego_ha":4.5,"hectareas":4.863},"geometry":{"type":"Polygon","coordinates":[[[-105.247691,27.989427],[-105.245412,27.986925],[-105.246531,27.986202],[-105.248294,27.988],[-105.248742,27.988462],[-105.247691,27.989427]]]}},{"type":"Feature","properties":{"modulo":1,"idparcela":"361","productor":"NAVA BEJARANO RAFAEL","cultivo":"Alfalfa","superficie_fisica_ha":3.3513,"superficie_riego_ha":3.3513,"hectareas":4.194},"geometry":{"type":"Polygon","coordinates":[[[-105.246911,27.990142],[-105.246695,27.990062],[-105.246609,27.989962],[-105.244517,27.987524],[-105.245412,27.986925],[-105.247691,27.989427],[-105.247446,27.989652],[-105.247159,27.989915],[-105.246911,27.990142]]]}},{"type":"Feature","properties":{"modulo":1,"idparcela":"363","productor":"GARCIA ZAPIEN RAMON","cultivo":"Alfalfa","superficie_fisica_ha":4.5,"superficie_riego_ha":4.5,"hectareas":4.396},"geometry":{"type":"Polygon","coordinates":[[[-105.246695,27.990062],[-105.246456,27.990044],[-105.245749,27.990104],[-105.245072,27.990442],[-105.243715,27.988866],[-105.244061,27.987802],[-105.244517,27.987524],[-105.246609,27.989962],[-105.246695,27.990062]]]}},{"type":"Feature","properties":{"modulo":1,"idparcela":"365","productor":"MARQUEZ QUINTANA ANICETO","cultivo":"Alfalfa","superficie_fisica_ha":4.5,"superficie_riego_ha":4.5,"hectareas":3.423},"geometry":{"type":"Polygon","coordinates":[[[-105.245072,27.990442],[-105.24347,27.991423],[-105.242578,27.990241],[-105.2436,27.989106],[-105.243715,27.988866],[-105.245072,27.990442]]]}},{"type":"Feature","properties":{"modulo":1,"idparcela":"366","productor":"DOMINGUEZ URIBE PEDRO","cultivo":"Nogal (Nuez)","superficie_fisica_ha":3.9689,"superficie_riego_ha":3.9689,"hectareas":2.241},"geometry":{"type":"Polygon","coordinates":[[[-105.24347,27.991423],[-105.242157,27.992214],[-105.241401,27.991306],[-105.242578,27.990241],[-105.24347,27.991423]]]}},{"type":"Feature","properties":{"modulo":1,"idparcela":"************","productor":null,"cultivo":"Sin Cultivo","superficie_fisica_ha":null,"superficie_riego_ha":null,"hectareas":3.09},"geometry":{"type":"Polygon","coordinates":[[[-105.239506,27.992275],[-105.239529,27.992324],[-105.240221,27.993184],[-105.239313,27.993568],[-105.238547,27.993807],[-105.237406,27.993989],[-105.237011,27.994024],[-105.236807,27.994042],[-105.236768,27.994042],[-105.236628,27.993981],[-105.236584,27.993848],[-105.236649,27.993756],[-105.237865,27.993102],[-105.239506,27.992275]]]}},{"type":"Feature","properties":{"modulo":1,"idparcela":"344","productor":"PARCELA ESCOLAR FELIPE ANGELE","cultivo":"Sin Cultivo","superficie_fisica_ha":4.5,"superficie_riego_ha":4.5,"hectareas":4.38},"geometry":{"type":"Polygon","coordinates":[[[-105.239925,27.988226],[-105.241068,27.989567],[-105.241088,27.989591],[-105.240163,27.990129],[-105.23921,27.990684],[-105.23908,27.990677],[-105.238853,27.990662],[-105.237996,27.990488],[-105.237823,27.990386],[-105.237828,27.990242],[-105.238922,27.989098],[-105.239925,27.988226]]]}},{"type":"Feature","properties":{"modulo":1,"idparcela":"342","productor":"PEREA LOZOYA LIBRADO","cultivo":"Alfalfa","superficie_fisica_ha":3.2825,"superficie_riego_ha":3.2825,"hectareas":2.522},"geometry":{"type":"Polygon","coordinates":[[[-105.2352,27.992775],[-105.234214,27.994049],[-105.233346,27.99367],[-105.232919,27.993175],[-105.233025,27.993096],[-105.233323,27.992966],[-105.23365,27.992672],[-105.233881,27.992409],[-105.234014,27.992138],[-105.234053,27.991974],[-105.2352,27.992775]]]}},{"type":"Feature","properties":{"modulo":1,"idparcela":"341","productor":"CORONADO ORTEGA JOSE RAFAEL","cultivo":"Sin Cultivo","superficie_fisica_ha":6.135,"superficie_riego_ha":6.135,"hectareas":6.322},"geometry":{"type":"Polygon","coordinates":[[[-105.237186,27.990696],[-105.237165,27.99072],[-105.236164,27.991813],[-105.23547,27.992517],[-105.235256,27.992657],[-105.234232,27.991919],[-105.234087,27.991829],[-105.233999,27.991618],[-105.234107,27.991356],[-105.234474,27.990636],[-105.234722,27.990122],[-105.235034,27.989273],[-105.235153,27.989138],[-105.235155,27.989154],[-105.235565,27.989465],[-105.237186,27.990696]]]}},{"type":"Feature","properties":{"modulo":1,"idparcela":"340","productor":"SANTOS GANDARA GUSTAVO","cultivo":"Alfalfa","superficie_fisica_ha":5.76,"superficie_riego_ha":5.76,"hectareas":7.467},"geometry":{"type":"Polygon","coordinates":[[[-105.235565,27.989465],[-105.238319,27.987126],[-105.23884,27.986816],[-105.238879,27.986833],[-105.239208,27.987107],[-105.239396,27.986993],[-105.239325,27.987186],[-105.239354,27.988325],[-105.238189,27.989574],[-105.237244,27.990696],[-105.237165,27.99072],[-105.237186,27.990696],[-105.235565,27.989465]]]}},{"type":"Feature","properties":{"modulo":1,"idparcela":"339","productor":"TALAMANTES ALMANZA MANUEL","cultivo":"Alfalfa","superficie_fisica_ha":3.75,"superficie_riego_ha":3.75,"hectareas":4.4},"geometry":{"type":"Polygon","coordinates":[[[-105.235155,27.989154],[-105.235153,27.989138],[-105.235459,27.987628],[-105.236057,27.986786],[-105.236849,27.986802],[-105.237023,27.986939],[-105.237314,27.987025],[-105.237681,27.986972],[-105.237951,27.986972],[-105.238242,27.987126],[-105.235565,27.989465],[-105.235155,27.989154]]]}},{"type":"Feature","properties":{"modulo":1,"idparcela":"345","productor":"MARQUEZ DE LA ROSA HORACIO","cultivo":"Alfalfa","superficie_fisica_ha":4.3945,"superficie_riego_ha":4.3945,"hectareas":4.21},"geometry":{"type":"Polygon","coordinates":[[[-105.239925,27.988226],[-105.239945,27.988169],[-105.241256,27.986829],[-105.24127,27.986845],[-105.242689,27.988552],[-105.24271,27.988576],[-105.241108,27.989557],[-105.241068,27.989567],[-105.239925,27.988226]]]}},{"type":"Feature","properties":{"modulo":1,"idparcela":"366","productor":"DOMINGUEZ URIBE PEDRO","cultivo":"Nogal (Nuez)","superficie_fisica_ha":3.9689,"superficie_riego_ha":3.9689,"hectareas":2.116},"geometry":{"type":"Polygon","coordinates":[[[-105.240426,27.990152],[-105.241813,27.989249],[-105.242459,27.990086],[-105.241325,27.991139],[-105.240739,27.990596],[-105.240426,27.990152]]]}},{"type":"Feature","properties":{"modulo":1,"idparcela":"346","productor":"MENDEZ MEJIA ALBERTO","cultivo":"Alfalfa","superficie_fisica_ha":4.1499,"superficie_riego_ha":4.1499,"hectareas":4.017},"geometry":{"type":"Polygon","coordinates":[[[-105.241256,27.986829],[-105.242394,27.985798],[-105.24387,27.987531],[-105.243925,27.987596],[-105.24394,27.987637],[-105.243984,27.987751],[-105.242748,27.988542],[-105.242689,27.988552],[-105.241256,27.986829]]]}},{"type":"Feature","properties":{"modulo":1,"idparcela":"347","productor":"CARRERA ONTIVEROS JESUS","cultivo":"Sin Cultivo","superficie_fisica_ha":4.5,"superficie_riego_ha":3.5,"hectareas":4.418},"geometry":{"type":"Polygon","coordinates":[[[-105.242394,27.985798],[-105.242433,27.985746],[-105.243571,27.984732],[-105.243596,27.984764],[-105.245277,27.986873],[-105.245254,27.986889],[-105.243984,27.987751],[-105.243978,27.987744],[-105.243925,27.987596],[-105.242394,27.985798]]]}},{"type":"Feature","properties":{"modulo":1,"idparcela":"348","productor":"NAVA BEJARANO RAFAEL","cultivo":"Alfalfa","superficie_fisica_ha":4.5,"superficie_riego_ha":4.5,"hectareas":4.426},"geometry":{"type":"Polygon","coordinates":[[[-105.243596,27.984764],[-105.243629,27.984715],[-105.244806,27.983889],[-105.246517,27.986013],[-105.245277,27.986873],[-105.243596,27.984764]]]}},{"type":"Feature","properties":{"modulo":1,"idparcela":"349","productor":"CHAVEZ FLORES PAUL E","cultivo":"Alfalfa","superficie_fisica_ha":4.5,"superficie_riego_ha":4.5,"hectareas":4.372},"geometry":{"type":"Polygon","coordinates":[[[-105.246095,27.983183],[-105.246099,27.983183],[-105.246245,27.983364],[-105.247766,27.985239],[-105.246589,27.986013],[-105.246517,27.986013],[-105.244806,27.983889],[-105.245804,27.983197],[-105.246095,27.983183]]]}},{"type":"Feature","properties":{"modulo":1,"idparcela":"350","productor":"APODACA AGUILERA GERONIMO","cultivo":"Alfalfa","superficie_fisica_ha":4.1689,"superficie_riego_ha":4.1689,"hectareas":4.34},"geometry":{"type":"Polygon","coordinates":[[[-105.247766,27.985239],[-105.246245,27.983364],[-105.246099,27.983183],[-105.246095,27.983183],[-105.246138,27.983046],[-105.247393,27.982409],[-105.247418,27.98244],[-105.24904,27.984441],[-105.247766,27.985239]]]}},{"type":"Feature","properties":{"modulo":1,"idparcela":"351","productor":"AVALOS GOMEZ RAMON","cultivo":"Nogal (Nuez)","superficie_fisica_ha":4.3662,"superficie_riego_ha":4.3662,"hectareas":4.414},"geometry":{"type":"Polygon","coordinates":[[[-105.247418,27.98244],[-105.248802,27.981652],[-105.248804,27.981654],[-105.250382,27.983587],[-105.25041,27.983622],[-105.249117,27.984447],[-105.24904,27.984441],[-105.247418,27.98244]]]}},{"type":"Feature","properties":{"modulo":1,"idparcela":"352","productor":"CHAVEZ BEJARANO MANUEL RAMON","cultivo":"Alfalfa","superficie_fisica_ha":4.3142,"superficie_riego_ha":4.3142,"hectareas":4.69},"geometry":{"type":"Polygon","coordinates":[[[-105.248802,27.981652],[-105.248821,27.981617],[-105.249169,27.981497],[-105.249479,27.981361],[-105.24965,27.981291],[-105.24977,27.981346],[-105.251062,27.98127],[-105.252047,27.982476],[-105.25207,27.982504],[-105.250449,27.983587],[-105.250382,27.983587],[-105.248802,27.981652]]]}},{"type":"Feature","properties":{"modulo":1,"idparcela":"353","productor":"BERZOSA PADILLA ISIDRO","cultivo":"Alfalfa","superficie_fisica_ha":3.5458,"superficie_riego_ha":3.5458,"hectareas":2.559},"geometry":{"type":"Polygon","coordinates":[[[-105.251062,27.98127],[-105.251081,27.981253],[-105.254463,27.981041],[-105.25452,27.981319],[-105.254522,27.981453],[-105.25402,27.981385],[-105.253913,27.981362],[-105.253711,27.981506],[-105.252167,27.982435],[-105.25207,27.982504],[-105.252047,27.982476],[-105.251062,27.98127]]]}},{"type":"Feature","properties":{"modulo":1,"idparcela":"316","productor":"LICON GARCIA RAUL","cultivo":"Sand­a","superficie_fisica_ha":26.2,"superficie_riego_ha":26.2,"hectareas":30.889},"geometry":{"type":"Polygon","coordinates":[[[-105.254617,27.980698],[-105.254482,27.980801],[-105.249922,27.981152],[-105.249822,27.98105],[-105.249811,27.975131],[-105.249849,27.975028],[-105.254455,27.975121],[-105.254683,27.975366],[-105.254617,27.980698]]]}},{"type":"Feature","properties":{"modulo":1,"idparcela":"317","productor":"MARTINEZ CHAVEZ ISRAEL","cultivo":"Nogal (Nuez)","superficie_fisica_ha":23.18,"superficie_riego_ha":19.41,"hectareas":15.738},"geometry":{"type":"Polygon","coordinates":[[[-105.248201,27.981621],[-105.246312,27.978043],[-105.246291,27.978004],[-105.247418,27.976901],[-105.247474,27.976804],[-105.248516,27.974991],[-105.249205,27.97499],[-105.24964,27.975],[-105.249633,27.981104],[-105.248971,27.981314],[-105.248236,27.981603],[-105.248201,27.981621]]]}},{"type":"Feature","properties":{"modulo":1,"idparcela":"318","productor":"CHAVERO MONTES FABIAN","cultivo":"Chile verde","superficie_fisica_ha":7.72,"superficie_riego_ha":7.65,"hectareas":8.202},"geometry":{"type":"Polygon","coordinates":[[[-105.244579,27.976393],[-105.244516,27.976394],[-105.239665,27.976542],[-105.239676,27.976302],[-105.239594,27.9753],[-105.239673,27.974931],[-105.244453,27.974913],[-105.244493,27.975096],[-105.244513,27.975389],[-105.244539,27.975795],[-105.244542,27.975837],[-105.244548,27.975933],[-105.244567,27.976209],[-105.244576,27.976356],[-105.244579,27.976393]]]}},{"type":"Feature","properties":{"modulo":1,"idparcela":"319","productor":"ARMENDARIZ GUERRERO ARMANDO","cultivo":"Alfalfa","superficie_fisica_ha":7.69,"superficie_riego_ha":7.61,"hectareas":7.424},"geometry":{"type":"Polygon","coordinates":[[[-105.244516,27.976394],[-105.244524,27.976482],[-105.244637,27.977836],[-105.244585,27.977836],[-105.239626,27.977869],[-105.239639,27.977767],[-105.23963,27.976682],[-105.239665,27.976542],[-105.244516,27.976394]]]}},{"type":"Feature","properties":{"modulo":1,"idparcela":"************","productor":null,"cultivo":"Sin Cultivo","superficie_fisica_ha":null,"superficie_riego_ha":null,"hectareas":7.619},"geometry":{"type":"Polygon","coordinates":[[[-105.244585,27.977836],[-105.244599,27.977888],[-105.244643,27.978049],[-105.244665,27.978129],[-105.244749,27.978545],[-105.244775,27.978692],[-105.244805,27.978863],[-105.244705,27.979015],[-105.244657,27.979088],[-105.24461,27.97916],[-105.244519,27.979298],[-105.243263,27.979281],[-105.243233,27.979246],[-105.242932,27.979233],[-105.239608,27.979223],[-105.239585,27.977902],[-105.244585,27.977836]]]}},{"type":"Feature","properties":{"modulo":1,"idparcela":"322","productor":"GOMEZ ORTIZ CONCEPCION","cultivo":"Sin Cultivo","superficie_fisica_ha":32.42,"superficie_riego_ha":31.84,"hectareas":10.942},"geometry":{"type":"Polygon","coordinates":[[[-105.244118,27.97994],[-105.242836,27.981456],[-105.242724,27.981735],[-105.24269,27.981851],[-105.242662,27.981851],[-105.239658,27.981856],[-105.239603,27.981856],[-105.239574,27.981704],[-105.23959,27.979348],[-105.243235,27.97933],[-105.243263,27.979281],[-105.244519,27.979298],[-105.244477,27.979413],[-105.244443,27.979506],[-105.244358,27.97962],[-105.244235,27.979785],[-105.244118,27.97994]]]}},{"type":"Feature","properties":{"modulo":1,"idparcela":"323","productor":"RIOS ALVIDREZ ELVA MARTHA","cultivo":"Sin Cultivo","superficie_fisica_ha":19.95,"superficie_riego_ha":19.95,"hectareas":3.986},"geometry":{"type":"Polygon","coordinates":[[[-105.24269,27.981851],[-105.24269,27.9819],[-105.242662,27.981949],[-105.242398,27.982452],[-105.242298,27.982703],[-105.242286,27.982732],[-105.24201,27.983164],[-105.242004,27.983173],[-105.239606,27.983153],[-105.239551,27.983153],[-105.239576,27.982003],[-105.239658,27.981856],[-105.242662,27.981851],[-105.24269,27.981851]]]}},{"type":"Feature","properties":{"modulo":1,"idparcela":"************","productor":null,"cultivo":"Sin Cultivo","superficie_fisica_ha":null,"superficie_riego_ha":null,"hectareas":10.234},"geometry":{"type":"Polygon","coordinates":[[[-105.244643,27.978049],[-105.244599,27.977888],[-105.244585,27.977836],[-105.244637,27.977836],[-105.244524,27.976482],[-105.244516,27.976394],[-105.244579,27.976393],[-105.244576,27.976356],[-105.244567,27.976209],[-105.244548,27.975933],[-105.244542,27.975837],[-105.244539,27.975795],[-105.244513,27.975389],[-105.244493,27.975096],[-105.244453,27.974913],[-105.244678,27.974952],[-105.246532,27.974946],[-105.246973,27.974945],[-105.247574,27.974959],[-105.248516,27.974991],[-105.247474,27.976804],[-105.247418,27.976901],[-105.246291,27.978004],[-105.246263,27.978028],[-105.246236,27.978004],[-105.246208,27.977939],[-105.246125,27.977805],[-105.245822,27.97776],[-105.245684,27.97776],[-105.245604,27.977863],[-105.245357,27.978179],[-105.24486,27.978814],[-105.244805,27.978863],[-105.244775,27.978692],[-105.244749,27.978545],[-105.244665,27.978129],[-105.244643,27.978049]]]}},{"type":"Feature","properties":{"modulo":1,"idparcela":"322","productor":"GOMEZ ORTIZ CONCEPCION","cultivo":"Sin Cultivo","superficie_fisica_ha":32.42,"superficie_riego_ha":31.84,"hectareas":12.632},"geometry":{"type":"Polygon","coordinates":[[[-105.248236,27.981603],[-105.245747,27.983011],[-105.244661,27.980964],[-105.24436,27.980396],[-105.244118,27.97994],[-105.244235,27.979785],[-105.244358,27.97962],[-105.244443,27.979506],[-105.244477,27.979413],[-105.244519,27.979298],[-105.244805,27.978863],[-105.24486,27.978814],[-105.245357,27.978179],[-105.245604,27.977863],[-105.245684,27.97776],[-105.245822,27.97776],[-105.246125,27.977805],[-105.246208,27.977939],[-105.246236,27.978004],[-105.246263,27.978028],[-105.246312,27.978043],[-105.248201,27.981621],[-105.248236,27.981603]]]}},{"type":"Feature","properties":{"modulo":1,"idparcela":"************","productor":null,"cultivo":"Sin Cultivo","superficie_fisica_ha":null,"superficie_riego_ha":null,"hectareas":5.262},"geometry":{"type":"Polygon","coordinates":[[[-105.245747,27.983011],[-105.245628,27.983067],[-105.244871,27.983584],[-105.243506,27.984532],[-105.243495,27.98454],[-105.242859,27.983489],[-105.244652,27.980977],[-105.244661,27.980964],[-105.245747,27.983011]]]}},{"type":"Feature","properties":{"modulo":1,"idparcela":"************","productor":null,"cultivo":"Sin Cultivo","superficie_fisica_ha":null,"superficie_riego_ha":null,"hectareas":8.5},"geometry":{"type":"Polygon","coordinates":[[[-105.240979,27.98548],[-105.241071,27.985254],[-105.241045,27.984981],[-105.241211,27.984715],[-105.241345,27.984519],[-105.241355,27.984393],[-105.241372,27.984324],[-105.241391,27.984134],[-105.241536,27.98381],[-105.241784,27.983736],[-105.241856,27.983602],[-105.241967,27.983339],[-105.242004,27.983173],[-105.24201,27.983164],[-105.242286,27.982732],[-105.242298,27.982703],[-105.242398,27.982452],[-105.242662,27.981949],[-105.24269,27.9819],[-105.24269,27.981851],[-105.242724,27.981735],[-105.242836,27.981456],[-105.244118,27.97994],[-105.24436,27.980396],[-105.244652,27.980977],[-105.242859,27.983489],[-105.243495,27.98454],[-105.243506,27.984532],[-105.243523,27.984613],[-105.241927,27.985982],[-105.241817,27.985937],[-105.241165,27.985621],[-105.241043,27.98554],[-105.240979,27.98548]]]}},{"type":"Feature","properties":{"modulo":1,"idparcela":"9747","productor":"ARMENDARIZ REDE DAVID","cultivo":"Sin Cultivo","superficie_fisica_ha":5.9,"superficie_riego_ha":5,"hectareas":10.153},"geometry":{"type":"Polygon","coordinates":[[[-105.239118,27.974976],[-105.239381,27.974954],[-105.239365,27.975299],[-105.239283,27.976999],[-105.235158,27.976988],[-105.23507,27.976987],[-105.234878,27.976912],[-105.234899,27.976629],[-105.234813,27.976025],[-105.234279,27.97527],[-105.234172,27.975006],[-105.239118,27.974976]]]}},{"type":"Feature","properties":{"modulo":1,"idparcela":"275","productor":"ARMENDARIZ BELTRANDELRIO HORACIO","cultivo":"Ma­z","superficie_fisica_ha":11.8,"superficie_riego_ha":9.1,"hectareas":8.761},"geometry":{"type":"Polygon","coordinates":[[[-105.239283,27.976999],[-105.23933,27.978944],[-105.239309,27.978945],[-105.235606,27.979045],[-105.23502,27.978898],[-105.23501,27.978895],[-105.234988,27.978461],[-105.235115,27.978253],[-105.235264,27.978139],[-105.235519,27.978044],[-105.235689,27.977969],[-105.235158,27.976988],[-105.239283,27.976999]]]}},{"type":"Feature","properties":{"modulo":1,"idparcela":"276","productor":"MARTINEZ HERNANDEZ MODESTO","cultivo":"Alfalfa","superficie_fisica_ha":11.8,"superficie_riego_ha":10.3,"hectareas":9.894},"geometry":{"type":"Polygon","coordinates":[[[-105.239309,27.978945],[-105.23933,27.978963],[-105.239313,27.980928],[-105.239235,27.98093],[-105.234909,27.98103],[-105.234904,27.981021],[-105.234609,27.980464],[-105.234502,27.980105],[-105.234608,27.979633],[-105.234777,27.97933],[-105.235075,27.979443],[-105.235245,27.97914],[-105.234926,27.979028],[-105.23502,27.978898],[-105.235606,27.979045],[-105.239309,27.978945]]]}},{"type":"Feature","properties":{"modulo":1,"idparcela":"277","productor":"MARTINEZ NAVARRO LUIS","cultivo":"Alfalfa","superficie_fisica_ha":17.1,"superficie_riego_ha":8.35,"hectareas":5.025},"geometry":{"type":"Polygon","coordinates":[[[-105.239235,27.98093],[-105.239249,27.980947],[-105.239316,27.982325],[-105.237933,27.982328],[-105.237848,27.982347],[-105.237869,27.982026],[-105.237783,27.981818],[-105.23757,27.981667],[-105.237357,27.981536],[-105.237123,27.981517],[-105.237017,27.981687],[-105.237038,27.981895],[-105.236954,27.982046],[-105.236805,27.982179],[-105.236699,27.982273],[-105.236763,27.982519],[-105.236721,27.982557],[-105.23638,27.982652],[-105.236146,27.982633],[-105.235933,27.982426],[-105.235805,27.98235],[-105.235805,27.982048],[-105.235825,27.981878],[-105.235825,27.981727],[-105.235612,27.981595],[-105.235527,27.981425],[-105.235313,27.981293],[-105.234952,27.9812],[-105.234909,27.981143],[-105.234904,27.981021],[-105.234909,27.98103],[-105.239235,27.98093]]]}},{"type":"Feature","properties":{"modulo":1,"idparcela":"338","productor":"LICON GARCIA RAUL","cultivo":"Sin Cultivo","superficie_fisica_ha":31.03,"superficie_riego_ha":27.85,"hectareas":29.943},"geometry":{"type":"Polygon","coordinates":[[[-105.254799,27.980792],[-105.25475,27.980702],[-105.254813,27.978156],[-105.254806,27.977907],[-105.254813,27.975033],[-105.254867,27.975009],[-105.259451,27.974989],[-105.259655,27.975],[-105.259723,27.975133],[-105.259697,27.975362],[-105.259712,27.975954],[-105.259745,27.97867],[-105.259678,27.978864],[-105.259583,27.979045],[-105.259559,27.980264],[-105.259518,27.980445],[-105.259464,27.98053],[-105.254799,27.980792]]]}},{"type":"Feature","properties":{"modulo":1,"idparcela":"265","productor":"CHACON MARQUEZ ALFREDO","cultivo":"Sand­a","superficie_fisica_ha":10.75,"superficie_riego_ha":10.04,"hectareas":10.796},"geometry":{"type":"Polygon","coordinates":[[[-105.238852,27.961427],[-105.239693,27.961458],[-105.241307,27.963549],[-105.242004,27.964408],[-105.242187,27.964667],[-105.242316,27.964862],[-105.242296,27.964945],[-105.242225,27.965045],[-105.240484,27.965834],[-105.240471,27.965839],[-105.238855,27.965777],[-105.238843,27.965777],[-105.238852,27.96147],[-105.238852,27.961427]]]}},{"type":"Feature","properties":{"modulo":1,"idparcela":"264","productor":"CHAVERO MONTES FABIAN","cultivo":"Alfalfa","superficie_fisica_ha":13.56,"superficie_riego_ha":12.6,"hectareas":10.665},"geometry":{"type":"Polygon","coordinates":[[[-105.238843,27.965777],[-105.238624,27.965794],[-105.238221,27.965567],[-105.237818,27.965],[-105.237378,27.964643],[-105.236591,27.964206],[-105.236298,27.964077],[-105.235913,27.963591],[-105.235912,27.963542],[-105.235873,27.961478],[-105.235872,27.961432],[-105.238724,27.961443],[-105.238852,27.96147],[-105.238843,27.965777]]]}},{"type":"Feature","properties":{"modulo":1,"idparcela":"263","productor":"HERMANOS CHAVERO","cultivo":"Sand­a","superficie_fisica_ha":17.06,"superficie_riego_ha":17.06,"hectareas":14.788},"geometry":{"type":"Polygon","coordinates":[[[-105.235912,27.963542],[-105.235565,27.963413],[-105.2352,27.96343],[-105.234944,27.963706],[-105.234835,27.964112],[-105.234837,27.964664],[-105.234929,27.965151],[-105.235003,27.965313],[-105.235094,27.965491],[-105.235241,27.96554],[-105.235314,27.965621],[-105.235274,27.965702],[-105.2329,27.965721],[-105.232973,27.96517],[-105.232935,27.964846],[-105.23219,27.96349],[-105.232187,27.963361],[-105.23221,27.963273],[-105.232216,27.963205],[-105.232349,27.962821],[-105.232337,27.962744],[-105.232276,27.962641],[-105.23085,27.961329],[-105.232727,27.961323],[-105.235616,27.961367],[-105.235872,27.961432],[-105.235873,27.961478],[-105.235912,27.963542]]]}},{"type":"Feature","properties":{"modulo":1,"idparcela":"266","productor":"BURROLA QUI¥ONES ROBERTO","cultivo":"Sand­a","superficie_fisica_ha":11.8822,"superficie_riego_ha":8.2072,"hectareas":12.442},"geometry":{"type":"Polygon","coordinates":[[[-105.235274,27.965702],[-105.235406,27.965913],[-105.235589,27.966124],[-105.235699,27.966188],[-105.235955,27.966253],[-105.236029,27.966399],[-105.236139,27.966399],[-105.236285,27.966285],[-105.237072,27.966835],[-105.237457,27.967111],[-105.237494,27.967354],[-105.23764,27.967467],[-105.237842,27.967532],[-105.238043,27.967532],[-105.238244,27.967499],[-105.238354,27.967482],[-105.238518,27.967368],[-105.238518,27.967222],[-105.238462,27.967044],[-105.238261,27.966882],[-105.23826,27.96672],[-105.23826,27.966492],[-105.238296,27.966346],[-105.238479,27.96633],[-105.238754,27.966508],[-105.239194,27.967237],[-105.239543,27.967708],[-105.239817,27.967869],[-105.239921,27.967999],[-105.239799,27.967999],[-105.23883,27.968033],[-105.23883,27.967968],[-105.238793,27.967855],[-105.238592,27.967725],[-105.238409,27.967823],[-105.238373,27.968067],[-105.235228,27.968023],[-105.235191,27.968023],[-105.235189,27.968023],[-105.232188,27.968013],[-105.232326,27.967665],[-105.232545,27.967081],[-105.232753,27.966463],[-105.232867,27.965968],[-105.2329,27.965721],[-105.235274,27.965702]]]}},{"type":"Feature","properties":{"modulo":1,"idparcela":"************","productor":null,"cultivo":"Sin Cultivo","superficie_fisica_ha":null,"superficie_riego_ha":null,"hectareas":2.293},"geometry":{"type":"Polygon","coordinates":[[[-105.240484,27.965834],[-105.240471,27.965872],[-105.240217,27.966505],[-105.240017,27.967025],[-105.239926,27.967463],[-105.239931,27.967841],[-105.239689,27.967691],[-105.239469,27.967497],[-105.23901,27.966718],[-105.238845,27.966491],[-105.238717,27.966264],[-105.238643,27.966118],[-105.238624,27.965859],[-105.238624,27.965794],[-105.238843,27.965777],[-105.238855,27.965777],[-105.240471,27.965839],[-105.240484,27.965834]]]}},{"type":"Feature","properties":{"modulo":1,"idparcela":"325","productor":"ALARCON LECHUGA ATANACIO","cultivo":"Chile verde","superficie_fisica_ha":11.22,"superficie_riego_ha":11.22,"hectareas":10.619},"geometry":{"type":"Polygon","coordinates":[[[-105.244064,27.961433],[-105.244179,27.964845],[-105.24361,27.964857],[-105.243474,27.96486],[-105.242978,27.964904],[-105.2427,27.964942],[-105.242315,27.964359],[-105.242278,27.964148],[-105.242003,27.963872],[-105.24094,27.962787],[-105.239967,27.961327],[-105.244064,27.961433]]]}},{"type":"Feature","properties":{"modulo":1,"idparcela":"324","productor":"MARQUEZ MAYORGA ISIDRO","cultivo":"Chile verde","superficie_fisica_ha":9.69,"superficie_riego_ha":9.69,"hectareas":8.955},"geometry":{"type":"Polygon","coordinates":[[[-105.244064,27.961433],[-105.2441,27.961417],[-105.246477,27.96144],[-105.246539,27.964809],[-105.24657,27.965005],[-105.246394,27.964965],[-105.246211,27.964969],[-105.245064,27.964828],[-105.244236,27.964842],[-105.244179,27.964845],[-105.244064,27.961433]]]}},{"type":"Feature","properties":{"modulo":1,"idparcela":"303","productor":"HERNANDEZ RAMIREZ MANUEL","cultivo":"Chile verde","superficie_fisica_ha":12.16,"superficie_riego_ha":12.16,"hectareas":12.365},"geometry":{"type":"Polygon","coordinates":[[[-105.246477,27.96144],[-105.24666,27.961397],[-105.247519,27.961427],[-105.248379,27.961393],[-105.248561,27.961393],[-105.249092,27.961392],[-105.249458,27.961635],[-105.249412,27.965336],[-105.24857,27.965322],[-105.248296,27.965354],[-105.247894,27.965599],[-105.246833,27.965065],[-105.246778,27.965016],[-105.246566,27.964978],[-105.246559,27.96493],[-105.246548,27.964866],[-105.246539,27.964809],[-105.246477,27.96144]]]}},{"type":"Feature","properties":{"modulo":1,"idparcela":"302","productor":"TERRAZAS NU¥EZ CARMEN ELENA","cultivo":"Nogal (Nuez)","superficie_fisica_ha":23.52,"superficie_riego_ha":23.33,"hectareas":11.992},"geometry":{"type":"Polygon","coordinates":[[[-105.251963,27.961468],[-105.254468,27.961464],[-105.254487,27.961804],[-105.254414,27.961886],[-105.254341,27.961983],[-105.254359,27.962146],[-105.254488,27.962259],[-105.25447,27.962405],[-105.254324,27.962438],[-105.254342,27.962535],[-105.254526,27.962827],[-105.254551,27.9657],[-105.254511,27.965772],[-105.251896,27.965755],[-105.251902,27.965663],[-105.251962,27.961525],[-105.251963,27.961468]]]}},{"type":"Feature","properties":{"modulo":1,"idparcela":"302","productor":"TERRAZAS NU¥EZ CARMEN ELENA","cultivo":"Nogal (Nuez)","superficie_fisica_ha":23.52,"superficie_riego_ha":23.33,"hectareas":10.666},"geometry":{"type":"Polygon","coordinates":[[[-105.251902,27.965663],[-105.251808,27.965673],[-105.251698,27.965754],[-105.251721,27.965759],[-105.249622,27.965706],[-105.24964,27.961424],[-105.251871,27.961485],[-105.251962,27.961525],[-105.251902,27.965663]]]}},{"type":"Feature","properties":{"modulo":1,"idparcela":"333","productor":"BURROLA QUI¥ONES ROBERTO","cultivo":"Ma­z","superficie_fisica_ha":10.09,"superficie_riego_ha":10.09,"hectareas":10.4},"geometry":{"type":"Polygon","coordinates":[[[-105.259618,27.965461],[-105.259652,27.965512],[-105.259584,27.967866],[-105.259127,27.968013],[-105.25878,27.968143],[-105.258525,27.96829],[-105.258397,27.968404],[-105.258269,27.968437],[-105.258141,27.968323],[-105.25814,27.968193],[-105.258249,27.967739],[-105.258322,27.967446],[-105.258339,27.966894],[-105.258154,27.966391],[-105.257293,27.965403],[-105.257146,27.965289],[-105.256798,27.96516],[-105.256522,27.965115],[-105.256282,27.965167],[-105.256095,27.965264],[-105.255981,27.965303],[-105.255732,27.965439],[-105.255574,27.965633],[-105.255264,27.965731],[-105.255008,27.96591],[-105.254771,27.966073],[-105.254759,27.965561],[-105.254843,27.965489],[-105.25486,27.965294],[-105.254842,27.965213],[-105.254787,27.965067],[-105.254785,27.964917],[-105.254878,27.964791],[-105.255097,27.964709],[-105.255133,27.964644],[-105.255045,27.96457],[-105.255389,27.964579],[-105.255535,27.964286],[-105.255881,27.963912],[-105.256283,27.963733],[-105.256795,27.963618],[-105.257069,27.963601],[-105.258497,27.964508],[-105.258608,27.964719],[-105.259066,27.965156],[-105.259267,27.965302],[-105.259414,27.965448],[-105.259618,27.965461]]]}},{"type":"Feature","properties":{"modulo":1,"idparcela":"334","productor":"REY ALARCON RAYMUNDO","cultivo":"Nogal (Nuez)","superficie_fisica_ha":13.61,"superficie_riego_ha":13.61,"hectareas":11.57},"geometry":{"type":"Polygon","coordinates":[[[-105.259624,27.969262],[-105.259111,27.969173],[-105.258979,27.969176],[-105.2586,27.969296],[-105.258253,27.969508],[-105.258107,27.969622],[-105.257806,27.969732],[-105.257417,27.969721],[-105.25714,27.969568],[-105.256861,27.96934],[-105.256773,27.969193],[-105.256824,27.968374],[-105.256842,27.968082],[-105.25675,27.967888],[-105.256329,27.967677],[-105.255926,27.967597],[-105.25567,27.967549],[-105.255469,27.967533],[-105.255232,27.967598],[-105.254903,27.967664],[-105.254782,27.967695],[-105.254792,27.967161],[-105.254743,27.967004],[-105.254738,27.966828],[-105.254791,27.966706],[-105.254863,27.96656],[-105.254991,27.966381],[-105.254991,27.966316],[-105.254918,27.966284],[-105.254844,27.966122],[-105.255319,27.96578],[-105.25563,27.965731],[-105.255775,27.965584],[-105.255903,27.965454],[-105.256104,27.965389],[-105.256305,27.965291],[-105.256524,27.96521],[-105.256725,27.965209],[-105.256908,27.96529],[-105.257073,27.965355],[-105.257808,27.966221],[-105.258015,27.966409],[-105.258118,27.966586],[-105.258229,27.966992],[-105.258248,27.967219],[-105.258194,27.967511],[-105.258158,27.967804],[-105.258049,27.968031],[-105.258049,27.968307],[-105.258104,27.968437],[-105.258233,27.968534],[-105.258452,27.96855],[-105.25858,27.96842],[-105.258854,27.968224],[-105.259179,27.968152],[-105.259347,27.968077],[-105.259512,27.968061],[-105.259585,27.968045],[-105.259624,27.969262]]]}},{"type":"Feature","properties":{"modulo":1,"idparcela":"336","productor":"LOPEZ FLORES RUBEN","cultivo":"Ma­z","superficie_fisica_ha":10,"superficie_riego_ha":10,"hectareas":19.653},"geometry":{"type":"Polygon","coordinates":[[[-105.259462,27.974751],[-105.254922,27.974796],[-105.254796,27.974789],[-105.254751,27.974629],[-105.254775,27.970716],[-105.254922,27.970622],[-105.255119,27.970592],[-105.255266,27.970592],[-105.255349,27.970621],[-105.25617,27.971013],[-105.256712,27.971172],[-105.257582,27.971272],[-105.257714,27.971272],[-105.258042,27.971315],[-105.258452,27.971285],[-105.258682,27.971212],[-105.258879,27.971168],[-105.259306,27.971153],[-105.259535,27.971167],[-105.259651,27.971268],[-105.259664,27.974644],[-105.259646,27.974766],[-105.259462,27.974751]]]}},{"type":"Feature","properties":{"modulo":1,"idparcela":"335","productor":"SALAZAR DIAZ SIMON","cultivo":"Alfalfa","superficie_fisica_ha":11.9,"superficie_riego_ha":11.9,"hectareas":10.657},"geometry":{"type":"Polygon","coordinates":[[[-105.259617,27.971021],[-105.259552,27.971079],[-105.259158,27.971051],[-105.258862,27.971037],[-105.258682,27.971066],[-105.257993,27.971184],[-105.25727,27.971025],[-105.256925,27.971026],[-105.256728,27.971026],[-105.256597,27.970983],[-105.255217,27.970403],[-105.254774,27.97052],[-105.254767,27.967824],[-105.255025,27.967755],[-105.25521,27.967707],[-105.255569,27.967661],[-105.255695,27.967677],[-105.256276,27.967805],[-105.256637,27.967975],[-105.256626,27.969293],[-105.25684,27.969525],[-105.257284,27.969845],[-105.257662,27.969865],[-105.257957,27.969829],[-105.258399,27.96961],[-105.258842,27.969347],[-105.259071,27.969273],[-105.25935,27.969302],[-105.259613,27.969418],[-105.259617,27.971021]]]}},{"type":"Feature","properties":{"modulo":1,"idparcela":"312","productor":"ESCOBAR MONTES MIGUEL A.","cultivo":"Chile verde","superficie_fisica_ha":9.52,"superficie_riego_ha":9.26,"hectareas":8.802},"geometry":{"type":"Polygon","coordinates":[[[-105.252141,27.974765],[-105.252132,27.971001],[-105.252132,27.970962],[-105.252987,27.971397],[-105.253167,27.97147],[-105.253381,27.971455],[-105.253693,27.971425],[-105.253889,27.971396],[-105.254382,27.971541],[-105.254514,27.971686],[-105.254521,27.974746],[-105.254472,27.974775],[-105.252141,27.974765]]]}},{"type":"Feature","properties":{"modulo":1,"idparcela":"313","productor":"ESCOBAR MONTES MIGUEL A.","cultivo":"Alfalfa","superficie_fisica_ha":11.42,"superficie_riego_ha":11.26,"hectareas":11.326},"geometry":{"type":"Polygon","coordinates":[[[-105.252141,27.974765],[-105.249876,27.974754],[-105.249711,27.974711],[-105.249662,27.974507],[-105.249636,27.970369],[-105.250407,27.970339],[-105.250884,27.970512],[-105.251327,27.970643],[-105.251459,27.970701],[-105.251951,27.970904],[-105.252132,27.971001],[-105.252141,27.974765]]]}},{"type":"Feature","properties":{"modulo":1,"idparcela":"309","productor":"BEJARANO SALINAS RAMON","cultivo":"Alfalfa","superficie_fisica_ha":6.8752,"superficie_riego_ha":6.8752,"hectareas":14.7},"geometry":{"type":"Polygon","coordinates":[[[-105.249488,27.970413],[-105.249506,27.97101],[-105.249474,27.971418],[-105.249526,27.971546],[-105.249511,27.971711],[-105.249571,27.971875],[-105.249541,27.971987],[-105.249542,27.972249],[-105.249477,27.972642],[-105.249498,27.974726],[-105.24935,27.974785],[-105.247627,27.974773],[-105.247083,27.973754],[-105.247105,27.973708],[-105.247263,27.973375],[-105.24741,27.9732],[-105.247459,27.972996],[-105.247278,27.972807],[-105.247261,27.972763],[-105.247261,27.972588],[-105.247145,27.972253],[-105.247145,27.972078],[-105.247276,27.97202],[-105.247341,27.971947],[-105.247341,27.97183],[-105.247341,27.971728],[-105.24721,27.971743],[-105.247029,27.971773],[-105.24698,27.971846],[-105.24698,27.972006],[-105.247047,27.972253],[-105.247113,27.972676],[-105.247114,27.972792],[-105.247147,27.972923],[-105.247262,27.972996],[-105.247295,27.973113],[-105.247262,27.973229],[-105.247131,27.97339],[-105.247017,27.973609],[-105.246951,27.973609],[-105.246869,27.973521],[-105.246227,27.972663],[-105.245963,27.971978],[-105.245418,27.970785],[-105.245368,27.970508],[-105.24527,27.970333],[-105.245647,27.97034],[-105.245691,27.970341],[-105.245731,27.970342],[-105.245837,27.970344],[-105.247765,27.97038],[-105.249455,27.970412],[-105.249488,27.970413]]]}},{"type":"Feature","properties":{"modulo":1,"idparcela":"304","productor":"CHAVEZ MENDOZA NOEL NORMANDO","cultivo":"Nogal (Nuez)","superficie_fisica_ha":8,"superficie_riego_ha":8,"hectareas":7.981},"geometry":{"type":"Polygon","coordinates":[[[-105.253122,27.965977],[-105.253163,27.965976],[-105.254525,27.965928],[-105.254517,27.966033],[-105.254675,27.97052],[-105.254577,27.970637],[-105.254462,27.970666],[-105.254331,27.970681],[-105.254249,27.970783],[-105.254184,27.970944],[-105.254102,27.971133],[-105.254004,27.971264],[-105.253758,27.971323],[-105.253577,27.971324],[-105.253216,27.971271],[-105.253122,27.965977]]]}},{"type":"Feature","properties":{"modulo":1,"idparcela":"304","productor":"CHAVEZ MENDOZA NOEL NORMANDO","cultivo":"Nogal (Nuez)","superficie_fisica_ha":8,"superficie_riego_ha":8,"hectareas":8.551},"geometry":{"type":"Polygon","coordinates":[[[-105.253216,27.971271],[-105.253101,27.971266],[-105.253019,27.971208],[-105.252723,27.97115],[-105.251639,27.970686],[-105.251639,27.970654],[-105.251579,27.965951],[-105.251579,27.965936],[-105.253122,27.965948],[-105.253163,27.965976],[-105.253122,27.965977],[-105.253216,27.971271]]]}},{"type":"Feature","properties":{"modulo":1,"idparcela":"304","productor":"CHAVEZ MENDOZA NOEL NORMANDO","cultivo":"Nogal (Nuez)","superficie_fisica_ha":8,"superficie_riego_ha":8,"hectareas":9.363},"geometry":{"type":"Polygon","coordinates":[[[-105.251639,27.970654],[-105.251573,27.970642],[-105.251409,27.97057],[-105.251327,27.970526],[-105.25109,27.970483],[-105.250851,27.970411],[-105.250473,27.97028],[-105.249631,27.970262],[-105.249635,27.970136],[-105.249692,27.96642],[-105.249627,27.966278],[-105.249683,27.966181],[-105.249678,27.965982],[-105.249823,27.965954],[-105.251579,27.965936],[-105.251579,27.965951],[-105.251639,27.970654]]]}},{"type":"Feature","properties":{"modulo":1,"idparcela":"306","productor":"MADRID CHAVEZ ROGELIO","cultivo":"Sand­a","superficie_fisica_ha":8.32,"superficie_riego_ha":8.32,"hectareas":8.179},"geometry":{"type":"Polygon","coordinates":[[[-105.247765,27.97038],[-105.247765,27.970367],[-105.247754,27.96583],[-105.247754,27.965783],[-105.248329,27.965956],[-105.249265,27.965955],[-105.249412,27.966027],[-105.249445,27.966115],[-105.249467,27.968475],[-105.249369,27.968563],[-105.249238,27.968563],[-105.249156,27.96868],[-105.249271,27.968811],[-105.249501,27.968868],[-105.249455,27.970412],[-105.247765,27.97038]]]}},{"type":"Feature","properties":{"modulo":1,"idparcela":"308","productor":"ALARCON CHACON RUBEN","cultivo":"Alfalfa","superficie_fisica_ha":8.72,"superficie_riego_ha":8.72,"hectareas":11.256},"geometry":{"type":"Polygon","coordinates":[[[-105.247765,27.97038],[-105.245837,27.970344],[-105.245731,27.970342],[-105.245711,27.970314],[-105.245652,27.965131],[-105.245666,27.965132],[-105.246505,27.965231],[-105.246801,27.965303],[-105.247623,27.965739],[-105.247754,27.96583],[-105.247765,27.97038]]]}},{"type":"Feature","properties":{"modulo":1,"idparcela":"287","productor":"ALARCON CHACON RUBEN","cultivo":"Ma­z","superficie_fisica_ha":13.2,"superficie_riego_ha":13.2,"hectareas":9.716},"geometry":{"type":"Polygon","coordinates":[[[-105.245691,27.970341],[-105.245647,27.97034],[-105.24527,27.970333],[-105.245237,27.970319],[-105.245072,27.97013],[-105.242862,27.965267],[-105.242944,27.96515],[-105.244289,27.965075],[-105.244392,27.965018],[-105.244485,27.965],[-105.244652,27.965029],[-105.244765,27.965059],[-105.245028,27.965059],[-105.245405,27.965058],[-105.245652,27.965102],[-105.245666,27.965132],[-105.245652,27.965131],[-105.245711,27.970314],[-105.245731,27.970342],[-105.245691,27.970341]]]}},{"type":"Feature","properties":{"modulo":1,"idparcela":"311","productor":"ESPARZA LICON VICTOR M.","cultivo":"Nogal (Nuez)","superficie_fisica_ha":17.57,"superficie_riego_ha":17.57,"hectareas":18.52},"geometry":{"type":"Polygon","coordinates":[[[-105.2425,27.965107],[-105.244678,27.969868],[-105.244928,27.970341],[-105.244678,27.970276],[-105.244468,27.970255],[-105.244449,27.970276],[-105.240739,27.970283],[-105.240654,27.970309],[-105.240487,27.970296],[-105.240357,27.970315],[-105.240226,27.970269],[-105.240017,27.970284],[-105.239836,27.970241],[-105.240064,27.969712],[-105.24013,27.969322],[-105.240061,27.96788],[-105.240118,27.967457],[-105.240148,27.967193],[-105.240512,27.966215],[-105.240636,27.965966],[-105.24124,27.965674],[-105.242247,27.965193],[-105.2425,27.965107]]]}},{"type":"Feature","properties":{"modulo":1,"idparcela":"270","productor":"ESCOBAR MONTES MIGUEL A.","cultivo":"Nogal (Nuez)","superficie_fisica_ha":19.32,"superficie_riego_ha":16.09,"hectareas":11.719},"geometry":{"type":"Polygon","coordinates":[[[-105.239921,27.967999],[-105.239946,27.968011],[-105.239966,27.969366],[-105.23959,27.970329],[-105.239584,27.970329],[-105.237229,27.970325],[-105.23721,27.970325],[-105.235229,27.970322],[-105.235224,27.970322],[-105.235224,27.9703],[-105.235191,27.968026],[-105.235191,27.968023],[-105.235228,27.968023],[-105.238373,27.968067],[-105.238409,27.967823],[-105.238592,27.967725],[-105.238793,27.967855],[-105.23883,27.967968],[-105.23883,27.968033],[-105.239799,27.967999],[-105.239921,27.967999]]]}},{"type":"Feature","properties":{"modulo":1,"idparcela":"270","productor":"ESCOBAR MONTES MIGUEL A.","cultivo":"Nogal (Nuez)","superficie_fisica_ha":19.32,"superficie_riego_ha":16.09,"hectareas":8.188},"geometry":{"type":"Polygon","coordinates":[[[-105.235229,27.970328],[-105.235191,27.970307],[-105.233763,27.97031],[-105.231983,27.970284],[-105.231987,27.970059],[-105.231965,27.969964],[-105.231912,27.969801],[-105.231799,27.969543],[-105.231732,27.969233],[-105.231728,27.969052],[-105.231846,27.968738],[-105.232051,27.968354],[-105.232152,27.968109],[-105.232188,27.968013],[-105.235191,27.968023],[-105.235191,27.968026],[-105.235224,27.9703],[-105.235229,27.970328]]]}},{"type":"Feature","properties":{"modulo":1,"idparcela":"273","productor":"ESPARZA LICON VICTOR M.","cultivo":"Nogal (Nuez)","superficie_fisica_ha":10.32,"superficie_riego_ha":10.32,"hectareas":10.593},"geometry":{"type":"Polygon","coordinates":[[[-105.23959,27.970329],[-105.239444,27.970883],[-105.239435,27.974496],[-105.23937,27.9747],[-105.239255,27.974759],[-105.237279,27.974788],[-105.237269,27.97466],[-105.237229,27.970325],[-105.23959,27.970329]]]}},{"type":"Feature","properties":{"modulo":1,"idparcela":"272","productor":"ARMENDARIZ ORTEGA CRISTOBAL","cultivo":"Alfalfa","superficie_fisica_ha":19.51,"superficie_riego_ha":9.27,"hectareas":9.725},"geometry":{"type":"Polygon","coordinates":[[[-105.237229,27.970325],[-105.237269,27.97466],[-105.237279,27.974788],[-105.23525,27.974766],[-105.235224,27.970365],[-105.235229,27.970328],[-105.235229,27.970322],[-105.237229,27.970325]]]}},{"type":"Feature","properties":{"modulo":1,"idparcela":"271","productor":"HERMANOS CHAVERO","cultivo":"Sand­a","superficie_fisica_ha":10.37,"superficie_riego_ha":10.27,"hectareas":10.388},"geometry":{"type":"Polygon","coordinates":[[[-105.23525,27.974766],[-105.235217,27.974751],[-105.234138,27.97479],[-105.234081,27.974081],[-105.233966,27.973789],[-105.233814,27.973567],[-105.233523,27.973252],[-105.233411,27.973081],[-105.233329,27.97291],[-105.233226,27.972704],[-105.233191,27.972488],[-105.233121,27.972022],[-105.23298,27.971852],[-105.232421,27.971716],[-105.232183,27.971637],[-105.232072,27.971475],[-105.231983,27.970284],[-105.233763,27.97031],[-105.235191,27.970307],[-105.235229,27.970328],[-105.235224,27.970365],[-105.23525,27.974766]]]}},{"type":"Feature","properties":{"modulo":1,"idparcela":"314","productor":"CHAVERO MONTES GERONIMO","cultivo":"Nogal (Nuez)","superficie_fisica_ha":2,"superficie_riego_ha":1,"hectareas":31.382},"geometry":{"type":"Polygon","coordinates":[[[-105.244468,27.970255],[-105.244678,27.970276],[-105.244928,27.970341],[-105.244958,27.970348],[-105.245123,27.970829],[-105.245667,27.971819],[-105.246195,27.973056],[-105.24654,27.973289],[-105.246705,27.973667],[-105.247117,27.97422],[-105.247397,27.974759],[-105.244689,27.974793],[-105.239639,27.974741],[-105.239549,27.974301],[-105.239704,27.973077],[-105.239626,27.972706],[-105.239573,27.972153],[-105.239587,27.971165],[-105.239608,27.970839],[-105.239836,27.970241],[-105.240017,27.970284],[-105.240226,27.970269],[-105.240357,27.970315],[-105.240524,27.970329],[-105.240654,27.970309],[-105.240739,27.970283],[-105.244449,27.970276],[-105.244468,27.970255]]]}},{"type":"Feature","properties":{"modulo":1,"idparcela":"376","productor":"RAMOS LUNA ARTURO","cultivo":"Alfalfa","superficie_fisica_ha":7.56,"superficie_riego_ha":7.56,"hectareas":7.377},"geometry":{"type":"Polygon","coordinates":[[[-105.259952,27.967238],[-105.259956,27.965827],[-105.264699,27.965845],[-105.264703,27.966423],[-105.264743,27.967168],[-105.264736,27.967289],[-105.259952,27.967238]]]}},{"type":"Feature","properties":{"modulo":1,"idparcela":"372","productor":"FLORES VAZQUEZ JUAN C.","cultivo":"Sand­a","superficie_fisica_ha":23.33,"superficie_riego_ha":23.33,"hectareas":11.803},"geometry":{"type":"Polygon","coordinates":[[[-105.267237,27.961406],[-105.267284,27.961438],[-105.267937,27.961437],[-105.268973,27.961421],[-105.269741,27.961436],[-105.269777,27.965724],[-105.267227,27.965747],[-105.267237,27.961406]]]}},{"type":"Feature","properties":{"modulo":1,"idparcela":"369","productor":"MARQUEZ MAYORGA ISIDRO","cultivo":"Alfalfa","superficie_fisica_ha":28.68,"superficie_riego_ha":18.83,"hectareas":5.966},"geometry":{"type":"Polygon","coordinates":[[[-105.267237,27.958392],[-105.267636,27.958785],[-105.26813,27.95894],[-105.268386,27.958984],[-105.268601,27.959175],[-105.268896,27.959349],[-105.269375,27.959645],[-105.26973,27.959777],[-105.269787,27.961193],[-105.26979,27.961314],[-105.267254,27.961296],[-105.267203,27.961198],[-105.267237,27.958392]]]}},{"type":"Feature","properties":{"modulo":1,"idparcela":"372","productor":"FLORES VAZQUEZ JUAN C.","cultivo":"Sand­a","superficie_fisica_ha":23.33,"superficie_riego_ha":23.33,"hectareas":11.675},"geometry":{"type":"Polygon","coordinates":[[[-105.265087,27.96134],[-105.267204,27.961314],[-105.267204,27.961382],[-105.267237,27.961406],[-105.267227,27.965747],[-105.264836,27.96574],[-105.264826,27.965395],[-105.264795,27.964329],[-105.264792,27.962925],[-105.264787,27.962833],[-105.264763,27.961406],[-105.264762,27.961344],[-105.265087,27.96134]]]}},{"type":"Feature","properties":{"modulo":1,"idparcela":"374","productor":"RAMIREZ REYES ABEL","cultivo":"Alfalfa","superficie_fisica_ha":8.12,"superficie_riego_ha":8.12,"hectareas":7.681},"geometry":{"type":"Polygon","coordinates":[[[-105.25996,27.964352],[-105.25996,27.964211],[-105.259929,27.962775],[-105.260515,27.962854],[-105.260683,27.962856],[-105.264792,27.962925],[-105.264795,27.964329],[-105.25996,27.964352]]]}},{"type":"Feature","properties":{"modulo":1,"idparcela":"382","productor":"MARQUEZ MAYORGA ISIDRO","cultivo":"Chile verde","superficie_fisica_ha":7.85,"superficie_riego_ha":7.85,"hectareas":7.869},"geometry":{"type":"Polygon","coordinates":[[[-105.259956,27.965827],[-105.25996,27.964352],[-105.264795,27.964329],[-105.264826,27.965395],[-105.264836,27.96574],[-105.264696,27.965752],[-105.264699,27.965845],[-105.259956,27.965827]]]}},{"type":"Feature","properties":{"modulo":1,"idparcela":"369","productor":"MARQUEZ MAYORGA ISIDRO","cultivo":"Alfalfa","superficie_fisica_ha":28.68,"superficie_riego_ha":18.83,"hectareas":14.786},"geometry":{"type":"Polygon","coordinates":[[[-105.264844,27.954739],[-105.264905,27.954645],[-105.265306,27.954355],[-105.265689,27.954552],[-105.26569,27.954665],[-105.265754,27.954877],[-105.265754,27.954977],[-105.265866,27.955273],[-105.266122,27.955655],[-105.266811,27.95704],[-105.266773,27.957478],[-105.266911,27.957932],[-105.267237,27.958392],[-105.267203,27.961198],[-105.267254,27.961296],[-105.267204,27.961314],[-105.264709,27.961344],[-105.264702,27.961344],[-105.264844,27.954739]]]}},{"type":"Feature","properties":{"modulo":1,"idparcela":"330","productor":"CASTRO ZUBIA JUAN N.","cultivo":"Chile verde","superficie_fisica_ha":13.9,"superficie_riego_ha":13.4563,"hectareas":10.616},"geometry":{"type":"Polygon","coordinates":[[[-105.262912,27.961421],[-105.262933,27.961348],[-105.262933,27.96131],[-105.262931,27.960329],[-105.262935,27.960101],[-105.262962,27.959976],[-105.262977,27.959707],[-105.263008,27.959424],[-105.26296,27.959226],[-105.262959,27.958957],[-105.262924,27.957429],[-105.262923,27.957245],[-105.264844,27.954739],[-105.264702,27.961344],[-105.263787,27.961384],[-105.263417,27.961399],[-105.263159,27.96141],[-105.262957,27.961419],[-105.262912,27.961421]]]}},{"type":"Feature","properties":{"modulo":1,"idparcela":"373","productor":"MARQUEZ MAYORGA ISIDRO","cultivo":"Nogal (Nuez)","superficie_fisica_ha":8.2,"superficie_riego_ha":8.2,"hectareas":7.551},"geometry":{"type":"Polygon","coordinates":[[[-105.259929,27.962775],[-105.259907,27.961792],[-105.25997,27.961594],[-105.260129,27.961579],[-105.260655,27.961536],[-105.260846,27.961422],[-105.261133,27.961436],[-105.261747,27.961484],[-105.262476,27.96147],[-105.262912,27.961421],[-105.262957,27.961419],[-105.263159,27.96141],[-105.263417,27.961399],[-105.263787,27.961384],[-105.264702,27.961344],[-105.264709,27.961344],[-105.264762,27.961344],[-105.264763,27.961406],[-105.264787,27.962833],[-105.264792,27.962925],[-105.260683,27.962856],[-105.260515,27.962854],[-105.259929,27.962775]]]}},{"type":"Feature","properties":{"modulo":1,"idparcela":"381","productor":"CARRASCO MATA LUIS RAUL","cultivo":"Sin Cultivo","superficie_fisica_ha":22.59,"superficie_riego_ha":22.59,"hectareas":11.287},"geometry":{"type":"Polygon","coordinates":[[[-105.262329,27.974786],[-105.260144,27.974773],[-105.259961,27.974778],[-105.259967,27.97441],[-105.259958,27.970321],[-105.261759,27.970318],[-105.262262,27.970317],[-105.262329,27.974786]]]}},{"type":"Feature","properties":{"modulo":1,"idparcela":"381","productor":"CARRASCO MATA LUIS RAUL","cultivo":"Sin Cultivo","superficie_fisica_ha":22.59,"superficie_riego_ha":22.59,"hectareas":11.982},"geometry":{"type":"Polygon","coordinates":[[[-105.264496,27.974799],[-105.262329,27.974786],[-105.262262,27.970317],[-105.26228,27.970317],[-105.262768,27.970281],[-105.263529,27.970314],[-105.263841,27.970366],[-105.264564,27.970324],[-105.264622,27.970364],[-105.2647,27.970399],[-105.264817,27.970451],[-105.264767,27.974089],[-105.264496,27.974799]]]}},{"type":"Feature","properties":{"modulo":1,"idparcela":"377","productor":"NAVA MORALES ANSELMO","cultivo":"Alfalfa","superficie_fisica_ha":7.65,"superficie_riego_ha":7.65,"hectareas":7.415},"geometry":{"type":"Polygon","coordinates":[[[-105.259954,27.968757],[-105.259951,27.967394],[-105.260065,27.967355],[-105.264697,27.967402],[-105.26476,27.967419],[-105.264751,27.968715],[-105.264481,27.968879],[-105.26413,27.968824],[-105.261717,27.968794],[-105.261652,27.968794],[-105.260325,27.968779],[-105.259954,27.968757]]]}},{"type":"Feature","properties":{"modulo":1,"idparcela":"378","productor":"HERNANDEZ MARQUEZ CRUZ","cultivo":"Ma­z","superficie_fisica_ha":7.6,"superficie_riego_ha":7.6,"hectareas":2.971},"geometry":{"type":"Polygon","coordinates":[[[-105.259958,27.970321],[-105.259954,27.968757],[-105.260325,27.968779],[-105.261652,27.968794],[-105.261717,27.968794],[-105.261759,27.970318],[-105.259958,27.970321]]]}},{"type":"Feature","properties":{"modulo":1,"idparcela":"378","productor":"HERNANDEZ MARQUEZ CRUZ","cultivo":"Ma­z","superficie_fisica_ha":7.6,"superficie_riego_ha":7.6,"hectareas":4.511},"geometry":{"type":"Polygon","coordinates":[[[-105.261717,27.968794],[-105.26413,27.968824],[-105.264481,27.968879],[-105.264524,27.970295],[-105.264564,27.970324],[-105.263841,27.970366],[-105.263529,27.970314],[-105.262768,27.970281],[-105.26228,27.970317],[-105.262262,27.970317],[-105.261759,27.970318],[-105.261717,27.968794]]]}},{"type":"Feature","properties":{"modulo":1,"idparcela":"375","productor":"MARQUEZ MAYORGA ISIDRO","cultivo":"Ma­z","superficie_fisica_ha":25.04,"superficie_riego_ha":24.69,"hectareas":24.168},"geometry":{"type":"Polygon","coordinates":[[[-105.269782,27.965972],[-105.269794,27.970718],[-105.269286,27.970719],[-105.268837,27.970616],[-105.268701,27.970616],[-105.268233,27.970773],[-105.268021,27.970942],[-105.267938,27.970972],[-105.267818,27.970788],[-105.267608,27.970636],[-105.267041,27.970256],[-105.266729,27.970152],[-105.266416,27.970084],[-105.26628,27.970188],[-105.266027,27.970362],[-105.265617,27.97038],[-105.265324,27.970328],[-105.26507,27.970138],[-105.26505,27.969844],[-105.264932,27.969567],[-105.264884,27.965981],[-105.264962,27.965912],[-105.268221,27.965905],[-105.269587,27.965885],[-105.269782,27.965972]]]}},{"type":"Feature","properties":{"modulo":1,"idparcela":"380","productor":"MARTINEZ CENICEROS JOSE AMADO","cultivo":"Nogal (Nuez)","superficie_fisica_ha":11.24,"superficie_riego_ha":10.96,"hectareas":10.884},"geometry":{"type":"Polygon","coordinates":[[[-105.267208,27.974811],[-105.264847,27.974799],[-105.264749,27.974695],[-105.264885,27.974192],[-105.264923,27.973932],[-105.264936,27.971403],[-105.264915,27.97078],[-105.265091,27.970675],[-105.26509,27.970467],[-105.265129,27.970381],[-105.265266,27.97045],[-105.265364,27.970536],[-105.265871,27.970553],[-105.266144,27.970517],[-105.266222,27.970379],[-105.266319,27.970274],[-105.266436,27.970222],[-105.266807,27.970325],[-105.267061,27.970412],[-105.267217,27.970498],[-105.267217,27.970554],[-105.267209,27.974785],[-105.267208,27.974811]]]}},{"type":"Feature","properties":{"modulo":1,"idparcela":"379","productor":"RAMOS LOZOYA AGUSTIN","cultivo":"Sand­a","superficie_fisica_ha":10.84,"superficie_riego_ha":10.84,"hectareas":10.004},"geometry":{"type":"Polygon","coordinates":[[[-105.267217,27.970554],[-105.267393,27.970653],[-105.267706,27.970843],[-105.267843,27.971103],[-105.268019,27.971103],[-105.268272,27.970912],[-105.268573,27.970763],[-105.26876,27.970737],[-105.269013,27.970789],[-105.269384,27.970857],[-105.269579,27.97084],[-105.269814,27.970857],[-105.269834,27.971064],[-105.269879,27.973438],[-105.26982,27.97349],[-105.269781,27.973594],[-105.26943,27.973716],[-105.269236,27.97382],[-105.269119,27.973976],[-105.268963,27.974132],[-105.268612,27.974306],[-105.268379,27.974515],[-105.268243,27.974775],[-105.267267,27.974811],[-105.267209,27.974785],[-105.267217,27.970554]]]}},{"type":"Feature","properties":{"modulo":1,"idparcela":"262","productor":"TERRAZAS MARTINEZ ARTURO","cultivo":"Nogal (Nuez)","superficie_fisica_ha":14.25,"superficie_riego_ha":14.25,"hectareas":13.124},"geometry":{"type":"Polygon","coordinates":[[[-105.239681,27.961249],[-105.236213,27.961244],[-105.236118,27.956867],[-105.238372,27.956837],[-105.238418,27.956975],[-105.238684,27.95797],[-105.238618,27.958322],[-105.23915,27.960078],[-105.239681,27.961249]]]}},{"type":"Feature","properties":{"modulo":1,"idparcela":"************","productor":null,"cultivo":"Sin Cultivo","superficie_fisica_ha":null,"superficie_riego_ha":null,"hectareas":14.837},"geometry":{"type":"Polygon","coordinates":[[[-105.233189,27.956916],[-105.233313,27.960129],[-105.233641,27.960263],[-105.233806,27.960585],[-105.233675,27.960879],[-105.233378,27.961025],[-105.233345,27.961239],[-105.230706,27.961235],[-105.230461,27.960982],[-105.230144,27.960764],[-105.22977,27.960598],[-105.229533,27.960473],[-105.229392,27.960303],[-105.22945,27.959773],[-105.229489,27.959134],[-105.22958,27.958923],[-105.229807,27.958608],[-105.230321,27.958148],[-105.230655,27.957873],[-105.230897,27.957825],[-105.231109,27.957726],[-105.23149,27.957514],[-105.231598,27.957413],[-105.231589,27.95725],[-105.231561,27.957112],[-105.231809,27.956908],[-105.233189,27.956916]]]}},{"type":"Feature","properties":{"modulo":1,"idparcela":"261","productor":"HERNANDEZ HOLGUIN MARIO","cultivo":"Alfalfa","superficie_fisica_ha":14.05,"superficie_riego_ha":13.08,"hectareas":13.334},"geometry":{"type":"Polygon","coordinates":[[[-105.233345,27.961239],[-105.233378,27.961025],[-105.233675,27.960879],[-105.233806,27.960585],[-105.233641,27.960263],[-105.233313,27.960129],[-105.233189,27.956916],[-105.236118,27.956867],[-105.236213,27.961244],[-105.233345,27.961239]]]}},{"type":"Feature","properties":{"modulo":1,"idparcela":"257","productor":"PONCE RIOS SAUL","cultivo":"Chile verde","superficie_fisica_ha":15.53,"superficie_riego_ha":14.96,"hectareas":15.19},"geometry":{"type":"Polygon","coordinates":[[[-105.231809,27.956908],[-105.232086,27.956686],[-105.232994,27.956002],[-105.233523,27.954979],[-105.234073,27.954],[-105.236947,27.953507],[-105.237507,27.954637],[-105.237452,27.954745],[-105.237516,27.954951],[-105.237712,27.955388],[-105.23835,27.956742],[-105.238372,27.956837],[-105.236118,27.956867],[-105.233189,27.956916],[-105.231809,27.956908]]]}},{"type":"Feature","properties":{"modulo":1,"idparcela":"256","productor":"CHAVERO MONTES FABIAN","cultivo":"Otros Cultivos Varios","superficie_fisica_ha":9.3,"superficie_riego_ha":9.3,"hectareas":8.689},"geometry":{"type":"Polygon","coordinates":[[[-105.234073,27.954],[-105.234056,27.95376],[-105.233923,27.953321],[-105.233856,27.95297],[-105.233888,27.952559],[-105.233953,27.952149],[-105.234638,27.948516],[-105.234652,27.948441],[-105.235435,27.950887],[-105.236404,27.952595],[-105.236925,27.953462],[-105.236947,27.953507],[-105.234073,27.954]]]}},{"type":"Feature","properties":{"modulo":1,"idparcela":"250","productor":"CHACON MORIEL CONCEPCION","cultivo":"Ma­z","superficie_fisica_ha":6.353,"superficie_riego_ha":4.933,"hectareas":10.473},"geometry":{"type":"Polygon","coordinates":[[[-105.234652,27.948441],[-105.234736,27.947989],[-105.234983,27.947642],[-105.235269,27.947403],[-105.235451,27.947304],[-105.235655,27.947265],[-105.235898,27.947234],[-105.236075,27.947309],[-105.23608,27.947499],[-105.236232,27.947764],[-105.237015,27.949391],[-105.237489,27.950074],[-105.238378,27.950921],[-105.236404,27.952595],[-105.235435,27.950887],[-105.234652,27.948441]]]}},{"type":"Feature","properties":{"modulo":1,"idparcela":"252","productor":"HERNANDEZ CHACON ROBERTO","cultivo":"Ma­z","superficie_fisica_ha":8.96,"superficie_riego_ha":8.96,"hectareas":8.983},"geometry":{"type":"Polygon","coordinates":[[[-105.238378,27.950921],[-105.238585,27.951046],[-105.239204,27.951613],[-105.239825,27.951963],[-105.239897,27.951995],[-105.238104,27.955817],[-105.238052,27.955716],[-105.237814,27.955187],[-105.237576,27.954656],[-105.237507,27.954637],[-105.236947,27.953507],[-105.236925,27.953462],[-105.236404,27.952595],[-105.238378,27.950921]]]}},{"type":"Feature","properties":{"modulo":1,"idparcela":"253","productor":"MARQUEZ TORRES CARMEN","cultivo":"Sand­a","superficie_fisica_ha":10.79,"superficie_riego_ha":10.79,"hectareas":10.791},"geometry":{"type":"Polygon","coordinates":[[[-105.239897,27.951995],[-105.240684,27.952343],[-105.241554,27.952599],[-105.240974,27.956037],[-105.238584,27.956755],[-105.238104,27.955817],[-105.239897,27.951995]]]}},{"type":"Feature","properties":{"modulo":1,"idparcela":"254","productor":"MARQUEZ URANGA OSCAR","cultivo":"Chile verde","superficie_fisica_ha":8.57,"superficie_riego_ha":8.57,"hectareas":8.137},"geometry":{"type":"Polygon","coordinates":[[[-105.241554,27.952599],[-105.2431,27.953153],[-105.243367,27.953338],[-105.243589,27.953363],[-105.244514,27.953683],[-105.244515,27.954181],[-105.244549,27.954884],[-105.243099,27.955326],[-105.240974,27.956037],[-105.241554,27.952599]]]}},{"type":"Feature","properties":{"modulo":1,"idparcela":"297","productor":"BURROLA MORALES RICARDO","cultivo":"Chile verde","superficie_fisica_ha":11.92,"superficie_riego_ha":9.11,"hectareas":8.899},"geometry":{"type":"Polygon","coordinates":[[[-105.249381,27.961261],[-105.247797,27.961264],[-105.247786,27.956359],[-105.247852,27.956372],[-105.248585,27.956425],[-105.249462,27.956364],[-105.249504,27.957482],[-105.249447,27.961202],[-105.249381,27.961261]]]}},{"type":"Feature","properties":{"modulo":1,"idparcela":"298","productor":"TERRAZAS NU¥EZ CARMEN HELENA","cultivo":"Nogal (Nuez)","superficie_fisica_ha":25.27,"superficie_riego_ha":25.27,"hectareas":18.257},"geometry":{"type":"Polygon","coordinates":[[[-105.247797,27.961264],[-105.24458,27.96127],[-105.244677,27.955178],[-105.245673,27.955937],[-105.247786,27.956359],[-105.247797,27.961264]]]}},{"type":"Feature","properties":{"modulo":1,"idparcela":"299","productor":"TERRAZAS MARTINEZ ARTURO","cultivo":"Nogal (Nuez)","superficie_fisica_ha":11.09,"superficie_riego_ha":11.09,"hectareas":10.968},"geometry":{"type":"Polygon","coordinates":[[[-105.24458,27.96127],[-105.24295,27.961273],[-105.242955,27.955491],[-105.24306,27.955437],[-105.243796,27.95524],[-105.244484,27.955031],[-105.244677,27.955178],[-105.24458,27.96127]]]}},{"type":"Feature","properties":{"modulo":1,"idparcela":"300","productor":"MARQUEZ MAYORGA ISIDRO","cultivo":"Chile verde","superficie_fisica_ha":10.73,"superficie_riego_ha":10.73,"hectareas":10.286},"geometry":{"type":"Polygon","coordinates":[[[-105.24295,27.961273],[-105.241193,27.961277],[-105.241273,27.956017],[-105.242955,27.955491],[-105.24295,27.961273]]]}},{"type":"Feature","properties":{"modulo":1,"idparcela":"301","productor":"MARQUEZ MAYORGA ISIDRO","cultivo":"Ma­z","superficie_fisica_ha":11.17,"superficie_riego_ha":11.17,"hectareas":10.8},"geometry":{"type":"Polygon","coordinates":[[[-105.241193,27.961277],[-105.240043,27.961249],[-105.239977,27.961161],[-105.239845,27.960897],[-105.23958,27.960605],[-105.239447,27.960107],[-105.239248,27.959317],[-105.238949,27.95838],[-105.238947,27.957882],[-105.238848,27.95753],[-105.238626,27.956866],[-105.239077,27.956739],[-105.239868,27.956474],[-105.241273,27.956017],[-105.241193,27.961277]]]}},{"type":"Feature","properties":{"modulo":1,"idparcela":"293","productor":"CHAVERO MONTES RAMON","cultivo":"Nogal (Nuez)","superficie_fisica_ha":13.45,"superficie_riego_ha":12.34,"hectareas":12.417},"geometry":{"type":"Polygon","coordinates":[[[-105.254363,27.961281],[-105.252728,27.961252],[-105.252672,27.957094],[-105.252646,27.955559],[-105.254315,27.955042],[-105.254577,27.954988],[-105.25458,27.955218],[-105.254584,27.957034],[-105.254557,27.957249],[-105.25463,27.960867],[-105.25465,27.961265],[-105.254363,27.961281]]]}},{"type":"Feature","properties":{"modulo":1,"idparcela":"294","productor":"TERRAZAS NU¥EZ JUAN J.","cultivo":"Nogal (Nuez)","superficie_fisica_ha":9.605,"superficie_riego_ha":9,"hectareas":2.203},"geometry":{"type":"Polygon","coordinates":[[[-105.251147,27.954462],[-105.252598,27.954167],[-105.252698,27.954547],[-105.2527,27.955416],[-105.252667,27.955426],[-105.251282,27.955927],[-105.251248,27.95548],[-105.251147,27.954462]]]}},{"type":"Feature","properties":{"modulo":1,"idparcela":"293","productor":"CHAVERO MONTES RAMON","cultivo":"Nogal (Nuez)","superficie_fisica_ha":13.45,"superficie_riego_ha":12.34,"hectareas":2.334},"geometry":{"type":"Polygon","coordinates":[[[-105.252598,27.954167],[-105.254388,27.953832],[-105.254516,27.954124],[-105.254569,27.954311],[-105.254594,27.954617],[-105.254594,27.954789],[-105.254479,27.954872],[-105.254117,27.954984],[-105.2527,27.955416],[-105.252698,27.954547],[-105.252598,27.954167]]]}},{"type":"Feature","properties":{"modulo":1,"idparcela":"294","productor":"TERRAZAS NU¥EZ JUAN J.","cultivo":"Nogal (Nuez)","superficie_fisica_ha":9.605,"superficie_riego_ha":9,"hectareas":4.263},"geometry":{"type":"Polygon","coordinates":[[[-105.24957,27.957252],[-105.249581,27.956448],[-105.249666,27.95634],[-105.251612,27.955985],[-105.252601,27.955573],[-105.252646,27.955559],[-105.252672,27.957094],[-105.25234,27.957067],[-105.252077,27.957155],[-105.251582,27.957332],[-105.251385,27.95742],[-105.251154,27.957391],[-105.250791,27.957363],[-105.250626,27.957422],[-105.250329,27.957451],[-105.250098,27.957423],[-105.24957,27.957252]]]}},{"type":"Feature","properties":{"modulo":1,"idparcela":"296","productor":"CHAVERO MONTES RAMON","cultivo":"Sand­a","superficie_fisica_ha":10.84,"superficie_riego_ha":9.19,"hectareas":13.451},"geometry":{"type":"Polygon","coordinates":[[[-105.252728,27.961252],[-105.252777,27.961253],[-105.252685,27.961258],[-105.25265,27.961262],[-105.25265,27.96126],[-105.252728,27.961252]],[[-105.250329,27.957451],[-105.250626,27.957422],[-105.250791,27.957363],[-105.251154,27.957391],[-105.251385,27.95742],[-105.251582,27.957332],[-105.252077,27.957155],[-105.25234,27.957067],[-105.252672,27.957094],[-105.252728,27.961252],[-105.250992,27.961279],[-105.249948,27.961282],[-105.249695,27.961287],[-105.249606,27.961263],[-105.249579,27.961231],[-105.24957,27.957252],[-105.250098,27.957423],[-105.250329,27.957451]]]}},{"type":"Feature","properties":{"modulo":1,"idparcela":"328","productor":"DELGADO GUERRERO JOSE LUIS","cultivo":"Chile verde","superficie_fisica_ha":12.79,"superficie_riego_ha":9.08,"hectareas":20.517},"geometry":{"type":"Polygon","coordinates":[[[-105.259765,27.957785],[-105.259821,27.957678],[-105.259811,27.955109],[-105.259786,27.953685],[-105.259986,27.953596],[-105.260051,27.953186],[-105.261964,27.95289],[-105.263713,27.952974],[-105.26368,27.95315],[-105.263681,27.953531],[-105.263847,27.953677],[-105.264275,27.953676],[-105.26477,27.953763],[-105.264771,27.954115],[-105.26483,27.954409],[-105.264613,27.954673],[-105.262799,27.957077],[-105.262674,27.95772],[-105.262676,27.957794],[-105.259765,27.957785]]]}},{"type":"Feature","properties":{"modulo":1,"idparcela":"329","productor":"CHAVERO MONTES RAMON","cultivo":"Alfalfa","superficie_fisica_ha":13.07,"superficie_riego_ha":13.07,"hectareas":10.707},"geometry":{"type":"Polygon","coordinates":[[[-105.259773,27.961066],[-105.259765,27.957785],[-105.262676,27.957794],[-105.26274,27.961102],[-105.262512,27.961149],[-105.259905,27.961154],[-105.259773,27.961066]]]}},{"type":"Feature","properties":{"modulo":1,"idparcela":"331","productor":"TERRAZAS MARTINEZ ARTURO","cultivo":"Nogal (Nuez)","superficie_fisica_ha":11.59,"superficie_riego_ha":11.59,"hectareas":10.25},"geometry":{"type":"Polygon","coordinates":[[[-105.254812,27.962297],[-105.254805,27.961187],[-105.254806,27.961148],[-105.256732,27.960242],[-105.257116,27.960095],[-105.257239,27.960058],[-105.257499,27.959981],[-105.257846,27.959866],[-105.25834,27.959898],[-105.258596,27.959995],[-105.258908,27.960319],[-105.259036,27.960384],[-105.259183,27.960481],[-105.259183,27.96074],[-105.259184,27.961033],[-105.259313,27.96126],[-105.259431,27.961292],[-105.259476,27.961291],[-105.259667,27.961287],[-105.259591,27.962463],[-105.254812,27.962297]]]}},{"type":"Feature","properties":{"modulo":1,"idparcela":"332","productor":"TERRAZAS MARTINEZ ARTURO","cultivo":"Nogal (Nuez)","superficie_fisica_ha":9.75,"superficie_riego_ha":9.75,"hectareas":9.985},"geometry":{"type":"Polygon","coordinates":[[[-105.254807,27.964553],[-105.254812,27.962297],[-105.259591,27.962463],[-105.259652,27.965463],[-105.259618,27.965461],[-105.259414,27.965448],[-105.259267,27.965302],[-105.259066,27.965156],[-105.258608,27.964719],[-105.258497,27.964508],[-105.257069,27.963601],[-105.256795,27.963618],[-105.256283,27.963733],[-105.255881,27.963912],[-105.255535,27.964286],[-105.255389,27.964579],[-105.255045,27.96457],[-105.254807,27.964553]]]}},{"type":"Feature","properties":{"modulo":1,"idparcela":"9663","productor":"CHACON HERNANDEZ FELIPE","cultivo":"Sin Cultivo","superficie_fisica_ha":7,"superficie_riego_ha":7,"hectareas":8.291},"geometry":{"type":"Polygon","coordinates":[[[-105.227503,27.92264],[-105.227351,27.922639],[-105.227123,27.922715],[-105.226854,27.922793],[-105.225245,27.923342],[-105.225202,27.923493],[-105.225011,27.925847],[-105.224816,27.925866],[-105.224707,27.925731],[-105.224095,27.924208],[-105.224182,27.924112],[-105.224334,27.923938],[-105.224441,27.92334],[-105.224981,27.921795],[-105.225068,27.921679],[-105.225328,27.921467],[-105.225697,27.921293],[-105.226218,27.92108],[-105.226434,27.920751],[-105.226976,27.920133],[-105.227323,27.920113],[-105.227389,27.920364],[-105.227521,27.920942],[-105.22763,27.921193],[-105.227565,27.921386],[-105.227566,27.921656],[-105.227566,27.921965],[-105.227545,27.922351],[-105.227503,27.92264]]]}},{"type":"Feature","properties":{"modulo":1,"idparcela":"166","productor":"BURROLA RUBIO MIGUEL A.","cultivo":"Alfalfa","superficie_fisica_ha":4.47,"superficie_riego_ha":4.47,"hectareas":2.167},"geometry":{"type":"Polygon","coordinates":[[[-105.226058,27.927964],[-105.226348,27.927923],[-105.227424,27.92769],[-105.227452,27.927684],[-105.227546,27.927658],[-105.227609,27.927782],[-105.228104,27.928626],[-105.228043,27.928647],[-105.227982,27.928656],[-105.226929,27.928911],[-105.226017,27.929086],[-105.226017,27.929009],[-105.225973,27.9287],[-105.226059,27.928141],[-105.226058,27.927964]]]}},{"type":"Feature","properties":{"modulo":1,"idparcela":"166","productor":"BURROLA RUBIO MIGUEL A.","cultivo":"Alfalfa","superficie_fisica_ha":4.47,"superficie_riego_ha":4.47,"hectareas":3.001},"geometry":{"type":"Polygon","coordinates":[[[-105.230685,27.927901],[-105.22824,27.928575],[-105.228104,27.928626],[-105.227609,27.927782],[-105.227546,27.927658],[-105.227584,27.927651],[-105.22791,27.927591],[-105.228568,27.92741],[-105.229472,27.927265],[-105.229511,27.927259],[-105.229815,27.92717],[-105.229935,27.927146],[-105.23001,27.927131],[-105.230314,27.927053],[-105.230445,27.927111],[-105.230576,27.927496],[-105.230685,27.927901]]]}},{"type":"Feature","properties":{"modulo":1,"idparcela":"165","productor":"MARQUEZ MAYORGA ISIDRO","cultivo":"Alfalfa","superficie_fisica_ha":3.168,"superficie_riego_ha":3.168,"hectareas":3.124},"geometry":{"type":"Polygon","coordinates":[[[-105.227584,27.927651],[-105.227546,27.927658],[-105.227452,27.927684],[-105.227424,27.92769],[-105.226348,27.927923],[-105.226058,27.927964],[-105.226058,27.927832],[-105.225755,27.927131],[-105.225586,27.927048],[-105.228329,27.926556],[-105.228554,27.926844],[-105.229163,27.927074],[-105.229815,27.92717],[-105.229935,27.927146],[-105.229511,27.927259],[-105.229472,27.927265],[-105.228568,27.92741],[-105.22791,27.927591],[-105.227584,27.927651]]]}},{"type":"Feature","properties":{"modulo":1,"idparcela":"164","productor":"SOTELO MONTES ANTONIO","cultivo":"Chile verde","superficie_fisica_ha":3.168,"superficie_riego_ha":3.168,"hectareas":3.642},"geometry":{"type":"Polygon","coordinates":[[[-105.225586,27.927048],[-105.225557,27.927022],[-105.225426,27.926656],[-105.225272,27.925865],[-105.225272,27.925846],[-105.227216,27.925267],[-105.227247,27.925303],[-105.227574,27.925688],[-105.227966,27.926092],[-105.228329,27.926556],[-105.225586,27.927048]]]}},{"type":"Feature","properties":{"modulo":1,"idparcela":"162","productor":"ALARCON CHACON CRUZ","cultivo":"Otros Cultivos Varios","superficie_fisica_ha":3.456,"superficie_riego_ha":3.456,"hectareas":6.805},"geometry":{"type":"Polygon","coordinates":[[[-105.225272,27.925865],[-105.225171,27.925783],[-105.225194,27.925602],[-105.225354,27.923531],[-105.226895,27.923065],[-105.227545,27.922827],[-105.227623,27.923234],[-105.22783,27.923276],[-105.228025,27.923276],[-105.228329,27.923198],[-105.22846,27.923642],[-105.228309,27.923951],[-105.228397,27.924548],[-105.228311,27.924742],[-105.228163,27.924762],[-105.227963,27.924839],[-105.227854,27.924723],[-105.227724,27.924627],[-105.227463,27.924666],[-105.227225,27.924724],[-105.227095,27.924936],[-105.227095,27.925129],[-105.227216,27.925267],[-105.225272,27.925846],[-105.225272,27.925865]]]}},{"type":"Feature","properties":{"modulo":1,"idparcela":"257","productor":"PONCE RIOS SAUL","cultivo":"Chile verde","superficie_fisica_ha":15.53,"superficie_riego_ha":14.96,"hectareas":7.49},"geometry":{"type":"Polygon","coordinates":[[[-105.236065,27.946832],[-105.235961,27.946852],[-105.235866,27.946858],[-105.235724,27.946858],[-105.235638,27.946883],[-105.235269,27.94701],[-105.234881,27.947222],[-105.234651,27.947073],[-105.234376,27.946877],[-105.234178,27.946719],[-105.23394,27.946469],[-105.233698,27.946096],[-105.233594,27.94582],[-105.233445,27.94546],[-105.233234,27.945234],[-105.233118,27.944892],[-105.233198,27.94466],[-105.233364,27.944379],[-105.233289,27.943997],[-105.233157,27.943473],[-105.233098,27.943165],[-105.23327,27.943175],[-105.233298,27.943251],[-105.233384,27.943301],[-105.233555,27.943402],[-105.233669,27.943528],[-105.233982,27.943603],[-105.234152,27.943628],[-105.234494,27.943628],[-105.234607,27.943577],[-105.234854,27.943528],[-105.234859,27.943908],[-105.234978,27.944182],[-105.235292,27.944788],[-105.235749,27.945646],[-105.236036,27.946655],[-105.236065,27.946832]]]}},{"type":"Feature","properties":{"modulo":1,"idparcela":"255","productor":"MARQUEZ MAYORGA ROMAN","cultivo":"Alfalfa","superficie_fisica_ha":10.17,"superficie_riego_ha":9.05,"hectareas":10.428},"geometry":{"type":"Polygon","coordinates":[[[-105.233098,27.943165],[-105.23291,27.943067],[-105.232681,27.942995],[-105.232407,27.942809],[-105.232042,27.942433],[-105.23167,27.941789],[-105.231978,27.94161],[-105.235536,27.939105],[-105.235778,27.939405],[-105.234834,27.943425],[-105.234854,27.943528],[-105.234607,27.943577],[-105.234494,27.943628],[-105.234152,27.943628],[-105.233982,27.943603],[-105.233669,27.943528],[-105.233555,27.943402],[-105.233384,27.943301],[-105.233298,27.943251],[-105.23327,27.943175],[-105.233098,27.943165]]]}},{"type":"Feature","properties":{"modulo":1,"idparcela":"246","productor":"BURROLA REYES JOSE DEL CARMEN","cultivo":"Alfalfa","superficie_fisica_ha":13.35,"superficie_riego_ha":10,"hectareas":5.984},"geometry":{"type":"Polygon","coordinates":[[[-105.23167,27.941789],[-105.231184,27.941349],[-105.231075,27.941234],[-105.23137,27.941038],[-105.231416,27.941006],[-105.231434,27.940989],[-105.231445,27.940956],[-105.23442,27.938834],[-105.234568,27.938728],[-105.235392,27.938146],[-105.235761,27.937943],[-105.235818,27.937766],[-105.235902,27.937286],[-105.235958,27.936781],[-105.236099,27.936503],[-105.236213,27.936402],[-105.236357,27.935829],[-105.236411,27.935796],[-105.236496,27.935947],[-105.236074,27.938145],[-105.235778,27.939405],[-105.235536,27.939105],[-105.231978,27.94161],[-105.23167,27.941789]]]}},{"type":"Feature","properties":{"modulo":1,"idparcela":"244","productor":"MARQUEZ MAYORGA NOEL","cultivo":"Chile verde","superficie_fisica_ha":4.65,"superficie_riego_ha":4.65,"hectareas":3.177},"geometry":{"type":"Polygon","coordinates":[[[-105.234133,27.937374],[-105.235956,27.936074],[-105.236357,27.935829],[-105.236213,27.936402],[-105.236099,27.936503],[-105.235958,27.936781],[-105.235902,27.937286],[-105.235818,27.937766],[-105.235761,27.937943],[-105.235392,27.938146],[-105.234568,27.938728],[-105.23442,27.938834],[-105.234133,27.937374]]]}},{"type":"Feature","properties":{"modulo":1,"idparcela":"243","productor":"MONTES DE LA ROSA HECTOR","cultivo":"Chile verde","superficie_fisica_ha":1.2,"superficie_riego_ha":1.2,"hectareas":6.147},"geometry":{"type":"Polygon","coordinates":[[[-105.23137,27.941038],[-105.231204,27.940879],[-105.231093,27.940738],[-105.230875,27.940528],[-105.230672,27.940286],[-105.230396,27.940033],[-105.234133,27.937374],[-105.23442,27.938834],[-105.231445,27.940956],[-105.231434,27.940989],[-105.231416,27.941006],[-105.23137,27.941038]]]}},{"type":"Feature","properties":{"modulo":1,"idparcela":"243","productor":"MONTES DE LA ROSA HECTOR","cultivo":"Chile verde","superficie_fisica_ha":1.2,"superficie_riego_ha":1.2,"hectareas":1.73},"geometry":{"type":"Polygon","coordinates":[[[-105.226476,27.939599],[-105.226213,27.939676],[-105.225804,27.939694],[-105.225406,27.939803],[-105.225076,27.939891],[-105.224922,27.93988],[-105.224743,27.939936],[-105.224649,27.940062],[-105.224499,27.940122],[-105.224473,27.939941],[-105.224629,27.939718],[-105.224724,27.93963],[-105.224865,27.939552],[-105.22495,27.939375],[-105.225091,27.939147],[-105.225318,27.938844],[-105.225346,27.938591],[-105.22563,27.938389],[-105.225743,27.938212],[-105.225768,27.93816],[-105.226476,27.939599]]]}},{"type":"Feature","properties":{"modulo":1,"idparcela":"242","productor":"MONTES DE LA ROSA HECTOR","cultivo":"Alfalfa","superficie_fisica_ha":4,"superficie_riego_ha":4,"hectareas":4.468},"geometry":{"type":"Polygon","coordinates":[[[-105.228545,27.939764],[-105.227965,27.939597],[-105.227823,27.939597],[-105.227626,27.939667],[-105.227339,27.939699],[-105.227055,27.939649],[-105.22677,27.939599],[-105.226476,27.939599],[-105.225768,27.93816],[-105.225828,27.938035],[-105.225942,27.937757],[-105.226283,27.937706],[-105.226567,27.937731],[-105.226852,27.93773],[-105.22705,27.937553],[-105.227363,27.937224],[-105.227505,27.937249],[-105.227562,27.937502],[-105.228277,27.939142],[-105.228619,27.939646],[-105.228545,27.939764]]]}},{"type":"Feature","properties":{"modulo":1,"idparcela":"241","productor":"BURCIAGA FIERRO SOCORRO","cultivo":"Alfalfa","superficie_fisica_ha":3.63,"superficie_riego_ha":3.63,"hectareas":3.126},"geometry":{"type":"Polygon","coordinates":[[[-105.229899,27.939871],[-105.2297,27.939695],[-105.229443,27.939468],[-105.229257,27.939357],[-105.229061,27.939294],[-105.228823,27.939232],[-105.228627,27.939188],[-105.22839,27.939015],[-105.227847,27.937653],[-105.227562,27.937199],[-105.227732,27.937072],[-105.227959,27.93692],[-105.228214,27.936617],[-105.228413,27.936541],[-105.22846,27.936491],[-105.229899,27.939871]]]}},{"type":"Feature","properties":{"modulo":1,"idparcela":"240","productor":"MARQUEZ ARMENDARIZ SALOMON","cultivo":"Alfalfa","superficie_fisica_ha":3.75,"superficie_riego_ha":3.75,"hectareas":3.984},"geometry":{"type":"Polygon","coordinates":[[[-105.230156,27.940098],[-105.229899,27.939871],[-105.22846,27.936491],[-105.228697,27.936237],[-105.228924,27.936085],[-105.229292,27.936085],[-105.230786,27.939624],[-105.230156,27.940098]]]}},{"type":"Feature","properties":{"modulo":1,"idparcela":"239","productor":"CHACON HERNANDEZ SANTOS","cultivo":"Alfalfa","superficie_fisica_ha":4.1703,"superficie_riego_ha":4.1703,"hectareas":4.041},"geometry":{"type":"Polygon","coordinates":[[[-105.229292,27.936085],[-105.229322,27.936084],[-105.229311,27.935956],[-105.229566,27.935827],[-105.229854,27.935687],[-105.230017,27.935751],[-105.230203,27.935833],[-105.230321,27.935907],[-105.231566,27.939046],[-105.230865,27.939551],[-105.230786,27.939624],[-105.229292,27.936085]]]}},{"type":"Feature","properties":{"modulo":1,"idparcela":"238","productor":"HERNANDEZ CHACON ARTURO","cultivo":"Alfalfa","superficie_fisica_ha":3.63,"superficie_riego_ha":3.63,"hectareas":3.673},"geometry":{"type":"Polygon","coordinates":[[[-105.230321,27.935907],[-105.230516,27.935754],[-105.231027,27.935375],[-105.231137,27.935255],[-105.232388,27.938431],[-105.232402,27.938466],[-105.231566,27.939046],[-105.230321,27.935907]]]}},{"type":"Feature","properties":{"modulo":1,"idparcela":"237","productor":"MARQUEZ BURROLA RAMON","cultivo":"Chile verde","superficie_fisica_ha":4.305,"superficie_riego_ha":4.305,"hectareas":4.505},"geometry":{"type":"Polygon","coordinates":[[[-105.231137,27.935255],[-105.231417,27.935225],[-105.231608,27.935106],[-105.23178,27.935083],[-105.232041,27.935174],[-105.232477,27.935145],[-105.232517,27.935123],[-105.233511,27.937732],[-105.232467,27.93843],[-105.232402,27.938466],[-105.232388,27.938431],[-105.231137,27.935255]]]}},{"type":"Feature","properties":{"modulo":1,"idparcela":"236","productor":"MARQUEZ MAYORGA NOEL","cultivo":"Alfalfa","superficie_fisica_ha":4.4611,"superficie_riego_ha":4.17,"hectareas":4.655},"geometry":{"type":"Polygon","coordinates":[[[-105.232517,27.935123],[-105.232704,27.935018],[-105.233017,27.934816],[-105.233301,27.934638],[-105.233699,27.93441],[-105.233916,27.934336],[-105.234824,27.936775],[-105.234813,27.936782],[-105.233563,27.937694],[-105.233511,27.937732],[-105.232517,27.935123]]]}},{"type":"Feature","properties":{"modulo":1,"idparcela":"235","productor":"CHACON HERNANDEZ FELIPE","cultivo":"Nogal (Nuez)","superficie_fisica_ha":4.185,"superficie_riego_ha":4.185,"hectareas":4.404},"geometry":{"type":"Polygon","coordinates":[[[-105.233916,27.934336],[-105.234196,27.934288],[-105.234443,27.934245],[-105.234629,27.934346],[-105.234825,27.934409],[-105.235054,27.934338],[-105.235197,27.93424],[-105.234967,27.933994],[-105.23512,27.933887],[-105.235347,27.933776],[-105.235536,27.933775],[-105.235645,27.933834],[-105.236048,27.934443],[-105.235946,27.934558],[-105.235804,27.934786],[-105.235975,27.934937],[-105.236259,27.934936],[-105.236261,27.935568],[-105.236204,27.93577],[-105.235949,27.935972],[-105.234824,27.936775],[-105.233916,27.934336]]]}},{"type":"Feature","properties":{"modulo":1,"idparcela":"234","productor":"MARQUEZ DE LA ROSA HORACIO","cultivo":"Alfalfa","superficie_fisica_ha":3.96,"superficie_riego_ha":3.96,"hectareas":4.264},"geometry":{"type":"Polygon","coordinates":[[[-105.235645,27.933834],[-105.23575,27.933762],[-105.235606,27.933471],[-105.23579,27.933416],[-105.235974,27.933395],[-105.236235,27.933286],[-105.236377,27.933153],[-105.2365,27.933012],[-105.236511,27.932815],[-105.23668,27.932486],[-105.236965,27.93241],[-105.237249,27.932485],[-105.237679,27.932571],[-105.237909,27.932719],[-105.238116,27.932792],[-105.238226,27.932692],[-105.238359,27.93271],[-105.238444,27.932811],[-105.238331,27.933039],[-105.237197,27.934733],[-105.236884,27.934758],[-105.236585,27.934818],[-105.236486,27.934784],[-105.236258,27.934558],[-105.236075,27.934477],[-105.236048,27.934443],[-105.235645,27.933834]]]}},{"type":"Feature","properties":{"modulo":1,"idparcela":"167","productor":"MARQUEZ MAYORGA ROMAN","cultivo":"Alfalfa","superficie_fisica_ha":6.441,"superficie_riego_ha":4.7025,"hectareas":6.147},"geometry":{"type":"Polygon","coordinates":[[[-105.226017,27.929086],[-105.226929,27.928911],[-105.227982,27.928656],[-105.228043,27.928647],[-105.228104,27.928626],[-105.22824,27.928575],[-105.230685,27.927901],[-105.230938,27.928564],[-105.230577,27.928716],[-105.230282,27.928842],[-105.230208,27.929119],[-105.230125,27.929119],[-105.228186,27.929628],[-105.228443,27.930284],[-105.228438,27.930285],[-105.227704,27.930437],[-105.22756,27.929806],[-105.225543,27.930337],[-105.225428,27.929961],[-105.225541,27.929859],[-105.225712,27.929834],[-105.225769,27.92991],[-105.225854,27.929884],[-105.225939,27.929808],[-105.225939,27.929606],[-105.225967,27.929404],[-105.226017,27.929086]]]}},{"type":"Feature","properties":{"modulo":1,"idparcela":"176","productor":"HERNANDEZ SANTOS ALFREDO","cultivo":"Ma­z","superficie_fisica_ha":3,"superficie_riego_ha":3,"hectareas":9.363},"geometry":{"type":"Polygon","coordinates":[[[-105.233301,27.932331],[-105.233331,27.932303],[-105.233344,27.932278],[-105.233464,27.932029],[-105.23351,27.932004],[-105.233849,27.931815],[-105.234102,27.931669],[-105.234234,27.931583],[-105.234426,27.931461],[-105.234526,27.931397],[-105.234507,27.931378],[-105.234346,27.93121],[-105.233978,27.931082],[-105.233633,27.930925],[-105.233509,27.930704],[-105.2335,27.930659],[-105.233751,27.930602],[-105.233875,27.930325],[-105.234062,27.930172],[-105.234758,27.929977],[-105.235252,27.929854],[-105.235921,27.929968],[-105.235893,27.93017],[-105.236207,27.930473],[-105.23652,27.930599],[-105.236776,27.930724],[-105.237004,27.930901],[-105.237118,27.931103],[-105.236864,27.931659],[-105.236595,27.932137],[-105.23624,27.932443],[-105.236076,27.932804],[-105.235885,27.932938],[-105.235413,27.933146],[-105.235194,27.933358],[-105.235043,27.933526],[-105.234937,27.933554],[-105.234872,27.933683],[-105.233301,27.932331]]]}},{"type":"Feature","properties":{"modulo":1,"idparcela":"************","productor":null,"cultivo":"Sin Cultivo","superficie_fisica_ha":null,"superficie_riego_ha":null,"hectareas":8.522},"geometry":{"type":"Polygon","coordinates":[[[-105.2335,27.930659],[-105.233509,27.930704],[-105.233633,27.930925],[-105.233978,27.931082],[-105.234346,27.93121],[-105.234507,27.931378],[-105.234526,27.931397],[-105.234426,27.931461],[-105.234234,27.931583],[-105.234102,27.931669],[-105.233849,27.931815],[-105.23351,27.932004],[-105.233464,27.932029],[-105.233344,27.932278],[-105.233331,27.932303],[-105.233301,27.932331],[-105.233241,27.932505],[-105.233234,27.932537],[-105.233124,27.932623],[-105.233061,27.932694],[-105.233065,27.932756],[-105.232959,27.932908],[-105.232878,27.933026],[-105.232768,27.933107],[-105.232657,27.933175],[-105.232516,27.933207],[-105.23238,27.933253],[-105.23226,27.933258],[-105.232175,27.933207],[-105.232035,27.932961],[-105.232397,27.93101],[-105.231165,27.93165],[-105.229471,27.93253],[-105.229213,27.931141],[-105.229208,27.931114],[-105.229184,27.93051],[-105.230417,27.930173],[-105.230766,27.930298],[-105.231123,27.930519],[-105.232165,27.930522],[-105.232894,27.930602],[-105.233179,27.930683],[-105.2335,27.930659]]]}},{"type":"Feature","properties":{"modulo":1,"idparcela":"180","productor":"MARQUEZ HOLGUIN MIGUEL AGUSTI","cultivo":"Alfalfa","superficie_fisica_ha":4.375,"superficie_riego_ha":4.375,"hectareas":3.78},"geometry":{"type":"Polygon","coordinates":[[[-105.23173,27.933467],[-105.231777,27.933612],[-105.231778,27.933789],[-105.232007,27.93442],[-105.23195,27.934496],[-105.231666,27.934597],[-105.231154,27.934724],[-105.230955,27.934927],[-105.230615,27.935255],[-105.230473,27.935458],[-105.230331,27.935584],[-105.230047,27.935635],[-105.229904,27.935534],[-105.229734,27.935509],[-105.229677,27.935409],[-105.229932,27.935307],[-105.230131,27.935256],[-105.230102,27.935004],[-105.230045,27.934777],[-105.230073,27.934524],[-105.229668,27.933962],[-105.229958,27.933667],[-105.230155,27.933236],[-105.230155,27.933046],[-105.230444,27.933081],[-105.23085,27.933097],[-105.23173,27.933467]]]}},{"type":"Feature","properties":{"modulo":1,"idparcela":"173","productor":"BURROLA MORALES RICARDO","cultivo":"Alfalfa","superficie_fisica_ha":5.565,"superficie_riego_ha":5.565,"hectareas":2.272},"geometry":{"type":"Polygon","coordinates":[[[-105.231165,27.93165],[-105.232397,27.93101],[-105.232035,27.932961],[-105.231918,27.932905],[-105.231634,27.933158],[-105.231606,27.93336],[-105.23173,27.933467],[-105.230882,27.93311],[-105.23085,27.933097],[-105.231165,27.93165]]]}},{"type":"Feature","properties":{"modulo":1,"idparcela":"168","productor":"URANGA NU¥EZ MERCED","cultivo":"Alfalfa","superficie_fisica_ha":4.736,"superficie_riego_ha":4.736,"hectareas":2.591},"geometry":{"type":"Polygon","coordinates":[[[-105.230125,27.929119],[-105.230208,27.929119],[-105.23012,27.9297],[-105.230376,27.930129],[-105.230417,27.930173],[-105.229184,27.93051],[-105.229208,27.931114],[-105.228798,27.931286],[-105.228738,27.931057],[-105.2285,27.930334],[-105.228438,27.930285],[-105.228443,27.930284],[-105.228186,27.929628],[-105.230125,27.929119]]]}},{"type":"Feature","properties":{"modulo":1,"idparcela":"172","productor":"MARQUEZ FIERRO ARTURO","cultivo":"Alfalfa","superficie_fisica_ha":3.4775,"superficie_riego_ha":3.4775,"hectareas":2.669},"geometry":{"type":"Polygon","coordinates":[[[-105.229208,27.931114],[-105.229213,27.931141],[-105.229471,27.93253],[-105.231165,27.93165],[-105.23085,27.933097],[-105.230444,27.933081],[-105.230155,27.933046],[-105.229728,27.932984],[-105.229558,27.933111],[-105.229217,27.933263],[-105.229129,27.933441],[-105.228989,27.933112],[-105.228875,27.932834],[-105.228874,27.93243],[-105.228873,27.931975],[-105.228878,27.931891],[-105.2289,27.931495],[-105.228815,27.931319],[-105.228798,27.931286],[-105.229208,27.931114]]]}},{"type":"Feature","properties":{"modulo":1,"idparcela":"183","productor":"PORRAS TORRES LIDIA","cultivo":"Sin Cultivo","superficie_fisica_ha":3.7121,"superficie_riego_ha":3.7121,"hectareas":1.634},"geometry":{"type":"Polygon","coordinates":[[[-105.225654,27.937595],[-105.225558,27.937789],[-105.22553,27.938042],[-105.225189,27.938295],[-105.224933,27.938447],[-105.224877,27.9387],[-105.224821,27.939003],[-105.224679,27.939356],[-105.224452,27.939685],[-105.224339,27.939685],[-105.22431,27.939509],[-105.224309,27.939206],[-105.224309,27.938953],[-105.224308,27.938599],[-105.224194,27.938398],[-105.224335,27.93812],[-105.224648,27.937816],[-105.225215,27.93731],[-105.225335,27.937227],[-105.225654,27.937595]]]}},{"type":"Feature","properties":{"modulo":1,"idparcela":"172","productor":"MARQUEZ FIERRO ARTURO","cultivo":"Alfalfa","superficie_fisica_ha":3.4775,"superficie_riego_ha":3.4775,"hectareas":5.203},"geometry":{"type":"Polygon","coordinates":[[[-105.229389,27.933972],[-105.229589,27.934196],[-105.229788,27.934348],[-105.229903,27.934827],[-105.229904,27.935156],[-105.229364,27.935434],[-105.229194,27.935712],[-105.228853,27.935789],[-105.22854,27.935915],[-105.228256,27.936194],[-105.228029,27.936497],[-105.22766,27.9367],[-105.227262,27.936928],[-105.226978,27.937105],[-105.226638,27.93751],[-105.226098,27.93746],[-105.22587,27.93746],[-105.225671,27.937562],[-105.225655,27.937595],[-105.225335,27.937227],[-105.225471,27.937133],[-105.225812,27.93688],[-105.226067,27.936652],[-105.226522,27.936575],[-105.22692,27.936474],[-105.227091,27.936423],[-105.227204,27.936322],[-105.227374,27.936094],[-105.227459,27.935791],[-105.227459,27.935488],[-105.227427,27.93542],[-105.229389,27.933972]]]}},{"type":"Feature","properties":{"modulo":1,"idparcela":"169","productor":"PARCELA ESCOLAR J.MA.MORELOS","cultivo":"Sin Cultivo","superficie_fisica_ha":1.3,"superficie_riego_ha":1.3,"hectareas":6.727},"geometry":{"type":"Polygon","coordinates":[[[-105.227491,27.933073],[-105.227539,27.932988],[-105.227396,27.93271],[-105.226997,27.932231],[-105.226455,27.931828],[-105.226227,27.931576],[-105.225915,27.931551],[-105.225543,27.930337],[-105.22756,27.929806],[-105.227704,27.930437],[-105.228438,27.930285],[-105.2285,27.930334],[-105.228738,27.931057],[-105.228747,27.93109],[-105.228798,27.931286],[-105.228815,27.931319],[-105.2289,27.931495],[-105.228878,27.931891],[-105.228731,27.93195],[-105.228503,27.932001],[-105.228333,27.932128],[-105.228134,27.932305],[-105.228106,27.932532],[-105.227993,27.932835],[-105.227908,27.932962],[-105.227747,27.933018],[-105.227539,27.933114],[-105.227491,27.933073]]]}},{"type":"Feature","properties":{"modulo":1,"idparcela":"171","productor":"MARQUEZ HOLGUIN JESUS","cultivo":"Nogal (Nuez)","superficie_fisica_ha":5.17,"superficie_riego_ha":5.17,"hectareas":4.73},"geometry":{"type":"Polygon","coordinates":[[[-105.22915,27.93349],[-105.229275,27.933843],[-105.229323,27.933897],[-105.229389,27.933972],[-105.227427,27.93542],[-105.227259,27.935059],[-105.227286,27.934781],[-105.227143,27.934074],[-105.227142,27.933695],[-105.227169,27.93319],[-105.227197,27.933013],[-105.227311,27.932938],[-105.227491,27.933073],[-105.227539,27.933114],[-105.227747,27.933018],[-105.227908,27.932962],[-105.227993,27.932835],[-105.228106,27.932532],[-105.228134,27.932305],[-105.228333,27.932128],[-105.228503,27.932001],[-105.228731,27.93195],[-105.228878,27.931891],[-105.228873,27.931975],[-105.228874,27.93243],[-105.228875,27.932834],[-105.228989,27.933112],[-105.229129,27.933441],[-105.22915,27.93349]]]}},{"type":"Feature","properties":{"modulo":1,"idparcela":"174","productor":"VALLE ORTEGA BENITO","cultivo":"Alfalfa","superficie_fisica_ha":3.9157,"superficie_riego_ha":3.9157,"hectareas":3.316},"geometry":{"type":"Polygon","coordinates":[[[-105.233065,27.932756],[-105.233061,27.932694],[-105.233124,27.932623],[-105.233234,27.932537],[-105.233241,27.932505],[-105.233301,27.932331],[-105.234872,27.933683],[-105.234873,27.93371],[-105.234844,27.933836],[-105.234791,27.933924],[-105.234716,27.933974],[-105.234488,27.933979],[-105.234302,27.933982],[-105.234108,27.934035],[-105.233902,27.934107],[-105.233599,27.93418],[-105.233395,27.934281],[-105.23316,27.934479],[-105.232979,27.934628],[-105.232839,27.934699],[-105.232742,27.93473],[-105.232654,27.934712],[-105.232432,27.934571],[-105.232376,27.934485],[-105.232222,27.934421],[-105.232118,27.934191],[-105.232024,27.933922],[-105.231999,27.933787],[-105.232182,27.933715],[-105.232411,27.933711],[-105.232573,27.933649],[-105.232853,27.933528],[-105.233025,27.933456],[-105.233077,27.933349],[-105.233081,27.933078],[-105.233065,27.932756]]]}},{"type":"Feature","properties":{"modulo":1,"idparcela":"238","productor":"HERNANDEZ CHACON ARTURO","cultivo":"Alfalfa","superficie_fisica_ha":3.63,"superficie_riego_ha":3.63,"hectareas":3.361},"geometry":{"type":"Polygon","coordinates":[[[-105.221535,27.970066],[-105.22164,27.969613],[-105.22183,27.968555],[-105.221872,27.96829],[-105.221742,27.967044],[-105.221526,27.965552],[-105.221248,27.965005],[-105.221205,27.964533],[-105.222252,27.96676],[-105.222231,27.966987],[-105.222703,27.969082],[-105.222874,27.969384],[-105.222917,27.969573],[-105.22279,27.969845],[-105.221535,27.970066]]]}},{"type":"Feature","properties":{"modulo":1,"idparcela":"209","productor":"AVALOS FRAUSTO RITO EVELARDO","cultivo":"Alfalfa","superficie_fisica_ha":6.368,"superficie_riego_ha":6.368,"hectareas":2.515},"geometry":{"type":"Polygon","coordinates":[[[-105.22279,27.969845],[-105.222812,27.970121],[-105.222791,27.970291],[-105.222728,27.97099],[-105.222697,27.971736],[-105.221249,27.971489],[-105.221302,27.970784],[-105.221535,27.970066],[-105.22279,27.969845]]]}},{"type":"Feature","properties":{"modulo":1,"idparcela":"210","productor":"CANO SALAZAR SALVADOR","cultivo":"Cacahuate","superficie_fisica_ha":5.6066,"superficie_riego_ha":5.224,"hectareas":9.042},"geometry":{"type":"Polygon","coordinates":[[[-105.222697,27.971736],[-105.222709,27.97184],[-105.222624,27.972142],[-105.222646,27.972539],[-105.222712,27.97317],[-105.222777,27.97341],[-105.223029,27.974053],[-105.223393,27.974657],[-105.22162,27.975272],[-105.2215,27.97529],[-105.221451,27.975399],[-105.220057,27.975872],[-105.220015,27.975886],[-105.220542,27.9736],[-105.22124,27.971521],[-105.221249,27.971489],[-105.222697,27.971736]]]}},{"type":"Feature","properties":{"modulo":1,"idparcela":"211","productor":"HERNANDEZ RAMIREZ SALVADOR","cultivo":"Alfalfa","superficie_fisica_ha":6.288,"superficie_riego_ha":6.288,"hectareas":5.431},"geometry":{"type":"Polygon","coordinates":[[[-105.221451,27.975399],[-105.22153,27.97548],[-105.221639,27.975655],[-105.222357,27.977899],[-105.222384,27.977944],[-105.220659,27.978548],[-105.220638,27.978493],[-105.219892,27.976463],[-105.219867,27.976396],[-105.220057,27.975872],[-105.221451,27.975399]]]}},{"type":"Feature","properties":{"modulo":1,"idparcela":"212","productor":"LOPEZ REYES MANUEL","cultivo":"Alfalfa","superficie_fisica_ha":5.584,"superficie_riego_ha":5.584,"hectareas":6.006},"geometry":{"type":"Polygon","coordinates":[[[-105.221667,27.975455],[-105.22161,27.975393],[-105.223481,27.974747],[-105.223993,27.975729],[-105.224079,27.975899],[-105.224187,27.976616],[-105.224315,27.977013],[-105.224465,27.977371],[-105.222785,27.977829],[-105.222537,27.977888],[-105.221667,27.975455]]]}},{"type":"Feature","properties":{"modulo":1,"idparcela":"************","productor":null,"cultivo":"Sin Cultivo","superficie_fisica_ha":null,"superficie_riego_ha":null,"hectareas":1.939},"geometry":{"type":"Polygon","coordinates":[[[-105.220659,27.978548],[-105.220361,27.978624],[-105.219553,27.978852],[-105.219106,27.978929],[-105.219892,27.976463],[-105.220638,27.978493],[-105.220659,27.978548]]]}},{"type":"Feature","properties":{"modulo":1,"idparcela":"217","productor":"CHACON CANO DAMIAN","cultivo":"Alfalfa","superficie_fisica_ha":6.376,"superficie_riego_ha":6.376,"hectareas":5.696},"geometry":{"type":"Polygon","coordinates":[[[-105.219773,27.981892],[-105.219754,27.981858],[-105.219706,27.981776],[-105.219686,27.981742],[-105.218972,27.979744],[-105.218937,27.979647],[-105.21895,27.979297],[-105.219069,27.979166],[-105.219298,27.979155],[-105.219532,27.97906],[-105.219745,27.979003],[-105.219831,27.978959],[-105.220003,27.978906],[-105.220438,27.978835],[-105.220621,27.978806],[-105.221643,27.981097],[-105.221708,27.981178],[-105.221633,27.981147],[-105.220233,27.981708],[-105.219773,27.981892]]]}},{"type":"Feature","properties":{"modulo":1,"idparcela":"216","productor":"ONTIVEROS TALAMANTES JULIO C.","cultivo":"Alfalfa","superficie_fisica_ha":5.584,"superficie_riego_ha":5.584,"hectareas":5.651},"geometry":{"type":"Polygon","coordinates":[[[-105.220621,27.978806],[-105.222569,27.978124],[-105.222699,27.978492],[-105.223062,27.979517],[-105.223526,27.980599],[-105.223554,27.980601],[-105.222021,27.981099],[-105.221895,27.981138],[-105.221677,27.981139],[-105.221666,27.981139],[-105.22167,27.981151],[-105.221652,27.981139],[-105.221643,27.981097],[-105.220621,27.978806]]]}},{"type":"Feature","properties":{"modulo":1,"idparcela":"215","productor":"COLORADO RONQUILLO JOSE R.","cultivo":"Alfalfa","superficie_fisica_ha":3.152,"superficie_riego_ha":3.152,"hectareas":3.629},"geometry":{"type":"Polygon","coordinates":[[[-105.222569,27.978124],[-105.222688,27.978091],[-105.224508,27.977522],[-105.224593,27.97773],[-105.224764,27.977899],[-105.224998,27.978088],[-105.225169,27.97822],[-105.225276,27.978371],[-105.225297,27.978503],[-105.225276,27.978692],[-105.22517,27.978862],[-105.223062,27.979517],[-105.222569,27.978124]]]}},{"type":"Feature","properties":{"modulo":1,"idparcela":"219","productor":"GONZALEZ ORTIZ OSCAR","cultivo":"Sin Cultivo","superficie_fisica_ha":3.256,"superficie_riego_ha":3.256,"hectareas":3.027},"geometry":{"type":"Polygon","coordinates":[[[-105.22517,27.978862],[-105.225213,27.978881],[-105.225405,27.979051],[-105.225533,27.979258],[-105.225597,27.979522],[-105.225747,27.979711],[-105.225848,27.979873],[-105.225853,27.979881],[-105.223578,27.980602],[-105.223554,27.980601],[-105.223526,27.980599],[-105.223062,27.979517],[-105.22517,27.978862]]]}},{"type":"Feature","properties":{"modulo":1,"idparcela":"220","productor":"GONZALEZ TALAMANTES LUIS E.","cultivo":"Alfalfa","superficie_fisica_ha":7.11,"superficie_riego_ha":7.11,"hectareas":6.823},"geometry":{"type":"Polygon","coordinates":[[[-105.225848,27.979873],[-105.225896,27.9799],[-105.225981,27.980088],[-105.226153,27.980749],[-105.226281,27.980768],[-105.226324,27.981127],[-105.226679,27.982355],[-105.224466,27.983066],[-105.224355,27.982766],[-105.223563,27.980639],[-105.223554,27.980601],[-105.223578,27.980602],[-105.225853,27.979881],[-105.225848,27.979873]]]}},{"type":"Feature","properties":{"modulo":1,"idparcela":"279","productor":"URQUIDI MARQUEZ MERCED","cultivo":"Sin Cultivo","superficie_fisica_ha":4.616,"superficie_riego_ha":4.616,"hectareas":5.212},"geometry":{"type":"Polygon","coordinates":[[[-105.229196,27.980858],[-105.229173,27.980873],[-105.22711,27.982247],[-105.227092,27.982259],[-105.227071,27.982202],[-105.226901,27.982127],[-105.226837,27.982033],[-105.226751,27.981674],[-105.226623,27.981504],[-105.226814,27.981447],[-105.227027,27.98139],[-105.227303,27.98139],[-105.227261,27.981257],[-105.227239,27.981069],[-105.227047,27.98088],[-105.226813,27.980824],[-105.226642,27.980692],[-105.226408,27.980503],[-105.226429,27.980314],[-105.226705,27.980219],[-105.227024,27.980257],[-105.227195,27.98037],[-105.227472,27.980388],[-105.227663,27.980407],[-105.227918,27.98035],[-105.227897,27.980274],[-105.227748,27.980161],[-105.227428,27.980105],[-105.227215,27.98003],[-105.227151,27.979935],[-105.227257,27.979746],[-105.227108,27.979671],[-105.227066,27.979558],[-105.227384,27.979425],[-105.227597,27.979255],[-105.227873,27.979122],[-105.228192,27.97914],[-105.228469,27.979272],[-105.228661,27.97948],[-105.229002,27.979819],[-105.229301,27.980083],[-105.229132,27.98048],[-105.229196,27.980858]]]}},{"type":"Feature","properties":{"modulo":1,"idparcela":"280","productor":"HERNANDEZ RAMIREZ SALVADOR","cultivo":"Chile verde","superficie_fisica_ha":4.52,"superficie_riego_ha":4.52,"hectareas":1.347},"geometry":{"type":"Polygon","coordinates":[[[-105.225916,27.979541],[-105.225831,27.979352],[-105.225831,27.979258],[-105.225809,27.979144],[-105.225703,27.979069],[-105.225617,27.978937],[-105.225702,27.978918],[-105.225958,27.978936],[-105.226149,27.978936],[-105.226298,27.978936],[-105.226426,27.978898],[-105.226468,27.97886],[-105.226383,27.978766],[-105.226511,27.978728],[-105.226638,27.978727],[-105.226893,27.978652],[-105.227106,27.978613],[-105.227319,27.978632],[-105.227468,27.978783],[-105.22766,27.978858],[-105.227788,27.978971],[-105.227575,27.979085],[-105.227384,27.979236],[-105.22715,27.979312],[-105.226874,27.97952],[-105.226619,27.979596],[-105.226278,27.97954],[-105.225916,27.979541]]]}},{"type":"Feature","properties":{"modulo":1,"idparcela":"280","productor":"HERNANDEZ RAMIREZ SALVADOR","cultivo":"Chile verde","superficie_fisica_ha":4.52,"superficie_riego_ha":4.52,"hectareas":5.935},"geometry":{"type":"Polygon","coordinates":[[[-105.229173,27.980873],[-105.229239,27.980914],[-105.229516,27.98114],[-105.229729,27.98131],[-105.229878,27.98148],[-105.230028,27.981593],[-105.230177,27.981725],[-105.230305,27.981913],[-105.230412,27.982045],[-105.230343,27.982099],[-105.227516,27.98431],[-105.227459,27.984355],[-105.2275,27.984015],[-105.227521,27.983788],[-105.227521,27.983561],[-105.227435,27.983278],[-105.227328,27.983033],[-105.2272,27.982806],[-105.227178,27.982617],[-105.227157,27.982448],[-105.22711,27.982247],[-105.229173,27.980873]]]}},{"type":"Feature","properties":{"modulo":1,"idparcela":"226","productor":"URQUIDI MARQUEZ JORGE A.","cultivo":"Alfalfa","superficie_fisica_ha":1.928,"superficie_riego_ha":1.928,"hectareas":2.396},"geometry":{"type":"Polygon","coordinates":[[[-105.222504,27.983844],[-105.222622,27.983805],[-105.224508,27.983184],[-105.224922,27.984143],[-105.224926,27.984151],[-105.222876,27.984801],[-105.222667,27.984262],[-105.222504,27.983844]]]}},{"type":"Feature","properties":{"modulo":1,"idparcela":"227","productor":"COLORADO OLIVAS ALBERTO","cultivo":"Alfalfa","superficie_fisica_ha":3.0403,"superficie_riego_ha":3.04,"hectareas":3.731},"geometry":{"type":"Polygon","coordinates":[[[-105.224926,27.984151],[-105.225496,27.985623],[-105.225504,27.985642],[-105.225485,27.985648],[-105.224494,27.985962],[-105.223696,27.986231],[-105.223462,27.986307],[-105.222876,27.984801],[-105.22299,27.984765],[-105.223021,27.984755],[-105.223677,27.984547],[-105.224349,27.984334],[-105.224926,27.984151]]]}},{"type":"Feature","properties":{"modulo":1,"idparcela":"225","productor":"GONZALEZ VAZQUEZ TOMAS","cultivo":"Cacahuate","superficie_fisica_ha":6.8007,"superficie_riego_ha":6.8007,"hectareas":6.279},"geometry":{"type":"Polygon","coordinates":[[[-105.224922,27.984143],[-105.224508,27.983184],[-105.226704,27.982479],[-105.226838,27.982656],[-105.227137,27.983335],[-105.227253,27.985285],[-105.227244,27.985254],[-105.227162,27.985167],[-105.226928,27.985149],[-105.226482,27.985338],[-105.225504,27.985623],[-105.225496,27.985623],[-105.224926,27.984151],[-105.224922,27.984143]]]}},{"type":"Feature","properties":{"modulo":1,"idparcela":"229","productor":"RANGEL CAMPOS LIZANDRO","cultivo":"Nogal (Nuez)","superficie_fisica_ha":4.4,"superficie_riego_ha":4.4,"hectareas":4.858},"geometry":{"type":"Polygon","coordinates":[[[-105.227244,27.985254],[-105.227269,27.985337],[-105.22727,27.985828],[-105.227484,27.986508],[-105.227698,27.986885],[-105.227891,27.98747],[-105.227891,27.987716],[-105.227828,27.987773],[-105.227764,27.987811],[-105.227509,27.987849],[-105.227168,27.988],[-105.226849,27.988114],[-105.226637,27.98819],[-105.22647,27.988227],[-105.226467,27.988228],[-105.225485,27.985648],[-105.225504,27.985642],[-105.225496,27.985623],[-105.225504,27.985623],[-105.226482,27.985338],[-105.226928,27.985149],[-105.227162,27.985167],[-105.227244,27.985254]]]}},{"type":"Feature","properties":{"modulo":1,"idparcela":"230","productor":"TALAMANTES HERRERA SIGIFREDO","cultivo":"Nogal (Nuez)","superficie_fisica_ha":5.3613,"superficie_riego_ha":4.304,"hectareas":5.331},"geometry":{"type":"Polygon","coordinates":[[[-105.22647,27.988227],[-105.226424,27.988285],[-105.226292,27.988366],[-105.22569,27.988445],[-105.225382,27.988494],[-105.225212,27.988514],[-105.224892,27.988533],[-105.224765,27.98855],[-105.224707,27.988551],[-105.22385,27.986577],[-105.223696,27.986231],[-105.224494,27.985962],[-105.225485,27.985648],[-105.226467,27.988228],[-105.22647,27.988227]]]}},{"type":"Feature","properties":{"modulo":1,"idparcela":"231","productor":"SOTELO MONTES ANTONIO","cultivo":"Chile verde","superficie_fisica_ha":3.104,"superficie_riego_ha":3.104,"hectareas":4.545},"geometry":{"type":"Polygon","coordinates":[[[-105.224707,27.988551],[-105.224616,27.988571],[-105.224297,27.98861],[-105.223817,27.988288],[-105.223326,27.988126],[-105.223015,27.987963],[-105.222466,27.987897],[-105.222166,27.987903],[-105.221966,27.987881],[-105.221826,27.987828],[-105.22153,27.987531],[-105.221314,27.987232],[-105.22117,27.987014],[-105.22126,27.986983],[-105.221389,27.986951],[-105.22161,27.986889],[-105.223462,27.986307],[-105.223696,27.986231],[-105.22385,27.986577],[-105.224707,27.988551]]]}},{"type":"Feature","properties":{"modulo":1,"idparcela":"281","productor":"COLORADO OLIVAS ALBERTO","cultivo":"Alfalfa","superficie_fisica_ha":5.696,"superficie_riego_ha":5.696,"hectareas":5.703},"geometry":{"type":"Polygon","coordinates":[[[-105.230343,27.982099],[-105.230433,27.982197],[-105.230625,27.982423],[-105.230783,27.982541],[-105.230873,27.982692],[-105.231039,27.982871],[-105.231138,27.982945],[-105.231286,27.983083],[-105.23109,27.983167],[-105.230912,27.983289],[-105.230846,27.983334],[-105.230591,27.983525],[-105.229323,27.9845],[-105.227569,27.985848],[-105.227547,27.985866],[-105.227502,27.984978],[-105.227438,27.984487],[-105.227516,27.98431],[-105.230343,27.982099]]]}},{"type":"Feature","properties":{"modulo":1,"idparcela":"232","productor":"MORALES BILBAO ENRIQUE","cultivo":"Alfalfa","superficie_fisica_ha":4.452,"superficie_riego_ha":4.286,"hectareas":4.907},"geometry":{"type":"Polygon","coordinates":[[[-105.226635,27.988302],[-105.227084,27.98814],[-105.227458,27.98797],[-105.227828,27.987867],[-105.22787,27.987886],[-105.228019,27.987942],[-105.228084,27.988056],[-105.228105,27.988169],[-105.228127,27.988414],[-105.228298,27.98866],[-105.22849,27.988962],[-105.228661,27.989245],[-105.228789,27.989641],[-105.22896,27.989886],[-105.229344,27.990188],[-105.22994,27.990621],[-105.229941,27.990735],[-105.229813,27.990905],[-105.229664,27.990905],[-105.229494,27.99083],[-105.229323,27.990698],[-105.228961,27.99051],[-105.228663,27.990491],[-105.227172,27.990189],[-105.226506,27.988391],[-105.226635,27.988302]]]}},{"type":"Feature","properties":{"modulo":1,"idparcela":"233","productor":"BLANCO HOLGUIN CESAR","cultivo":"Ma­z","superficie_fisica_ha":1.936,"superficie_riego_ha":1.936,"hectareas":2.924},"geometry":{"type":"Polygon","coordinates":[[[-105.227172,27.990189],[-105.226407,27.990117],[-105.226172,27.990023],[-105.225619,27.989778],[-105.224851,27.989156],[-105.224391,27.98872],[-105.224574,27.988688],[-105.224786,27.988665],[-105.225361,27.98857],[-105.22619,27.988455],[-105.226382,27.988436],[-105.226506,27.988391],[-105.227172,27.990189]]]}},{"type":"Feature","properties":{"modulo":1,"idparcela":"282","productor":"PEREA LOZOYA LIBRADO","cultivo":"Cacahuate","superficie_fisica_ha":2.024,"superficie_riego_ha":2.024,"hectareas":1.901},"geometry":{"type":"Polygon","coordinates":[[[-105.23109,27.983167],[-105.231286,27.983083],[-105.231479,27.983216],[-105.231649,27.983366],[-105.231925,27.983459],[-105.23216,27.98361],[-105.232531,27.983846],[-105.232884,27.984006],[-105.232736,27.984346],[-105.232311,27.984819],[-105.231368,27.984109],[-105.230591,27.983525],[-105.230846,27.983334],[-105.230912,27.983289],[-105.23109,27.983167]]]}},{"type":"Feature","properties":{"modulo":1,"idparcela":"283","productor":"MOLINA YA¥EZ MARIO","cultivo":"Otros Cultivos Varios","superficie_fisica_ha":1.8468,"superficie_riego_ha":1.8468,"hectareas":1.913},"geometry":{"type":"Polygon","coordinates":[[[-105.231368,27.984109],[-105.231355,27.984124],[-105.230374,27.985272],[-105.230355,27.985294],[-105.229723,27.984808],[-105.229323,27.9845],[-105.230591,27.983525],[-105.231368,27.984109]]]}},{"type":"Feature","properties":{"modulo":1,"idparcela":"284","productor":"GONZALEZ CANO JORGE","cultivo":"Sin Cultivo","superficie_fisica_ha":2.344,"superficie_riego_ha":2.344,"hectareas":2.02},"geometry":{"type":"Polygon","coordinates":[[[-105.232311,27.984819],[-105.231399,27.98584],[-105.231314,27.986086],[-105.230355,27.985316],[-105.230374,27.985272],[-105.230502,27.985122],[-105.231365,27.98411],[-105.232311,27.984819]]]}},{"type":"Feature","properties":{"modulo":1,"idparcela":"285","productor":"SOTELO MONTES ANTONIO","cultivo":"Cacahuate","superficie_fisica_ha":5.584,"superficie_riego_ha":5.584,"hectareas":7.005},"geometry":{"type":"Polygon","coordinates":[[[-105.230355,27.985316],[-105.231314,27.986086],[-105.231347,27.986171],[-105.23021,27.987278],[-105.230146,27.987353],[-105.230121,27.987325],[-105.229997,27.987184],[-105.229762,27.986957],[-105.229656,27.986995],[-105.229529,27.987128],[-105.229295,27.987298],[-105.229104,27.987393],[-105.228742,27.98745],[-105.22855,27.987375],[-105.228337,27.987167],[-105.228251,27.986828],[-105.228166,27.986733],[-105.22802,27.986733],[-105.227933,27.986725],[-105.227825,27.986545],[-105.227825,27.986375],[-105.227739,27.986092],[-105.227569,27.985848],[-105.229323,27.9845],[-105.229723,27.984808],[-105.23019,27.985168],[-105.230355,27.985316]]]}},{"type":"Feature","properties":{"modulo":1,"idparcela":"************","productor":null,"cultivo":"Sin Cultivo","superficie_fisica_ha":null,"superficie_riego_ha":null,"hectareas":4.296},"geometry":{"type":"Polygon","coordinates":[[[-105.231347,27.986171],[-105.232572,27.987123],[-105.232554,27.987138],[-105.230448,27.988958],[-105.23033,27.988872],[-105.229936,27.988581],[-105.229637,27.988204],[-105.229637,27.987845],[-105.230104,27.987372],[-105.230121,27.987325],[-105.230146,27.987353],[-105.23021,27.987278],[-105.231347,27.986171]]]}},{"type":"Feature","properties":{"modulo":1,"idparcela":"************","productor":null,"cultivo":"Sin Cultivo","superficie_fisica_ha":null,"superficie_riego_ha":null,"hectareas":7.566},"geometry":{"type":"Polygon","coordinates":[[[-105.232572,27.987123],[-105.233425,27.987877],[-105.231876,27.990127],[-105.231664,27.990335],[-105.230856,27.990846],[-105.230558,27.990866],[-105.23026,27.990658],[-105.229773,27.990375],[-105.22945,27.990112],[-105.229236,27.98981],[-105.230107,27.988978],[-105.23033,27.988872],[-105.230448,27.988958],[-105.232572,27.987123]]]}},{"type":"Feature","properties":{"modulo":1,"idparcela":"286","productor":"MARTINEZ NAVARRO LEOPOLDO","cultivo":"Chile verde","superficie_fisica_ha":5.35,"superficie_riego_ha":5.35,"hectareas":5.694},"geometry":{"type":"Polygon","coordinates":[[[-105.232694,27.987065],[-105.23161,27.986249],[-105.231463,27.986105],[-105.231463,27.98601],[-105.231547,27.985802],[-105.232842,27.984289],[-105.232948,27.984005],[-105.23299,27.983873],[-105.233075,27.983665],[-105.233479,27.983457],[-105.233798,27.983324],[-105.233968,27.983324],[-105.234053,27.983437],[-105.233884,27.983796],[-105.233735,27.983721],[-105.233777,27.983645],[-105.233713,27.983664],[-105.233501,27.983816],[-105.233501,27.984005],[-105.233523,27.98425],[-105.23363,27.984401],[-105.233885,27.984419],[-105.234034,27.984476],[-105.23395,27.984703],[-105.234525,27.985174],[-105.234496,27.985204],[-105.233794,27.985929],[-105.233791,27.985932],[-105.232694,27.987065]]]}},{"type":"Feature","properties":{"modulo":1,"idparcela":"************","productor":null,"cultivo":"Sin Cultivo","superficie_fisica_ha":null,"superficie_riego_ha":null,"hectareas":1.982},"geometry":{"type":"Polygon","coordinates":[[[-105.233791,27.985932],[-105.234762,27.986609],[-105.233552,27.987744],[-105.232721,27.987103],[-105.232694,27.987065],[-105.233791,27.985932]]]}},{"type":"Feature","properties":{"modulo":1,"idparcela":"292","productor":"NAVARRETE N EUSTOLIA","cultivo":"Sin Cultivo","superficie_fisica_ha":1.33,"superficie_riego_ha":1.33,"hectareas":1.965},"geometry":{"type":"Polygon","coordinates":[[[-105.234496,27.985204],[-105.234568,27.985212],[-105.234845,27.985476],[-105.235016,27.985551],[-105.235762,27.986211],[-105.235868,27.986324],[-105.235933,27.986626],[-105.235593,27.987004],[-105.235529,27.987004],[-105.235124,27.986646],[-105.234784,27.986609],[-105.233794,27.985929],[-105.234496,27.985204]]]}},{"type":"Feature","properties":{"modulo":1,"idparcela":"207","productor":"BILBAO PEREA ROBERTO","cultivo":"Alfalfa","superficie_fisica_ha":3.392,"superficie_riego_ha":3.392,"hectareas":4.246},"geometry":{"type":"Polygon","coordinates":[[[-105.220933,27.965216],[-105.220744,27.965015],[-105.220668,27.964965],[-105.220555,27.964848],[-105.220535,27.964714],[-105.220441,27.964563],[-105.220232,27.964462],[-105.220194,27.964311],[-105.219817,27.963941],[-105.219846,27.96369],[-105.219833,27.963355],[-105.219643,27.963036],[-105.219643,27.962885],[-105.219662,27.962684],[-105.219529,27.962567],[-105.219036,27.96203],[-105.219057,27.962011],[-105.219241,27.961683],[-105.219265,27.961662],[-105.219667,27.961298],[-105.219725,27.961255],[-105.220604,27.960585],[-105.220659,27.960534],[-105.22066,27.960735],[-105.220661,27.961205],[-105.220604,27.961491],[-105.22055,27.962498],[-105.220607,27.962598],[-105.220646,27.963186],[-105.220741,27.963471],[-105.220933,27.965216]]]}},{"type":"Feature","properties":{"modulo":1,"idparcela":"206","productor":"MARTINEZ ALVARADO OSCAR","cultivo":"Nogal (Nuez)","superficie_fisica_ha":3.869,"superficie_riego_ha":3.869,"hectareas":3.981},"geometry":{"type":"Polygon","coordinates":[[[-105.219057,27.962011],[-105.218885,27.961812],[-105.218108,27.961226],[-105.217824,27.961008],[-105.217786,27.960807],[-105.217834,27.96077],[-105.218716,27.96009],[-105.218756,27.960058],[-105.219257,27.959672],[-105.219282,27.959653],[-105.219736,27.959373],[-105.220621,27.960483],[-105.220604,27.960585],[-105.219725,27.961255],[-105.219667,27.961298],[-105.219265,27.961662],[-105.219241,27.961683],[-105.219057,27.962011]]]}},{"type":"Feature","properties":{"modulo":1,"idparcela":"************","productor":null,"cultivo":"Sin Cultivo","superficie_fisica_ha":null,"superficie_riego_ha":null,"hectareas":1.099},"geometry":{"type":"Polygon","coordinates":[[[-105.218756,27.960058],[-105.218745,27.960047],[-105.217782,27.959061],[-105.218367,27.958523],[-105.219237,27.959646],[-105.219257,27.959672],[-105.218756,27.960058]]]}},{"type":"Feature","properties":{"modulo":1,"idparcela":"************","productor":null,"cultivo":"Sin Cultivo","superficie_fisica_ha":null,"superficie_riego_ha":null,"hectareas":7.638},"geometry":{"type":"Polygon","coordinates":[[[-105.21548,27.958582],[-105.215721,27.958511],[-105.215853,27.958326],[-105.2161,27.958096],[-105.2164,27.958107],[-105.21676,27.958089],[-105.216929,27.957938],[-105.217862,27.957374],[-105.217895,27.957354],[-105.217988,27.957305],[-105.21852,27.957839],[-105.218921,27.958333],[-105.219736,27.959373],[-105.219282,27.959653],[-105.219237,27.959646],[-105.218367,27.958523],[-105.217782,27.959061],[-105.218756,27.960058],[-105.218716,27.96009],[-105.217834,27.96077],[-105.217616,27.96074],[-105.217351,27.960657],[-105.216953,27.960254],[-105.216309,27.959668],[-105.215968,27.959366],[-105.215437,27.958595],[-105.21548,27.958582]]]}},{"type":"Feature","properties":{"modulo":1,"idparcela":"200","productor":"PORTILLO SANTOS REYNALDO","cultivo":"Alfalfa","superficie_fisica_ha":0.752,"superficie_riego_ha":0.752,"hectareas":2.875},"geometry":{"type":"Polygon","coordinates":[[[-105.217988,27.957305],[-105.217895,27.957354],[-105.217862,27.957374],[-105.216929,27.957938],[-105.21676,27.958089],[-105.2164,27.958107],[-105.2161,27.958096],[-105.215853,27.958326],[-105.215721,27.958511],[-105.21548,27.958582],[-105.215399,27.958511],[-105.215399,27.958343],[-105.215285,27.958058],[-105.215196,27.957639],[-105.215263,27.957611],[-105.217217,27.956521],[-105.217267,27.956494],[-105.217532,27.956829],[-105.217741,27.957097],[-105.217988,27.957305]]]}},{"type":"Feature","properties":{"modulo":1,"idparcela":"194","productor":"HERNANDEZ CHACON VICTOR","cultivo":"Ma­z","superficie_fisica_ha":5.7137,"superficie_riego_ha":5.7137,"hectareas":8.299},"geometry":{"type":"Polygon","coordinates":[[[-105.215465,27.953459],[-105.215844,27.953811],[-105.216222,27.95381],[-105.216335,27.953675],[-105.216467,27.953675],[-105.216657,27.95386],[-105.216733,27.954044],[-105.216979,27.954279],[-105.217244,27.954597],[-105.217282,27.954664],[-105.217566,27.954899],[-105.217699,27.954983],[-105.217718,27.95515],[-105.217813,27.955234],[-105.218077,27.955251],[-105.218362,27.955619],[-105.218343,27.955838],[-105.218268,27.955871],[-105.218154,27.955955],[-105.218155,27.956073],[-105.218193,27.956224],[-105.21825,27.956442],[-105.21825,27.956509],[-105.217967,27.956577],[-105.217853,27.956476],[-105.217626,27.956325],[-105.217455,27.956225],[-105.217191,27.956192],[-105.21668,27.956058],[-105.215923,27.955841],[-105.215886,27.955925],[-105.215734,27.955993],[-105.215564,27.955959],[-105.215526,27.95596],[-105.21528,27.955876],[-105.21511,27.955792],[-105.214902,27.955675],[-105.214637,27.955524],[-105.214448,27.955374],[-105.21422,27.95524],[-105.21405,27.955106],[-105.213823,27.954838],[-105.213614,27.954553],[-105.213619,27.954548],[-105.213746,27.954418],[-105.213973,27.954351],[-105.214181,27.954283],[-105.214611,27.953983],[-105.214615,27.95398],[-105.215049,27.953694],[-105.215457,27.953463],[-105.215465,27.953459]]]}},{"type":"Feature","properties":{"modulo":1,"idparcela":"193","productor":"PORTILLO SANTOS REYNALDO","cultivo":"Nogal (Nuez)","superficie_fisica_ha":6.672,"superficie_riego_ha":6.672,"hectareas":3.197},"geometry":{"type":"Polygon","coordinates":[[[-105.214611,27.953983],[-105.214293,27.953645],[-105.213592,27.952857],[-105.213592,27.952723],[-105.213572,27.952606],[-105.213162,27.952111],[-105.213156,27.952103],[-105.214258,27.95135],[-105.214611,27.95205],[-105.214725,27.952318],[-105.214839,27.952402],[-105.215122,27.952486],[-105.215463,27.952552],[-105.215463,27.952586],[-105.215369,27.95267],[-105.215161,27.952838],[-105.215105,27.952989],[-105.215446,27.953425],[-105.215457,27.953463],[-105.215049,27.953694],[-105.214615,27.95398],[-105.214611,27.953983]]]}},{"type":"Feature","properties":{"modulo":1,"idparcela":"193","productor":"PORTILLO SANTOS REYNALDO","cultivo":"Nogal (Nuez)","superficie_fisica_ha":6.672,"superficie_riego_ha":6.672,"hectareas":3.546},"geometry":{"type":"Polygon","coordinates":[[[-105.213619,27.954548],[-105.213501,27.954536],[-105.21333,27.954435],[-105.212895,27.954017],[-105.212232,27.95348],[-105.211777,27.953045],[-105.21179,27.953036],[-105.211853,27.952994],[-105.213049,27.952187],[-105.213162,27.952111],[-105.213572,27.952606],[-105.213592,27.952723],[-105.213592,27.952857],[-105.214293,27.953645],[-105.214611,27.953983],[-105.214181,27.954283],[-105.213973,27.954351],[-105.213746,27.954418],[-105.213619,27.954548]]]}},{"type":"Feature","properties":{"modulo":1,"idparcela":"191","productor":"NAVARRETE PEREZ JOSE A.","cultivo":"Chile verde","superficie_fisica_ha":6.624,"superficie_riego_ha":6.624,"hectareas":5.582},"geometry":{"type":"Polygon","coordinates":[[[-105.21179,27.953036],[-105.211171,27.952257],[-105.21081,27.95167],[-105.210658,27.950982],[-105.210468,27.950495],[-105.210335,27.950059],[-105.21024,27.949992],[-105.210251,27.949985],[-105.210958,27.94956],[-105.210995,27.949538],[-105.211336,27.949739],[-105.211358,27.949777],[-105.211564,27.950141],[-105.211885,27.950359],[-105.212037,27.95051],[-105.212605,27.950811],[-105.212617,27.95085],[-105.213049,27.952187],[-105.211853,27.952994],[-105.21179,27.953036]]]}},{"type":"Feature","properties":{"modulo":1,"idparcela":"192","productor":"SANTOS VALDEZ JUVENTINO","cultivo":"Sin Cultivo","superficie_fisica_ha":1,"superficie_riego_ha":1,"hectareas":1.815},"geometry":{"type":"Polygon","coordinates":[[[-105.212617,27.95085],[-105.213264,27.950375],[-105.213625,27.950524],[-105.213815,27.950708],[-105.213928,27.950809],[-105.214004,27.950977],[-105.214175,27.951178],[-105.21428,27.951334],[-105.214258,27.95135],[-105.213156,27.952103],[-105.213162,27.952111],[-105.213049,27.952187],[-105.212617,27.95085]]]}},{"type":"Feature","properties":{"modulo":1,"idparcela":"191","productor":"NAVARRETE PEREZ JOSE A.","cultivo":"Chile verde","superficie_fisica_ha":6.624,"superficie_riego_ha":6.624,"hectareas":1.592},"geometry":{"type":"Polygon","coordinates":[[[-105.211358,27.949777],[-105.211865,27.949604],[-105.212073,27.949721],[-105.212168,27.949721],[-105.212338,27.949569],[-105.212583,27.949519],[-105.212829,27.949669],[-105.213095,27.949971],[-105.21319,27.950172],[-105.213247,27.950306],[-105.213264,27.950375],[-105.212617,27.95085],[-105.212605,27.950811],[-105.212037,27.95051],[-105.211885,27.950359],[-105.211564,27.950141],[-105.211358,27.949777]]]}},{"type":"Feature","properties":{"modulo":1,"idparcela":"198","productor":"BILBAO PEREA ROBERTO","cultivo":"Alfalfa","superficie_fisica_ha":3.446,"superficie_riego_ha":3.446,"hectareas":3.264},"geometry":{"type":"Polygon","coordinates":[[[-105.217217,27.956521],[-105.215263,27.957611],[-105.215196,27.957639],[-105.215076,27.957555],[-105.214924,27.957135],[-105.214678,27.957069],[-105.214906,27.957572],[-105.215134,27.958159],[-105.215229,27.958411],[-105.215475,27.95883],[-105.215684,27.959098],[-105.215817,27.959333],[-105.215779,27.959417],[-105.215666,27.9594],[-105.215362,27.958981],[-105.214869,27.958143],[-105.214395,27.957371],[-105.214337,27.956885],[-105.214393,27.956616],[-105.21564,27.95611],[-105.216226,27.956177],[-105.216718,27.95626],[-105.217021,27.95636],[-105.217267,27.956494],[-105.217217,27.956521]]]}},{"type":"Feature","properties":{"modulo":1,"idparcela":"190","productor":"GUERRERO MELENDEZ AGUSTIN","cultivo":"Sin Cultivo","superficie_fisica_ha":1.376,"superficie_riego_ha":1.376,"hectareas":4.094},"geometry":{"type":"Polygon","coordinates":[[[-105.208991,27.949272],[-105.209502,27.949624],[-105.209862,27.950127],[-105.210527,27.951653],[-105.210755,27.952123],[-105.210793,27.952173],[-105.211075,27.952664],[-105.211452,27.953148],[-105.211362,27.95323],[-105.209601,27.951705],[-105.208995,27.951236],[-105.208521,27.950549],[-105.208312,27.95028],[-105.208255,27.949995],[-105.208406,27.949793],[-105.208633,27.949709],[-105.208727,27.949424],[-105.208991,27.949272]]]}},{"type":"Feature","properties":{"modulo":1,"idparcela":"185","productor":"GONZALEZ REYES JACOB","cultivo":"Alfalfa","superficie_fisica_ha":3.466,"superficie_riego_ha":3.466,"hectareas":1.54},"geometry":{"type":"Polygon","coordinates":[[[-105.210251,27.949985],[-105.209956,27.949724],[-105.209539,27.949271],[-105.209312,27.948886],[-105.209576,27.948533],[-105.209972,27.948331],[-105.210162,27.948515],[-105.210275,27.948582],[-105.210408,27.948699],[-105.210427,27.948884],[-105.210692,27.949203],[-105.210844,27.949454],[-105.210939,27.949538],[-105.210958,27.94956],[-105.210251,27.949985]]]}},{"type":"Feature","properties":{"modulo":1,"idparcela":"185","productor":"GONZALEZ REYES JACOB","cultivo":"Alfalfa","superficie_fisica_ha":3.466,"superficie_riego_ha":3.466,"hectareas":0.776},"geometry":{"type":"Polygon","coordinates":[[[-105.211143,27.947691],[-105.210898,27.94791],[-105.210879,27.948061],[-105.210671,27.948263],[-105.210388,27.948347],[-105.210218,27.948347],[-105.210104,27.948297],[-105.210066,27.948146],[-105.210198,27.947928],[-105.210406,27.947675],[-105.2105,27.94744],[-105.210689,27.947323],[-105.210953,27.947305],[-105.211142,27.947288],[-105.211237,27.947339],[-105.211275,27.947456],[-105.211143,27.947691]]]}},{"type":"Feature","properties":{"modulo":1,"idparcela":"************","productor":null,"cultivo":"Sin Cultivo","superficie_fisica_ha":null,"superficie_riego_ha":null,"hectareas":4.826},"geometry":{"type":"Polygon","coordinates":[[[-105.214053,27.947015],[-105.213789,27.947452],[-105.213714,27.947905],[-105.213913,27.948445],[-105.214048,27.948662],[-105.214145,27.948785],[-105.214228,27.948794],[-105.214382,27.948843],[-105.214492,27.948977],[-105.21458,27.949205],[-105.214609,27.949404],[-105.214816,27.949692],[-105.214907,27.950015],[-105.214639,27.950125],[-105.214387,27.949952],[-105.214029,27.949771],[-105.213774,27.9495],[-105.213642,27.949299],[-105.213358,27.949215],[-105.212866,27.949182],[-105.212526,27.949032],[-105.212355,27.948881],[-105.212184,27.948445],[-105.212202,27.948092],[-105.212447,27.947421],[-105.212956,27.946832],[-105.213164,27.946832],[-105.213277,27.946698],[-105.213504,27.946613],[-105.213655,27.946697],[-105.21375,27.946814],[-105.213845,27.946915],[-105.214053,27.947015]]]}},{"type":"Feature","properties":{"modulo":1,"idparcela":"************","productor":null,"cultivo":"Sin Cultivo","superficie_fisica_ha":null,"superficie_riego_ha":null,"hectareas":2.117},"geometry":{"type":"Polygon","coordinates":[[[-105.205343,27.946812],[-105.205072,27.946441],[-105.204522,27.945586],[-105.204484,27.945469],[-105.204313,27.944714],[-105.20435,27.944428],[-105.204445,27.944495],[-105.205354,27.945283],[-105.206312,27.946264],[-105.205343,27.946812]]]}},{"type":"Feature","properties":{"modulo":1,"idparcela":"184","productor":"ALARCON HOLGUIN TOMAS","cultivo":"Sin Cultivo","superficie_fisica_ha":9.7069,"superficie_riego_ha":9.7069,"hectareas":6.342},"geometry":{"type":"Polygon","coordinates":[[[-105.208593,27.948904],[-105.208348,27.949173],[-105.208178,27.949492],[-105.208047,27.949794],[-105.207952,27.949912],[-105.207366,27.949678],[-105.206836,27.949276],[-105.206741,27.949074],[-105.206494,27.948638],[-105.206116,27.94837],[-105.205604,27.947884],[-105.205489,27.947012],[-105.205343,27.946812],[-105.206312,27.946264],[-105.20632,27.946272],[-105.207967,27.947897],[-105.208593,27.948601],[-105.208593,27.94882],[-105.208593,27.948904]]]}},{"type":"Feature","properties":{"modulo":1,"idparcela":"************","productor":null,"cultivo":"Sin Cultivo","superficie_fisica_ha":null,"superficie_riego_ha":null,"hectareas":14.656},"geometry":{"type":"Polygon","coordinates":[[[-105.188342,27.932285],[-105.189686,27.933106],[-105.190234,27.933508],[-105.190821,27.933675],[-105.191274,27.933725],[-105.191634,27.933926],[-105.193147,27.934578],[-105.19362,27.934729],[-105.194774,27.935113],[-105.194774,27.935197],[-105.194623,27.935399],[-105.194415,27.935516],[-105.194265,27.935668],[-105.194133,27.935869],[-105.193792,27.935937],[-105.19366,27.936021],[-105.193566,27.935988],[-105.193452,27.935988],[-105.193206,27.935938],[-105.192904,27.935905],[-105.192412,27.935788],[-105.192337,27.935788],[-105.19228,27.935855],[-105.192205,27.935905],[-105.192072,27.935922],[-105.19194,27.935906],[-105.19177,27.935856],[-105.190181,27.935388],[-105.188744,27.935037],[-105.187988,27.935038],[-105.18725,27.934821],[-105.186815,27.934738],[-105.186551,27.934721],[-105.186607,27.934554],[-105.186796,27.934318],[-105.187135,27.933965],[-105.188342,27.932285]]]}},{"type":"Feature","properties":{"modulo":1,"idparcela":"************","productor":null,"cultivo":"Sin Cultivo","superficie_fisica_ha":null,"superficie_riego_ha":null,"hectareas":37.767},"geometry":{"type":"Polygon","coordinates":[[[-105.188169,27.932299],[-105.18755,27.933159],[-105.187135,27.933613],[-105.186833,27.933932],[-105.186588,27.934218],[-105.186437,27.934487],[-105.186267,27.934688],[-105.186116,27.934705],[-105.18587,27.934706],[-105.185587,27.934672],[-105.185378,27.934538],[-105.185246,27.934421],[-105.184754,27.934204],[-105.184281,27.934204],[-105.18396,27.934238],[-105.183601,27.933953],[-105.183241,27.933635],[-105.182957,27.933535],[-105.182579,27.933216],[-105.182049,27.93273],[-105.18148,27.931892],[-105.181025,27.930969],[-105.180891,27.930147],[-105.180833,27.929358],[-105.180946,27.928804],[-105.181115,27.928233],[-105.181492,27.927762],[-105.18185,27.927158],[-105.182284,27.926603],[-105.182529,27.926066],[-105.182755,27.925881],[-105.183001,27.925864],[-105.183341,27.925997],[-105.183399,27.926232],[-105.183342,27.926383],[-105.183267,27.926635],[-105.183381,27.926803],[-105.18357,27.927055],[-105.183779,27.927541],[-105.184252,27.928145],[-105.184668,27.928362],[-105.186884,27.93081],[-105.186866,27.931112],[-105.187869,27.932219],[-105.188169,27.932299]]]}},{"type":"Feature","properties":{"modulo":1,"idparcela":"************","productor":null,"cultivo":"Sin Cultivo","superficie_fisica_ha":null,"superficie_riego_ha":null,"hectareas":8.021},"geometry":{"type":"Polygon","coordinates":[[[-105.19436,27.936255],[-105.194888,27.935667],[-105.195572,27.935302],[-105.197025,27.935832],[-105.197385,27.936301],[-105.197821,27.93719],[-105.197822,27.93766],[-105.197879,27.938012],[-105.198106,27.938046],[-105.198314,27.938079],[-105.198522,27.93823],[-105.198674,27.938448],[-105.198769,27.938582],[-105.199034,27.939135],[-105.199621,27.939504],[-105.200037,27.939688],[-105.200321,27.939822],[-105.200643,27.939956],[-105.200851,27.94014],[-105.201116,27.940358],[-105.201778,27.94086],[-105.202044,27.941162],[-105.202327,27.941178],[-105.202707,27.941866],[-105.202688,27.942017],[-105.202556,27.942068],[-105.202461,27.942017],[-105.201514,27.940911],[-105.2007,27.940174],[-105.199489,27.939521],[-105.198864,27.939102],[-105.198617,27.938616],[-105.197634,27.93808],[-105.196347,27.937578],[-105.195023,27.937076],[-105.194115,27.936692],[-105.193396,27.936391],[-105.193472,27.936189],[-105.193698,27.936138],[-105.193906,27.936239],[-105.194095,27.936171],[-105.19419,27.936121],[-105.194152,27.936205],[-105.19436,27.936255]]]}},{"type":"Feature","properties":{"modulo":1,"idparcela":"160","productor":"ALCANTAR ORTEGA JOSE","cultivo":"Alfalfa","superficie_fisica_ha":7.0045,"superficie_riego_ha":7.0045,"hectareas":11.91},"geometry":{"type":"Polygon","coordinates":[[[-105.183651,27.921549],[-105.183685,27.921553],[-105.184503,27.921558],[-105.184513,27.921647],[-105.18464,27.92166],[-105.185477,27.921744],[-105.185565,27.921753],[-105.186186,27.921856],[-105.186897,27.922018],[-105.188722,27.922503],[-105.188695,27.922688],[-105.188197,27.923566],[-105.186921,27.924456],[-105.186743,27.924498],[-105.186519,27.924486],[-105.186322,27.924451],[-105.186085,27.92444],[-105.18569,27.92437],[-105.185347,27.924371],[-105.185189,27.924441],[-105.185045,27.924465],[-105.184847,27.924524],[-105.184676,27.924524],[-105.184518,27.924524],[-105.184373,27.924454],[-105.184307,27.924314],[-105.184294,27.924185],[-105.184293,27.92394],[-105.184306,27.923764],[-105.184188,27.923683],[-105.184135,27.923577],[-105.184095,27.923437],[-105.183963,27.923379],[-105.183857,27.923157],[-105.183613,27.922415],[-105.18352,27.92238],[-105.183322,27.921994],[-105.183414,27.921935],[-105.183322,27.921713],[-105.183493,27.921713],[-105.183651,27.921549]]]}},{"type":"Feature","properties":{"modulo":1,"idparcela":"160","productor":"ALCANTAR ORTEGA JOSE","cultivo":"Alfalfa","superficie_fisica_ha":7.0045,"superficie_riego_ha":7.0045,"hectareas":2.625},"geometry":{"type":"Polygon","coordinates":[[[-105.188832,27.921738],[-105.188722,27.922503],[-105.186897,27.922018],[-105.186186,27.921856],[-105.185565,27.921753],[-105.185552,27.92098],[-105.185562,27.920982],[-105.188832,27.921738]]]}},{"type":"Feature","properties":{"modulo":1,"idparcela":"161","productor":"ALCANTAR ORTEGA SALVADOR","cultivo":"Alfalfa","superficie_fisica_ha":6,"superficie_riego_ha":6,"hectareas":6.952},"geometry":{"type":"Polygon","coordinates":[[[-105.183685,27.921553],[-105.183651,27.921549],[-105.183637,27.92135],[-105.183518,27.921234],[-105.183426,27.921199],[-105.183281,27.921199],[-105.182628,27.920107],[-105.181906,27.918551],[-105.183928,27.918269],[-105.184639,27.918257],[-105.184652,27.918256],[-105.184644,27.921308],[-105.184537,27.921566],[-105.184503,27.921558],[-105.183685,27.921553]]]}},{"type":"Feature","properties":{"modulo":1,"idparcela":"155","productor":"ALCANTAR ORTEGA JOSE","cultivo":"Ma­z","superficie_fisica_ha":4.928,"superficie_riego_ha":4.928,"hectareas":5.938},"geometry":{"type":"Polygon","coordinates":[[[-105.181906,27.918551],[-105.181901,27.918541],[-105.181597,27.917559],[-105.181352,27.916688],[-105.181329,27.916661],[-105.182464,27.916552],[-105.182488,27.916554],[-105.183754,27.916632],[-105.184307,27.916561],[-105.184675,27.916628],[-105.184689,27.916631],[-105.184639,27.918257],[-105.183928,27.918269],[-105.181906,27.918551]]]}},{"type":"Feature","properties":{"modulo":1,"idparcela":"159","productor":"ALCANTAR ORTEGA SALVADOR","cultivo":"Alfalfa","superficie_fisica_ha":2.1138,"superficie_riego_ha":2.1138,"hectareas":3.236},"geometry":{"type":"Polygon","coordinates":[[[-105.18883,27.920838],[-105.188832,27.921738],[-105.185552,27.92098],[-105.18558,27.92006],[-105.18883,27.920838]]]}},{"type":"Feature","properties":{"modulo":1,"idparcela":"158","productor":"DOMINGUEZ JAUREGUI FERNANDO","cultivo":"Sand­a","superficie_fisica_ha":2.289,"superficie_riego_ha":2.289,"hectareas":2.753},"geometry":{"type":"Polygon","coordinates":[[[-105.188764,27.920071],[-105.18883,27.920811],[-105.18883,27.920838],[-105.18558,27.92006],[-105.185564,27.920021],[-105.185589,27.919237],[-105.185598,27.91924],[-105.188764,27.920071]]]}},{"type":"Feature","properties":{"modulo":1,"idparcela":"157","productor":"ALCANTAR ORTEGA SALVADOR","cultivo":"Alfalfa","superficie_fisica_ha":4.2276,"superficie_riego_ha":4.2276,"hectareas":3.555},"geometry":{"type":"Polygon","coordinates":[[[-105.188917,27.919113],[-105.188894,27.919607],[-105.188764,27.920071],[-105.185598,27.91924],[-105.185589,27.919202],[-105.185655,27.918236],[-105.188917,27.919113]]]}},{"type":"Feature","properties":{"modulo":1,"idparcela":"139","productor":"ALCANTAR ORTEGA SALVADOR","cultivo":"Alfalfa","superficie_fisica_ha":6.5,"superficie_riego_ha":6,"hectareas":3.403},"geometry":{"type":"Polygon","coordinates":[[[-105.188909,27.918215],[-105.188919,27.919057],[-105.188917,27.919113],[-105.185655,27.918236],[-105.185706,27.917448],[-105.186613,27.917482],[-105.187442,27.91768],[-105.188128,27.917912],[-105.188694,27.91811],[-105.188909,27.918215]]]}},{"type":"Feature","properties":{"modulo":1,"idparcela":"137","productor":"HERRERA HERNANDEZ FCO. JAVIER","cultivo":"Sin Cultivo","superficie_fisica_ha":3.9444,"superficie_riego_ha":3.9444,"hectareas":3.276},"geometry":{"type":"Polygon","coordinates":[[[-105.188891,27.9173],[-105.188904,27.917876],[-105.188909,27.918215],[-105.188694,27.91811],[-105.188128,27.917912],[-105.187442,27.91768],[-105.186613,27.917482],[-105.185706,27.917448],[-105.18574,27.916886],[-105.185781,27.91622],[-105.185795,27.916225],[-105.188891,27.9173]]]}},{"type":"Feature","properties":{"modulo":1,"idparcela":"135","productor":"SALCIDO ALCANTAR JAVIER","cultivo":"Otros Cultivos Varios","superficie_fisica_ha":3.5695,"superficie_riego_ha":3.3181,"hectareas":3.678},"geometry":{"type":"Polygon","coordinates":[[[-105.188597,27.915921],[-105.188605,27.915965],[-105.188816,27.916421],[-105.188909,27.916795],[-105.18889,27.917257],[-105.188891,27.9173],[-105.185795,27.916225],[-105.185807,27.915858],[-105.185807,27.915812],[-105.185806,27.915285],[-105.185845,27.915294],[-105.188597,27.915921]]]}},{"type":"Feature","properties":{"modulo":1,"idparcela":"156","productor":"ALCANTAR ORTEGA SALVADOR","cultivo":"Nogal (Nuez)","superficie_fisica_ha":6.8958,"superficie_riego_ha":6.8958,"hectareas":4.807},"geometry":{"type":"Polygon","coordinates":[[[-105.185528,27.921069],[-105.185522,27.92163],[-105.185477,27.921744],[-105.184513,27.921647],[-105.184503,27.921647],[-105.184644,27.921308],[-105.184652,27.918256],[-105.184639,27.918257],[-105.184689,27.916631],[-105.184675,27.916628],[-105.184689,27.916619],[-105.185583,27.916846],[-105.185604,27.917383],[-105.185575,27.917437],[-105.185555,27.918218],[-105.185559,27.918349],[-105.185509,27.919148],[-105.18553,27.919201],[-105.185531,27.919227],[-105.185532,27.919244],[-105.185508,27.919868],[-105.18552,27.919964],[-105.185494,27.920096],[-105.185512,27.920043],[-105.185506,27.920973],[-105.185528,27.921069]]]}},{"type":"Feature","properties":{"modulo":1,"idparcela":"154","productor":"ANAYA TORRES CESAR","cultivo":"Nogal (Nuez)","superficie_fisica_ha":4.56,"superficie_riego_ha":2.3,"hectareas":3.295},"geometry":{"type":"Polygon","coordinates":[[[-105.185671,27.915791],[-105.185686,27.915935],[-105.185653,27.916207],[-105.185648,27.916391],[-105.185616,27.916854],[-105.184689,27.916619],[-105.184675,27.916628],[-105.184307,27.916561],[-105.183754,27.916632],[-105.182488,27.916554],[-105.182357,27.915675],[-105.182378,27.915675],[-105.183397,27.915685],[-105.184253,27.915696],[-105.184977,27.915683],[-105.185671,27.915791]]]}},{"type":"Feature","properties":{"modulo":1,"idparcela":"133","productor":"RAMIRES HERNANDEZ DOLORES","cultivo":"Sin Cultivo","superficie_fisica_ha":3.0765,"superficie_riego_ha":3.0765,"hectareas":2.858},"geometry":{"type":"Polygon","coordinates":[[[-105.188397,27.914742],[-105.188597,27.915921],[-105.185845,27.915294],[-105.185873,27.914666],[-105.185893,27.914444],[-105.188397,27.914742]]]}},{"type":"Feature","properties":{"modulo":1,"idparcela":"132","productor":"HERRERA ARMENDARIZ JESUS MANUEL","cultivo":"Nogal (Nuez)","superficie_fisica_ha":3.1476,"superficie_riego_ha":3.1476,"hectareas":3.265},"geometry":{"type":"Polygon","coordinates":[[[-105.18856,27.913682],[-105.188529,27.914147],[-105.188392,27.914714],[-105.188397,27.914742],[-105.185893,27.914444],[-105.185883,27.914419],[-105.185895,27.91386],[-105.185896,27.913846],[-105.185948,27.913776],[-105.185908,27.913203],[-105.185936,27.913208],[-105.18856,27.913682]]]}},{"type":"Feature","properties":{"modulo":1,"idparcela":"153","productor":"ROMERO RODRIGUEZ ABEL","cultivo":"Nogal (Nuez)","superficie_fisica_ha":3.526,"superficie_riego_ha":3.526,"hectareas":4.232},"geometry":{"type":"Polygon","coordinates":[[[-105.185684,27.914663],[-105.1857,27.915303],[-105.185703,27.915434],[-105.185671,27.915791],[-105.184977,27.915683],[-105.184253,27.915696],[-105.183397,27.915685],[-105.182378,27.915675],[-105.182331,27.91564],[-105.182054,27.915582],[-105.182014,27.915489],[-105.181987,27.914612],[-105.181987,27.9146],[-105.185684,27.914663]]]}},{"type":"Feature","properties":{"modulo":1,"idparcela":"152","productor":"CARRILLO FLORES GUADALUPE","cultivo":"Nogal (Nuez)","superficie_fisica_ha":3.472,"superficie_riego_ha":3.472,"hectareas":3.284},"geometry":{"type":"Polygon","coordinates":[[[-105.185714,27.913856],[-105.185715,27.914355],[-105.185728,27.91446],[-105.18571,27.91454],[-105.185684,27.914663],[-105.181987,27.9146],[-105.181998,27.913781],[-105.182025,27.913782],[-105.185714,27.913856]]]}},{"type":"Feature","properties":{"modulo":1,"idparcela":"************","productor":null,"cultivo":"Sin Cultivo","superficie_fisica_ha":null,"superficie_riego_ha":null,"hectareas":3.401},"geometry":{"type":"Polygon","coordinates":[[[-105.181987,27.9146],[-105.181987,27.914612],[-105.182014,27.915489],[-105.182054,27.915582],[-105.182331,27.91564],[-105.182378,27.915675],[-105.182357,27.915675],[-105.182488,27.916554],[-105.182464,27.916552],[-105.181329,27.916661],[-105.181088,27.916373],[-105.180988,27.91556],[-105.180947,27.914975],[-105.181013,27.914753],[-105.18117,27.914601],[-105.181591,27.914039],[-105.181617,27.913969],[-105.181734,27.912835],[-105.181734,27.912818],[-105.182163,27.912811],[-105.182168,27.912811],[-105.182063,27.912951],[-105.181972,27.913489],[-105.182025,27.913782],[-105.181998,27.913781],[-105.181987,27.9146]]]}},{"type":"Feature","properties":{"modulo":1,"idparcela":"151","productor":"SANTOS PORTILLO GUERRERO","cultivo":"Nogal (Nuez)","superficie_fisica_ha":3.248,"superficie_riego_ha":3.248,"hectareas":3.769},"geometry":{"type":"Polygon","coordinates":[[[-105.185722,27.913057],[-105.185725,27.913153],[-105.185736,27.913206],[-105.185688,27.913242],[-105.185728,27.913671],[-105.185702,27.913812],[-105.185714,27.913856],[-105.182025,27.913782],[-105.181972,27.913489],[-105.182063,27.912951],[-105.182168,27.912811],[-105.182163,27.912811],[-105.182181,27.912799],[-105.185739,27.912963],[-105.185722,27.913057]]]}},{"type":"Feature","properties":{"modulo":1,"idparcela":"150","productor":"SIMENTAL ESTRADA MARIO","cultivo":"Chile verde","superficie_fisica_ha":3.008,"superficie_riego_ha":3.008,"hectareas":3.616},"geometry":{"type":"Polygon","coordinates":[[[-105.181734,27.912835],[-105.181746,27.912484],[-105.182022,27.911969],[-105.182049,27.911933],[-105.185421,27.912054],[-105.185689,27.912636],[-105.185777,27.912881],[-105.185739,27.912963],[-105.182181,27.912799],[-105.182163,27.912811],[-105.181734,27.912835]]]}},{"type":"Feature","properties":{"modulo":1,"idparcela":"131","productor":"MORADO JAIMES RAMON","cultivo":"Nogal (Nuez)","superficie_fisica_ha":3.1798,"superficie_riego_ha":3.1798,"hectareas":3.535},"geometry":{"type":"Polygon","coordinates":[[[-105.185869,27.912959],[-105.185901,27.912952],[-105.185914,27.912823],[-105.185913,27.912578],[-105.18586,27.91232],[-105.185953,27.911911],[-105.188447,27.912521],[-105.188683,27.912578],[-105.188553,27.912872],[-105.188568,27.913574],[-105.18856,27.913682],[-105.185936,27.913208],[-105.185869,27.912959]]]}},{"type":"Feature","properties":{"modulo":1,"idparcela":"149","productor":"HERRERA ARMENDARIZ BRAULIO","cultivo":"Nogal (Nuez)","superficie_fisica_ha":4.512,"superficie_riego_ha":4.512,"hectareas":5.201},"geometry":{"type":"Polygon","coordinates":[[[-105.182049,27.911933],[-105.182166,27.911782],[-105.182416,27.911489],[-105.182784,27.911056],[-105.18348,27.910131],[-105.183546,27.910166],[-105.18356,27.910148],[-105.183585,27.910166],[-105.184059,27.910224],[-105.184441,27.910235],[-105.185126,27.910398],[-105.185635,27.910309],[-105.185633,27.910321],[-105.185594,27.910906],[-105.18545,27.911105],[-105.185333,27.911818],[-105.185421,27.912054],[-105.182049,27.911933]]]}},{"type":"Feature","properties":{"modulo":1,"idparcela":"144","productor":"PEDROZA GALVAN AURELIO","cultivo":"Sin Cultivo","superficie_fisica_ha":3.632,"superficie_riego_ha":3.632,"hectareas":3.948},"geometry":{"type":"Polygon","coordinates":[[[-105.187109,27.909226],[-105.187164,27.908969],[-105.187387,27.908395],[-105.187439,27.90829],[-105.187808,27.908336],[-105.188638,27.908534],[-105.18956,27.90879],[-105.190699,27.90904],[-105.190805,27.909156],[-105.190503,27.909777],[-105.190287,27.910115],[-105.188613,27.909586],[-105.188567,27.909616],[-105.188521,27.909645],[-105.188429,27.909657],[-105.188087,27.90947],[-105.187784,27.909389],[-105.187441,27.909331],[-105.187217,27.909214],[-105.187109,27.909226]]]}},{"type":"Feature","properties":{"modulo":1,"idparcela":"127","productor":"MARQUEZ MENDOZA ADALBERTO","cultivo":"Nogal (Nuez)","superficie_fisica_ha":3.6834,"superficie_riego_ha":3.6834,"hectareas":3.791},"geometry":{"type":"Polygon","coordinates":[[[-105.188567,27.909616],[-105.188613,27.909586],[-105.190287,27.910115],[-105.19028,27.910128],[-105.189314,27.911409],[-105.188894,27.912147],[-105.188697,27.912545],[-105.188683,27.912578],[-105.188447,27.912521],[-105.188162,27.911043],[-105.188102,27.910733],[-105.188062,27.910289],[-105.18839,27.909739],[-105.188567,27.909616]]]}},{"type":"Feature","properties":{"modulo":1,"idparcela":"129","productor":"HERRERA ARMENDARIZ MARTIN","cultivo":"Nogal (Nuez)","superficie_fisica_ha":3.138,"superficie_riego_ha":3.138,"hectareas":2.267},"geometry":{"type":"Polygon","coordinates":[[[-105.186529,27.910585],[-105.187099,27.909273],[-105.187109,27.909226],[-105.187217,27.909214],[-105.187441,27.909331],[-105.187784,27.909389],[-105.188087,27.90947],[-105.188429,27.909657],[-105.188521,27.909645],[-105.188567,27.909616],[-105.18839,27.909739],[-105.188062,27.910289],[-105.188102,27.910733],[-105.188162,27.911043],[-105.186529,27.910585]]]}},{"type":"Feature","properties":{"modulo":1,"idparcela":"130","productor":"ROMERO RODRIGUEZ OSCAR","cultivo":"Nogal (Nuez)","superficie_fisica_ha":3.2298,"superficie_riego_ha":3.2298,"hectareas":3.261},"geometry":{"type":"Polygon","coordinates":[[[-105.185953,27.911911],[-105.18601,27.91166],[-105.186529,27.910585],[-105.188162,27.911043],[-105.188447,27.912521],[-105.185953,27.911911]]]}},{"type":"Feature","properties":{"modulo":1,"idparcela":"147","productor":"MONTES TORRESDEY MAXIMILIANO","cultivo":"Sin Cultivo","superficie_fisica_ha":3.74,"superficie_riego_ha":3.74,"hectareas":4.493},"geometry":{"type":"Polygon","coordinates":[[[-105.18348,27.910131],[-105.183654,27.909902],[-105.184356,27.909216],[-105.184939,27.908753],[-105.185633,27.908222],[-105.187164,27.908551],[-105.187131,27.908647],[-105.186724,27.909174],[-105.185961,27.90983],[-105.185659,27.910134],[-105.185635,27.910309],[-105.185126,27.910398],[-105.184441,27.910235],[-105.184059,27.910224],[-105.183585,27.910166],[-105.18356,27.910148],[-105.183546,27.910166],[-105.18348,27.910131]]]}},{"type":"Feature","properties":{"modulo":1,"idparcela":"138","productor":"BLANCO PORTILLO JAVIER","cultivo":"Alfalfa","superficie_fisica_ha":5.632,"superficie_riego_ha":5.632,"hectareas":7.885},"geometry":{"type":"Polygon","coordinates":[[[-105.187145,27.905603],[-105.187283,27.905455],[-105.188032,27.904378],[-105.188307,27.903723],[-105.188518,27.903675],[-105.188662,27.903629],[-105.188754,27.903535],[-105.188662,27.903441],[-105.188557,27.903383],[-105.188451,27.903313],[-105.18853,27.903231],[-105.188583,27.903243],[-105.188754,27.903231],[-105.188833,27.903172],[-105.188912,27.903172],[-105.189201,27.903219],[-105.189452,27.9033],[-105.190439,27.903334],[-105.190478,27.903369],[-105.190505,27.903626],[-105.190492,27.90386],[-105.190546,27.904082],[-105.190929,27.905309],[-105.190916,27.905403],[-105.189581,27.905985],[-105.189502,27.906108],[-105.188177,27.905959],[-105.188107,27.90595],[-105.187145,27.905603]]]}},{"type":"Feature","properties":{"modulo":1,"idparcela":"142","productor":"DOMINGUEZ ORTEGA ALFONSO","cultivo":"Nogal (Nuez)","superficie_fisica_ha":3.632,"superficie_riego_ha":3.632,"hectareas":4.118},"geometry":{"type":"Polygon","coordinates":[[[-105.188177,27.905959],[-105.187992,27.906433],[-105.187768,27.906885],[-105.187627,27.907304],[-105.187443,27.907694],[-105.187386,27.90782],[-105.187281,27.908208],[-105.187164,27.908551],[-105.185633,27.908222],[-105.185761,27.908029],[-105.186233,27.907432],[-105.186325,27.90707],[-105.186377,27.90659],[-105.186652,27.906134],[-105.187145,27.905603],[-105.188107,27.90595],[-105.188177,27.905959]]]}},{"type":"Feature","properties":{"modulo":1,"idparcela":"124","productor":"CAMPOS GRANILLO BENJAMIN","cultivo":"Nogal (Nuez)","superficie_fisica_ha":3.0949,"superficie_riego_ha":3.0949,"hectareas":3.345},"geometry":{"type":"Polygon","coordinates":[[[-105.189395,27.908661],[-105.19021,27.9061],[-105.190526,27.906169],[-105.190872,27.906157],[-105.19103,27.906566],[-105.190926,27.906917],[-105.1909,27.90735],[-105.190808,27.907584],[-105.190875,27.907888],[-105.190942,27.908776],[-105.190811,27.90901],[-105.189876,27.908778],[-105.189395,27.908661]]]}},{"type":"Feature","properties":{"modulo":1,"idparcela":"8650","productor":"MARQUEZ URANGA OSCAR","cultivo":"Nogal (Nuez)","superficie_fisica_ha":4.48,"superficie_riego_ha":4.48,"hectareas":13.916},"geometry":{"type":"Polygon","coordinates":[[[-105.188669,27.892884],[-105.188874,27.892803],[-105.189375,27.892498],[-105.189716,27.892032],[-105.191013,27.891039],[-105.191241,27.891241],[-105.191241,27.891383],[-105.191173,27.891626],[-105.191219,27.891949],[-105.191243,27.892334],[-105.191152,27.892638],[-105.191107,27.892901],[-105.191108,27.893265],[-105.191063,27.893609],[-105.190609,27.89442],[-105.19037,27.896918],[-105.190356,27.899713],[-105.190288,27.900178],[-105.190223,27.900352],[-105.190175,27.900482],[-105.190244,27.901109],[-105.190611,27.902404],[-105.190572,27.903055],[-105.190567,27.903133],[-105.189815,27.903134],[-105.188766,27.902771],[-105.188834,27.902265],[-105.189117,27.901323],[-105.189864,27.898873],[-105.190019,27.896275],[-105.189936,27.895935],[-105.188807,27.893208],[-105.188669,27.892884]]]}},{"type":"Feature","properties":{"modulo":1,"idparcela":"134","productor":"SALCIDO ALCANTAR ENRIQUE","cultivo":"Nogal (Nuez)","superficie_fisica_ha":6.6402,"superficie_riego_ha":6.6402,"hectareas":3.608},"geometry":{"type":"Polygon","coordinates":[[[-105.190223,27.900352],[-105.190369,27.900451],[-105.19062,27.900674],[-105.190734,27.900734],[-105.190848,27.901098],[-105.191031,27.901199],[-105.191236,27.9013],[-105.191578,27.901421],[-105.191988,27.9014],[-105.192261,27.9014],[-105.192489,27.90142],[-105.1929,27.901541],[-105.193128,27.901824],[-105.193174,27.902168],[-105.193175,27.902411],[-105.19297,27.902411],[-105.192787,27.902391],[-105.192559,27.902391],[-105.192377,27.902371],[-105.19224,27.90227],[-105.19208,27.902129],[-105.191807,27.902089],[-105.191625,27.902089],[-105.191351,27.90211],[-105.191192,27.902272],[-105.191193,27.902576],[-105.191193,27.902839],[-105.191194,27.903142],[-105.191171,27.903324],[-105.190715,27.903102],[-105.190572,27.903055],[-105.190611,27.902404],[-105.190244,27.901109],[-105.190175,27.900482],[-105.190223,27.900352]]]}},{"type":"Feature","properties":{"modulo":1,"idparcela":"************","productor":null,"cultivo":"Sin Cultivo","superficie_fisica_ha":null,"superficie_riego_ha":null,"hectareas":2.276},"geometry":{"type":"Polygon","coordinates":[[[-105.193494,27.90239],[-105.194109,27.902632],[-105.194793,27.902975],[-105.194908,27.903056],[-105.194359,27.903271],[-105.1938,27.903144],[-105.193205,27.903075],[-105.192877,27.903106],[-105.192583,27.90308],[-105.192309,27.902817],[-105.19215,27.902635],[-105.192081,27.902696],[-105.192015,27.903526],[-105.191855,27.903627],[-105.191741,27.903526],[-105.191673,27.903445],[-105.191581,27.903344],[-105.191581,27.903162],[-105.191512,27.902899],[-105.191398,27.902636],[-105.191397,27.902393],[-105.191602,27.902211],[-105.191807,27.90217],[-105.192058,27.902311],[-105.192309,27.902453],[-105.192537,27.902533],[-105.192833,27.902553],[-105.193152,27.902553],[-105.193426,27.902552],[-105.193494,27.90239]]]}},{"type":"Feature","properties":{"modulo":1,"idparcela":"************","productor":null,"cultivo":"Sin Cultivo","superficie_fisica_ha":null,"superficie_riego_ha":null,"hectareas":7.347},"geometry":{"type":"Polygon","coordinates":[[[-105.200318,27.887963],[-105.200272,27.887988],[-105.200232,27.888031],[-105.200271,27.887989],[-105.200232,27.88801],[-105.199978,27.887918],[-105.199793,27.887826],[-105.199631,27.887723],[-105.199538,27.887528],[-105.19951,27.884776],[-105.20144,27.884671],[-105.201532,27.884753],[-105.201742,27.885769],[-105.201743,27.885903],[-105.201685,27.885985],[-105.201569,27.886057],[-105.201362,27.886109],[-105.201246,27.88617],[-105.201188,27.886253],[-105.201189,27.886355],[-105.201235,27.886427],[-105.201304,27.886489],[-105.201362,27.88654],[-105.201409,27.88656],[-105.201478,27.88654],[-105.201559,27.88654],[-105.201574,27.886574],[-105.201605,27.88654],[-105.201663,27.886611],[-105.20171,27.886858],[-105.201814,27.88696],[-105.202022,27.887063],[-105.202097,27.887038],[-105.202205,27.887567],[-105.200318,27.887963]]]}},{"type":"Feature","properties":{"modulo":1,"idparcela":"108","productor":"CAMPOS RAMIREZ NORMANDO","cultivo":"Ma­z","superficie_fisica_ha":6.0638,"superficie_riego_ha":6.0638,"hectareas":2.974},"geometry":{"type":"Polygon","coordinates":[[[-105.202097,27.887038],[-105.202115,27.887032],[-105.202207,27.886898],[-105.202264,27.886652],[-105.20216,27.886364],[-105.202136,27.886374],[-105.202102,27.886374],[-105.201963,27.886293],[-105.201963,27.886241],[-105.201882,27.886098],[-105.201835,27.886015],[-105.201812,27.885841],[-105.201765,27.885399],[-105.201579,27.884691],[-105.201636,27.884629],[-105.20174,27.884598],[-105.202954,27.884515],[-105.203349,27.885582],[-105.203245,27.885603],[-105.203175,27.885603],[-105.203048,27.885675],[-105.202657,27.886559],[-105.202324,27.887524],[-105.202312,27.887545],[-105.202205,27.887567],[-105.202097,27.887038]]]}},{"type":"Feature","properties":{"modulo":1,"idparcela":"108","productor":"CAMPOS RAMIREZ NORMANDO","cultivo":"Ma­z","superficie_fisica_ha":6.0638,"superficie_riego_ha":6.0638,"hectareas":3.178},"geometry":{"type":"Polygon","coordinates":[[[-105.202578,27.887484],[-105.202589,27.887401],[-105.203118,27.885705],[-105.203164,27.885695],[-105.203256,27.885695],[-105.203465,27.885705],[-105.203499,27.885613],[-105.203279,27.885161],[-105.203069,27.884586],[-105.203127,27.884504],[-105.203277,27.884493],[-105.203393,27.884524],[-105.203498,27.884791],[-105.203544,27.884883],[-105.204436,27.885755],[-105.204424,27.885858],[-105.204103,27.88717],[-105.202566,27.887514],[-105.202578,27.887484]]]}},{"type":"Feature","properties":{"modulo":1,"idparcela":"107","productor":"BLANCO DOMINGUEZ BEATRIZ","cultivo":"Nogal (Nuez)","superficie_fisica_ha":29.92,"superficie_riego_ha":29.02,"hectareas":8.563},"geometry":{"type":"Polygon","coordinates":[[[-105.2043,27.887152],[-105.204218,27.88707],[-105.204597,27.885673],[-105.203775,27.884842],[-105.203833,27.884719],[-105.203856,27.884719],[-105.204017,27.884657],[-105.204341,27.884512],[-105.204445,27.884523],[-105.204491,27.884625],[-105.204411,27.88482],[-105.204399,27.884892],[-105.204538,27.884995],[-105.204619,27.885015],[-105.204746,27.885015],[-105.204954,27.884871],[-105.205162,27.884634],[-105.205358,27.88449],[-105.205566,27.88447],[-105.205809,27.884592],[-105.206573,27.884992],[-105.207001,27.885145],[-105.207509,27.885268],[-105.207926,27.885421],[-105.20818,27.885493],[-105.208423,27.885585],[-105.208713,27.88579],[-105.20884,27.885954],[-105.20884,27.886118],[-105.208772,27.886426],[-105.208714,27.886539],[-105.208541,27.886622],[-105.207501,27.886767],[-105.207304,27.886695],[-105.207038,27.886675],[-105.206726,27.886604],[-105.206391,27.886686],[-105.2043,27.887152]]]}},{"type":"Feature","properties":{"modulo":1,"idparcela":"107","productor":"BLANCO DOMINGUEZ BEATRIZ","cultivo":"Nogal (Nuez)","superficie_fisica_ha":29.92,"superficie_riego_ha":29.02,"hectareas":12.622},"geometry":{"type":"Polygon","coordinates":[[[-105.20304,27.887575],[-105.203624,27.887497],[-105.205276,27.887155],[-105.205727,27.887114],[-105.206224,27.887],[-105.207866,27.887121],[-105.208467,27.88712],[-105.208537,27.887418],[-105.208444,27.887448],[-105.208317,27.887418],[-105.208138,27.887464],[-105.208034,27.88769],[-105.207953,27.887721],[-105.207629,27.887588],[-105.207456,27.887599],[-105.206532,27.888216],[-105.206105,27.888186],[-105.206012,27.888176],[-105.205954,27.888145],[-105.205873,27.888156],[-105.205747,27.888248],[-105.205562,27.888721],[-105.204915,27.888856],[-105.2048,27.888835],[-105.20473,27.888784],[-105.204556,27.888568],[-105.203955,27.888323],[-105.203805,27.888323],[-105.203747,27.888354],[-105.203597,27.888323],[-105.203527,27.888395],[-105.203736,27.888765],[-105.204234,27.88899],[-105.204233,27.889057],[-105.20387,27.889161],[-105.202385,27.889537],[-105.201784,27.889712],[-105.201105,27.889881],[-105.200791,27.889971],[-105.20067,27.889987],[-105.200479,27.890015],[-105.200432,27.889879],[-105.200304,27.889489],[-105.19977,27.88836],[-105.19975,27.888246],[-105.199841,27.888219],[-105.199977,27.888184],[-105.200295,27.888146],[-105.200413,27.888119],[-105.200602,27.888061],[-105.20304,27.887575]]]}},{"type":"Feature","properties":{"modulo":1,"idparcela":"109","productor":"LOYA LECHUGA JESUS JOSE","cultivo":"Ma­z","superficie_fisica_ha":4.48,"superficie_riego_ha":4.48,"hectareas":7.722},"geometry":{"type":"Polygon","coordinates":[[[-105.200827,27.89004],[-105.200849,27.890053],[-105.201172,27.88997],[-105.205008,27.888917],[-105.205528,27.888855],[-105.205575,27.888998],[-105.205681,27.889304],[-105.205402,27.889479],[-105.204832,27.890001],[-105.2043,27.890443],[-105.203945,27.890692],[-105.203669,27.890933],[-105.203573,27.890988],[-105.203411,27.890958],[-105.203341,27.890999],[-105.203226,27.891102],[-105.203099,27.891379],[-105.202995,27.89139],[-105.202325,27.891329],[-105.20066,27.891321],[-105.200556,27.891239],[-105.200498,27.89089],[-105.200497,27.890336],[-105.200456,27.890094],[-105.200455,27.890092],[-105.200827,27.89004]]]}},{"type":"Feature","properties":{"modulo":1,"idparcela":"110","productor":"CAMPOS SALCIDO JOSE ANGEL","cultivo":"Alfalfa","superficie_fisica_ha":1.98,"superficie_riego_ha":1.98,"hectareas":5.505},"geometry":{"type":"Polygon","coordinates":[[[-105.20164,27.891451],[-105.202357,27.891474],[-105.203482,27.891585],[-105.203857,27.891765],[-105.203835,27.892044],[-105.203693,27.892351],[-105.203566,27.892545],[-105.203315,27.893202],[-105.20327,27.893211],[-105.203162,27.893205],[-105.202776,27.893164],[-105.202517,27.893219],[-105.202044,27.893],[-105.201583,27.89292],[-105.200542,27.892908],[-105.200231,27.891573],[-105.20032,27.89142],[-105.20164,27.891451]]]}},{"type":"Feature","properties":{"modulo":1,"idparcela":"9676","productor":"SANTANA DURON FCO.ALFREDO","cultivo":"Nogal (Nuez)","superficie_fisica_ha":7.125,"superficie_riego_ha":7.125,"hectareas":6.315},"geometry":{"type":"Polygon","coordinates":[[[-105.201364,27.898332],[-105.201256,27.898673],[-105.201159,27.89874],[-105.200889,27.898754],[-105.200672,27.898794],[-105.200328,27.899374],[-105.200058,27.899608],[-105.199796,27.899735],[-105.198948,27.899696],[-105.198581,27.89985],[-105.198446,27.90003],[-105.198395,27.900403],[-105.198238,27.90059],[-105.19793,27.900803],[-105.197833,27.90085],[-105.197676,27.900857],[-105.197608,27.90083],[-105.197593,27.90077],[-105.19772,27.900697],[-105.197878,27.90059],[-105.198192,27.90039],[-105.198282,27.90011],[-105.198139,27.900077],[-105.198038,27.9],[-105.198,27.899621],[-105.198187,27.899454],[-105.198591,27.89922],[-105.198696,27.899053],[-105.198988,27.8987],[-105.199358,27.89823],[-105.199612,27.897736],[-105.199716,27.897363],[-105.199739,27.897257],[-105.199724,27.89715],[-105.199753,27.897003],[-105.199888,27.896817],[-105.199993,27.896663],[-105.200165,27.89649],[-105.200292,27.89649],[-105.200495,27.896589],[-105.201021,27.896948],[-105.201148,27.896995],[-105.201236,27.89701],[-105.201364,27.898332]]]}},{"type":"Feature","properties":{"modulo":1,"idparcela":"111","productor":"CAMPOS DE LA ROSA DONACIANO","cultivo":"Chile verde","superficie_fisica_ha":9.84,"superficie_riego_ha":9.84,"hectareas":10.693},"geometry":{"type":"Polygon","coordinates":[[[-105.203208,27.893317],[-105.203324,27.893321],[-105.203541,27.893361],[-105.203519,27.893541],[-105.203429,27.893627],[-105.203182,27.893794],[-105.202987,27.894041],[-105.202696,27.894581],[-105.20267,27.894897],[-105.202693,27.89523],[-105.202814,27.895637],[-105.203085,27.896076],[-105.20319,27.896076],[-105.20331,27.896036],[-105.203467,27.895989],[-105.203797,27.895948],[-105.204052,27.895841],[-105.204307,27.895794],[-105.204442,27.895967],[-105.204536,27.896124],[-105.204536,27.89623],[-105.204454,27.89633],[-105.20405,27.896557],[-105.203488,27.896785],[-105.202899,27.897035],[-105.202045,27.897377],[-105.201783,27.897397],[-105.201409,27.89819],[-105.201364,27.898332],[-105.201236,27.89701],[-105.201298,27.897021],[-105.201381,27.896981],[-105.201388,27.896894],[-105.20105,27.896775],[-105.200937,27.896535],[-105.20087,27.896462],[-105.200716,27.896439],[-105.200671,27.896359],[-105.20076,27.895946],[-105.200924,27.895559],[-105.200984,27.895353],[-105.200957,27.89495],[-105.200858,27.89441],[-105.20085,27.893784],[-105.200591,27.893013],[-105.201329,27.89299],[-105.202007,27.893066],[-105.202156,27.893184],[-105.20247,27.89334],[-105.202753,27.893335],[-105.20309,27.89332],[-105.203208,27.893317]]]}},{"type":"Feature","properties":{"modulo":1,"idparcela":"115","productor":"CAMPOS GRANILLO OCTAVIO","cultivo":"Alfalfa","superficie_fisica_ha":1.168,"superficie_riego_ha":1.168,"hectareas":1.687},"geometry":{"type":"Polygon","coordinates":[[[-105.206425,27.897537],[-105.20626,27.897737],[-105.206276,27.897923],[-105.206298,27.898063],[-105.206224,27.898103],[-105.205714,27.898504],[-105.205377,27.898817],[-105.205108,27.898971],[-105.205033,27.898911],[-105.205175,27.898611],[-105.205467,27.898417],[-105.205729,27.89819],[-105.20566,27.897738],[-105.205997,27.897317],[-105.206004,27.897217],[-105.205862,27.897071],[-105.206139,27.896977],[-105.206243,27.896764],[-105.206408,27.896704],[-105.206453,27.896564],[-105.206641,27.896537],[-105.206918,27.896537],[-105.207061,27.896643],[-105.207159,27.896943],[-105.207257,27.897142],[-105.207152,27.897222],[-105.206695,27.897423],[-105.206425,27.897537]]]}},{"type":"Feature","properties":{"modulo":1,"idparcela":"113","productor":"ALCANTAR ORTEGA JOSE","cultivo":"Ma­z","superficie_fisica_ha":3.472,"superficie_riego_ha":3.472,"hectareas":2.913},"geometry":{"type":"Polygon","coordinates":[[[-105.205376,27.897838],[-105.205173,27.897878],[-105.204859,27.898045],[-105.204784,27.898392],[-105.204754,27.898525],[-105.204635,27.898672],[-105.204477,27.898665],[-105.204372,27.898605],[-105.204312,27.898486],[-105.204282,27.898313],[-105.204221,27.898039],[-105.204266,27.897853],[-105.204153,27.89792],[-105.204101,27.897866],[-105.204131,27.897726],[-105.204198,27.897606],[-105.204355,27.897406],[-105.204362,27.897147],[-105.204557,27.897093],[-105.204714,27.897086],[-105.204864,27.897053],[-105.204999,27.896826],[-105.205156,27.896726],[-105.205223,27.896619],[-105.205238,27.896399],[-105.205358,27.896259],[-105.205538,27.896239],[-105.2058,27.896238],[-105.205942,27.896132],[-105.206062,27.895898],[-105.206249,27.895798],[-105.206451,27.895685],[-105.206556,27.895691],[-105.206654,27.895798],[-105.20679,27.896217],[-105.206723,27.89645],[-105.206648,27.896484],[-105.20634,27.896464],[-105.206138,27.896571],[-105.206026,27.896678],[-105.205861,27.896878],[-105.205697,27.897038],[-105.205637,27.897198],[-105.205667,27.897384],[-105.205376,27.897838]]]}},{"type":"Feature","properties":{"modulo":1,"idparcela":"116","productor":"RIVERA HERMOSILLO ARMANDO","cultivo":"Nogal (Nuez)","superficie_fisica_ha":7.716,"superficie_riego_ha":7.716,"hectareas":9.493},"geometry":{"type":"Polygon","coordinates":[[[-105.204138,27.899561],[-105.204366,27.899285],[-105.204531,27.899132],[-105.204988,27.899131],[-105.205363,27.899237],[-105.205535,27.899023],[-105.205666,27.898973],[-105.206251,27.898553],[-105.20667,27.898312],[-105.206812,27.898179],[-105.206932,27.898179],[-105.207271,27.898924],[-105.207249,27.899117],[-105.207384,27.899264],[-105.207572,27.899423],[-105.20764,27.899523],[-105.207644,27.899532],[-105.207677,27.899596],[-105.207958,27.900971],[-105.207961,27.900985],[-105.208007,27.901431],[-105.208023,27.901644],[-105.207775,27.901745],[-105.207445,27.901645],[-105.20716,27.901559],[-105.20692,27.901626],[-105.206665,27.901587],[-105.206425,27.90152],[-105.206035,27.901301],[-105.205397,27.901069],[-105.205104,27.900996],[-105.20462,27.901013],[-105.204425,27.90106],[-105.20437,27.901126],[-105.204328,27.900987],[-105.20429,27.900601],[-105.204102,27.900281],[-105.204116,27.900221],[-105.204184,27.900121],[-105.204304,27.900081],[-105.204138,27.899561]]]}},{"type":"Feature","properties":{"modulo":1,"idparcela":"108","productor":"CAMPOS RAMIREZ NORMANDO","cultivo":"Ma­z","superficie_fisica_ha":6.0638,"superficie_riego_ha":6.0638,"hectareas":10.267},"geometry":{"type":"Polygon","coordinates":[[[-105.2004,27.900024],[-105.200437,27.899837],[-105.200422,27.899464],[-105.200758,27.898891],[-105.201148,27.898837],[-105.201365,27.898683],[-105.201855,27.897552],[-105.202127,27.897498],[-105.202986,27.897139],[-105.203585,27.896838],[-105.204005,27.896677],[-105.204185,27.896651],[-105.204297,27.896724],[-105.204298,27.89689],[-105.204186,27.897117],[-105.204066,27.897264],[-105.203886,27.897317],[-105.203804,27.897411],[-105.203677,27.897697],[-105.203603,27.89815],[-105.203528,27.898317],[-105.203543,27.898424],[-105.204072,27.898759],[-105.204215,27.898832],[-105.204006,27.899132],[-105.203886,27.899372],[-105.204138,27.899561],[-105.204304,27.900081],[-105.204184,27.900121],[-105.204116,27.900221],[-105.204102,27.900281],[-105.20429,27.900601],[-105.204328,27.900987],[-105.20437,27.901126],[-105.204291,27.90122],[-105.204126,27.901307],[-105.20401,27.901297],[-105.203522,27.900952],[-105.202891,27.900566],[-105.202343,27.900227],[-105.201941,27.900165],[-105.201716,27.899985],[-105.201296,27.899932],[-105.200906,27.89994],[-105.200756,27.899933],[-105.2004,27.900024]]]}},{"type":"Feature","properties":{"modulo":1,"idparcela":"122","productor":"MORADO JAIMES RAMON","cultivo":"Nogal (Nuez)","superficie_fisica_ha":9.26,"superficie_riego_ha":9.26,"hectareas":2.249},"geometry":{"type":"Polygon","coordinates":[[[-105.216125,27.900901],[-105.216339,27.901005],[-105.216435,27.90109],[-105.216692,27.901327],[-105.217056,27.90146],[-105.217313,27.901573],[-105.217506,27.901744],[-105.217645,27.901953],[-105.217699,27.902104],[-105.217336,27.902418],[-105.217069,27.902609],[-105.216909,27.902685],[-105.216534,27.902372],[-105.216427,27.902182],[-105.216437,27.902021],[-105.215763,27.901424],[-105.215516,27.901206],[-105.215377,27.901054],[-105.215323,27.900826],[-105.215344,27.900674],[-105.215483,27.900579],[-105.215739,27.90056],[-105.215953,27.900654],[-105.216071,27.900796],[-105.216114,27.900853],[-105.216125,27.900901]]]}},{"type":"Feature","properties":{"modulo":1,"idparcela":"121","productor":"RODRIGUEZ GARCIA JAVIER","cultivo":"Alfalfa","superficie_fisica_ha":3.2,"superficie_riego_ha":3.2,"hectareas":4.077},"geometry":{"type":"Polygon","coordinates":[[[-105.212075,27.901838],[-105.211669,27.90181],[-105.211327,27.901886],[-105.211316,27.901839],[-105.211209,27.901583],[-105.211368,27.901307],[-105.211293,27.901051],[-105.211293,27.900832],[-105.2114,27.900823],[-105.21142,27.900921],[-105.211471,27.900981],[-105.211464,27.901003],[-105.211507,27.901069],[-105.211646,27.901022],[-105.211753,27.900955],[-105.211892,27.900936],[-105.211999,27.900993],[-105.212148,27.901049],[-105.212276,27.900973],[-105.212437,27.900812],[-105.212639,27.900697],[-105.212949,27.900687],[-105.213356,27.90082],[-105.213677,27.900943],[-105.213923,27.900923],[-105.214085,27.900886],[-105.214275,27.900837],[-105.214554,27.901245],[-105.214939,27.901368],[-105.215411,27.901985],[-105.215336,27.902118],[-105.215005,27.90228],[-105.214856,27.902261],[-105.214502,27.9021],[-105.214331,27.902043],[-105.214043,27.902015],[-105.213796,27.901902],[-105.21354,27.901864],[-105.213283,27.901826],[-105.213058,27.901751],[-105.212535,27.901733],[-105.212075,27.901838]]]}},{"type":"Feature","properties":{"modulo":1,"idparcela":"123","productor":"NIETO SANTOS GUADALUPE","cultivo":"Chile verde","superficie_fisica_ha":3.296,"superficie_riego_ha":3.296,"hectareas":4.541},"geometry":{"type":"Polygon","coordinates":[[[-105.209888,27.902215],[-105.210017,27.902314],[-105.210129,27.90236],[-105.210318,27.902397],[-105.210533,27.90229],[-105.211333,27.902235],[-105.211883,27.902181],[-105.212227,27.902165],[-105.212519,27.902104],[-105.212622,27.901997],[-105.21282,27.90205],[-105.213052,27.90205],[-105.213207,27.902156],[-105.21399,27.902499],[-105.21399,27.902575],[-105.213612,27.90269],[-105.213354,27.902736],[-105.213234,27.902973],[-105.213028,27.902897],[-105.212882,27.902905],[-105.212512,27.903089],[-105.212487,27.903563],[-105.212324,27.903624],[-105.212126,27.903617],[-105.211679,27.903373],[-105.211541,27.903289],[-105.211386,27.902976],[-105.210973,27.902931],[-105.210835,27.902962],[-105.210732,27.903077],[-105.210543,27.903123],[-105.210483,27.90323],[-105.210604,27.903512],[-105.210733,27.903558],[-105.211026,27.903527],[-105.211155,27.903527],[-105.211164,27.903748],[-105.21113,27.90397],[-105.211061,27.9041],[-105.210962,27.904409],[-105.210862,27.904427],[-105.210674,27.9041],[-105.209993,27.903276],[-105.209855,27.902818],[-105.209897,27.902665],[-105.209819,27.902299],[-105.209854,27.90223],[-105.209888,27.902215]]]}},{"type":"Feature","properties":{"modulo":1,"idparcela":"125","productor":"HERNANDEZ MEDRANO GUADALUPE","cultivo":"Alfalfa","superficie_fisica_ha":1,"superficie_riego_ha":1,"hectareas":1.037},"geometry":{"type":"Polygon","coordinates":[[[-105.209822,27.903498],[-105.210304,27.904032],[-105.210382,27.904146],[-105.21046,27.904299],[-105.21058,27.904406],[-105.210805,27.904841],[-105.210762,27.90491],[-105.210684,27.904902],[-105.210417,27.904734],[-105.209979,27.904773],[-105.209704,27.904797],[-105.209514,27.904682],[-105.209437,27.904545],[-105.209497,27.904438],[-105.209557,27.904423],[-105.2096,27.904339],[-105.209668,27.903964],[-105.209616,27.903743],[-105.209822,27.903498]]]}},{"type":"Feature","properties":{"modulo":1,"idparcela":"117","productor":"CAMPOS SALCIDO JOSE ANGEL","cultivo":"Alfalfa","superficie_fisica_ha":7.53,"superficie_riego_ha":7.53,"hectareas":12.072},"geometry":{"type":"Polygon","coordinates":[[[-105.207644,27.899532],[-105.20766,27.899503],[-105.207565,27.899113],[-105.207099,27.898175],[-105.207107,27.898083],[-105.207846,27.897631],[-105.207932,27.897639],[-105.208164,27.897837],[-105.208418,27.897978],[-105.208418,27.898077],[-105.208384,27.898169],[-105.208255,27.898284],[-105.208238,27.898398],[-105.208324,27.898467],[-105.208462,27.898436],[-105.208651,27.898291],[-105.208728,27.89813],[-105.208805,27.898138],[-105.209227,27.898359],[-105.20964,27.898473],[-105.210062,27.898648],[-105.21038,27.898853],[-105.211008,27.899028],[-105.211232,27.898951],[-105.211868,27.899149],[-105.212015,27.899164],[-105.212075,27.89924],[-105.212049,27.899332],[-105.211946,27.899439],[-105.211732,27.899539],[-105.211495,27.899673],[-105.211315,27.899925],[-105.211221,27.900154],[-105.211196,27.900353],[-105.211248,27.900651],[-105.211162,27.900659],[-105.211127,27.900628],[-105.211041,27.900605],[-105.210981,27.900605],[-105.210904,27.900689],[-105.21081,27.900758],[-105.210982,27.900804],[-105.211042,27.900857],[-105.211094,27.901063],[-105.211043,27.90117],[-105.210948,27.901247],[-105.210897,27.901331],[-105.210897,27.90143],[-105.210957,27.901499],[-105.211035,27.901552],[-105.211078,27.901667],[-105.21107,27.901827],[-105.210984,27.90198],[-105.210761,27.902095],[-105.210546,27.902111],[-105.210331,27.902088],[-105.210141,27.902004],[-105.209969,27.901875],[-105.209809,27.901619],[-105.209508,27.901581],[-105.209397,27.901505],[-105.20919,27.901383],[-105.209052,27.901391],[-105.208743,27.901437],[-105.208391,27.90153],[-105.208175,27.901484],[-105.208038,27.901385],[-105.208029,27.901293],[-105.208123,27.901163],[-105.208347,27.901003],[-105.20863,27.900811],[-105.208767,27.90075],[-105.209103,27.900681],[-105.209317,27.900635],[-105.209549,27.900512],[-105.209859,27.900489],[-105.210065,27.900435],[-105.210297,27.900121],[-105.210614,27.899915],[-105.210975,27.899418],[-105.210914,27.899341],[-105.210845,27.899319],[-105.210639,27.899479],[-105.210477,27.899747],[-105.21027,27.899846],[-105.210158,27.899786],[-105.209426,27.89887],[-105.209323,27.89887],[-105.20928,27.899015],[-105.209625,27.899427],[-105.210142,27.899992],[-105.210159,27.900129],[-105.209988,27.900374],[-105.209841,27.900382],[-105.209601,27.900481],[-105.209266,27.90052],[-105.209128,27.90062],[-105.208982,27.900627],[-105.208793,27.90059],[-105.208638,27.900674],[-105.208321,27.900942],[-105.208063,27.90098],[-105.207958,27.900971],[-105.207677,27.899596],[-105.207644,27.899532]]]}},{"type":"Feature","properties":{"modulo":1,"idparcela":"************","productor":null,"cultivo":"Sin Cultivo","superficie_fisica_ha":null,"superficie_riego_ha":null,"hectareas":0.66},"geometry":{"type":"Polygon","coordinates":[[[-105.209787,27.901972],[-105.209659,27.9022],[-105.209649,27.902295],[-105.209756,27.902609],[-105.209778,27.902799],[-105.209757,27.902837],[-105.209532,27.902771],[-105.209392,27.902619],[-105.209285,27.902381],[-105.209102,27.902191],[-105.208877,27.90204],[-105.208652,27.901916],[-105.208609,27.901783],[-105.208652,27.901707],[-105.208748,27.901669],[-105.209059,27.901754],[-105.209187,27.90182],[-105.209391,27.901839],[-105.209584,27.901839],[-105.20968,27.901915],[-105.209712,27.901924],[-105.209787,27.901972]]]}},{"type":"Feature","properties":{"modulo":1,"idparcela":"119","productor":"ROMERO RODRIGUEZ ABEL","cultivo":"Nogal (Nuez)","superficie_fisica_ha":5.972,"superficie_riego_ha":5.972,"hectareas":7.975},"geometry":{"type":"Polygon","coordinates":[[[-105.207735,27.903839],[-105.207703,27.903944],[-105.207489,27.903973],[-105.20735,27.904001],[-105.207253,27.904078],[-105.207157,27.904173],[-105.207093,27.904259],[-105.207051,27.904354],[-105.206954,27.904401],[-105.206826,27.904459],[-105.206719,27.904411],[-105.206568,27.90406],[-105.206621,27.903869],[-105.206621,27.903698],[-105.206384,27.902975],[-105.206106,27.902995],[-105.205763,27.902938],[-105.20557,27.902843],[-105.205248,27.902454],[-105.205162,27.902407],[-105.205023,27.902435],[-105.204788,27.902569],[-105.204691,27.902578],[-105.204348,27.902493],[-105.204145,27.902437],[-105.204027,27.902247],[-105.204048,27.902085],[-105.204058,27.901847],[-105.203897,27.901619],[-105.203918,27.901571],[-105.2041,27.901476],[-105.204282,27.90139],[-105.2044,27.901276],[-105.20456,27.901199],[-105.204806,27.901132],[-105.205653,27.90135],[-105.205899,27.901464],[-105.205996,27.901511],[-105.206136,27.90192],[-105.206307,27.901948],[-105.206403,27.90191],[-105.206553,27.901824],[-105.206767,27.901824],[-105.207078,27.901881],[-105.20741,27.902013],[-105.207624,27.902032],[-105.207828,27.901994],[-105.20801,27.90187],[-105.208138,27.901765],[-105.208245,27.901765],[-105.208374,27.901955],[-105.208556,27.902069],[-105.208803,27.902173],[-105.209017,27.902315],[-105.209092,27.902505],[-105.2092,27.902629],[-105.209479,27.902933],[-105.209447,27.90299],[-105.209157,27.902933],[-105.209008,27.902933],[-105.208686,27.902934],[-105.208494,27.902934],[-105.208387,27.902982],[-105.208355,27.903087],[-105.208419,27.903419],[-105.208721,27.904285],[-105.208721,27.90438],[-105.208711,27.904484],[-105.208636,27.904513],[-105.208539,27.904532],[-105.208507,27.904523],[-105.208411,27.904428],[-105.208239,27.90399],[-105.20799,27.903059],[-105.207872,27.902792],[-105.207786,27.902688],[-105.207572,27.902508],[-105.207454,27.902298],[-105.207314,27.902204],[-105.207229,27.902232],[-105.207122,27.902613],[-105.207187,27.902689],[-105.207294,27.90267],[-105.207369,27.902717],[-105.207735,27.903839]]]}},{"type":"Feature","properties":{"modulo":1,"idparcela":"9686","productor":"HERNANDEZ MEDRANO MATEO","cultivo":"Nogal (Nuez)","superficie_fisica_ha":1.25,"superficie_riego_ha":1.25,"hectareas":1.055},"geometry":{"type":"Polygon","coordinates":[[[-105.203694,27.901905],[-105.203619,27.901838],[-105.203587,27.901829],[-105.203512,27.901819],[-105.203437,27.901791],[-105.203319,27.901791],[-105.203266,27.90182],[-105.203266,27.901972],[-105.203352,27.902095],[-105.203459,27.902105],[-105.203523,27.902171],[-105.20362,27.902257],[-105.203599,27.902371],[-105.203524,27.902418],[-105.203331,27.902419],[-105.203224,27.9024],[-105.203149,27.902333],[-105.203052,27.902276],[-105.202935,27.902277],[-105.202817,27.90222],[-105.202558,27.901307],[-105.202515,27.901079],[-105.202525,27.90085],[-105.202589,27.900936],[-105.202664,27.901021],[-105.202804,27.901126],[-105.2032,27.901287],[-105.203468,27.90141],[-105.203736,27.901505],[-105.203694,27.901905]]]}},{"type":"Feature","properties":{"modulo":1,"idparcela":"126","productor":"MONTES DE LA ROSA ROSALIO","cultivo":"Nogal (Nuez)","superficie_fisica_ha":3.6224,"superficie_riego_ha":3.6224,"hectareas":0.697},"geometry":{"type":"Polygon","coordinates":[[[-105.195976,27.902124],[-105.195831,27.902323],[-105.19553,27.902571],[-105.195284,27.902741],[-105.195149,27.902791],[-105.195004,27.902811],[-105.194881,27.902801],[-105.194746,27.902742],[-105.194679,27.902662],[-105.194522,27.902603],[-105.19441,27.902513],[-105.19422,27.902474],[-105.194198,27.902394],[-105.194231,27.902325],[-105.19441,27.902325],[-105.1946,27.902294],[-105.194723,27.902274],[-105.194891,27.902264],[-105.195171,27.902224],[-105.195383,27.902214],[-105.195574,27.902174],[-105.195976,27.902124]]]}},{"type":"Feature","properties":{"modulo":1,"idparcela":"126","productor":"MONTES DE LA ROSA ROSALIO","cultivo":"Nogal (Nuez)","superficie_fisica_ha":3.6224,"superficie_riego_ha":3.6224,"hectareas":1.304},"geometry":{"type":"Polygon","coordinates":[[[-105.195852,27.901557],[-105.196366,27.901228],[-105.196467,27.901059],[-105.196444,27.90097],[-105.196299,27.90104],[-105.196142,27.90107],[-105.19593,27.901159],[-105.195919,27.90111],[-105.196209,27.90095],[-105.1966,27.900671],[-105.19698,27.900402],[-105.197103,27.900263],[-105.197226,27.900303],[-105.19726,27.900422],[-105.19735,27.900462],[-105.197462,27.900412],[-105.197394,27.900283],[-105.197338,27.900243],[-105.197304,27.900163],[-105.197248,27.900064],[-105.197315,27.899955],[-105.197438,27.899935],[-105.19755,27.899974],[-105.197662,27.900054],[-105.197786,27.900242],[-105.197864,27.900302],[-105.197864,27.900381],[-105.197741,27.900471],[-105.197674,27.900521],[-105.197518,27.900561],[-105.197328,27.900621],[-105.197261,27.900651],[-105.197317,27.90074],[-105.197272,27.90081],[-105.197205,27.900919],[-105.197082,27.900969],[-105.19697,27.901049],[-105.19687,27.901158],[-105.196814,27.901238],[-105.196713,27.901307],[-105.196646,27.901367],[-105.196501,27.901467],[-105.196401,27.901556],[-105.196356,27.901646],[-105.196267,27.901745],[-105.196166,27.901845],[-105.196133,27.901924],[-105.196133,27.902034],[-105.196066,27.902113],[-105.195987,27.902054],[-105.195875,27.901975],[-105.195853,27.901865],[-105.19583,27.901786],[-105.195729,27.901716],[-105.195662,27.901677],[-105.195696,27.901607],[-105.195752,27.901607],[-105.195808,27.901607],[-105.195852,27.901557]]]}},{"type":"Feature","properties":{"modulo":1,"idparcela":"114","productor":"LOYA GARCIA SUSANO","cultivo":"Nogal (Nuez)","superficie_fisica_ha":2.6818,"superficie_riego_ha":2.6818,"hectareas":4.221},"geometry":{"type":"Polygon","coordinates":[[[-105.198561,27.901881],[-105.198449,27.901971],[-105.198315,27.902051],[-105.198226,27.90212],[-105.197901,27.90224],[-105.197633,27.902519],[-105.197482,27.902585],[-105.197284,27.902719],[-105.197152,27.902748],[-105.196985,27.902808],[-105.196839,27.902858],[-105.196543,27.903009],[-105.196291,27.903067],[-105.195978,27.903078],[-105.195732,27.903098],[-105.195587,27.903237],[-105.195162,27.903417],[-105.195016,27.903427],[-105.19477,27.903417],[-105.194647,27.903368],[-105.194658,27.903298],[-105.194714,27.903219],[-105.194949,27.903149],[-105.195195,27.903109],[-105.195318,27.903118],[-105.195396,27.903049],[-105.195452,27.902959],[-105.195631,27.90285],[-105.195821,27.90276],[-105.196011,27.90267],[-105.19619,27.90266],[-105.196246,27.902551],[-105.19619,27.902461],[-105.196089,27.902461],[-105.196077,27.902302],[-105.196189,27.902262],[-105.196335,27.902252],[-105.196301,27.902193],[-105.196457,27.902083],[-105.196513,27.902033],[-105.196524,27.901954],[-105.19658,27.901884],[-105.196703,27.901814],[-105.196703,27.901655],[-105.196893,27.901486],[-105.19715,27.901347],[-105.197362,27.901227],[-105.197575,27.901157],[-105.19781,27.901157],[-105.197944,27.901166],[-105.198268,27.901027],[-105.198324,27.900907],[-105.198536,27.900708],[-105.198659,27.900529],[-105.198972,27.900439],[-105.199252,27.900439],[-105.199789,27.900468],[-105.199789,27.900587],[-105.199711,27.900697],[-105.1996,27.900737],[-105.199365,27.900757],[-105.199219,27.900757],[-105.19913,27.900837],[-105.199063,27.900936],[-105.199029,27.901105],[-105.198929,27.901125],[-105.198772,27.901205],[-105.198582,27.901344],[-105.198549,27.901454],[-105.19856,27.901613],[-105.198561,27.901881]]]}},{"type":"Feature","properties":{"modulo":1,"idparcela":"112","productor":"HERRERA ARMENDARIZ JESUS MANUEL","cultivo":"Chile verde","superficie_fisica_ha":1.65,"superficie_riego_ha":1.65,"hectareas":0.696},"geometry":{"type":"Polygon","coordinates":[[[-105.200449,27.900209],[-105.200661,27.900139],[-105.200762,27.900158],[-105.200841,27.900178],[-105.20102,27.900158],[-105.201075,27.900098],[-105.201176,27.900098],[-105.201277,27.900108],[-105.201389,27.900157],[-105.201546,27.900247],[-105.201635,27.900306],[-105.201658,27.900435],[-105.201546,27.900505],[-105.201322,27.900456],[-105.201188,27.900565],[-105.201088,27.900645],[-105.200931,27.900655],[-105.200797,27.900645],[-105.200662,27.900606],[-105.200494,27.900586],[-105.200293,27.900596],[-105.200136,27.900636],[-105.19998,27.900666],[-105.199812,27.900736],[-105.19979,27.900657],[-105.199879,27.900547],[-105.199991,27.900468],[-105.200125,27.900388],[-105.200214,27.900338],[-105.200404,27.900278],[-105.200449,27.900209]]]}},{"type":"Feature","properties":{"modulo":1,"idparcela":"67","productor":"PORTILLO ARANDA ADELA","cultivo":"Sin Cultivo","superficie_fisica_ha":5.995,"superficie_riego_ha":5.995,"hectareas":4.162},"geometry":{"type":"Polygon","coordinates":[[[-105.203522,27.863433],[-105.203487,27.863823],[-105.203402,27.864375],[-105.203323,27.864855],[-105.203307,27.86492],[-105.203298,27.864953],[-105.203291,27.86501],[-105.203246,27.865068],[-105.203217,27.865108],[-105.201723,27.864773],[-105.201734,27.864668],[-105.201734,27.864615],[-105.201284,27.864479],[-105.201165,27.864406],[-105.201413,27.863721],[-105.201838,27.862761],[-105.202561,27.862876],[-105.202561,27.863118],[-105.202893,27.863192],[-105.202988,27.862949],[-105.203367,27.863128],[-105.203379,27.863159],[-105.203368,27.863402],[-105.20351,27.863454],[-105.203522,27.863433]]]}},{"type":"Feature","properties":{"modulo":1,"idparcela":"94","productor":"RANGEL OLVEDA ALFREDO","cultivo":"Nogal (Nuez)","superficie_fisica_ha":5.4,"superficie_riego_ha":5.4,"hectareas":2.172},"geometry":{"type":"Polygon","coordinates":[[[-105.20608,27.874599],[-105.206988,27.873221],[-105.207148,27.873079],[-105.207557,27.872997],[-105.207671,27.873078],[-105.207809,27.873301],[-105.207763,27.873321],[-105.207923,27.873705],[-105.207651,27.87409],[-105.207332,27.874496],[-105.206946,27.8748],[-105.20665,27.874942],[-105.206354,27.874942],[-105.206103,27.874922],[-105.205989,27.874842],[-105.20608,27.874599]]]}},{"type":"Feature","properties":{"modulo":1,"idparcela":"87","productor":"RANGEL OLVEDA ALFREDO","cultivo":"Nogal (Nuez)","superficie_fisica_ha":1.808,"superficie_riego_ha":1.808,"hectareas":19.159},"geometry":{"type":"Polygon","coordinates":[[[-105.206415,27.871299],[-105.206635,27.871331],[-105.206771,27.871526],[-105.206839,27.871618],[-105.206908,27.871767],[-105.206895,27.871986],[-105.206804,27.87227],[-105.206055,27.873546],[-105.205804,27.873607],[-105.204825,27.873406],[-105.203457,27.873024],[-105.202158,27.87258],[-105.201861,27.87248],[-105.201861,27.872378],[-105.201884,27.872297],[-105.201815,27.872136],[-105.201588,27.872338],[-105.201383,27.872501],[-105.201155,27.872521],[-105.200973,27.872461],[-105.200859,27.87242],[-105.200698,27.871591],[-105.20065,27.870093],[-105.200649,27.869486],[-105.200603,27.869344],[-105.200694,27.869182],[-105.200853,27.869344],[-105.200967,27.869425],[-105.201218,27.869445],[-105.2014,27.869465],[-105.201605,27.869565],[-105.201674,27.869646],[-105.201719,27.869525],[-105.201628,27.869444],[-105.201218,27.869323],[-105.200967,27.869243],[-105.20083,27.86904],[-105.200853,27.86898],[-105.204269,27.868711],[-105.204406,27.868934],[-105.204521,27.869237],[-105.204475,27.869318],[-105.204134,27.86942],[-105.203952,27.869582],[-105.203884,27.869947],[-105.203839,27.870412],[-105.203977,27.870776],[-105.204205,27.87108],[-105.204342,27.871343],[-105.204434,27.871585],[-105.204525,27.871686],[-105.204571,27.871605],[-105.20473,27.871544],[-105.2053,27.871604],[-105.205778,27.871725],[-105.206006,27.871745],[-105.206234,27.871745],[-105.206279,27.871704],[-105.206325,27.871542],[-105.206415,27.871299]]]}},{"type":"Feature","properties":{"modulo":1,"idparcela":"************","productor":null,"cultivo":"Sin Cultivo","superficie_fisica_ha":null,"superficie_riego_ha":null,"hectareas":2.917},"geometry":{"type":"Polygon","coordinates":[[[-105.204995,27.869306],[-105.20607,27.871393],[-105.206211,27.871583],[-105.206097,27.871644],[-105.205185,27.871463],[-105.205253,27.871179],[-105.205048,27.870977],[-105.204797,27.870957],[-105.204569,27.870917],[-105.20441,27.870917],[-105.204182,27.870817],[-105.203976,27.870493],[-105.203959,27.869978],[-105.204006,27.869733],[-105.204111,27.869562],[-105.20427,27.86946],[-105.204544,27.869338],[-105.204771,27.869277],[-105.204995,27.869306]]]}},{"type":"Feature","properties":{"modulo":1,"idparcela":"86","productor":"MARQUEZ VAZQUEZ MARTIN","cultivo":"Sin Cultivo","superficie_fisica_ha":2.224,"superficie_riego_ha":2.224,"hectareas":3.45},"geometry":{"type":"Polygon","coordinates":[[[-105.204314,27.86859],[-105.203904,27.868591],[-105.202082,27.868796],[-105.200921,27.868878],[-105.200784,27.868595],[-105.200966,27.868433],[-105.201353,27.868311],[-105.201626,27.868189],[-105.201876,27.867946],[-105.202104,27.867885],[-105.202445,27.867844],[-105.202718,27.86756],[-105.203082,27.867377],[-105.203355,27.867316],[-105.203765,27.867316],[-105.203834,27.867336],[-105.204199,27.868044],[-105.204314,27.86859]]]}},{"type":"Feature","properties":{"modulo":1,"idparcela":"101","productor":"DOMINGUEZ JAUREGUI FERNANDO","cultivo":"Alfalfa","superficie_fisica_ha":1.5,"superficie_riego_ha":1.5,"hectareas":1.462},"geometry":{"type":"Polygon","coordinates":[[[-105.195673,27.872321],[-105.195034,27.872317],[-105.194562,27.872408],[-105.194308,27.872469],[-105.194116,27.872551],[-105.193911,27.872451],[-105.193911,27.872329],[-105.193911,27.872147],[-105.193933,27.871884],[-105.194183,27.871762],[-105.194502,27.871822],[-105.19473,27.871822],[-105.194981,27.8717],[-105.195436,27.871457],[-105.195709,27.871618],[-105.196051,27.871739],[-105.19596,27.87184],[-105.195847,27.872144],[-105.195673,27.872321]]]}},{"type":"Feature","properties":{"modulo":1,"idparcela":"98","productor":"SANCHEZ ACEVES SAMUEL","cultivo":"Alfalfa","superficie_fisica_ha":2.4477,"superficie_riego_ha":1.8985,"hectareas":2.293},"geometry":{"type":"Polygon","coordinates":[[[-105.194751,27.870547],[-105.195161,27.870566],[-105.195593,27.870424],[-105.195821,27.870404],[-105.196072,27.870383],[-105.196391,27.870383],[-105.196459,27.870646],[-105.196528,27.870868],[-105.196483,27.871111],[-105.196165,27.871516],[-105.195914,27.871496],[-105.195755,27.871395],[-105.195504,27.871315],[-105.195367,27.871376],[-105.195208,27.871457],[-105.195003,27.871619],[-105.19473,27.87164],[-105.194593,27.8716],[-105.194365,27.8716],[-105.194092,27.87158],[-105.194046,27.871519],[-105.194183,27.871317],[-105.194365,27.871155],[-105.194387,27.870952],[-105.194592,27.870729],[-105.194751,27.870547]]]}},{"type":"Feature","properties":{"modulo":1,"idparcela":"84","productor":"RANGEL OLVEDA ALFREDO","cultivo":"Nogal (Nuez)","superficie_fisica_ha":3.93,"superficie_riego_ha":3.93,"hectareas":3.62},"geometry":{"type":"Polygon","coordinates":[[[-105.196546,27.868034],[-105.196413,27.8702],[-105.196299,27.870302],[-105.195912,27.870262],[-105.195684,27.870323],[-105.195479,27.870202],[-105.195365,27.870121],[-105.195183,27.870141],[-105.195023,27.870182],[-105.194932,27.87002],[-105.194931,27.869717],[-105.195045,27.869271],[-105.195067,27.869069],[-105.194953,27.868806],[-105.194838,27.868442],[-105.194815,27.868138],[-105.194815,27.868098],[-105.195589,27.868056],[-105.196546,27.868034]]]}},{"type":"Feature","properties":{"modulo":1,"idparcela":"83","productor":"SALCIDO ALCANTAR JAVIER","cultivo":"Otros Cultivos Varios","superficie_fisica_ha":1.2461,"superficie_riego_ha":1.2461,"hectareas":4.914},"geometry":{"type":"Polygon","coordinates":[[[-105.19552,27.867469],[-105.195588,27.867429],[-105.196657,27.866719],[-105.197044,27.866516],[-105.197408,27.866272],[-105.197522,27.866272],[-105.198824,27.86797],[-105.198505,27.868234],[-105.196843,27.868884],[-105.196661,27.868824],[-105.19666,27.867953],[-105.19568,27.867975],[-105.19552,27.867469]]]}},{"type":"Feature","properties":{"modulo":1,"idparcela":"************","productor":null,"cultivo":"Sin Cultivo","superficie_fisica_ha":null,"superficie_riego_ha":null,"hectareas":3.926},"geometry":{"type":"Polygon","coordinates":[[[-105.196733,27.870868],[-105.197576,27.870846],[-105.198832,27.870725],[-105.198877,27.872079],[-105.198398,27.8721],[-105.198285,27.872201],[-105.197191,27.872041],[-105.197077,27.872082],[-105.196886,27.872686],[-105.196827,27.872669],[-105.195961,27.872346],[-105.196007,27.872184],[-105.196143,27.87186],[-105.196347,27.871577],[-105.196551,27.871172],[-105.196733,27.870868]]]}},{"type":"Feature","properties":{"modulo":1,"idparcela":"90","productor":"RANGEL OLVEDA ALFREDO","cultivo":"Nogal (Nuez)","superficie_fisica_ha":1.8337,"superficie_riego_ha":1.8337,"hectareas":5.081},"geometry":{"type":"Polygon","coordinates":[[[-105.198832,27.870725],[-105.198851,27.870723],[-105.200514,27.870579],[-105.200561,27.871308],[-105.200447,27.871308],[-105.200424,27.871409],[-105.200631,27.872137],[-105.200631,27.872279],[-105.20029,27.872603],[-105.200062,27.872685],[-105.199516,27.872787],[-105.199242,27.872747],[-105.198536,27.872748],[-105.198012,27.872809],[-105.197762,27.872769],[-105.197534,27.87279],[-105.197329,27.87279],[-105.196964,27.872709],[-105.196886,27.872686],[-105.197077,27.872082],[-105.197191,27.872041],[-105.198285,27.872201],[-105.198398,27.8721],[-105.198877,27.872079],[-105.198832,27.870725]]]}},{"type":"Feature","properties":{"modulo":1,"idparcela":"99","productor":"LOPEZ PORTILLO LUIS","cultivo":"Nogal (Nuez)","superficie_fisica_ha":1.0224,"superficie_riego_ha":1.0224,"hectareas":3.07},"geometry":{"type":"Polygon","coordinates":[[[-105.198847,27.870599],[-105.198806,27.870602],[-105.196983,27.870746],[-105.196801,27.870686],[-105.196801,27.870625],[-105.196664,27.870423],[-105.196527,27.87022],[-105.196571,27.869492],[-105.197118,27.869491],[-105.197482,27.86945],[-105.197847,27.869348],[-105.198279,27.869327],[-105.198644,27.869367],[-105.198828,27.869458],[-105.198847,27.870599]]]}},{"type":"Feature","properties":{"modulo":1,"idparcela":"88","productor":"RANGEL OLVEDA ALFREDO","cultivo":"Nogal (Nuez)","superficie_fisica_ha":0.835,"superficie_riego_ha":0.835,"hectareas":2.223},"geometry":{"type":"Polygon","coordinates":[[[-105.200445,27.870478],[-105.198847,27.870599],[-105.198828,27.869458],[-105.198849,27.869468],[-105.199145,27.869468],[-105.199396,27.869407],[-105.199828,27.869264],[-105.200534,27.869122],[-105.200536,27.869911],[-105.20049,27.870033],[-105.200491,27.870437],[-105.200445,27.870478]]]}},{"type":"Feature","properties":{"modulo":1,"idparcela":"78","productor":"MAORIEL MARQUEZ RAFAEL","cultivo":"Sin Cultivo","superficie_fisica_ha":0.816,"superficie_riego_ha":0.816,"hectareas":9.245},"geometry":{"type":"Polygon","coordinates":[[[-105.202411,27.865916],[-105.202419,27.865921],[-105.202647,27.865921],[-105.202988,27.865961],[-105.203148,27.866001],[-105.203217,27.866385],[-105.2034,27.866648],[-105.2034,27.86683],[-105.203263,27.866891],[-105.203036,27.867033],[-105.202922,27.867135],[-105.202763,27.867337],[-105.202581,27.867459],[-105.202422,27.867621],[-105.202149,27.867723],[-105.201785,27.867845],[-105.201625,27.868007],[-105.201443,27.868129],[-105.201193,27.86819],[-105.201057,27.868332],[-105.200874,27.868332],[-105.200646,27.868292],[-105.200555,27.868353],[-105.20035,27.868393],[-105.200123,27.868394],[-105.199986,27.868536],[-105.200101,27.868778],[-105.200306,27.868879],[-105.200374,27.869],[-105.200238,27.869061],[-105.199942,27.869102],[-105.199327,27.869326],[-105.19894,27.869326],[-105.198826,27.869246],[-105.198757,27.869043],[-105.198757,27.86876],[-105.198756,27.868638],[-105.198733,27.868254],[-105.198869,27.868072],[-105.198983,27.86795],[-105.197585,27.866133],[-105.197795,27.866009],[-105.197931,27.865948],[-105.198342,27.866231],[-105.198524,27.866331],[-105.198844,27.866533],[-105.199483,27.86714],[-105.199597,27.867261],[-105.199711,27.867281],[-105.200097,27.867038],[-105.20012,27.866957],[-105.201258,27.86655],[-105.201418,27.86655],[-105.201532,27.86659],[-105.201623,27.86659],[-105.201987,27.866387],[-105.20226,27.866083],[-105.202411,27.865916]]]}},{"type":"Feature","properties":{"modulo":1,"idparcela":"52","productor":"SILVA SILVA HUMBERTO","cultivo":"Alfalfa","superficie_fisica_ha":0.7415,"superficie_riego_ha":0.7415,"hectareas":8.737},"geometry":{"type":"Polygon","coordinates":[[[-105.197567,27.86611],[-105.197499,27.86607],[-105.197453,27.865989],[-105.197293,27.865726],[-105.197316,27.865584],[-105.19809,27.865178],[-105.198545,27.864996],[-105.200071,27.864872],[-105.201756,27.864869],[-105.202873,27.865151],[-105.202919,27.865273],[-105.202759,27.865334],[-105.202646,27.865354],[-105.202509,27.865435],[-105.202373,27.865597],[-105.202282,27.86584],[-105.20235,27.865881],[-105.202411,27.865916],[-105.20226,27.866083],[-105.201987,27.866387],[-105.201623,27.86659],[-105.201532,27.86659],[-105.201418,27.86655],[-105.201258,27.86655],[-105.20012,27.866957],[-105.200097,27.867038],[-105.199711,27.867281],[-105.199597,27.867261],[-105.199483,27.86714],[-105.198844,27.866533],[-105.198524,27.866331],[-105.198342,27.866231],[-105.197931,27.865948],[-105.197795,27.866009],[-105.197585,27.866133],[-105.197567,27.86611]]]}},{"type":"Feature","properties":{"modulo":1,"idparcela":"************","productor":null,"cultivo":"Sin Cultivo","superficie_fisica_ha":null,"superficie_riego_ha":null,"hectareas":3.504},"geometry":{"type":"Polygon","coordinates":[[[-105.193075,27.863526],[-105.193166,27.86308],[-105.193165,27.862939],[-105.193165,27.862736],[-105.193165,27.862473],[-105.193164,27.862331],[-105.193597,27.862027],[-105.194189,27.861844],[-105.195145,27.861661],[-105.195236,27.861823],[-105.195373,27.861944],[-105.195419,27.862146],[-105.195328,27.862349],[-105.195215,27.862571],[-105.194852,27.86322],[-105.194647,27.86326],[-105.194556,27.863321],[-105.194442,27.863504],[-105.194123,27.863666],[-105.193075,27.863526]]]}},{"type":"Feature","properties":{"modulo":1,"idparcela":"8599","productor":"ALCANTAR ORTEGA JORGE","cultivo":"Otros Cultivos Varios","superficie_fisica_ha":1.3688,"superficie_riego_ha":1.3688,"hectareas":1.544},"geometry":{"type":"Polygon","coordinates":[[[-105.192916,27.863668],[-105.193759,27.863727],[-105.194488,27.863868],[-105.194488,27.863969],[-105.194397,27.86403],[-105.194215,27.864131],[-105.194148,27.864455],[-105.194102,27.864678],[-105.194034,27.86486],[-105.192485,27.864356],[-105.192553,27.864296],[-105.19278,27.864012],[-105.192916,27.863668]]]}},{"type":"Feature","properties":{"modulo":1,"idparcela":"8606","productor":"N N N","cultivo":"Sin Cultivo","superficie_fisica_ha":1.97,"superficie_riego_ha":1.97,"hectareas":1.234},"geometry":{"type":"Polygon","coordinates":[[[-105.19192,27.866847],[-105.191421,27.868082],[-105.190692,27.868063],[-105.190668,27.867557],[-105.190713,27.867334],[-105.190759,27.867213],[-105.190827,27.867071],[-105.191031,27.866889],[-105.191122,27.866848],[-105.191396,27.866827],[-105.19192,27.866847]]]}},{"type":"Feature","properties":{"modulo":1,"idparcela":"8600","productor":"ORTEGA N MARIA","cultivo":"Sin Cultivo","superficie_fisica_ha":1.74,"superficie_riego_ha":1.74,"hectareas":1.701},"geometry":{"type":"Polygon","coordinates":[[[-105.192941,27.866629],[-105.191876,27.866668],[-105.191167,27.866752],[-105.191267,27.866382],[-105.191516,27.866096],[-105.191768,27.865907],[-105.192101,27.865804],[-105.192348,27.865799],[-105.192532,27.865591],[-105.192623,27.86549],[-105.192783,27.865388],[-105.192919,27.865307],[-105.19301,27.865226],[-105.193035,27.865162],[-105.193079,27.865287],[-105.192941,27.866629]]]}},{"type":"Feature","properties":{"modulo":1,"idparcela":"8607","productor":"SANTANA BALDERRAMA INES","cultivo":"Sin Cultivo","superficie_fisica_ha":1.76,"superficie_riego_ha":1.76,"hectareas":1.588},"geometry":{"type":"Polygon","coordinates":[[[-105.194194,27.866596],[-105.194015,27.866601],[-105.193218,27.866633],[-105.193001,27.866646],[-105.192941,27.866629],[-105.193079,27.865287],[-105.193035,27.865162],[-105.193146,27.864882],[-105.193442,27.864881],[-105.193602,27.864982],[-105.193761,27.865083],[-105.193921,27.865144],[-105.193899,27.865387],[-105.193831,27.86563],[-105.193808,27.865771],[-105.193809,27.865974],[-105.193855,27.866176],[-105.194194,27.866596]]]}},{"type":"Feature","properties":{"modulo":1,"idparcela":"8614","productor":"CABALLERO ESCOBAR ESTEBAN","cultivo":"Nogal (Nuez)","superficie_fisica_ha":2.7678,"superficie_riego_ha":2.7678,"hectareas":11.005},"geometry":{"type":"Polygon","coordinates":[[[-105.188245,27.875636],[-105.188108,27.875677],[-105.18804,27.875677],[-105.187926,27.875637],[-105.187925,27.875454],[-105.187925,27.875232],[-105.187788,27.874989],[-105.187514,27.874726],[-105.18724,27.874322],[-105.186943,27.874059],[-105.186829,27.873756],[-105.186486,27.87325],[-105.186486,27.872825],[-105.186782,27.872764],[-105.187215,27.872824],[-105.187944,27.872884],[-105.189197,27.873064],[-105.189356,27.872983],[-105.189922,27.870817],[-105.190081,27.870634],[-105.190263,27.870492],[-105.190513,27.870229],[-105.190695,27.870249],[-105.191037,27.87039],[-105.191357,27.870491],[-105.191812,27.870672],[-105.192405,27.870813],[-105.192496,27.870975],[-105.192497,27.871177],[-105.192474,27.871461],[-105.192224,27.871461],[-105.192042,27.871482],[-105.191882,27.871664],[-105.191746,27.871765],[-105.191564,27.871766],[-105.191404,27.871847],[-105.191249,27.872007],[-105.191009,27.872283],[-105.190586,27.872597],[-105.190495,27.872799],[-105.190336,27.873043],[-105.189858,27.873529],[-105.189313,27.874056],[-105.188789,27.874563],[-105.188517,27.874988],[-105.188245,27.875636]]]}},{"type":"Feature","properties":{"modulo":1,"idparcela":"************","productor":null,"cultivo":"Sin Cultivo","superficie_fisica_ha":null,"superficie_riego_ha":null,"hectareas":1.472},"geometry":{"type":"Polygon","coordinates":[[[-105.189406,27.875513],[-105.188518,27.875676],[-105.188518,27.875575],[-105.188518,27.875352],[-105.188586,27.87517],[-105.188767,27.874907],[-105.188949,27.874623],[-105.189336,27.87436],[-105.189632,27.874096],[-105.189904,27.873812],[-105.190223,27.873468],[-105.190194,27.873642],[-105.190095,27.873995],[-105.189951,27.874278],[-105.189747,27.874764],[-105.189406,27.875513]]]}},{"type":"Feature","properties":{"modulo":1,"idparcela":"8613","productor":"SOTO SALCIDO LEANDRO","cultivo":"Ma­z","superficie_fisica_ha":6.5,"superficie_riego_ha":6.5,"hectareas":2.048},"geometry":{"type":"Polygon","coordinates":[[[-105.19259,27.87079],[-105.192541,27.870732],[-105.192063,27.870611],[-105.191425,27.87039],[-105.190923,27.870168],[-105.19033,27.869905],[-105.190268,27.869898],[-105.19058,27.8695],[-105.191153,27.869542],[-105.192749,27.869658],[-105.192767,27.869659],[-105.19259,27.87079]]]}},{"type":"Feature","properties":{"modulo":1,"idparcela":"8608","productor":"RIVERA PORTILLO ARMANDO","cultivo":"Nogal (Nuez)","superficie_fisica_ha":4.2335,"superficie_riego_ha":4.2335,"hectareas":2.75},"geometry":{"type":"Polygon","coordinates":[[[-105.189143,27.868025],[-105.188369,27.868552],[-105.188164,27.868694],[-105.188119,27.868755],[-105.187641,27.868917],[-105.187277,27.86912],[-105.18689,27.869404],[-105.186663,27.869708],[-105.186584,27.869891],[-105.186048,27.869958],[-105.186047,27.869365],[-105.186046,27.868798],[-105.186273,27.868555],[-105.18666,27.868352],[-105.187138,27.868209],[-105.187708,27.868128],[-105.188254,27.868046],[-105.189143,27.868025]]]}},{"type":"Feature","properties":{"modulo":1,"idparcela":"8608","productor":"RIVERA PORTILLO ARMANDO","cultivo":"Nogal (Nuez)","superficie_fisica_ha":4.2335,"superficie_riego_ha":4.2335,"hectareas":0.889},"geometry":{"type":"Polygon","coordinates":[[[-105.186584,27.869891],[-105.186549,27.869971],[-105.186436,27.870376],[-105.186255,27.870923],[-105.18621,27.871449],[-105.186211,27.871854],[-105.186325,27.872137],[-105.186326,27.872421],[-105.18628,27.872461],[-105.186121,27.872421],[-105.185984,27.872219],[-105.185937,27.871854],[-105.185936,27.871308],[-105.186004,27.870883],[-105.186048,27.869972],[-105.186048,27.869958],[-105.186584,27.869891]]]}},{"type":"Feature","properties":{"modulo":1,"idparcela":"8608","productor":"RIVERA PORTILLO ARMANDO","cultivo":"Nogal (Nuez)","superficie_fisica_ha":4.2335,"superficie_riego_ha":4.2335,"hectareas":3.935},"geometry":{"type":"Polygon","coordinates":[[[-105.190485,27.867274],[-105.190396,27.868144],[-105.190146,27.868772],[-105.19001,27.868995],[-105.189896,27.869137],[-105.189783,27.869238],[-105.1896,27.869259],[-105.189464,27.86932],[-105.18935,27.869441],[-105.189315,27.869549],[-105.186699,27.869876],[-105.18689,27.869566],[-105.1873,27.869241],[-105.187755,27.869099],[-105.188119,27.868836],[-105.188392,27.868653],[-105.189006,27.868268],[-105.189325,27.868004],[-105.190099,27.867578],[-105.190485,27.867274]]]}},{"type":"Feature","properties":{"modulo":1,"idparcela":"8613","productor":"SOTO SALCIDO LEANDRO","cultivo":"Ma­z","superficie_fisica_ha":6.5,"superficie_riego_ha":6.5,"hectareas":6.94},"geometry":{"type":"Polygon","coordinates":[[[-105.189078,27.870373],[-105.188445,27.872843],[-105.188194,27.872803],[-105.187761,27.872783],[-105.18726,27.872703],[-105.186918,27.872582],[-105.186713,27.87244],[-105.186712,27.872218],[-105.186712,27.871934],[-105.186711,27.871489],[-105.186642,27.871125],[-105.186642,27.870841],[-105.186641,27.870518],[-105.18664,27.869971],[-105.186699,27.869876],[-105.189315,27.869549],[-105.189305,27.869583],[-105.189214,27.869704],[-105.189077,27.869705],[-105.188895,27.869705],[-105.188872,27.869847],[-105.188987,27.869968],[-105.188828,27.870251],[-105.189078,27.870373]]]}},{"type":"Feature","properties":{"modulo":1,"idparcela":"8609","productor":"SOTO N LEANDRO","cultivo":"Sin Cultivo","superficie_fisica_ha":1,"superficie_riego_ha":1,"hectareas":1.926},"geometry":{"type":"Polygon","coordinates":[[[-105.191153,27.869542],[-105.19058,27.8695],[-105.190268,27.869898],[-105.189784,27.869845],[-105.189579,27.869825],[-105.189464,27.869502],[-105.189692,27.869339],[-105.189987,27.869197],[-105.190169,27.868934],[-105.190555,27.868326],[-105.19152,27.868305],[-105.191153,27.869542]]]}},{"type":"Feature","properties":{"modulo":1,"idparcela":"************","productor":null,"cultivo":"Sin Cultivo","superficie_fisica_ha":null,"superficie_riego_ha":null,"hectareas":9.333},"geometry":{"type":"Polygon","coordinates":[[[-105.193174,27.866848],[-105.193947,27.866763],[-105.194355,27.866716],[-105.19442,27.866942],[-105.194443,27.86746],[-105.194496,27.868017],[-105.194583,27.868299],[-105.194633,27.868563],[-105.194702,27.868665],[-105.194862,27.868948],[-105.194885,27.869191],[-105.194862,27.869352],[-105.194734,27.869621],[-105.194522,27.869827],[-105.194473,27.870214],[-105.194467,27.870399],[-105.194325,27.870638],[-105.194124,27.870888],[-105.194042,27.871135],[-105.193857,27.871271],[-105.193771,27.871386],[-105.193797,27.872],[-105.193705,27.872265],[-105.193547,27.872309],[-105.193205,27.87229],[-105.19259,27.872189],[-105.192589,27.872027],[-105.192589,27.871784],[-105.192588,27.871521],[-105.19261,27.870813],[-105.19259,27.87079],[-105.192767,27.869659],[-105.192749,27.869658],[-105.192767,27.869619],[-105.193174,27.866848]]]}},{"type":"Feature","properties":{"modulo":1,"idparcela":"************","productor":null,"cultivo":"Sin Cultivo","superficie_fisica_ha":null,"superficie_riego_ha":null,"hectareas":4.18},"geometry":{"type":"Polygon","coordinates":[[[-105.192117,27.866813],[-105.192264,27.866801],[-105.192502,27.866814],[-105.192857,27.866807],[-105.193025,27.866812],[-105.193174,27.866848],[-105.192767,27.869619],[-105.192749,27.869658],[-105.191153,27.869542],[-105.19152,27.868305],[-105.191541,27.868263],[-105.191578,27.868157],[-105.191615,27.868095],[-105.192117,27.866813]]]}},{"type":"Feature","properties":{"modulo":1,"idparcela":"************","productor":null,"cultivo":"Sin Cultivo","superficie_fisica_ha":null,"superficie_riego_ha":null,"hectareas":4.734},"geometry":{"type":"Polygon","coordinates":[[[-105.205872,27.873752],[-105.205374,27.874762],[-105.205101,27.874863],[-105.204805,27.874884],[-105.204527,27.874991],[-105.204372,27.875026],[-105.203735,27.87523],[-105.203416,27.875453],[-105.203075,27.875554],[-105.203006,27.875494],[-105.203051,27.875332],[-105.202866,27.873551],[-105.202774,27.873369],[-105.202865,27.873268],[-105.20323,27.873267],[-105.203435,27.873327],[-105.203663,27.873469],[-105.203936,27.873489],[-105.204141,27.873488],[-105.204346,27.873488],[-105.204734,27.873487],[-105.205017,27.873537],[-105.205398,27.873634],[-105.205872,27.873752]]]}},{"type":"Feature","properties":{"modulo":1,"idparcela":"9502","productor":"GALLARDO N JESUS","cultivo":"Sin Cultivo","superficie_fisica_ha":1,"superficie_riego_ha":1,"hectareas":17.738},"geometry":{"type":"Polygon","coordinates":[[[-105.202938,27.875474],[-105.202847,27.875575],[-105.202778,27.875595],[-105.202596,27.875596],[-105.202528,27.875596],[-105.202414,27.875616],[-105.202141,27.875616],[-105.201867,27.875637],[-105.201571,27.875638],[-105.201184,27.875638],[-105.201025,27.875719],[-105.200729,27.875821],[-105.200478,27.875882],[-105.20025,27.875943],[-105.200068,27.876024],[-105.199977,27.876045],[-105.199863,27.876025],[-105.199795,27.875923],[-105.199703,27.875762],[-105.199544,27.875762],[-105.199362,27.875742],[-105.199156,27.875661],[-105.199248,27.875864],[-105.199659,27.876146],[-105.199795,27.876207],[-105.2,27.876207],[-105.20016,27.876328],[-105.200115,27.876449],[-105.200115,27.876591],[-105.20007,27.876915],[-105.199797,27.877057],[-105.199774,27.877239],[-105.199729,27.877401],[-105.199707,27.877725],[-105.199685,27.877907],[-105.199571,27.877907],[-105.199457,27.877806],[-105.199388,27.877644],[-105.199228,27.877463],[-105.198749,27.876876],[-105.198566,27.876715],[-105.198269,27.876411],[-105.198338,27.87633],[-105.19852,27.876371],[-105.198725,27.876472],[-105.198885,27.876552],[-105.199045,27.876714],[-105.199204,27.876754],[-105.199341,27.876774],[-105.199569,27.876794],[-105.199865,27.876733],[-105.199842,27.876612],[-105.199614,27.876551],[-105.199431,27.876511],[-105.199067,27.876491],[-105.198953,27.876431],[-105.198793,27.87631],[-105.198542,27.876209],[-105.19836,27.876108],[-105.198177,27.875906],[-105.198041,27.875825],[-105.197949,27.875602],[-105.197812,27.875501],[-105.197607,27.875421],[-105.197607,27.875299],[-105.197652,27.875178],[-105.197515,27.875178],[-105.197424,27.875117],[-105.196419,27.873722],[-105.19562,27.872671],[-105.196235,27.872771],[-105.196828,27.873013],[-105.197261,27.873053],[-105.197535,27.873275],[-105.197626,27.873336],[-105.197672,27.87368],[-105.197968,27.8737],[-105.198219,27.873598],[-105.198287,27.873537],[-105.198446,27.873497],[-105.198446,27.873436],[-105.198355,27.873355],[-105.198309,27.873234],[-105.198742,27.873253],[-105.199494,27.873333],[-105.200382,27.873393],[-105.200839,27.873979],[-105.200817,27.874222],[-105.200772,27.874384],[-105.200908,27.874444],[-105.201137,27.874687],[-105.201205,27.874869],[-105.201206,27.875112],[-105.201365,27.875213],[-105.201593,27.875233],[-105.201684,27.875111],[-105.201593,27.874949],[-105.201501,27.874869],[-105.201387,27.874687],[-105.201296,27.874565],[-105.201341,27.874423],[-105.201159,27.874282],[-105.201067,27.874221],[-105.201044,27.873938],[-105.200839,27.873696],[-105.20061,27.873493],[-105.200405,27.873069],[-105.200997,27.873068],[-105.201475,27.873067],[-105.202455,27.873086],[-105.202638,27.87343],[-105.202729,27.873753],[-105.202753,27.874158],[-105.202845,27.874684],[-105.202915,27.875271],[-105.202938,27.875474]]]}},{"type":"Feature","properties":{"modulo":1,"idparcela":"************","productor":null,"cultivo":"Sin Cultivo","superficie_fisica_ha":null,"superficie_riego_ha":null,"hectareas":3.729},"geometry":{"type":"Polygon","coordinates":[[[-105.196495,27.877972],[-105.1962,27.878418],[-105.195881,27.87854],[-105.195608,27.878702],[-105.195494,27.878622],[-105.195494,27.878298],[-105.195037,27.87759],[-105.194877,27.877266],[-105.194489,27.876882],[-105.194192,27.876377],[-105.194032,27.876114],[-105.194031,27.875911],[-105.194259,27.875689],[-105.194418,27.875364],[-105.194554,27.875263],[-105.194736,27.875263],[-105.195742,27.876881],[-105.196313,27.877669],[-105.196495,27.877972]]]}},{"type":"Feature","properties":{"modulo":1,"idparcela":"9504","productor":"MORIEL PORTILLO RAFAEL","cultivo":"Alfalfa","superficie_fisica_ha":9.4,"superficie_riego_ha":9.4,"hectareas":8.764},"geometry":{"type":"Polygon","coordinates":[[[-105.202211,27.876861],[-105.20212,27.876993],[-105.201922,27.877702],[-105.20186,27.878174],[-105.201876,27.878312],[-105.201843,27.878563],[-105.20173,27.878809],[-105.201623,27.878997],[-105.201145,27.879383],[-105.200895,27.879707],[-105.200782,27.879869],[-105.200774,27.879899],[-105.199429,27.879427],[-105.199459,27.879365],[-105.199595,27.879],[-105.199799,27.877988],[-105.199889,27.87732],[-105.199934,27.877138],[-105.200184,27.876874],[-105.200206,27.876672],[-105.200206,27.876348],[-105.200274,27.876125],[-105.200342,27.876004],[-105.200683,27.876003],[-105.20123,27.8758],[-105.201663,27.875799],[-105.202073,27.875738],[-105.202323,27.875717],[-105.20246,27.875717],[-105.20271,27.875697],[-105.203013,27.875735],[-105.202835,27.875908],[-105.202675,27.876098],[-105.202526,27.876336],[-105.202332,27.876608],[-105.202211,27.876861]]]}},{"type":"Feature","properties":{"modulo":1,"idparcela":"************","productor":null,"cultivo":"Sin Cultivo","superficie_fisica_ha":null,"superficie_riego_ha":null,"hectareas":2.717},"geometry":{"type":"Polygon","coordinates":[[[-105.196522,27.876456],[-105.195351,27.875161],[-105.194986,27.874655],[-105.194826,27.874149],[-105.194643,27.873968],[-105.194438,27.873887],[-105.194164,27.873827],[-105.193982,27.873604],[-105.193981,27.873483],[-105.193844,27.873281],[-105.193503,27.87316],[-105.193479,27.872917],[-105.193297,27.872856],[-105.193183,27.872775],[-105.193069,27.872715],[-105.192932,27.872553],[-105.192886,27.872452],[-105.19316,27.872452],[-105.193547,27.872552],[-105.193843,27.872592],[-105.194003,27.872714],[-105.194185,27.872855],[-105.194345,27.872996],[-105.194368,27.873077],[-105.194984,27.873603],[-105.19535,27.874452],[-105.195647,27.874897],[-105.19583,27.87516],[-105.195966,27.8752],[-105.196081,27.875362],[-105.196263,27.875443],[-105.196309,27.875443],[-105.196286,27.875605],[-105.196491,27.875726],[-105.196874,27.87629],[-105.196522,27.876456]]]}},{"type":"Feature","properties":{"modulo":1,"idparcela":"98","productor":"SANCHEZ ACEVES SAMUEL","cultivo":"Alfalfa","superficie_fisica_ha":2.4477,"superficie_riego_ha":1.8985,"hectareas":1.987},"geometry":{"type":"Polygon","coordinates":[[[-105.196569,27.878246],[-105.196655,27.878073],[-105.196792,27.877992],[-105.19711,27.87781],[-105.197064,27.877567],[-105.196973,27.877446],[-105.196745,27.877648],[-105.196609,27.87775],[-105.196563,27.87777],[-105.195946,27.876759],[-105.196538,27.876475],[-105.196522,27.876456],[-105.196874,27.87629],[-105.197656,27.877445],[-105.197726,27.87813],[-105.196569,27.878246]]]}},{"type":"Feature","properties":{"modulo":1,"idparcela":"148","productor":"PONCE ZUBIA WILLIAM F.","cultivo":"Otros Cultivos Varios","superficie_fisica_ha":4,"superficie_riego_ha":4,"hectareas":5.247},"geometry":{"type":"Polygon","coordinates":[[[-105.198515,27.881066],[-105.198437,27.881066],[-105.197914,27.881128],[-105.197367,27.881108],[-105.197162,27.881149],[-105.196545,27.880017],[-105.196225,27.879491],[-105.195791,27.878986],[-105.195905,27.878844],[-105.196064,27.878702],[-105.196291,27.878499],[-105.196564,27.878256],[-105.196569,27.878246],[-105.197726,27.87813],[-105.197726,27.878133],[-105.197956,27.879205],[-105.198025,27.879569],[-105.198271,27.880306],[-105.198437,27.880803],[-105.198515,27.881066]]]}},{"type":"Feature","properties":{"modulo":1,"idparcela":"************","productor":null,"cultivo":"Sin Cultivo","superficie_fisica_ha":null,"superficie_riego_ha":null,"hectareas":8.12},"geometry":{"type":"Polygon","coordinates":[[[-105.200774,27.879899],[-105.200701,27.88018],[-105.198271,27.880306],[-105.198025,27.879569],[-105.197956,27.879205],[-105.197726,27.878133],[-105.197726,27.87813],[-105.197656,27.877445],[-105.196874,27.87629],[-105.196491,27.875726],[-105.196286,27.875605],[-105.196309,27.875443],[-105.196627,27.875442],[-105.197197,27.875441],[-105.197402,27.875441],[-105.198201,27.876432],[-105.198566,27.876856],[-105.199388,27.877867],[-105.199503,27.87815],[-105.199526,27.878596],[-105.199345,27.879082],[-105.199345,27.879223],[-105.1993,27.879446],[-105.199369,27.879547],[-105.199429,27.879427],[-105.200774,27.879899]]]}},{"type":"Feature","properties":{"modulo":1,"idparcela":"143","productor":"SOTO RANGEL CARLOS","cultivo":"Alfalfa","superficie_fisica_ha":1.2438,"superficie_riego_ha":1.2438,"hectareas":1.975},"geometry":{"type":"Polygon","coordinates":[[[-105.200701,27.88018],[-105.200623,27.880476],[-105.200624,27.880739],[-105.200624,27.880922],[-105.200579,27.881043],[-105.198515,27.881066],[-105.198437,27.880803],[-105.198271,27.880306],[-105.200701,27.88018]]]}},{"type":"Feature","properties":{"modulo":1,"idparcela":"8624","productor":"DOMINGUEZ JAUREGUI PABLO","cultivo":"Alfalfa","superficie_fisica_ha":2.31,"superficie_riego_ha":2.31,"hectareas":2.16},"geometry":{"type":"Polygon","coordinates":[[[-105.189637,27.878238],[-105.189732,27.878845],[-105.189744,27.878942],[-105.18923,27.879015],[-105.188031,27.879133],[-105.187027,27.879241],[-105.186624,27.879346],[-105.186406,27.879363],[-105.187032,27.878626],[-105.189637,27.878238]]]}},{"type":"Feature","properties":{"modulo":1,"idparcela":"************","productor":null,"cultivo":"Sin Cultivo","superficie_fisica_ha":null,"superficie_riego_ha":null,"hectareas":2.635},"geometry":{"type":"Polygon","coordinates":[[[-105.189384,27.875635],[-105.189325,27.876397],[-105.189272,27.877029],[-105.189344,27.877493],[-105.187491,27.877772],[-105.188155,27.876648],[-105.188382,27.875798],[-105.1885,27.875755],[-105.188632,27.875717],[-105.188928,27.875676],[-105.189384,27.875635]]]}},{"type":"Feature","properties":{"modulo":1,"idparcela":"8623","productor":"RIVERA PORTILLO ENRIQUE","cultivo":"Nogal (Nuez)","superficie_fisica_ha":1.8225,"superficie_riego_ha":1.8225,"hectareas":1.906},"geometry":{"type":"Polygon","coordinates":[[[-105.189344,27.877493],[-105.189433,27.877739],[-105.189616,27.878144],[-105.189637,27.878238],[-105.187032,27.878626],[-105.187491,27.877772],[-105.189344,27.877493]]]}},{"type":"Feature","properties":{"modulo":1,"idparcela":"8628","productor":"CABALLERO ESCOBAR ESTEBAN","cultivo":"Nogal (Nuez)","superficie_fisica_ha":9.8151,"superficie_riego_ha":9.8151,"hectareas":6.402},"geometry":{"type":"Polygon","coordinates":[[[-105.185132,27.880255],[-105.185247,27.880963],[-105.185407,27.881327],[-105.185591,27.88242],[-105.185523,27.882522],[-105.185432,27.882623],[-105.184361,27.882705],[-105.182018,27.883069],[-105.181608,27.882829],[-105.18165,27.88281],[-105.181627,27.882668],[-105.182128,27.882222],[-105.183265,27.881351],[-105.184062,27.880823],[-105.184631,27.880478],[-105.185132,27.880255]]]}},{"type":"Feature","properties":{"modulo":1,"idparcela":"8633","productor":"LERMA ANDAVAZO FRANCISCO","cultivo":"Nogal (Nuez)","superficie_fisica_ha":1.795,"superficie_riego_ha":1.795,"hectareas":3.428},"geometry":{"type":"Polygon","coordinates":[[[-105.182018,27.883069],[-105.181992,27.883073],[-105.181426,27.884713],[-105.181563,27.884996],[-105.181564,27.885522],[-105.181747,27.885927],[-105.182294,27.886473],[-105.182203,27.886614],[-105.182089,27.886574],[-105.18152,27.886474],[-105.181063,27.88613],[-105.180812,27.885807],[-105.180675,27.885341],[-105.180583,27.884734],[-105.180788,27.884653],[-105.180833,27.884451],[-105.180742,27.884329],[-105.180627,27.884228],[-105.180695,27.883904],[-105.180854,27.88354],[-105.180945,27.883317],[-105.181377,27.882932],[-105.181608,27.882829],[-105.182018,27.883069]]]}},{"type":"Feature","properties":{"modulo":1,"idparcela":"8627","productor":"RIVERA PORTILLO ENRIQUE","cultivo":"Nogal (Nuez)","superficie_fisica_ha":1,"superficie_riego_ha":1,"hectareas":1.515},"geometry":{"type":"Polygon","coordinates":[[[-105.187193,27.879426],[-105.188176,27.879323],[-105.188447,27.88074],[-105.187525,27.880865],[-105.187193,27.879426]]]}},{"type":"Feature","properties":{"modulo":1,"idparcela":"8626","productor":"RIVERA PORTILLO ARMANDO","cultivo":"Nogal (Nuez)","superficie_fisica_ha":1.9,"superficie_riego_ha":1.9,"hectareas":1.413},"geometry":{"type":"Polygon","coordinates":[[[-105.186324,27.879602],[-105.186452,27.879504],[-105.187193,27.879426],[-105.187525,27.880865],[-105.186659,27.880982],[-105.186324,27.879602]]]}},{"type":"Feature","properties":{"modulo":1,"idparcela":"8625","productor":"RIVERA N ALBERTO","cultivo":"Sin Cultivo","superficie_fisica_ha":2.8,"superficie_riego_ha":2.8,"hectareas":1.328},"geometry":{"type":"Polygon","coordinates":[[[-105.189063,27.879201],[-105.189823,27.879095],[-105.190318,27.880488],[-105.189401,27.880612],[-105.189063,27.879201]]]}},{"type":"Feature","properties":{"modulo":1,"idparcela":"8626","productor":"RIVERA PORTILLO ARMANDO","cultivo":"Nogal (Nuez)","superficie_fisica_ha":1.9,"superficie_riego_ha":1.9,"hectareas":1.454},"geometry":{"type":"Polygon","coordinates":[[[-105.188176,27.879323],[-105.188205,27.87932],[-105.189063,27.879201],[-105.189401,27.880612],[-105.188447,27.88074],[-105.188176,27.879323]]]}},{"type":"Feature","properties":{"modulo":1,"idparcela":"8628","productor":"CABALLERO ESCOBAR ESTEBAN","cultivo":"Nogal (Nuez)","superficie_fisica_ha":9.8151,"superficie_riego_ha":9.8151,"hectareas":51.178},"geometry":{"type":"Polygon","coordinates":[[[-105.186292,27.879626],[-105.186324,27.879602],[-105.186659,27.880982],[-105.187525,27.880865],[-105.188447,27.88074],[-105.189401,27.880612],[-105.190318,27.880488],[-105.190551,27.881198],[-105.190552,27.881602],[-105.190439,27.881832],[-105.190393,27.881982],[-105.190476,27.882542],[-105.190749,27.883949],[-105.190504,27.884437],[-105.190437,27.885136],[-105.190712,27.885986],[-105.190781,27.886492],[-105.190881,27.886653],[-105.187421,27.887073],[-105.187262,27.887092],[-105.18623,27.887218],[-105.185235,27.887339],[-105.184984,27.887461],[-105.184014,27.887596],[-105.183389,27.887119],[-105.182431,27.886392],[-105.181951,27.885805],[-105.181699,27.884692],[-105.182334,27.883113],[-105.182562,27.883092],[-105.183929,27.882908],[-105.185409,27.882785],[-105.185569,27.882683],[-105.185773,27.882501],[-105.185337,27.880579],[-105.185587,27.880174],[-105.185878,27.879904],[-105.18615,27.879715],[-105.186292,27.879626]]]}},{"type":"Feature","properties":{"modulo":1,"idparcela":"8637","productor":"LECHUGA MORADO WENSESLAO","cultivo":"Nogal (Nuez)","superficie_fisica_ha":1,"superficie_riego_ha":1,"hectareas":4.056},"geometry":{"type":"Polygon","coordinates":[[[-105.188868,27.892585],[-105.188787,27.892627],[-105.1884,27.893012],[-105.188149,27.892911],[-105.187715,27.892406],[-105.187669,27.892123],[-105.187282,27.89182],[-105.186985,27.891516],[-105.186163,27.890627],[-105.185615,27.890041],[-105.184919,27.888959],[-105.184882,27.888894],[-105.185829,27.888674],[-105.185838,27.888688],[-105.187725,27.891627],[-105.188319,27.892031],[-105.188547,27.892354],[-105.188775,27.892455],[-105.188868,27.892585]]]}},{"type":"Feature","properties":{"modulo":1,"idparcela":"************","productor":null,"cultivo":"Sin Cultivo","superficie_fisica_ha":null,"superficie_riego_ha":null,"hectareas":14.401},"geometry":{"type":"Polygon","coordinates":[[[-105.187262,27.887092],[-105.187421,27.887073],[-105.190881,27.886653],[-105.191535,27.887705],[-105.191513,27.887988],[-105.191696,27.888798],[-105.192062,27.889242],[-105.192131,27.889667],[-105.191971,27.889769],[-105.191789,27.88985],[-105.191425,27.889851],[-105.19122,27.890033],[-105.191175,27.890235],[-105.190993,27.890479],[-105.190993,27.89056],[-105.190811,27.890863],[-105.190652,27.890985],[-105.190344,27.890984],[-105.190091,27.890999],[-105.189936,27.890992],[-105.189815,27.891039],[-105.188241,27.889034],[-105.187763,27.888862],[-105.187407,27.888672],[-105.187383,27.888562],[-105.187907,27.888471],[-105.187262,27.887092]]]}},{"type":"Feature","properties":{"modulo":1,"idparcela":"8638","productor":"RANGEL CAMPOS RAUL","cultivo":"Nogal (Nuez)","superficie_fisica_ha":2.82,"superficie_riego_ha":2.82,"hectareas":3.49},"geometry":{"type":"Polygon","coordinates":[[[-105.189123,27.892454],[-105.188868,27.892585],[-105.188775,27.892455],[-105.188547,27.892354],[-105.188319,27.892031],[-105.187725,27.891627],[-105.185838,27.888688],[-105.18665,27.888533],[-105.189123,27.892454]]]}},{"type":"Feature","properties":{"modulo":1,"idparcela":"8636","productor":"RANGEL LIZANDRO","cultivo":"Nogal (Nuez)","superficie_fisica_ha":2.75,"superficie_riego_ha":2.75,"hectareas":3.05},"geometry":{"type":"Polygon","coordinates":[[[-105.185838,27.888688],[-105.185829,27.888674],[-105.184882,27.888894],[-105.184667,27.888514],[-105.184014,27.887596],[-105.184984,27.887461],[-105.185235,27.887339],[-105.18623,27.887218],[-105.186649,27.888531],[-105.18665,27.888533],[-105.185838,27.888688]]]}},{"type":"Feature","properties":{"modulo":1,"idparcela":"************","productor":null,"cultivo":"Sin Cultivo","superficie_fisica_ha":null,"superficie_riego_ha":null,"hectareas":6.714},"geometry":{"type":"Polygon","coordinates":[[[-105.199387,27.88463],[-105.199384,27.88463],[-105.199341,27.88346],[-105.201934,27.882609],[-105.20255,27.882797],[-105.202909,27.882817],[-105.203429,27.883124],[-105.203545,27.883299],[-105.203557,27.883401],[-105.203453,27.883566],[-105.20328,27.883617],[-105.20313,27.883731],[-105.202992,27.883823],[-105.202957,27.883967],[-105.202969,27.884152],[-105.20305,27.884142],[-105.203281,27.884059],[-105.203408,27.883956],[-105.20357,27.883905],[-105.203604,27.883884],[-105.203825,27.884243],[-105.203825,27.884274],[-105.203605,27.884315],[-105.199387,27.88463]]]}},{"type":"Feature","properties":{"modulo":1,"idparcela":"************","productor":null,"cultivo":"Sin Cultivo","superficie_fisica_ha":null,"superficie_riego_ha":null,"hectareas":4.195},"geometry":{"type":"Polygon","coordinates":[[[-105.199341,27.88346],[-105.199256,27.881172],[-105.200698,27.881146],[-105.200744,27.881249],[-105.200779,27.881454],[-105.200814,27.881557],[-105.201208,27.88208],[-105.201382,27.882131],[-105.201567,27.882234],[-105.201694,27.882408],[-105.201868,27.882459],[-105.201914,27.882603],[-105.201934,27.882609],[-105.199341,27.88346]]]}},{"type":"Feature","properties":{"modulo":1,"idparcela":"************","productor":null,"cultivo":"Sin Cultivo","superficie_fisica_ha":null,"superficie_riego_ha":null,"hectareas":1.256},"geometry":{"type":"Polygon","coordinates":[[[-105.198497,27.884665],[-105.198289,27.884672],[-105.197988,27.884734],[-105.197745,27.884755],[-105.197664,27.884653],[-105.197699,27.88455],[-105.197756,27.88419],[-105.197778,27.883759],[-105.197859,27.883369],[-105.197812,27.883081],[-105.19781,27.883082],[-105.197845,27.88269],[-105.197846,27.882681],[-105.198066,27.882783],[-105.198344,27.883183],[-105.198497,27.884665]]]}},{"type":"Feature","properties":{"modulo":1,"idparcela":"************","productor":null,"cultivo":"Sin Cultivo","superficie_fisica_ha":null,"superficie_riego_ha":null,"hectareas":4.925},"geometry":{"type":"Polygon","coordinates":[[[-105.199384,27.88463],[-105.199167,27.884661],[-105.19904,27.88463],[-105.198751,27.88462],[-105.198578,27.884662],[-105.198497,27.884665],[-105.198344,27.883183],[-105.198066,27.882783],[-105.197846,27.882681],[-105.197845,27.88269],[-105.197568,27.88227],[-105.197417,27.881503],[-105.19752,27.881439],[-105.19752,27.881326],[-105.197531,27.881202],[-105.199256,27.881172],[-105.199341,27.88346],[-105.199384,27.88463]]]}},{"type":"Feature","properties":{"modulo":1,"idparcela":"************","productor":null,"cultivo":"Sin Cultivo","superficie_fisica_ha":null,"superficie_riego_ha":null,"hectareas":1.939},"geometry":{"type":"Polygon","coordinates":[[[-105.197845,27.88269],[-105.19781,27.883082],[-105.197419,27.883246],[-105.197246,27.883287],[-105.197003,27.883226],[-105.196714,27.883134],[-105.196587,27.883073],[-105.196768,27.881316],[-105.196861,27.881285],[-105.197103,27.881254],[-105.197231,27.881275],[-105.197312,27.881346],[-105.197312,27.881459],[-105.197404,27.881511],[-105.197417,27.881503],[-105.197568,27.88227],[-105.197845,27.88269]]]}},{"type":"Feature","properties":{"modulo":1,"idparcela":"66","productor":"SANTANA TORRES INES","cultivo":"Sin Cultivo","superficie_fisica_ha":3.872,"superficie_riego_ha":2.352,"hectareas":4.406},"geometry":{"type":"Polygon","coordinates":[[[-105.201435,27.864725],[-105.200235,27.864759],[-105.199171,27.86478],[-105.198669,27.864756],[-105.198566,27.864636],[-105.198483,27.864326],[-105.198629,27.864156],[-105.199453,27.863549],[-105.200192,27.863034],[-105.200696,27.862645],[-105.200997,27.862662],[-105.201438,27.862775],[-105.201458,27.863076],[-105.201349,27.863245],[-105.201404,27.863411],[-105.201244,27.863525],[-105.201198,27.863682],[-105.201202,27.86386],[-105.201082,27.864063],[-105.201052,27.864375],[-105.201143,27.864507],[-105.201484,27.8646],[-105.201592,27.864632],[-105.201611,27.864676],[-105.20161,27.864725],[-105.201537,27.864744],[-105.201435,27.864725]]]}},{"type":"Feature","properties":{"modulo":1,"idparcela":"20","productor":"CHACON HERNANDEZ NICOLAS","cultivo":"Alfalfa","superficie_fisica_ha":2.085,"superficie_riego_ha":2.085,"hectareas":0.959},"geometry":{"type":"Polygon","coordinates":[[[-105.182218,27.812595],[-105.183016,27.812442],[-105.18305,27.812647],[-105.183119,27.812925],[-105.183187,27.813083],[-105.183229,27.813216],[-105.183297,27.813288],[-105.18337,27.813373],[-105.183246,27.81341],[-105.183004,27.813509],[-105.182657,27.813645],[-105.182507,27.813695],[-105.182342,27.813144],[-105.182219,27.812636],[-105.182218,27.812595]]]}},{"type":"Feature","properties":{"modulo":1,"idparcela":"20","productor":"CHACON HERNANDEZ NICOLAS","cultivo":"Alfalfa","superficie_fisica_ha":2.085,"superficie_riego_ha":2.085,"hectareas":1.355},"geometry":{"type":"Polygon","coordinates":[[[-105.183596,27.813288],[-105.183474,27.812985],[-105.183432,27.812828],[-105.183337,27.812646],[-105.183268,27.81244],[-105.183282,27.812343],[-105.183377,27.812319],[-105.183554,27.812331],[-105.183868,27.812367],[-105.184699,27.81245],[-105.184808,27.812487],[-105.184931,27.812668],[-105.184932,27.81285],[-105.184932,27.81308],[-105.184891,27.81319],[-105.184733,27.813193],[-105.184489,27.813198],[-105.183994,27.813231],[-105.183596,27.813288]]]}},{"type":"Feature","properties":{"modulo":1,"idparcela":"18","productor":"RODRIGUEZ SAENZ GERARDO","cultivo":"Sin Cultivo","superficie_fisica_ha":4.18,"superficie_riego_ha":4.18,"hectareas":1.274},"geometry":{"type":"Polygon","coordinates":[[[-105.180418,27.81339],[-105.180352,27.81305],[-105.180338,27.812759],[-105.180283,27.812468],[-105.18031,27.812299],[-105.180324,27.812129],[-105.180555,27.812068],[-105.180719,27.812068],[-105.180896,27.812189],[-105.181292,27.812649],[-105.181456,27.812879],[-105.181741,27.81317],[-105.181379,27.81323],[-105.181279,27.813255],[-105.181034,27.813304],[-105.180886,27.813322],[-105.180728,27.813343],[-105.180589,27.813357],[-105.180418,27.81339]]]}},{"type":"Feature","properties":{"modulo":1,"idparcela":"18","productor":"RODRIGUEZ SAENZ GERARDO","cultivo":"Sin Cultivo","superficie_fisica_ha":4.18,"superficie_riego_ha":4.18,"hectareas":1.002},"geometry":{"type":"Polygon","coordinates":[[[-105.180505,27.813429],[-105.180696,27.813408],[-105.180854,27.813381],[-105.181021,27.813352],[-105.181374,27.813289],[-105.181782,27.813228],[-105.181893,27.813412],[-105.18203,27.81352],[-105.182112,27.81369],[-105.181989,27.813763],[-105.181826,27.813763],[-105.181744,27.813763],[-105.181567,27.813812],[-105.181458,27.813848],[-105.181444,27.813957],[-105.181349,27.814018],[-105.181199,27.814091],[-105.180995,27.814103],[-105.180831,27.814152],[-105.180709,27.814164],[-105.180646,27.814049],[-105.180625,27.813973],[-105.180603,27.813891],[-105.180585,27.81374],[-105.180505,27.813429]]]}},{"type":"Feature","properties":{"modulo":1,"idparcela":"************","productor":null,"cultivo":"Sin Cultivo","superficie_fisica_ha":null,"superficie_riego_ha":null,"hectareas":5.721},"geometry":{"type":"Polygon","coordinates":[[[-105.177963,27.814574],[-105.177935,27.814113],[-105.178056,27.813108],[-105.178094,27.811496],[-105.179089,27.811688],[-105.179341,27.811694],[-105.179437,27.811839],[-105.179424,27.812021],[-105.179383,27.812252],[-105.179383,27.812409],[-105.179616,27.812663],[-105.179739,27.812808],[-105.179861,27.812942],[-105.179998,27.813208],[-105.18004,27.813584],[-105.180053,27.813705],[-105.180095,27.81385],[-105.180149,27.814032],[-105.180095,27.814202],[-105.180041,27.814274],[-105.179932,27.814493],[-105.179932,27.814602],[-105.179973,27.814638],[-105.177963,27.814574]]]}},{"type":"Feature","properties":{"modulo":1,"idparcela":"26","productor":"TRILLO GAMBOA DOMINGO","cultivo":"Nogal (Nuez)","superficie_fisica_ha":1,"superficie_riego_ha":1,"hectareas":1.645},"geometry":{"type":"Polygon","coordinates":[[[-105.185521,27.81474],[-105.185616,27.814714],[-105.185696,27.814722],[-105.185758,27.814741],[-105.185907,27.814845],[-105.186019,27.814967],[-105.186064,27.815027],[-105.186047,27.815072],[-105.185867,27.815033],[-105.185606,27.815088],[-105.185522,27.815188],[-105.1854,27.815418],[-105.185291,27.815503],[-105.18521,27.816279],[-105.185211,27.816533],[-105.185184,27.816776],[-105.185157,27.816885],[-105.185034,27.816982],[-105.184815,27.816534],[-105.184528,27.815722],[-105.184322,27.815105],[-105.184816,27.814965],[-105.185521,27.81474]]]}},{"type":"Feature","properties":{"modulo":1,"idparcela":"24","productor":"RUBIO PORRAS LUIS","cultivo":"Nogal (Nuez)","superficie_fisica_ha":1.2652,"superficie_riego_ha":1.2652,"hectareas":1.111},"geometry":{"type":"Polygon","coordinates":[[[-105.184007,27.814305],[-105.184947,27.814062],[-105.185288,27.814073],[-105.185411,27.81434],[-105.185371,27.81451],[-105.185357,27.814619],[-105.185521,27.81474],[-105.184816,27.814965],[-105.184322,27.815105],[-105.184226,27.814814],[-105.184158,27.814693],[-105.184007,27.814305]]]}},{"type":"Feature","properties":{"modulo":1,"idparcela":"22","productor":"OCON PULIDO MARIO","cultivo":"Sin Cultivo","superficie_fisica_ha":1.77,"superficie_riego_ha":1.77,"hectareas":1.096},"geometry":{"type":"Polygon","coordinates":[[[-105.184007,27.814305],[-105.183884,27.81393],[-105.183856,27.813712],[-105.183747,27.813542],[-105.183653,27.81337],[-105.184016,27.81333],[-105.184578,27.813323],[-105.184878,27.813323],[-105.185001,27.813541],[-105.184988,27.813735],[-105.184988,27.813856],[-105.185124,27.813953],[-105.185206,27.813989],[-105.185288,27.814073],[-105.184947,27.814062],[-105.184007,27.814305]]]}},{"type":"Feature","properties":{"modulo":1,"idparcela":"24","productor":"RUBIO PORRAS LUIS","cultivo":"Nogal (Nuez)","superficie_fisica_ha":1.2652,"superficie_riego_ha":1.2652,"hectareas":0.909},"geometry":{"type":"Polygon","coordinates":[[[-105.182878,27.814576],[-105.183728,27.814372],[-105.183735,27.814403],[-105.183844,27.814596],[-105.183967,27.814863],[-105.183968,27.81502],[-105.184022,27.815166],[-105.184077,27.815238],[-105.183232,27.815482],[-105.182878,27.814576]]]}},{"type":"Feature","properties":{"modulo":1,"idparcela":"26","productor":"TRILLO GAMBOA DOMINGO","cultivo":"Nogal (Nuez)","superficie_fisica_ha":1,"superficie_riego_ha":1,"hectareas":1.382},"geometry":{"type":"Polygon","coordinates":[[[-105.183232,27.815482],[-105.184077,27.815238],[-105.184145,27.815323],[-105.1842,27.815444],[-105.184255,27.815553],[-105.184323,27.815723],[-105.184337,27.815917],[-105.184419,27.81611],[-105.184652,27.816498],[-105.18457,27.816546],[-105.184406,27.816571],[-105.184311,27.816668],[-105.184052,27.816717],[-105.183725,27.816741],[-105.183232,27.815482]]]}},{"type":"Feature","properties":{"modulo":1,"idparcela":"18","productor":"RODRIGUEZ SAENZ GERARDO","cultivo":"Sin Cultivo","superficie_fisica_ha":4.18,"superficie_riego_ha":4.18,"hectareas":4.401},"geometry":{"type":"Polygon","coordinates":[[[-105.181072,27.815075],[-105.18254,27.814632],[-105.183604,27.817517],[-105.183125,27.817456],[-105.182537,27.817311],[-105.182344,27.817255],[-105.181695,27.816962],[-105.18164,27.816902],[-105.181585,27.816756],[-105.181585,27.816587],[-105.181489,27.816175],[-105.181434,27.815872],[-105.181324,27.815654],[-105.181188,27.8154],[-105.181092,27.815133],[-105.181072,27.815075]]]}},{"type":"Feature","properties":{"modulo":1,"idparcela":"8446","productor":"OROZCO JUSTINIANI FERNANDO H.","cultivo":"Nogal (Nuez)","superficie_fisica_ha":9.09,"superficie_riego_ha":9.09,"hectareas":4.357},"geometry":{"type":"Polygon","coordinates":[[[-105.184223,27.821212],[-105.184139,27.821188],[-105.183992,27.821091],[-105.183945,27.82106],[-105.18388,27.820985],[-105.183782,27.820847],[-105.183654,27.820667],[-105.183541,27.820401],[-105.183368,27.820026],[-105.183303,27.819863],[-105.183253,27.819687],[-105.183139,27.819484],[-105.182952,27.819166],[-105.182802,27.818875],[-105.182556,27.818561],[-105.182392,27.818428],[-105.182188,27.818307],[-105.182078,27.818077],[-105.181832,27.817762],[-105.181832,27.817665],[-105.18175,27.817532],[-105.181627,27.817459],[-105.181477,27.817181],[-105.181504,27.817047],[-105.181586,27.816962],[-105.181667,27.816999],[-105.182336,27.817313],[-105.183154,27.817518],[-105.183613,27.817581],[-105.183768,27.818159],[-105.183892,27.818862],[-105.184017,27.819952],[-105.184141,27.820594],[-105.184223,27.821212]]]}},{"type":"Feature","properties":{"modulo":1,"idparcela":"28","productor":"OROZCO ESPINO FERNANDO H.","cultivo":"Chile verde","superficie_fisica_ha":2.2153,"superficie_riego_ha":2.2153,"hectareas":1.841},"geometry":{"type":"Polygon","coordinates":[[[-105.184376,27.818678],[-105.1843,27.818352],[-105.183751,27.816794],[-105.183984,27.816779],[-105.184148,27.816753],[-105.18427,27.816741],[-105.184349,27.816712],[-105.184378,27.816687],[-105.184443,27.816619],[-105.18451,27.816609],[-105.184584,27.816607],[-105.184734,27.816764],[-105.184734,27.816995],[-105.18483,27.817176],[-105.184871,27.817322],[-105.184953,27.817479],[-105.185035,27.817697],[-105.185076,27.817818],[-105.185118,27.817951],[-105.185132,27.818145],[-105.185132,27.818266],[-105.185132,27.818424],[-105.185014,27.818477],[-105.184707,27.818561],[-105.184376,27.818678]]]}},{"type":"Feature","properties":{"modulo":1,"idparcela":"14","productor":"BURROLA FLORES CARLOS","cultivo":"Nogal (Nuez)","superficie_fisica_ha":2.5933,"superficie_riego_ha":2.5333,"hectareas":2.507},"geometry":{"type":"Polygon","coordinates":[[[-105.184383,27.81874],[-105.18471,27.818618],[-105.18501,27.818533],[-105.185159,27.81846],[-105.185187,27.818484],[-105.185187,27.818581],[-105.18516,27.818715],[-105.185214,27.818824],[-105.185296,27.81892],[-105.185419,27.819029],[-105.185531,27.819095],[-105.185558,27.819118],[-105.18556,27.819196],[-105.185554,27.819337],[-105.185548,27.819424],[-105.185527,27.819467],[-105.185502,27.819534],[-105.185381,27.819619],[-105.185247,27.819704],[-105.185208,27.819759],[-105.185183,27.819811],[-105.185191,27.819885],[-105.185329,27.820015],[-105.185429,27.820082],[-105.185508,27.820191],[-105.185387,27.820304],[-105.185285,27.820362],[-105.185231,27.820447],[-105.185286,27.820568],[-105.185383,27.820602],[-105.185423,27.820781],[-105.185464,27.821023],[-105.185456,27.821231],[-105.185423,27.821286],[-105.185349,27.821339],[-105.185209,27.821369],[-105.184883,27.821371],[-105.184843,27.821352],[-105.184618,27.821054],[-105.18452,27.81937],[-105.184397,27.819079],[-105.184383,27.81874]]]}},{"type":"Feature","properties":{"modulo":1,"idparcela":"8446","productor":"OROZCO JUSTINIANI FERNANDO H.","cultivo":"Nogal (Nuez)","superficie_fisica_ha":9.09,"superficie_riego_ha":9.09,"hectareas":5.793},"geometry":{"type":"Polygon","coordinates":[[[-105.181942,27.818343],[-105.182174,27.818367],[-105.182242,27.818391],[-105.182379,27.818476],[-105.182515,27.818573],[-105.182693,27.818803],[-105.182829,27.819009],[-105.182952,27.819251],[-105.183212,27.819711],[-105.183267,27.819905],[-105.183363,27.820135],[-105.183513,27.820425],[-105.183609,27.820668],[-105.183787,27.820934],[-105.183923,27.821091],[-105.184095,27.821218],[-105.184069,27.82124],[-105.184025,27.821247],[-105.183983,27.821326],[-105.183946,27.821417],[-105.183971,27.821894],[-105.183984,27.822243],[-105.183987,27.822525],[-105.183974,27.822713],[-105.183961,27.822921],[-105.18394,27.822952],[-105.183932,27.822984],[-105.183862,27.823189],[-105.183791,27.823319],[-105.183702,27.82345],[-105.183673,27.823553],[-105.183672,27.82367],[-105.183659,27.82387],[-105.182783,27.823856],[-105.182606,27.823858],[-105.182541,27.823835],[-105.182524,27.823795],[-105.182569,27.82375],[-105.182755,27.823601],[-105.182959,27.823443],[-105.183131,27.823276],[-105.182903,27.822329],[-105.181942,27.818343]]]}},{"type":"Feature","properties":{"modulo":1,"idparcela":"8459","productor":"LOYA SALCIDO RAFAEL","cultivo":"Nogal (Nuez)","superficie_fisica_ha":3.4668,"superficie_riego_ha":3.4668,"hectareas":4.635},"geometry":{"type":"Polygon","coordinates":[[[-105.180056,27.819576],[-105.180309,27.820534],[-105.180334,27.820848],[-105.180921,27.823799],[-105.179743,27.823751],[-105.17918,27.821025],[-105.179257,27.820915],[-105.179354,27.820821],[-105.179403,27.820744],[-105.179437,27.820685],[-105.179492,27.820552],[-105.179506,27.820394],[-105.179512,27.82025],[-105.179546,27.820069],[-105.179608,27.81993],[-105.179791,27.819655],[-105.180056,27.819576]]]}},{"type":"Feature","properties":{"modulo":1,"idparcela":"8455","productor":"OROZCO JUSTINIANI FERNANDO H.","cultivo":"Nogal (Nuez)","superficie_fisica_ha":16.4175,"superficie_riego_ha":16.4175,"hectareas":14.543},"geometry":{"type":"Polygon","coordinates":[[[-105.180921,27.823799],[-105.180334,27.820848],[-105.180309,27.820534],[-105.180056,27.819576],[-105.180029,27.819406],[-105.180042,27.819212],[-105.180042,27.819018],[-105.180055,27.818873],[-105.180041,27.818703],[-105.180027,27.818594],[-105.180013,27.818376],[-105.180108,27.818073],[-105.180108,27.817891],[-105.180108,27.817722],[-105.180149,27.817613],[-105.180244,27.817503],[-105.180257,27.81737],[-105.18038,27.817261],[-105.180475,27.817152],[-105.180625,27.817055],[-105.180761,27.816982],[-105.180733,27.816873],[-105.18076,27.816679],[-105.18082,27.816506],[-105.180965,27.816581],[-105.181156,27.816678],[-105.181415,27.816884],[-105.181333,27.817029],[-105.181361,27.817332],[-105.18143,27.817514],[-105.181553,27.817611],[-105.181716,27.81772],[-105.181771,27.817865],[-105.181921,27.818034],[-105.182099,27.818289],[-105.181963,27.818265],[-105.18184,27.818301],[-105.183023,27.82324],[-105.183011,27.823297],[-105.18285,27.823431],[-105.182565,27.82365],[-105.182444,27.823761],[-105.182006,27.82376],[-105.181583,27.823821],[-105.180921,27.823799]]]}},{"type":"Feature","properties":{"modulo":1,"idparcela":"************","productor":null,"cultivo":"Sin Cultivo","superficie_fisica_ha":null,"superficie_riego_ha":null,"hectareas":5.458},"geometry":{"type":"Polygon","coordinates":[[[-105.176459,27.820635],[-105.176457,27.819108],[-105.177002,27.818719],[-105.177179,27.818549],[-105.177356,27.818489],[-105.177519,27.818343],[-105.177682,27.818294],[-105.177832,27.818282],[-105.178146,27.81816],[-105.178296,27.818088],[-105.178459,27.818281],[-105.178542,27.818572],[-105.178678,27.818753],[-105.178788,27.818887],[-105.178801,27.818971],[-105.178911,27.819068],[-105.178965,27.819262],[-105.179006,27.819383],[-105.179007,27.819553],[-105.178912,27.819723],[-105.178776,27.819917],[-105.178776,27.820074],[-105.17864,27.820256],[-105.178586,27.820414],[-105.178504,27.820571],[-105.178286,27.820632],[-105.177863,27.820645],[-105.177591,27.820657],[-105.177373,27.82067],[-105.177223,27.820682],[-105.177018,27.820682],[-105.176787,27.820695],[-105.176637,27.820695],[-105.176459,27.820635]]]}},{"type":"Feature","properties":{"modulo":1,"idparcela":"************","productor":null,"cultivo":"Sin Cultivo","superficie_fisica_ha":null,"superficie_riego_ha":null,"hectareas":19.797},"geometry":{"type":"Polygon","coordinates":[[[-105.17647,27.819023],[-105.176416,27.819059],[-105.176391,27.820635],[-105.176337,27.820647],[-105.176187,27.820611],[-105.175996,27.820611],[-105.175832,27.820526],[-105.175614,27.820502],[-105.175464,27.82043],[-105.1753,27.820333],[-105.175191,27.820224],[-105.175109,27.820055],[-105.174891,27.819897],[-105.174224,27.819859],[-105.174161,27.819812],[-105.17418,27.819773],[-105.174204,27.81973],[-105.17425,27.81968],[-105.174386,27.81951],[-105.174467,27.819377],[-105.174549,27.819256],[-105.174671,27.819122],[-105.174835,27.818916],[-105.17493,27.818698],[-105.175093,27.818467],[-105.175276,27.818049],[-105.175467,27.817855],[-105.175643,27.817552],[-105.17597,27.816945],[-105.175969,27.816667],[-105.176037,27.816388],[-105.17605,27.816073],[-105.176118,27.815697],[-105.176131,27.815321],[-105.176239,27.815043],[-105.176389,27.814897],[-105.176552,27.814763],[-105.176634,27.814582],[-105.179973,27.814674],[-105.180082,27.81471],[-105.180314,27.814734],[-105.180423,27.814734],[-105.180464,27.814795],[-105.180451,27.814977],[-105.180424,27.815183],[-105.180411,27.815328],[-105.180343,27.815607],[-105.180316,27.815825],[-105.180262,27.816019],[-105.180173,27.816207],[-105.179997,27.816449],[-105.179779,27.816619],[-105.179643,27.816789],[-105.179643,27.816959],[-105.179589,27.817238],[-105.179576,27.81748],[-105.179549,27.817613],[-105.179467,27.817819],[-105.179317,27.817856],[-105.179195,27.817868],[-105.179154,27.817929],[-105.179141,27.818062],[-105.179141,27.81822],[-105.179141,27.818365],[-105.179128,27.818523],[-105.17906,27.818656],[-105.178937,27.81879],[-105.178855,27.818765],[-105.178733,27.818669],[-105.178691,27.818511],[-105.178568,27.818293],[-105.178514,27.81816],[-105.178391,27.818015],[-105.178268,27.817894],[-105.178186,27.817724],[-105.178131,27.817446],[-105.178022,27.81724],[-105.177912,27.817143],[-105.177749,27.817143],[-105.177722,27.817228],[-105.177735,27.817361],[-105.177872,27.817567],[-105.177941,27.817737],[-105.178186,27.818027],[-105.177968,27.818112],[-105.177519,27.818222],[-105.177192,27.818368],[-105.176865,27.818659],[-105.17647,27.819023]]]}},{"type":"Feature","properties":{"modulo":1,"idparcela":"************","productor":null,"cultivo":"Sin Cultivo","superficie_fisica_ha":null,"superficie_riego_ha":null,"hectareas":1.798},"geometry":{"type":"Polygon","coordinates":[[[-105.171161,27.814704],[-105.171202,27.814607],[-105.171283,27.814449],[-105.171352,27.814388],[-105.171597,27.814206],[-105.171774,27.814085],[-105.171923,27.813951],[-105.172196,27.813709],[-105.17255,27.813623],[-105.172863,27.813538],[-105.173149,27.813526],[-105.173844,27.813392],[-105.173913,27.81344],[-105.173899,27.813513],[-105.172715,27.814532],[-105.172347,27.814605],[-105.171856,27.814654],[-105.171161,27.814704]]]}},{"type":"Feature","properties":{"modulo":1,"idparcela":"************","productor":null,"cultivo":"Sin Cultivo","superficie_fisica_ha":null,"superficie_riego_ha":null,"hectareas":1.462},"geometry":{"type":"Polygon","coordinates":[[[-105.170529,27.815731],[-105.170563,27.815582],[-105.170833,27.815398],[-105.171056,27.814831],[-105.171677,27.814845],[-105.171912,27.814797],[-105.172205,27.814799],[-105.172203,27.814943],[-105.17187,27.815949],[-105.171859,27.815982],[-105.171231,27.815903],[-105.170529,27.815731]]]}},{"type":"Feature","properties":{"modulo":1,"idparcela":"************","productor":null,"cultivo":"Sin Cultivo","superficie_fisica_ha":null,"superficie_riego_ha":null,"hectareas":2.619},"geometry":{"type":"Polygon","coordinates":[[[-105.170823,27.818239],[-105.170551,27.818231],[-105.170503,27.818004],[-105.170582,27.817508],[-105.17047,27.81731],[-105.170326,27.816631],[-105.170525,27.815751],[-105.170529,27.815731],[-105.171231,27.815903],[-105.171859,27.815982],[-105.171505,27.817082],[-105.170981,27.818244],[-105.170823,27.818239]]]}},{"type":"Feature","properties":{"modulo":1,"idparcela":"8453","productor":"RODRIGUEZ RIOS GREGORIO","cultivo":"Nogal (Nuez)","superficie_fisica_ha":1.1575,"superficie_riego_ha":1.1575,"hectareas":2.064},"geometry":{"type":"Polygon","coordinates":[[[-105.171085,27.818254],[-105.171479,27.817296],[-105.171859,27.81623],[-105.171967,27.81589],[-105.172293,27.814763],[-105.172838,27.814689],[-105.172527,27.815698],[-105.171661,27.818377],[-105.171085,27.818254]]]}},{"type":"Feature","properties":{"modulo":1,"idparcela":"8453","productor":"RODRIGUEZ RIOS GREGORIO","cultivo":"Nogal (Nuez)","superficie_fisica_ha":1.1575,"superficie_riego_ha":1.1575,"hectareas":2.727},"geometry":{"type":"Polygon","coordinates":[[[-105.171726,27.818423],[-105.172588,27.815737],[-105.173126,27.815961],[-105.173549,27.815949],[-105.172571,27.818592],[-105.172244,27.818483],[-105.171726,27.818423]]]}},{"type":"Feature","properties":{"modulo":1,"idparcela":"8453","productor":"RODRIGUEZ RIOS GREGORIO","cultivo":"Nogal (Nuez)","superficie_fisica_ha":1.1575,"superficie_riego_ha":1.1575,"hectareas":1.953},"geometry":{"type":"Polygon","coordinates":[[[-105.173562,27.8159],[-105.173142,27.815913],[-105.17261,27.815676],[-105.172886,27.814714],[-105.172878,27.814617],[-105.172987,27.814495],[-105.173205,27.814313],[-105.173437,27.814107],[-105.173722,27.813876],[-105.173995,27.81367],[-105.174131,27.813682],[-105.174172,27.813852],[-105.174132,27.81413],[-105.173846,27.814615],[-105.173684,27.815234],[-105.173562,27.8159]]]}},{"type":"Feature","properties":{"modulo":1,"idparcela":"************","productor":null,"cultivo":"Sin Cultivo","superficie_fisica_ha":null,"superficie_riego_ha":null,"hectareas":1.534},"geometry":{"type":"Polygon","coordinates":[[[-105.174896,27.814554],[-105.17645,27.814576],[-105.176395,27.814709],[-105.176205,27.814879],[-105.176137,27.814964],[-105.175933,27.81511],[-105.175742,27.815183],[-105.175415,27.815244],[-105.17517,27.815317],[-105.17487,27.81539],[-105.174693,27.815426],[-105.174556,27.81539],[-105.174393,27.815427],[-105.174202,27.815536],[-105.173998,27.815645],[-105.173834,27.815755],[-105.173725,27.815646],[-105.173725,27.815488],[-105.173834,27.81527],[-105.173942,27.815124],[-105.174161,27.815088],[-105.174351,27.815063],[-105.174501,27.815063],[-105.174678,27.815002],[-105.174787,27.814857],[-105.174855,27.814699],[-105.174896,27.814554]]]}},{"type":"Feature","properties":{"modulo":1,"idparcela":"************","productor":null,"cultivo":"Sin Cultivo","superficie_fisica_ha":null,"superficie_riego_ha":null,"hectareas":2.198},"geometry":{"type":"Polygon","coordinates":[[[-105.175187,27.814483],[-105.174455,27.814497],[-105.174446,27.814481],[-105.174446,27.814372],[-105.174459,27.814191],[-105.174377,27.814045],[-105.174377,27.813876],[-105.174376,27.813633],[-105.174485,27.813488],[-105.174539,27.813282],[-105.174689,27.813063],[-105.17492,27.812881],[-105.175029,27.812772],[-105.175315,27.812566],[-105.175492,27.81242],[-105.175614,27.812153],[-105.175791,27.811996],[-105.175887,27.811995],[-105.175887,27.812298],[-105.175929,27.812759],[-105.175861,27.812929],[-105.175684,27.813014],[-105.175616,27.813171],[-105.175603,27.813365],[-105.175562,27.813595],[-105.175426,27.813765],[-105.175187,27.814483]]]}},{"type":"Feature","properties":{"modulo":1,"idparcela":"8447","productor":"MORENO PACHECO FIDEL","cultivo":"Alfalfa","superficie_fisica_ha":16.6137,"superficie_riego_ha":16.6137,"hectareas":4.963},"geometry":{"type":"Polygon","coordinates":[[[-105.175711,27.81322],[-105.175739,27.813316],[-105.175725,27.813474],[-105.17563,27.813595],[-105.175712,27.813692],[-105.175849,27.813728],[-105.176053,27.813704],[-105.176162,27.813704],[-105.176285,27.813825],[-105.176462,27.813909],[-105.176558,27.813958],[-105.176735,27.81397],[-105.176857,27.813836],[-105.176884,27.813739],[-105.176898,27.813666],[-105.176966,27.813533],[-105.176979,27.813448],[-105.177088,27.813327],[-105.177156,27.813133],[-105.177129,27.81306],[-105.17706,27.812939],[-105.177019,27.812854],[-105.176965,27.81277],[-105.176801,27.812697],[-105.176733,27.812625],[-105.176692,27.812552],[-105.176719,27.812309],[-105.17665,27.811873],[-105.176717,27.811485],[-105.176894,27.811473],[-105.177085,27.811461],[-105.177331,27.811436],[-105.177549,27.81146],[-105.177726,27.811472],[-105.177903,27.811472],[-105.178041,27.811493],[-105.178013,27.812126],[-105.177988,27.813205],[-105.177894,27.814126],[-105.177922,27.814562],[-105.176629,27.814528],[-105.176368,27.814503],[-105.17526,27.814501],[-105.175453,27.813814],[-105.175576,27.813644],[-105.175711,27.81322]]]}},{"type":"Feature","properties":{"modulo":1,"idparcela":"************","productor":null,"cultivo":"Sin Cultivo","superficie_fisica_ha":null,"superficie_riego_ha":null,"hectareas":6.703},"geometry":{"type":"Polygon","coordinates":[[[-105.173541,27.819911],[-105.173105,27.819888],[-105.172982,27.8199],[-105.172464,27.819888],[-105.172355,27.81984],[-105.172369,27.819743],[-105.172491,27.81961],[-105.172641,27.81944],[-105.172804,27.819197],[-105.172967,27.818955],[-105.17309,27.818748],[-105.173253,27.818518],[-105.173348,27.818373],[-105.173484,27.818106],[-105.173647,27.817887],[-105.173783,27.817536],[-105.173755,27.817354],[-105.173728,27.817221],[-105.173864,27.817015],[-105.174013,27.816833],[-105.174177,27.816639],[-105.174408,27.816396],[-105.174503,27.816105],[-105.174597,27.815584],[-105.17487,27.815511],[-105.175115,27.815523],[-105.175456,27.815413],[-105.17566,27.81534],[-105.175851,27.815352],[-105.175879,27.815497],[-105.175865,27.815655],[-105.17577,27.815849],[-105.17573,27.816225],[-105.175703,27.816382],[-105.175567,27.816528],[-105.175526,27.816819],[-105.175431,27.817085],[-105.175309,27.817364],[-105.174928,27.817874],[-105.174806,27.818237],[-105.174725,27.818553],[-105.174507,27.818783],[-105.174303,27.819159],[-105.173854,27.819656],[-105.173541,27.819911]]]}},{"type":"Feature","properties":{"modulo":1,"idparcela":"************","productor":null,"cultivo":"Sin Cultivo","superficie_fisica_ha":null,"superficie_riego_ha":null,"hectareas":1.46},"geometry":{"type":"Polygon","coordinates":[[[-105.176065,27.820938],[-105.175642,27.820963],[-105.175161,27.82099],[-105.175042,27.820467],[-105.173983,27.820498],[-105.173208,27.820531],[-105.173433,27.820275],[-105.173582,27.820154],[-105.17365,27.820032],[-105.173759,27.819947],[-105.174223,27.81991],[-105.1744,27.81991],[-105.174604,27.819934],[-105.174883,27.81993],[-105.175031,27.820051],[-105.175088,27.8201],[-105.175164,27.820236],[-105.175297,27.820364],[-105.175477,27.820494],[-105.175596,27.820546],[-105.17563,27.820541],[-105.175812,27.820563],[-105.175987,27.820643],[-105.176065,27.820938]]]}},{"type":"Feature","properties":{"modulo":1,"idparcela":"************","productor":null,"cultivo":"Sin Cultivo","superficie_fisica_ha":null,"superficie_riego_ha":null,"hectareas":1.716},"geometry":{"type":"Polygon","coordinates":[[[-105.175111,27.821012],[-105.174715,27.821061],[-105.174565,27.821122],[-105.174293,27.821158],[-105.174198,27.821183],[-105.174129,27.821207],[-105.173911,27.821207],[-105.173693,27.821195],[-105.173543,27.821196],[-105.173421,27.821208],[-105.173312,27.821208],[-105.173216,27.82122],[-105.173066,27.821245],[-105.172835,27.821342],[-105.172685,27.821439],[-105.172521,27.821548],[-105.172426,27.821645],[-105.172317,27.821742],[-105.172236,27.821827],[-105.172127,27.822034],[-105.172018,27.821997],[-105.172058,27.821888],[-105.172167,27.821743],[-105.172222,27.821646],[-105.172317,27.821524],[-105.172439,27.821391],[-105.172521,27.821245],[-105.172657,27.821027],[-105.172875,27.820845],[-105.173161,27.820578],[-105.175001,27.820503],[-105.175111,27.821012]]]}},{"type":"Feature","properties":{"modulo":1,"idparcela":"8454","productor":"VILLA VELARDE RUBEN","cultivo":"Nogal (Nuez)","superficie_fisica_ha":3,"superficie_riego_ha":3,"hectareas":2.952},"geometry":{"type":"Polygon","coordinates":[[[-105.171058,27.818315],[-105.171436,27.818394],[-105.171712,27.818472],[-105.172245,27.818552],[-105.17253,27.818652],[-105.172462,27.818761],[-105.172394,27.818858],[-105.172313,27.818955],[-105.17219,27.819137],[-105.172109,27.819319],[-105.172109,27.819574],[-105.172055,27.819756],[-105.171933,27.819925],[-105.171742,27.819998],[-105.171524,27.819999],[-105.171388,27.819999],[-105.17121,27.819987],[-105.171128,27.819938],[-105.170951,27.819939],[-105.170883,27.819975],[-105.170788,27.820096],[-105.170652,27.820327],[-105.170584,27.820521],[-105.170529,27.820626],[-105.170423,27.820621],[-105.170339,27.82063],[-105.170339,27.820509],[-105.170338,27.820315],[-105.170352,27.820097],[-105.170351,27.81977],[-105.17046,27.819358],[-105.170568,27.819091],[-105.170677,27.818897],[-105.170827,27.818691],[-105.170949,27.818533],[-105.171058,27.818303],[-105.171058,27.818315]]]}},{"type":"Feature","properties":{"modulo":1,"idparcela":"8465","productor":"SANCHEZ SANCHEZ MANUEL","cultivo":"Ma­z","superficie_fisica_ha":2.35,"superficie_riego_ha":2.35,"hectareas":1.313},"geometry":{"type":"Polygon","coordinates":[[[-105.173045,27.820496],[-105.170709,27.820636],[-105.170693,27.820509],[-105.170843,27.82029],[-105.170979,27.820145],[-105.171156,27.820108],[-105.171415,27.820096],[-105.171688,27.820095],[-105.172001,27.820095],[-105.172097,27.820107],[-105.172219,27.820107],[-105.172383,27.820082],[-105.172615,27.820082],[-105.172751,27.820045],[-105.172955,27.819997],[-105.173091,27.819997],[-105.173228,27.819996],[-105.173364,27.819996],[-105.17346,27.819996],[-105.173528,27.820008],[-105.173541,27.820093],[-105.173487,27.820154],[-105.173324,27.820239],[-105.173242,27.820324],[-105.173147,27.820396],[-105.173045,27.820496]]]}},{"type":"Feature","properties":{"modulo":1,"idparcela":"************","productor":null,"cultivo":"Sin Cultivo","superficie_fisica_ha":null,"superficie_riego_ha":null,"hectareas":1.129},"geometry":{"type":"Polygon","coordinates":[[[-105.169453,27.820777],[-105.16963,27.820413],[-105.169793,27.820146],[-105.169861,27.819819],[-105.170051,27.819455],[-105.170159,27.819091],[-105.170295,27.818813],[-105.170418,27.818558],[-105.170526,27.818279],[-105.170908,27.818303],[-105.170881,27.818376],[-105.170772,27.818557],[-105.170636,27.818824],[-105.170419,27.819212],[-105.170283,27.8196],[-105.170256,27.819903],[-105.170257,27.820727],[-105.169453,27.820777]]]}},{"type":"Feature","properties":{"modulo":1,"idparcela":"************","productor":null,"cultivo":"Sin Cultivo","superficie_fisica_ha":null,"superficie_riego_ha":null,"hectareas":1.177},"geometry":{"type":"Polygon","coordinates":[[[-105.169412,27.820825],[-105.170271,27.820776],[-105.170285,27.820957],[-105.170217,27.821127],[-105.169931,27.821346],[-105.169727,27.821625],[-105.169714,27.82177],[-105.169619,27.822134],[-105.16966,27.822582],[-105.169265,27.822558],[-105.169278,27.82188],[-105.169318,27.821698],[-105.169195,27.821601],[-105.169059,27.821601],[-105.168964,27.821589],[-105.169072,27.821407],[-105.169412,27.820825]]]}},{"type":"Feature","properties":{"modulo":1,"idparcela":"8463","productor":"OROZCO ESPINO FERNANDO H","cultivo":"Ma­z","superficie_fisica_ha":5.5,"superficie_riego_ha":5.5,"hectareas":2.703},"geometry":{"type":"Polygon","coordinates":[[[-105.175179,27.821109],[-105.17578,27.823693],[-105.174883,27.823666],[-105.174102,27.821316],[-105.174354,27.821284],[-105.174526,27.821251],[-105.174676,27.821228],[-105.174814,27.821176],[-105.175179,27.821109]]]}},{"type":"Feature","properties":{"modulo":1,"idparcela":"8464","productor":"OROZCO ESPINO ORALIA G.","cultivo":"Ma­z","superficie_fisica_ha":5.6,"superficie_riego_ha":5.6,"hectareas":4.927},"geometry":{"type":"Polygon","coordinates":[[[-105.174102,27.821316],[-105.174883,27.823666],[-105.172497,27.82362],[-105.172443,27.823512],[-105.172388,27.823306],[-105.172374,27.823148],[-105.172333,27.82293],[-105.172319,27.822772],[-105.172319,27.822579],[-105.172318,27.822433],[-105.172345,27.822227],[-105.17244,27.821985],[-105.172536,27.821786],[-105.172661,27.821649],[-105.172876,27.821607],[-105.172985,27.821487],[-105.173086,27.821382],[-105.173162,27.82139],[-105.173312,27.821378],[-105.173353,27.821462],[-105.173353,27.821608],[-105.173503,27.821644],[-105.173666,27.821547],[-105.173843,27.821377],[-105.174034,27.821316],[-105.174102,27.821316]]]}},{"type":"Feature","properties":{"modulo":1,"idparcela":"8467","productor":"TORRES TORRES JOSE R.","cultivo":"Ma­z","superficie_fisica_ha":1,"superficie_riego_ha":1,"hectareas":0.924},"geometry":{"type":"Polygon","coordinates":[[[-105.172164,27.823155],[-105.170981,27.823092],[-105.171187,27.822495],[-105.171596,27.822325],[-105.171922,27.822058],[-105.172073,27.822228],[-105.172164,27.823155]]]}},{"type":"Feature","properties":{"modulo":1,"idparcela":"8469","productor":"GUEVARA FERRI¥O DIEGO","cultivo":"Sin Cultivo","superficie_fisica_ha":0.5,"superficie_riego_ha":0.5,"hectareas":0.666},"geometry":{"type":"Polygon","coordinates":[[[-105.170953,27.823172],[-105.172203,27.823235],[-105.172303,27.823627],[-105.17104,27.823625],[-105.170739,27.823658],[-105.170766,27.82355],[-105.170807,27.823356],[-105.170953,27.823172]]]}},{"type":"Feature","properties":{"modulo":1,"idparcela":"8466","productor":"TORRES TORRES ROSALIA","cultivo":"Ma­z","superficie_fisica_ha":2.35,"superficie_riego_ha":2.35,"hectareas":3.759},"geometry":{"type":"Polygon","coordinates":[[[-105.169987,27.822497],[-105.170069,27.822242],[-105.170069,27.822133],[-105.170082,27.822048],[-105.17015,27.822],[-105.170246,27.821939],[-105.170327,27.821878],[-105.170409,27.821709],[-105.170409,27.821587],[-105.170408,27.821466],[-105.170367,27.821418],[-105.170313,27.821369],[-105.170367,27.821236],[-105.17038,27.821042],[-105.170339,27.820739],[-105.173079,27.820566],[-105.172602,27.821003],[-105.172385,27.821367],[-105.17229,27.821464],[-105.172099,27.821755],[-105.171901,27.821983],[-105.171511,27.822299],[-105.171257,27.822397],[-105.17124,27.822324],[-105.171118,27.822253],[-105.171091,27.822253],[-105.170996,27.822386],[-105.170996,27.822532],[-105.169987,27.822497]]]}},{"type":"Feature","properties":{"modulo":1,"idparcela":"************","productor":null,"cultivo":"Sin Cultivo","superficie_fisica_ha":null,"superficie_riego_ha":null,"hectareas":1.368},"geometry":{"type":"Polygon","coordinates":[[[-105.167264,27.824449],[-105.168004,27.824392],[-105.167913,27.826129],[-105.167298,27.826268],[-105.167274,27.826114],[-105.167219,27.824804],[-105.167264,27.824449]]]}},{"type":"Feature","properties":{"modulo":1,"idparcela":"************","productor":null,"cultivo":"Sin Cultivo","superficie_fisica_ha":null,"superficie_riego_ha":null,"hectareas":1.368},"geometry":{"type":"Polygon","coordinates":[[[-105.167776,27.827611],[-105.167407,27.826957],[-105.167298,27.826268],[-105.167913,27.826129],[-105.168225,27.826802],[-105.168216,27.826876],[-105.168796,27.827866],[-105.167776,27.827611]]]}},{"type":"Feature","properties":{"modulo":1,"idparcela":"************","productor":null,"cultivo":"Sin Cultivo","superficie_fisica_ha":null,"superficie_riego_ha":null,"hectareas":1.23},"geometry":{"type":"Polygon","coordinates":[[[-105.167399,27.823365],[-105.167427,27.823142],[-105.168307,27.822444],[-105.168886,27.821637],[-105.169171,27.821639],[-105.169266,27.821731],[-105.169223,27.821855],[-105.168273,27.823356],[-105.167399,27.823365]]]}},{"type":"Feature","properties":{"modulo":1,"idparcela":"************","productor":null,"cultivo":"Sin Cultivo","superficie_fisica_ha":null,"superficie_riego_ha":null,"hectareas":0.908},"geometry":{"type":"Polygon","coordinates":[[[-105.168273,27.823356],[-105.168144,27.823755],[-105.168004,27.824392],[-105.167264,27.824449],[-105.167399,27.823365],[-105.168273,27.823356]]]}},{"type":"Feature","properties":{"modulo":1,"idparcela":"************","productor":null,"cultivo":"Sin Cultivo","superficie_fisica_ha":null,"superficie_riego_ha":null,"hectareas":7.942},"geometry":{"type":"Polygon","coordinates":[[[-105.168004,27.824392],[-105.168144,27.823755],[-105.168273,27.823356],[-105.169223,27.821855],[-105.169211,27.822607],[-105.169211,27.82274],[-105.169892,27.822775],[-105.169852,27.822969],[-105.169934,27.823248],[-105.169948,27.82343],[-105.169962,27.82366],[-105.169867,27.824121],[-105.169691,27.824533],[-105.169473,27.824969],[-105.169338,27.825418],[-105.169352,27.826169],[-105.169353,27.82652],[-105.169395,27.826945],[-105.169382,27.827308],[-105.169314,27.827599],[-105.169191,27.827817],[-105.169028,27.82789],[-105.168796,27.827866],[-105.168216,27.826876],[-105.168225,27.826802],[-105.167913,27.826129],[-105.168004,27.824392]]]}},{"type":"Feature","properties":{"modulo":1,"idparcela":"8462","productor":"LOYA SALCIDO MANUEL","cultivo":"Alfalfa","superficie_fisica_ha":3.1,"superficie_riego_ha":3.1,"hectareas":2.446},"geometry":{"type":"Polygon","coordinates":[[[-105.176642,27.823676],[-105.17578,27.823693],[-105.175179,27.821109],[-105.175356,27.821096],[-105.175479,27.821096],[-105.175683,27.82106],[-105.175819,27.821059],[-105.175928,27.821059],[-105.176038,27.821083],[-105.176642,27.823676]]]}},{"type":"Feature","properties":{"modulo":1,"idparcela":"8456","productor":"MONTES N SILVESTRE","cultivo":"Sin Cultivo","superficie_fisica_ha":4.3725,"superficie_riego_ha":4.3725,"hectareas":1.883},"geometry":{"type":"Polygon","coordinates":[[[-105.177472,27.823653],[-105.176642,27.823676],[-105.176038,27.821083],[-105.17616,27.821156],[-105.176297,27.821253],[-105.176496,27.821304],[-105.176592,27.821543],[-105.176864,27.821912],[-105.177106,27.822249],[-105.177472,27.823653]]]}},{"type":"Feature","properties":{"modulo":1,"idparcela":"8458","productor":"RUBIO PORRAS LUIS","cultivo":"Nogal (Nuez)","superficie_fisica_ha":1.4931,"superficie_riego_ha":1.4931,"hectareas":2.96},"geometry":{"type":"Polygon","coordinates":[[[-105.177934,27.822196],[-105.178929,27.822134],[-105.178779,27.821504],[-105.178972,27.821282],[-105.179069,27.821188],[-105.17918,27.821025],[-105.179743,27.823751],[-105.178239,27.823658],[-105.177934,27.822196]]]}},{"type":"Feature","properties":{"modulo":1,"idparcela":"8457","productor":"TRILLO GAMBOA DOMINGO","cultivo":"Nogal (Nuez)","superficie_fisica_ha":1.4044,"superficie_riego_ha":1.4044,"hectareas":1.142},"geometry":{"type":"Polygon","coordinates":[[[-105.177185,27.822245],[-105.177934,27.822196],[-105.178239,27.823658],[-105.177548,27.823671],[-105.177185,27.822245]]]}},{"type":"Feature","properties":{"modulo":1,"idparcela":"************","productor":null,"cultivo":"Sin Cultivo","superficie_fisica_ha":null,"superficie_riego_ha":null,"hectareas":1.585},"geometry":{"type":"Polygon","coordinates":[[[-105.176105,27.820696],[-105.176419,27.820792],[-105.176514,27.820792],[-105.176719,27.820816],[-105.176828,27.820816],[-105.177073,27.820803],[-105.177128,27.820791],[-105.177455,27.820791],[-105.177741,27.820754],[-105.1783,27.820705],[-105.178504,27.82068],[-105.178572,27.820705],[-105.178613,27.820777],[-105.178682,27.820874],[-105.178696,27.821032],[-105.178723,27.821201],[-105.17871,27.821347],[-105.178601,27.821468],[-105.178424,27.821505],[-105.178274,27.821517],[-105.178192,27.821529],[-105.178056,27.82159],[-105.17792,27.821602],[-105.17777,27.821602],[-105.177688,27.82159],[-105.177585,27.821543],[-105.177587,27.821445],[-105.177565,27.821336],[-105.177469,27.821276],[-105.177415,27.821239],[-105.177237,27.821215],[-105.177128,27.821203],[-105.176965,27.821276],[-105.176856,27.821276],[-105.176665,27.82118],[-105.176542,27.821095],[-105.176419,27.821034],[-105.176119,27.820938],[-105.176105,27.820696]]]}},{"type":"Feature","properties":{"modulo":1,"idparcela":"************","productor":null,"cultivo":"Sin Cultivo","superficie_fisica_ha":null,"superficie_riego_ha":null,"hectareas":1.008},"geometry":{"type":"Polygon","coordinates":[[[-105.177171,27.822197],[-105.176898,27.821894],[-105.17672,27.821543],[-105.176597,27.821301],[-105.176788,27.821446],[-105.176952,27.821531],[-105.177143,27.821627],[-105.177184,27.821688],[-105.177402,27.821736],[-105.177579,27.821784],[-105.177784,27.821784],[-105.178029,27.821747],[-105.178315,27.821626],[-105.178737,27.821528],[-105.178888,27.822098],[-105.177893,27.822135],[-105.177171,27.822197]]]}},{"type":"Feature","properties":{"modulo":1,"idparcela":"8490","productor":"TORRES N ANTONIO","cultivo":"Sin Cultivo","superficie_fisica_ha":5.8725,"superficie_riego_ha":5.8725,"hectareas":0.803},"geometry":{"type":"Polygon","coordinates":[[[-105.17915,27.829543],[-105.179959,27.829594],[-105.17996,27.829629],[-105.179961,27.829671],[-105.179968,27.82974],[-105.179972,27.829878],[-105.179987,27.829928],[-105.180039,27.830102],[-105.180068,27.830278],[-105.180075,27.830322],[-105.180066,27.830406],[-105.179998,27.830475],[-105.179872,27.83047],[-105.179745,27.830502],[-105.179457,27.830663],[-105.179415,27.830674],[-105.179366,27.830717],[-105.17938,27.830487],[-105.179364,27.830467],[-105.179292,27.830374],[-105.179312,27.830158],[-105.179238,27.829997],[-105.17915,27.829543]]]}},{"type":"Feature","properties":{"modulo":1,"idparcela":"8500","productor":"LOYA SALCIDO RAFAEL","cultivo":"Alfalfa","superficie_fisica_ha":3.5,"superficie_riego_ha":3.5,"hectareas":1.599},"geometry":{"type":"Polygon","coordinates":[[[-105.178282,27.829448],[-105.17915,27.829543],[-105.179238,27.829997],[-105.179312,27.830158],[-105.179292,27.830374],[-105.179364,27.830467],[-105.17938,27.830487],[-105.179366,27.830717],[-105.179262,27.830779],[-105.179212,27.830804],[-105.179085,27.830888],[-105.178997,27.830978],[-105.178923,27.831032],[-105.178809,27.831098],[-105.178661,27.831188],[-105.178527,27.831314],[-105.178413,27.83135],[-105.178282,27.829448]]]}},{"type":"Feature","properties":{"modulo":1,"idparcela":"8501","productor":"LOYA SALCIDO RAFAEL","cultivo":"Nogal (Nuez)","superficie_fisica_ha":2,"superficie_riego_ha":2,"hectareas":1.789},"geometry":{"type":"Polygon","coordinates":[[[-105.177488,27.829371],[-105.178147,27.82943],[-105.178282,27.829448],[-105.178413,27.83135],[-105.178271,27.831332],[-105.178184,27.831308],[-105.17811,27.831296],[-105.178029,27.831243],[-105.177941,27.831201],[-105.177901,27.831183],[-105.177773,27.831141],[-105.177672,27.831082],[-105.177564,27.83101],[-105.17745,27.830914],[-105.177389,27.830825],[-105.177328,27.830616],[-105.177335,27.830448],[-105.177341,27.830293],[-105.177428,27.830029],[-105.177455,27.829838],[-105.177488,27.829664],[-105.177488,27.829521],[-105.177488,27.829371]]]}},{"type":"Feature","properties":{"modulo":1,"idparcela":"8511","productor":"SALCIDO REY ANDRES G.","cultivo":"Alfalfa","superficie_fisica_ha":3.2051,"superficie_riego_ha":3.2051,"hectareas":0.518},"geometry":{"type":"Polygon","coordinates":[[[-105.178664,27.834522],[-105.178448,27.834484],[-105.178354,27.834438],[-105.178207,27.834392],[-105.178069,27.83437],[-105.177992,27.834324],[-105.177949,27.834247],[-105.17785,27.834099],[-105.177798,27.833915],[-105.177853,27.833748],[-105.177902,27.833627],[-105.177906,27.833528],[-105.177928,27.833484],[-105.178012,27.833277],[-105.178664,27.834522]]]}},{"type":"Feature","properties":{"modulo":1,"idparcela":"8512","productor":"SALCIDO ALCANTAR ENRIQUE","cultivo":"Alfalfa","superficie_fisica_ha":2.465,"superficie_riego_ha":2.465,"hectareas":2.526},"geometry":{"type":"Polygon","coordinates":[[[-105.178145,27.833428],[-105.179648,27.833162],[-105.17979,27.833548],[-105.179877,27.833755],[-105.179955,27.834115],[-105.180007,27.834229],[-105.180119,27.834313],[-105.180205,27.834382],[-105.180352,27.834489],[-105.180429,27.834604],[-105.180499,27.834841],[-105.180507,27.83491],[-105.180508,27.835002],[-105.180111,27.83491],[-105.179922,27.834888],[-105.17981,27.83485],[-105.179663,27.834766],[-105.179517,27.83472],[-105.179181,27.834628],[-105.178974,27.834606],[-105.178836,27.834591],[-105.178698,27.834522],[-105.178145,27.833428]]]}},{"type":"Feature","properties":{"modulo":1,"idparcela":"8515","productor":"LOYA SALCIDO RAFAEL","cultivo":"Nogal (Nuez)","superficie_fisica_ha":2.839,"superficie_riego_ha":2.5,"hectareas":0.815},"geometry":{"type":"Polygon","coordinates":[[[-105.180008,27.834119],[-105.180119,27.83413],[-105.180368,27.834129],[-105.180558,27.834121],[-105.180825,27.834098],[-105.180997,27.834106],[-105.181169,27.834113],[-105.181342,27.834235],[-105.18148,27.834381],[-105.18151,27.834666],[-105.181537,27.834785],[-105.180516,27.834772],[-105.180468,27.834603],[-105.18038,27.834462],[-105.18007,27.834234],[-105.180036,27.834186],[-105.180008,27.834119]]]}},{"type":"Feature","properties":{"modulo":1,"idparcela":"8516","productor":"VILLA NAGERA FRANCISCO","cultivo":"Nogal (Nuez)","superficie_fisica_ha":1.5,"superficie_riego_ha":1.5,"hectareas":0.602},"geometry":{"type":"Polygon","coordinates":[[[-105.182454,27.835175],[-105.18099,27.835223],[-105.180551,27.835002],[-105.180538,27.834854],[-105.180516,27.834772],[-105.181537,27.834785],[-105.181584,27.834878],[-105.181791,27.834954],[-105.181929,27.834992],[-105.182032,27.835],[-105.182454,27.835175]]]}},{"type":"Feature","properties":{"modulo":1,"idparcela":"8517","productor":"LOYA SALCIDO RAFAEL","cultivo":"Alfalfa","superficie_fisica_ha":1.5,"superficie_riego_ha":1.5,"hectareas":0.654},"geometry":{"type":"Polygon","coordinates":[[[-105.183049,27.835618],[-105.181594,27.835628],[-105.181525,27.835559],[-105.181395,27.835437],[-105.181249,27.83533],[-105.18099,27.835223],[-105.182454,27.835175],[-105.182653,27.835359],[-105.183049,27.835618]]]}},{"type":"Feature","properties":{"modulo":1,"idparcela":"8518","productor":"GUEVARA GONZALEZ EDMUNDO","cultivo":"Chile verde","superficie_fisica_ha":1,"superficie_riego_ha":1,"hectareas":1.039},"geometry":{"type":"Polygon","coordinates":[[[-105.181594,27.835628],[-105.183049,27.835618],[-105.183135,27.835687],[-105.183247,27.835779],[-105.183446,27.835932],[-105.183498,27.836077],[-105.183489,27.8362],[-105.183429,27.83623],[-105.183317,27.836238],[-105.183136,27.836269],[-105.183007,27.836307],[-105.182887,27.836384],[-105.18274,27.8364],[-105.182534,27.836408],[-105.182448,27.836354],[-105.182378,27.83627],[-105.182284,27.836163],[-105.182094,27.836041],[-105.181939,27.835926],[-105.181594,27.835628]]]}},{"type":"Feature","properties":{"modulo":1,"idparcela":"8515","productor":"LOYA SALCIDO RAFAEL","cultivo":"Nogal (Nuez)","superficie_fisica_ha":2.839,"superficie_riego_ha":2.5,"hectareas":1.736},"geometry":{"type":"Polygon","coordinates":[[[-105.183926,27.834752],[-105.181592,27.834763],[-105.181566,27.834702],[-105.181575,27.834572],[-105.181574,27.834396],[-105.181514,27.834319],[-105.181417,27.834224],[-105.181285,27.834086],[-105.18358,27.834018],[-105.183926,27.834752]]]}},{"type":"Feature","properties":{"modulo":1,"idparcela":"8518","productor":"GUEVARA GONZALEZ EDMUNDO","cultivo":"Chile verde","superficie_fisica_ha":1,"superficie_riego_ha":1,"hectareas":0.645},"geometry":{"type":"Polygon","coordinates":[[[-105.183213,27.83558],[-105.184298,27.83551],[-105.184531,27.83603],[-105.184454,27.83603],[-105.184385,27.836045],[-105.18429,27.836076],[-105.184118,27.836107],[-105.183946,27.836184],[-105.183756,27.836215],[-105.18355,27.836284],[-105.18355,27.8362],[-105.183558,27.836131],[-105.183558,27.836024],[-105.183532,27.835939],[-105.183472,27.83584],[-105.183463,27.835756],[-105.183377,27.835695],[-105.183333,27.835649],[-105.183213,27.83558]]]}},{"type":"Feature","properties":{"modulo":1,"idparcela":"8517","productor":"LOYA SALCIDO RAFAEL","cultivo":"Alfalfa","superficie_fisica_ha":1.5,"superficie_riego_ha":1.5,"hectareas":0.607},"geometry":{"type":"Polygon","coordinates":[[[-105.184289,27.835502],[-105.183195,27.835557],[-105.183187,27.835534],[-105.183092,27.835496],[-105.183057,27.835458],[-105.18298,27.835412],[-105.182885,27.835389],[-105.182816,27.835343],[-105.182764,27.83529],[-105.182652,27.835236],[-105.182523,27.83516],[-105.184099,27.835097],[-105.184289,27.835502]]]}},{"type":"Feature","properties":{"modulo":1,"idparcela":"8516","productor":"VILLA NAGERA FRANCISCO","cultivo":"Nogal (Nuez)","superficie_fisica_ha":1.5,"superficie_riego_ha":1.5,"hectareas":0.793},"geometry":{"type":"Polygon","coordinates":[[[-105.183926,27.834752],[-105.184099,27.835097],[-105.182764,27.83515],[-105.182523,27.83516],[-105.182471,27.835083],[-105.182428,27.835068],[-105.182333,27.835053],[-105.182282,27.835022],[-105.182213,27.834992],[-105.182127,27.834954],[-105.182058,27.834931],[-105.181963,27.834923],[-105.181868,27.834885],[-105.181759,27.834853],[-105.181675,27.834818],[-105.181592,27.834763],[-105.183926,27.834752]]]}},{"type":"Feature","properties":{"modulo":1,"idparcela":"************","productor":null,"cultivo":"Sin Cultivo","superficie_fisica_ha":null,"superficie_riego_ha":null,"hectareas":0.786},"geometry":{"type":"Polygon","coordinates":[[[-105.185666,27.834773],[-105.186294,27.83478],[-105.186363,27.834787],[-105.186381,27.834856],[-105.186424,27.834933],[-105.186424,27.835063],[-105.186364,27.835201],[-105.186304,27.835346],[-105.186218,27.835507],[-105.186141,27.835622],[-105.18596,27.835714],[-105.185814,27.835745],[-105.185607,27.835822],[-105.185444,27.835891],[-105.185666,27.834773]]]}},{"type":"Feature","properties":{"modulo":1,"idparcela":"8524","productor":"ORTEGA MELENDEZ OCTAVIO I","cultivo":"Nogal (Nuez)","superficie_fisica_ha":1.4138,"superficie_riego_ha":1.2,"hectareas":1.619},"geometry":{"type":"Polygon","coordinates":[[[-105.185666,27.834773],[-105.185444,27.835891],[-105.185349,27.835883],[-105.185306,27.835891],[-105.185263,27.835914],[-105.185125,27.83593],[-105.185013,27.83593],[-105.184901,27.835968],[-105.184764,27.836007],[-105.184572,27.836026],[-105.184343,27.835508],[-105.184004,27.834792],[-105.185666,27.834773]]]}},{"type":"Feature","properties":{"modulo":1,"idparcela":"8523","productor":"BURROLA DELGADO MA. DEL SOCORRO","cultivo":"Nogal (Nuez)","superficie_fisica_ha":3.96,"superficie_riego_ha":3.96,"hectareas":2.575},"geometry":{"type":"Polygon","coordinates":[[[-105.183477,27.833697],[-105.185517,27.833671],[-105.185569,27.833747],[-105.185578,27.833786],[-105.185638,27.833847],[-105.185733,27.833931],[-105.185802,27.834023],[-105.185897,27.834145],[-105.186001,27.834237],[-105.186053,27.834336],[-105.186129,27.834445],[-105.186188,27.834535],[-105.186286,27.83465],[-105.186355,27.834741],[-105.183969,27.834752],[-105.183477,27.833697]]]}},{"type":"Feature","properties":{"modulo":1,"idparcela":"8514","productor":"ORTEGA N ROGELIA","cultivo":"Nogal (Nuez)","superficie_fisica_ha":3.2475,"superficie_riego_ha":3.2475,"hectareas":2.559},"geometry":{"type":"Polygon","coordinates":[[[-105.179954,27.833341],[-105.18091,27.833325],[-105.180944,27.83334],[-105.183209,27.833307],[-105.18358,27.834018],[-105.181285,27.834086],[-105.181219,27.834018],[-105.18114,27.833991],[-105.180993,27.83399],[-105.180818,27.833989],[-105.180634,27.833989],[-105.180465,27.834],[-105.180391,27.834006],[-105.180244,27.834004],[-105.180157,27.834002],[-105.180153,27.833915],[-105.180135,27.833778],[-105.180057,27.833625],[-105.179954,27.833341]]]}},{"type":"Feature","properties":{"modulo":1,"idparcela":"8497","productor":"LOYA SALCIDO RAFAEL","cultivo":"Alfalfa","superficie_fisica_ha":5.1395,"superficie_riego_ha":5.1395,"hectareas":4.168},"geometry":{"type":"Polygon","coordinates":[[[-105.18028,27.831633],[-105.182457,27.831601],[-105.183209,27.833307],[-105.180944,27.83334],[-105.18091,27.833325],[-105.18028,27.831633]]]}},{"type":"Feature","properties":{"modulo":1,"idparcela":"8496","productor":"GUEVARA GONZALEZ EDMUNDO","cultivo":"Ma­z","superficie_fisica_ha":3.8625,"superficie_riego_ha":3.8625,"hectareas":3.963},"geometry":{"type":"Polygon","coordinates":[[[-105.18244,27.831578],[-105.18033,27.83158],[-105.179915,27.830517],[-105.180026,27.830509],[-105.18013,27.83041],[-105.180129,27.830295],[-105.180095,27.83008],[-105.180025,27.829866],[-105.180025,27.829606],[-105.181498,27.829711],[-105.18161,27.829749],[-105.18244,27.831578]]]}},{"type":"Feature","properties":{"modulo":1,"idparcela":"8499","productor":"LOYA SALCIDO ANTONIO","cultivo":"Ma­z","superficie_fisica_ha":3.1632,"superficie_riego_ha":3.1632,"hectareas":2.564},"geometry":{"type":"Polygon","coordinates":[[[-105.179954,27.833341],[-105.179885,27.833188],[-105.179893,27.833127],[-105.179807,27.833013],[-105.179746,27.832967],[-105.179738,27.832905],[-105.179737,27.832775],[-105.179737,27.832714],[-105.179685,27.832553],[-105.179651,27.832431],[-105.179607,27.832247],[-105.179607,27.832148],[-105.17959,27.832048],[-105.179495,27.831964],[-105.179452,27.831857],[-105.179452,27.831727],[-105.179408,27.831635],[-105.179391,27.831528],[-105.179391,27.831474],[-105.179417,27.831398],[-105.179416,27.831314],[-105.179399,27.831252],[-105.179365,27.831214],[-105.17933,27.831191],[-105.179287,27.831161],[-105.179278,27.831084],[-105.179218,27.831008],[-105.179218,27.830947],[-105.179218,27.830855],[-105.179261,27.830824],[-105.179415,27.830724],[-105.179768,27.830532],[-105.17988,27.830509],[-105.18028,27.831633],[-105.18091,27.833325],[-105.179954,27.833341]]]}},{"type":"Feature","properties":{"modulo":1,"idparcela":"8495","productor":"GUEVARA N LEOPOLDO","cultivo":"Sin Cultivo","superficie_fisica_ha":2,"superficie_riego_ha":2,"hectareas":1.763},"geometry":{"type":"Polygon","coordinates":[[[-105.183811,27.832582],[-105.183769,27.832563],[-105.183413,27.831592],[-105.18498,27.831605],[-105.185092,27.831788],[-105.185153,27.831903],[-105.185213,27.831995],[-105.185282,27.832071],[-105.185308,27.832186],[-105.185326,27.832286],[-105.185317,27.832393],[-105.185309,27.832515],[-105.1853,27.8326],[-105.185295,27.832618],[-105.183811,27.832582]]]}},{"type":"Feature","properties":{"modulo":1,"idparcela":"8520","productor":"MARQUEZ ORTEGA JUAN","cultivo":"Alfalfa","superficie_fisica_ha":3.5,"superficie_riego_ha":3.5,"hectareas":0.841},"geometry":{"type":"Polygon","coordinates":[[[-105.183114,27.832955],[-105.182949,27.832603],[-105.1853,27.832645],[-105.185292,27.832691],[-105.185292,27.832745],[-105.185292,27.832806],[-105.185352,27.83286],[-105.185327,27.832975],[-105.183114,27.832955]]]}},{"type":"Feature","properties":{"modulo":1,"idparcela":"8521","productor":"LOYA SALCIDO MANUEL","cultivo":"Nogal (Nuez)","superficie_fisica_ha":1.5,"superficie_riego_ha":1.5,"hectareas":0.922},"geometry":{"type":"Polygon","coordinates":[[[-105.183114,27.832955],[-105.185327,27.832975],[-105.185361,27.83302],[-105.185396,27.833066],[-105.185387,27.833143],[-105.185388,27.833219],[-105.185405,27.833357],[-105.183295,27.833352],[-105.183114,27.832955]]]}},{"type":"Feature","properties":{"modulo":1,"idparcela":"8522","productor":"PORTILLO CAMACHO RAFAEL","cultivo":"Sin Cultivo","superficie_fisica_ha":1.5,"superficie_riego_ha":1.5,"hectareas":0.737},"geometry":{"type":"Polygon","coordinates":[[[-105.183295,27.833352],[-105.185405,27.833357],[-105.185405,27.833388],[-105.185405,27.833411],[-105.185405,27.833464],[-105.185448,27.833541],[-105.185517,27.833671],[-105.183477,27.833697],[-105.183295,27.833352]]]}},{"type":"Feature","properties":{"modulo":1,"idparcela":"8495","productor":"GUEVARA N LEOPOLDO","cultivo":"Sin Cultivo","superficie_fisica_ha":2,"superficie_riego_ha":2,"hectareas":0.888},"geometry":{"type":"Polygon","coordinates":[[[-105.18296,27.832566],[-105.1825,27.831593],[-105.183378,27.831584],[-105.183742,27.832586],[-105.18296,27.832566]]]}},{"type":"Feature","properties":{"modulo":1,"idparcela":"8494","productor":"VILLASE¥OR NIETO LUIS C.","cultivo":"Nogal (Nuez)","superficie_fisica_ha":3,"superficie_riego_ha":3,"hectareas":2.139},"geometry":{"type":"Polygon","coordinates":[[[-105.182999,27.830496],[-105.185375,27.830648],[-105.185349,27.830701],[-105.18534,27.830793],[-105.185297,27.83087],[-105.185203,27.831031],[-105.1851,27.83113],[-105.184988,27.831253],[-105.184911,27.831352],[-105.184928,27.831444],[-105.18498,27.831605],[-105.183413,27.831592],[-105.182999,27.830496]]]}},{"type":"Feature","properties":{"modulo":1,"idparcela":"8494","productor":"VILLASE¥OR NIETO LUIS C.","cultivo":"Nogal (Nuez)","superficie_fisica_ha":3,"superficie_riego_ha":3,"hectareas":1.104},"geometry":{"type":"Polygon","coordinates":[[[-105.1825,27.831593],[-105.181973,27.830445],[-105.182972,27.830528],[-105.183378,27.831584],[-105.1825,27.831593]]]}},{"type":"Feature","properties":{"modulo":1,"idparcela":"************","productor":null,"cultivo":"Sin Cultivo","superficie_fisica_ha":null,"superficie_riego_ha":null,"hectareas":2.513},"geometry":{"type":"Polygon","coordinates":[[[-105.181969,27.830409],[-105.181627,27.829719],[-105.185003,27.829944],[-105.185081,27.830074],[-105.185115,27.830196],[-105.185254,27.83038],[-105.185374,27.830556],[-105.185375,27.830648],[-105.182999,27.830496],[-105.181969,27.830409]]]}},{"type":"Feature","properties":{"modulo":1,"idparcela":"8472","productor":"ORTEGA MU¥OZ JAIME","cultivo":"Alfalfa","superficie_fisica_ha":11.2375,"superficie_riego_ha":11.2375,"hectareas":9.484},"geometry":{"type":"Polygon","coordinates":[[[-105.179315,27.827111],[-105.181545,27.827262],[-105.181614,27.827307],[-105.181683,27.827361],[-105.181804,27.827407],[-105.182028,27.827406],[-105.182613,27.827436],[-105.18288,27.827451],[-105.183001,27.827512],[-105.18313,27.827627],[-105.183363,27.827918],[-105.184037,27.828812],[-105.185003,27.829944],[-105.181601,27.829673],[-105.181188,27.829635],[-105.179315,27.827111]]]}},{"type":"Feature","properties":{"modulo":1,"idparcela":"8487","productor":"MARQUEZ MENDOZA ADALBERTO","cultivo":"Nogal (Nuez)","superficie_fisica_ha":2.4375,"superficie_riego_ha":2.4375,"hectareas":2.422},"geometry":{"type":"Polygon","coordinates":[[[-105.178239,27.829389],[-105.176481,27.826947],[-105.177429,27.826999],[-105.179207,27.829477],[-105.178239,27.829389]]]}},{"type":"Feature","properties":{"modulo":1,"idparcela":"8486","productor":"TORRES TORRES JOSE RAMON","cultivo":"Otros Cultivos Varios","superficie_fisica_ha":2.5054,"superficie_riego_ha":2.5054,"hectareas":2.473},"geometry":{"type":"Polygon","coordinates":[[[-105.176481,27.826947],[-105.178239,27.829389],[-105.177264,27.829302],[-105.177167,27.829249],[-105.175635,27.82704],[-105.17559,27.826971],[-105.175576,27.826917],[-105.175646,27.826902],[-105.176481,27.826947]]]}},{"type":"Feature","properties":{"modulo":1,"idparcela":"8488","productor":"LOYA SANTANA JOSE A.","cultivo":"Otros Cultivos Varios","superficie_fisica_ha":2.9,"superficie_riego_ha":2.9,"hectareas":3.288},"geometry":{"type":"Polygon","coordinates":[[[-105.177429,27.826999],[-105.178617,27.827043],[-105.180544,27.829588],[-105.179207,27.829477],[-105.177429,27.826999]]]}},{"type":"Feature","properties":{"modulo":1,"idparcela":"8489","productor":"RAMIREZ CHACON JULIA HAYDEE","cultivo":"Nogal (Nuez)","superficie_fisica_ha":1.5725,"superficie_riego_ha":1.5725,"hectareas":1.727},"geometry":{"type":"Polygon","coordinates":[[[-105.178617,27.827043],[-105.179315,27.827111],[-105.181188,27.829635],[-105.180544,27.829588],[-105.178617,27.827043]]]}},{"type":"Feature","properties":{"modulo":1,"idparcela":"8471","productor":"TORRES SALAS ANTONIO","cultivo":"Nogal (Nuez)","superficie_fisica_ha":9,"superficie_riego_ha":9,"hectareas":4.422},"geometry":{"type":"Polygon","coordinates":[[[-105.184783,27.82741],[-105.184904,27.827479],[-105.18499,27.827479],[-105.185041,27.827503],[-105.185074,27.827541],[-105.185092,27.827641],[-105.18511,27.827672],[-105.185595,27.828381],[-105.186203,27.829357],[-105.186228,27.829457],[-105.186191,27.829514],[-105.186156,27.829529],[-105.186105,27.829636],[-105.186122,27.829674],[-105.186079,27.829751],[-105.186044,27.829764],[-105.186063,27.829839],[-105.186089,27.829911],[-105.18604,27.829953],[-105.186037,27.830027],[-105.185141,27.829997],[-105.185114,27.829917],[-105.185059,27.829814],[-105.184951,27.829653],[-105.184683,27.829385],[-105.18445,27.82908],[-105.183329,27.827634],[-105.183197,27.827395],[-105.183276,27.827351],[-105.183604,27.827351],[-105.184783,27.82741]]]}},{"type":"Feature","properties":{"modulo":1,"idparcela":"8471","productor":"TORRES SALAS ANTONIO","cultivo":"Nogal (Nuez)","superficie_fisica_ha":9,"superficie_riego_ha":9,"hectareas":1.283},"geometry":{"type":"Polygon","coordinates":[[[-105.186144,27.83002],[-105.18614,27.829849],[-105.186154,27.829798],[-105.18617,27.829746],[-105.18621,27.829645],[-105.18625,27.829563],[-105.186285,27.829483],[-105.186295,27.829444],[-105.186251,27.829322],[-105.185146,27.827647],[-105.185137,27.82754],[-105.185068,27.827464],[-105.185111,27.827464],[-105.18524,27.827456],[-105.185378,27.827448],[-105.185567,27.827425],[-105.185765,27.827417],[-105.186726,27.830056],[-105.186144,27.83002]]]}},{"type":"Feature","properties":{"modulo":1,"idparcela":"************","productor":null,"cultivo":"Sin Cultivo","superficie_fisica_ha":null,"superficie_riego_ha":null,"hectareas":0.361},"geometry":{"type":"Polygon","coordinates":[[[-105.186942,27.830668],[-105.186356,27.830646],[-105.18633,27.830623],[-105.18633,27.83057],[-105.18633,27.830493],[-105.18627,27.830424],[-105.186231,27.83035],[-105.186192,27.830269],[-105.186178,27.830081],[-105.186751,27.830102],[-105.186942,27.830668]]]}},{"type":"Feature","properties":{"modulo":1,"idparcela":"43","productor":"ORTEGA LARA ANTONIO","cultivo":"Alfalfa","superficie_fisica_ha":1.572,"superficie_riego_ha":1.572,"hectareas":2.45},"geometry":{"type":"Polygon","coordinates":[[[-105.188108,27.832718],[-105.186842,27.832674],[-105.186704,27.832521],[-105.18654,27.83233],[-105.186403,27.832167],[-105.18632,27.831971],[-105.186341,27.831726],[-105.186289,27.831297],[-105.186297,27.831174],[-105.186365,27.830884],[-105.186365,27.830753],[-105.186356,27.830646],[-105.186942,27.830668],[-105.188108,27.832718]]]}},{"type":"Feature","properties":{"modulo":1,"idparcela":"************","productor":null,"cultivo":"Sin Cultivo","superficie_fisica_ha":null,"superficie_riego_ha":null,"hectareas":1.361},"geometry":{"type":"Polygon","coordinates":[[[-105.186196,27.832606],[-105.185807,27.83152],[-105.185864,27.831429],[-105.185936,27.83142],[-105.18597,27.83145],[-105.186004,27.831236],[-105.185892,27.831229],[-105.185884,27.831152],[-105.185772,27.831137],[-105.185616,27.830915],[-105.185513,27.830739],[-105.185512,27.830571],[-105.185391,27.830456],[-105.185245,27.830196],[-105.18515,27.830081],[-105.185143,27.830028],[-105.186081,27.830063],[-105.186099,27.830226],[-105.186143,27.830331],[-105.186245,27.830553],[-105.186253,27.830815],[-105.186253,27.83096],[-105.18622,27.831187],[-105.186188,27.831388],[-105.186168,27.831534],[-105.186181,27.831674],[-105.186186,27.831853],[-105.186251,27.832056],[-105.186304,27.832153],[-105.186381,27.832311],[-105.186463,27.832399],[-105.186532,27.832475],[-105.186558,27.832521],[-105.186592,27.832575],[-105.186609,27.832598],[-105.186618,27.832651],[-105.186196,27.832606]]]}},{"type":"Feature","properties":{"modulo":1,"idparcela":"44","productor":"VILLASE¥OR NIETO LUIS C.","cultivo":"Nogal (Nuez)","superficie_fisica_ha":1.606,"superficie_riego_ha":1.606,"hectareas":0.831},"geometry":{"type":"Polygon","coordinates":[[[-105.187683,27.833502],[-105.187412,27.833479],[-105.187195,27.83343],[-105.18711,27.833367],[-105.187067,27.833294],[-105.187038,27.833241],[-105.186972,27.833133],[-105.186885,27.832975],[-105.186834,27.83285],[-105.186842,27.832674],[-105.188108,27.832718],[-105.188186,27.832848],[-105.188083,27.832948],[-105.187988,27.833017],[-105.187893,27.833132],[-105.187782,27.833331],[-105.187683,27.833502]]]}},{"type":"Feature","properties":{"modulo":1,"idparcela":"8522","productor":"PORTILLO CAMACHO RAFAEL","cultivo":"Sin Cultivo","superficie_fisica_ha":1.5,"superficie_riego_ha":1.5,"hectareas":0.409},"geometry":{"type":"Polygon","coordinates":[[[-105.185716,27.833686],[-105.185638,27.833632],[-105.185578,27.833579],[-105.18556,27.833541],[-105.185552,27.833464],[-105.185508,27.833349],[-105.186654,27.833348],[-105.186757,27.833516],[-105.186775,27.833639],[-105.186732,27.833646],[-105.18668,27.833646],[-105.18656,27.83367],[-105.186413,27.83367],[-105.186224,27.833678],[-105.185871,27.833678],[-105.185716,27.833686]]]}},{"type":"Feature","properties":{"modulo":1,"idparcela":"8521","productor":"LOYA SALCIDO MANUEL","cultivo":"Nogal (Nuez)","superficie_fisica_ha":1.5,"superficie_riego_ha":1.5,"hectareas":0.453},"geometry":{"type":"Polygon","coordinates":[[[-105.185473,27.832951],[-105.186481,27.832958],[-105.186498,27.83305],[-105.186498,27.833096],[-105.186567,27.83321],[-105.186654,27.833348],[-105.185508,27.833349],[-105.185508,27.833258],[-105.185499,27.833212],[-105.185474,27.83315],[-105.185473,27.833066],[-105.185473,27.832951]]]}},{"type":"Feature","properties":{"modulo":1,"idparcela":"8520","productor":"MARQUEZ ORTEGA JUAN","cultivo":"Alfalfa","superficie_fisica_ha":3.5,"superficie_riego_ha":3.5,"hectareas":0.325},"geometry":{"type":"Polygon","coordinates":[[[-105.186463,27.832843],[-105.186481,27.832958],[-105.185473,27.832951],[-105.185482,27.832936],[-105.185482,27.832883],[-105.18549,27.832837],[-105.18549,27.832783],[-105.18549,27.832691],[-105.185438,27.832615],[-105.186368,27.832667],[-105.186394,27.832698],[-105.186437,27.832751],[-105.186463,27.832843]]]}},{"type":"Feature","properties":{"modulo":1,"idparcela":"8495","productor":"GUEVARA N LEOPOLDO","cultivo":"Sin Cultivo","superficie_fisica_ha":2,"superficie_riego_ha":2,"hectareas":0.731},"geometry":{"type":"Polygon","coordinates":[[[-105.185438,27.832584],[-105.185429,27.832316],[-105.18542,27.832224],[-105.185377,27.832133],[-105.185325,27.832002],[-105.185239,27.831888],[-105.185153,27.831758],[-105.185084,27.831681],[-105.18504,27.831597],[-105.185798,27.831588],[-105.18617,27.832621],[-105.185438,27.832584]]]}},{"type":"Feature","properties":{"modulo":1,"idparcela":"8494","productor":"VILLASE¥OR NIETO LUIS C.","cultivo":"Nogal (Nuez)","superficie_fisica_ha":3,"superficie_riego_ha":3,"hectareas":0.473},"geometry":{"type":"Polygon","coordinates":[[[-105.185032,27.831551],[-105.185006,27.831444],[-105.185014,27.831352],[-105.185074,27.831268],[-105.185152,27.831184],[-105.185255,27.831092],[-105.185315,27.831023],[-105.185375,27.830908],[-105.185401,27.830847],[-105.185409,27.830831],[-105.185521,27.830823],[-105.185746,27.831168],[-105.18584,27.831175],[-105.185875,27.831259],[-105.185953,27.831259],[-105.185936,27.83142],[-105.185815,27.831435],[-105.185764,27.831504],[-105.185789,27.831566],[-105.185049,27.831567],[-105.185032,27.831551]]]}},{"type":"Feature","properties":{"modulo":1,"idparcela":"8526","productor":"MACIAS OPORTO SALVADOR","cultivo":"Nogal (Nuez)","superficie_fisica_ha":0.5849,"superficie_riego_ha":0.5849,"hectareas":1.096},"geometry":{"type":"Polygon","coordinates":[[[-105.186202,27.836296],[-105.186193,27.836097],[-105.186193,27.835867],[-105.186201,27.83576],[-105.186373,27.835629],[-105.18776,27.83552],[-105.187803,27.835666],[-105.187941,27.835757],[-105.188019,27.836033],[-105.186202,27.836296]]]}},{"type":"Feature","properties":{"modulo":1,"idparcela":"8525","productor":"ORTEGA MELENDEZ OCTAVIO","cultivo":"Nogal (Nuez)","superficie_fisica_ha":1,"superficie_riego_ha":1,"hectareas":0.998},"geometry":{"type":"Polygon","coordinates":[[[-105.186493,27.834802],[-105.187552,27.834755],[-105.187604,27.834962],[-105.18769,27.835207],[-105.18769,27.835268],[-105.187691,27.835321],[-105.187725,27.835367],[-105.187742,27.835451],[-105.18776,27.835497],[-105.186365,27.835599],[-105.186502,27.83517],[-105.186493,27.834802]]]}},{"type":"Feature","properties":{"modulo":1,"idparcela":"8524","productor":"ORTEGA MELENDEZ OCTAVIO I","cultivo":"Nogal (Nuez)","superficie_fisica_ha":1.4138,"superficie_riego_ha":1.2,"hectareas":0.547},"geometry":{"type":"Polygon","coordinates":[[[-105.188977,27.834622],[-105.18778,27.83468],[-105.18775,27.834648],[-105.18775,27.834579],[-105.187767,27.834502],[-105.187766,27.83438],[-105.187878,27.834211],[-105.187973,27.834119],[-105.188085,27.834073],[-105.188326,27.834119],[-105.188541,27.834241],[-105.188739,27.834302],[-105.188834,27.834447],[-105.188977,27.834622]],[[-105.188982,27.834622],[-105.18899,27.834638],[-105.188977,27.834622],[-105.188982,27.834622]]]}},{"type":"Feature","properties":{"modulo":1,"idparcela":"8524","productor":"ORTEGA MELENDEZ OCTAVIO I","cultivo":"Nogal (Nuez)","superficie_fisica_ha":1.4138,"superficie_riego_ha":1.2,"hectareas":1.121},"geometry":{"type":"Polygon","coordinates":[[[-105.185785,27.833755],[-105.186207,27.833731],[-105.186327,27.833731],[-105.186422,27.833739],[-105.186586,27.833761],[-105.186654,27.833777],[-105.186732,27.833792],[-105.186827,27.833769],[-105.186887,27.833715],[-105.186947,27.833715],[-105.186982,27.833799],[-105.186982,27.83396],[-105.187043,27.834098],[-105.187198,27.834335],[-105.187336,27.834488],[-105.187414,27.834549],[-105.187517,27.834663],[-105.187556,27.834707],[-105.186495,27.834745],[-105.186484,27.834695],[-105.186346,27.834535],[-105.186225,27.834367],[-105.186173,27.83429],[-105.186087,27.834214],[-105.186026,27.83413],[-105.186,27.834084],[-105.185905,27.833938],[-105.185785,27.833755]]]}},{"type":"Feature","properties":{"modulo":1,"idparcela":"8525","productor":"ORTEGA MELENDEZ OCTAVIO","cultivo":"Nogal (Nuez)","superficie_fisica_ha":1,"superficie_riego_ha":1,"hectareas":1.086},"geometry":{"type":"Polygon","coordinates":[[[-105.189016,27.834669],[-105.189327,27.835197],[-105.189385,27.835365],[-105.188018,27.835489],[-105.187932,27.835298],[-105.187906,27.83516],[-105.187845,27.835023],[-105.187767,27.8349],[-105.187767,27.834808],[-105.187758,27.83474],[-105.189016,27.834669]]]}},{"type":"Feature","properties":{"modulo":1,"idparcela":"8526","productor":"MACIAS OPORTO SALVADOR","cultivo":"Nogal (Nuez)","superficie_fisica_ha":0.5849,"superficie_riego_ha":0.5849,"hectareas":0.644},"geometry":{"type":"Polygon","coordinates":[[[-105.188252,27.836032],[-105.188199,27.835795],[-105.188173,27.835703],[-105.188173,27.835642],[-105.188079,27.835596],[-105.188027,27.835528],[-105.189379,27.835411],[-105.189379,27.835449],[-105.189379,27.835564],[-105.189457,27.835702],[-105.189422,27.835778],[-105.189216,27.835886],[-105.188252,27.836032]]]}},{"type":"Feature","properties":{"modulo":1,"idparcela":"44","productor":"VILLASE¥OR NIETO LUIS C.","cultivo":"Nogal (Nuez)","superficie_fisica_ha":1.606,"superficie_riego_ha":1.606,"hectareas":0.766},"geometry":{"type":"Polygon","coordinates":[[[-105.188264,27.832994],[-105.188427,27.833139],[-105.188583,27.833345],[-105.188652,27.833483],[-105.188712,27.833613],[-105.188799,27.833781],[-105.188816,27.83395],[-105.18892,27.834118],[-105.18898,27.834202],[-105.189075,27.834347],[-105.189103,27.834422],[-105.189128,27.834482],[-105.189147,27.834539],[-105.189096,27.834512],[-105.189021,27.834452],[-105.188946,27.834404],[-105.188895,27.834363],[-105.188808,27.834294],[-105.18867,27.834181],[-105.188438,27.834011],[-105.188248,27.833859],[-105.187836,27.833552],[-105.187894,27.8334],[-105.187963,27.83327],[-105.188023,27.833155],[-105.188152,27.833086],[-105.188264,27.832994]]]}},{"type":"Feature","properties":{"modulo":1,"idparcela":"************","productor":null,"cultivo":"Sin Cultivo","superficie_fisica_ha":null,"superficie_riego_ha":null,"hectareas":1.775},"geometry":{"type":"Polygon","coordinates":[[[-105.191511,27.836657],[-105.191292,27.836434],[-105.190801,27.835952],[-105.190318,27.835578],[-105.189723,27.835181],[-105.189447,27.834936],[-105.189265,27.834615],[-105.189179,27.834408],[-105.188989,27.834125],[-105.188894,27.833934],[-105.18885,27.833728],[-105.188773,27.833506],[-105.188617,27.833307],[-105.188427,27.833062],[-105.188308,27.832922],[-105.188398,27.832863],[-105.188471,27.832829],[-105.188531,27.832873],[-105.189863,27.834497],[-105.190062,27.834721],[-105.190189,27.834878],[-105.190696,27.835493],[-105.191085,27.835963],[-105.191261,27.836225],[-105.191391,27.836439],[-105.191511,27.836657]]]}},{"type":"Feature","properties":{"modulo":1,"idparcela":"31","productor":"RUBIO SANCHEZ JAIME","cultivo":"Sin Cultivo","superficie_fisica_ha":5,"superficie_riego_ha":5,"hectareas":3.986},"geometry":{"type":"Polygon","coordinates":[[[-105.188734,27.832616],[-105.188922,27.832532],[-105.189047,27.832448],[-105.189267,27.832336],[-105.189486,27.832224],[-105.189675,27.832056],[-105.189847,27.831917],[-105.189972,27.831763],[-105.190082,27.831581],[-105.190129,27.8314],[-105.190222,27.831149],[-105.190348,27.831009],[-105.190994,27.832613],[-105.191215,27.833282],[-105.189945,27.834135],[-105.188734,27.832616]]]}},{"type":"Feature","properties":{"modulo":1,"idparcela":"************","productor":null,"cultivo":"Sin Cultivo","superficie_fisica_ha":null,"superficie_riego_ha":null,"hectareas":1.971},"geometry":{"type":"Polygon","coordinates":[[[-105.189992,27.834163],[-105.191278,27.83331],[-105.191498,27.833728],[-105.192128,27.83469],[-105.190574,27.834859],[-105.189992,27.834163]]]}},{"type":"Feature","properties":{"modulo":1,"idparcela":"35","productor":"SANTANA SOTO HUMBERTO","cultivo":"Alfalfa","superficie_fisica_ha":0.944,"superficie_riego_ha":0.944,"hectareas":3.35},"geometry":{"type":"Polygon","coordinates":[[[-105.193812,27.837017],[-105.193009,27.835693],[-105.19368,27.835569],[-105.194436,27.835129],[-105.19453,27.835221],[-105.194694,27.835165],[-105.194877,27.835108],[-105.194939,27.835201],[-105.195069,27.835451],[-105.195132,27.835564],[-105.195422,27.836535],[-105.195436,27.836631],[-105.195318,27.836667],[-105.195175,27.836756],[-105.194985,27.836854],[-105.194923,27.836961],[-105.194894,27.837256],[-105.194879,27.837295],[-105.194722,27.837267],[-105.194644,27.837184],[-105.194596,27.837044],[-105.194486,27.836919],[-105.194251,27.836933],[-105.193812,27.837017]]]}},{"type":"Feature","properties":{"modulo":1,"idparcela":"************","productor":null,"cultivo":"Sin Cultivo","superficie_fisica_ha":null,"superficie_riego_ha":null,"hectareas":2.75},"geometry":{"type":"Polygon","coordinates":[[[-105.193772,27.83428],[-105.192379,27.834745],[-105.19145,27.833114],[-105.191979,27.832772],[-105.19212,27.832888],[-105.192199,27.832951],[-105.192325,27.833002],[-105.19247,27.833029],[-105.192659,27.833043],[-105.192878,27.833042],[-105.193035,27.833042],[-105.193217,27.833046],[-105.193222,27.833078],[-105.193246,27.833266],[-105.193256,27.833419],[-105.193288,27.83351],[-105.193361,27.83366],[-105.193442,27.83378],[-105.1935,27.833906],[-105.1936,27.834039],[-105.193629,27.834079],[-105.193772,27.83428]]]}},{"type":"Feature","properties":{"modulo":1,"idparcela":"31","productor":"RUBIO SANCHEZ JAIME","cultivo":"Sin Cultivo","superficie_fisica_ha":5,"superficie_riego_ha":5,"hectareas":2.486},"geometry":{"type":"Polygon","coordinates":[[[-105.193302,27.832972],[-105.192925,27.832987],[-105.19258,27.832987],[-105.192407,27.832959],[-105.192253,27.832881],[-105.192089,27.83277],[-105.191999,27.832639],[-105.191936,27.832555],[-105.191875,27.83248],[-105.191803,27.832359],[-105.191755,27.832266],[-105.191721,27.832181],[-105.191677,27.8321],[-105.191598,27.831881],[-105.191582,27.831796],[-105.191589,27.831698],[-105.191615,27.831615],[-105.19164,27.831533],[-105.191752,27.831429],[-105.191943,27.831331],[-105.192253,27.831256],[-105.192466,27.831296],[-105.192624,27.831313],[-105.192789,27.831355],[-105.19295,27.831372],[-105.193167,27.831401],[-105.193268,27.831451],[-105.193205,27.831619],[-105.193159,27.831828],[-105.193159,27.832038],[-105.193159,27.832233],[-105.193223,27.832651],[-105.193255,27.832875],[-105.193302,27.832972]]]}},{"type":"Feature","properties":{"modulo":1,"idparcela":"31","productor":"RUBIO SANCHEZ JAIME","cultivo":"Sin Cultivo","superficie_fisica_ha":5,"superficie_riego_ha":5,"hectareas":1.884},"geometry":{"type":"Polygon","coordinates":[[[-105.190536,27.831065],[-105.190818,27.830925],[-105.190991,27.830743],[-105.191414,27.830436],[-105.1919,27.830002],[-105.19212,27.830044],[-105.192355,27.830113],[-105.192371,27.830253],[-105.192199,27.830337],[-105.192105,27.830462],[-105.192074,27.83063],[-105.192074,27.830783],[-105.1922,27.830867],[-105.19231,27.83095],[-105.192545,27.830964],[-105.192686,27.830964],[-105.192828,27.83102],[-105.192985,27.831089],[-105.193063,27.831173],[-105.193126,27.831298],[-105.193126,27.831326],[-105.192533,27.831242],[-105.192404,27.831132],[-105.192263,27.831132],[-105.191494,27.831398],[-105.191008,27.83158],[-105.190788,27.831678],[-105.190536,27.831065]]]}},{"type":"Feature","properties":{"modulo":1,"idparcela":"31","productor":"RUBIO SANCHEZ JAIME","cultivo":"Sin Cultivo","superficie_fisica_ha":5,"superficie_riego_ha":5,"hectareas":0.939},"geometry":{"type":"Polygon","coordinates":[[[-105.191403,27.832989],[-105.191277,27.832808],[-105.191072,27.832431],[-105.190788,27.831678],[-105.190945,27.83165],[-105.19129,27.831538],[-105.191416,27.831566],[-105.191495,27.831649],[-105.191534,27.831707],[-105.19154,27.831923],[-105.191604,27.83211],[-105.191666,27.832211],[-105.191716,27.832347],[-105.191873,27.832597],[-105.191873,27.832709],[-105.191748,27.832835],[-105.191513,27.832961],[-105.191403,27.832989]]]}},{"type":"Feature","properties":{"modulo":1,"idparcela":"8479","productor":"TRILLO GAMBOA DOMINGO","cultivo":"Nogal (Nuez)","superficie_fisica_ha":4.65,"superficie_riego_ha":4.65,"hectareas":2.923},"geometry":{"type":"Polygon","coordinates":[[[-105.17093,27.826477],[-105.17098,27.826098],[-105.171007,27.825761],[-105.17105,27.825375],[-105.17107,27.824942],[-105.171039,27.824662],[-105.171038,27.824228],[-105.171038,27.823984],[-105.171078,27.823849],[-105.17119,27.823758],[-105.171403,27.823722],[-105.171708,27.823722],[-105.17221,27.826521],[-105.171199,27.826649],[-105.17113,27.826663],[-105.171005,27.826639],[-105.17093,27.826477]]]}},{"type":"Feature","properties":{"modulo":1,"idparcela":"8478","productor":"GUEVARA GONZALEZ JESUS","cultivo":"Ma­z","superficie_fisica_ha":10,"superficie_riego_ha":10,"hectareas":2.022},"geometry":{"type":"Polygon","coordinates":[[[-105.172769,27.826412],[-105.172328,27.823739],[-105.173044,27.823749],[-105.173083,27.824114],[-105.17345,27.826326],[-105.173521,27.82642],[-105.172769,27.826412]]]}},{"type":"Feature","properties":{"modulo":1,"idparcela":"8479","productor":"TRILLO GAMBOA DOMINGO","cultivo":"Nogal (Nuez)","superficie_fisica_ha":4.65,"superficie_riego_ha":4.65,"hectareas":1.644},"geometry":{"type":"Polygon","coordinates":[[[-105.172718,27.826421],[-105.17221,27.826521],[-105.171708,27.823722],[-105.172287,27.82373],[-105.172718,27.826421]]]}},{"type":"Feature","properties":{"modulo":1,"idparcela":"8477","productor":"SALCIDO ALCANTAR ENRIQUE","cultivo":"Nogal (Nuez)","superficie_fisica_ha":10.15,"superficie_riego_ha":10.15,"hectareas":2.827},"geometry":{"type":"Polygon","coordinates":[[[-105.17658,27.826866],[-105.175726,27.826815],[-105.175416,27.823825],[-105.176291,27.823815],[-105.17658,27.826866]]]}},{"type":"Feature","properties":{"modulo":1,"idparcela":"8477","productor":"SALCIDO ALCANTAR ENRIQUE","cultivo":"Nogal (Nuez)","superficie_fisica_ha":10.15,"superficie_riego_ha":10.15,"hectareas":3.378},"geometry":{"type":"Polygon","coordinates":[[[-105.175637,27.826791],[-105.174628,27.826688],[-105.174218,27.823773],[-105.175341,27.823821],[-105.175637,27.826791]]]}},{"type":"Feature","properties":{"modulo":1,"idparcela":"8478","productor":"GUEVARA GONZALEZ JESUS","cultivo":"Ma­z","superficie_fisica_ha":10,"superficie_riego_ha":10,"hectareas":3.182},"geometry":{"type":"Polygon","coordinates":[[[-105.173591,27.826404],[-105.173512,27.826282],[-105.17312,27.823747],[-105.174218,27.823773],[-105.174628,27.826688],[-105.174163,27.826462],[-105.173591,27.826404]]]}},{"type":"Feature","properties":{"modulo":1,"idparcela":"8476","productor":"RODRIGUEZ TOVAR OSCAR R.","cultivo":"Nogal (Nuez)","superficie_fisica_ha":4.5417,"superficie_riego_ha":4.5417,"hectareas":4.796},"geometry":{"type":"Polygon","coordinates":[[[-105.17658,27.826866],[-105.176291,27.823815],[-105.177735,27.823771],[-105.17798,27.826844],[-105.177949,27.82692],[-105.17658,27.826866]]]}},{"type":"Feature","properties":{"modulo":1,"idparcela":"************","productor":null,"cultivo":"Sin Cultivo","superficie_fisica_ha":null,"superficie_riego_ha":null,"hectareas":0.684},"geometry":{"type":"Polygon","coordinates":[[[-105.178125,27.826974],[-105.178196,27.826766],[-105.178348,27.82664],[-105.178398,27.826576],[-105.17851,27.826477],[-105.178612,27.826404],[-105.178632,27.826278],[-105.178652,27.826161],[-105.178855,27.82598],[-105.178997,27.826034],[-105.179079,27.826169],[-105.179111,27.827027],[-105.178125,27.826974]]]}},{"type":"Feature","properties":{"modulo":1,"idparcela":"************","productor":null,"cultivo":"Sin Cultivo","superficie_fisica_ha":null,"superficie_riego_ha":null,"hectareas":2.011},"geometry":{"type":"Polygon","coordinates":[[[-105.177774,27.823804],[-105.178211,27.823813],[-105.178323,27.823867],[-105.178333,27.824047],[-105.178354,27.824219],[-105.178517,27.824219],[-105.178743,27.825953],[-105.178682,27.826043],[-105.178581,27.826124],[-105.17855,27.82626],[-105.178449,27.826432],[-105.178378,27.826495],[-105.178256,27.826595],[-105.178185,27.826694],[-105.178145,27.826757],[-105.178114,27.82683],[-105.178084,27.826893],[-105.178053,27.826839],[-105.178053,27.82673],[-105.177774,27.823804]]]}},{"type":"Feature","properties":{"modulo":1,"idparcela":"8475","productor":"PORTILLO GONZALEZ VICENTE","cultivo":"Nogal (Nuez)","superficie_fisica_ha":6,"superficie_riego_ha":6,"hectareas":2.695},"geometry":{"type":"Polygon","coordinates":[[[-105.179798,27.827066],[-105.179111,27.827027],[-105.179079,27.826169],[-105.178997,27.826034],[-105.178855,27.82598],[-105.178608,27.824291],[-105.178608,27.824083],[-105.178658,27.823975],[-105.17875,27.823911],[-105.178892,27.823893],[-105.179136,27.823875],[-105.17938,27.823883],[-105.179451,27.82391],[-105.179798,27.827066]]]}},{"type":"Feature","properties":{"modulo":1,"idparcela":"************","productor":null,"cultivo":"Sin Cultivo","superficie_fisica_ha":null,"superficie_riego_ha":null,"hectareas":6.889},"geometry":{"type":"Polygon","coordinates":[[[-105.181641,27.827222],[-105.179852,27.827107],[-105.179491,27.823865],[-105.179898,27.823865],[-105.180894,27.823909],[-105.181432,27.823971],[-105.1819,27.824142],[-105.181504,27.824359],[-105.181711,27.826671],[-105.18162,27.826807],[-105.181641,27.827222]]]}},{"type":"Feature","properties":{"modulo":1,"idparcela":"8470","productor":"TORRES SALAS ANTONIO","cultivo":"Nogal (Nuez)","superficie_fisica_ha":12.85,"superficie_riego_ha":12.85,"hectareas":9.546},"geometry":{"type":"Polygon","coordinates":[[[-105.181958,27.824191],[-105.181994,27.824149],[-105.182063,27.824142],[-105.182248,27.824141],[-105.182492,27.824128],[-105.182495,27.824058],[-105.182581,27.824065],[-105.18279,27.824113],[-105.182937,27.824123],[-105.183191,27.824112],[-105.183404,27.824104],[-105.183506,27.824099],[-105.183536,27.824055],[-105.183672,27.824041],[-105.183669,27.824075],[-105.183673,27.824166],[-105.183675,27.82422],[-105.183718,27.824399],[-105.183736,27.824493],[-105.183831,27.824681],[-105.183872,27.824771],[-105.184043,27.824983],[-105.184188,27.825142],[-105.184523,27.825472],[-105.184638,27.825619],[-105.184711,27.825727],[-105.184761,27.825835],[-105.184769,27.825966],[-105.184759,27.826208],[-105.184744,27.826618],[-105.184767,27.826972],[-105.184806,27.827183],[-105.184882,27.827329],[-105.18474,27.827336],[-105.183297,27.827265],[-105.183204,27.827294],[-105.183125,27.827347],[-105.182922,27.827383],[-105.181773,27.827313],[-105.181702,27.827258],[-105.181651,27.826816],[-105.181752,27.826698],[-105.181571,27.82442],[-105.181958,27.824191]]]}},{"type":"Feature","properties":{"modulo":1,"idparcela":"8483","productor":"MARQUEZ MENDOZA ADALBERTO","cultivo":"Nogal (Nuez)","superficie_fisica_ha":1.7575,"superficie_riego_ha":1.7575,"hectareas":1.396},"geometry":{"type":"Polygon","coordinates":[[[-105.172296,27.829538],[-105.171461,27.828256],[-105.171165,27.827769],[-105.171074,27.827624],[-105.171013,27.827352],[-105.171032,27.827064],[-105.171083,27.826793],[-105.171103,27.826768],[-105.172734,27.829411],[-105.172626,27.829437],[-105.172296,27.829538]]]}},{"type":"Feature","properties":{"modulo":1,"idparcela":"8484","productor":"TORRES N BENIGNA","cultivo":"Sin Cultivo","superficie_fisica_ha":2.565,"superficie_riego_ha":2.565,"hectareas":2.788},"geometry":{"type":"Polygon","coordinates":[[[-105.173631,27.829255],[-105.172734,27.829411],[-105.171103,27.826768],[-105.171244,27.826721],[-105.171949,27.826615],[-105.173631,27.829255]]]}},{"type":"Feature","properties":{"modulo":1,"idparcela":"8485","productor":"MARQUEZ MENDOZ ADALBERTO","cultivo":"Nogal (Nuez)","superficie_fisica_ha":2.59,"superficie_riego_ha":2.59,"hectareas":2.534},"geometry":{"type":"Polygon","coordinates":[[[-105.174499,27.829115],[-105.174449,27.829124],[-105.174367,27.829139],[-105.174038,27.829184],[-105.173631,27.829255],[-105.171949,27.826615],[-105.172684,27.826496],[-105.174499,27.829115]]]}},{"type":"Feature","properties":{"modulo":1,"idparcela":"8477","productor":"SALCIDO ALCANTAR ENRIQUE","cultivo":"Nogal (Nuez)","superficie_fisica_ha":10.15,"superficie_riego_ha":10.15,"hectareas":1.984},"geometry":{"type":"Polygon","coordinates":[[[-105.177021,27.829301],[-105.17636,27.829244],[-105.174537,27.82678],[-105.174537,27.826708],[-105.17462,27.826733],[-105.17471,27.826744],[-105.175361,27.826815],[-105.177058,27.829298],[-105.177021,27.829301]]]}},{"type":"Feature","properties":{"modulo":1,"idparcela":"8478","productor":"GUEVARA GONZALEZ JESUS","cultivo":"Ma­z","superficie_fisica_ha":10,"superficie_riego_ha":10,"hectareas":4.545},"geometry":{"type":"Polygon","coordinates":[[[-105.176289,27.829235],[-105.174795,27.82911],[-105.174558,27.829089],[-105.172752,27.826482],[-105.172747,27.826483],[-105.173053,27.826457],[-105.173549,27.826469],[-105.174151,27.826519],[-105.174448,27.826675],[-105.174471,27.826782],[-105.174497,27.826816],[-105.176289,27.829235]]]}},{"type":"Feature","properties":{"modulo":1,"idparcela":"8508","productor":"OROZCO JUSTINIANI FERNANDO","cultivo":"Sin Cultivo","superficie_fisica_ha":1.5,"superficie_riego_ha":1.5,"hectareas":2.65},"geometry":{"type":"Polygon","coordinates":[[[-105.178123,27.831933],[-105.174749,27.832118],[-105.174708,27.832019],[-105.174708,27.831829],[-105.174627,27.831648],[-105.174362,27.831441],[-105.177695,27.831256],[-105.17802,27.831328],[-105.178213,27.831409],[-105.178123,27.831933]]]}},{"type":"Feature","properties":{"modulo":1,"idparcela":"8503","productor":"OROZCO ESPINO FERNANDO H.","cultivo":"Chile verde","superficie_fisica_ha":3.25,"superficie_riego_ha":3.25,"hectareas":2.502},"geometry":{"type":"Polygon","coordinates":[[[-105.177306,27.82992],[-105.177183,27.830436],[-105.177137,27.830731],[-105.177278,27.830977],[-105.177369,27.831067],[-105.177451,27.831148],[-105.177594,27.831208],[-105.175541,27.831319],[-105.175366,27.830067],[-105.177306,27.82992]]]}},{"type":"Feature","properties":{"modulo":1,"idparcela":"8504","productor":"OROZCO ESPINO ORALIA E.","cultivo":"Chile verde","superficie_fisica_ha":3.248,"superficie_riego_ha":3.248,"hectareas":2.442},"geometry":{"type":"Polygon","coordinates":[[[-105.175485,27.831322],[-105.174341,27.831389],[-105.173965,27.831098],[-105.173477,27.830765],[-105.173243,27.830593],[-105.173375,27.830503],[-105.173334,27.830394],[-105.173191,27.830214],[-105.173191,27.83016],[-105.175308,27.830075],[-105.175485,27.831322]]]}},{"type":"Feature","properties":{"modulo":1,"idparcela":"8502","productor":"SALCIDO ALCANTAR ENRIQUE","cultivo":"Nogal (Nuez)","superficie_fisica_ha":3.94,"superficie_riego_ha":3.94,"hectareas":1.776},"geometry":{"type":"Polygon","coordinates":[[[-105.177315,27.829872],[-105.175324,27.830018],[-105.174615,27.829155],[-105.174856,27.829158],[-105.177313,27.829362],[-105.177377,27.8294],[-105.177315,27.829872]]]}},{"type":"Feature","properties":{"modulo":1,"idparcela":"8502","productor":"SALCIDO ALCANTAR ENRIQUE","cultivo":"Nogal (Nuez)","superficie_fisica_ha":3.94,"superficie_riego_ha":3.94,"hectareas":1.714},"geometry":{"type":"Polygon","coordinates":[[[-105.172763,27.829474],[-105.173669,27.829307],[-105.173707,27.829296],[-105.174551,27.829162],[-105.175272,27.830027],[-105.173186,27.830112],[-105.172763,27.829474]]]}},{"type":"Feature","properties":{"modulo":1,"idparcela":"8509","productor":"LOYA SALCIDO ANTONIO","cultivo":"Nogal (Nuez)","superficie_fisica_ha":2.6383,"superficie_riego_ha":2.6383,"hectareas":2.669},"geometry":{"type":"Polygon","coordinates":[[[-105.174749,27.832118],[-105.178123,27.831933],[-105.178213,27.831409],[-105.178415,27.831431],[-105.178169,27.832634],[-105.174784,27.832755],[-105.17476,27.832696],[-105.174709,27.832497],[-105.174719,27.832335],[-105.174749,27.832118]]]}},{"type":"Feature","properties":{"modulo":1,"idparcela":"8510","productor":"SALCIDO REY ANDRES G.","cultivo":"Ma­z","superficie_fisica_ha":1.4545,"superficie_riego_ha":1.4545,"hectareas":1.651},"geometry":{"type":"Polygon","coordinates":[[[-105.174784,27.832755],[-105.178169,27.832634],[-105.178033,27.833089],[-105.174822,27.83322],[-105.174802,27.833175],[-105.174771,27.833084],[-105.174771,27.832931],[-105.174784,27.832755]]]}},{"type":"Feature","properties":{"modulo":1,"idparcela":"8511","productor":"SALCIDO REY ANDRES G.","cultivo":"Alfalfa","superficie_fisica_ha":3.2051,"superficie_riego_ha":3.2051,"hectareas":2.254},"geometry":{"type":"Polygon","coordinates":[[[-105.177923,27.834318],[-105.177832,27.834381],[-105.17769,27.834399],[-105.177649,27.834381],[-105.177547,27.834336],[-105.177436,27.834291],[-105.177385,27.834237],[-105.177171,27.834201],[-105.176998,27.834147],[-105.176805,27.834066],[-105.176602,27.834039],[-105.176459,27.833976],[-105.176419,27.833949],[-105.176388,27.833877],[-105.176164,27.833751],[-105.175798,27.833643],[-105.175412,27.833571],[-105.175229,27.833472],[-105.174853,27.833247],[-105.178023,27.833125],[-105.178023,27.833171],[-105.177942,27.83327],[-105.177861,27.833523],[-105.177861,27.833622],[-105.177811,27.833749],[-105.17774,27.833939],[-105.177801,27.834101],[-105.177923,27.834318]]]}},{"type":"Feature","properties":{"modulo":1,"idparcela":"8506","productor":"LOYA SALCIDO MANUEL","cultivo":"Ma­z","superficie_fisica_ha":1.5,"superficie_riego_ha":1.5,"hectareas":2.901},"geometry":{"type":"Polygon","coordinates":[[[-105.17285,27.832888],[-105.172575,27.832681],[-105.172311,27.832582],[-105.17223,27.832518],[-105.172097,27.832383],[-105.171874,27.832194],[-105.17164,27.832031],[-105.171355,27.831878],[-105.171141,27.83177],[-105.17108,27.831662],[-105.171131,27.831517],[-105.171354,27.831309],[-105.171536,27.831083],[-105.171739,27.830667],[-105.171972,27.83017],[-105.172033,27.830197],[-105.172065,27.830857],[-105.172217,27.831046],[-105.172604,27.831588],[-105.173679,27.832374],[-105.1741,27.83267],[-105.174004,27.83268],[-105.173235,27.832672],[-105.17285,27.832888]]]}},{"type":"Feature","properties":{"modulo":1,"idparcela":"8505","productor":"RODRIGUEZ FLORES JESUS","cultivo":"Sin Cultivo","superficie_fisica_ha":4.91,"superficie_riego_ha":4.91,"hectareas":4.515},"geometry":{"type":"Polygon","coordinates":[[[-105.1741,27.83267],[-105.173679,27.832374],[-105.172604,27.831588],[-105.172217,27.831046],[-105.172065,27.830857],[-105.172033,27.830197],[-105.171972,27.83017],[-105.171952,27.830116],[-105.171962,27.830044],[-105.172012,27.829926],[-105.172073,27.8298],[-105.172066,27.829711],[-105.172102,27.82967],[-105.172206,27.82965],[-105.17229,27.829635],[-105.172361,27.829612],[-105.172399,27.829563],[-105.172563,27.829518],[-105.172708,27.829485],[-105.173131,27.830144],[-105.173139,27.830209],[-105.173179,27.830286],[-105.173281,27.830404],[-105.173304,27.830484],[-105.173214,27.830548],[-105.173146,27.830599],[-105.173907,27.831122],[-105.174305,27.831465],[-105.174576,27.831678],[-105.174647,27.831838],[-105.174658,27.831964],[-105.174664,27.832035],[-105.174698,27.832127],[-105.174678,27.832208],[-105.174652,27.832511],[-105.17472,27.83278],[-105.174725,27.832845],[-105.174728,27.833071],[-105.174741,27.833144],[-105.1741,27.83267]]]}},{"type":"Feature","properties":{"modulo":1,"idparcela":"41","productor":"TELLES SILVA JESUS","cultivo":"Nogal (Nuez)","superficie_fisica_ha":4.464,"superficie_riego_ha":4.464,"hectareas":0.979},"geometry":{"type":"Polygon","coordinates":[[[-105.193023,27.840216],[-105.193232,27.840605],[-105.192961,27.840694],[-105.19288,27.840721],[-105.191943,27.84103],[-105.191938,27.840986],[-105.192002,27.840678],[-105.192207,27.840303],[-105.192358,27.840004],[-105.192786,27.839603],[-105.193023,27.840216]]]}},{"type":"Feature","properties":{"modulo":1,"idparcela":"45","productor":"ORTEGA LARA RAUL","cultivo":"Nogal (Nuez)","superficie_fisica_ha":1.48,"superficie_riego_ha":1.48,"hectareas":0.683},"geometry":{"type":"Polygon","coordinates":[[[-105.194114,27.842748],[-105.194076,27.842981],[-105.194041,27.843153],[-105.193994,27.843388],[-105.193919,27.843581],[-105.193898,27.843687],[-105.193912,27.843773],[-105.193877,27.843928],[-105.19386,27.843979],[-105.19379,27.843956],[-105.193746,27.843918],[-105.193671,27.843822],[-105.193508,27.843601],[-105.19328,27.843341],[-105.193083,27.843066],[-105.194114,27.842748]]]}},{"type":"Feature","properties":{"modulo":1,"idparcela":"42","productor":"MARQUEZ ROLANDO","cultivo":"Alfalfa","superficie_fisica_ha":7.76,"superficie_riego_ha":7.76,"hectareas":3.436},"geometry":{"type":"Polygon","coordinates":[[[-105.19288,27.840721],[-105.192961,27.840694],[-105.193232,27.840605],[-105.193316,27.840759],[-105.193479,27.841107],[-105.193573,27.841379],[-105.193883,27.842029],[-105.194075,27.842504],[-105.194114,27.842748],[-105.193083,27.843066],[-105.192879,27.842813],[-105.192597,27.842467],[-105.192434,27.842179],[-105.19213,27.841794],[-105.191967,27.841361],[-105.191943,27.84103],[-105.19288,27.840721]]]}},{"type":"Feature","properties":{"modulo":1,"idparcela":"************","productor":null,"cultivo":"Sin Cultivo","superficie_fisica_ha":null,"superficie_riego_ha":null,"hectareas":2.785},"geometry":{"type":"Polygon","coordinates":[[[-105.195211,27.839712],[-105.195096,27.839441],[-105.195059,27.839279],[-105.195102,27.839135],[-105.195112,27.839],[-105.194996,27.837524],[-105.195017,27.837206],[-105.195038,27.837014],[-105.195092,27.836927],[-105.195146,27.836888],[-105.195211,27.836888],[-105.19533,27.836821],[-105.195417,27.836734],[-105.195514,27.836724],[-105.195601,27.836705],[-105.195655,27.836782],[-105.195688,27.836936],[-105.196311,27.839219],[-105.195211,27.839712]]]}},{"type":"Feature","properties":{"modulo":1,"idparcela":"37","productor":"SANTANA SOTO HUMBERTO","cultivo":"Alfalfa","superficie_fisica_ha":11.4522,"superficie_riego_ha":7,"hectareas":3.732},"geometry":{"type":"Polygon","coordinates":[[[-105.194328,27.842455],[-105.194534,27.842657],[-105.19607,27.841846],[-105.195211,27.839712],[-105.196311,27.839219],[-105.196429,27.839648],[-105.196859,27.841143],[-105.197,27.841624],[-105.196979,27.841739],[-105.19712,27.842095],[-105.197002,27.842278],[-105.196687,27.841865],[-105.194676,27.842926],[-105.194437,27.842801],[-105.194328,27.842455]]]}},{"type":"Feature","properties":{"modulo":1,"idparcela":"42","productor":"MARQUEZ ROLANDO","cultivo":"Alfalfa","superficie_fisica_ha":7.76,"superficie_riego_ha":7.76,"hectareas":4.641},"geometry":{"type":"Polygon","coordinates":[[[-105.195155,27.839734],[-105.196027,27.841827],[-105.194534,27.842608],[-105.194231,27.842291],[-105.193443,27.840494],[-105.195155,27.839734]]]}},{"type":"Feature","properties":{"modulo":1,"idparcela":"41","productor":"TELLES SILVA JESUS","cultivo":"Nogal (Nuez)","superficie_fisica_ha":4.464,"superficie_riego_ha":4.464,"hectareas":2.88},"geometry":{"type":"Polygon","coordinates":[[[-105.194988,27.839344],[-105.194978,27.83939],[-105.195155,27.839734],[-105.193443,27.840494],[-105.193426,27.840455],[-105.193187,27.839715],[-105.19311,27.839223],[-105.19341,27.838923],[-105.194629,27.838294],[-105.194988,27.839344]]]}},{"type":"Feature","properties":{"modulo":1,"idparcela":"40","productor":"VILLA HERNANDEZ ANTONIO","cultivo":"Sin Cultivo","superficie_fisica_ha":0.72,"superficie_riego_ha":0.72,"hectareas":1.853},"geometry":{"type":"Polygon","coordinates":[[[-105.193837,27.837063],[-105.194216,27.837005],[-105.194432,27.837005],[-105.194584,27.837139],[-105.194649,27.837284],[-105.194758,27.83736],[-105.194931,27.837389],[-105.195064,27.839111],[-105.19501,27.839246],[-105.194988,27.839344],[-105.194629,27.838294],[-105.19341,27.838923],[-105.193521,27.838733],[-105.193877,27.83828],[-105.193946,27.837515],[-105.193837,27.837063]]]}},{"type":"Feature","properties":{"modulo":1,"idparcela":"39","productor":"VILLASEóOR VILLEGAS MARIO Y HECTO","cultivo":"Nogal (Nuez)","superficie_fisica_ha":7.52,"superficie_riego_ha":7.52,"hectareas":2.042},"geometry":{"type":"Polygon","coordinates":[[[-105.192921,27.839047],[-105.192192,27.837124],[-105.193577,27.837064],[-105.193697,27.837343],[-105.193698,27.837699],[-105.193676,27.837987],[-105.193558,27.838286],[-105.193461,27.838478],[-105.193234,27.838738],[-105.192921,27.839047]]]}},{"type":"Feature","properties":{"modulo":1,"idparcela":"36","productor":"GONZALEZ ALCANTAR MANUEL","cultivo":"Nogal (Nuez)","superficie_fisica_ha":1.837,"superficie_riego_ha":1.837,"hectareas":0.525},"geometry":{"type":"Polygon","coordinates":[[[-105.192179,27.83709],[-105.192003,27.836772],[-105.193357,27.836648],[-105.193576,27.837004],[-105.192179,27.83709]]]}},{"type":"Feature","properties":{"modulo":1,"idparcela":"38","productor":"SANTA ANNA N ROSA MARIA","cultivo":"Sin Cultivo","superficie_fisica_ha":3.2203,"superficie_riego_ha":3.2203,"hectareas":3.13},"geometry":{"type":"Polygon","coordinates":[[[-105.192003,27.836772],[-105.191722,27.836267],[-105.19059,27.834887],[-105.192175,27.834732],[-105.193009,27.836084],[-105.193357,27.836648],[-105.192003,27.836772]]]}},{"type":"Feature","properties":{"modulo":1,"idparcela":"************","productor":null,"cultivo":"Sin Cultivo","superficie_fisica_ha":null,"superficie_riego_ha":null,"hectareas":1.277},"geometry":{"type":"Polygon","coordinates":[[[-105.193366,27.845211],[-105.194346,27.845165],[-105.194351,27.84523],[-105.194298,27.845383],[-105.194147,27.845622],[-105.194072,27.845689],[-105.194029,27.845613],[-105.193932,27.845594],[-105.193868,27.845594],[-105.193771,27.845632],[-105.193653,27.84569],[-105.193556,27.845824],[-105.193546,27.846044],[-105.193675,27.846283],[-105.193815,27.846464],[-105.193934,27.846569],[-105.194031,27.846675],[-105.194042,27.846789],[-105.193978,27.846914],[-105.193902,27.847048],[-105.19387,27.847191],[-105.193849,27.847344],[-105.193871,27.847478],[-105.193893,27.847583],[-105.193904,27.847708],[-105.193839,27.847775],[-105.193838,27.847751],[-105.193788,27.847684],[-105.193702,27.8473],[-105.193568,27.84696],[-105.193277,27.846503],[-105.19318,27.846111],[-105.19319,27.845834],[-105.193329,27.845528],[-105.193361,27.845327],[-105.193366,27.845211]]]}},{"type":"Feature","properties":{"modulo":1,"idparcela":"57","productor":"CAMPOS ORTEGA ALBERTO","cultivo":"Nogal (Nuez)","superficie_fisica_ha":1.665,"superficie_riego_ha":1.665,"hectareas":3.954},"geometry":{"type":"Polygon","coordinates":[[[-105.194404,27.850911],[-105.194361,27.850901],[-105.194329,27.850844],[-105.194329,27.850806],[-105.194286,27.850672],[-105.194188,27.850356],[-105.194047,27.849917],[-105.193918,27.849486],[-105.193917,27.849314],[-105.193928,27.849104],[-105.194012,27.848933],[-105.194067,27.848884],[-105.194207,27.848912],[-105.194229,27.848998],[-105.194304,27.84918],[-105.194358,27.849323],[-105.194434,27.849342],[-105.194541,27.849246],[-105.194573,27.84917],[-105.194745,27.849064],[-105.194928,27.849045],[-105.195057,27.849007],[-105.195219,27.848959],[-105.195326,27.848939],[-105.195423,27.84892],[-105.19566,27.848881],[-105.195832,27.848881],[-105.195983,27.848891],[-105.196133,27.8489],[-105.196327,27.848928],[-105.196467,27.848995],[-105.196542,27.84889],[-105.196596,27.848756],[-105.196606,27.848631],[-105.1968,27.848631],[-105.196951,27.848707],[-105.196983,27.848851],[-105.196984,27.848975],[-105.19693,27.849119],[-105.19692,27.849454],[-105.196855,27.84953],[-105.196608,27.849731],[-105.196092,27.84999],[-105.19577,27.850096],[-105.195544,27.850096],[-105.195285,27.850164],[-105.19492,27.85047],[-105.194404,27.850911]]]}},{"type":"Feature","properties":{"modulo":1,"idparcela":"8576","productor":"GONZALEZ ORTEGA EDGAR","cultivo":"Nogal (Nuez)","superficie_fisica_ha":15,"superficie_riego_ha":13.6,"hectareas":1.354},"geometry":{"type":"Polygon","coordinates":[[[-105.194524,27.851398],[-105.194936,27.853301],[-105.194925,27.853349],[-105.194854,27.853284],[-105.194802,27.853217],[-105.194322,27.852782],[-105.194219,27.852711],[-105.193913,27.852599],[-105.193709,27.852541],[-105.193561,27.852443],[-105.193516,27.852399],[-105.193495,27.852332],[-105.193506,27.852259],[-105.193511,27.852219],[-105.193616,27.852099],[-105.193833,27.85192],[-105.193965,27.851772],[-105.194158,27.85159],[-105.194309,27.851504],[-105.194524,27.851398]]]}},{"type":"Feature","properties":{"modulo":1,"idparcela":"************","productor":null,"cultivo":"Sin Cultivo","superficie_fisica_ha":null,"superficie_riego_ha":null,"hectareas":5.321},"geometry":{"type":"Polygon","coordinates":[[[-105.19488,27.851933],[-105.195084,27.851933],[-105.195106,27.851933],[-105.195256,27.852009],[-105.195472,27.852066],[-105.195515,27.852143],[-105.195752,27.852143],[-105.195999,27.852152],[-105.196085,27.85219],[-105.196225,27.852199],[-105.196441,27.85218],[-105.19671,27.852199],[-105.196957,27.852208],[-105.197065,27.852169],[-105.19728,27.85215],[-105.197474,27.852121],[-105.197667,27.852063],[-105.197688,27.851853],[-105.197753,27.851795],[-105.198076,27.851757],[-105.198301,27.851661],[-105.198538,27.851527],[-105.198732,27.851517],[-105.198936,27.851459],[-105.199054,27.851478],[-105.198968,27.851602],[-105.199087,27.851679],[-105.199324,27.851726],[-105.199454,27.852061],[-105.199615,27.85228],[-105.199702,27.8525],[-105.199681,27.852596],[-105.19939,27.852682],[-105.199014,27.852712],[-105.198842,27.852808],[-105.198777,27.852932],[-105.19881,27.853018],[-105.199014,27.853018],[-105.199326,27.852989],[-105.199799,27.852864],[-105.199907,27.852911],[-105.200037,27.853055],[-105.200005,27.853265],[-105.199811,27.853256],[-105.199596,27.853208],[-105.199316,27.853218],[-105.199219,27.853247],[-105.198918,27.853257],[-105.19867,27.853238],[-105.198562,27.853124],[-105.198454,27.852904],[-105.198325,27.852866],[-105.19811,27.853],[-105.197927,27.853086],[-105.197766,27.853048],[-105.197593,27.852886],[-105.19755,27.852934],[-105.197335,27.853049],[-105.19712,27.852925],[-105.196958,27.852877],[-105.1967,27.853031],[-105.196421,27.853088],[-105.196023,27.853127],[-105.1957,27.853166],[-105.195442,27.853224],[-105.195259,27.853367],[-105.195151,27.853291],[-105.195215,27.8531],[-105.195474,27.853023],[-105.195549,27.85286],[-105.195753,27.852659],[-105.195548,27.852497],[-105.195225,27.852526],[-105.195064,27.85267],[-105.195042,27.852555],[-105.19501,27.852335],[-105.194912,27.852153],[-105.19488,27.851933]]]}},{"type":"Feature","properties":{"modulo":1,"idparcela":"************","productor":null,"cultivo":"Sin Cultivo","superficie_fisica_ha":null,"superficie_riego_ha":null,"hectareas":6.872},"geometry":{"type":"Polygon","coordinates":[[[-105.202923,27.858275],[-105.203608,27.858],[-105.204683,27.857736],[-105.205324,27.858628],[-105.206151,27.858438],[-105.206352,27.858805],[-105.206295,27.859509],[-105.206023,27.85952],[-105.205847,27.860182],[-105.205338,27.859941],[-105.204912,27.859774],[-105.204616,27.859701],[-105.204368,27.859764],[-105.20412,27.859901],[-105.20399,27.860091],[-105.203896,27.860248],[-105.203896,27.860374],[-105.203944,27.860511],[-105.203944,27.860647],[-105.203873,27.860763],[-105.203661,27.860879],[-105.203448,27.860921],[-105.203318,27.860911],[-105.203188,27.860848],[-105.203128,27.860638],[-105.203069,27.860365],[-105.203045,27.860144],[-105.203056,27.859924],[-105.203079,27.859714],[-105.203079,27.859609],[-105.20309,27.859283],[-105.203042,27.858936],[-105.203007,27.858789],[-105.202923,27.858275]]]}},{"type":"Feature","properties":{"modulo":1,"idparcela":"************","productor":null,"cultivo":"Sin Cultivo","superficie_fisica_ha":null,"superficie_riego_ha":null,"hectareas":0.852},"geometry":{"type":"Polygon","coordinates":[[[-105.206567,27.859835],[-105.206531,27.859372],[-105.206435,27.858847],[-105.20757,27.858667],[-105.207665,27.85915],[-105.206933,27.859298],[-105.206993,27.859739],[-105.206567,27.859835]]]}},{"type":"Feature","properties":{"modulo":1,"idparcela":"62","productor":"RANGEL CAMPOS LIZANDRO","cultivo":"Nogal (Nuez)","superficie_fisica_ha":5.568,"superficie_riego_ha":5.568,"hectareas":9.547},"geometry":{"type":"Polygon","coordinates":[[[-105.196485,27.861152],[-105.19665,27.860963],[-105.197087,27.860847],[-105.197264,27.860689],[-105.197501,27.86052],[-105.197654,27.860331],[-105.197854,27.860068],[-105.198067,27.859763],[-105.19809,27.859584],[-105.198314,27.859384],[-105.198657,27.859268],[-105.198869,27.8591],[-105.198999,27.858932],[-105.199174,27.858761],[-105.199318,27.858634],[-105.199462,27.858514],[-105.199578,27.858463],[-105.19967,27.858448],[-105.199755,27.858426],[-105.199932,27.858416],[-105.200015,27.858352],[-105.20031,27.858173],[-105.200605,27.858036],[-105.200794,27.857963],[-105.201007,27.857857],[-105.201208,27.857647],[-105.201408,27.857405],[-105.201573,27.857268],[-105.201786,27.857205],[-105.20194,27.857205],[-105.202153,27.857267],[-105.202259,27.857362],[-105.20233,27.857498],[-105.202331,27.857698],[-105.202296,27.857897],[-105.202284,27.858065],[-105.202391,27.858233],[-105.202521,27.85838],[-105.202604,27.858496],[-105.202664,27.858674],[-105.202664,27.858842],[-105.202686,27.859068],[-105.199852,27.859929],[-105.199947,27.860033],[-105.200077,27.860054],[-105.200254,27.860054],[-105.200444,27.860043],[-105.200597,27.860106],[-105.200608,27.860245],[-105.200503,27.860243],[-105.200196,27.860264],[-105.199865,27.860328],[-105.199522,27.860433],[-105.199262,27.860581],[-105.199002,27.860655],[-105.198683,27.860781],[-105.1984,27.860908],[-105.198211,27.860981],[-105.197998,27.861034],[-105.19775,27.861056],[-105.197537,27.861109],[-105.197218,27.861119],[-105.197052,27.86112],[-105.196863,27.86113],[-105.196485,27.861152]]]}},{"type":"Feature","properties":{"modulo":1,"idparcela":"30","productor":"RANGEL FARIAS MARCELINO","cultivo":"Sin Cultivo","superficie_fisica_ha":1,"superficie_riego_ha":1,"hectareas":2.935},"geometry":{"type":"Polygon","coordinates":[[[-105.202686,27.859068],[-105.202688,27.859084],[-105.202688,27.859231],[-105.202689,27.859462],[-105.202784,27.859662],[-105.202796,27.859977],[-105.202773,27.860176],[-105.202809,27.860418],[-105.202868,27.860575],[-105.202868,27.860702],[-105.202845,27.860796],[-105.202774,27.860859],[-105.202549,27.860849],[-105.202337,27.860828],[-105.202017,27.860713],[-105.201674,27.860472],[-105.201,27.860253],[-105.200608,27.860245],[-105.200597,27.860106],[-105.200444,27.860043],[-105.200254,27.860054],[-105.200077,27.860054],[-105.199947,27.860033],[-105.199852,27.859929],[-105.202686,27.859068]]]}},{"type":"Feature","properties":{"modulo":1,"idparcela":"************","productor":null,"cultivo":"Sin Cultivo","superficie_fisica_ha":null,"superficie_riego_ha":null,"hectareas":0.927},"geometry":{"type":"Polygon","coordinates":[[[-105.193105,27.861892],[-105.193081,27.861819],[-105.193081,27.861766],[-105.19288,27.86143],[-105.192714,27.861252],[-105.192832,27.861252],[-105.192962,27.861252],[-105.193057,27.86122],[-105.193222,27.861209],[-105.193778,27.861145],[-105.19444,27.861081],[-105.194546,27.861134],[-105.194759,27.861186],[-105.194972,27.861249],[-105.195102,27.86128],[-105.194996,27.861364],[-105.19483,27.861396],[-105.194665,27.861438],[-105.194464,27.86147],[-105.194216,27.861491],[-105.193897,27.861534],[-105.193719,27.861545],[-105.193507,27.861661],[-105.193105,27.861892]]]}},{"type":"Feature","properties":{"modulo":1,"idparcela":"8590","productor":"LUJAN CHAVEZ ANTONIO","cultivo":"Sin Cultivo","superficie_fisica_ha":8.122,"superficie_riego_ha":8.122,"hectareas":2.588},"geometry":{"type":"Polygon","coordinates":[[[-105.190607,27.85971],[-105.190642,27.859584],[-105.190665,27.8595],[-105.190677,27.859448],[-105.190736,27.859406],[-105.190866,27.859405],[-105.191032,27.859426],[-105.19115,27.8595],[-105.191375,27.859562],[-105.191576,27.859625],[-105.191836,27.859677],[-105.192167,27.859771],[-105.192605,27.859823],[-105.193007,27.860075],[-105.193078,27.860222],[-105.19302,27.860306],[-105.193043,27.860411],[-105.19328,27.860579],[-105.193529,27.860757],[-105.193848,27.861061],[-105.193695,27.861082],[-105.193092,27.861167],[-105.192761,27.861189],[-105.19269,27.861126],[-105.192477,27.861032],[-105.19237,27.860927],[-105.192075,27.860791],[-105.192004,27.860717],[-105.191826,27.860476],[-105.191506,27.860308],[-105.191471,27.860193],[-105.191329,27.860119],[-105.191116,27.860056],[-105.190772,27.859836],[-105.190607,27.85971]]]}},{"type":"Feature","properties":{"modulo":1,"idparcela":"8590","productor":"LUJAN CHAVEZ ANTONIO","cultivo":"Sin Cultivo","superficie_fisica_ha":8.122,"superficie_riego_ha":8.122,"hectareas":2.184},"geometry":{"type":"Polygon","coordinates":[[[-105.191208,27.858754],[-105.191246,27.859526],[-105.191177,27.859507],[-105.19115,27.8595],[-105.191089,27.859462],[-105.191032,27.859426],[-105.190955,27.859417],[-105.190866,27.859405],[-105.190825,27.859406],[-105.190736,27.859406],[-105.190677,27.859448],[-105.190665,27.8595],[-105.190642,27.859584],[-105.190607,27.85971],[-105.190772,27.859836],[-105.191116,27.860056],[-105.191329,27.860119],[-105.191433,27.860173],[-105.191471,27.860193],[-105.191506,27.860308],[-105.191826,27.860476],[-105.191934,27.860622],[-105.192004,27.860717],[-105.192075,27.860791],[-105.191909,27.860728],[-105.191696,27.860602],[-105.191507,27.860508],[-105.191234,27.860382],[-105.191033,27.86034],[-105.190761,27.860236],[-105.190312,27.860079],[-105.189709,27.859932],[-105.18973,27.858714],[-105.191208,27.858754]]]}},{"type":"Feature","properties":{"modulo":1,"idparcela":"8590","productor":"LUJAN CHAVEZ ANTONIO","cultivo":"Sin Cultivo","superficie_fisica_ha":8.122,"superficie_riego_ha":8.122,"hectareas":2.26},"geometry":{"type":"Polygon","coordinates":[[[-105.194696,27.858749],[-105.194602,27.859358],[-105.191753,27.859346],[-105.191705,27.859431],[-105.1913,27.85945],[-105.191296,27.858753],[-105.192516,27.858723],[-105.192579,27.858741],[-105.194696,27.858749]]]}},{"type":"Feature","properties":{"modulo":1,"idparcela":"8590","productor":"LUJAN CHAVEZ ANTONIO","cultivo":"Sin Cultivo","superficie_fisica_ha":8.122,"superficie_riego_ha":8.122,"hectareas":1.165},"geometry":{"type":"Polygon","coordinates":[[[-105.194602,27.859358],[-105.194449,27.859789],[-105.19277,27.859813],[-105.191705,27.859431],[-105.191753,27.859346],[-105.19338,27.859353],[-105.194602,27.859358]]]}},{"type":"Feature","properties":{"modulo":1,"idparcela":"8590","productor":"LUJAN CHAVEZ ANTONIO","cultivo":"Sin Cultivo","superficie_fisica_ha":8.122,"superficie_riego_ha":8.122,"hectareas":1.642},"geometry":{"type":"Polygon","coordinates":[[[-105.1949,27.860965],[-105.193943,27.861072],[-105.193895,27.860904],[-105.193848,27.860767],[-105.193729,27.860641],[-105.193434,27.860494],[-105.193315,27.860316],[-105.193256,27.860148],[-105.193102,27.85997],[-105.19277,27.859813],[-105.194449,27.859789],[-105.1949,27.860965]]]}},{"type":"Feature","properties":{"modulo":1,"idparcela":"************","productor":null,"cultivo":"Sin Cultivo","superficie_fisica_ha":null,"superficie_riego_ha":null,"hectareas":2.378},"geometry":{"type":"Polygon","coordinates":[[[-105.194706,27.85774],[-105.19473,27.858444],[-105.194696,27.858749],[-105.192579,27.858741],[-105.192577,27.857701],[-105.194706,27.85774]]]}},{"type":"Feature","properties":{"modulo":1,"idparcela":"************","productor":null,"cultivo":"Sin Cultivo","superficie_fisica_ha":null,"superficie_riego_ha":null,"hectareas":9.416},"geometry":{"type":"Polygon","coordinates":[[[-105.192494,27.857829],[-105.192483,27.858656],[-105.189635,27.85863],[-105.189638,27.859985],[-105.187213,27.859452],[-105.186574,27.858823],[-105.186147,27.858298],[-105.185969,27.857689],[-105.186146,27.857605],[-105.1863,27.857657],[-105.192494,27.857829]]]}},{"type":"Feature","properties":{"modulo":1,"idparcela":"8571","productor":"CORDERO LEYVA ISIDRO","cultivo":"Sin Cultivo","superficie_fisica_ha":3.114,"superficie_riego_ha":3.114,"hectareas":3.023},"geometry":{"type":"Polygon","coordinates":[[[-105.181615,27.855972],[-105.18379,27.855402],[-105.1843,27.85662],[-105.182681,27.857137],[-105.182208,27.85677],[-105.181841,27.856329],[-105.181615,27.855972]]]}},{"type":"Feature","properties":{"modulo":1,"idparcela":"8656","productor":"CHAVEZ RODRIGUEZ JOSE","cultivo":"Sin Cultivo","superficie_fisica_ha":4.3504,"superficie_riego_ha":3.52,"hectareas":4.058},"geometry":{"type":"Polygon","coordinates":[[[-105.186764,27.859264],[-105.18622,27.859307],[-105.186019,27.859328],[-105.185924,27.859286],[-105.185877,27.859255],[-105.18583,27.859213],[-105.185759,27.859171],[-105.185652,27.859129],[-105.185439,27.859129],[-105.185321,27.859035],[-105.185297,27.858888],[-105.185143,27.858804],[-105.185001,27.858678],[-105.184753,27.858594],[-105.184457,27.858511],[-105.184327,27.858395],[-105.184173,27.858385],[-105.183865,27.858018],[-105.183558,27.857955],[-105.183427,27.857766],[-105.183214,27.857546],[-105.183048,27.857346],[-105.18306,27.857115],[-105.183249,27.856999],[-105.183485,27.856926],[-105.183769,27.856904],[-105.183934,27.856957],[-105.184218,27.856946],[-105.184265,27.85703],[-105.184443,27.857103],[-105.184691,27.857071],[-105.184963,27.856903],[-105.185354,27.857806],[-105.185828,27.858362],[-105.186764,27.859264]]]}},{"type":"Feature","properties":{"modulo":1,"idparcela":"************","productor":null,"cultivo":"Sin Cultivo","superficie_fisica_ha":null,"superficie_riego_ha":null,"hectareas":3.169},"geometry":{"type":"Polygon","coordinates":[[[-105.179495,27.851801],[-105.179891,27.851478],[-105.180271,27.851524],[-105.180096,27.852245],[-105.180227,27.85299],[-105.180537,27.854219],[-105.180173,27.854499],[-105.18,27.854514],[-105.17943,27.85404],[-105.179031,27.852982],[-105.178979,27.852599],[-105.179013,27.852338],[-105.179495,27.851801]]]}},{"type":"Feature","properties":{"modulo":1,"idparcela":"************","productor":null,"cultivo":"Sin Cultivo","superficie_fisica_ha":null,"superficie_riego_ha":null,"hectareas":7.338},"geometry":{"type":"Polygon","coordinates":[[[-105.183158,27.852167],[-105.183146,27.852241],[-105.183111,27.852283],[-105.182922,27.852367],[-105.182922,27.852524],[-105.182875,27.852756],[-105.182875,27.852955],[-105.183006,27.853134],[-105.183101,27.853312],[-105.18316,27.853449],[-105.183231,27.853512],[-105.183255,27.853596],[-105.183432,27.853721],[-105.183562,27.8537],[-105.183704,27.853721],[-105.183811,27.853826],[-105.183835,27.853984],[-105.183835,27.854183],[-105.183906,27.854425],[-105.183942,27.854698],[-105.183895,27.854845],[-105.183872,27.855055],[-105.18379,27.855339],[-105.182998,27.85554],[-105.182678,27.854941],[-105.182697,27.852315],[-105.182638,27.852325],[-105.180179,27.852476],[-105.180167,27.852318],[-105.180343,27.851656],[-105.180473,27.85154],[-105.180532,27.851267],[-105.180697,27.851088],[-105.180756,27.850825],[-105.180897,27.850542],[-105.181251,27.850331],[-105.181653,27.850246],[-105.182032,27.850477],[-105.182553,27.851107],[-105.183158,27.852167]]]}},{"type":"Feature","properties":{"modulo":1,"idparcela":"8656","productor":"CHAVEZ RODRIGUEZ JOSE","cultivo":"Sin Cultivo","superficie_fisica_ha":4.3504,"superficie_riego_ha":3.52,"hectareas":6.486},"geometry":{"type":"Polygon","coordinates":[[[-105.181592,27.855909],[-105.18158,27.855773],[-105.18158,27.855752],[-105.18152,27.855678],[-105.181508,27.855573],[-105.181473,27.855342],[-105.181472,27.855258],[-105.181519,27.855142],[-105.181436,27.855006],[-105.181365,27.85489],[-105.181271,27.854817],[-105.181235,27.854743],[-105.181188,27.85467],[-105.181152,27.854586],[-105.181105,27.85447],[-105.181045,27.854344],[-105.180939,27.854282],[-105.180844,27.854219],[-105.180714,27.854114],[-105.180678,27.854019],[-105.180572,27.853893],[-105.180417,27.853494],[-105.180417,27.853295],[-105.180358,27.853116],[-105.180334,27.852959],[-105.180321,27.852717],[-105.180191,27.852518],[-105.182626,27.852378],[-105.182607,27.854941],[-105.182927,27.855582],[-105.181592,27.855909]]]}},{"type":"Feature","properties":{"modulo":1,"idparcela":"************","productor":null,"cultivo":"Sin Cultivo","superficie_fisica_ha":null,"superficie_riego_ha":null,"hectareas":4.772},"geometry":{"type":"Polygon","coordinates":[[[-105.182892,27.848606],[-105.183105,27.849204],[-105.183272,27.849624],[-105.183403,27.850202],[-105.183391,27.850517],[-105.183297,27.850654],[-105.183463,27.851074],[-105.183807,27.85183],[-105.184151,27.852344],[-105.184246,27.852596],[-105.184246,27.852733],[-105.184365,27.852974],[-105.184401,27.853205],[-105.184495,27.853247],[-105.18452,27.853552],[-105.184484,27.853636],[-105.184283,27.853636],[-105.184165,27.853542],[-105.184011,27.853269],[-105.18388,27.853143],[-105.183727,27.852975],[-105.183608,27.852923],[-105.183324,27.85244],[-105.183241,27.852261],[-105.183217,27.852156],[-105.182553,27.851012],[-105.182162,27.850529],[-105.18196,27.850141],[-105.181948,27.849931],[-105.181924,27.849721],[-105.181936,27.849584],[-105.182018,27.849469],[-105.182136,27.849311],[-105.182278,27.849248],[-105.182431,27.849079],[-105.182573,27.848932],[-105.182573,27.848795],[-105.182608,27.848669],[-105.18262,27.848533],[-105.18269,27.848459],[-105.182797,27.84849],[-105.182821,27.848532],[-105.182892,27.848606]]]}},{"type":"Feature","properties":{"modulo":1,"idparcela":"************","productor":null,"cultivo":"Sin Cultivo","superficie_fisica_ha":null,"superficie_riego_ha":null,"hectareas":0.84},"geometry":{"type":"Polygon","coordinates":[[[-105.184158,27.842206],[-105.184725,27.842142],[-105.185045,27.84293],[-105.183682,27.843034],[-105.184158,27.842206]]]}},{"type":"Feature","properties":{"modulo":1,"idparcela":"************","productor":null,"cultivo":"Sin Cultivo","superficie_fisica_ha":null,"superficie_riego_ha":null,"hectareas":5.106},"geometry":{"type":"Polygon","coordinates":[[[-105.186042,27.844905],[-105.182783,27.844901],[-105.182767,27.844561],[-105.182884,27.844288],[-105.18312,27.843889],[-105.183238,27.843605],[-105.183391,27.84331],[-105.183651,27.843037],[-105.183682,27.843034],[-105.185045,27.84293],[-105.185342,27.843539],[-105.186042,27.844905]]]}},{"type":"Feature","properties":{"modulo":1,"idparcela":"8553","productor":"SALCIDO CAMPOS SALVADOR","cultivo":"Nogal (Nuez)","superficie_fisica_ha":1.6,"superficie_riego_ha":1.6,"hectareas":1.253},"geometry":{"type":"Polygon","coordinates":[[[-105.183094,27.844981],[-105.183017,27.845549],[-105.183266,27.846084],[-105.183347,27.846363],[-105.183385,27.846494],[-105.182451,27.846484],[-105.182379,27.845854],[-105.182343,27.845434],[-105.182425,27.845098],[-105.182476,27.844967],[-105.183094,27.844981]]]}},{"type":"Feature","properties":{"modulo":1,"idparcela":"************","productor":null,"cultivo":"Sin Cultivo","superficie_fisica_ha":null,"superficie_riego_ha":null,"hectareas":0.765},"geometry":{"type":"Polygon","coordinates":[[[-105.183706,27.847754],[-105.183393,27.846561],[-105.183461,27.846559],[-105.18346,27.846525],[-105.183457,27.846422],[-105.184106,27.846388],[-105.184,27.846966],[-105.183977,27.847207],[-105.184013,27.847365],[-105.184143,27.847543],[-105.184238,27.847627],[-105.18425,27.847743],[-105.183706,27.847754]]]}},{"type":"Feature","properties":{"modulo":1,"idparcela":"************","productor":null,"cultivo":"Sin Cultivo","superficie_fisica_ha":null,"superficie_riego_ha":null,"hectareas":5.872},"geometry":{"type":"Polygon","coordinates":[[[-105.186089,27.844998],[-105.186869,27.846706],[-105.18416,27.846743],[-105.184189,27.846391],[-105.184226,27.84633],[-105.183347,27.846363],[-105.183266,27.846084],[-105.183017,27.845549],[-105.183094,27.844981],[-105.186089,27.844998]]]}},{"type":"Feature","properties":{"modulo":1,"idparcela":"************","productor":null,"cultivo":"Sin Cultivo","superficie_fisica_ha":null,"superficie_riego_ha":null,"hectareas":8.658},"geometry":{"type":"Polygon","coordinates":[[[-105.184211,27.849168],[-105.183706,27.847796],[-105.184273,27.847785],[-105.184285,27.847627],[-105.184202,27.847543],[-105.184048,27.847323],[-105.184012,27.847176],[-105.184083,27.846808],[-105.18688,27.846758],[-105.187987,27.84904],[-105.184211,27.849168]]]}},{"type":"Feature","properties":{"modulo":1,"idparcela":"************","productor":null,"cultivo":"Sin Cultivo","superficie_fisica_ha":null,"superficie_riego_ha":null,"hectareas":5.444},"geometry":{"type":"Polygon","coordinates":[[[-105.18861,27.850384],[-105.184607,27.850386],[-105.184211,27.849168],[-105.187987,27.84904],[-105.18861,27.850384]]]}},{"type":"Feature","properties":{"modulo":1,"idparcela":"************","productor":null,"cultivo":"Sin Cultivo","superficie_fisica_ha":null,"superficie_riego_ha":null,"hectareas":3.69},"geometry":{"type":"Polygon","coordinates":[[[-105.189175,27.851433],[-105.185675,27.851419],[-105.185421,27.850918],[-105.185388,27.850826],[-105.185247,27.850441],[-105.188687,27.850458],[-105.189175,27.851433]]]}},{"type":"Feature","properties":{"modulo":1,"idparcela":"************","productor":null,"cultivo":"Sin Cultivo","superficie_fisica_ha":null,"superficie_riego_ha":null,"hectareas":4.432},"geometry":{"type":"Polygon","coordinates":[[[-105.189775,27.852615],[-105.187961,27.852599],[-105.187846,27.852619],[-105.18635,27.852571],[-105.185979,27.852021],[-105.185675,27.851419],[-105.189175,27.851433],[-105.189775,27.852615]]]}},{"type":"Feature","properties":{"modulo":1,"idparcela":"************","productor":null,"cultivo":"Sin Cultivo","superficie_fisica_ha":null,"superficie_riego_ha":null,"hectareas":4.066},"geometry":{"type":"Polygon","coordinates":[[[-105.190217,27.853376],[-105.186854,27.853436],[-105.186801,27.853349],[-105.184945,27.853473],[-105.184815,27.853205],[-105.184731,27.852963],[-105.185423,27.85266],[-105.186315,27.852667],[-105.18796,27.852683],[-105.189834,27.852686],[-105.190217,27.853376]]]}},{"type":"Feature","properties":{"modulo":1,"idparcela":"************","productor":null,"cultivo":"Sin Cultivo","superficie_fisica_ha":null,"superficie_riego_ha":null,"hectareas":4.539},"geometry":{"type":"Polygon","coordinates":[[[-105.184696,27.852911],[-105.184186,27.851882],[-105.18364,27.850895],[-105.183568,27.850223],[-105.183508,27.84975],[-105.183774,27.849682],[-105.183928,27.850049],[-105.184354,27.849975],[-105.184544,27.850458],[-105.185169,27.850477],[-105.185372,27.851003],[-105.185598,27.851423],[-105.185817,27.85189],[-105.186244,27.852615],[-105.185393,27.852616],[-105.184696,27.852911]]]}},{"type":"Feature","properties":{"modulo":1,"idparcela":"************","productor":null,"cultivo":"Sin Cultivo","superficie_fisica_ha":null,"superficie_riego_ha":null,"hectareas":2.204},"geometry":{"type":"Polygon","coordinates":[[[-105.183485,27.849708],[-105.183022,27.848543],[-105.182962,27.848081],[-105.183219,27.846546],[-105.183255,27.846536],[-105.183647,27.847796],[-105.184051,27.84914],[-105.184336,27.849949],[-105.183958,27.850012],[-105.183804,27.849634],[-105.183485,27.849708]]]}},{"type":"Feature","properties":{"modulo":1,"idparcela":"************","productor":null,"cultivo":"Sin Cultivo","superficie_fisica_ha":null,"superficie_riego_ha":null,"hectareas":2.762},"geometry":{"type":"Polygon","coordinates":[[[-105.18744,27.854907],[-105.1856,27.854978],[-105.185158,27.853541],[-105.186738,27.853429],[-105.18744,27.854907]]]}},{"type":"Feature","properties":{"modulo":1,"idparcela":"************","productor":null,"cultivo":"Sin Cultivo","superficie_fisica_ha":null,"superficie_riego_ha":null,"hectareas":2.505},"geometry":{"type":"Polygon","coordinates":[[[-105.190485,27.854032],[-105.187169,27.854147],[-105.186854,27.853436],[-105.190217,27.853376],[-105.190465,27.854007],[-105.190485,27.854032]]]}},{"type":"Feature","properties":{"modulo":1,"idparcela":"8581","productor":"DOMINGUEZ JAUREGUI PABLO","cultivo":"Nogal (Nuez)","superficie_fisica_ha":2.8089,"superficie_riego_ha":2.8089,"hectareas":3.747},"geometry":{"type":"Polygon","coordinates":[[[-105.18743,27.854687],[-105.190747,27.854482],[-105.191196,27.85545],[-105.191129,27.855454],[-105.187943,27.855737],[-105.187513,27.854977],[-105.18758,27.854954],[-105.18743,27.854687]]]}},{"type":"Feature","properties":{"modulo":1,"idparcela":"************","productor":null,"cultivo":"Sin Cultivo","superficie_fisica_ha":null,"superficie_riego_ha":null,"hectareas":4.219},"geometry":{"type":"Polygon","coordinates":[[[-105.185921,27.857637],[-105.186003,27.856912],[-105.185825,27.85667],[-105.185763,27.855042],[-105.186674,27.855009],[-105.188026,27.857634],[-105.186288,27.857615],[-105.186146,27.857552],[-105.185921,27.857637]]]}},{"type":"Feature","properties":{"modulo":1,"idparcela":"************","productor":null,"cultivo":"Sin Cultivo","superficie_fisica_ha":null,"superficie_riego_ha":null,"hectareas":5.563},"geometry":{"type":"Polygon","coordinates":[[[-105.191196,27.85545],[-105.191952,27.857141],[-105.188663,27.857118],[-105.187943,27.855737],[-105.191129,27.855454],[-105.191196,27.85545]]]}},{"type":"Feature","properties":{"modulo":1,"idparcela":"************","productor":null,"cultivo":"Sin Cultivo","superficie_fisica_ha":null,"superficie_riego_ha":null,"hectareas":4.355},"geometry":{"type":"Polygon","coordinates":[[[-105.192358,27.857737],[-105.188116,27.857624],[-105.186745,27.85503],[-105.187513,27.854977],[-105.187943,27.855737],[-105.188663,27.857118],[-105.191952,27.857141],[-105.192358,27.857737]]]}},{"type":"Feature","properties":{"modulo":1,"idparcela":"8582","productor":"AGUAYO URIBE FRANCISCO","cultivo":"Nogal (Nuez)","superficie_fisica_ha":19.9414,"superficie_riego_ha":19.9414,"hectareas":9.62},"geometry":{"type":"Polygon","coordinates":[[[-105.194706,27.85774],[-105.192577,27.857701],[-105.19252,27.857691],[-105.191997,27.857072],[-105.19119,27.855203],[-105.195106,27.854775],[-105.195137,27.855252],[-105.195137,27.855758],[-105.195037,27.856306],[-105.194799,27.856884],[-105.194772,27.857334],[-105.194706,27.85774]]]}},{"type":"Feature","properties":{"modulo":1,"idparcela":"8576","productor":"GONZALEZ ORTEGA EDGAR","cultivo":"Nogal (Nuez)","superficie_fisica_ha":15,"superficie_riego_ha":13.6,"hectareas":12.968},"geometry":{"type":"Polygon","coordinates":[[[-105.18992,27.852577],[-105.1901,27.852461],[-105.190428,27.852404],[-105.19068,27.85236],[-105.19078,27.852329],[-105.191088,27.852239],[-105.191251,27.852174],[-105.191395,27.852104],[-105.191681,27.851935],[-105.191845,27.851887],[-105.192008,27.851838],[-105.192329,27.85177],[-105.192928,27.851696],[-105.192966,27.851926],[-105.19308,27.852171],[-105.193151,27.852249],[-105.193205,27.852371],[-105.193393,27.852542],[-105.194236,27.852835],[-105.194851,27.853412],[-105.194909,27.853462],[-105.195014,27.854366],[-105.195106,27.854775],[-105.19119,27.855203],[-105.18992,27.852577]]]}},{"type":"Feature","properties":{"modulo":1,"idparcela":"56","productor":"TRILLO GAMBOA DOMINGO","cultivo":"Nogal (Nuez)","superficie_fisica_ha":2.3789,"superficie_riego_ha":2.3789,"hectareas":2.307},"geometry":{"type":"Polygon","coordinates":[[[-105.192148,27.849024],[-105.193813,27.849143],[-105.193848,27.849457],[-105.194066,27.850219],[-105.194089,27.850288],[-105.192525,27.850495],[-105.192512,27.850462],[-105.192494,27.850421],[-105.192351,27.849927],[-105.192148,27.849024]]]}},{"type":"Feature","properties":{"modulo":1,"idparcela":"************","productor":null,"cultivo":"Sin Cultivo","superficie_fisica_ha":null,"superficie_riego_ha":null,"hectareas":1.732},"geometry":{"type":"Polygon","coordinates":[[[-105.194398,27.851201],[-105.193014,27.851586],[-105.192525,27.850495],[-105.194089,27.850288],[-105.194398,27.851201]]]}},{"type":"Feature","properties":{"modulo":1,"idparcela":"************","productor":null,"cultivo":"Sin Cultivo","superficie_fisica_ha":null,"superficie_riego_ha":null,"hectareas":4.816},"geometry":{"type":"Polygon","coordinates":[[[-105.190765,27.8491],[-105.191711,27.849025],[-105.191711,27.849182],[-105.191829,27.849689],[-105.191863,27.850424],[-105.190183,27.850503],[-105.188866,27.850622],[-105.188838,27.850553],[-105.188746,27.850441],[-105.188343,27.849597],[-105.188248,27.849397],[-105.188272,27.849355],[-105.190765,27.8491]]]}},{"type":"Feature","properties":{"modulo":1,"idparcela":"8575","productor":"MARQUEZ RIVERA FERNANDO","cultivo":"Alfalfa","superficie_fisica_ha":6.72,"superficie_riego_ha":6.72,"hectareas":5.821},"geometry":{"type":"Polygon","coordinates":[[[-105.192946,27.851623],[-105.192047,27.851724],[-105.191763,27.851809],[-105.191338,27.852051],[-105.191114,27.852156],[-105.19083,27.85222],[-105.190657,27.852301],[-105.190417,27.852357],[-105.190074,27.852389],[-105.189849,27.852515],[-105.188918,27.850618],[-105.190145,27.850507],[-105.190183,27.850503],[-105.191863,27.850424],[-105.191868,27.850541],[-105.191988,27.850535],[-105.192083,27.850531],[-105.192443,27.850514],[-105.192946,27.851623]]]}},{"type":"Feature","properties":{"modulo":1,"idparcela":"8550","productor":"SOLIS SILVA RAMON","cultivo":"Otros Cultivos Varios","superficie_fisica_ha":2.5,"superficie_riego_ha":2.5,"hectareas":2.331},"geometry":{"type":"Polygon","coordinates":[[[-105.192431,27.848362],[-105.191952,27.848286],[-105.191835,27.848245],[-105.191775,27.848169],[-105.191026,27.846367],[-105.19147,27.846357],[-105.191588,27.846388],[-105.19192,27.846713],[-105.192156,27.846839],[-105.192357,27.846902],[-105.192689,27.846996],[-105.192973,27.847121],[-105.193054,27.847227],[-105.193046,27.847321],[-105.192431,27.848362]]]}},{"type":"Feature","properties":{"modulo":1,"idparcela":"51","productor":"MARQUEZ MENDOZA RAUL","cultivo":"Nogal (Nuez)","superficie_fisica_ha":2.096,"superficie_riego_ha":2.096,"hectareas":2.612},"geometry":{"type":"Polygon","coordinates":[[[-105.193065,27.846081],[-105.191387,27.846189],[-105.190825,27.845257],[-105.191349,27.845086],[-105.192354,27.844937],[-105.193273,27.844831],[-105.193266,27.845311],[-105.193064,27.845577],[-105.193065,27.846081]]]}},{"type":"Feature","properties":{"modulo":1,"idparcela":"************","productor":null,"cultivo":"Sin Cultivo","superficie_fisica_ha":null,"superficie_riego_ha":null,"hectareas":3.167},"geometry":{"type":"Polygon","coordinates":[[[-105.188207,27.849303],[-105.18783,27.848599],[-105.19171,27.848247],[-105.191745,27.848331],[-105.192391,27.848417],[-105.192103,27.848943],[-105.192016,27.848936],[-105.191872,27.848948],[-105.191699,27.84896],[-105.188302,27.84925],[-105.188207,27.849303]]]}},{"type":"Feature","properties":{"modulo":1,"idparcela":"************","productor":null,"cultivo":"Sin Cultivo","superficie_fisica_ha":null,"superficie_riego_ha":null,"hectareas":2.872},"geometry":{"type":"Polygon","coordinates":[[[-105.187161,27.847142],[-105.186919,27.846615],[-105.186836,27.846447],[-105.190879,27.846273],[-105.191129,27.846868],[-105.187161,27.847142]]]}},{"type":"Feature","properties":{"modulo":1,"idparcela":"************","productor":null,"cultivo":"Sin Cultivo","superficie_fisica_ha":null,"superficie_riego_ha":null,"hectareas":6.256},"geometry":{"type":"Polygon","coordinates":[[[-105.18783,27.848599],[-105.187161,27.847142],[-105.191129,27.846868],[-105.19171,27.848247],[-105.18783,27.848599]]]}},{"type":"Feature","properties":{"modulo":1,"idparcela":"8549","productor":"ORTEGA MELENDEZ OCTAVIO I","cultivo":"Nogal (Nuez)","superficie_fisica_ha":1,"superficie_riego_ha":1,"hectareas":0.973},"geometry":{"type":"Polygon","coordinates":[[[-105.191328,27.84621],[-105.190319,27.846227],[-105.189994,27.845708],[-105.189826,27.845373],[-105.189861,27.845371],[-105.190711,27.845265],[-105.191328,27.84621]]]}},{"type":"Feature","properties":{"modulo":1,"idparcela":"8547","productor":"SOTO ORTEGA GREGORIO","cultivo":"Nogal (Nuez)","superficie_fisica_ha":2.8,"superficie_riego_ha":2.8,"hectareas":1.883},"geometry":{"type":"Polygon","coordinates":[[[-105.186612,27.845906],[-105.189994,27.845708],[-105.190319,27.846227],[-105.190194,27.846238],[-105.186831,27.846364],[-105.186612,27.845906]]]}},{"type":"Feature","properties":{"modulo":1,"idparcela":"************","productor":null,"cultivo":"Sin Cultivo","superficie_fisica_ha":null,"superficie_riego_ha":null,"hectareas":2.68},"geometry":{"type":"Polygon","coordinates":[[[-105.184836,27.842169],[-105.188097,27.84183],[-105.188189,27.842034],[-105.188413,27.842536],[-105.185154,27.842909],[-105.184836,27.842169]]]}},{"type":"Feature","properties":{"modulo":1,"idparcela":"************","productor":null,"cultivo":"Sin Cultivo","superficie_fisica_ha":null,"superficie_riego_ha":null,"hectareas":3.998},"geometry":{"type":"Polygon","coordinates":[[[-105.185662,27.843953],[-105.185154,27.842909],[-105.188413,27.842536],[-105.18898,27.843613],[-105.185662,27.843953]]]}},{"type":"Feature","properties":{"modulo":1,"idparcela":"************","productor":null,"cultivo":"Sin Cultivo","superficie_fisica_ha":null,"superficie_riego_ha":null,"hectareas":3.884},"geometry":{"type":"Polygon","coordinates":[[[-105.186178,27.84492],[-105.185662,27.843953],[-105.18898,27.843613],[-105.188981,27.843647],[-105.189317,27.844335],[-105.189348,27.844446],[-105.189481,27.844726],[-105.186178,27.84492]]]}},{"type":"Feature","properties":{"modulo":1,"idparcela":"8542","productor":"ORTEGA MELENDEZ OCTAVIO I","cultivo":"Nogal (Nuez)","superficie_fisica_ha":1.26,"superficie_riego_ha":1.26,"hectareas":1.998},"geometry":{"type":"Polygon","coordinates":[[[-105.189707,27.845296],[-105.186586,27.845435],[-105.186452,27.845489],[-105.186178,27.84492],[-105.189481,27.844726],[-105.189707,27.845296]]]}},{"type":"Feature","properties":{"modulo":1,"idparcela":"50","productor":"URANGA ORTEGA JESUS M.","cultivo":"Ma­z","superficie_fisica_ha":3,"superficie_riego_ha":3,"hectareas":0.614},"geometry":{"type":"Polygon","coordinates":[[[-105.189707,27.844317],[-105.189784,27.8445],[-105.189907,27.844622],[-105.190058,27.84467],[-105.190333,27.844841],[-105.190471,27.844975],[-105.19054,27.845085],[-105.190664,27.845231],[-105.189799,27.845305],[-105.189592,27.844769],[-105.189416,27.844379],[-105.189707,27.844317]]]}},{"type":"Feature","properties":{"modulo":1,"idparcela":"29","productor":"AYUB AZAR JUAN SALOMON","cultivo":"Sin Cultivo","superficie_fisica_ha":2.025,"superficie_riego_ha":2.025,"hectareas":0.306},"geometry":{"type":"Polygon","coordinates":[[[-105.188537,27.842547],[-105.188899,27.842483],[-105.189224,27.843232],[-105.188875,27.843281],[-105.188537,27.842547]]]}},{"type":"Feature","properties":{"modulo":1,"idparcela":"49","productor":"TORRES SALAS ANTONIO","cultivo":"Alfalfa","superficie_fisica_ha":4.3434,"superficie_riego_ha":4.3434,"hectareas":0.373},"geometry":{"type":"Polygon","coordinates":[[[-105.189251,27.843288],[-105.189707,27.844317],[-105.189416,27.844379],[-105.189068,27.84361],[-105.188904,27.843323],[-105.189251,27.843288]]]}},{"type":"Feature","properties":{"modulo":1,"idparcela":"49","productor":"TORRES SALAS ANTONIO","cultivo":"Alfalfa","superficie_fisica_ha":4.3434,"superficie_riego_ha":4.3434,"hectareas":3.784},"geometry":{"type":"Polygon","coordinates":[[[-105.189301,27.843268],[-105.191991,27.842703],[-105.192197,27.842727],[-105.192294,27.842824],[-105.192473,27.843373],[-105.192775,27.843324],[-105.192899,27.843324],[-105.19305,27.843543],[-105.193083,27.843658],[-105.189765,27.844301],[-105.189301,27.843268]]]}},{"type":"Feature","properties":{"modulo":1,"idparcela":"50","productor":"URANGA ORTEGA JESUS M.","cultivo":"Ma­z","superficie_fisica_ha":3,"superficie_riego_ha":3,"hectareas":3.218},"geometry":{"type":"Polygon","coordinates":[[[-105.193083,27.843658],[-105.193106,27.843739],[-105.193216,27.844092],[-105.193038,27.844202],[-105.193134,27.844398],[-105.193107,27.84452],[-105.192942,27.844618],[-105.19286,27.844679],[-105.192848,27.844788],[-105.191295,27.845035],[-105.190801,27.845182],[-105.190691,27.845036],[-105.190539,27.844865],[-105.190443,27.844768],[-105.190306,27.844694],[-105.190168,27.844621],[-105.190072,27.844609],[-105.189921,27.844536],[-105.189838,27.844463],[-105.189765,27.844301],[-105.193083,27.843658]]]}},{"type":"Feature","properties":{"modulo":1,"idparcela":"47","productor":"MARQUEZ N MODESTA","cultivo":"Sin Cultivo","superficie_fisica_ha":4.56,"superficie_riego_ha":4.56,"hectareas":0.668},"geometry":{"type":"Polygon","coordinates":[[[-105.187895,27.840438],[-105.188527,27.840389],[-105.188554,27.840413],[-105.188527,27.840547],[-105.188459,27.840694],[-105.188322,27.840853],[-105.188322,27.841133],[-105.188419,27.84156],[-105.188557,27.841853],[-105.188241,27.841915],[-105.188075,27.841451],[-105.187882,27.840902],[-105.187895,27.840438]]]}},{"type":"Feature","properties":{"modulo":1,"idparcela":"47","productor":"MARQUEZ N MODESTA","cultivo":"Sin Cultivo","superficie_fisica_ha":4.56,"superficie_riego_ha":4.56,"hectareas":4.597},"geometry":{"type":"Polygon","coordinates":[[[-105.191673,27.841226],[-105.188612,27.841829],[-105.188584,27.841719],[-105.188515,27.84156],[-105.188391,27.841267],[-105.188418,27.840975],[-105.188459,27.840828],[-105.188541,27.840633],[-105.188637,27.840388],[-105.189845,27.840179],[-105.191273,27.839994],[-105.191424,27.840311],[-105.191493,27.840494],[-105.191631,27.840567],[-105.191727,27.840555],[-105.191727,27.840579],[-105.191672,27.840921],[-105.191673,27.841226]]]}},{"type":"Feature","properties":{"modulo":1,"idparcela":"39","productor":"VILLASEóOR VILLEGAS MARIO Y HECTO","cultivo":"Nogal (Nuez)","superficie_fisica_ha":7.52,"superficie_riego_ha":7.52,"hectareas":6.463},"geometry":{"type":"Polygon","coordinates":[[[-105.192538,27.8393],[-105.191079,27.839958],[-105.190125,27.8401],[-105.18961,27.838984],[-105.189632,27.838899],[-105.189707,27.83876],[-105.189746,27.838593],[-105.189745,27.838422],[-105.189783,27.838243],[-105.189814,27.838117],[-105.189894,27.837942],[-105.189909,27.837824],[-105.189854,27.837677],[-105.189747,27.837465],[-105.189977,27.837421],[-105.190375,27.837371],[-105.19076,27.837346],[-105.191062,27.83737],[-105.191213,27.837346],[-105.191391,27.837248],[-105.191502,27.837565],[-105.191895,27.837483],[-105.192538,27.8393]]]}},{"type":"Feature","properties":{"modulo":1,"idparcela":"8532","productor":"MORIEL MARQUEZ RICARDO","cultivo":"Nogal (Nuez)","superficie_fisica_ha":3.55,"superficie_riego_ha":3.55,"hectareas":5.078},"geometry":{"type":"Polygon","coordinates":[[[-105.184874,27.840662],[-105.187758,27.840365],[-105.187813,27.840817],[-105.18809,27.841756],[-105.184204,27.842152],[-105.18456,27.841566],[-105.184752,27.841175],[-105.184847,27.840931],[-105.184874,27.840662]]]}},{"type":"Feature","properties":{"modulo":1,"idparcela":"8530","productor":"RAMOS FLORES MA. ZULEMA","cultivo":"Nogal (Nuez)","superficie_fisica_ha":4,"superficie_riego_ha":4,"hectareas":4.03},"geometry":{"type":"Polygon","coordinates":[[[-105.187744,27.840304],[-105.184874,27.840613],[-105.184888,27.840454],[-105.184888,27.840308],[-105.184791,27.840174],[-105.184791,27.840015],[-105.184625,27.839515],[-105.184611,27.839173],[-105.187041,27.839024],[-105.187744,27.840304]]]}},{"type":"Feature","properties":{"modulo":1,"idparcela":"8519","productor":"MORIEL PORTILLO RAFAEL","cultivo":"Nogal (Nuez)","superficie_fisica_ha":12.0028,"superficie_riego_ha":12.0028,"hectareas":9.45},"geometry":{"type":"Polygon","coordinates":[[[-105.182684,27.836588],[-105.186157,27.835778],[-105.186144,27.836327],[-105.186213,27.836486],[-105.186364,27.83662],[-105.186479,27.836705],[-105.186557,27.836803],[-105.186325,27.837645],[-105.187,27.838987],[-105.184597,27.839125],[-105.184542,27.839003],[-105.184391,27.838807],[-105.184115,27.838429],[-105.18362,27.837979],[-105.183441,27.8376],[-105.183124,27.837052],[-105.182684,27.836588]]]}},{"type":"Feature","properties":{"modulo":1,"idparcela":"************","productor":null,"cultivo":"Sin Cultivo","superficie_fisica_ha":null,"superficie_riego_ha":null,"hectareas":3.407},"geometry":{"type":"Polygon","coordinates":[[[-105.186279,27.836337],[-105.188039,27.836093],[-105.188094,27.836154],[-105.188149,27.8363],[-105.188259,27.836349],[-105.188341,27.836459],[-105.188506,27.836507],[-105.188699,27.836495],[-105.188822,27.836373],[-105.188822,27.836275],[-105.18867,27.836153],[-105.188547,27.836031],[-105.189247,27.835945],[-105.189449,27.835818],[-105.189476,27.83597],[-105.189521,27.836179],[-105.189536,27.836335],[-105.189536,27.836555],[-105.189523,27.83675],[-105.189471,27.837067],[-105.189418,27.837086],[-105.187107,27.837437],[-105.186997,27.837156],[-105.18664,27.836949],[-105.186639,27.836864],[-105.186625,27.83673],[-105.186528,27.836675],[-105.186364,27.836535],[-105.186279,27.836337]]]}},{"type":"Feature","properties":{"modulo":1,"idparcela":"************","productor":null,"cultivo":"Sin Cultivo","superficie_fisica_ha":null,"superficie_riego_ha":null,"hectareas":1.839},"geometry":{"type":"Polygon","coordinates":[[[-105.191734,27.837113],[-105.19135,27.837175],[-105.191185,27.837285],[-105.19087,27.837273],[-105.189703,27.837397],[-105.189578,27.837128],[-105.189674,27.836701],[-105.189664,27.836507],[-105.189671,27.836261],[-105.189659,27.83592],[-105.19029,27.83587],[-105.19036,27.836554],[-105.19036,27.836712],[-105.190388,27.836969],[-105.190841,27.836931],[-105.190786,27.836651],[-105.191239,27.836479],[-105.191555,27.836772],[-105.191597,27.836881],[-105.191734,27.837113]]]}},{"type":"Feature","properties":{"modulo":1,"idparcela":"************","productor":null,"cultivo":"Sin Cultivo","superficie_fisica_ha":null,"superficie_riego_ha":null,"hectareas":0.853},"geometry":{"type":"Polygon","coordinates":[[[-105.190429,27.836651],[-105.190331,27.835821],[-105.189631,27.835847],[-105.189548,27.835591],[-105.189521,27.835395],[-105.18952,27.835224],[-105.189657,27.835188],[-105.190537,27.835797],[-105.191216,27.836446],[-105.190772,27.83659],[-105.190429,27.836651]]]}},{"type":"Feature","properties":{"modulo":1,"idparcela":"************","productor":null,"cultivo":"Sin Cultivo","superficie_fisica_ha":null,"superficie_riego_ha":null,"hectareas":1.166},"geometry":{"type":"Polygon","coordinates":[[[-105.200777,27.856575],[-105.200331,27.855549],[-105.201175,27.855213],[-105.201398,27.855568],[-105.201487,27.855903],[-105.201532,27.856041],[-105.201576,27.85616],[-105.201555,27.856357],[-105.200777,27.856575]]]}},{"type":"Feature","properties":{"modulo":1,"idparcela":"************","productor":null,"cultivo":"Sin Cultivo","superficie_fisica_ha":null,"superficie_riego_ha":null,"hectareas":1.671},"geometry":{"type":"Polygon","coordinates":[[[-105.198446,27.857171],[-105.198303,27.856682],[-105.200301,27.855724],[-105.200644,27.856516],[-105.198446,27.857171]]]}},{"type":"Feature","properties":{"modulo":1,"idparcela":"************","productor":null,"cultivo":"Sin Cultivo","superficie_fisica_ha":null,"superficie_riego_ha":null,"hectareas":1.844},"geometry":{"type":"Polygon","coordinates":[[[-105.198303,27.856682],[-105.198133,27.856105],[-105.198266,27.855927],[-105.198332,27.85569],[-105.19962,27.855057],[-105.199865,27.855372],[-105.200243,27.855589],[-105.200301,27.855724],[-105.198303,27.856682]]]}},{"type":"Feature","properties":{"modulo":1,"idparcela":"************","productor":null,"cultivo":"Sin Cultivo","superficie_fisica_ha":null,"superficie_riego_ha":null,"hectareas":0.477},"geometry":{"type":"Polygon","coordinates":[[[-105.198022,27.856323],[-105.19829,27.857053],[-105.19798,27.857152],[-105.197846,27.857152],[-105.197691,27.857172],[-105.197624,27.857192],[-105.197558,27.85733],[-105.197447,27.85735],[-105.197424,27.857271],[-105.197424,27.857034],[-105.19749,27.856856],[-105.19769,27.856698],[-105.197867,27.85654],[-105.198022,27.856323]]]}},{"type":"Feature","properties":{"modulo":1,"idparcela":"************","productor":null,"cultivo":"Sin Cultivo","superficie_fisica_ha":null,"superficie_riego_ha":null,"hectareas":1.108},"geometry":{"type":"Polygon","coordinates":[[[-105.19578,27.857017],[-105.196246,27.856779],[-105.196623,27.856561],[-105.197001,27.856324],[-105.197378,27.856047],[-105.19791,27.855829],[-105.198155,27.85573],[-105.198199,27.855868],[-105.198044,27.856105],[-105.197911,27.856224],[-105.197556,27.856442],[-105.197356,27.856521],[-105.197201,27.856758],[-105.19709,27.856877],[-105.196802,27.856996],[-105.196535,27.857055],[-105.196291,27.857134],[-105.19618,27.857194],[-105.196114,27.857233],[-105.196025,27.857253],[-105.19578,27.857017]]]}},{"type":"Feature","properties":{"modulo":1,"idparcela":"************","productor":null,"cultivo":"Sin Cultivo","superficie_fisica_ha":null,"superficie_riego_ha":null,"hectareas":4.057},"geometry":{"type":"Polygon","coordinates":[[[-105.200351,27.854069],[-105.200507,27.854404],[-105.200574,27.854799],[-105.200441,27.854819],[-105.200263,27.854819],[-105.200041,27.854819],[-105.199819,27.854879],[-105.199575,27.854998],[-105.19831,27.855631],[-105.198243,27.855592],[-105.198176,27.855414],[-105.19822,27.855217],[-105.198353,27.85496],[-105.198042,27.855079],[-105.197931,27.854961],[-105.197665,27.854941],[-105.19742,27.854942],[-105.197132,27.855041],[-105.196998,27.855061],[-105.197153,27.854804],[-105.19722,27.854626],[-105.197397,27.854646],[-105.197442,27.854586],[-105.197352,27.854349],[-105.197419,27.85429],[-105.197597,27.85429],[-105.197886,27.854309],[-105.198041,27.854506],[-105.198175,27.854743],[-105.198397,27.854782],[-105.198352,27.854565],[-105.198197,27.854309],[-105.198041,27.854191],[-105.197818,27.854053],[-105.19713,27.853975],[-105.196819,27.854113],[-105.196686,27.854331],[-105.196286,27.85443],[-105.195975,27.85447],[-105.195909,27.854411],[-105.196286,27.854272],[-105.196397,27.854153],[-105.19613,27.854174],[-105.195864,27.854312],[-105.19562,27.854352],[-105.195819,27.854213],[-105.19593,27.854095],[-105.196041,27.853897],[-105.196308,27.853857],[-105.196485,27.853758],[-105.19664,27.853699],[-105.196885,27.853639],[-105.19724,27.853659],[-105.197396,27.853599],[-105.197729,27.85348],[-105.197995,27.85348],[-105.198129,27.853618],[-105.19824,27.853855],[-105.198374,27.854072],[-105.198796,27.854387],[-105.19913,27.854505],[-105.199374,27.854426],[-105.199729,27.854247],[-105.200018,27.85405],[-105.200351,27.854069]]]}},{"type":"Feature","properties":{"modulo":1,"idparcela":"************","productor":null,"cultivo":"Sin Cultivo","superficie_fisica_ha":null,"superficie_riego_ha":null,"hectareas":5.25},"geometry":{"type":"Polygon","coordinates":[[[-105.200979,27.857444],[-105.200646,27.857641],[-105.200224,27.85782],[-105.199914,27.857998],[-105.199758,27.857781],[-105.198848,27.858157],[-105.198959,27.858532],[-105.198827,27.858848],[-105.198672,27.859006],[-105.198583,27.859145],[-105.198317,27.859224],[-105.198117,27.859323],[-105.198028,27.859442],[-105.197784,27.859639],[-105.197673,27.859738],[-105.197473,27.859778],[-105.197318,27.859699],[-105.197295,27.859502],[-105.197184,27.859423],[-105.197095,27.859384],[-105.19705,27.859305],[-105.19705,27.859206],[-105.197072,27.859147],[-105.197117,27.859107],[-105.19725,27.859028],[-105.197428,27.859028],[-105.197716,27.859028],[-105.19785,27.858988],[-105.197849,27.858771],[-105.197716,27.858771],[-105.197538,27.85883],[-105.19725,27.858929],[-105.197117,27.859048],[-105.19685,27.859127],[-105.196628,27.859226],[-105.196406,27.859286],[-105.196184,27.859306],[-105.195984,27.859326],[-105.19574,27.859287],[-105.195606,27.859267],[-105.195695,27.859109],[-105.195872,27.858971],[-105.196117,27.858872],[-105.196383,27.858753],[-105.196605,27.858634],[-105.196894,27.858594],[-105.197093,27.858515],[-105.197338,27.858416],[-105.197559,27.858238],[-105.197559,27.858179],[-105.19736,27.858337],[-105.19716,27.858456],[-105.196849,27.858555],[-105.196494,27.858654],[-105.196205,27.858734],[-105.195983,27.858773],[-105.196183,27.858536],[-105.196382,27.858319],[-105.197537,27.858021],[-105.197981,27.857981],[-105.198225,27.857921],[-105.198603,27.857842],[-105.198736,27.857624],[-105.198958,27.857585],[-105.200778,27.856792],[-105.200934,27.857108],[-105.200979,27.857444]]]}},{"type":"Feature","properties":{"modulo":1,"idparcela":"************","productor":null,"cultivo":"Sin Cultivo","superficie_fisica_ha":null,"superficie_riego_ha":null,"hectareas":1.088},"geometry":{"type":"Polygon","coordinates":[[[-105.198424,27.85723],[-105.198558,27.857467],[-105.198625,27.857625],[-105.198536,27.857763],[-105.197914,27.857922],[-105.197423,27.857947],[-105.196375,27.858258],[-105.196182,27.858359],[-105.195827,27.858418],[-105.195672,27.858478],[-105.195649,27.858419],[-105.19576,27.858201],[-105.195915,27.858063],[-105.196426,27.857983],[-105.196737,27.857904],[-105.197114,27.857864],[-105.197359,27.857745],[-105.197247,27.857686],[-105.197558,27.857587],[-105.197825,27.857428],[-105.198424,27.85723]]]}},{"type":"Feature","properties":{"modulo":1,"idparcela":"8529","productor":"SANTANA SOTO HUMBERTO","cultivo":"Nogal (Nuez)","superficie_fisica_ha":5,"superficie_riego_ha":5,"hectareas":4.383},"geometry":{"type":"Polygon","coordinates":[[[-105.188939,27.839745],[-105.188938,27.839753],[-105.188828,27.8399],[-105.188732,27.839985],[-105.188609,27.840157],[-105.18854,27.840352],[-105.187854,27.840389],[-105.187826,27.840243],[-105.186407,27.837657],[-105.186571,27.836986],[-105.186956,27.837193],[-105.18708,27.83751],[-105.187731,27.837409],[-105.188939,27.839745]]]}},{"type":"Feature","properties":{"modulo":1,"idparcela":"8528","productor":"DOMINGUEZ JAUREGUI PABLO","cultivo":"Ma­z","superficie_fisica_ha":7.9396,"superficie_riego_ha":7.9396,"hectareas":3.144},"geometry":{"type":"Polygon","coordinates":[[[-105.189455,27.837141],[-105.18951,27.837311],[-105.189538,27.837397],[-105.189663,27.837532],[-105.189738,27.837641],[-105.189802,27.837818],[-105.189745,27.838043],[-105.18969,27.838288],[-105.189663,27.838556],[-105.189499,27.838923],[-105.189426,27.838985],[-105.189332,27.839013],[-105.18926,27.839047],[-105.189189,27.839104],[-105.189105,27.839173],[-105.189006,27.839338],[-105.188965,27.839473],[-105.188965,27.839607],[-105.188939,27.839745],[-105.187731,27.837409],[-105.189455,27.837141]]]}},{"type":"Feature","properties":{"modulo":1,"idparcela":"29","productor":"AYUB AZAR JUAN SALOMON","cultivo":"Sin Cultivo","superficie_fisica_ha":2.025,"superficie_riego_ha":2.025,"hectareas":2.677},"geometry":{"type":"Polygon","coordinates":[[[-105.191939,27.841989],[-105.192197,27.842361],[-105.192775,27.843068],[-105.192899,27.843238],[-105.192693,27.843275],[-105.192569,27.8433],[-105.192514,27.843324],[-105.192378,27.842872],[-105.192294,27.842727],[-105.192101,27.842654],[-105.191895,27.842691],[-105.189273,27.843219],[-105.188946,27.842475],[-105.191939,27.841989]]]}},{"type":"Feature","properties":{"modulo":1,"idparcela":"48","productor":"MARQUEZ MENDOZA JOSE","cultivo":"Nogal (Nuez)","superficie_fisica_ha":3.025,"superficie_riego_ha":3.025,"hectareas":2.172},"geometry":{"type":"Polygon","coordinates":[[[-105.188694,27.841902],[-105.191701,27.8413],[-105.191784,27.841763],[-105.191939,27.841989],[-105.188946,27.842475],[-105.188694,27.841902]]]}},{"type":"Feature","properties":{"modulo":1,"idparcela":"53","productor":"SOLIS SILVA RAMON","cultivo":"Otros Cultivos Varios","superficie_fisica_ha":2.032,"superficie_riego_ha":2.032,"hectareas":1.767},"geometry":{"type":"Polygon","coordinates":[[[-105.192749,27.848022],[-105.193197,27.8473],[-105.193197,27.847174],[-105.19302,27.847037],[-105.192629,27.84687],[-105.192275,27.846818],[-105.191872,27.846524],[-105.191588,27.846293],[-105.191541,27.84622],[-105.193089,27.846134],[-105.193168,27.846393],[-105.193189,27.846479],[-105.19321,27.84653],[-105.193528,27.84711],[-105.193635,27.847404],[-105.19374,27.848003],[-105.192749,27.848022]]]}},{"type":"Feature","properties":{"modulo":1,"idparcela":"55","productor":"SOTO ORTEGA ROGELIO","cultivo":"Alfalfa","superficie_fisica_ha":1,"superficie_riego_ha":1,"hectareas":0.975},"geometry":{"type":"Polygon","coordinates":[[[-105.192187,27.848969],[-105.192499,27.848438],[-105.193804,27.848429],[-105.193862,27.848538],[-105.193945,27.848738],[-105.193933,27.848895],[-105.193851,27.849045],[-105.192187,27.848969]]]}},{"type":"Feature","properties":{"modulo":1,"idparcela":"8428","productor":"BURCIAGA BA¥UELOS ENRIQUE","cultivo":"Alfalfa","superficie_fisica_ha":2.3,"superficie_riego_ha":2.3,"hectareas":2.139},"geometry":{"type":"Polygon","coordinates":[[[-105.178249,27.797596],[-105.176779,27.796061],[-105.176818,27.796042],[-105.176876,27.796049],[-105.176921,27.795997],[-105.177012,27.795979],[-105.177019,27.795932],[-105.177224,27.795926],[-105.177386,27.795948],[-105.177579,27.795974],[-105.177821,27.796041],[-105.177975,27.796144],[-105.178189,27.796294],[-105.178543,27.796528],[-105.178789,27.796743],[-105.179067,27.797057],[-105.179314,27.797299],[-105.179417,27.797379],[-105.179439,27.797426],[-105.178249,27.797596]]]}},{"type":"Feature","properties":{"modulo":1,"idparcela":"************","productor":null,"cultivo":"Sin Cultivo","superficie_fisica_ha":null,"superficie_riego_ha":null,"hectareas":1.077},"geometry":{"type":"Polygon","coordinates":[[[-105.176779,27.796061],[-105.178249,27.797596],[-105.177447,27.797653],[-105.177341,27.797534],[-105.177215,27.797403],[-105.177013,27.797207],[-105.176766,27.796884],[-105.176707,27.79671],[-105.176707,27.796451],[-105.176737,27.796232],[-105.176779,27.796061]]]}},{"type":"Feature","properties":{"modulo":1,"idparcela":"8426","productor":"TERRAZAS SANDOVAL ADALBERTO","cultivo":"Sin Cultivo","superficie_fisica_ha":7.45,"superficie_riego_ha":7.45,"hectareas":2.477},"geometry":{"type":"Polygon","coordinates":[[[-105.175593,27.794169],[-105.175836,27.794198],[-105.175909,27.794212],[-105.176039,27.794227],[-105.176128,27.794255],[-105.176266,27.794414],[-105.176331,27.794522],[-105.176348,27.794659],[-105.176405,27.79476],[-105.176478,27.794882],[-105.176545,27.794986],[-105.176701,27.795004],[-105.176768,27.795019],[-105.176752,27.795112],[-105.176736,27.795199],[-105.176717,27.795291],[-105.176688,27.795443],[-105.176675,27.795547],[-105.176675,27.795663],[-105.17669,27.795762],[-105.176713,27.795866],[-105.176705,27.795939],[-105.176708,27.796045],[-105.17669,27.796127],[-105.176675,27.796281],[-105.176644,27.796558],[-105.176181,27.796585],[-105.17614,27.796614],[-105.176059,27.79665],[-105.176002,27.79665],[-105.175929,27.796643],[-105.175913,27.796614],[-105.175864,27.796557],[-105.175856,27.796485],[-105.175856,27.796391],[-105.175856,27.796239],[-105.175823,27.796081],[-105.175766,27.795994],[-105.175741,27.795908],[-105.175725,27.795821],[-105.175684,27.795735],[-105.175611,27.795619],[-105.175562,27.79549],[-105.175546,27.795324],[-105.175562,27.795172],[-105.175423,27.794718],[-105.175423,27.794545],[-105.175504,27.794343],[-105.175593,27.794169]]]}},{"type":"Feature","properties":{"modulo":1,"idparcela":"8425","productor":"REY ALARCON JUAN F.","cultivo":"Nogal (Nuez)","superficie_fisica_ha":15.102,"superficie_riego_ha":13.47,"hectareas":4.701},"geometry":{"type":"Polygon","coordinates":[[[-105.179745,27.796072],[-105.176708,27.794316],[-105.176884,27.79393],[-105.177059,27.793718],[-105.177267,27.793522],[-105.177453,27.793399],[-105.177664,27.793254],[-105.178134,27.793124],[-105.178483,27.793022],[-105.178848,27.792914],[-105.17905,27.792863],[-105.179269,27.792834],[-105.179497,27.792841],[-105.179489,27.792906],[-105.179384,27.793173],[-105.179281,27.793264],[-105.179186,27.793349],[-105.179027,27.793491],[-105.17901,27.793666],[-105.178979,27.793974],[-105.17901,27.794557],[-105.179029,27.794919],[-105.179128,27.795138],[-105.179209,27.795315],[-105.179407,27.795544],[-105.179509,27.795661],[-105.179696,27.795812],[-105.179745,27.796072]]]}},{"type":"Feature","properties":{"modulo":1,"idparcela":"8427","productor":"SIMENTAL ESTRADA MARIO","cultivo":"Sin Cultivo","superficie_fisica_ha":4,"superficie_riego_ha":4,"hectareas":7.373},"geometry":{"type":"Polygon","coordinates":[[[-105.176708,27.794316],[-105.179745,27.796072],[-105.179696,27.795812],[-105.179509,27.795661],[-105.179209,27.795315],[-105.179029,27.794919],[-105.178979,27.793974],[-105.179027,27.793491],[-105.179384,27.793173],[-105.179489,27.792906],[-105.179497,27.792841],[-105.17961,27.792826],[-105.179659,27.792898],[-105.179659,27.792999],[-105.179594,27.793108],[-105.179505,27.793173],[-105.179473,27.793266],[-105.179538,27.793353],[-105.179741,27.793338],[-105.179903,27.793316],[-105.180057,27.793323],[-105.180147,27.793612],[-105.180196,27.79385],[-105.18018,27.794131],[-105.18034,27.794856],[-105.180413,27.795267],[-105.180406,27.795584],[-105.180284,27.795887],[-105.180212,27.79596],[-105.18009,27.796082],[-105.180042,27.796191],[-105.180066,27.796328],[-105.180091,27.796407],[-105.180188,27.796566],[-105.180213,27.796753],[-105.180213,27.796868],[-105.180262,27.79707],[-105.180329,27.797206],[-105.179915,27.797311],[-105.179478,27.797407],[-105.179462,27.79735],[-105.17934,27.797247],[-105.179125,27.797024],[-105.17883,27.796699],[-105.178572,27.796476],[-105.177853,27.795997],[-105.17777,27.795941],[-105.177705,27.795869],[-105.177579,27.795765],[-105.177473,27.795707],[-105.177319,27.795621],[-105.177083,27.79552],[-105.176994,27.795419],[-105.17697,27.795289],[-105.177002,27.795131],[-105.17701,27.794965],[-105.177009,27.794871],[-105.176993,27.794756],[-105.176961,27.794734],[-105.176904,27.794705],[-105.176798,27.79464],[-105.176749,27.794539],[-105.176709,27.794431],[-105.176708,27.794316]]]}},{"type":"Feature","properties":{"modulo":1,"idparcela":"8429","productor":"MELENDEZ N. JESUS","cultivo":"Sin Cultivo","superficie_fisica_ha":0.85,"superficie_riego_ha":0.85,"hectareas":1.204},"geometry":{"type":"Polygon","coordinates":[[[-105.18054,27.799296],[-105.179901,27.797369],[-105.180352,27.797265],[-105.180417,27.797481],[-105.180458,27.79769],[-105.180466,27.797806],[-105.180547,27.797914],[-105.180612,27.797993],[-105.180791,27.798202],[-105.180881,27.79839],[-105.180962,27.798613],[-105.181028,27.798779],[-105.181117,27.798952],[-105.181166,27.799082],[-105.181201,27.799161],[-105.18107,27.799182],[-105.18054,27.799296]]]}},{"type":"Feature","properties":{"modulo":1,"idparcela":"8430","productor":"FIERRO FIERRO JESUS","cultivo":"Ma­z","superficie_fisica_ha":3,"superficie_riego_ha":3,"hectareas":1.261},"geometry":{"type":"Polygon","coordinates":[[[-105.179435,27.797483],[-105.179901,27.797369],[-105.18054,27.799296],[-105.179924,27.799508],[-105.179435,27.797483]]]}},{"type":"Feature","properties":{"modulo":1,"idparcela":"8431","productor":"BURROLA N. RAMON","cultivo":"Sin Cultivo","superficie_fisica_ha":1.67,"superficie_riego_ha":1.67,"hectareas":2.452},"geometry":{"type":"Polygon","coordinates":[[[-105.178345,27.798969],[-105.178108,27.797658],[-105.178251,27.797657],[-105.179435,27.797483],[-105.179924,27.799508],[-105.179464,27.79951],[-105.179449,27.79951],[-105.179186,27.798987],[-105.178345,27.798969]]]}},{"type":"Feature","properties":{"modulo":1,"idparcela":"8432","productor":"MELENDEZ TERRAZAS ROBERTO","cultivo":"Nogal (Nuez)","superficie_fisica_ha":3.47,"superficie_riego_ha":3.47,"hectareas":3.251},"geometry":{"type":"Polygon","coordinates":[[[-105.177237,27.797695],[-105.177962,27.797678],[-105.178032,27.797674],[-105.178261,27.798985],[-105.178273,27.799048],[-105.178279,27.799156],[-105.178281,27.799251],[-105.17827,27.799281],[-105.178249,27.799317],[-105.178213,27.799328],[-105.178107,27.799349],[-105.177825,27.799412],[-105.17751,27.799491],[-105.177447,27.799506],[-105.177301,27.799511],[-105.177249,27.799512],[-105.177183,27.799491],[-105.177143,27.799433],[-105.177142,27.799332],[-105.17715,27.799217],[-105.177158,27.799109],[-105.177158,27.799036],[-105.177174,27.798943],[-105.177215,27.798928],[-105.177239,27.798899],[-105.177247,27.798849],[-105.177231,27.798741],[-105.17719,27.79864],[-105.177125,27.798633],[-105.177068,27.798755],[-105.177052,27.798885],[-105.177001,27.798984],[-105.176852,27.799122],[-105.176816,27.799242],[-105.176815,27.79932],[-105.176842,27.799455],[-105.176788,27.799478],[-105.176729,27.799419],[-105.176688,27.799311],[-105.17659,27.799203],[-105.176525,27.799066],[-105.176387,27.798821],[-105.176265,27.798547],[-105.17624,27.798251],[-105.176147,27.797849],[-105.176183,27.797775],[-105.176263,27.797722],[-105.176427,27.797703],[-105.176485,27.797699],[-105.176686,27.797692],[-105.177015,27.797696],[-105.177237,27.797695]]]}},{"type":"Feature","properties":{"modulo":1,"idparcela":"8437","productor":"BURCIAGA CHAVARRIA CARLOS","cultivo":"Ma­z","superficie_fisica_ha":1.67,"superficie_riego_ha":1.67,"hectareas":2.34},"geometry":{"type":"Polygon","coordinates":[[[-105.179677,27.800695],[-105.179566,27.800081],[-105.179437,27.799554],[-105.17995,27.799552],[-105.180542,27.799335],[-105.181207,27.79919],[-105.181247,27.79932],[-105.181272,27.799464],[-105.181329,27.799644],[-105.181297,27.799904],[-105.181298,27.800301],[-105.181276,27.800543],[-105.181174,27.800581],[-105.181073,27.800601],[-105.18078,27.800613],[-105.180592,27.800641],[-105.180203,27.800641],[-105.179677,27.800695]]]}},{"type":"Feature","properties":{"modulo":1,"idparcela":"8439","productor":"ONTIVEROS N. SOCORRO","cultivo":"Sin Cultivo","superficie_fisica_ha":2.07,"superficie_riego_ha":2.07,"hectareas":2.225},"geometry":{"type":"Polygon","coordinates":[[[-105.179893,27.80471],[-105.179458,27.804769],[-105.179147,27.804812],[-105.179048,27.802896],[-105.179041,27.802764],[-105.179038,27.802713],[-105.178988,27.801717],[-105.179337,27.801623],[-105.179537,27.801638],[-105.179592,27.802492],[-105.179682,27.802501],[-105.179682,27.802508],[-105.179675,27.802579],[-105.179893,27.80471]]]}},{"type":"Feature","properties":{"modulo":1,"idparcela":"8435","productor":"DELGADO TORRES SALVADOR","cultivo":"Sin Cultivo","superficie_fisica_ha":2.17,"superficie_riego_ha":2.17,"hectareas":2.03},"geometry":{"type":"Polygon","coordinates":[[[-105.177409,27.800958],[-105.177871,27.800886],[-105.178796,27.800812],[-105.179542,27.800768],[-105.179536,27.800789],[-105.179537,27.800832],[-105.179533,27.800917],[-105.179515,27.801026],[-105.179522,27.801572],[-105.17931,27.80158],[-105.178985,27.801672],[-105.178761,27.801709],[-105.17738,27.801845],[-105.177409,27.800958]]]}},{"type":"Feature","properties":{"modulo":1,"idparcela":"8433","productor":"FIERRO FIERRO ALFREDO","cultivo":"Sin Cultivo","superficie_fisica_ha":1.12,"superficie_riego_ha":1.12,"hectareas":1.756},"geometry":{"type":"Polygon","coordinates":[[[-105.177319,27.801846],[-105.17533,27.801981],[-105.17539,27.80187],[-105.175552,27.801689],[-105.175665,27.801502],[-105.175811,27.801292],[-105.176013,27.801068],[-105.176135,27.800938],[-105.176313,27.8007],[-105.176426,27.800628],[-105.176524,27.800613],[-105.176548,27.800613],[-105.176619,27.801038],[-105.177361,27.800968],[-105.177319,27.801846]]]}},{"type":"Feature","properties":{"modulo":1,"idparcela":"8438","productor":"TORRESGONZALEZ EFREN","cultivo":"Nogal (Nuez)","superficie_fisica_ha":4.1412,"superficie_riego_ha":2,"hectareas":3.601},"geometry":{"type":"Polygon","coordinates":[[[-105.175317,27.802021],[-105.177402,27.801889],[-105.178789,27.801765],[-105.178936,27.801746],[-105.178963,27.80268],[-105.177201,27.802843],[-105.175685,27.802919],[-105.175651,27.802865],[-105.175578,27.802779],[-105.175489,27.802714],[-105.175383,27.802635],[-105.175334,27.802541],[-105.175294,27.802418],[-105.175293,27.802173],[-105.175317,27.802021]]]}},{"type":"Feature","properties":{"modulo":1,"idparcela":"8440","productor":"DIAZ ABREGO JOSE A.","cultivo":"Nogal (Nuez)","superficie_fisica_ha":4.7,"superficie_riego_ha":4.7,"hectareas":5.403},"geometry":{"type":"Polygon","coordinates":[[[-105.177464,27.804962],[-105.177383,27.804868],[-105.177293,27.804753],[-105.177277,27.804645],[-105.177098,27.804306],[-105.177041,27.804133],[-105.177,27.804046],[-105.17687,27.80396],[-105.176602,27.803773],[-105.176415,27.8036],[-105.176041,27.803276],[-105.175846,27.80311],[-105.175708,27.802973],[-105.177193,27.802892],[-105.179038,27.802713],[-105.179147,27.804812],[-105.178904,27.804863],[-105.178724,27.804867],[-105.178554,27.80487],[-105.178048,27.804882],[-105.177968,27.804893],[-105.177853,27.804908],[-105.177464,27.804962]]]}},{"type":"Feature","properties":{"modulo":1,"idparcela":"8441","productor":"MORENO PACHECO FIDEL","cultivo":"Alfalfa","superficie_fisica_ha":17,"superficie_riego_ha":17,"hectareas":21.411},"geometry":{"type":"Polygon","coordinates":[[[-105.177464,27.804962],[-105.177853,27.804908],[-105.177968,27.804893],[-105.178048,27.804882],[-105.178554,27.80487],[-105.178724,27.804867],[-105.178904,27.804863],[-105.179147,27.804812],[-105.179458,27.804769],[-105.179893,27.80471],[-105.18099,27.804653],[-105.180979,27.804756],[-105.181135,27.804747],[-105.181244,27.804205],[-105.181344,27.80346],[-105.181298,27.802612],[-105.181135,27.801728],[-105.180931,27.800683],[-105.181156,27.800651],[-105.18127,27.8006],[-105.181408,27.800658],[-105.181505,27.800766],[-105.181603,27.800967],[-105.181733,27.801198],[-105.181961,27.801659],[-105.182161,27.802052],[-105.182356,27.80242],[-105.182422,27.802896],[-105.182456,27.803074],[-105.18253,27.803232],[-105.182468,27.803628],[-105.182419,27.804018],[-105.182452,27.804206],[-105.182432,27.804381],[-105.182263,27.804916],[-105.182158,27.805154],[-105.182004,27.805399],[-105.181793,27.805631],[-105.181575,27.806042],[-105.181376,27.806412],[-105.181274,27.806574],[-105.181195,27.806684],[-105.180982,27.806957],[-105.180607,27.806949],[-105.18038,27.807151],[-105.180088,27.807404],[-105.180016,27.807519],[-105.17983,27.807822],[-105.179724,27.808003],[-105.179627,27.808205],[-105.179603,27.808414],[-105.179563,27.808631],[-105.179466,27.808789],[-105.179369,27.808883],[-105.179316,27.80893],[-105.179106,27.809176],[-105.178692,27.809566],[-105.178239,27.809862],[-105.177898,27.809978],[-105.177606,27.809978],[-105.177224,27.809921],[-105.177062,27.809885],[-105.17707,27.809683],[-105.177126,27.809453],[-105.177183,27.809193],[-105.177182,27.808955],[-105.177275,27.80846],[-105.177356,27.808179],[-105.177404,27.807948],[-105.177468,27.807688],[-105.177549,27.807364],[-105.177565,27.807097],[-105.177556,27.806801],[-105.17754,27.806592],[-105.177483,27.806484],[-105.177417,27.806332],[-105.177441,27.806123],[-105.177465,27.805907],[-105.177554,27.805705],[-105.177578,27.805438],[-105.177529,27.805185],[-105.177464,27.804962]]]}},{"type":"Feature","properties":{"modulo":1,"idparcela":"8443","productor":"CORRALES ROSAS ROGELIO","cultivo":"Alfalfa","superficie_fisica_ha":3.8751,"superficie_riego_ha":3.8751,"hectareas":2.48},"geometry":{"type":"Polygon","coordinates":[[[-105.181669,27.807012],[-105.182326,27.80701],[-105.182222,27.807372],[-105.182158,27.80756],[-105.182158,27.807718],[-105.182142,27.807812],[-105.181998,27.808109],[-105.181945,27.808281],[-105.181883,27.808539],[-105.181794,27.808744],[-105.181619,27.809082],[-105.181482,27.809324],[-105.181357,27.809548],[-105.181254,27.809699],[-105.181123,27.809839],[-105.180421,27.80982],[-105.181669,27.807012]]]}},{"type":"Feature","properties":{"modulo":1,"idparcela":"8443","productor":"CORRALES ROSAS ROGELIO","cultivo":"Alfalfa","superficie_fisica_ha":3.8751,"superficie_riego_ha":3.8751,"hectareas":3.284},"geometry":{"type":"Polygon","coordinates":[[[-105.180359,27.809818],[-105.178924,27.809757],[-105.178859,27.809721],[-105.178859,27.809677],[-105.178956,27.809555],[-105.179442,27.8091],[-105.179596,27.808897],[-105.179701,27.808739],[-105.179985,27.808356],[-105.180227,27.807952],[-105.180357,27.807764],[-105.180559,27.807454],[-105.181012,27.807007],[-105.181628,27.807002],[-105.180359,27.809818]]]}},{"type":"Feature","properties":{"modulo":1,"idparcela":"8445","productor":"MORENO PACHECO FIDEL","cultivo":"Sin Cultivo","superficie_fisica_ha":16,"superficie_riego_ha":16,"hectareas":2.387},"geometry":{"type":"Polygon","coordinates":[[[-105.181997,27.811491],[-105.181677,27.811427],[-105.181612,27.811405],[-105.181482,27.81134],[-105.18145,27.811319],[-105.181385,27.811326],[-105.181263,27.811355],[-105.181158,27.811355],[-105.180996,27.811355],[-105.180793,27.811356],[-105.180606,27.811341],[-105.180517,27.811284],[-105.180492,27.811219],[-105.180494,27.81114],[-105.180545,27.811048],[-105.180719,27.811002],[-105.180833,27.810981],[-105.180922,27.810879],[-105.1808,27.810851],[-105.180694,27.810743],[-105.180712,27.81054],[-105.180755,27.810449],[-105.180824,27.810375],[-105.18094,27.810336],[-105.181067,27.810331],[-105.181181,27.810338],[-105.181342,27.810071],[-105.181496,27.809876],[-105.181739,27.809602],[-105.182513,27.80975],[-105.182394,27.810075],[-105.182326,27.810269],[-105.182253,27.810466],[-105.182189,27.810667],[-105.182127,27.810959],[-105.182055,27.811211],[-105.182004,27.81144],[-105.181997,27.811491]]]}},{"type":"Feature","properties":{"modulo":1,"idparcela":"15","productor":"OCON PULIDO RAMON","cultivo":"Alfalfa","superficie_fisica_ha":3.37,"superficie_riego_ha":3.37,"hectareas":2.437},"geometry":{"type":"Polygon","coordinates":[[[-105.185833,27.81033],[-105.183151,27.809988],[-105.18316,27.80996],[-105.183257,27.809917],[-105.183322,27.809866],[-105.18346,27.809765],[-105.183484,27.809671],[-105.183492,27.809578],[-105.183524,27.809491],[-105.183475,27.809433],[-105.183556,27.809181],[-105.186031,27.809437],[-105.186028,27.809633],[-105.186008,27.809815],[-105.185959,27.810022],[-105.185902,27.810202],[-105.185833,27.81033]]]}},{"type":"Feature","properties":{"modulo":1,"idparcela":"************","productor":null,"cultivo":"Sin Cultivo","superficie_fisica_ha":null,"superficie_riego_ha":null,"hectareas":1.24},"geometry":{"type":"Polygon","coordinates":[[[-105.186184,27.80899],[-105.186112,27.809192],[-105.186079,27.809322],[-105.186031,27.809437],[-105.183556,27.809181],[-105.183604,27.809051],[-105.183661,27.808964],[-105.183685,27.80887],[-105.183709,27.808733],[-105.186184,27.80899]]]}},{"type":"Feature","properties":{"modulo":1,"idparcela":"12","productor":"CALDERON Y GARCIA FAUSTO ALEJANDRO","cultivo":"Nogal (Nuez)","superficie_fisica_ha":4.2986,"superficie_riego_ha":2.265,"hectareas":2.759},"geometry":{"type":"Polygon","coordinates":[[[-105.186806,27.806955],[-105.18683,27.807085],[-105.186912,27.8072],[-105.186936,27.807322],[-105.18692,27.807488],[-105.186823,27.807582],[-105.186709,27.807669],[-105.186645,27.807799],[-105.18658,27.807864],[-105.186528,27.80794],[-105.184105,27.807817],[-105.184105,27.807716],[-105.184121,27.807593],[-105.184121,27.807456],[-105.184169,27.807333],[-105.18421,27.807225],[-105.184283,27.807131],[-105.184339,27.807045],[-105.184363,27.806951],[-105.18438,27.806893],[-105.18438,27.806871],[-105.185874,27.806923],[-105.186806,27.806955]]]}},{"type":"Feature","properties":{"modulo":1,"idparcela":"13","productor":"LOYA SANTANA SOCORRO A.","cultivo":"Alfalfa","superficie_fisica_ha":2.49,"superficie_riego_ha":2.49,"hectareas":2.508},"geometry":{"type":"Polygon","coordinates":[[[-105.186499,27.807994],[-105.186435,27.808189],[-105.18637,27.808384],[-105.186313,27.808521],[-105.186224,27.808672],[-105.186184,27.808831],[-105.186184,27.808939],[-105.186184,27.80899],[-105.183709,27.808733],[-105.183742,27.808632],[-105.183806,27.808459],[-105.183911,27.808344],[-105.183992,27.808178],[-105.184017,27.808084],[-105.184057,27.80799],[-105.184081,27.807918],[-105.184081,27.807867],[-105.186499,27.807994]]]}},{"type":"Feature","properties":{"modulo":1,"idparcela":"10","productor":"LOYA SALCIDO RAFAEL","cultivo":"Nogal (Nuez)","superficie_fisica_ha":4.2214,"superficie_riego_ha":2,"hectareas":2.845},"geometry":{"type":"Polygon","coordinates":[[[-105.186948,27.804789],[-105.187075,27.804986],[-105.187151,27.805151],[-105.187168,27.805389],[-105.187168,27.805548],[-105.187104,27.805699],[-105.187055,27.805822],[-105.186974,27.806004],[-105.184729,27.805986],[-105.184991,27.804863],[-105.186948,27.804789]]]}},{"type":"Feature","properties":{"modulo":1,"idparcela":"11","productor":"PORTILLO GRAJEDA FELIPE","cultivo":"Sin Cultivo","superficie_fisica_ha":2.1384,"superficie_riego_ha":1.9,"hectareas":2.239},"geometry":{"type":"Polygon","coordinates":[[[-105.186991,27.806053],[-105.187024,27.806291],[-105.187024,27.80645],[-105.186976,27.806753],[-105.186976,27.806846],[-105.186919,27.806897],[-105.186813,27.806911],[-105.184391,27.806831],[-105.18442,27.806749],[-105.184428,27.806633],[-105.184468,27.806482],[-105.184517,27.806345],[-105.184589,27.806236],[-105.18463,27.806171],[-105.184678,27.806106],[-105.184711,27.806041],[-105.184751,27.806041],[-105.186991,27.806053]]]}},{"type":"Feature","properties":{"modulo":1,"idparcela":"9","productor":"SALCIDO REY ANDRES G.","cultivo":"Alfalfa","superficie_fisica_ha":2.6097,"superficie_riego_ha":2,"hectareas":1.596},"geometry":{"type":"Polygon","coordinates":[[[-105.186409,27.803823],[-105.186435,27.804018],[-105.186571,27.804244],[-105.186666,27.80429],[-105.186815,27.80437],[-105.186866,27.804449],[-105.186909,27.804557],[-105.186946,27.804734],[-105.184989,27.804798],[-105.185009,27.804671],[-105.185041,27.804483],[-105.185105,27.804202],[-105.185129,27.803891],[-105.186409,27.803823]]]}},{"type":"Feature","properties":{"modulo":1,"idparcela":"************","productor":null,"cultivo":"Sin Cultivo","superficie_fisica_ha":null,"superficie_riego_ha":null,"hectareas":1.529},"geometry":{"type":"Polygon","coordinates":[[[-105.185022,27.80304],[-105.187707,27.80277],[-105.187662,27.802902],[-105.187637,27.802976],[-105.187618,27.803031],[-105.187565,27.80311],[-105.187506,27.803184],[-105.187426,27.803259],[-105.187324,27.803297],[-105.187168,27.803294],[-105.18703,27.803248],[-105.186912,27.803154],[-105.186732,27.803072],[-105.186466,27.803053],[-105.186289,27.803069],[-105.186141,27.803127],[-105.186081,27.803219],[-105.186044,27.803377],[-105.186068,27.803486],[-105.186145,27.803592],[-105.18625,27.803676],[-105.186353,27.803735],[-105.186409,27.803823],[-105.185129,27.803891],[-105.185022,27.80304]]]}},{"type":"Feature","properties":{"modulo":1,"idparcela":"5","productor":"RUBIO PORRAS MARGARITO","cultivo":"Nogal (Nuez)","superficie_fisica_ha":3.9436,"superficie_riego_ha":3.9436,"hectareas":5.172},"geometry":{"type":"Polygon","coordinates":[[[-105.185022,27.80304],[-105.184269,27.801566],[-105.183675,27.800362],[-105.182943,27.799079],[-105.18304,27.799036],[-105.183113,27.799043],[-105.18317,27.799065],[-105.183194,27.799137],[-105.183267,27.799158],[-105.183267,27.799252],[-105.183397,27.799288],[-105.183446,27.799295],[-105.183511,27.799468],[-105.183593,27.79962],[-105.183706,27.799648],[-105.183844,27.799583],[-105.184006,27.799547],[-105.184209,27.799525],[-105.184315,27.799582],[-105.184266,27.799655],[-105.184201,27.799835],[-105.184299,27.799979],[-105.184413,27.800087],[-105.18451,27.800188],[-105.184567,27.800282],[-105.184486,27.80034],[-105.184446,27.800405],[-105.184446,27.800542],[-105.184479,27.800657],[-105.1846,27.800765],[-105.184804,27.800945],[-105.184917,27.801053],[-105.184877,27.801169],[-105.184885,27.801255],[-105.184962,27.801295],[-105.185158,27.801547],[-105.185328,27.801691],[-105.185629,27.801806],[-105.186043,27.801928],[-105.186351,27.801928],[-105.186643,27.801942],[-105.186765,27.801963],[-105.186887,27.802179],[-105.187025,27.802295],[-105.187196,27.802328],[-105.187446,27.80235],[-105.187391,27.802429],[-105.187468,27.802506],[-105.187581,27.802631],[-105.187707,27.80277],[-105.185022,27.80304]]]}},{"type":"Feature","properties":{"modulo":1,"idparcela":"************","productor":null,"cultivo":"Sin Cultivo","superficie_fisica_ha":null,"superficie_riego_ha":null,"hectareas":1.244},"geometry":{"type":"Polygon","coordinates":[[[-105.181843,27.801122],[-105.181769,27.800949],[-105.18172,27.800726],[-105.18172,27.800516],[-105.181671,27.800322],[-105.18163,27.800069],[-105.181622,27.79994],[-105.181678,27.799853],[-105.18154,27.799666],[-105.181556,27.799449],[-105.181726,27.799398],[-105.181986,27.799441],[-105.182067,27.799528],[-105.1821,27.799672],[-105.182149,27.79978],[-105.182279,27.799903],[-105.182384,27.800003],[-105.182482,27.80009],[-105.182523,27.800227],[-105.182547,27.800357],[-105.18262,27.800494],[-105.182759,27.800587],[-105.182751,27.800659],[-105.182686,27.80071],[-105.182467,27.800775],[-105.18224,27.800891],[-105.182118,27.800963],[-105.181843,27.801122]]]}},{"type":"Feature","properties":{"modulo":1,"idparcela":"************","productor":null,"cultivo":"Sin Cultivo","superficie_fisica_ha":null,"superficie_riego_ha":null,"hectareas":0.523},"geometry":{"type":"Polygon","coordinates":[[[-105.181875,27.801202],[-105.181997,27.801158],[-105.182078,27.801093],[-105.182159,27.801035],[-105.182305,27.800956],[-105.18241,27.800941],[-105.182404,27.801071],[-105.182403,27.801104],[-105.182397,27.801163],[-105.182387,27.80126],[-105.182403,27.801332],[-105.182435,27.801469],[-105.182485,27.801684],[-105.182494,27.80175],[-105.182522,27.801957],[-105.182531,27.802107],[-105.182535,27.802254],[-105.182536,27.802306],[-105.182529,27.802402],[-105.182445,27.802441],[-105.182396,27.802369],[-105.182364,27.802268],[-105.182331,27.802204],[-105.182299,27.802088],[-105.182217,27.801922],[-105.182144,27.801785],[-105.182054,27.801641],[-105.181997,27.801504],[-105.181875,27.801202]]]}},{"type":"Feature","properties":{"modulo":1,"idparcela":"8442","productor":"MORENO TALAMANTES OSCAR Y RICAR","cultivo":"Sin Cultivo","superficie_fisica_ha":19.7814,"superficie_riego_ha":19.7814,"hectareas":5.929},"geometry":{"type":"Polygon","coordinates":[[[-105.18241,27.800941],[-105.182572,27.800883],[-105.182751,27.800818],[-105.182913,27.800825],[-105.183035,27.800969],[-105.1831,27.801171],[-105.18319,27.801474],[-105.183182,27.80169],[-105.183256,27.802188],[-105.183257,27.802426],[-105.183314,27.802772],[-105.183347,27.803299],[-105.183332,27.803616],[-105.183263,27.804139],[-105.183224,27.804637],[-105.183208,27.80499],[-105.183128,27.805416],[-105.182978,27.805946],[-105.182882,27.806264],[-105.182825,27.806437],[-105.182769,27.80661],[-105.182696,27.806834],[-105.182696,27.806964],[-105.181074,27.806952],[-105.181341,27.806627],[-105.181511,27.806374],[-105.181664,27.806085],[-105.18185,27.805732],[-105.182053,27.805508],[-105.182158,27.80537],[-105.182263,27.805204],[-105.1824,27.804779],[-105.182505,27.804432],[-105.182546,27.804223],[-105.182513,27.804079],[-105.182513,27.803913],[-105.182581,27.803491],[-105.182609,27.803377],[-105.182646,27.803226],[-105.182587,27.80311],[-105.182554,27.803038],[-105.182535,27.802883],[-105.182528,27.802593],[-105.182525,27.80247],[-105.182536,27.802306],[-105.182531,27.802107],[-105.182522,27.801957],[-105.182485,27.801684],[-105.182387,27.80126],[-105.182403,27.801104],[-105.18241,27.800941]]]}},{"type":"Feature","properties":{"modulo":1,"idparcela":"************","productor":null,"cultivo":"Sin Cultivo","superficie_fisica_ha":null,"superficie_riego_ha":null,"hectareas":4.495},"geometry":{"type":"Polygon","coordinates":[[[-105.183312,27.801589],[-105.183377,27.801495],[-105.183466,27.801488],[-105.183523,27.801553],[-105.183637,27.801812],[-105.183889,27.802353],[-105.184044,27.802721],[-105.184207,27.803247],[-105.184334,27.803856],[-105.184318,27.804224],[-105.184319,27.804462],[-105.184287,27.804801],[-105.184182,27.805364],[-105.183887,27.806153],[-105.183813,27.80616],[-105.183755,27.80629],[-105.183685,27.806472],[-105.183634,27.806618],[-105.182825,27.806437],[-105.182882,27.806264],[-105.182978,27.805946],[-105.183019,27.80591],[-105.183164,27.805448],[-105.183261,27.805001],[-105.183276,27.804438],[-105.183336,27.803915],[-105.183392,27.80323],[-105.183358,27.802696],[-105.183309,27.802429],[-105.183288,27.802008],[-105.183312,27.801589]]]}},{"type":"Feature","properties":{"modulo":1,"idparcela":"8368","productor":"LOYA SANTANA SOCORRO A.","cultivo":"Ma­z","superficie_fisica_ha":4,"superficie_riego_ha":4,"hectareas":3.935},"geometry":{"type":"Polygon","coordinates":[[[-105.179055,27.765306],[-105.179117,27.765006],[-105.179259,27.764862],[-105.179179,27.764733],[-105.179144,27.764664],[-105.179234,27.764418],[-105.179404,27.764299],[-105.179635,27.764169],[-105.179817,27.764147],[-105.180207,27.764224],[-105.180774,27.764401],[-105.181243,27.764545],[-105.1818,27.764714],[-105.182187,27.764825],[-105.18219,27.765918],[-105.179055,27.765306]]]}},{"type":"Feature","properties":{"modulo":1,"idparcela":"8369","productor":"ORTEGA MELENDEZ OCTAVIO I","cultivo":"Nogal (Nuez)","superficie_fisica_ha":3.57,"superficie_riego_ha":3.57,"hectareas":3.752},"geometry":{"type":"Polygon","coordinates":[[[-105.179289,27.766532],[-105.179198,27.76621],[-105.179176,27.766095],[-105.179129,27.765985],[-105.179043,27.765825],[-105.179007,27.765702],[-105.179002,27.765495],[-105.179041,27.765349],[-105.182203,27.765982],[-105.182215,27.766199],[-105.182301,27.766534],[-105.182314,27.767053],[-105.179289,27.766532]]]}},{"type":"Feature","properties":{"modulo":1,"idparcela":"8397","productor":"AGUIRRE NU¥EZ ANGELICA","cultivo":"Nogal (Nuez)","superficie_fisica_ha":2.25,"superficie_riego_ha":2.25,"hectareas":5.537},"geometry":{"type":"Polygon","coordinates":[[[-105.17503,27.766359],[-105.175249,27.76597],[-105.175443,27.765764],[-105.175734,27.765526],[-105.176077,27.765015],[-105.178661,27.765412],[-105.178701,27.765576],[-105.178762,27.765771],[-105.178774,27.765868],[-105.178859,27.766019],[-105.178872,27.766095],[-105.178872,27.766214],[-105.178884,27.7663],[-105.178957,27.766408],[-105.17903,27.766506],[-105.179092,27.766657],[-105.179104,27.766722],[-105.179116,27.766797],[-105.179153,27.766895],[-105.179153,27.766927],[-105.179151,27.767009],[-105.17503,27.766359]]]}},{"type":"Feature","properties":{"modulo":1,"idparcela":"8399","productor":"SIMENTAL ESTRADA MARIO","cultivo":"Nogal (Nuez)","superficie_fisica_ha":2.5,"superficie_riego_ha":2.5,"hectareas":2.724},"geometry":{"type":"Polygon","coordinates":[[[-105.174979,27.766408],[-105.179153,27.767046],[-105.179169,27.767109],[-105.17919,27.767176],[-105.17919,27.767273],[-105.17919,27.767403],[-105.179178,27.767533],[-105.179181,27.767579],[-105.179085,27.767605],[-105.178972,27.767609],[-105.175153,27.766997],[-105.1748,27.766933],[-105.174752,27.766922],[-105.17464,27.766899],[-105.174722,27.766801],[-105.17479,27.766708],[-105.174883,27.766558],[-105.174979,27.766408]]]}},{"type":"Feature","properties":{"modulo":1,"idparcela":"8372","productor":"JIMENEZ VAZQUEZ CRUZ","cultivo":"Nogal (Nuez)","superficie_fisica_ha":4,"superficie_riego_ha":4,"hectareas":2.916},"geometry":{"type":"Polygon","coordinates":[[[-105.182378,27.76914],[-105.182343,27.76981],[-105.182307,27.769994],[-105.182295,27.770167],[-105.182271,27.770351],[-105.181748,27.770222],[-105.181298,27.770093],[-105.180994,27.770071],[-105.180799,27.770061],[-105.180447,27.770007],[-105.180264,27.769975],[-105.180144,27.769914],[-105.180135,27.769698],[-105.179995,27.768721],[-105.182378,27.76914]]]}},{"type":"Feature","properties":{"modulo":1,"idparcela":"8371","productor":"SIMENTAL TALAMANTES MARTIN","cultivo":"Chile verde","superficie_fisica_ha":3.6728,"superficie_riego_ha":3.5,"hectareas":2.885},"geometry":{"type":"Polygon","coordinates":[[[-105.182378,27.76914],[-105.180039,27.768729],[-105.179958,27.768591],[-105.179921,27.768526],[-105.179848,27.768235],[-105.179787,27.768051],[-105.179689,27.767835],[-105.179616,27.767716],[-105.179555,27.767619],[-105.182328,27.768069],[-105.182378,27.76914]]]}},{"type":"Feature","properties":{"modulo":1,"idparcela":"8370","productor":"SIMENTAL TALAMANTES MARTIN","cultivo":"Chile verde","superficie_fisica_ha":3.5,"superficie_riego_ha":3.5,"hectareas":3.369},"geometry":{"type":"Polygon","coordinates":[[[-105.182328,27.768069],[-105.179555,27.767619],[-105.179474,27.767581],[-105.179421,27.767565],[-105.179336,27.767532],[-105.179324,27.767468],[-105.179324,27.767262],[-105.179299,27.767154],[-105.179299,27.767035],[-105.179299,27.766884],[-105.179298,27.766678],[-105.179274,27.766624],[-105.179289,27.766532],[-105.182314,27.767053],[-105.182326,27.767107],[-105.182328,27.768069]]]}},{"type":"Feature","properties":{"modulo":1,"idparcela":"8371","productor":"SIMENTAL TALAMANTES MARTIN","cultivo":"Chile verde","superficie_fisica_ha":3.6728,"superficie_riego_ha":3.5,"hectareas":0.617},"geometry":{"type":"Polygon","coordinates":[[[-105.179091,27.768598],[-105.179143,27.768452],[-105.17915,27.768295],[-105.179179,27.768098],[-105.179215,27.767943],[-105.179239,27.767753],[-105.179264,27.767647],[-105.179361,27.767641],[-105.179446,27.767651],[-105.179555,27.767748],[-105.179604,27.767805],[-105.179635,27.767874],[-105.179718,27.768067],[-105.179741,27.76814],[-105.179812,27.768343],[-105.179836,27.768451],[-105.179858,27.768546],[-105.179909,27.768635],[-105.179924,27.768695],[-105.179946,27.768743],[-105.179091,27.768598]]]}},{"type":"Feature","properties":{"modulo":1,"idparcela":"8372","productor":"JIMENEZ VAZQUEZ CRUZ","cultivo":"Nogal (Nuez)","superficie_fisica_ha":4,"superficie_riego_ha":4,"hectareas":1.261},"geometry":{"type":"Polygon","coordinates":[[[-105.179096,27.768631],[-105.179946,27.768775],[-105.17996,27.768816],[-105.179958,27.768904],[-105.179982,27.769036],[-105.180008,27.769316],[-105.180057,27.769564],[-105.18007,27.769739],[-105.180075,27.769934],[-105.178995,27.769849],[-105.179001,27.76976],[-105.178999,27.769728],[-105.178999,27.769641],[-105.178987,27.769529],[-105.179007,27.769367],[-105.179034,27.76926],[-105.179059,27.769122],[-105.179083,27.768917],[-105.179107,27.768798],[-105.179096,27.768631]]]}},{"type":"Feature","properties":{"modulo":1,"idparcela":"8401","productor":"VILLA RENTERIA CANDELARIO","cultivo":"Nogal (Nuez)","superficie_fisica_ha":2.62,"superficie_riego_ha":2.62,"hectareas":4.982},"geometry":{"type":"Polygon","coordinates":[[[-105.1789,27.768701],[-105.17468,27.767906],[-105.174613,27.76789],[-105.174552,27.767861],[-105.174482,27.767836],[-105.17441,27.767772],[-105.174318,27.76771],[-105.174256,27.767641],[-105.17412,27.767515],[-105.174083,27.767489],[-105.174131,27.767455],[-105.174302,27.76729],[-105.174606,27.766955],[-105.178047,27.767534],[-105.178947,27.767663],[-105.179093,27.767706],[-105.179093,27.767803],[-105.179094,27.767911],[-105.17907,27.768138],[-105.178985,27.76829],[-105.178948,27.768387],[-105.1789,27.768701]]]}},{"type":"Feature","properties":{"modulo":1,"idparcela":"8403","productor":"LARA HERRERA ERNESTO","cultivo":"Ma­z","superficie_fisica_ha":3.8,"superficie_riego_ha":3.8,"hectareas":3.71},"geometry":{"type":"Polygon","coordinates":[[[-105.178768,27.769598],[-105.175181,27.768976],[-105.17518,27.768954],[-105.17518,27.768846],[-105.17518,27.768803],[-105.17518,27.76877],[-105.17518,27.768673],[-105.17518,27.768576],[-105.175168,27.7685],[-105.175152,27.768437],[-105.175047,27.76838],[-105.175023,27.768263],[-105.175041,27.768141],[-105.175094,27.768014],[-105.178852,27.768712],[-105.17884,27.768895],[-105.178828,27.769036],[-105.178816,27.769187],[-105.178804,27.76936],[-105.178768,27.769598]]]}},{"type":"Feature","properties":{"modulo":1,"idparcela":"8404","productor":"LARA HERRERA ANTONIO","cultivo":"Nogal (Nuez)","superficie_fisica_ha":3.63,"superficie_riego_ha":3.63,"hectareas":3.525},"geometry":{"type":"Polygon","coordinates":[[[-105.178685,27.770593],[-105.176337,27.770196],[-105.176046,27.770153],[-105.175929,27.770126],[-105.175816,27.770091],[-105.175749,27.770052],[-105.175682,27.770017],[-105.175656,27.769948],[-105.175595,27.769873],[-105.175534,27.769732],[-105.175461,27.769624],[-105.175364,27.769451],[-105.175303,27.769322],[-105.175254,27.769224],[-105.175193,27.768997],[-105.178768,27.76962],[-105.178708,27.769739],[-105.178684,27.770031],[-105.178672,27.770377],[-105.178685,27.770593]]]}},{"type":"Feature","properties":{"modulo":1,"idparcela":"8405","productor":"RAMOS TAMAYO LEONARDO","cultivo":"Alfalfa","superficie_fisica_ha":4.3578,"superficie_riego_ha":4.3578,"hectareas":4.391},"geometry":{"type":"Polygon","coordinates":[[[-105.176637,27.771874],[-105.175894,27.770483],[-105.175675,27.770084],[-105.175711,27.770073],[-105.17576,27.770094],[-105.175906,27.770159],[-105.178703,27.77062],[-105.178703,27.770761],[-105.17874,27.771312],[-105.178839,27.771918],[-105.178839,27.772156],[-105.178754,27.772156],[-105.178632,27.772145],[-105.178521,27.77214],[-105.178508,27.772078],[-105.178438,27.771983],[-105.17834,27.77194],[-105.178243,27.771929],[-105.17817,27.771929],[-105.178099,27.771951],[-105.178034,27.771986],[-105.177996,27.772031],[-105.177947,27.772073],[-105.177817,27.772064],[-105.177674,27.772045],[-105.177511,27.772013],[-105.177307,27.771995],[-105.177161,27.771974],[-105.176881,27.77192],[-105.176772,27.77191],[-105.176637,27.771874]]]}},{"type":"Feature","properties":{"modulo":1,"idparcela":"8406","productor":"TRILLO GAMBOA DOMINGO","cultivo":"Nogal (Nuez)","superficie_fisica_ha":3.2116,"superficie_riego_ha":3,"hectareas":3.555},"geometry":{"type":"Polygon","coordinates":[[[-105.172622,27.769216],[-105.172567,27.769012],[-105.172639,27.768838],[-105.172773,27.768633],[-105.172991,27.768373],[-105.173185,27.768211],[-105.173404,27.768059],[-105.173657,27.767873],[-105.17395,27.767572],[-105.174002,27.76752],[-105.174064,27.767553],[-105.174206,27.76768],[-105.174279,27.767744],[-105.174361,27.767819],[-105.174468,27.767906],[-105.174646,27.768225],[-105.175083,27.769008],[-105.1754,27.769671],[-105.172616,27.769228],[-105.172622,27.769216]]]}},{"type":"Feature","properties":{"modulo":1,"idparcela":"8407","productor":"TRILLO GANBOA DOMINGO","cultivo":"Ma­z","superficie_fisica_ha":12.2,"superficie_riego_ha":12.2,"hectareas":11.01},"geometry":{"type":"Polygon","coordinates":[[[-105.173761,27.773947],[-105.174108,27.772379],[-105.174121,27.772199],[-105.173985,27.77203],[-105.173508,27.771563],[-105.173337,27.771394],[-105.173154,27.771217],[-105.173153,27.771054],[-105.173202,27.770838],[-105.173274,27.770535],[-105.173249,27.770254],[-105.173201,27.770125],[-105.173079,27.769952],[-105.172981,27.769844],[-105.172811,27.769682],[-105.172701,27.769498],[-105.17264,27.769412],[-105.172605,27.769286],[-105.175426,27.769741],[-105.175705,27.770262],[-105.176519,27.771732],[-105.176581,27.771879],[-105.17651,27.771883],[-105.176413,27.771883],[-105.176146,27.771872],[-105.175781,27.771808],[-105.175598,27.771797],[-105.175513,27.771841],[-105.175514,27.771971],[-105.175966,27.773862],[-105.175967,27.77397],[-105.173742,27.773962],[-105.173761,27.773947]]]}},{"type":"Feature","properties":{"modulo":1,"idparcela":"8378","productor":"VILLA NAVA CAROL E.","cultivo":"Nogal (Nuez)","superficie_fisica_ha":10.42,"superficie_riego_ha":10.42,"hectareas":9.187},"geometry":{"type":"Polygon","coordinates":[[[-105.175834,27.77449],[-105.175955,27.774273],[-105.17604,27.774154],[-105.1761,27.774035],[-105.1761,27.773916],[-105.1761,27.773743],[-105.176088,27.77357],[-105.175635,27.771906],[-105.175696,27.771873],[-105.175781,27.771905],[-105.176024,27.771916],[-105.176243,27.77197],[-105.176462,27.771969],[-105.177933,27.772173],[-105.17796,27.77225],[-105.177999,27.772322],[-105.17804,27.772366],[-105.178095,27.772404],[-105.178227,27.772428],[-105.178286,27.772418],[-105.178371,27.772394],[-105.178457,27.772332],[-105.178498,27.772277],[-105.178514,27.77222],[-105.178663,27.772215],[-105.178986,27.772238],[-105.179034,27.772321],[-105.179098,27.772439],[-105.179152,27.772734],[-105.179162,27.772977],[-105.179177,27.773244],[-105.179186,27.773412],[-105.179178,27.773601],[-105.179166,27.773834],[-105.179159,27.773994],[-105.17914,27.77402],[-105.179089,27.774091],[-105.179015,27.77419],[-105.178945,27.77429],[-105.178879,27.774383],[-105.178898,27.774529],[-105.178923,27.77473],[-105.178936,27.774833],[-105.178953,27.774959],[-105.178961,27.775019],[-105.178966,27.77507],[-105.178789,27.77507],[-105.175834,27.77449]]]}},{"type":"Feature","properties":{"modulo":1,"idparcela":"8409","productor":"BACA AGUIRRE MANUEL","cultivo":"Sin Cultivo","superficie_fisica_ha":6.57,"superficie_riego_ha":6.57,"hectareas":7.507},"geometry":{"type":"Polygon","coordinates":[[[-105.174112,27.777411],[-105.172288,27.777143],[-105.172124,27.77712],[-105.172009,27.777095],[-105.172025,27.777017],[-105.172073,27.776675],[-105.172108,27.776549],[-105.172147,27.776451],[-105.172396,27.776256],[-105.172736,27.775975],[-105.172954,27.77578],[-105.173209,27.775585],[-105.173343,27.775401],[-105.173717,27.774015],[-105.175895,27.774019],[-105.175906,27.774079],[-105.17587,27.774198],[-105.175651,27.77449],[-105.174112,27.777411]]]}},{"type":"Feature","properties":{"modulo":1,"idparcela":"8384","productor":"FAJER CAMARENA VICTOR","cultivo":"Nogal (Nuez)","superficie_fisica_ha":4,"superficie_riego_ha":4,"hectareas":9.628},"geometry":{"type":"Polygon","coordinates":[[[-105.174205,27.777399],[-105.175002,27.775858],[-105.179937,27.776789],[-105.179988,27.776853],[-105.180092,27.776989],[-105.180151,27.777111],[-105.180185,27.777236],[-105.180217,27.777389],[-105.180245,27.77758],[-105.18025,27.777765],[-105.180239,27.777842],[-105.180236,27.778],[-105.180221,27.778074],[-105.180181,27.778301],[-105.180131,27.778324],[-105.174205,27.777399]]]}},{"type":"Feature","properties":{"modulo":1,"idparcela":"8381","productor":"SEPULVEDA N IRENE","cultivo":"Sin Cultivo","superficie_fisica_ha":3.4772,"superficie_riego_ha":3.4772,"hectareas":5.8},"geometry":{"type":"Polygon","coordinates":[[[-105.175033,27.775788],[-105.175684,27.774591],[-105.175846,27.774603],[-105.176123,27.774658],[-105.176377,27.77471],[-105.176604,27.774762],[-105.177004,27.774818],[-105.177286,27.774879],[-105.177681,27.774953],[-105.177914,27.774984],[-105.178172,27.775045],[-105.178491,27.775101],[-105.17861,27.775114],[-105.17874,27.775135],[-105.178815,27.775145],[-105.178905,27.775151],[-105.178979,27.775154],[-105.178992,27.775224],[-105.179008,27.775334],[-105.179037,27.775531],[-105.179045,27.775587],[-105.179068,27.775645],[-105.179089,27.775678],[-105.179118,27.775705],[-105.179161,27.775762],[-105.179372,27.776037],[-105.179807,27.776612],[-105.179857,27.776675],[-105.179882,27.776716],[-105.179801,27.776701],[-105.175033,27.775788]]]}},{"type":"Feature","properties":{"modulo":1,"idparcela":"8384","productor":"FAJER CAMARENA VICTOR","cultivo":"Nogal (Nuez)","superficie_fisica_ha":4,"superficie_riego_ha":4,"hectareas":4.703},"geometry":{"type":"Polygon","coordinates":[[[-105.180266,27.778398],[-105.180326,27.778203],[-105.18035,27.77802],[-105.18035,27.777857],[-105.18035,27.777749],[-105.18035,27.777609],[-105.180301,27.777371],[-105.1803,27.777155],[-105.1803,27.777014],[-105.180263,27.776884],[-105.180105,27.776768],[-105.183303,27.777325],[-105.183292,27.777399],[-105.183243,27.777626],[-105.183171,27.777843],[-105.183123,27.778048],[-105.183074,27.778286],[-105.182977,27.778513],[-105.18282,27.778762],[-105.182601,27.778752],[-105.182382,27.778698],[-105.181822,27.77858],[-105.181044,27.778527],[-105.180801,27.778506],[-105.180728,27.778473],[-105.180631,27.778419],[-105.180485,27.778365],[-105.180375,27.778366],[-105.180266,27.778398]]]}},{"type":"Feature","properties":{"modulo":1,"idparcela":"8381","productor":"SEPULVEDA N IRENE","cultivo":"Sin Cultivo","superficie_fisica_ha":3.4772,"superficie_riego_ha":3.4772,"hectareas":6.58},"geometry":{"type":"Polygon","coordinates":[[[-105.183118,27.775641],[-105.183254,27.776751],[-105.18331,27.777257],[-105.180117,27.776711],[-105.179898,27.77642],[-105.179727,27.776225],[-105.179642,27.776117],[-105.179544,27.775955],[-105.17941,27.775761],[-105.179276,27.775599],[-105.179191,27.775415],[-105.179154,27.775275],[-105.179154,27.775188],[-105.179166,27.77508],[-105.179239,27.775037],[-105.179239,27.774929],[-105.179239,27.774874],[-105.179324,27.774887],[-105.17981,27.775003],[-105.183118,27.775641]]]}},{"type":"Feature","properties":{"modulo":1,"idparcela":"8381","productor":"SEPULVEDA N IRENE","cultivo":"Sin Cultivo","superficie_fisica_ha":3.4772,"superficie_riego_ha":3.4772,"hectareas":0.776},"geometry":{"type":"Polygon","coordinates":[[[-105.183739,27.775744],[-105.183728,27.776836],[-105.183729,27.77715],[-105.183734,27.777283],[-105.183373,27.777238],[-105.183171,27.775642],[-105.183739,27.775744]]]}},{"type":"Feature","properties":{"modulo":1,"idparcela":"8378","productor":"VILLA NAVA CAROL E.","cultivo":"Nogal (Nuez)","superficie_fisica_ha":10.42,"superficie_riego_ha":10.42,"hectareas":3.265},"geometry":{"type":"Polygon","coordinates":[[[-105.183068,27.774772],[-105.183118,27.775605],[-105.179251,27.774842],[-105.179167,27.774766],[-105.179135,27.77463],[-105.179094,27.774469],[-105.179141,27.774329],[-105.179239,27.774207],[-105.179298,27.774139],[-105.179323,27.774128],[-105.180904,27.774418],[-105.183068,27.774772]]]}},{"type":"Feature","properties":{"modulo":1,"idparcela":"8378","productor":"VILLA NAVA CAROL E.","cultivo":"Nogal (Nuez)","superficie_fisica_ha":10.42,"superficie_riego_ha":10.42,"hectareas":0.44},"geometry":{"type":"Polygon","coordinates":[[[-105.183727,27.775712],[-105.183167,27.775596],[-105.183154,27.775483],[-105.183157,27.77536],[-105.183148,27.775251],[-105.183132,27.774982],[-105.183114,27.774768],[-105.183545,27.774867],[-105.183614,27.775117],[-105.183652,27.775321],[-105.183682,27.775519],[-105.183727,27.775712]]]}},{"type":"Feature","properties":{"modulo":1,"idparcela":"8376","productor":"TRILLO GAMBOA DOMINGO","cultivo":"Nogal (Nuez)","superficie_fisica_ha":4.05,"superficie_riego_ha":4.05,"hectareas":3.862},"geometry":{"type":"Polygon","coordinates":[[[-105.183068,27.77474],[-105.17931,27.774085],[-105.179262,27.774042],[-105.179213,27.773988],[-105.179213,27.77388],[-105.179225,27.773793],[-105.179225,27.773642],[-105.179224,27.77349],[-105.179239,27.773363],[-105.179257,27.773231],[-105.179293,27.773193],[-105.182438,27.773601],[-105.18308,27.774242],[-105.183068,27.77474]]]}},{"type":"Feature","properties":{"modulo":1,"idparcela":"8375","productor":"BACA VILLA DOMINGO","cultivo":"Nogal (Nuez)","superficie_fisica_ha":3.95,"superficie_riego_ha":3.95,"hectareas":3.638},"geometry":{"type":"Polygon","coordinates":[[[-105.182428,27.773528],[-105.179445,27.773154],[-105.1793,27.773138],[-105.179284,27.773079],[-105.179284,27.772993],[-105.179284,27.772852],[-105.179272,27.772698],[-105.179222,27.772504],[-105.179178,27.772398],[-105.179087,27.772224],[-105.179052,27.772053],[-105.179044,27.77185],[-105.182031,27.772276],[-105.181594,27.772817],[-105.182428,27.773528]]]}},{"type":"Feature","properties":{"modulo":1,"idparcela":"8374","productor":"VILLA AGUIRRE TIRZO","cultivo":"Sin Cultivo","superficie_fisica_ha":3.35,"superficie_riego_ha":3.35,"hectareas":2.973},"geometry":{"type":"Polygon","coordinates":[[[-105.182019,27.772222],[-105.179088,27.771815],[-105.1791,27.771782],[-105.179136,27.771696],[-105.179136,27.771598],[-105.179136,27.771469],[-105.179136,27.771339],[-105.179099,27.771166],[-105.17905,27.770874],[-105.181968,27.771303],[-105.182054,27.771313],[-105.182102,27.771454],[-105.182103,27.77167],[-105.182091,27.771778],[-105.182067,27.77193],[-105.182043,27.772103],[-105.182019,27.772222]]]}},{"type":"Feature","properties":{"modulo":1,"idparcela":"8373","productor":"ZUBIA FERNANDEZ LUIS M.","cultivo":"Nogal (Nuez)","superficie_fisica_ha":4.09,"superficie_riego_ha":2,"hectareas":1.886},"geometry":{"type":"Polygon","coordinates":[[[-105.178988,27.76993],[-105.18008,27.770029],[-105.180185,27.770073],[-105.180279,27.770117],[-105.180352,27.770125],[-105.180446,27.770132],[-105.180612,27.770138],[-105.180737,27.770154],[-105.181018,27.770195],[-105.181029,27.770204],[-105.18103,27.770212],[-105.181018,27.770266],[-105.180982,27.770385],[-105.180885,27.770558],[-105.180825,27.770666],[-105.180825,27.770807],[-105.180862,27.771088],[-105.179061,27.770836],[-105.179037,27.770744],[-105.179037,27.770658],[-105.178988,27.770496],[-105.178988,27.770366],[-105.178988,27.770106],[-105.178988,27.76993]]]}},{"type":"Feature","properties":{"modulo":1,"idparcela":"4","productor":"BACA VILLA DOMINGO","cultivo":"Nogal (Nuez)","superficie_fisica_ha":2.768,"superficie_riego_ha":2.768,"hectareas":4.773},"geometry":{"type":"Polygon","coordinates":[[[-105.182898,27.764942],[-105.183022,27.764945],[-105.183082,27.764949],[-105.183146,27.764943],[-105.183233,27.764938],[-105.183271,27.764997],[-105.183271,27.765116],[-105.183308,27.765289],[-105.183345,27.765462],[-105.183321,27.765678],[-105.183321,27.765884],[-105.183287,27.766239],[-105.18327,27.766638],[-105.183274,27.76681],[-105.183256,27.766928],[-105.183219,27.767013],[-105.183201,27.767166],[-105.183232,27.767324],[-105.183347,27.767451],[-105.183616,27.767635],[-105.18375,27.767743],[-105.183981,27.768024],[-105.184164,27.768272],[-105.184359,27.76865],[-105.184457,27.768845],[-105.184433,27.76918],[-105.18447,27.769407],[-105.184385,27.769775],[-105.184337,27.769861],[-105.184252,27.770013],[-105.184167,27.770056],[-105.184058,27.770056],[-105.183899,27.770067],[-105.183839,27.770068],[-105.183693,27.770089],[-105.183596,27.770133],[-105.183462,27.770198],[-105.183341,27.770252],[-105.18311,27.770252],[-105.183024,27.770242],[-105.182951,27.770177],[-105.182889,27.76929],[-105.182935,27.767463],[-105.182898,27.764942]]]}},{"type":"Feature","properties":{"modulo":1,"idparcela":"8418","productor":"BURROLA M. J. ALBERTO","cultivo":"Sin Cultivo","superficie_fisica_ha":8.25,"superficie_riego_ha":8.25,"hectareas":4.344},"geometry":{"type":"Polygon","coordinates":[[[-105.177381,27.784014],[-105.177352,27.781394],[-105.177632,27.781462],[-105.17852,27.781655],[-105.178849,27.781828],[-105.178756,27.782672],[-105.178746,27.783325],[-105.178658,27.783817],[-105.178306,27.784532],[-105.178209,27.784726],[-105.1781,27.784856],[-105.178039,27.784943],[-105.177881,27.784856],[-105.177759,27.784619],[-105.177674,27.784467],[-105.177564,27.784327],[-105.177381,27.784014]]]}},{"type":"Feature","properties":{"modulo":1,"idparcela":"8418","productor":"BURROLA M. J. ALBERTO","cultivo":"Sin Cultivo","superficie_fisica_ha":8.25,"superficie_riego_ha":8.25,"hectareas":4.366},"geometry":{"type":"Polygon","coordinates":[[[-105.175082,27.780928],[-105.177312,27.781381],[-105.177306,27.782424],[-105.177319,27.782889],[-105.17732,27.783981],[-105.177162,27.78383],[-105.17704,27.783701],[-105.176931,27.78356],[-105.176687,27.783344],[-105.176285,27.782988],[-105.176054,27.782783],[-105.175774,27.782513],[-105.175518,27.782351],[-105.175068,27.7822],[-105.175082,27.780928]]]}},{"type":"Feature","properties":{"modulo":1,"idparcela":"8419","productor":"BUROLA ALMUINA RAMON A.","cultivo":"Alfalfa","superficie_fisica_ha":4,"superficie_riego_ha":4,"hectareas":4.699},"geometry":{"type":"Polygon","coordinates":[[[-105.175017,27.780903],[-105.175022,27.782208],[-105.174934,27.7822],[-105.174837,27.782179],[-105.174703,27.782161],[-105.174581,27.782136],[-105.174436,27.782114],[-105.174268,27.782084],[-105.174083,27.782028],[-105.1739,27.781985],[-105.173426,27.781835],[-105.173053,27.781758],[-105.172733,27.781727],[-105.172587,27.781706],[-105.172428,27.78162],[-105.17227,27.78149],[-105.172124,27.78135],[-105.171989,27.781224],[-105.171748,27.780984],[-105.171632,27.780837],[-105.171405,27.780594],[-105.171211,27.780399],[-105.170979,27.780086],[-105.175017,27.780903]]]}},{"type":"Feature","properties":{"modulo":1,"idparcela":"8416","productor":"TRILLO GAMBOA DOMINGO","cultivo":"Otros Cultivos Varios","superficie_fisica_ha":6.75,"superficie_riego_ha":6.75,"hectareas":3.388},"geometry":{"type":"Polygon","coordinates":[[[-105.174689,27.779874],[-105.177745,27.780308],[-105.177643,27.780413],[-105.177607,27.781416],[-105.177351,27.781347],[-105.175108,27.780877],[-105.175011,27.780858],[-105.174566,27.780767],[-105.174555,27.780709],[-105.174531,27.780433],[-105.174497,27.78011],[-105.174689,27.779874]]]}},{"type":"Feature","properties":{"modulo":1,"idparcela":"8416","productor":"TRILLO GAMBOA DOMINGO","cultivo":"Otros Cultivos Varios","superficie_fisica_ha":6.75,"superficie_riego_ha":6.75,"hectareas":3.559},"geometry":{"type":"Polygon","coordinates":[[[-105.170978,27.779167],[-105.174633,27.779863],[-105.174444,27.780082],[-105.174526,27.780765],[-105.17093,27.780043],[-105.170833,27.779837],[-105.170796,27.779729],[-105.170832,27.779545],[-105.170905,27.779383],[-105.170978,27.779167]]]}},{"type":"Feature","properties":{"modulo":1,"idparcela":"8413","productor":"RAMOS TAMAYO LEONARDO","cultivo":"Ma­z","superficie_fisica_ha":6,"superficie_riego_ha":6,"hectareas":3},"geometry":{"type":"Polygon","coordinates":[[[-105.17508,27.778722],[-105.176996,27.778986],[-105.1773,27.779051],[-105.177156,27.780175],[-105.174784,27.779823],[-105.174772,27.779735],[-105.174772,27.779584],[-105.174772,27.779454],[-105.174796,27.779227],[-105.174856,27.778978],[-105.17508,27.778722]]]}},{"type":"Feature","properties":{"modulo":1,"idparcela":"8412","productor":"RAMOS TAMAYO LEONARDO","cultivo":"Alfalfa","superficie_fisica_ha":6,"superficie_riego_ha":6,"hectareas":2.056},"geometry":{"type":"Polygon","coordinates":[[[-105.17714,27.777937],[-105.177009,27.778926],[-105.175275,27.778673],[-105.175002,27.77864],[-105.175207,27.778221],[-105.175455,27.777655],[-105.17714,27.777937]]]}},{"type":"Feature","properties":{"modulo":1,"idparcela":"8412","productor":"RAMOS TAMAYO LEONARDO","cultivo":"Alfalfa","superficie_fisica_ha":6,"superficie_riego_ha":6,"hectareas":3.831},"geometry":{"type":"Polygon","coordinates":[[[-105.171935,27.777133],[-105.175369,27.777664],[-105.175169,27.778175],[-105.174916,27.778627],[-105.171912,27.778225],[-105.171693,27.77816],[-105.171716,27.778139],[-105.171755,27.778056],[-105.17183,27.7778],[-105.171935,27.777133]]]}},{"type":"Feature","properties":{"modulo":1,"idparcela":"8413","productor":"RAMOS TAMAYO LEONARDO","cultivo":"Ma­z","superficie_fisica_ha":6,"superficie_riego_ha":6,"hectareas":4.007},"geometry":{"type":"Polygon","coordinates":[[[-105.171188,27.77917],[-105.171303,27.778858],[-105.171439,27.778568],[-105.171573,27.77837],[-105.171657,27.778245],[-105.171718,27.778214],[-105.17201,27.778279],[-105.175014,27.778729],[-105.17482,27.778946],[-105.174735,27.779324],[-105.174724,27.779724],[-105.174699,27.779833],[-105.171188,27.77917]]]}},{"type":"Feature","properties":{"modulo":1,"idparcela":"8417","productor":"BURROLA FLORES ANGEL","cultivo":"Ma­z","superficie_fisica_ha":4,"superficie_riego_ha":4,"hectareas":4.991},"geometry":{"type":"Polygon","coordinates":[[[-105.179766,27.785016],[-105.179036,27.784866],[-105.178404,27.784704],[-105.178331,27.784629],[-105.178682,27.783953],[-105.178731,27.783819],[-105.178818,27.783321],[-105.178822,27.782665],[-105.17891,27.781903],[-105.178983,27.781795],[-105.179992,27.781988],[-105.180211,27.782031],[-105.180248,27.782215],[-105.180272,27.782377],[-105.18027,27.782537],[-105.180311,27.783394],[-105.180337,27.783891],[-105.179985,27.785038],[-105.179766,27.785016]]]}},{"type":"Feature","properties":{"modulo":1,"idparcela":"8386","productor":"PIZARRO AGUIRRE JESUS G.","cultivo":"Alfalfa","superficie_fisica_ha":3.0723,"superficie_riego_ha":3.0723,"hectareas":1.194},"geometry":{"type":"Polygon","coordinates":[[[-105.181257,27.782084],[-105.18053,27.783674],[-105.18053,27.783631],[-105.180481,27.783523],[-105.180481,27.783437],[-105.180493,27.783328],[-105.180493,27.78321],[-105.180444,27.783015],[-105.180443,27.782864],[-105.180407,27.782619],[-105.180401,27.782372],[-105.180388,27.782102],[-105.180403,27.781922],[-105.180417,27.781685],[-105.180405,27.781469],[-105.180416,27.781188],[-105.181257,27.782084]]]}},{"type":"Feature","properties":{"modulo":1,"idparcela":"8387","productor":"LOYA SANTANA SOCORRO A.","cultivo":"Ma­z","superficie_fisica_ha":4.29,"superficie_riego_ha":4.29,"hectareas":4.422},"geometry":{"type":"Polygon","coordinates":[[[-105.181291,27.782111],[-105.182109,27.782905],[-105.182391,27.784245],[-105.182454,27.785251],[-105.180288,27.784615],[-105.180554,27.783718],[-105.181291,27.782111]]]}},{"type":"Feature","properties":{"modulo":1,"idparcela":"************","productor":null,"cultivo":"Sin Cultivo","superficie_fisica_ha":null,"superficie_riego_ha":null,"hectareas":2.283},"geometry":{"type":"Polygon","coordinates":[[[-105.183133,27.784168],[-105.182501,27.784342],[-105.182499,27.78423],[-105.182219,27.782894],[-105.181634,27.782343],[-105.181828,27.78217],[-105.182545,27.781758],[-105.182825,27.781617],[-105.182898,27.781671],[-105.183133,27.784168]]]}},{"type":"Feature","properties":{"modulo":1,"idparcela":"8386","productor":"PIZARRO AGUIRRE JESUS G.","cultivo":"Alfalfa","superficie_fisica_ha":3.0723,"superficie_riego_ha":3.0723,"hectareas":2.615},"geometry":{"type":"Polygon","coordinates":[[[-105.180488,27.780139],[-105.182712,27.779974],[-105.182725,27.780168],[-105.182713,27.780363],[-105.182616,27.780514],[-105.182483,27.780688],[-105.182373,27.780785],[-105.182094,27.780926],[-105.181705,27.781013],[-105.181523,27.78111],[-105.181413,27.781208],[-105.181304,27.781435],[-105.181305,27.781587],[-105.181305,27.781814],[-105.181305,27.781911],[-105.181318,27.782062],[-105.180416,27.781123],[-105.180465,27.781025],[-105.180537,27.780885],[-105.180622,27.780776],[-105.180671,27.780679],[-105.180671,27.780549],[-105.180634,27.780463],[-105.180597,27.780398],[-105.180488,27.780139]]]}},{"type":"Feature","properties":{"modulo":1,"idparcela":"************","productor":null,"cultivo":"Sin Cultivo","superficie_fisica_ha":null,"superficie_riego_ha":null,"hectareas":2.454},"geometry":{"type":"Polygon","coordinates":[[[-105.184189,27.78328],[-105.184518,27.783496],[-105.1847,27.783474],[-105.184846,27.783463],[-105.185053,27.783452],[-105.185332,27.783333],[-105.185357,27.783419],[-105.185357,27.783582],[-105.185345,27.783679],[-105.185297,27.783776],[-105.185018,27.784231],[-105.185006,27.784415],[-105.185079,27.784577],[-105.185201,27.784793],[-105.185213,27.784977],[-105.185165,27.785269],[-105.185008,27.785474],[-105.184838,27.785777],[-105.184692,27.78594],[-105.184486,27.78594],[-105.184254,27.78594],[-105.184181,27.785875],[-105.184254,27.785637],[-105.184254,27.785432],[-105.184241,27.785227],[-105.184241,27.785043],[-105.18424,27.784837],[-105.184191,27.784578],[-105.184179,27.784308],[-105.184178,27.78407],[-105.18419,27.78381],[-105.184202,27.783561],[-105.184189,27.78328]]]}},{"type":"Feature","properties":{"modulo":1,"idparcela":"8419","productor":"BUROLA ALMUINA RAMON A.","cultivo":"Alfalfa","superficie_fisica_ha":4,"superficie_riego_ha":4,"hectareas":1.239},"geometry":{"type":"Polygon","coordinates":[[[-105.178198,27.785429],[-105.178113,27.785267],[-105.178088,27.785159],[-105.178088,27.785029],[-105.178149,27.784921],[-105.178209,27.784845],[-105.17827,27.784737],[-105.178283,27.784663],[-105.178384,27.784741],[-105.178833,27.784852],[-105.179797,27.78506],[-105.179997,27.78507],[-105.1799,27.785438],[-105.179549,27.785329],[-105.17944,27.78572],[-105.178198,27.785429]]]}},{"type":"Feature","properties":{"modulo":1,"idparcela":"8388","productor":"TRILLO GAMBOA DOMINGO","cultivo":"Nogal (Nuez)","superficie_fisica_ha":3.63,"superficie_riego_ha":3.1938,"hectareas":3.888},"geometry":{"type":"Polygon","coordinates":[[[-105.179901,27.785935],[-105.180288,27.784637],[-105.182466,27.785283],[-105.182467,27.785759],[-105.182735,27.786461],[-105.182736,27.786818],[-105.179901,27.785935]]]}},{"type":"Feature","properties":{"modulo":1,"idparcela":"8390","productor":"RODRIGUEZ ORTIZ ROSALIO","cultivo":"Ma­z","superficie_fisica_ha":2.37,"superficie_riego_ha":2.37,"hectareas":3.606},"geometry":{"type":"Polygon","coordinates":[[[-105.182604,27.78791],[-105.179648,27.787006],[-105.179635,27.786919],[-105.179611,27.786855],[-105.179587,27.786757],[-105.179611,27.786671],[-105.179671,27.786584],[-105.179671,27.786487],[-105.179671,27.786379],[-105.179889,27.785968],[-105.182748,27.786861],[-105.182737,27.787218],[-105.182737,27.787467],[-105.182689,27.787586],[-105.182604,27.78791]]]}},{"type":"Feature","properties":{"modulo":1,"idparcela":"8421","productor":"BURROLA ALMUINA MANUEL","cultivo":"Sin Cultivo","superficie_fisica_ha":4,"superficie_riego_ha":4,"hectareas":2.367},"geometry":{"type":"Polygon","coordinates":[[[-105.177744,27.787061],[-105.177981,27.786792],[-105.178042,27.786716],[-105.178139,27.786565],[-105.178188,27.786402],[-105.178333,27.786034],[-105.178333,27.785829],[-105.178332,27.785602],[-105.17821,27.785462],[-105.179463,27.785763],[-105.179584,27.785373],[-105.179888,27.78547],[-105.179717,27.785955],[-105.17965,27.786189],[-105.17944,27.786595],[-105.179297,27.78676],[-105.179019,27.787272],[-105.177744,27.787061]]]}},{"type":"Feature","properties":{"modulo":1,"idparcela":"8422","productor":"ZAVALA LEAL LUIS ARTURO","cultivo":"Sin Cultivo","superficie_fisica_ha":2.159,"superficie_riego_ha":0.92,"hectareas":0.871},"geometry":{"type":"Polygon","coordinates":[[[-105.177278,27.787459],[-105.177435,27.787268],[-105.177532,27.787182],[-105.177617,27.787095],[-105.177714,27.787095],[-105.179004,27.787309],[-105.178995,27.787889],[-105.177278,27.787459]]]}},{"type":"Feature","properties":{"modulo":1,"idparcela":"8423","productor":"ZABALA MENDEZ JUAQUIN","cultivo":"Sin Cultivo","superficie_fisica_ha":1.7,"superficie_riego_ha":1.7,"hectareas":2.3},"geometry":{"type":"Polygon","coordinates":[[[-105.177229,27.788406],[-105.177193,27.788058],[-105.177157,27.787961],[-105.177108,27.787842],[-105.177109,27.78783],[-105.17712,27.78768],[-105.177168,27.787593],[-105.177253,27.787496],[-105.179119,27.787958],[-105.17924,27.788173],[-105.179262,27.78824],[-105.179269,27.788266],[-105.179272,27.788507],[-105.179256,27.788822],[-105.179226,27.789602],[-105.178874,27.789591],[-105.178935,27.788793],[-105.177229,27.788406]]]}},{"type":"Feature","properties":{"modulo":1,"idparcela":"8392","productor":"NAJERA JULIAN","cultivo":"Alfalfa","superficie_fisica_ha":3,"superficie_riego_ha":3,"hectareas":4.066},"geometry":{"type":"Polygon","coordinates":[[[-105.181974,27.788974],[-105.179321,27.788185],[-105.179321,27.788174],[-105.179309,27.78812],[-105.179273,27.788088],[-105.179224,27.788034],[-105.179175,27.78799],[-105.179139,27.787915],[-105.179126,27.787796],[-105.179175,27.787699],[-105.179187,27.78758],[-105.179186,27.787493],[-105.179186,27.787363],[-105.179247,27.787212],[-105.179441,27.787125],[-105.179636,27.787038],[-105.182592,27.787954],[-105.182107,27.78883],[-105.181974,27.788974]]]}},{"type":"Feature","properties":{"modulo":1,"idparcela":"8393","productor":"TRILLO GAMBOA DOMINGO","cultivo":"Nogal (Nuez)","superficie_fisica_ha":3.45,"superficie_riego_ha":3.45,"hectareas":2.8},"geometry":{"type":"Polygon","coordinates":[[[-105.179346,27.788261],[-105.181936,27.78901],[-105.181898,27.789082],[-105.181869,27.789129],[-105.181814,27.789186],[-105.181743,27.789252],[-105.181525,27.789368],[-105.181403,27.789393],[-105.181306,27.789458],[-105.181172,27.789588],[-105.181002,27.789718],[-105.180844,27.789859],[-105.180662,27.790011],[-105.180613,27.79],[-105.18054,27.789946],[-105.180346,27.789946],[-105.180005,27.789914],[-105.180005,27.789871],[-105.179981,27.789828],[-105.179932,27.789784],[-105.179822,27.789687],[-105.179749,27.789644],[-105.17964,27.789612],[-105.179567,27.789579],[-105.17947,27.789547],[-105.179384,27.789461],[-105.179353,27.789388],[-105.179341,27.789291],[-105.179342,27.789194],[-105.179355,27.789079],[-105.179382,27.788943],[-105.179477,27.788906],[-105.179517,27.788844],[-105.179517,27.788758],[-105.179519,27.788641],[-105.179419,27.788585],[-105.179365,27.788538],[-105.179358,27.788379],[-105.179346,27.788261]]]}},{"type":"Feature","properties":{"modulo":1,"idparcela":"9688","productor":"VILLA TRILLO ADOLFO","cultivo":"Nogal (Nuez)","superficie_fisica_ha":2.5949,"superficie_riego_ha":2.5949,"hectareas":1.717},"geometry":{"type":"Polygon","coordinates":[[[-105.182243,27.790419],[-105.180772,27.790075],[-105.180735,27.790032],[-105.180759,27.789978],[-105.180881,27.789891],[-105.181439,27.789436],[-105.181524,27.789426],[-105.181573,27.789404],[-105.181755,27.789317],[-105.181889,27.789176],[-105.182031,27.788994],[-105.182109,27.788942],[-105.182206,27.78899],[-105.182336,27.789035],[-105.182473,27.789088],[-105.182662,27.789123],[-105.182736,27.789159],[-105.182751,27.789235],[-105.182243,27.790419]]]}},{"type":"Feature","properties":{"modulo":1,"idparcela":"************","productor":null,"cultivo":"Sin Cultivo","superficie_fisica_ha":null,"superficie_riego_ha":null,"hectareas":9.15},"geometry":{"type":"Polygon","coordinates":[[[-105.177229,27.788406],[-105.178935,27.788793],[-105.178877,27.789553],[-105.178874,27.789591],[-105.178357,27.789749],[-105.178224,27.790106],[-105.177752,27.791209],[-105.176852,27.793397],[-105.176681,27.793443],[-105.176471,27.793494],[-105.176396,27.793516],[-105.176309,27.793557],[-105.176222,27.793594],[-105.176048,27.793658],[-105.175977,27.793688],[-105.175834,27.793733],[-105.175747,27.793767],[-105.175676,27.793396],[-105.175688,27.793288],[-105.175712,27.793147],[-105.17565,27.792477],[-105.175686,27.79225],[-105.175686,27.792066],[-105.175734,27.791882],[-105.175758,27.791644],[-105.175794,27.79146],[-105.175843,27.791298],[-105.175879,27.791157],[-105.175988,27.791006],[-105.175988,27.790855],[-105.176073,27.790703],[-105.176109,27.790552],[-105.176066,27.790395],[-105.176151,27.790276],[-105.176199,27.790124],[-105.176272,27.790016],[-105.176381,27.78993],[-105.176515,27.789875],[-105.17671,27.789821],[-105.17694,27.789702],[-105.177001,27.789615],[-105.177195,27.789377],[-105.177219,27.789193],[-105.177219,27.788977],[-105.177219,27.78875],[-105.177243,27.788555],[-105.177229,27.788406]]]}},{"type":"Feature","properties":{"modulo":1,"idparcela":"************","productor":null,"cultivo":"Sin Cultivo","superficie_fisica_ha":null,"superficie_riego_ha":null,"hectareas":0.871},"geometry":{"type":"Polygon","coordinates":[[[-105.175068,27.793537],[-105.175019,27.793386],[-105.175079,27.793137],[-105.175164,27.792921],[-105.175249,27.792683],[-105.175297,27.792542],[-105.175382,27.792358],[-105.175406,27.79225],[-105.17543,27.792164],[-105.17543,27.792023],[-105.17543,27.79185],[-105.175442,27.79172],[-105.175539,27.791666],[-105.175612,27.791666],[-105.175754,27.791686],[-105.175734,27.791882],[-105.175686,27.792066],[-105.175686,27.79225],[-105.175681,27.79228],[-105.17565,27.792477],[-105.175712,27.793147],[-105.175699,27.793223],[-105.175688,27.793288],[-105.175676,27.793396],[-105.175685,27.793446],[-105.175591,27.793493],[-105.175506,27.793537],[-105.175372,27.79358],[-105.175287,27.793569],[-105.175068,27.793537]]]}},{"type":"Feature","properties":{"modulo":1,"idparcela":"************","productor":null,"cultivo":"Sin Cultivo","superficie_fisica_ha":null,"superficie_riego_ha":null,"hectareas":6.186},"geometry":{"type":"Polygon","coordinates":[[[-105.179226,27.789602],[-105.179367,27.789834],[-105.179416,27.790082],[-105.179489,27.790342],[-105.179477,27.790536],[-105.179441,27.790742],[-105.179356,27.790893],[-105.179332,27.791099],[-105.179321,27.791402],[-105.179528,27.791834],[-105.179541,27.792061],[-105.179662,27.792266],[-105.179687,27.792299],[-105.179687,27.792472],[-105.179614,27.792591],[-105.179225,27.792667],[-105.178727,27.792787],[-105.178447,27.792841],[-105.177742,27.793047],[-105.177414,27.793134],[-105.177183,27.793221],[-105.177123,27.793254],[-105.177025,27.793308],[-105.176852,27.793397],[-105.177752,27.791209],[-105.178224,27.790106],[-105.178357,27.789749],[-105.178874,27.789591],[-105.179226,27.789602]]]}},{"type":"Feature","properties":{"modulo":1,"idparcela":"8394","productor":"TORRES N JUAN","cultivo":"Sin Cultivo","superficie_fisica_ha":1.25,"superficie_riego_ha":1.25,"hectareas":1.087},"geometry":{"type":"Polygon","coordinates":[[[-105.179938,27.789995],[-105.180121,27.789973],[-105.180169,27.789984],[-105.180328,27.789995],[-105.180522,27.790005],[-105.18071,27.790128],[-105.180645,27.7911],[-105.180609,27.791097],[-105.180524,27.791097],[-105.180463,27.791097],[-105.180432,27.791092],[-105.18036,27.791109],[-105.180271,27.791103],[-105.18018,27.791081],[-105.180037,27.791091],[-105.179929,27.791086],[-105.17974,27.791073],[-105.179534,27.791085],[-105.179539,27.790969],[-105.179539,27.790915],[-105.179563,27.790882],[-105.179636,27.790817],[-105.179745,27.790742],[-105.179794,27.790666],[-105.179781,27.79059],[-105.179781,27.790471],[-105.179817,27.790417],[-105.179878,27.790331],[-105.179878,27.790244],[-105.179878,27.790125],[-105.179938,27.789995]]]}},{"type":"Feature","properties":{"modulo":1,"idparcela":"************","productor":null,"cultivo":"Sin Cultivo","superficie_fisica_ha":null,"superficie_riego_ha":null,"hectareas":0.849},"geometry":{"type":"Polygon","coordinates":[[[-105.181523,27.792167],[-105.181158,27.792135],[-105.181194,27.791832],[-105.180574,27.791779],[-105.180585,27.791238],[-105.18067,27.791216],[-105.180792,27.791227],[-105.180962,27.791237],[-105.181084,27.791259],[-105.181242,27.791269],[-105.1814,27.79128],[-105.181619,27.791312],[-105.181848,27.791335],[-105.181523,27.792167]]]}},{"type":"Feature","properties":{"modulo":1,"idparcela":"************","productor":null,"cultivo":"Sin Cultivo","superficie_fisica_ha":null,"superficie_riego_ha":null,"hectareas":0.887},"geometry":{"type":"Polygon","coordinates":[[[-105.180501,27.792179],[-105.180307,27.792179],[-105.180088,27.792136],[-105.179942,27.792071],[-105.179844,27.791942],[-105.17971,27.791845],[-105.179649,27.791704],[-105.179601,27.791574],[-105.179491,27.791391],[-105.179466,27.791207],[-105.179482,27.791158],[-105.179562,27.791157],[-105.179715,27.791146],[-105.179868,27.791151],[-105.180047,27.791155],[-105.180155,27.791153],[-105.180263,27.791167],[-105.180362,27.791165],[-105.180461,27.791171],[-105.180533,27.791177],[-105.180536,27.791249],[-105.180537,27.791757],[-105.180367,27.791714],[-105.180294,27.791768],[-105.180319,27.791941],[-105.180525,27.791984],[-105.180501,27.792179]]]}},{"type":"Feature","properties":{"modulo":1,"idparcela":"8424","productor":"SERRATA JIMENEZ EDMUNDO","cultivo":"Nogal (Nuez)","superficie_fisica_ha":8.9342,"superficie_riego_ha":8.9342,"hectareas":1.337},"geometry":{"type":"Polygon","coordinates":[[[-105.182237,27.790457],[-105.181886,27.791258],[-105.181776,27.791231],[-105.181691,27.791215],[-105.181546,27.791204],[-105.181327,27.791161],[-105.181156,27.791151],[-105.180974,27.79114],[-105.180762,27.791124],[-105.180695,27.791105],[-105.180778,27.790113],[-105.182237,27.790457]]]}},{"type":"Feature","properties":{"modulo":1,"idparcela":"************","productor":null,"cultivo":"Sin Cultivo","superficie_fisica_ha":null,"superficie_riego_ha":null,"hectareas":0.795},"geometry":{"type":"Polygon","coordinates":[[[-105.18173,27.792188],[-105.181754,27.79195],[-105.181984,27.791377],[-105.182081,27.791376],[-105.182281,27.791414],[-105.182426,27.79146],[-105.182579,27.791488],[-105.182713,27.791527],[-105.182799,27.791667],[-105.182738,27.791938],[-105.18269,27.792143],[-105.182605,27.792252],[-105.182471,27.792252],[-105.182094,27.792241],[-105.18173,27.792188]]]}},{"type":"Feature","properties":{"modulo":1,"idparcela":"9707","productor":"ROSAS PINEDA ADAN","cultivo":"Alfalfa","superficie_fisica_ha":1,"superficie_riego_ha":1,"hectareas":1.363},"geometry":{"type":"Polygon","coordinates":[[[-105.182053,27.791299],[-105.182069,27.79126],[-105.182928,27.789148],[-105.182977,27.789159],[-105.183062,27.789353],[-105.183087,27.789429],[-105.18316,27.789559],[-105.183172,27.789699],[-105.182919,27.791073],[-105.182863,27.791468],[-105.182703,27.79143],[-105.182255,27.791345],[-105.182053,27.791299]]]}},{"type":"Feature","properties":{"modulo":1,"idparcela":"************","productor":null,"cultivo":"Sin Cultivo","superficie_fisica_ha":null,"superficie_riego_ha":null,"hectareas":1.282},"geometry":{"type":"Polygon","coordinates":[[[-105.180707,27.792144],[-105.180906,27.792199],[-105.181275,27.79228],[-105.181457,27.79228],[-105.181506,27.792355],[-105.181506,27.792463],[-105.181458,27.792712],[-105.181365,27.793309],[-105.181333,27.7939],[-105.181089,27.793808],[-105.180932,27.793693],[-105.180786,27.793559],[-105.18066,27.793337],[-105.180528,27.793117],[-105.180707,27.792144]]]}},{"type":"Feature","properties":{"modulo":1,"idparcela":"9631","productor":"SOTO MARTINEZ EFREN","cultivo":"Sin Cultivo","superficie_fisica_ha":1,"superficie_riego_ha":1,"hectareas":1.386},"geometry":{"type":"Polygon","coordinates":[[[-105.183067,27.791607],[-105.183566,27.791812],[-105.18372,27.791873],[-105.183947,27.791973],[-105.184084,27.79205],[-105.184317,27.792061],[-105.184247,27.792131],[-105.184247,27.792282],[-105.184211,27.792541],[-105.184224,27.792974],[-105.184127,27.793125],[-105.183883,27.792964],[-105.183567,27.792834],[-105.183105,27.792694],[-105.182946,27.792413],[-105.182958,27.79224],[-105.182982,27.791992],[-105.183067,27.791607]]]}},{"type":"Feature","properties":{"modulo":1,"idparcela":"9598","productor":"TERRAZAS N ROSA MARIA","cultivo":"Alfalfa","superficie_fisica_ha":0.5463,"superficie_riego_ha":0.5463,"hectareas":1.004},"geometry":{"type":"Polygon","coordinates":[[[-105.183078,27.79144],[-105.183331,27.789948],[-105.183343,27.789948],[-105.183392,27.789991],[-105.183453,27.790056],[-105.183538,27.790099],[-105.18366,27.790185],[-105.183801,27.79022],[-105.184004,27.790166],[-105.184061,27.790239],[-105.183952,27.79039],[-105.18377,27.790498],[-105.183624,27.790563],[-105.183602,27.790736],[-105.183611,27.790839],[-105.183783,27.790942],[-105.18416,27.791039],[-105.184247,27.791132],[-105.184209,27.791298],[-105.184087,27.791309],[-105.183844,27.791331],[-105.183595,27.7914],[-105.183542,27.791502],[-105.183389,27.79149],[-105.183236,27.79144],[-105.183078,27.79144]]]}},{"type":"Feature","properties":{"modulo":1,"idparcela":"************","productor":null,"cultivo":"Sin Cultivo","superficie_fisica_ha":null,"superficie_riego_ha":null,"hectareas":1.786},"geometry":{"type":"Polygon","coordinates":[[[-105.17721,27.780172],[-105.177345,27.779033],[-105.177297,27.779],[-105.177086,27.778957],[-105.177207,27.777957],[-105.177882,27.778034],[-105.178031,27.780001],[-105.177801,27.780291],[-105.177758,27.780269],[-105.17721,27.780172]]]}},{"type":"Feature","properties":{"modulo":1,"idparcela":"8410","productor":"RAMOS TAMAYO LEONARDO","cultivo":"Nogal (Nuez)","superficie_fisica_ha":4.37,"superficie_riego_ha":4.37,"hectareas":4.278},"geometry":{"type":"Polygon","coordinates":[[[-105.178029,27.779977],[-105.177882,27.778034],[-105.180126,27.778393],[-105.18009,27.778512],[-105.180061,27.778685],[-105.180058,27.778843],[-105.180088,27.779006],[-105.180116,27.77914],[-105.180145,27.779269],[-105.180179,27.77937],[-105.18022,27.779493],[-105.180248,27.7796],[-105.180237,27.779668],[-105.180251,27.779735],[-105.180279,27.779813],[-105.180286,27.779869],[-105.180307,27.779914],[-105.180314,27.77997],[-105.180335,27.780032],[-105.180226,27.780047],[-105.180222,27.780084],[-105.180079,27.780035],[-105.178029,27.779977]]]}},{"type":"Feature","properties":{"modulo":1,"idparcela":"8415","productor":"TERRAZAS B. JOSE GUERRERO","cultivo":"Sin Cultivo","superficie_fisica_ha":4.12,"superficie_riego_ha":4.12,"hectareas":4.413},"geometry":{"type":"Polygon","coordinates":[[[-105.177667,27.781429],[-105.177679,27.780445],[-105.178031,27.780001],[-105.178029,27.779977],[-105.180079,27.780035],[-105.180222,27.780084],[-105.180154,27.780782],[-105.180094,27.78102],[-105.180004,27.781534],[-105.180016,27.781707],[-105.18003,27.781797],[-105.180034,27.781944],[-105.179562,27.781845],[-105.179253,27.781798],[-105.17896,27.781733],[-105.17888,27.781802],[-105.178528,27.781612],[-105.177667,27.781429]]]}},{"type":"Feature","properties":{"modulo":1,"idparcela":"8385","productor":"PIZARRO AGUIRRE JESUS G.","cultivo":"Alfalfa","superficie_fisica_ha":3.52,"superficie_riego_ha":3.52,"hectareas":3.658},"geometry":{"type":"Polygon","coordinates":[[[-105.182827,27.77884],[-105.182717,27.779777],[-105.182662,27.779876],[-105.18247,27.779933],[-105.181744,27.779991],[-105.181322,27.780013],[-105.181019,27.780027],[-105.180787,27.780049],[-105.1807,27.780028],[-105.180563,27.780039],[-105.180542,27.779949],[-105.18047,27.779854],[-105.180411,27.779766],[-105.180383,27.779665],[-105.180347,27.779513],[-105.1803,27.779382],[-105.180267,27.779127],[-105.180267,27.778978],[-105.180219,27.77878],[-105.180219,27.778652],[-105.180218,27.778567],[-105.180258,27.778482],[-105.180258,27.77846],[-105.180296,27.778428],[-105.180378,27.77841],[-105.180511,27.778412],[-105.180598,27.778446],[-105.180705,27.778516],[-105.180789,27.778551],[-105.180944,27.778559],[-105.181819,27.778625],[-105.182612,27.778791],[-105.182819,27.77879],[-105.182827,27.77884]]]}},{"type":"Feature","properties":{"modulo":1,"idparcela":"8408","productor":"SOPER ALARCON CHRISTOPHER L.","cultivo":"Nogal (Nuez)","superficie_fisica_ha":6.7487,"superficie_riego_ha":6.7487,"hectareas":6.419},"geometry":{"type":"Polygon","coordinates":[[[-105.173088,27.771266],[-105.173666,27.77188],[-105.173928,27.772093],[-105.174016,27.772201],[-105.174018,27.772287],[-105.17367,27.773951],[-105.173296,27.77535],[-105.17315,27.775553],[-105.172423,27.776128],[-105.172127,27.776362],[-105.17214,27.776233],[-105.172149,27.776075],[-105.17223,27.775774],[-105.172312,27.775578],[-105.172389,27.775276],[-105.172364,27.775075],[-105.172173,27.774564],[-105.172059,27.774287],[-105.171966,27.774076],[-105.171952,27.773801],[-105.172092,27.773464],[-105.172226,27.773098],[-105.172284,27.772868],[-105.172404,27.772539],[-105.172472,27.772291],[-105.172705,27.771826],[-105.173088,27.771266]]]}},{"type":"Feature","properties":{"modulo":1,"idparcela":"8395","productor":"ZUBIA FERNANDEZ LUIS M.","cultivo":"Nogal (Nuez)","superficie_fisica_ha":5.17,"superficie_riego_ha":5.17,"hectareas":4.758},"geometry":{"type":"Polygon","coordinates":[[[-105.178687,27.765359],[-105.176098,27.764953],[-105.176371,27.764562],[-105.176543,27.764322],[-105.176723,27.764055],[-105.176933,27.763761],[-105.177229,27.763343],[-105.177322,27.763129],[-105.177428,27.762993],[-105.177439,27.762953],[-105.177685,27.763062],[-105.178067,27.763243],[-105.178475,27.763423],[-105.178877,27.763608],[-105.179117,27.763735],[-105.17915,27.763774],[-105.179151,27.76382],[-105.179153,27.763882],[-105.179138,27.764048],[-105.179095,27.764124],[-105.179027,27.764255],[-105.178872,27.764355],[-105.178827,27.764557],[-105.178806,27.7649],[-105.178812,27.765137],[-105.17871,27.765294],[-105.178687,27.765359]]]}},{"type":"Feature","properties":{"modulo":1,"idparcela":"9469","productor":"SIMENTAL ESTRADA FELIX","cultivo":"Alfalfa","superficie_fisica_ha":3.398,"superficie_riego_ha":3.398,"hectareas":1.47},"geometry":{"type":"Polygon","coordinates":[[[-105.192399,27.722595],[-105.192522,27.721959],[-105.192574,27.721726],[-105.192598,27.721577],[-105.192656,27.7215],[-105.192768,27.721481],[-105.192883,27.721472],[-105.193023,27.72152],[-105.193091,27.721538],[-105.193155,27.72169],[-105.193165,27.721728],[-105.193257,27.721854],[-105.1934,27.722045],[-105.193482,27.722158],[-105.193585,27.722294],[-105.193608,27.722324],[-105.193681,27.722421],[-105.193771,27.722541],[-105.193793,27.722569],[-105.19382,27.72262],[-105.193851,27.722674],[-105.193882,27.722732],[-105.193892,27.722805],[-105.193906,27.722923],[-105.193744,27.723054],[-105.192399,27.722595]]]}},{"type":"Feature","properties":{"modulo":1,"idparcela":"9469","productor":"SIMENTAL ESTRADA FELIX","cultivo":"Alfalfa","superficie_fisica_ha":3.398,"superficie_riego_ha":3.398,"hectareas":0.761},"geometry":{"type":"Polygon","coordinates":[[[-105.192507,27.724284],[-105.192568,27.724025],[-105.192706,27.72396],[-105.193093,27.723897],[-105.19348,27.723855],[-105.193576,27.723833],[-105.193674,27.723835],[-105.193778,27.723858],[-105.193804,27.723955],[-105.19377,27.724034],[-105.193755,27.724099],[-105.193761,27.724175],[-105.193763,27.724236],[-105.19376,27.724268],[-105.193748,27.724386],[-105.193735,27.724593],[-105.193635,27.724624],[-105.192507,27.724284]]]}},{"type":"Feature","properties":{"modulo":1,"idparcela":"************","productor":null,"cultivo":"Sin Cultivo","superficie_fisica_ha":null,"superficie_riego_ha":null,"hectareas":6.73},"geometry":{"type":"Polygon","coordinates":[[[-105.186776,27.720302],[-105.185066,27.721428],[-105.183545,27.720812],[-105.183293,27.720307],[-105.18356,27.719934],[-105.183543,27.719785],[-105.183577,27.719607],[-105.18406,27.718445],[-105.184914,27.718881],[-105.187026,27.719959],[-105.187027,27.720153],[-105.186776,27.720302]]]}},{"type":"Feature","properties":{"modulo":1,"idparcela":"************","productor":null,"cultivo":"Sin Cultivo","superficie_fisica_ha":null,"superficie_riego_ha":null,"hectareas":3.234},"geometry":{"type":"Polygon","coordinates":[[[-105.189393,27.723333],[-105.189086,27.723071],[-105.188967,27.72298],[-105.188702,27.722851],[-105.189067,27.721351],[-105.189173,27.721396],[-105.190693,27.721967],[-105.190229,27.723808],[-105.190142,27.723766],[-105.189393,27.723333]]]}},{"type":"Feature","properties":{"modulo":1,"idparcela":"************","productor":null,"cultivo":"Sin Cultivo","superficie_fisica_ha":null,"superficie_riego_ha":null,"hectareas":3.396},"geometry":{"type":"Polygon","coordinates":[[[-105.190229,27.723808],[-105.190693,27.721967],[-105.19096,27.722067],[-105.191267,27.722203],[-105.192147,27.722526],[-105.192105,27.722737],[-105.192019,27.723083],[-105.191933,27.723371],[-105.191815,27.723723],[-105.191703,27.724181],[-105.191624,27.724596],[-105.19091,27.724277],[-105.190722,27.724078],[-105.190471,27.723925],[-105.190229,27.723808]]]}},{"type":"Feature","properties":{"modulo":1,"idparcela":"************","productor":null,"cultivo":"Sin Cultivo","superficie_fisica_ha":null,"superficie_riego_ha":null,"hectareas":3.112},"geometry":{"type":"Polygon","coordinates":[[[-105.178008,27.718207],[-105.178772,27.717392],[-105.179199,27.717191],[-105.18009,27.717846],[-105.181255,27.718588],[-105.18111,27.719152],[-105.178008,27.718207]]]}},{"type":"Feature","properties":{"modulo":1,"idparcela":"************","productor":null,"cultivo":"Sin Cultivo","superficie_fisica_ha":null,"superficie_riego_ha":null,"hectareas":2.616},"geometry":{"type":"Polygon","coordinates":[[[-105.179203,27.719325],[-105.177636,27.718976],[-105.177629,27.718808],[-105.177902,27.718321],[-105.178008,27.718207],[-105.18111,27.719152],[-105.180965,27.719718],[-105.179203,27.719325]]]}},{"type":"Feature","properties":{"modulo":1,"idparcela":"************","productor":null,"cultivo":"Sin Cultivo","superficie_fisica_ha":null,"superficie_riego_ha":null,"hectareas":3.679},"geometry":{"type":"Polygon","coordinates":[[[-105.177636,27.718976],[-105.179203,27.719325],[-105.179204,27.719734],[-105.179273,27.720069],[-105.179478,27.720281],[-105.180168,27.721278],[-105.179541,27.721355],[-105.178715,27.721344],[-105.178433,27.721381],[-105.178179,27.7208],[-105.177974,27.72042],[-105.177836,27.71969],[-105.177647,27.719219],[-105.177636,27.718976]]]}},{"type":"Feature","properties":{"modulo":1,"idparcela":"************","productor":null,"cultivo":"Sin Cultivo","superficie_fisica_ha":null,"superficie_riego_ha":null,"hectareas":7.214},"geometry":{"type":"Polygon","coordinates":[[[-105.183545,27.720812],[-105.183387,27.722211],[-105.17917,27.722895],[-105.178787,27.72223],[-105.17861,27.721734],[-105.178433,27.721381],[-105.178715,27.721344],[-105.179541,27.721355],[-105.180168,27.721278],[-105.180469,27.721249],[-105.180573,27.721242],[-105.181383,27.721185],[-105.181567,27.72117],[-105.182421,27.721005],[-105.182706,27.720927],[-105.183312,27.720861],[-105.183545,27.720812]]]}},{"type":"Feature","properties":{"modulo":1,"idparcela":"************","productor":null,"cultivo":"Sin Cultivo","superficie_fisica_ha":null,"superficie_riego_ha":null,"hectareas":2.996},"geometry":{"type":"Polygon","coordinates":[[[-105.185876,27.721969],[-105.184827,27.721584],[-105.185066,27.721428],[-105.186776,27.720302],[-105.187281,27.720506],[-105.187282,27.720859],[-105.18718,27.721608],[-105.187018,27.722387],[-105.185876,27.721969]]]}},{"type":"Feature","properties":{"modulo":1,"idparcela":"************","productor":null,"cultivo":"Sin Cultivo","superficie_fisica_ha":null,"superficie_riego_ha":null,"hectareas":2.945},"geometry":{"type":"Polygon","coordinates":[[[-105.17917,27.722895],[-105.183387,27.722211],[-105.18349,27.722289],[-105.183606,27.72224],[-105.183195,27.722715],[-105.179925,27.72335],[-105.180104,27.723791],[-105.180314,27.724305],[-105.17979,27.724371],[-105.17917,27.722895]]]}},{"type":"Feature","properties":{"modulo":1,"idparcela":"************","productor":null,"cultivo":"Sin Cultivo","superficie_fisica_ha":null,"superficie_riego_ha":null,"hectareas":2.051},"geometry":{"type":"Polygon","coordinates":[[[-105.187591,27.714946],[-105.187547,27.714897],[-105.187347,27.714728],[-105.187736,27.714325],[-105.187957,27.714118],[-105.188084,27.713996],[-105.188485,27.71423],[-105.188633,27.714389],[-105.188875,27.714567],[-105.189118,27.714735],[-105.189298,27.714885],[-105.189414,27.714988],[-105.189572,27.715175],[-105.189446,27.715306],[-105.189362,27.715438],[-105.18932,27.715503],[-105.189246,27.715607],[-105.189137,27.71572],[-105.188779,27.715541],[-105.188395,27.715424],[-105.187591,27.714946]]]}},{"type":"Feature","properties":{"modulo":1,"idparcela":"9469","productor":"SIMENTAL ESTRADA FELIX","cultivo":"Alfalfa","superficie_fisica_ha":3.398,"superficie_riego_ha":3.398,"hectareas":1.917},"geometry":{"type":"Polygon","coordinates":[[[-105.192399,27.722595],[-105.193744,27.723054],[-105.193858,27.723141],[-105.1938,27.723285],[-105.193717,27.723427],[-105.193694,27.723465],[-105.193661,27.723544],[-105.193643,27.723588],[-105.193648,27.723617],[-105.193586,27.723719],[-105.19348,27.723855],[-105.193093,27.723897],[-105.192706,27.72396],[-105.192568,27.724025],[-105.192507,27.724284],[-105.192026,27.724149],[-105.192224,27.723387],[-105.192352,27.722834],[-105.192399,27.722595]]]}},{"type":"Feature","properties":{"modulo":1,"idparcela":"************","productor":null,"cultivo":"Sin Cultivo","superficie_fisica_ha":null,"superficie_riego_ha":null,"hectareas":4.69},"geometry":{"type":"Polygon","coordinates":[[[-105.182708,27.719623],[-105.183171,27.720292],[-105.183293,27.720307],[-105.183545,27.720812],[-105.183312,27.720861],[-105.183244,27.720868],[-105.182706,27.720927],[-105.182421,27.721005],[-105.181567,27.72117],[-105.181383,27.721185],[-105.180573,27.721242],[-105.18078,27.720437],[-105.180965,27.719718],[-105.18111,27.719152],[-105.181255,27.718588],[-105.181425,27.718697],[-105.181719,27.718925],[-105.18202,27.719158],[-105.182383,27.719441],[-105.182708,27.719623]]]}},{"type":"Feature","properties":{"modulo":1,"idparcela":"************","productor":null,"cultivo":"Sin Cultivo","superficie_fisica_ha":null,"superficie_riego_ha":null,"hectareas":1.338},"geometry":{"type":"Polygon","coordinates":[[[-105.179273,27.720069],[-105.179204,27.719734],[-105.179203,27.719325],[-105.180965,27.719718],[-105.18078,27.720437],[-105.179273,27.720069]]]}},{"type":"Feature","properties":{"modulo":1,"idparcela":"************","productor":null,"cultivo":"Sin Cultivo","superficie_fisica_ha":null,"superficie_riego_ha":null,"hectareas":2.019},"geometry":{"type":"Polygon","coordinates":[[[-105.184914,27.718881],[-105.185335,27.717938],[-105.185761,27.718267],[-105.186463,27.718811],[-105.186567,27.718891],[-105.186711,27.719],[-105.186844,27.719124],[-105.18695,27.719249],[-105.187075,27.719458],[-105.187119,27.719563],[-105.187161,27.719658],[-105.187162,27.719735],[-105.187109,27.719814],[-105.1871,27.719821],[-105.187026,27.719959],[-105.184914,27.718881]]]}},{"type":"Feature","properties":{"modulo":1,"idparcela":"************","productor":null,"cultivo":"Sin Cultivo","superficie_fisica_ha":null,"superficie_riego_ha":null,"hectareas":0.874},"geometry":{"type":"Polygon","coordinates":[[[-105.187591,27.714946],[-105.188395,27.715424],[-105.188779,27.715541],[-105.189137,27.71572],[-105.189099,27.715963],[-105.189068,27.716122],[-105.189003,27.716242],[-105.18861,27.716304],[-105.188214,27.716067],[-105.188168,27.715941],[-105.188119,27.715728],[-105.188034,27.715608],[-105.187917,27.71543],[-105.187854,27.715309],[-105.187843,27.715224],[-105.187727,27.715103],[-105.187591,27.714946]]]}},{"type":"Feature","properties":{"modulo":1,"idparcela":"************","productor":null,"cultivo":"Sin Cultivo","superficie_fisica_ha":null,"superficie_riego_ha":null,"hectareas":0.475},"geometry":{"type":"Polygon","coordinates":[[[-105.188214,27.716067],[-105.18861,27.716304],[-105.189003,27.716242],[-105.188753,27.716704],[-105.188521,27.717004],[-105.188248,27.717342],[-105.188289,27.717061],[-105.188289,27.716929],[-105.18832,27.716817],[-105.188275,27.716686],[-105.188252,27.716544],[-105.188251,27.716453],[-105.188214,27.716067]]]}},{"type":"Feature","properties":{"modulo":1,"idparcela":"************","productor":null,"cultivo":"Sin Cultivo","superficie_fisica_ha":null,"superficie_riego_ha":null,"hectareas":1.211},"geometry":{"type":"Polygon","coordinates":[[[-105.18406,27.718445],[-105.184077,27.71833],[-105.18422,27.717976],[-105.184407,27.717567],[-105.184455,27.717349],[-105.184469,27.717308],[-105.184722,27.717492],[-105.1849,27.717621],[-105.185021,27.71771],[-105.185177,27.717823],[-105.185335,27.717938],[-105.184914,27.718881],[-105.18406,27.718445]]]}},{"type":"Feature","properties":{"modulo":1,"idparcela":"************","productor":null,"cultivo":"Sin Cultivo","superficie_fisica_ha":null,"superficie_riego_ha":null,"hectareas":3.432},"geometry":{"type":"Polygon","coordinates":[[[-105.182708,27.719623],[-105.183199,27.716918],[-105.183412,27.716978],[-105.183634,27.717041],[-105.184039,27.717114],[-105.184374,27.717267],[-105.184374,27.717341],[-105.184324,27.71758],[-105.184157,27.717982],[-105.183957,27.718339],[-105.18406,27.718445],[-105.183577,27.719607],[-105.183543,27.719785],[-105.18356,27.719934],[-105.183293,27.720307],[-105.183171,27.720292],[-105.182708,27.719623]]]}},{"type":"Feature","properties":{"modulo":1,"idparcela":"************","productor":null,"cultivo":"Sin Cultivo","superficie_fisica_ha":null,"superficie_riego_ha":null,"hectareas":9.472},"geometry":{"type":"Polygon","coordinates":[[[-105.187717,27.720169],[-105.187953,27.719038],[-105.190675,27.719989],[-105.192741,27.72068],[-105.192136,27.722455],[-105.187738,27.720742],[-105.187717,27.720169]]]}},{"type":"Feature","properties":{"modulo":1,"idparcela":"************","productor":null,"cultivo":"Sin Cultivo","superficie_fisica_ha":null,"superficie_riego_ha":null,"hectareas":4.151},"geometry":{"type":"Polygon","coordinates":[[[-105.18176,27.724102],[-105.182672,27.723967],[-105.183791,27.723807],[-105.184578,27.723656],[-105.184749,27.723793],[-105.18475,27.723922],[-105.184684,27.72414],[-105.184424,27.724996],[-105.183496,27.725158],[-105.181807,27.725539],[-105.18178,27.724779],[-105.18176,27.724102]]]}},{"type":"Feature","properties":{"modulo":1,"idparcela":"************","productor":null,"cultivo":"Sin Cultivo","superficie_fisica_ha":null,"superficie_riego_ha":null,"hectareas":4.648},"geometry":{"type":"Polygon","coordinates":[[[-105.180448,27.726593],[-105.180241,27.726031],[-105.180403,27.726004],[-105.181004,27.72581],[-105.180977,27.725595],[-105.180988,27.725393],[-105.180964,27.725038],[-105.181027,27.724308],[-105.181031,27.724259],[-105.181306,27.724207],[-105.18176,27.724102],[-105.18178,27.724779],[-105.181807,27.725539],[-105.183496,27.725158],[-105.184424,27.724996],[-105.184353,27.725227],[-105.183898,27.726723],[-105.183619,27.726733],[-105.183479,27.725792],[-105.180896,27.726479],[-105.180448,27.726593]]]}},{"type":"Feature","properties":{"modulo":1,"idparcela":"9465","productor":"SANTOYO GONZALEZ LORENZO","cultivo":"Nogal (Nuez)","superficie_fisica_ha":3.1272,"superficie_riego_ha":2.8812,"hectareas":0.791},"geometry":{"type":"Polygon","coordinates":[[[-105.19188,27.724447],[-105.191919,27.724372],[-105.191947,27.724252],[-105.191988,27.724216],[-105.192056,27.724223],[-105.192187,27.724267],[-105.192352,27.724305],[-105.192604,27.724378],[-105.192832,27.724446],[-105.192971,27.724492],[-105.193117,27.724534],[-105.193254,27.724576],[-105.193391,27.724618],[-105.193326,27.724651],[-105.193171,27.724703],[-105.19286,27.724805],[-105.192567,27.724899],[-105.192343,27.724979],[-105.192197,27.725038],[-105.19208,27.725077],[-105.192011,27.725038],[-105.191948,27.724975],[-105.191892,27.724927],[-105.191858,27.724883],[-105.191805,27.72481],[-105.191817,27.724647],[-105.19188,27.724447]]]}},{"type":"Feature","properties":{"modulo":1,"idparcela":"************","productor":null,"cultivo":"Sin Cultivo","superficie_fisica_ha":null,"superficie_riego_ha":null,"hectareas":1.873},"geometry":{"type":"Polygon","coordinates":[[[-105.189067,27.721351],[-105.188702,27.722851],[-105.188593,27.722798],[-105.188271,27.72266],[-105.188061,27.722593],[-105.187913,27.722545],[-105.187884,27.722154],[-105.18783,27.72181],[-105.1878,27.721346],[-105.187785,27.721111],[-105.187762,27.720863],[-105.188416,27.721078],[-105.189067,27.721351]]]}},{"type":"Feature","properties":{"modulo":1,"idparcela":"************","productor":null,"cultivo":"Sin Cultivo","superficie_fisica_ha":null,"superficie_riego_ha":null,"hectareas":1.765},"geometry":{"type":"Polygon","coordinates":[[[-105.18771,27.724294],[-105.187779,27.723837],[-105.187808,27.723556],[-105.18783,27.723395],[-105.18781,27.72323],[-105.187798,27.722981],[-105.187766,27.722822],[-105.187778,27.722734],[-105.187931,27.722797],[-105.188114,27.722867],[-105.188352,27.722958],[-105.188566,27.723066],[-105.188717,27.723162],[-105.188849,27.723195],[-105.189041,27.723304],[-105.189102,27.723412],[-105.189018,27.72363],[-105.188889,27.723916],[-105.188805,27.724154],[-105.188653,27.724385],[-105.188592,27.724494],[-105.188569,27.724562],[-105.188094,27.724352],[-105.18771,27.724294]]]}},{"type":"Feature","properties":{"modulo":1,"idparcela":"************","productor":null,"cultivo":"Sin Cultivo","superficie_fisica_ha":null,"superficie_riego_ha":null,"hectareas":6.562},"geometry":{"type":"Polygon","coordinates":[[[-105.188694,27.72592],[-105.188686,27.725816],[-105.188664,27.725615],[-105.188653,27.725442],[-105.188631,27.72525],[-105.188681,27.724997],[-105.188673,27.724821],[-105.188783,27.72461],[-105.188972,27.72423],[-105.189059,27.724025],[-105.189115,27.72381],[-105.189208,27.723666],[-105.189364,27.723403],[-105.190065,27.72377],[-105.190214,27.723843],[-105.190423,27.723931],[-105.190694,27.724088],[-105.190876,27.724289],[-105.191235,27.724504],[-105.191619,27.724703],[-105.191498,27.72512],[-105.191433,27.725586],[-105.19135,27.726294],[-105.190761,27.726284],[-105.19048,27.726323],[-105.190074,27.726264],[-105.189706,27.726137],[-105.18927,27.725969],[-105.189128,27.726009],[-105.188694,27.72592]]]}},{"type":"Feature","properties":{"modulo":1,"idparcela":"************","productor":null,"cultivo":"Sin Cultivo","superficie_fisica_ha":null,"superficie_riego_ha":null,"hectareas":0.499},"geometry":{"type":"Polygon","coordinates":[[[-105.193353,27.724783],[-105.193741,27.724661],[-105.193751,27.72524],[-105.192826,27.725358],[-105.192802,27.724961],[-105.193353,27.724783]]]}},{"type":"Feature","properties":{"modulo":1,"idparcela":"************","productor":null,"cultivo":"Sin Cultivo","superficie_fisica_ha":null,"superficie_riego_ha":null,"hectareas":1.586},"geometry":{"type":"Polygon","coordinates":[[[-105.187034,27.723605],[-105.18756,27.720948],[-105.187625,27.721616],[-105.187674,27.722512],[-105.187788,27.723435],[-105.187637,27.724336],[-105.186958,27.724161],[-105.186973,27.723992],[-105.187034,27.723605]]]}},{"type":"Feature","properties":{"modulo":1,"idparcela":"************","productor":null,"cultivo":"Sin Cultivo","superficie_fisica_ha":null,"superficie_riego_ha":null,"hectareas":3.724},"geometry":{"type":"Polygon","coordinates":[[[-105.187704,27.727856],[-105.18719,27.727688],[-105.187409,27.72638],[-105.187504,27.725811],[-105.187531,27.725725],[-105.187557,27.724817],[-105.187653,27.724437],[-105.187669,27.724397],[-105.18771,27.724294],[-105.188094,27.724352],[-105.188569,27.724562],[-105.188509,27.724681],[-105.1884,27.725049],[-105.188511,27.725454],[-105.188507,27.72633],[-105.188474,27.726461],[-105.188261,27.727355],[-105.188138,27.727998],[-105.187704,27.727856]]]}},{"type":"Feature","properties":{"modulo":1,"idparcela":"************","productor":null,"cultivo":"Sin Cultivo","superficie_fisica_ha":null,"superficie_riego_ha":null,"hectareas":1.646},"geometry":{"type":"Polygon","coordinates":[[[-105.183195,27.722715],[-105.183154,27.722763],[-105.183081,27.723187],[-105.183072,27.72324],[-105.180104,27.723791],[-105.179925,27.72335],[-105.183195,27.722715]]]}},{"type":"Feature","properties":{"modulo":1,"idparcela":"************","productor":null,"cultivo":"Sin Cultivo","superficie_fisica_ha":null,"superficie_riego_ha":null,"hectareas":1.42},"geometry":{"type":"Polygon","coordinates":[[[-105.183387,27.722211],[-105.183545,27.720812],[-105.185066,27.721428],[-105.184827,27.721584],[-105.184254,27.721961],[-105.184062,27.722085],[-105.183931,27.722171],[-105.18374,27.722184],[-105.183606,27.72224],[-105.18349,27.722289],[-105.183387,27.722211]]]}},{"type":"Feature","properties":{"modulo":1,"idparcela":"************","productor":null,"cultivo":"Sin Cultivo","superficie_fisica_ha":null,"superficie_riego_ha":null,"hectareas":0.953},"geometry":{"type":"Polygon","coordinates":[[[-105.179273,27.720069],[-105.18078,27.720437],[-105.180573,27.721242],[-105.180469,27.721249],[-105.180168,27.721278],[-105.179478,27.720281],[-105.179273,27.720069]]]}},{"type":"Feature","properties":{"modulo":1,"idparcela":"************","productor":null,"cultivo":"Sin Cultivo","superficie_fisica_ha":null,"superficie_riego_ha":null,"hectareas":1.431},"geometry":{"type":"Polygon","coordinates":[[[-105.185472,27.727491],[-105.185937,27.725874],[-105.186264,27.724741],[-105.186319,27.724547],[-105.186499,27.724004],[-105.186685,27.723994],[-105.18661,27.724148],[-105.186348,27.725481],[-105.186055,27.727706],[-105.185472,27.727491]]]}},{"type":"Feature","properties":{"modulo":1,"idparcela":"************","productor":null,"cultivo":"Sin Cultivo","superficie_fisica_ha":null,"superficie_riego_ha":null,"hectareas":2.907},"geometry":{"type":"Polygon","coordinates":[[[-105.18548,27.724443],[-105.185876,27.721969],[-105.187018,27.722387],[-105.186685,27.723994],[-105.186499,27.724004],[-105.186319,27.724547],[-105.186264,27.724741],[-105.18548,27.724443]]]}},{"type":"Feature","properties":{"modulo":1,"idparcela":"************","productor":null,"cultivo":"Sin Cultivo","superficie_fisica_ha":null,"superficie_riego_ha":null,"hectareas":4.188},"geometry":{"type":"Polygon","coordinates":[[[-105.184684,27.72414],[-105.18475,27.723922],[-105.184749,27.723793],[-105.184578,27.723656],[-105.184474,27.72359],[-105.183807,27.723664],[-105.184062,27.722085],[-105.184254,27.721961],[-105.184827,27.721584],[-105.185876,27.721969],[-105.18548,27.724443],[-105.184684,27.72414]]]}},{"type":"Feature","properties":{"modulo":1,"idparcela":"************","productor":null,"cultivo":"Sin Cultivo","superficie_fisica_ha":null,"superficie_riego_ha":null,"hectareas":1.224},"geometry":{"type":"Polygon","coordinates":[[[-105.183072,27.72324],[-105.183081,27.723187],[-105.183154,27.722763],[-105.183195,27.722715],[-105.183606,27.72224],[-105.18374,27.722184],[-105.183931,27.722171],[-105.184062,27.722085],[-105.183807,27.723664],[-105.182976,27.723793],[-105.183072,27.72324]]]}},{"type":"Feature","properties":{"modulo":1,"idparcela":"************","productor":null,"cultivo":"Sin Cultivo","superficie_fisica_ha":null,"superficie_riego_ha":null,"hectareas":1.671},"geometry":{"type":"Polygon","coordinates":[[[-105.180104,27.723791],[-105.183072,27.72324],[-105.182976,27.723793],[-105.180981,27.72418],[-105.180372,27.724298],[-105.180314,27.724305],[-105.180104,27.723791]]]}},{"type":"Feature","properties":{"modulo":1,"idparcela":"************","productor":null,"cultivo":"Sin Cultivo","superficie_fisica_ha":null,"superficie_riego_ha":null,"hectareas":2.131},"geometry":{"type":"Polygon","coordinates":[[[-105.184353,27.725227],[-105.184424,27.724996],[-105.184684,27.72414],[-105.18548,27.724443],[-105.186264,27.724741],[-105.185937,27.725874],[-105.184353,27.725227]]]}},{"type":"Feature","properties":{"modulo":1,"idparcela":"************","productor":null,"cultivo":"Sin Cultivo","superficie_fisica_ha":null,"superficie_riego_ha":null,"hectareas":1.975},"geometry":{"type":"Polygon","coordinates":[[[-105.186566,27.726268],[-105.186565,27.725797],[-105.18681,27.72418],[-105.187669,27.724397],[-105.187653,27.724437],[-105.187557,27.724817],[-105.187531,27.725725],[-105.187504,27.725811],[-105.187409,27.72638],[-105.186566,27.726268]]]}},{"type":"Feature","properties":{"modulo":1,"idparcela":"9465","productor":"SANTOYO GONZALEZ LORENZO","cultivo":"Nogal (Nuez)","superficie_fisica_ha":3.1272,"superficie_riego_ha":2.8812,"hectareas":3.208},"geometry":{"type":"Polygon","coordinates":[[[-105.192795,27.725422],[-105.192718,27.725859],[-105.191898,27.727883],[-105.19157,27.728755],[-105.191499,27.728581],[-105.191395,27.728078],[-105.191203,27.727307],[-105.191544,27.725929],[-105.191672,27.725553],[-105.192045,27.72517],[-105.192648,27.724942],[-105.192795,27.725422]]]}},{"type":"Feature","properties":{"modulo":1,"idparcela":"************","productor":null,"cultivo":"Sin Cultivo","superficie_fisica_ha":null,"superficie_riego_ha":null,"hectareas":1.322},"geometry":{"type":"Polygon","coordinates":[[[-105.180139,27.72577],[-105.180152,27.725712],[-105.180204,27.72549],[-105.180241,27.725115],[-105.180279,27.72479],[-105.180317,27.724398],[-105.180815,27.724295],[-105.181031,27.724259],[-105.181027,27.724308],[-105.180964,27.725038],[-105.180988,27.725393],[-105.180977,27.725595],[-105.181004,27.72581],[-105.180403,27.726004],[-105.180241,27.726031],[-105.180159,27.725973],[-105.180126,27.725856],[-105.180139,27.72577]]]}},{"type":"Feature","properties":{"modulo":1,"idparcela":"************","productor":null,"cultivo":"Sin Cultivo","superficie_fisica_ha":null,"superficie_riego_ha":null,"hectareas":0.996},"geometry":{"type":"Polygon","coordinates":[[[-105.182383,27.719441],[-105.182895,27.716797],[-105.183199,27.716918],[-105.182708,27.719623],[-105.182383,27.719441]]]}},{"type":"Feature","properties":{"modulo":1,"idparcela":"************","productor":null,"cultivo":"Sin Cultivo","superficie_fisica_ha":null,"superficie_riego_ha":null,"hectareas":1.011},"geometry":{"type":"Polygon","coordinates":[[[-105.18202,27.719158],[-105.182616,27.716687],[-105.182895,27.716797],[-105.182383,27.719441],[-105.18202,27.719158]]]}},{"type":"Feature","properties":{"modulo":1,"idparcela":"************","productor":null,"cultivo":"Sin Cultivo","superficie_fisica_ha":null,"superficie_riego_ha":null,"hectareas":0.94},"geometry":{"type":"Polygon","coordinates":[[[-105.181719,27.718925],[-105.18229,27.716557],[-105.182616,27.716687],[-105.18202,27.719158],[-105.181719,27.718925]]]}},{"type":"Feature","properties":{"modulo":1,"idparcela":"************","productor":null,"cultivo":"Sin Cultivo","superficie_fisica_ha":null,"superficie_riego_ha":null,"hectareas":0.814},"geometry":{"type":"Polygon","coordinates":[[[-105.181425,27.718697],[-105.182017,27.716456],[-105.182156,27.716505],[-105.18229,27.716557],[-105.181719,27.718925],[-105.181425,27.718697]]]}},{"type":"Feature","properties":{"modulo":1,"idparcela":"************","productor":null,"cultivo":"Sin Cultivo","superficie_fisica_ha":null,"superficie_riego_ha":null,"hectareas":1.435},"geometry":{"type":"Polygon","coordinates":[[[-105.185937,27.729463],[-105.186217,27.7278],[-105.187038,27.728019],[-105.186836,27.72878],[-105.186692,27.729303],[-105.186627,27.729709],[-105.185937,27.729463]]]}},{"type":"Feature","properties":{"modulo":1,"idparcela":"************","productor":null,"cultivo":"Sin Cultivo","superficie_fisica_ha":null,"superficie_riego_ha":null,"hectareas":7.041},"geometry":{"type":"Polygon","coordinates":[[[-105.185884,27.734843],[-105.185779,27.734813],[-105.185586,27.734827],[-105.185407,27.734756],[-105.185297,27.73473],[-105.185158,27.734695],[-105.185029,27.734677],[-105.185024,27.734464],[-105.185035,27.734332],[-105.185195,27.733271],[-105.185336,27.732725],[-105.185365,27.73261],[-105.18538,27.73238],[-105.185937,27.729463],[-105.186627,27.729709],[-105.186591,27.730126],[-105.186591,27.730323],[-105.186505,27.730675],[-105.186533,27.730952],[-105.186553,27.731122],[-105.186569,27.731323],[-105.186618,27.731607],[-105.186679,27.731943],[-105.186739,27.732155],[-105.186769,27.732376],[-105.186832,27.732915],[-105.18696,27.733358],[-105.18685,27.733652],[-105.186721,27.733926],[-105.186652,27.734041],[-105.18658,27.734206],[-105.186412,27.734534],[-105.186345,27.734672],[-105.186234,27.735091],[-105.186104,27.735012],[-105.186049,27.734923],[-105.185959,27.734883],[-105.185884,27.734843]]]}},{"type":"Feature","properties":{"modulo":1,"idparcela":"************","productor":null,"cultivo":"Sin Cultivo","superficie_fisica_ha":null,"superficie_riego_ha":null,"hectareas":1.905},"geometry":{"type":"Polygon","coordinates":[[[-105.186533,27.730952],[-105.186505,27.730675],[-105.186591,27.730323],[-105.186591,27.730126],[-105.186627,27.729709],[-105.187018,27.72961],[-105.187206,27.729618],[-105.1877,27.729641],[-105.187824,27.729925],[-105.187868,27.73006],[-105.187883,27.730221],[-105.18792,27.730408],[-105.187927,27.730531],[-105.18795,27.731008],[-105.186533,27.730952]]]}},{"type":"Feature","properties":{"modulo":1,"idparcela":"************","productor":null,"cultivo":"Sin Cultivo","superficie_fisica_ha":null,"superficie_riego_ha":null,"hectareas":2.515},"geometry":{"type":"Polygon","coordinates":[[[-105.186832,27.732915],[-105.186769,27.732376],[-105.186739,27.732155],[-105.186679,27.731943],[-105.186618,27.731607],[-105.186569,27.731323],[-105.186553,27.731122],[-105.186533,27.730952],[-105.18795,27.731008],[-105.187962,27.731808],[-105.187903,27.732224],[-105.187536,27.732649],[-105.187278,27.732959],[-105.18696,27.733358],[-105.186832,27.732915]]]}},{"type":"Feature","properties":{"modulo":1,"idparcela":"************","productor":null,"cultivo":"Sin Cultivo","superficie_fisica_ha":null,"superficie_riego_ha":null,"hectareas":2.809},"geometry":{"type":"Polygon","coordinates":[[[-105.179533,27.727637],[-105.180407,27.727508],[-105.180501,27.728058],[-105.180623,27.728883],[-105.181086,27.730559],[-105.180215,27.730646],[-105.179533,27.727637]]]}},{"type":"Feature","properties":{"modulo":1,"idparcela":"************","productor":null,"cultivo":"Sin Cultivo","superficie_fisica_ha":null,"superficie_riego_ha":null,"hectareas":3.627},"geometry":{"type":"Polygon","coordinates":[[[-105.181107,27.732364],[-105.181773,27.73287],[-105.181134,27.734199],[-105.18107,27.734038],[-105.181037,27.734],[-105.180992,27.733948],[-105.180864,27.733799],[-105.180804,27.733734],[-105.180633,27.733552],[-105.179962,27.732881],[-105.179364,27.732257],[-105.180046,27.731012],[-105.181163,27.732224],[-105.181107,27.732364]]]}},{"type":"Feature","properties":{"modulo":1,"idparcela":"************","productor":null,"cultivo":"Sin Cultivo","superficie_fisica_ha":null,"superficie_riego_ha":null,"hectareas":7.267},"geometry":{"type":"Polygon","coordinates":[[[-105.187442,27.733127],[-105.187595,27.73291],[-105.187873,27.732548],[-105.188058,27.732393],[-105.188209,27.732218],[-105.188188,27.731889],[-105.188186,27.73148],[-105.188168,27.731343],[-105.188151,27.731145],[-105.188133,27.730946],[-105.188116,27.730779],[-105.188098,27.730519],[-105.188098,27.73026],[-105.188063,27.730062],[-105.187994,27.729894],[-105.187925,27.72965],[-105.187976,27.72933],[-105.190208,27.730318],[-105.189839,27.73122],[-105.190069,27.731296],[-105.189768,27.73247],[-105.189555,27.732423],[-105.189076,27.73374],[-105.187442,27.733127]]]}},{"type":"Feature","properties":{"modulo":1,"idparcela":"8","productor":"PADILLA GONZALEZ ESTEBAN","cultivo":"Nogal (Nuez)","superficie_fisica_ha":13.43,"superficie_riego_ha":13.43,"hectareas":2.684},"geometry":{"type":"Polygon","coordinates":[[[-105.190532,27.730861],[-105.191252,27.727995],[-105.191301,27.728144],[-105.191353,27.728406],[-105.191408,27.72866],[-105.191635,27.7292],[-105.191857,27.729447],[-105.191875,27.729617],[-105.191968,27.730711],[-105.191831,27.731115],[-105.190532,27.730861]]]}},{"type":"Feature","properties":{"modulo":1,"idparcela":"1","productor":"BILBAO PEREA JOSE GUERRERO","cultivo":"Sin Cultivo","superficie_fisica_ha":7.5877,"superficie_riego_ha":7.1903,"hectareas":1.004},"geometry":{"type":"Polygon","coordinates":[[[-105.189097,27.736511],[-105.189335,27.735455],[-105.189909,27.735617],[-105.190017,27.736592],[-105.190063,27.736939],[-105.189097,27.736511]]]}},{"type":"Feature","properties":{"modulo":1,"idparcela":"************","productor":null,"cultivo":"Sin Cultivo","superficie_fisica_ha":null,"superficie_riego_ha":null,"hectareas":3.376},"geometry":{"type":"Polygon","coordinates":[[[-105.187962,27.736049],[-105.186275,27.735496],[-105.186435,27.735201],[-105.186573,27.734778],[-105.186747,27.73433],[-105.189141,27.735264],[-105.188938,27.735922],[-105.188844,27.73637],[-105.187962,27.736049]]]}},{"type":"Feature","properties":{"modulo":1,"idparcela":"************","productor":null,"cultivo":"Sin Cultivo","superficie_fisica_ha":null,"superficie_riego_ha":null,"hectareas":0.698},"geometry":{"type":"Polygon","coordinates":[[[-105.184128,27.744858],[-105.184129,27.744859],[-105.18413,27.744859],[-105.18413,27.744859],[-105.184131,27.74486],[-105.184011,27.745124],[-105.183858,27.745299],[-105.183731,27.745473],[-105.183097,27.745211],[-105.183166,27.744992],[-105.183188,27.744915],[-105.18323,27.744801],[-105.18323,27.744684],[-105.183247,27.744595],[-105.183255,27.744486],[-105.18329,27.744389],[-105.184128,27.744858]]]}},{"type":"Feature","properties":{"modulo":1,"idparcela":"************","productor":null,"cultivo":"Sin Cultivo","superficie_fisica_ha":null,"superficie_riego_ha":null,"hectareas":6.884},"geometry":{"type":"Polygon","coordinates":[[[-105.175383,27.732368],[-105.175124,27.732334],[-105.174846,27.732298],[-105.174121,27.732142],[-105.174497,27.730646],[-105.175248,27.730267],[-105.175797,27.730129],[-105.176721,27.729595],[-105.176853,27.730246],[-105.176915,27.730553],[-105.176932,27.730613],[-105.17694,27.730642],[-105.177034,27.730975],[-105.177054,27.73105],[-105.177169,27.731486],[-105.177214,27.731634],[-105.177291,27.731886],[-105.17736,27.732215],[-105.17739,27.732362],[-105.177478,27.732546],[-105.177308,27.732633],[-105.177155,27.732636],[-105.176751,27.73253],[-105.175968,27.732417],[-105.175383,27.732368]]]}},{"type":"Feature","properties":{"modulo":1,"idparcela":"************","productor":null,"cultivo":"Sin Cultivo","superficie_fisica_ha":null,"superficie_riego_ha":null,"hectareas":1.438},"geometry":{"type":"Polygon","coordinates":[[[-105.182074,27.735281],[-105.182034,27.735087],[-105.18306,27.733901],[-105.183669,27.734245],[-105.182863,27.735534],[-105.182074,27.735281]]]}},{"type":"Feature","properties":{"modulo":1,"idparcela":"************","productor":null,"cultivo":"Sin Cultivo","superficie_fisica_ha":null,"superficie_riego_ha":null,"hectareas":2.19},"geometry":{"type":"Polygon","coordinates":[[[-105.182863,27.735534],[-105.183669,27.734245],[-105.184784,27.734534],[-105.184365,27.735981],[-105.182863,27.735534]]]}},{"type":"Feature","properties":{"modulo":1,"idparcela":"************","productor":null,"cultivo":"Sin Cultivo","superficie_fisica_ha":null,"superficie_riego_ha":null,"hectareas":2.707},"geometry":{"type":"Polygon","coordinates":[[[-105.182074,27.735281],[-105.182863,27.735534],[-105.184365,27.735981],[-105.184331,27.736198],[-105.184341,27.736584],[-105.184301,27.73704],[-105.184262,27.737035],[-105.182688,27.736827],[-105.182449,27.736426],[-105.182271,27.736011],[-105.182158,27.735628],[-105.182074,27.735281]]]}},{"type":"Feature","properties":{"modulo":1,"idparcela":"************","productor":null,"cultivo":"Sin Cultivo","superficie_fisica_ha":null,"superficie_riego_ha":null,"hectareas":1.342},"geometry":{"type":"Polygon","coordinates":[[[-105.183941,27.737704],[-105.183762,27.737883],[-105.18355,27.738051],[-105.183365,27.738155],[-105.183197,27.737898],[-105.183008,27.737638],[-105.182925,27.737432],[-105.182688,27.736827],[-105.184262,27.737035],[-105.184301,27.73704],[-105.184275,27.737321],[-105.184047,27.737631],[-105.183941,27.737704]]]}},{"type":"Feature","properties":{"modulo":1,"idparcela":"************","productor":null,"cultivo":"Sin Cultivo","superficie_fisica_ha":null,"superficie_riego_ha":null,"hectareas":5.492},"geometry":{"type":"Polygon","coordinates":[[[-105.178553,27.733812],[-105.178496,27.73342],[-105.178455,27.733246],[-105.178422,27.7331],[-105.178381,27.733006],[-105.178342,27.732862],[-105.178244,27.732774],[-105.178092,27.732691],[-105.178194,27.732656],[-105.179364,27.732257],[-105.179962,27.732881],[-105.180633,27.733552],[-105.180804,27.733734],[-105.180864,27.733799],[-105.180992,27.733948],[-105.181037,27.734],[-105.18107,27.734038],[-105.181134,27.734199],[-105.18117,27.734245],[-105.181303,27.734349],[-105.18137,27.734401],[-105.181421,27.734466],[-105.181506,27.734576],[-105.181573,27.73464],[-105.181743,27.734795],[-105.181609,27.734879],[-105.180905,27.735449],[-105.179932,27.734771],[-105.178553,27.733812]]]}},{"type":"Feature","properties":{"modulo":1,"idparcela":"************","productor":null,"cultivo":"Sin Cultivo","superficie_fisica_ha":null,"superficie_riego_ha":null,"hectareas":3.482},"geometry":{"type":"Polygon","coordinates":[[[-105.17924,27.73593],[-105.179932,27.734771],[-105.180905,27.735449],[-105.181392,27.735055],[-105.181523,27.734949],[-105.181563,27.734917],[-105.181609,27.734879],[-105.181643,27.734858],[-105.181949,27.735159],[-105.182026,27.735605],[-105.18213,27.735913],[-105.182243,27.736299],[-105.182449,27.736688],[-105.180983,27.736347],[-105.17924,27.73593]]]}},{"type":"Feature","properties":{"modulo":1,"idparcela":"************","productor":null,"cultivo":"Sin Cultivo","superficie_fisica_ha":null,"superficie_riego_ha":null,"hectareas":2.763},"geometry":{"type":"Polygon","coordinates":[[[-105.178553,27.733812],[-105.179932,27.734771],[-105.17924,27.73593],[-105.179269,27.736236],[-105.177886,27.73529],[-105.178553,27.733812]]]}},{"type":"Feature","properties":{"modulo":1,"idparcela":"************","productor":null,"cultivo":"Sin Cultivo","superficie_fisica_ha":null,"superficie_riego_ha":null,"hectareas":3.152},"geometry":{"type":"Polygon","coordinates":[[[-105.170554,27.732134],[-105.171578,27.731671],[-105.172056,27.731514],[-105.172822,27.731343],[-105.173364,27.73113],[-105.173939,27.730874],[-105.174497,27.730646],[-105.174121,27.732142],[-105.173206,27.731967],[-105.173105,27.732376],[-105.170554,27.732134]]]}},{"type":"Feature","properties":{"modulo":1,"idparcela":"************","productor":null,"cultivo":"Sin Cultivo","superficie_fisica_ha":null,"superficie_riego_ha":null,"hectareas":19.911},"geometry":{"type":"Polygon","coordinates":[[[-105.179378,27.737921],[-105.179738,27.736954],[-105.17988,27.736571],[-105.180796,27.736812],[-105.182694,27.737269],[-105.182777,27.737397],[-105.182824,27.737591],[-105.182966,27.737824],[-105.183078,27.737951],[-105.183171,27.738113],[-105.183074,27.738237],[-105.183026,27.738382],[-105.182964,27.738551],[-105.182903,27.738776],[-105.182859,27.738941],[-105.18287,27.739098],[-105.182865,27.739344],[-105.182869,27.739463],[-105.182878,27.739582],[-105.182901,27.739808],[-105.182892,27.739978],[-105.182881,27.740064],[-105.182789,27.740346],[-105.182788,27.740378],[-105.18274,27.740495],[-105.182693,27.740538],[-105.182558,27.740691],[-105.182353,27.740874],[-105.182014,27.741187],[-105.18068,27.742567],[-105.179686,27.742004],[-105.178945,27.741502],[-105.178894,27.741216],[-105.17886,27.740889],[-105.178789,27.740322],[-105.178711,27.739837],[-105.179061,27.738704],[-105.179378,27.737921]]]}},{"type":"Feature","properties":{"modulo":1,"idparcela":"************","productor":null,"cultivo":"Sin Cultivo","superficie_fisica_ha":null,"superficie_riego_ha":null,"hectareas":3.704},"geometry":{"type":"Polygon","coordinates":[[[-105.174546,27.737225],[-105.17502,27.736564],[-105.175334,27.736793],[-105.176116,27.737107],[-105.177436,27.737576],[-105.179043,27.73838],[-105.178825,27.739046],[-105.177483,27.738495],[-105.175093,27.737438],[-105.174546,27.737225]]]}},{"type":"Feature","properties":{"modulo":1,"idparcela":"************","productor":null,"cultivo":"Sin Cultivo","superficie_fisica_ha":null,"superficie_riego_ha":null,"hectareas":1.254},"geometry":{"type":"Polygon","coordinates":[[[-105.174851,27.738925],[-105.174839,27.739276],[-105.174817,27.739285],[-105.173601,27.738819],[-105.173566,27.738804],[-105.17369,27.738579],[-105.173829,27.738548],[-105.174145,27.737865],[-105.174901,27.738113],[-105.174851,27.738925]]]}},{"type":"Feature","properties":{"modulo":1,"idparcela":"************","productor":null,"cultivo":"Sin Cultivo","superficie_fisica_ha":null,"superficie_riego_ha":null,"hectareas":3.527},"geometry":{"type":"Polygon","coordinates":[[[-105.174901,27.738113],[-105.174145,27.737865],[-105.174546,27.737225],[-105.175093,27.737438],[-105.177483,27.738495],[-105.178825,27.739046],[-105.178732,27.739388],[-105.178654,27.739713],[-105.174901,27.738113]]]}},{"type":"Feature","properties":{"modulo":1,"idparcela":"************","productor":null,"cultivo":"Sin Cultivo","superficie_fisica_ha":null,"superficie_riego_ha":null,"hectareas":3.192},"geometry":{"type":"Polygon","coordinates":[[[-105.174851,27.738925],[-105.174901,27.738113],[-105.178654,27.739713],[-105.178618,27.7399],[-105.178611,27.739987],[-105.178611,27.740107],[-105.178614,27.740158],[-105.178586,27.740269],[-105.178567,27.740359],[-105.178503,27.740394],[-105.174851,27.738925]]]}},{"type":"Feature","properties":{"modulo":1,"idparcela":"************","productor":null,"cultivo":"Sin Cultivo","superficie_fisica_ha":null,"superficie_riego_ha":null,"hectareas":3.343},"geometry":{"type":"Polygon","coordinates":[[[-105.179698,27.742138],[-105.178726,27.743519],[-105.177917,27.742858],[-105.177409,27.742431],[-105.178041,27.740956],[-105.178882,27.741445],[-105.178899,27.741592],[-105.179698,27.742138]]]}},{"type":"Feature","properties":{"modulo":1,"idparcela":"************","productor":null,"cultivo":"Sin Cultivo","superficie_fisica_ha":null,"superficie_riego_ha":null,"hectareas":6.717},"geometry":{"type":"Polygon","coordinates":[[[-105.174826,27.740824],[-105.172825,27.739968],[-105.172897,27.739612],[-105.172971,27.739236],[-105.173053,27.738729],[-105.174375,27.739223],[-105.174909,27.739438],[-105.176103,27.739916],[-105.177462,27.740569],[-105.177809,27.740772],[-105.177804,27.740972],[-105.177675,27.741528],[-105.177605,27.741634],[-105.177476,27.741153],[-105.177046,27.741122],[-105.176635,27.741572],[-105.176681,27.741646],[-105.175118,27.740951],[-105.174826,27.740824]]]}},{"type":"Feature","properties":{"modulo":1,"idparcela":"************","productor":null,"cultivo":"Sin Cultivo","superficie_fisica_ha":null,"superficie_riego_ha":null,"hectareas":2.156},"geometry":{"type":"Polygon","coordinates":[[[-105.178009,27.745072],[-105.178199,27.744753],[-105.178795,27.743708],[-105.179549,27.744132],[-105.179342,27.744671],[-105.17922,27.745933],[-105.178531,27.745577],[-105.177903,27.745321],[-105.178009,27.745072]]]}},{"type":"Feature","properties":{"modulo":1,"idparcela":"************","productor":null,"cultivo":"Sin Cultivo","superficie_fisica_ha":null,"superficie_riego_ha":null,"hectareas":2.448},"geometry":{"type":"Polygon","coordinates":[[[-105.178795,27.743708],[-105.178199,27.744753],[-105.176915,27.743949],[-105.177063,27.74339],[-105.177211,27.742978],[-105.177323,27.742609],[-105.177331,27.742583],[-105.177367,27.742493],[-105.17787,27.742902],[-105.178795,27.743708]]]}},{"type":"Feature","properties":{"modulo":1,"idparcela":"************","productor":null,"cultivo":"Sin Cultivo","superficie_fisica_ha":null,"superficie_riego_ha":null,"hectareas":2.12},"geometry":{"type":"Polygon","coordinates":[[[-105.176938,27.745763],[-105.176456,27.745669],[-105.176499,27.745456],[-105.176564,27.745132],[-105.176469,27.74507],[-105.176742,27.744469],[-105.176915,27.743949],[-105.178199,27.744753],[-105.178009,27.745072],[-105.177903,27.745321],[-105.177801,27.745309],[-105.177737,27.74532],[-105.17768,27.745383],[-105.177639,27.745445],[-105.177597,27.745484],[-105.177566,27.745537],[-105.177524,27.74561],[-105.177459,27.745745],[-105.177328,27.745801],[-105.177187,27.745802],[-105.176938,27.745763]]]}},{"type":"Feature","properties":{"modulo":1,"idparcela":"************","productor":null,"cultivo":"Sin Cultivo","superficie_fisica_ha":null,"superficie_riego_ha":null,"hectareas":4.203},"geometry":{"type":"Polygon","coordinates":[[[-105.173627,27.745139],[-105.173528,27.744407],[-105.173413,27.743239],[-105.173567,27.74317],[-105.174078,27.743499],[-105.174735,27.743921],[-105.176469,27.74507],[-105.176564,27.745132],[-105.176499,27.745456],[-105.176456,27.745669],[-105.173627,27.745139]]]}},{"type":"Feature","properties":{"modulo":1,"idparcela":"************","productor":null,"cultivo":"Sin Cultivo","superficie_fisica_ha":null,"superficie_riego_ha":null,"hectareas":24.306},"geometry":{"type":"Polygon","coordinates":[[[-105.176536,27.751573],[-105.174788,27.751227],[-105.175,27.750792],[-105.175277,27.75024],[-105.175394,27.749667],[-105.175147,27.74826],[-105.174999,27.747316],[-105.174524,27.746664],[-105.174123,27.74609],[-105.17384,27.745692],[-105.173627,27.745139],[-105.176456,27.745669],[-105.176938,27.745763],[-105.176901,27.745879],[-105.17687,27.745964],[-105.176829,27.746106],[-105.176816,27.7462],[-105.17685,27.74628],[-105.176892,27.746339],[-105.176944,27.746354],[-105.177082,27.746221],[-105.177116,27.746156],[-105.177181,27.74609],[-105.17728,27.746021],[-105.177359,27.74595],[-105.177474,27.745922],[-105.177639,27.745858],[-105.177755,27.745728],[-105.177766,27.745609],[-105.177859,27.745465],[-105.177978,27.745432],[-105.178495,27.745643],[-105.179092,27.745984],[-105.178781,27.747887],[-105.178604,27.748995],[-105.178365,27.750734],[-105.178127,27.751869],[-105.176536,27.751573]]]}},{"type":"Feature","properties":{"modulo":1,"idparcela":"************","productor":null,"cultivo":"Sin Cultivo","superficie_fisica_ha":null,"superficie_riego_ha":null,"hectareas":6.932},"geometry":{"type":"Polygon","coordinates":[[[-105.181962,27.748966],[-105.181962,27.748966],[-105.18171,27.748878],[-105.180647,27.748508],[-105.180261,27.748445],[-105.178909,27.748091],[-105.179033,27.747349],[-105.179128,27.746718],[-105.179204,27.746099],[-105.179528,27.746281],[-105.180058,27.746492],[-105.180404,27.746587],[-105.181014,27.746669],[-105.1818,27.746665],[-105.182462,27.74667],[-105.182012,27.748721],[-105.181962,27.748966]]]}},{"type":"Feature","properties":{"modulo":1,"idparcela":"************","productor":null,"cultivo":"Sin Cultivo","superficie_fisica_ha":null,"superficie_riego_ha":null,"hectareas":5.591},"geometry":{"type":"Polygon","coordinates":[[[-105.178679,27.749791],[-105.178698,27.749453],[-105.178782,27.748875],[-105.178909,27.748091],[-105.180261,27.748445],[-105.180219,27.748648],[-105.180448,27.748711],[-105.180647,27.748508],[-105.18171,27.748878],[-105.181962,27.748966],[-105.181962,27.748966],[-105.181951,27.750428],[-105.178679,27.749791]]]}},{"type":"Feature","properties":{"modulo":1,"idparcela":"************","productor":null,"cultivo":"Sin Cultivo","superficie_fisica_ha":null,"superficie_riego_ha":null,"hectareas":4.098},"geometry":{"type":"Polygon","coordinates":[[[-105.173877,27.753007],[-105.173076,27.75284],[-105.173549,27.75252],[-105.173875,27.752244],[-105.174234,27.751968],[-105.174495,27.751634],[-105.174788,27.751227],[-105.176536,27.751573],[-105.176448,27.752004],[-105.176022,27.7529],[-105.175972,27.753063],[-105.173963,27.752875],[-105.173877,27.753007]]]}},{"type":"Feature","properties":{"modulo":1,"idparcela":"************","productor":null,"cultivo":"Sin Cultivo","superficie_fisica_ha":null,"superficie_riego_ha":null,"hectareas":0.444},"geometry":{"type":"Polygon","coordinates":[[[-105.172791,27.753361],[-105.172898,27.75319],[-105.172919,27.753058],[-105.173076,27.75284],[-105.173877,27.753007],[-105.173722,27.753373],[-105.172791,27.753361]]]}},{"type":"Feature","properties":{"modulo":1,"idparcela":"************","productor":null,"cultivo":"Sin Cultivo","superficie_fisica_ha":null,"superficie_riego_ha":null,"hectareas":3.939},"geometry":{"type":"Polygon","coordinates":[[[-105.172812,27.755817],[-105.175146,27.756017],[-105.17502,27.757422],[-105.174892,27.75765],[-105.1747,27.757726],[-105.1744,27.757536],[-105.173994,27.757347],[-105.173117,27.757006],[-105.172839,27.756722],[-105.172561,27.756286],[-105.172453,27.755868],[-105.172367,27.755602],[-105.172401,27.755296],[-105.172958,27.755287],[-105.172812,27.755817]]]}},{"type":"Feature","properties":{"modulo":1,"idparcela":"************","productor":null,"cultivo":"Sin Cultivo","superficie_fisica_ha":null,"superficie_riego_ha":null,"hectareas":0.664},"geometry":{"type":"Polygon","coordinates":[[[-105.180416,27.757247],[-105.180291,27.756797],[-105.181022,27.756527],[-105.18109,27.756671],[-105.181246,27.756879],[-105.181201,27.757291],[-105.181189,27.757511],[-105.180875,27.757397],[-105.180416,27.757247]]]}},{"type":"Feature","properties":{"modulo":1,"idparcela":"************","productor":null,"cultivo":"Sin Cultivo","superficie_fisica_ha":null,"superficie_riego_ha":null,"hectareas":2.092},"geometry":{"type":"Polygon","coordinates":[[[-105.179994,27.725871],[-105.180061,27.725896],[-105.180089,27.725977],[-105.180128,27.726051],[-105.180359,27.726601],[-105.180407,27.727508],[-105.179533,27.727637],[-105.178486,27.727682],[-105.178638,27.727552],[-105.178927,27.727165],[-105.179737,27.725955],[-105.179994,27.725871]]]}},{"type":"Feature","properties":{"modulo":1,"idparcela":"************","productor":null,"cultivo":"Sin Cultivo","superficie_fisica_ha":null,"superficie_riego_ha":null,"hectareas":11.05},"geometry":{"type":"Polygon","coordinates":[[[-105.177436,27.737576],[-105.176116,27.737107],[-105.175334,27.736793],[-105.17502,27.736564],[-105.175543,27.735659],[-105.175665,27.73541],[-105.1762,27.734781],[-105.176504,27.734423],[-105.176717,27.734053],[-105.177072,27.733729],[-105.177289,27.733415],[-105.177597,27.732971],[-105.177515,27.732695],[-105.177478,27.732546],[-105.177565,27.732596],[-105.177675,27.732699],[-105.17785,27.732738],[-105.178148,27.732795],[-105.178202,27.732827],[-105.178307,27.732963],[-105.178373,27.733137],[-105.17843,27.733427],[-105.178472,27.733797],[-105.177427,27.736139],[-105.177909,27.73641],[-105.179413,27.737497],[-105.179043,27.73838],[-105.177436,27.737576]]]}},{"type":"Feature","properties":{"modulo":1,"idparcela":"************","productor":null,"cultivo":"Sin Cultivo","superficie_fisica_ha":null,"superficie_riego_ha":null,"hectareas":1.119},"geometry":{"type":"Polygon","coordinates":[[[-105.179443,27.736844],[-105.179253,27.736757],[-105.179209,27.736653],[-105.179256,27.736369],[-105.179269,27.736236],[-105.17924,27.73593],[-105.180983,27.736347],[-105.180796,27.736812],[-105.17988,27.736571],[-105.179738,27.736954],[-105.179574,27.736886],[-105.179443,27.736844]]]}},{"type":"Feature","properties":{"modulo":1,"idparcela":"************","productor":null,"cultivo":"Sin Cultivo","superficie_fisica_ha":null,"superficie_riego_ha":null,"hectareas":19.929},"geometry":{"type":"Polygon","coordinates":[[[-105.172491,27.736357],[-105.172633,27.735577],[-105.172584,27.735038],[-105.172664,27.734726],[-105.172684,27.734609],[-105.172753,27.73422],[-105.172822,27.733827],[-105.172889,27.733443],[-105.172915,27.733313],[-105.172992,27.732923],[-105.173079,27.732478],[-105.173105,27.732376],[-105.173206,27.731967],[-105.174121,27.732142],[-105.174846,27.732298],[-105.175124,27.732334],[-105.175383,27.732368],[-105.175968,27.732417],[-105.176751,27.73253],[-105.177155,27.732636],[-105.177308,27.732633],[-105.177478,27.732546],[-105.177515,27.732695],[-105.177597,27.732971],[-105.177289,27.733415],[-105.177072,27.733729],[-105.176717,27.734053],[-105.176504,27.734423],[-105.1762,27.734781],[-105.175665,27.73541],[-105.175543,27.735659],[-105.17502,27.736564],[-105.174546,27.737225],[-105.174145,27.737865],[-105.173829,27.738548],[-105.17369,27.738579],[-105.173566,27.738804],[-105.17301,27.738614],[-105.173071,27.73803],[-105.173131,27.737436],[-105.17308,27.737144],[-105.172791,27.736643],[-105.172491,27.736357]]]}},{"type":"Feature","properties":{"modulo":1,"idparcela":"************","productor":null,"cultivo":"Sin Cultivo","superficie_fisica_ha":null,"superficie_riego_ha":null,"hectareas":2.894},"geometry":{"type":"Polygon","coordinates":[[[-105.184416,27.737645],[-105.184429,27.737296],[-105.184604,27.737127],[-105.184714,27.737007],[-105.18481,27.736913],[-105.184956,27.736756],[-105.185181,27.736538],[-105.185255,27.736474],[-105.185382,27.736281],[-105.185566,27.736116],[-105.185837,27.73705],[-105.185887,27.737099],[-105.186159,27.737623],[-105.186633,27.738374],[-105.187003,27.738896],[-105.186665,27.738828],[-105.184416,27.737645]]]}},{"type":"Feature","properties":{"modulo":1,"idparcela":"************","productor":null,"cultivo":"Sin Cultivo","superficie_fisica_ha":null,"superficie_riego_ha":null,"hectareas":3.883},"geometry":{"type":"Polygon","coordinates":[[[-105.185125,27.743388],[-105.185089,27.743475],[-105.183565,27.742681],[-105.183565,27.742681],[-105.183563,27.742681],[-105.183562,27.74268],[-105.183561,27.74268],[-105.18356,27.742679],[-105.183558,27.742679],[-105.183557,27.742679],[-105.183556,27.742679],[-105.183555,27.742679],[-105.183563,27.742359],[-105.183641,27.741906],[-105.183742,27.741432],[-105.183726,27.741105],[-105.186395,27.742283],[-105.186159,27.742453],[-105.185626,27.742914],[-105.185407,27.7432],[-105.185125,27.743388]]]}},{"type":"Feature","properties":{"modulo":1,"idparcela":"************","productor":null,"cultivo":"Sin Cultivo","superficie_fisica_ha":null,"superficie_riego_ha":null,"hectareas":5.765},"geometry":{"type":"Polygon","coordinates":[[[-105.181109,27.755285],[-105.181005,27.756367],[-105.181022,27.756527],[-105.180291,27.756797],[-105.180141,27.756257],[-105.179714,27.754716],[-105.180951,27.754319],[-105.181246,27.753426],[-105.181198,27.751742],[-105.182111,27.752025],[-105.182344,27.754307],[-105.182142,27.75434],[-105.182009,27.75437],[-105.181555,27.754774],[-105.181078,27.754916],[-105.181101,27.755078],[-105.181109,27.755285]]]}},{"type":"Feature","properties":{"modulo":1,"idparcela":"************","productor":null,"cultivo":"Sin Cultivo","superficie_fisica_ha":null,"superficie_riego_ha":null,"hectareas":1.493},"geometry":{"type":"Polygon","coordinates":[[[-105.180594,27.761519],[-105.180843,27.761618],[-105.180415,27.764145],[-105.179764,27.763992],[-105.179931,27.763114],[-105.180036,27.762867],[-105.180168,27.762501],[-105.180594,27.761519]]]}},{"type":"Feature","properties":{"modulo":1,"idparcela":"************","productor":null,"cultivo":"Sin Cultivo","superficie_fisica_ha":null,"superficie_riego_ha":null,"hectareas":2.675},"geometry":{"type":"Polygon","coordinates":[[[-105.18066,27.760013],[-105.180306,27.761192],[-105.180367,27.76156],[-105.179931,27.762438],[-105.179819,27.7624],[-105.179817,27.761559],[-105.180257,27.759804],[-105.180413,27.75738],[-105.18042,27.757333],[-105.181191,27.757585],[-105.181105,27.757963],[-105.180836,27.758442],[-105.180845,27.759511],[-105.18066,27.760013]]]}},{"type":"Feature","properties":{"modulo":1,"idparcela":"************","productor":null,"cultivo":"Sin Cultivo","superficie_fisica_ha":null,"superficie_riego_ha":null,"hectareas":3.189},"geometry":{"type":"Polygon","coordinates":[[[-105.183873,27.726904],[-105.183898,27.726723],[-105.184353,27.725227],[-105.185937,27.725874],[-105.185471,27.727491],[-105.185362,27.727451],[-105.183873,27.726904]]]}},{"type":"Feature","properties":{"modulo":1,"idparcela":"************","productor":null,"cultivo":"Sin Cultivo","superficie_fisica_ha":null,"superficie_riego_ha":null,"hectareas":3.057},"geometry":{"type":"Polygon","coordinates":[[[-105.188498,27.727095],[-105.188576,27.726563],[-105.188699,27.726211],[-105.188694,27.72592],[-105.189128,27.726009],[-105.18927,27.725969],[-105.189706,27.726137],[-105.190074,27.726264],[-105.19048,27.726323],[-105.190761,27.726284],[-105.190665,27.726841],[-105.190488,27.727838],[-105.188498,27.727095]]]}},{"type":"Feature","properties":{"modulo":1,"idparcela":"************","productor":null,"cultivo":"Sin Cultivo","superficie_fisica_ha":null,"superficie_riego_ha":null,"hectareas":1.71},"geometry":{"type":"Polygon","coordinates":[[[-105.188382,27.727845],[-105.188498,27.727095],[-105.190488,27.727838],[-105.190356,27.728582],[-105.188382,27.727845]]]}},{"type":"Feature","properties":{"modulo":1,"idparcela":"************","productor":null,"cultivo":"Sin Cultivo","superficie_fisica_ha":null,"superficie_riego_ha":null,"hectareas":1.593},"geometry":{"type":"Polygon","coordinates":[[[-105.186566,27.726268],[-105.187409,27.72638],[-105.18719,27.727688],[-105.187135,27.727958],[-105.187038,27.728019],[-105.186217,27.7278],[-105.186373,27.727037],[-105.186566,27.726268]]]}},{"type":"Feature","properties":{"modulo":1,"idparcela":"************","productor":null,"cultivo":"Sin Cultivo","superficie_fisica_ha":null,"superficie_riego_ha":null,"hectareas":2.063},"geometry":{"type":"Polygon","coordinates":[[[-105.187038,27.728019],[-105.187135,27.727958],[-105.18719,27.727688],[-105.187704,27.727856],[-105.188138,27.727998],[-105.187841,27.728888],[-105.1877,27.729641],[-105.187206,27.729618],[-105.187018,27.72961],[-105.186627,27.729709],[-105.186692,27.729303],[-105.186836,27.72878],[-105.187038,27.728019]]]}},{"type":"Feature","properties":{"modulo":1,"idparcela":"************","productor":null,"cultivo":"Sin Cultivo","superficie_fisica_ha":null,"superficie_riego_ha":null,"hectareas":3.897},"geometry":{"type":"Polygon","coordinates":[[[-105.183873,27.726904],[-105.185362,27.727451],[-105.185471,27.727491],[-105.186055,27.727706],[-105.185625,27.72931],[-105.183419,27.728179],[-105.183873,27.726904]]]}},{"type":"Feature","properties":{"modulo":1,"idparcela":"9466","productor":"REY URUETA ANTONIO FCO.","cultivo":"Sin Cultivo","superficie_fisica_ha":3.0624,"superficie_riego_ha":3.0624,"hectareas":0.803},"geometry":{"type":"Polygon","coordinates":[[[-105.193056,27.728285],[-105.193631,27.726896],[-105.193692,27.727049],[-105.193902,27.7279],[-105.193789,27.728546],[-105.193056,27.728285]]]}},{"type":"Feature","properties":{"modulo":1,"idparcela":"9466","productor":"REY URUETA ANTONIO FCO.","cultivo":"Sin Cultivo","superficie_fisica_ha":3.0624,"superficie_riego_ha":3.0624,"hectareas":1.522},"geometry":{"type":"Polygon","coordinates":[[[-105.191898,27.727883],[-105.192718,27.725859],[-105.192795,27.725422],[-105.192899,27.725404],[-105.19317,27.725736],[-105.193247,27.72593],[-105.192458,27.728071],[-105.191898,27.727883]]]}},{"type":"Feature","properties":{"modulo":1,"idparcela":"9466","productor":"REY URUETA ANTONIO FCO.","cultivo":"Sin Cultivo","superficie_fisica_ha":3.0624,"superficie_riego_ha":3.0624,"hectareas":1.38},"geometry":{"type":"Polygon","coordinates":[[[-105.192458,27.728071],[-105.193247,27.72593],[-105.193631,27.726896],[-105.193056,27.728285],[-105.192458,27.728071]]]}},{"type":"Feature","properties":{"modulo":1,"idparcela":"9573","productor":"SIMENTAL ESTRADA FELIX","cultivo":"Alfalfa","superficie_fisica_ha":4.4381,"superficie_riego_ha":4.4381,"hectareas":2.894},"geometry":{"type":"Polygon","coordinates":[[[-105.191959,27.729424],[-105.19172,27.729161],[-105.19157,27.728755],[-105.191898,27.727883],[-105.192458,27.728071],[-105.193056,27.728285],[-105.193789,27.728546],[-105.193611,27.729529],[-105.193578,27.729635],[-105.191959,27.729424]]]}},{"type":"Feature","properties":{"modulo":1,"idparcela":"************","productor":null,"cultivo":"Sin Cultivo","superficie_fisica_ha":null,"superficie_riego_ha":null,"hectareas":0.873},"geometry":{"type":"Polygon","coordinates":[[[-105.188382,27.727845],[-105.190356,27.728582],[-105.190273,27.729051],[-105.18833,27.72814],[-105.188375,27.727889],[-105.188382,27.727845]]]}},{"type":"Feature","properties":{"modulo":1,"idparcela":"************","productor":null,"cultivo":"Sin Cultivo","superficie_fisica_ha":null,"superficie_riego_ha":null,"hectareas":4.027},"geometry":{"type":"Polygon","coordinates":[[[-105.186747,27.73433],[-105.186983,27.733874],[-105.187133,27.733632],[-105.187202,27.733488],[-105.187318,27.733302],[-105.187442,27.733127],[-105.189076,27.73374],[-105.189555,27.732423],[-105.189768,27.73247],[-105.189617,27.733058],[-105.189141,27.735264],[-105.186747,27.73433]]]}},{"type":"Feature","properties":{"modulo":1,"idparcela":"************","productor":null,"cultivo":"Sin Cultivo","superficie_fisica_ha":null,"superficie_riego_ha":null,"hectareas":2.837},"geometry":{"type":"Polygon","coordinates":[[[-105.18172,27.734782],[-105.182322,27.732265],[-105.182631,27.732148],[-105.183111,27.73202],[-105.183197,27.732138],[-105.183153,27.733022],[-105.18306,27.733901],[-105.182034,27.735087],[-105.181906,27.73495],[-105.181743,27.734795],[-105.18172,27.734782]]]}},{"type":"Feature","properties":{"modulo":1,"idparcela":"************","productor":null,"cultivo":"Sin Cultivo","superficie_fisica_ha":null,"superficie_riego_ha":null,"hectareas":6.216},"geometry":{"type":"Polygon","coordinates":[[[-105.18178,27.732328],[-105.182231,27.732299],[-105.182322,27.732265],[-105.18172,27.734782],[-105.181506,27.734576],[-105.18137,27.734401],[-105.18117,27.734245],[-105.181134,27.734199],[-105.181773,27.73287],[-105.181107,27.732364],[-105.181163,27.732224],[-105.180046,27.731012],[-105.179446,27.730396],[-105.179445,27.729918],[-105.179033,27.729496],[-105.179032,27.729017],[-105.178683,27.728229],[-105.178486,27.727682],[-105.179533,27.727637],[-105.180215,27.730646],[-105.181086,27.730559],[-105.181645,27.731597],[-105.18178,27.732328]]]}},{"type":"Feature","properties":{"modulo":1,"idparcela":"************","productor":null,"cultivo":"Sin Cultivo","superficie_fisica_ha":null,"superficie_riego_ha":null,"hectareas":4.607},"geometry":{"type":"Polygon","coordinates":[[[-105.179026,27.731612],[-105.178983,27.731529],[-105.178702,27.730955],[-105.178506,27.730553],[-105.178462,27.730453],[-105.178329,27.730151],[-105.178184,27.729821],[-105.177915,27.729209],[-105.177503,27.728607],[-105.177985,27.728112],[-105.178486,27.727682],[-105.178683,27.728229],[-105.179032,27.729017],[-105.179033,27.729496],[-105.179445,27.729918],[-105.179446,27.730396],[-105.180046,27.731012],[-105.179364,27.732257],[-105.179026,27.731612]]]}},{"type":"Feature","properties":{"modulo":1,"idparcela":"************","productor":null,"cultivo":"Sin Cultivo","superficie_fisica_ha":null,"superficie_riego_ha":null,"hectareas":0.305},"geometry":{"type":"Polygon","coordinates":[[[-105.177445,27.728719],[-105.177772,27.729153],[-105.176732,27.729489],[-105.177445,27.728719]]]}},{"type":"Feature","properties":{"modulo":1,"idparcela":"************","productor":null,"cultivo":"Sin Cultivo","superficie_fisica_ha":null,"superficie_riego_ha":null,"hectareas":1.502},"geometry":{"type":"Polygon","coordinates":[[[-105.178315,27.730118],[-105.178202,27.730159],[-105.176932,27.730613],[-105.176915,27.730553],[-105.176853,27.730246],[-105.176721,27.729595],[-105.177303,27.729396],[-105.17768,27.729289],[-105.177915,27.729209],[-105.178184,27.729821],[-105.178315,27.730118]]]}},{"type":"Feature","properties":{"modulo":1,"idparcela":"************","productor":null,"cultivo":"Sin Cultivo","superficie_fisica_ha":null,"superficie_riego_ha":null,"hectareas":1.624},"geometry":{"type":"Polygon","coordinates":[[[-105.176932,27.730613],[-105.178315,27.730118],[-105.178329,27.730151],[-105.178462,27.730453],[-105.178506,27.730553],[-105.178702,27.730955],[-105.17725,27.731575],[-105.177214,27.731634],[-105.177169,27.731486],[-105.177054,27.73105],[-105.177034,27.730975],[-105.17694,27.730642],[-105.176932,27.730613]]]}},{"type":"Feature","properties":{"modulo":1,"idparcela":"************","productor":null,"cultivo":"Sin Cultivo","superficie_fisica_ha":null,"superficie_riego_ha":null,"hectareas":1.357},"geometry":{"type":"Polygon","coordinates":[[[-105.17725,27.731575],[-105.178702,27.730955],[-105.178983,27.731529],[-105.179026,27.731612],[-105.177548,27.732246],[-105.177519,27.732268],[-105.177458,27.732315],[-105.17739,27.732362],[-105.17736,27.732215],[-105.177291,27.731886],[-105.177214,27.731634],[-105.17725,27.731575]]]}},{"type":"Feature","properties":{"modulo":1,"idparcela":"************","productor":null,"cultivo":"Sin Cultivo","superficie_fisica_ha":null,"superficie_riego_ha":null,"hectareas":1.188},"geometry":{"type":"Polygon","coordinates":[[[-105.177535,27.732478],[-105.177507,27.732421],[-105.177463,27.732375],[-105.177458,27.732315],[-105.177519,27.732268],[-105.177548,27.732246],[-105.179026,27.731612],[-105.179364,27.732257],[-105.178194,27.732656],[-105.178092,27.732691],[-105.177948,27.732698],[-105.177716,27.732639],[-105.177535,27.732478]]]}},{"type":"Feature","properties":{"modulo":1,"idparcela":"************","productor":null,"cultivo":"Sin Cultivo","superficie_fisica_ha":null,"superficie_riego_ha":null,"hectareas":1.816},"geometry":{"type":"Polygon","coordinates":[[[-105.169989,27.732717],[-105.170031,27.732666],[-105.170381,27.732212],[-105.170554,27.732134],[-105.173105,27.732376],[-105.173079,27.732478],[-105.172992,27.732923],[-105.169989,27.732717]]]}},{"type":"Feature","properties":{"modulo":1,"idparcela":"************","productor":null,"cultivo":"Sin Cultivo","superficie_fisica_ha":null,"superficie_riego_ha":null,"hectareas":1.14},"geometry":{"type":"Polygon","coordinates":[[[-105.169772,27.732984],[-105.169989,27.732717],[-105.172992,27.732923],[-105.172915,27.733313],[-105.169772,27.732984]]]}},{"type":"Feature","properties":{"modulo":1,"idparcela":"************","productor":null,"cultivo":"Sin Cultivo","superficie_fisica_ha":null,"superficie_riego_ha":null,"hectareas":1.778},"geometry":{"type":"Polygon","coordinates":[[[-105.170055,27.733591],[-105.169996,27.733509],[-105.169772,27.732984],[-105.172915,27.733313],[-105.172889,27.733443],[-105.172822,27.733827],[-105.170055,27.733591]]]}},{"type":"Feature","properties":{"modulo":1,"idparcela":"************","productor":null,"cultivo":"Sin Cultivo","superficie_fisica_ha":null,"superficie_riego_ha":null,"hectareas":1.094},"geometry":{"type":"Polygon","coordinates":[[[-105.170346,27.733997],[-105.170055,27.733591],[-105.172822,27.733827],[-105.172753,27.73422],[-105.170346,27.733997]]]}},{"type":"Feature","properties":{"modulo":1,"idparcela":"************","productor":null,"cultivo":"Sin Cultivo","superficie_fisica_ha":null,"superficie_riego_ha":null,"hectareas":0.879},"geometry":{"type":"Polygon","coordinates":[[[-105.170603,27.734349],[-105.170524,27.734246],[-105.170346,27.733997],[-105.172753,27.73422],[-105.172684,27.734609],[-105.170603,27.734349]]]}},{"type":"Feature","properties":{"modulo":1,"idparcela":"************","productor":null,"cultivo":"Sin Cultivo","superficie_fisica_ha":null,"superficie_riego_ha":null,"hectareas":2.143},"geometry":{"type":"Polygon","coordinates":[[[-105.170603,27.734349],[-105.172684,27.734609],[-105.172664,27.734726],[-105.172584,27.735038],[-105.172633,27.735577],[-105.172491,27.736357],[-105.172203,27.735989],[-105.171675,27.735606],[-105.171276,27.735224],[-105.170603,27.734349]]]}},{"type":"Feature","properties":{"modulo":1,"idparcela":"************","productor":null,"cultivo":"Sin Cultivo","superficie_fisica_ha":null,"superficie_riego_ha":null,"hectareas":0.943},"geometry":{"type":"Polygon","coordinates":[[[-105.180796,27.736812],[-105.180983,27.736347],[-105.182449,27.736688],[-105.182694,27.737269],[-105.180796,27.736812]]]}},{"type":"Feature","properties":{"modulo":1,"idparcela":"************","productor":null,"cultivo":"Sin Cultivo","superficie_fisica_ha":null,"superficie_riego_ha":null,"hectareas":1.964},"geometry":{"type":"Polygon","coordinates":[[[-105.178726,27.743519],[-105.179698,27.742138],[-105.180208,27.742426],[-105.180623,27.742713],[-105.180383,27.743052],[-105.180017,27.743514],[-105.17976,27.743803],[-105.179562,27.744052],[-105.178852,27.743626],[-105.178726,27.743519]]]}},{"type":"Feature","properties":{"modulo":1,"idparcela":"************","productor":null,"cultivo":"Sin Cultivo","superficie_fisica_ha":null,"superficie_riego_ha":null,"hectareas":0.421},"geometry":{"type":"Polygon","coordinates":[[[-105.17261,27.754579],[-105.173143,27.754617],[-105.172958,27.755287],[-105.172401,27.755296],[-105.172409,27.755223],[-105.172579,27.754653],[-105.17261,27.754579]]]}},{"type":"Feature","properties":{"modulo":1,"idparcela":"************","productor":null,"cultivo":"Sin Cultivo","superficie_fisica_ha":null,"superficie_riego_ha":null,"hectareas":3.716},"geometry":{"type":"Polygon","coordinates":[[[-105.172812,27.755817],[-105.172958,27.755287],[-105.173143,27.754617],[-105.173323,27.754235],[-105.175463,27.754597],[-105.175149,27.755387],[-105.175147,27.755756],[-105.175146,27.756017],[-105.172812,27.755817]]]}},{"type":"Feature","properties":{"modulo":1,"idparcela":"************","productor":null,"cultivo":"Sin Cultivo","superficie_fisica_ha":null,"superficie_riego_ha":null,"hectareas":0.987},"geometry":{"type":"Polygon","coordinates":[[[-105.17261,27.754579],[-105.172698,27.75437],[-105.172685,27.753931],[-105.172749,27.75357],[-105.172791,27.753361],[-105.173722,27.753373],[-105.173635,27.753577],[-105.173323,27.754235],[-105.173143,27.754617],[-105.17261,27.754579]]]}},{"type":"Feature","properties":{"modulo":1,"idparcela":"************","productor":null,"cultivo":"Sin Cultivo","superficie_fisica_ha":null,"superficie_riego_ha":null,"hectareas":3.465},"geometry":{"type":"Polygon","coordinates":[[[-105.173323,27.754235],[-105.173635,27.753577],[-105.173722,27.753373],[-105.173877,27.753007],[-105.173963,27.752875],[-105.175972,27.753063],[-105.17594,27.753167],[-105.175896,27.753312],[-105.17563,27.75418],[-105.175544,27.754394],[-105.175463,27.754597],[-105.173323,27.754235]]]}},{"type":"Feature","properties":{"modulo":1,"idparcela":"************","productor":null,"cultivo":"Sin Cultivo","superficie_fisica_ha":null,"superficie_riego_ha":null,"hectareas":0.731},"geometry":{"type":"Polygon","coordinates":[[[-105.175896,27.753312],[-105.17594,27.753167],[-105.175972,27.753063],[-105.176022,27.7529],[-105.176448,27.752004],[-105.176536,27.751573],[-105.176688,27.753355],[-105.175896,27.753312]]]}},{"type":"Feature","properties":{"modulo":1,"idparcela":"************","productor":null,"cultivo":"Sin Cultivo","superficie_fisica_ha":null,"superficie_riego_ha":null,"hectareas":3.46},"geometry":{"type":"Polygon","coordinates":[[[-105.175147,27.755756],[-105.175149,27.755387],[-105.175463,27.754597],[-105.175544,27.754394],[-105.17563,27.75418],[-105.175896,27.753312],[-105.176688,27.753355],[-105.176796,27.754623],[-105.176894,27.755775],[-105.175147,27.755756]]]}},{"type":"Feature","properties":{"modulo":1,"idparcela":"************","productor":null,"cultivo":"Sin Cultivo","superficie_fisica_ha":null,"superficie_riego_ha":null,"hectareas":3.314},"geometry":{"type":"Polygon","coordinates":[[[-105.17502,27.757422],[-105.175146,27.756017],[-105.175147,27.755756],[-105.176894,27.755775],[-105.17691,27.755959],[-105.17671,27.757618],[-105.176555,27.757639],[-105.176377,27.757578],[-105.175743,27.757499],[-105.17502,27.757422]]]}},{"type":"Feature","properties":{"modulo":1,"idparcela":"************","productor":null,"cultivo":"Sin Cultivo","superficie_fisica_ha":null,"superficie_riego_ha":null,"hectareas":4.279},"geometry":{"type":"Polygon","coordinates":[[[-105.176958,27.761013],[-105.176091,27.759882],[-105.175331,27.758656],[-105.175298,27.757563],[-105.177121,27.757859],[-105.177117,27.758846],[-105.177038,27.760074],[-105.176958,27.761013]]]}},{"type":"Feature","properties":{"modulo":1,"idparcela":"************","productor":null,"cultivo":"Sin Cultivo","superficie_fisica_ha":null,"superficie_riego_ha":null,"hectareas":5.543},"geometry":{"type":"Polygon","coordinates":[[[-105.176536,27.751573],[-105.178127,27.751869],[-105.178116,27.751924],[-105.178106,27.753008],[-105.178005,27.753754],[-105.1779,27.754589],[-105.177617,27.755518],[-105.177474,27.755976],[-105.177156,27.755932],[-105.17691,27.755959],[-105.176894,27.755775],[-105.176796,27.754623],[-105.176688,27.753355],[-105.176536,27.751573]]]}},{"type":"Feature","properties":{"modulo":1,"idparcela":"************","productor":null,"cultivo":"Sin Cultivo","superficie_fisica_ha":null,"superficie_riego_ha":null,"hectareas":6.426},"geometry":{"type":"Polygon","coordinates":[[[-105.178307,27.752023],[-105.178319,27.751851],[-105.178437,27.751301],[-105.178521,27.750961],[-105.178612,27.750196],[-105.178679,27.749791],[-105.181951,27.750428],[-105.181951,27.750495],[-105.182111,27.752025],[-105.181198,27.751742],[-105.179406,27.751336],[-105.179349,27.751701],[-105.179417,27.752309],[-105.178307,27.752023]]]}},{"type":"Feature","properties":{"modulo":1,"idparcela":"************","productor":null,"cultivo":"Sin Cultivo","superficie_fisica_ha":null,"superficie_riego_ha":null,"hectareas":2.739},"geometry":{"type":"Polygon","coordinates":[[[-105.17798,27.759809],[-105.177967,27.760095],[-105.177969,27.760577],[-105.177982,27.760729],[-105.17806,27.760988],[-105.178032,27.761099],[-105.177962,27.76122],[-105.177677,27.761429],[-105.177412,27.761593],[-105.177232,27.761218],[-105.177244,27.760584],[-105.177285,27.759717],[-105.177322,27.758933],[-105.177361,27.757856],[-105.177376,27.757265],[-105.177727,27.757238],[-105.177714,27.757856],[-105.177746,27.758163],[-105.177945,27.758823],[-105.178013,27.759083],[-105.17798,27.759809]]]}},{"type":"Feature","properties":{"modulo":1,"idparcela":"************","productor":null,"cultivo":"Sin Cultivo","superficie_fisica_ha":null,"superficie_riego_ha":null,"hectareas":14.859},"geometry":{"type":"Polygon","coordinates":[[[-105.17798,27.759809],[-105.178013,27.759083],[-105.177945,27.758823],[-105.177746,27.758163],[-105.177714,27.757856],[-105.177727,27.757238],[-105.178037,27.757242],[-105.178968,27.757181],[-105.180426,27.757283],[-105.18042,27.757333],[-105.180413,27.75738],[-105.180257,27.759804],[-105.179817,27.761559],[-105.179819,27.7624],[-105.179931,27.762438],[-105.179849,27.762807],[-105.179373,27.763562],[-105.178624,27.76321],[-105.177689,27.762767],[-105.177611,27.762701],[-105.177645,27.762447],[-105.177631,27.762023],[-105.177412,27.761593],[-105.177604,27.761474],[-105.177677,27.761429],[-105.177699,27.761413],[-105.177962,27.76122],[-105.178032,27.761099],[-105.17806,27.760988],[-105.177982,27.760729],[-105.177969,27.760577],[-105.177967,27.760095],[-105.17798,27.759809]]]}},{"type":"Feature","properties":{"modulo":1,"idparcela":"************","productor":null,"cultivo":"Sin Cultivo","superficie_fisica_ha":null,"superficie_riego_ha":null,"hectareas":12.987},"geometry":{"type":"Polygon","coordinates":[[[-105.177716,27.755991],[-105.177784,27.75587],[-105.17792,27.755264],[-105.178123,27.754193],[-105.178213,27.754031],[-105.178279,27.752759],[-105.178307,27.752023],[-105.179417,27.752309],[-105.179349,27.751701],[-105.179406,27.751336],[-105.179789,27.751422],[-105.181198,27.751742],[-105.181246,27.753426],[-105.180951,27.754319],[-105.179714,27.754716],[-105.180141,27.756257],[-105.178003,27.756625],[-105.177922,27.756455],[-105.177716,27.755991]]]}},{"type":"Feature","properties":{"modulo":1,"idparcela":"************","productor":null,"cultivo":"Sin Cultivo","superficie_fisica_ha":null,"superficie_riego_ha":null,"hectareas":6.565},"geometry":{"type":"Polygon","coordinates":[[[-105.180962,27.761528],[-105.180662,27.761418],[-105.180594,27.761166],[-105.181087,27.759511],[-105.181077,27.758394],[-105.181299,27.758034],[-105.181326,27.757582],[-105.182403,27.757496],[-105.182551,27.761572],[-105.181206,27.761602],[-105.180962,27.761528]]]}},{"type":"Feature","properties":{"modulo":1,"idparcela":"************","productor":null,"cultivo":"Sin Cultivo","superficie_fisica_ha":null,"superficie_riego_ha":null,"hectareas":5.794},"geometry":{"type":"Polygon","coordinates":[[[-105.180962,27.761528],[-105.181206,27.761602],[-105.182551,27.761572],[-105.182631,27.764061],[-105.182425,27.764153],[-105.182223,27.764722],[-105.18064,27.764225],[-105.180522,27.76411],[-105.180962,27.761528]]]}},{"type":"Feature","properties":{"modulo":1,"idparcela":"************","productor":null,"cultivo":"Sin Cultivo","superficie_fisica_ha":null,"superficie_riego_ha":null,"hectareas":3.714},"geometry":{"type":"Polygon","coordinates":[[[-105.182884,27.74391],[-105.181114,27.742943],[-105.183027,27.74098],[-105.183604,27.74103],[-105.183158,27.742553],[-105.182884,27.74391]]]}},{"type":"Feature","properties":{"modulo":1,"idparcela":"************","productor":null,"cultivo":"Sin Cultivo","superficie_fisica_ha":null,"superficie_riego_ha":null,"hectareas":2.389},"geometry":{"type":"Polygon","coordinates":[[[-105.184131,27.74486],[-105.18329,27.744389],[-105.183558,27.742679],[-105.185089,27.743475],[-105.184647,27.74394],[-105.184543,27.744356],[-105.184131,27.74486]]]}},{"type":"Feature","properties":{"modulo":1,"idparcela":"************","productor":null,"cultivo":"Sin Cultivo","superficie_fisica_ha":null,"superficie_riego_ha":null,"hectareas":2.555},"geometry":{"type":"Polygon","coordinates":[[[-105.178036,27.756619],[-105.180141,27.756257],[-105.180291,27.756797],[-105.180426,27.757283],[-105.178968,27.757181],[-105.178037,27.757242],[-105.177727,27.757238],[-105.177376,27.757265],[-105.177429,27.756872],[-105.177482,27.756536],[-105.177643,27.756067],[-105.177716,27.755991],[-105.177922,27.756455],[-105.178003,27.756625],[-105.178036,27.756619]]]}},{"type":"Feature","properties":{"modulo":1,"idparcela":"************","productor":null,"cultivo":"Sin Cultivo","superficie_fisica_ha":null,"superficie_riego_ha":null,"hectareas":6.922},"geometry":{"type":"Polygon","coordinates":[[[-105.189331,27.735282],[-105.190462,27.730922],[-105.19095,27.731009],[-105.192156,27.731321],[-105.190953,27.734629],[-105.190551,27.734635],[-105.190197,27.734798],[-105.190058,27.73552],[-105.189331,27.735282]]]}},{"type":"Feature","properties":{"modulo":1,"idparcela":"************","productor":null,"cultivo":"Sin Cultivo","superficie_fisica_ha":null,"superficie_riego_ha":null,"hectareas":16.319},"geometry":{"type":"Polygon","coordinates":[[[-105.187967,27.71895],[-105.188189,27.717657],[-105.189136,27.716507],[-105.189337,27.715719],[-105.189779,27.715257],[-105.191958,27.717134],[-105.19258,27.71809],[-105.192656,27.718371],[-105.192732,27.718495],[-105.192848,27.719654],[-105.192811,27.720239],[-105.192786,27.720397],[-105.192685,27.720532],[-105.192757,27.720613],[-105.187967,27.71895]]]}},{"type":"Feature","properties":{"modulo":1,"idparcela":"8","productor":"PADILLA GONZALEZ ESTEBAN","cultivo":"Nogal (Nuez)","superficie_fisica_ha":13.43,"superficie_riego_ha":13.43,"hectareas":2.847},"geometry":{"type":"Polygon","coordinates":[[[-105.191959,27.729424],[-105.193578,27.729635],[-105.19351,27.730202],[-105.193459,27.730626],[-105.193426,27.730966],[-105.193441,27.73121],[-105.193473,27.731426],[-105.193308,27.731396],[-105.191916,27.731136],[-105.192051,27.730716],[-105.191986,27.729789],[-105.191959,27.729424]]]}},{"type":"Feature","properties":{"modulo":1,"idparcela":"************","productor":null,"cultivo":"Sin Cultivo","superficie_fisica_ha":null,"superficie_riego_ha":null,"hectareas":1.032},"geometry":{"type":"Polygon","coordinates":[[[-105.190953,27.734629],[-105.191336,27.734633],[-105.191124,27.73554],[-105.190058,27.73552],[-105.190197,27.734798],[-105.190551,27.734635],[-105.190953,27.734629]]]}},{"type":"Feature","properties":{"modulo":1,"idparcela":"1","productor":"BILBAO PEREA JOSE GUERRERO","cultivo":"Sin Cultivo","superficie_fisica_ha":7.5877,"superficie_riego_ha":7.1903,"hectareas":0.779},"geometry":{"type":"Polygon","coordinates":[[[-105.191548,27.738355],[-105.19163,27.736622],[-105.191549,27.736166],[-105.191993,27.736701],[-105.192183,27.737068],[-105.192206,27.737274],[-105.192029,27.737566],[-105.191548,27.738355]]]}},{"type":"Feature","properties":{"modulo":1,"idparcela":"1","productor":"BILBAO PEREA JOSE GUERRERO","cultivo":"Sin Cultivo","superficie_fisica_ha":7.5877,"superficie_riego_ha":7.1903,"hectareas":2.552},"geometry":{"type":"Polygon","coordinates":[[[-105.190244,27.737502],[-105.191589,27.737476],[-105.191548,27.738355],[-105.191404,27.738704],[-105.1912,27.738906],[-105.190626,27.739288],[-105.19043,27.739163],[-105.190173,27.739519],[-105.189891,27.739327],[-105.190005,27.738892],[-105.190091,27.738445],[-105.190192,27.737919],[-105.190246,27.737639],[-105.190244,27.737502]]]}},{"type":"Feature","properties":{"modulo":1,"idparcela":"1","productor":"BILBAO PEREA JOSE GUERRERO","cultivo":"Sin Cultivo","superficie_fisica_ha":7.5877,"superficie_riego_ha":7.1903,"hectareas":2.759},"geometry":{"type":"Polygon","coordinates":[[[-105.191589,27.737476],[-105.190244,27.737502],[-105.190228,27.736699],[-105.190062,27.735614],[-105.191244,27.735652],[-105.1914,27.735785],[-105.191549,27.736166],[-105.19163,27.736622],[-105.191589,27.737476]]]}},{"type":"Feature","properties":{"modulo":1,"idparcela":"1","productor":"BILBAO PEREA JOSE GUERRERO","cultivo":"Sin Cultivo","superficie_fisica_ha":7.5877,"superficie_riego_ha":7.1903,"hectareas":1.019},"geometry":{"type":"Polygon","coordinates":[[[-105.188838,27.737572],[-105.189855,27.738147],[-105.189246,27.738918],[-105.188591,27.738578],[-105.188838,27.737572]]]}},{"type":"Feature","properties":{"modulo":1,"idparcela":"1","productor":"BILBAO PEREA JOSE GUERRERO","cultivo":"Sin Cultivo","superficie_fisica_ha":7.5877,"superficie_riego_ha":7.1903,"hectareas":1.48},"geometry":{"type":"Polygon","coordinates":[[[-105.188838,27.737572],[-105.189097,27.736511],[-105.190063,27.736939],[-105.190101,27.737677],[-105.190119,27.737812],[-105.189893,27.738098],[-105.189855,27.738147],[-105.188838,27.737572]]]}},{"type":"Feature","properties":{"modulo":1,"idparcela":"3","productor":"CASTILLO ZUECK SERGIO","cultivo":"Nogal (Nuez)","superficie_fisica_ha":8.65,"superficie_riego_ha":8.65,"hectareas":5.566},"geometry":{"type":"Polygon","coordinates":[[[-105.182927,27.757324],[-105.183972,27.75715],[-105.183991,27.757254],[-105.184016,27.757362],[-105.184044,27.757495],[-105.184106,27.757625],[-105.184143,27.757681],[-105.184213,27.757817],[-105.184328,27.757978],[-105.184356,27.758074],[-105.184422,27.75808],[-105.184453,27.758392],[-105.184445,27.758808],[-105.184344,27.759219],[-105.184227,27.7597],[-105.184,27.760281],[-105.183844,27.760859],[-105.183776,27.761704],[-105.183737,27.76222],[-105.183415,27.762221],[-105.183386,27.762305],[-105.183225,27.762287],[-105.182927,27.757324]]]}},{"type":"Feature","properties":{"modulo":1,"idparcela":"3","productor":"CASTILLO ZUECK SERGIO","cultivo":"Nogal (Nuez)","superficie_fisica_ha":8.65,"superficie_riego_ha":8.65,"hectareas":1.692},"geometry":{"type":"Polygon","coordinates":[[[-105.183847,27.756164],[-105.183936,27.756266],[-105.184136,27.756598],[-105.184175,27.75672],[-105.184183,27.756841],[-105.184204,27.757016],[-105.184205,27.75704],[-105.184001,27.757081],[-105.183972,27.75715],[-105.182927,27.757324],[-105.182872,27.756811],[-105.182834,27.756246],[-105.18281,27.7559],[-105.182982,27.755778],[-105.183148,27.755808],[-105.18331,27.755866],[-105.183475,27.755932],[-105.183728,27.75606],[-105.183847,27.756164]]]}},{"type":"Feature","properties":{"modulo":1,"idparcela":"2","productor":"ZUBIA FERNANDEZ ARTURO","cultivo":"Alfalfa","superficie_fisica_ha":1.2,"superficie_riego_ha":1.2,"hectareas":1.503},"geometry":{"type":"Polygon","coordinates":[[[-105.182808,27.753818],[-105.182944,27.753717],[-105.183153,27.753737],[-105.183261,27.75381],[-105.18339,27.754302],[-105.183712,27.755532],[-105.183705,27.755744],[-105.183564,27.755841],[-105.183417,27.755841],[-105.183176,27.755753],[-105.18299,27.755676],[-105.182828,27.755575],[-105.182816,27.754957],[-105.182804,27.754214],[-105.182808,27.753818]]]}},{"type":"Feature","properties":{"modulo":1,"idparcela":"48","productor":"MARQUEZ MENDOZA JOSE","cultivo":"Nogal (Nuez)","superficie_fisica_ha":3.025,"superficie_riego_ha":3.025,"hectareas":0.245},"geometry":{"type":"Polygon","coordinates":[[[-105.188899,27.842483],[-105.188537,27.842547],[-105.188269,27.841963],[-105.188639,27.841914],[-105.188899,27.842483]]]}},{"type":"Feature","properties":{"modulo":1,"idparcela":"8543","productor":"CAMPOS SALCIDO JOSE ANGEL","cultivo":"Nogal (Nuez)","superficie_fisica_ha":1.2388,"superficie_riego_ha":1.2388,"hectareas":1.333},"geometry":{"type":"Polygon","coordinates":[[[-105.189994,27.845708],[-105.186612,27.845906],[-105.186492,27.845638],[-105.186527,27.845554],[-105.186586,27.845523],[-105.189826,27.845373],[-105.189994,27.845708]]]}},{"type":"Feature","properties":{"modulo":1,"idparcela":"8580","productor":"DOMINGUEZ JAUREGUI PABLO","cultivo":"Sin Cultivo","superficie_fisica_ha":1.4044,"superficie_riego_ha":1.4044,"hectareas":1.826},"geometry":{"type":"Polygon","coordinates":[[[-105.190747,27.854482],[-105.18743,27.854687],[-105.187169,27.854147],[-105.190485,27.854032],[-105.190747,27.854482]]]}},{"type":"Feature","properties":{"modulo":1,"idparcela":"8613","productor":"SOTO SALCIDO LEANDRO","cultivo":"Ma­z","superficie_fisica_ha":6.5,"superficie_riego_ha":6.5,"hectareas":2.721},"geometry":{"type":"Polygon","coordinates":[[[-105.188445,27.872843],[-105.189078,27.870373],[-105.189078,27.870312],[-105.189237,27.870089],[-105.189374,27.869988],[-105.18967,27.870007],[-105.190012,27.870007],[-105.190217,27.869986],[-105.190445,27.870087],[-105.190399,27.870249],[-105.190195,27.870472],[-105.18999,27.870594],[-105.189831,27.870695],[-105.189355,27.872315],[-105.189197,27.872821],[-105.18906,27.872903],[-105.1889,27.872883],[-105.188741,27.872863],[-105.188445,27.872843]]]}},{"type":"Feature","properties":{"modulo":1,"idparcela":"8639","productor":"SANTANA DURON ARMANDO","cultivo":"Nogal (Nuez)","superficie_fisica_ha":4.9444,"superficie_riego_ha":4.9444,"hectareas":6.866},"geometry":{"type":"Polygon","coordinates":[[[-105.187262,27.887092],[-105.187907,27.888471],[-105.187383,27.888562],[-105.187407,27.888672],[-105.187763,27.888862],[-105.188241,27.889034],[-105.189815,27.891039],[-105.190038,27.891431],[-105.190015,27.891512],[-105.189537,27.891897],[-105.189219,27.892404],[-105.189123,27.892454],[-105.18665,27.888533],[-105.186649,27.888531],[-105.18623,27.887218],[-105.187262,27.887092]]]}},{"type":"Feature","properties":{"modulo":1,"idparcela":"120","productor":"URANGA ORTEGA JULIAN","cultivo":"Nogal (Nuez)","superficie_fisica_ha":3.1842,"superficie_riego_ha":3.1842,"hectareas":2.899},"geometry":{"type":"Polygon","coordinates":[[[-105.19021,27.9061],[-105.189395,27.908661],[-105.188469,27.908437],[-105.188334,27.908028],[-105.1883,27.907786],[-105.188319,27.907623],[-105.188468,27.907396],[-105.188624,27.907159],[-105.188796,27.906895],[-105.188969,27.906757],[-105.189109,27.906697],[-105.189385,27.90651],[-105.189569,27.906311],[-105.189674,27.906053],[-105.19021,27.9061]]]}},{"type":"Feature","properties":{"modulo":1,"idparcela":"126","productor":"MONTES DE LA ROSA ROSALIO","cultivo":"Nogal (Nuez)","superficie_fisica_ha":3.6224,"superficie_riego_ha":3.6224,"hectareas":0.878},"geometry":{"type":"Polygon","coordinates":[[[-105.188969,27.906757],[-105.188796,27.906895],[-105.188624,27.907159],[-105.188468,27.907396],[-105.188319,27.907623],[-105.1883,27.907786],[-105.188334,27.908028],[-105.188469,27.908437],[-105.187479,27.908196],[-105.187518,27.908009],[-105.187649,27.907763],[-105.18782,27.907529],[-105.188057,27.907354],[-105.188359,27.907131],[-105.188806,27.906826],[-105.188969,27.906757]]]}},{"type":"Feature","properties":{"modulo":1,"idparcela":"126","productor":"MONTES DE LA ROSA ROSALIO","cultivo":"Nogal (Nuez)","superficie_fisica_ha":3.6224,"superficie_riego_ha":3.6224,"hectareas":1.298},"geometry":{"type":"Polygon","coordinates":[[[-105.188177,27.905959],[-105.189502,27.906108],[-105.189476,27.906149],[-105.189308,27.906387],[-105.189209,27.906438],[-105.188858,27.906615],[-105.188489,27.906849],[-105.188301,27.906991],[-105.187845,27.90734],[-105.187572,27.907555],[-105.187443,27.907694],[-105.187627,27.907304],[-105.187768,27.906885],[-105.187992,27.906433],[-105.188177,27.905959]]]}},{"type":"Feature","properties":{"modulo":1,"idparcela":"138","productor":"BLANCO PORTILLO JAVIER","cultivo":"Alfalfa","superficie_fisica_ha":5.632,"superficie_riego_ha":5.632,"hectareas":0.346},"geometry":{"type":"Polygon","coordinates":[[[-105.189946,27.905961],[-105.190331,27.905795],[-105.190818,27.905596],[-105.191239,27.905481],[-105.191168,27.905588],[-105.191125,27.905678],[-105.19095,27.905748],[-105.190852,27.906081],[-105.190514,27.90608],[-105.190193,27.906005],[-105.189946,27.905961]]]}},{"type":"Feature","properties":{"modulo":1,"idparcela":"367","productor":"BLANCO HOLGUIN CESAR","cultivo":"Alfalfa","superficie_fisica_ha":4.1731,"superficie_riego_ha":3.5861,"hectareas":2.673},"geometry":{"type":"Polygon","coordinates":[[[-105.239506,27.992275],[-105.239564,27.992242],[-105.241401,27.991306],[-105.242157,27.992214],[-105.240221,27.993184],[-105.239529,27.992324],[-105.239506,27.992275]]]}},{"type":"Feature","properties":{"modulo":1,"idparcela":"367","productor":"BLANCO HOLGUIN CESAR","cultivo":"Alfalfa","superficie_fisica_ha":4.1731,"superficie_riego_ha":3.5861,"hectareas":1.162},"geometry":{"type":"Polygon","coordinates":[[[-105.240408,27.990305],[-105.240666,27.990693],[-105.240919,27.99087],[-105.241251,27.991208],[-105.241114,27.991325],[-105.240354,27.991702],[-105.239776,27.99052],[-105.240341,27.990211],[-105.240408,27.990305]]]}},{"type":"Feature","properties":{"modulo":1,"idparcela":"363","productor":"GARCIA ZAPIEN RAMON","cultivo":"Alfalfa","superficie_fisica_ha":4.5,"superficie_riego_ha":4.5,"hectareas":0.184},"geometry":{"type":"Polygon","coordinates":[[[-105.243253,27.988335],[-105.243849,27.987957],[-105.243586,27.988694],[-105.243253,27.988335]]]}},{"type":"Feature","properties":{"modulo":1,"idparcela":"365","productor":"MARQUEZ QUINTANA ANICETO","cultivo":"Alfalfa","superficie_fisica_ha":4.5,"superficie_riego_ha":4.5,"hectareas":1.58},"geometry":{"type":"Polygon","coordinates":[[[-105.241813,27.989249],[-105.243253,27.988335],[-105.243586,27.988694],[-105.243409,27.989125],[-105.243273,27.989271],[-105.242459,27.990086],[-105.241813,27.989249]]]}},{"type":"Feature","properties":{"modulo":1,"idparcela":"291","productor":"ORTIZ RAMIREZ RUBEN","cultivo":"Alfalfa","superficie_fisica_ha":5.475,"superficie_riego_ha":5.475,"hectareas":10.22},"geometry":{"type":"Polygon","coordinates":[[[-105.237848,27.982347],[-105.239316,27.982325],[-105.239369,27.985679],[-105.2393,27.985798],[-105.239002,27.985889],[-105.238622,27.986005],[-105.237738,27.986274],[-105.237404,27.986401],[-105.237015,27.98648],[-105.236745,27.986498],[-105.236384,27.986329],[-105.236006,27.986069],[-105.235141,27.985476],[-105.234095,27.984683],[-105.234359,27.98445],[-105.234572,27.984326],[-105.234727,27.984059],[-105.234952,27.983899],[-105.235265,27.983988],[-105.235457,27.984116],[-105.235638,27.984352],[-105.235969,27.984437],[-105.236122,27.984573],[-105.23632,27.984748],[-105.236516,27.984922],[-105.236834,27.985203],[-105.237189,27.985363],[-105.237605,27.985307],[-105.238007,27.985179],[-105.238204,27.984984],[-105.238331,27.984755],[-105.238346,27.984601],[-105.238386,27.984177],[-105.238418,27.983841],[-105.238065,27.98357],[-105.237797,27.983303],[-105.237562,27.983068],[-105.237756,27.982729],[-105.237848,27.982347]]]}},{"type":"Feature","properties":{"modulo":1,"idparcela":"************","productor":null,"cultivo":"Sin Cultivo","superficie_fisica_ha":null,"superficie_riego_ha":null,"hectareas":0.878},"geometry":{"type":"Polygon","coordinates":[[[-105.280135,27.990642],[-105.281262,27.990575],[-105.280912,27.991042],[-105.280302,27.991901],[-105.280139,27.991902],[-105.280135,27.990642]]]}},{"type":"Feature","properties":{"modulo":1,"idparcela":"18","productor":"RODRIGUEZ SAENZ GERARDO","cultivo":"Sin Cultivo","superficie_fisica_ha":4.18,"superficie_riego_ha":4.18,"hectareas":0.796},"geometry":{"type":"Polygon","coordinates":[[[-105.18254,27.814632],[-105.181072,27.815075],[-105.180927,27.814649],[-105.181404,27.814442],[-105.182385,27.814211],[-105.18254,27.814632]]]}},{"type":"Feature","properties":{"modulo":1,"idparcela":"20","productor":"CHACON HERNANDEZ NICOLAS","cultivo":"Alfalfa","superficie_fisica_ha":2.085,"superficie_riego_ha":2.085,"hectareas":0.477},"geometry":{"type":"Polygon","coordinates":[[[-105.183016,27.812442],[-105.182218,27.812595],[-105.182205,27.812199],[-105.182218,27.811957],[-105.182354,27.811836],[-105.182572,27.81186],[-105.182777,27.81198],[-105.1829,27.812162],[-105.183009,27.812404],[-105.183016,27.812442]]]}},{"type":"Feature","properties":{"modulo":1,"idparcela":"46","productor":"VILLASE¥OR NIETO LUIS C.","cultivo":"Nogal (Nuez)","superficie_fisica_ha":0.9424,"superficie_riego_ha":0.9424,"hectareas":0.978},"geometry":{"type":"Polygon","coordinates":[[[-105.18961,27.838984],[-105.190125,27.8401],[-105.188678,27.840315],[-105.188732,27.840254],[-105.188774,27.840193],[-105.188897,27.840058],[-105.189103,27.839948],[-105.189171,27.839826],[-105.189171,27.839741],[-105.189088,27.839619],[-105.189088,27.83946],[-105.189105,27.839421],[-105.189184,27.839253],[-105.189266,27.839155],[-105.189417,27.83913],[-105.189555,27.839154],[-105.189596,27.839081],[-105.18961,27.838984]]]}},{"type":"Feature","properties":{"modulo":1,"idparcela":"45","productor":"ORTEGA LARA RAUL","cultivo":"Nogal (Nuez)","superficie_fisica_ha":1.48,"superficie_riego_ha":1.48,"hectareas":0.685},"geometry":{"type":"Polygon","coordinates":[[[-105.194346,27.845165],[-105.193366,27.845211],[-105.193382,27.844849],[-105.193338,27.844552],[-105.193338,27.844313],[-105.193635,27.844241],[-105.193952,27.84458],[-105.194071,27.844771],[-105.194243,27.844953],[-105.19434,27.845096],[-105.194346,27.845165]]]}},{"type":"Feature","properties":{"modulo":1,"idparcela":"41","productor":"TELLES SILVA JESUS","cultivo":"Nogal (Nuez)","superficie_fisica_ha":4.464,"superficie_riego_ha":4.464,"hectareas":0.618},"geometry":{"type":"Polygon","coordinates":[[[-105.191079,27.839958],[-105.192538,27.8393],[-105.192562,27.83937],[-105.192233,27.839749],[-105.192165,27.839846],[-105.192014,27.84003],[-105.191863,27.840237],[-105.191727,27.840518],[-105.191672,27.840494],[-105.19163,27.840482],[-105.191575,27.840445],[-105.191507,27.84036],[-105.191465,27.840226],[-105.191327,27.839921],[-105.191079,27.839958]]]}},{"type":"Feature","properties":{"modulo":1,"idparcela":"54","productor":"ORTEGA ROMERO FRANCISCO","cultivo":"Sin Cultivo","superficie_fisica_ha":0.432,"superficie_riego_ha":0.432,"hectareas":0.524},"geometry":{"type":"Polygon","coordinates":[[[-105.193804,27.848429],[-105.192499,27.848438],[-105.192749,27.848022],[-105.19374,27.848003],[-105.193804,27.848429]]]}},{"type":"Feature","properties":{"modulo":1,"idparcela":"8576","productor":"GONZALEZ ORTEGA EDGAR","cultivo":"Nogal (Nuez)","superficie_fisica_ha":15,"superficie_riego_ha":13.6,"hectareas":0.633},"geometry":{"type":"Polygon","coordinates":[[[-105.193014,27.851586],[-105.194398,27.851201],[-105.19441,27.851238],[-105.194398,27.85128],[-105.194292,27.851374],[-105.194182,27.851469],[-105.194002,27.851619],[-105.193848,27.851785],[-105.193756,27.851894],[-105.193614,27.852037],[-105.193442,27.852132],[-105.193301,27.852143],[-105.193194,27.852122],[-105.193123,27.851954],[-105.193035,27.851638],[-105.193014,27.851586]]]}},{"type":"Feature","properties":{"modulo":1,"idparcela":"************","productor":null,"cultivo":"Sin Cultivo","superficie_fisica_ha":null,"superficie_riego_ha":null,"hectareas":0.719},"geometry":{"type":"Polygon","coordinates":[[[-105.192443,27.850514],[-105.192083,27.850531],[-105.191988,27.850535],[-105.191868,27.850541],[-105.191829,27.849689],[-105.191711,27.849182],[-105.191711,27.849025],[-105.191876,27.848993],[-105.192054,27.849056],[-105.192443,27.850514]]]}},{"type":"Feature","properties":{"modulo":1,"idparcela":"8434","productor":"PORTILLO GRAJEDA FELIPE","cultivo":"Nogal (Nuez)","superficie_fisica_ha":2.95,"superficie_riego_ha":2.95,"hectareas":0.346},"geometry":{"type":"Polygon","coordinates":[[[-105.178457,27.799363],[-105.178407,27.799265],[-105.178346,27.799],[-105.179154,27.799034],[-105.179353,27.799426],[-105.178751,27.799386],[-105.178457,27.799363]]]}},{"type":"Feature","properties":{"modulo":1,"idparcela":"8434","productor":"PORTILLO GRAJEDA FELIPE","cultivo":"Nogal (Nuez)","superficie_fisica_ha":2.95,"superficie_riego_ha":2.95,"hectareas":0.692},"geometry":{"type":"Polygon","coordinates":[[[-105.176843,27.799823],[-105.176826,27.799643],[-105.176867,27.799621],[-105.176908,27.799621],[-105.176917,27.799622],[-105.177148,27.799908],[-105.177198,27.799974],[-105.177253,27.800294],[-105.177319,27.800754],[-105.177336,27.80092],[-105.176664,27.800987],[-105.176603,27.800611],[-105.176649,27.800451],[-105.176714,27.800328],[-105.176844,27.800162],[-105.176851,27.799989],[-105.176843,27.799823]]]}},{"type":"Feature","properties":{"modulo":1,"idparcela":"8434","productor":"PORTILLO GRAJEDA FELIPE","cultivo":"Nogal (Nuez)","superficie_fisica_ha":2.95,"superficie_riego_ha":2.95,"hectareas":3.2},"geometry":{"type":"Polygon","coordinates":[[[-105.176993,27.799626],[-105.177029,27.799628],[-105.177086,27.799621],[-105.177208,27.799606],[-105.177216,27.799563],[-105.17732,27.799552],[-105.177451,27.799541],[-105.178111,27.799392],[-105.178144,27.799378],[-105.178205,27.799367],[-105.17826,27.799362],[-105.178294,27.799364],[-105.178438,27.799416],[-105.178773,27.799452],[-105.179286,27.799484],[-105.179329,27.799587],[-105.179487,27.800154],[-105.179562,27.800734],[-105.178738,27.800769],[-105.177871,27.800836],[-105.177403,27.800913],[-105.177266,27.799979],[-105.176993,27.799626]]]}},{"type":"Feature","properties":{"modulo":1,"idparcela":"************","productor":null,"cultivo":"Sin Cultivo","superficie_fisica_ha":null,"superficie_riego_ha":null,"hectareas":0.14},"geometry":{"type":"Polygon","coordinates":[[[-105.193853,27.834301],[-105.193948,27.834269],[-105.193964,27.834269],[-105.194199,27.834492],[-105.194253,27.834585],[-105.194309,27.83465],[-105.194338,27.834686],[-105.194621,27.834995],[-105.194467,27.835035],[-105.194463,27.835038],[-105.194172,27.834685],[-105.193912,27.834384],[-105.193853,27.834301]]]}},{"type":"Feature","properties":{"modulo":1,"idparcela":"************","productor":null,"cultivo":"Sin Cultivo","superficie_fisica_ha":null,"superficie_riego_ha":null,"hectareas":1.629},"geometry":{"type":"Polygon","coordinates":[[[-105.192458,27.834773],[-105.193786,27.834324],[-105.193844,27.834406],[-105.194071,27.834675],[-105.194401,27.835075],[-105.193652,27.835525],[-105.192993,27.835637],[-105.192458,27.834773]]]}},{"type":"Feature","properties":{"modulo":1,"idparcela":"58","productor":"DOMINGUEZ JAUREGUI PABLO","cultivo":"Alfalfa","superficie_fisica_ha":1.2615,"superficie_riego_ha":1.2615,"hectareas":2.163},"geometry":{"type":"Polygon","coordinates":[[[-105.198677,27.851144],[-105.198634,27.851287],[-105.198538,27.851373],[-105.198226,27.851517],[-105.198064,27.851565],[-105.197935,27.851604],[-105.197796,27.851681],[-105.197602,27.8517],[-105.197495,27.851863],[-105.197409,27.851949],[-105.197237,27.852064],[-105.197,27.852074],[-105.196752,27.852065],[-105.196613,27.852065],[-105.196473,27.852055],[-105.196268,27.852065],[-105.196064,27.852056],[-105.195891,27.852037],[-105.19573,27.851961],[-105.195493,27.851942],[-105.195192,27.851837],[-105.194998,27.851838],[-105.194901,27.851857],[-105.194718,27.851886],[-105.194588,27.851398],[-105.194571,27.851355],[-105.194584,27.851343],[-105.194659,27.851313],[-105.194778,27.851277],[-105.194847,27.851259],[-105.194923,27.851235],[-105.195089,27.85124],[-105.195094,27.851254],[-105.195191,27.851302],[-105.195309,27.85134],[-105.195471,27.851378],[-105.195697,27.851378],[-105.195912,27.851444],[-105.196052,27.851492],[-105.196192,27.851539],[-105.196332,27.851597],[-105.196504,27.851635],[-105.196666,27.851625],[-105.196827,27.851433],[-105.196902,27.851366],[-105.196956,27.851309],[-105.197063,27.85128],[-105.197149,27.851328],[-105.197268,27.851337],[-105.197386,27.851299],[-105.197494,27.851279],[-105.197644,27.85125],[-105.197762,27.851222],[-105.197946,27.85126],[-105.197978,27.851288],[-105.198139,27.851336],[-105.198204,27.851336],[-105.19829,27.851336],[-105.198419,27.851307],[-105.198516,27.851259],[-105.198677,27.851144]]]}},{"type":"Feature","properties":{"modulo":1,"idparcela":"58","productor":"DOMINGUEZ JAUREGUI PABLO","cultivo":"Alfalfa","superficie_fisica_ha":1.2615,"superficie_riego_ha":1.2615,"hectareas":0.551},"geometry":{"type":"Polygon","coordinates":[[[-105.194527,27.851245],[-105.194415,27.850968],[-105.195017,27.85046],[-105.1952,27.850278],[-105.195393,27.850173],[-105.195522,27.850201],[-105.195544,27.850326],[-105.195469,27.850469],[-105.195319,27.850651],[-105.195243,27.850776],[-105.19519,27.850843],[-105.195147,27.85091],[-105.195083,27.851053],[-105.195069,27.851128],[-105.194938,27.8511],[-105.194527,27.851245]]]}},{"type":"Feature","properties":{"modulo":1,"idparcela":"************","productor":null,"cultivo":"Sin Cultivo","superficie_fisica_ha":null,"superficie_riego_ha":null,"hectareas":6.875},"geometry":{"type":"Polygon","coordinates":[[[-105.172825,27.739968],[-105.174826,27.740824],[-105.175118,27.740951],[-105.176681,27.741646],[-105.176934,27.742054],[-105.177332,27.742228],[-105.177042,27.743204],[-105.177001,27.743272],[-105.172923,27.741524],[-105.1729,27.741444],[-105.172935,27.740571],[-105.172825,27.739968]]]}},{"type":"Feature","properties":{"modulo":1,"idparcela":"************","productor":null,"cultivo":"Sin Cultivo","superficie_fisica_ha":null,"superficie_riego_ha":null,"hectareas":6.357},"geometry":{"type":"Polygon","coordinates":[[[-105.174735,27.743921],[-105.174078,27.743499],[-105.173567,27.74317],[-105.173413,27.743239],[-105.173451,27.742817],[-105.173322,27.742304],[-105.173013,27.741837],[-105.172923,27.741524],[-105.177001,27.743272],[-105.176656,27.74446],[-105.176383,27.745013],[-105.176268,27.744936],[-105.175319,27.744308],[-105.174735,27.743921]]]}},{"type":"Feature","properties":{"modulo":1,"idparcela":"************","productor":null,"cultivo":"Sin Cultivo","superficie_fisica_ha":null,"superficie_riego_ha":null,"hectareas":4.488},"geometry":{"type":"Polygon","coordinates":[[[-105.185523,27.715136],[-105.185898,27.715072],[-105.18561,27.715508],[-105.185493,27.715568],[-105.185322,27.715778],[-105.184627,27.716629],[-105.184459,27.71717],[-105.184454,27.717168],[-105.184443,27.717161],[-105.184447,27.717166],[-105.184373,27.717146],[-105.183924,27.717001],[-105.183611,27.716959],[-105.183394,27.716884],[-105.183153,27.716809],[-105.1829,27.716671],[-105.182671,27.716553],[-105.182394,27.716489],[-105.18206,27.716376],[-105.181864,27.716351],[-105.181719,27.716265],[-105.181707,27.716126],[-105.182056,27.716008],[-105.182261,27.715943],[-105.182405,27.71589],[-105.182501,27.715836],[-105.182658,27.715761],[-105.18279,27.715707],[-105.182923,27.715654],[-105.183043,27.7156],[-105.183151,27.715578],[-105.183308,27.715525],[-105.183537,27.715492],[-105.183717,27.715438],[-105.183898,27.715406],[-105.184199,27.715374],[-105.184415,27.715309],[-105.184632,27.715277],[-105.184885,27.715223],[-105.185114,27.715169],[-105.185342,27.715147],[-105.185523,27.715136]]]}},{"type":"Feature","properties":{"modulo":1,"idparcela":"************","productor":null,"cultivo":"Sin Cultivo","superficie_fisica_ha":null,"superficie_riego_ha":null,"hectareas":9.857},"geometry":{"type":"Polygon","coordinates":[[[-105.184502,27.717204],[-105.184673,27.716662],[-105.185506,27.715631],[-105.185618,27.715562],[-105.185663,27.715527],[-105.185974,27.715065],[-105.186163,27.71505],[-105.186392,27.714996],[-105.186668,27.71491],[-105.186958,27.714963],[-105.187211,27.715048],[-105.187558,27.715333],[-105.187807,27.715662],[-105.187935,27.716424],[-105.188035,27.71672],[-105.188019,27.717089],[-105.188018,27.717401],[-105.187935,27.717672],[-105.187776,27.717942],[-105.187713,27.718085],[-105.187657,27.718182],[-105.187505,27.718238],[-105.187479,27.718148],[-105.187371,27.718231],[-105.187247,27.718369],[-105.187077,27.71852],[-105.186891,27.718617],[-105.186689,27.718727],[-105.186559,27.718776],[-105.185975,27.718348],[-105.185001,27.717565],[-105.184502,27.717204]]]}},{"type":"Feature","properties":{"modulo":1,"idparcela":"************","productor":null,"cultivo":"Sin Cultivo","superficie_fisica_ha":null,"superficie_riego_ha":null,"hectareas":2.843},"geometry":{"type":"Polygon","coordinates":[[[-105.241817,27.985937],[-105.241927,27.985982],[-105.240415,27.987427],[-105.239656,27.988166],[-105.239601,27.988229],[-105.239544,27.988236],[-105.23953,27.988202],[-105.239497,27.987142],[-105.2395,27.987019],[-105.240979,27.98548],[-105.241043,27.98554],[-105.241165,27.985621],[-105.241817,27.985937]]]}},{"type":"Feature","properties":{"modulo":1,"idparcela":"************","productor":null,"cultivo":"Sin Cultivo","superficie_fisica_ha":null,"superficie_riego_ha":null,"hectareas":5.979},"geometry":{"type":"Polygon","coordinates":[[[-105.242004,27.983173],[-105.241967,27.983339],[-105.241856,27.983602],[-105.241784,27.983736],[-105.241536,27.98381],[-105.241391,27.984134],[-105.241372,27.984324],[-105.241355,27.984393],[-105.241345,27.984519],[-105.241211,27.984715],[-105.241045,27.984981],[-105.241071,27.985254],[-105.240979,27.98548],[-105.2395,27.987019],[-105.239493,27.986968],[-105.239544,27.986743],[-105.239578,27.986344],[-105.239531,27.985991],[-105.239502,27.985862],[-105.239484,27.985139],[-105.239515,27.984472],[-105.23953,27.983352],[-105.239551,27.983153],[-105.239606,27.983153],[-105.242004,27.983173]]]}},{"type":"Feature","properties":{"modulo":1,"idparcela":"221","productor":"COLORADO RONQUILLO JOSE R.","cultivo":"Alfalfa","superficie_fisica_ha":5.996,"superficie_riego_ha":5.996,"hectareas":5.785},"geometry":{"type":"Polygon","coordinates":[[[-105.222548,27.983709],[-105.222354,27.983191],[-105.222009,27.982258],[-105.221652,27.981139],[-105.221895,27.981138],[-105.222021,27.981099],[-105.223554,27.980601],[-105.223563,27.980639],[-105.224355,27.982766],[-105.224466,27.983066],[-105.224191,27.983163],[-105.224131,27.983199],[-105.22316,27.98351],[-105.222548,27.983709]]]}},{"type":"Feature","properties":{"modulo":1,"idparcela":"223","productor":"RIOS RONQUILLO NESTOR","cultivo":"Nogal (Nuez)","superficie_fisica_ha":5.208,"superficie_riego_ha":5.208,"hectareas":5.859},"geometry":{"type":"Polygon","coordinates":[[[-105.221652,27.981139],[-105.221666,27.981139],[-105.22167,27.981151],[-105.221652,27.981139]],[[-105.220564,27.984234],[-105.220154,27.983024],[-105.220009,27.982594],[-105.219927,27.982349],[-105.219773,27.981892],[-105.220233,27.981708],[-105.221633,27.981147],[-105.221658,27.981157],[-105.222009,27.982258],[-105.222354,27.983191],[-105.222548,27.983709],[-105.221588,27.984045],[-105.221219,27.984185],[-105.220656,27.98436],[-105.220564,27.984234]]]}},{"type":"Feature","properties":{"modulo":1,"idparcela":"************","productor":null,"cultivo":"Sin Cultivo","superficie_fisica_ha":null,"superficie_riego_ha":null,"hectareas":3.094},"geometry":{"type":"Polygon","coordinates":[[[-105.219927,27.982349],[-105.219285,27.982525],[-105.218419,27.982762],[-105.218286,27.982268],[-105.218271,27.981699],[-105.21843,27.981253],[-105.218505,27.98077],[-105.218741,27.97998],[-105.218937,27.979647],[-105.218972,27.979744],[-105.219686,27.981742],[-105.219706,27.981776],[-105.219754,27.981858],[-105.219773,27.981892],[-105.219927,27.982349]]]}},{"type":"Feature","properties":{"modulo":1,"idparcela":"224","productor":"MARTINEZ NAVARRO LUIS","cultivo":"Nogal (Nuez)","superficie_fisica_ha":3.52,"superficie_riego_ha":3.52,"hectareas":6.2},"geometry":{"type":"Polygon","coordinates":[[[-105.220564,27.984234],[-105.220656,27.98436],[-105.220685,27.984421],[-105.220756,27.984575],[-105.220811,27.984752],[-105.22086,27.984953],[-105.221085,27.985592],[-105.22161,27.986889],[-105.221389,27.986951],[-105.22126,27.986983],[-105.22117,27.987014],[-105.219144,27.984447],[-105.21887,27.984139],[-105.218797,27.983972],[-105.218603,27.983642],[-105.218516,27.983171],[-105.218428,27.98286],[-105.218419,27.982762],[-105.219285,27.982525],[-105.219927,27.982349],[-105.220009,27.982594],[-105.220154,27.983024],[-105.220564,27.984234]]]}},{"type":"Feature","properties":{"modulo":1,"idparcela":"228","productor":"VALDEZ ARREGUIN RODOLFO","cultivo":"Cacahuate","superficie_fisica_ha":5.216,"superficie_riego_ha":5.216,"hectareas":5.539},"geometry":{"type":"Polygon","coordinates":[[[-105.222504,27.983844],[-105.222667,27.984262],[-105.222876,27.984801],[-105.222877,27.984802],[-105.223455,27.986288],[-105.223462,27.986307],[-105.22161,27.986889],[-105.221085,27.985592],[-105.22086,27.984953],[-105.220811,27.984752],[-105.220756,27.984575],[-105.220685,27.984421],[-105.221254,27.984254],[-105.222504,27.983844]]]}},{"type":"Feature","properties":{"modulo":1,"idparcela":"326","productor":"ARMENDARIZ ORTEGA MOICES","cultivo":"Ma­z","superficie_fisica_ha":17.9,"superficie_riego_ha":17.9,"hectareas":14.857},"geometry":{"type":"Polygon","coordinates":[[[-105.254806,27.961148],[-105.254778,27.957451],[-105.25479,27.957023],[-105.254799,27.955638],[-105.254801,27.955249],[-105.254771,27.954971],[-105.254782,27.954868],[-105.255683,27.955112],[-105.256581,27.955104],[-105.257317,27.955132],[-105.257318,27.955154],[-105.257239,27.960058],[-105.257116,27.960095],[-105.256732,27.960242],[-105.254806,27.961148]]]}},{"type":"Feature","properties":{"modulo":1,"idparcela":"327","productor":"DELGADO ORTEGA JOSE RAFAEL","cultivo":"Nogal (Nuez)","superficie_fisica_ha":16.3,"superficie_riego_ha":16.3,"hectareas":12.904},"geometry":{"type":"Polygon","coordinates":[[[-105.25967,27.955291],[-105.259671,27.955739],[-105.259599,27.957346],[-105.259636,27.960541],[-105.259667,27.961287],[-105.259431,27.961292],[-105.259313,27.96126],[-105.259184,27.961033],[-105.259183,27.96074],[-105.259183,27.960481],[-105.259036,27.960384],[-105.258908,27.960319],[-105.258596,27.959995],[-105.25834,27.959898],[-105.257846,27.959866],[-105.257499,27.959981],[-105.257239,27.960058],[-105.257318,27.955154],[-105.257317,27.955132],[-105.257445,27.955136],[-105.25967,27.955291]]]}},{"type":"Feature","properties":{"modulo":1,"idparcela":"326","productor":"ARMENDARIZ ORTEGA MOICES","cultivo":"Ma­z","superficie_fisica_ha":17.9,"superficie_riego_ha":17.9,"hectareas":2.517},"geometry":{"type":"Polygon","coordinates":[[[-105.254797,27.954711],[-105.254809,27.954573],[-105.254928,27.95451],[-105.255038,27.954428],[-105.255171,27.954308],[-105.255303,27.954103],[-105.255402,27.954074],[-105.255896,27.953985],[-105.257289,27.95381],[-105.257315,27.955023],[-105.257027,27.955005],[-105.25604,27.955015],[-105.255499,27.954937],[-105.255025,27.954827],[-105.254797,27.954711]]]}},{"type":"Feature","properties":{"modulo":1,"idparcela":"327","productor":"DELGADO ORTEGA JOSE RAFAEL","cultivo":"Nogal (Nuez)","superficie_fisica_ha":16.3,"superficie_riego_ha":16.3,"hectareas":3.761},"geometry":{"type":"Polygon","coordinates":[[[-105.257289,27.95381],[-105.257315,27.953806],[-105.258667,27.95357],[-105.259392,27.953422],[-105.259458,27.953552],[-105.259507,27.953618],[-105.259674,27.953687],[-105.259689,27.955151],[-105.259543,27.955144],[-105.258543,27.955064],[-105.25751,27.955035],[-105.257315,27.955023],[-105.257289,27.95381]]]}},{"type":"Feature","properties":{"modulo":1,"idparcela":"8513","productor":"BURROLA FLORES CARLOS","cultivo":"Nogal (Nuez)","superficie_fisica_ha":2.45,"superficie_riego_ha":2.45,"hectareas":2.465},"geometry":{"type":"Polygon","coordinates":[[[-105.179648,27.833162],[-105.178145,27.833428],[-105.178056,27.833229],[-105.178064,27.833182],[-105.178063,27.833143],[-105.178077,27.833109],[-105.178211,27.832652],[-105.178455,27.831513],[-105.178469,27.831453],[-105.178484,27.831435],[-105.178577,27.831449],[-105.17874,27.831456],[-105.178903,27.831455],[-105.179133,27.831446],[-105.179315,27.831439],[-105.179318,27.831446],[-105.179579,27.832843],[-105.179648,27.833162]]]}},{"type":"Feature","properties":{"modulo":1,"idparcela":"8513","productor":"BURROLA FLORES CARLOS","cultivo":"Nogal (Nuez)","superficie_fisica_ha":2.45,"superficie_riego_ha":2.45,"hectareas":0.142},"geometry":{"type":"Polygon","coordinates":[[[-105.178521,27.831392],[-105.178521,27.831391],[-105.178641,27.831338],[-105.178719,27.831338],[-105.178848,27.831291],[-105.178934,27.831222],[-105.178977,27.831115],[-105.179132,27.830993],[-105.179295,27.83139],[-105.179196,27.831397],[-105.178866,27.831404],[-105.178683,27.831407],[-105.178578,27.831403],[-105.178524,27.831393],[-105.178521,27.831392]]]}},{"type":"Feature","properties":{"modulo":1,"idparcela":"16","productor":"PORTILLO GRAJEDA FELIPE","cultivo":"Nogal (Nuez)","superficie_fisica_ha":2.5172,"superficie_riego_ha":2.5172,"hectareas":0.122},"geometry":{"type":"Polygon","coordinates":[[[-105.18358,27.81145],[-105.183466,27.811488],[-105.183243,27.811525],[-105.183084,27.81155],[-105.182941,27.811545],[-105.182943,27.811259],[-105.182946,27.811135],[-105.18297,27.811144],[-105.183084,27.811256],[-105.183288,27.811386],[-105.183449,27.811442],[-105.18348,27.811441],[-105.183569,27.811444],[-105.18358,27.81145]]]}},{"type":"Feature","properties":{"modulo":1,"idparcela":"16","productor":"PORTILLO GRAJEDA FELIPE","cultivo":"Nogal (Nuez)","superficie_fisica_ha":2.5172,"superficie_riego_ha":2.5172,"hectareas":3.169},"geometry":{"type":"Polygon","coordinates":[[[-105.185813,27.810375],[-105.185692,27.810585],[-105.185619,27.810751],[-105.18558,27.810829],[-105.185516,27.810874],[-105.185523,27.810979],[-105.185493,27.811103],[-105.18533,27.811174],[-105.185158,27.811219],[-105.184959,27.811237],[-105.18474,27.811279],[-105.184499,27.81134],[-105.184328,27.811361],[-105.184129,27.811389],[-105.183876,27.811403],[-105.183659,27.811425],[-105.183525,27.811412],[-105.183462,27.811406],[-105.183318,27.811355],[-105.183226,27.811306],[-105.183104,27.811225],[-105.183004,27.81113],[-105.182983,27.811105],[-105.182947,27.8111],[-105.18295,27.810992],[-105.182999,27.810711],[-105.183023,27.810516],[-105.183047,27.810292],[-105.183063,27.810155],[-105.183127,27.810033],[-105.185813,27.810375]]]}},{"type":"Feature","properties":{"modulo":1,"idparcela":"************","productor":null,"cultivo":"Sin Cultivo","superficie_fisica_ha":null,"superficie_riego_ha":null,"hectareas":3.139},"geometry":{"type":"Polygon","coordinates":[[[-105.179893,27.80471],[-105.179675,27.802579],[-105.179682,27.802508],[-105.181185,27.802645],[-105.181221,27.803278],[-105.181207,27.803515],[-105.181121,27.804184],[-105.18099,27.804653],[-105.179893,27.80471]]]}},{"type":"Feature","properties":{"modulo":1,"idparcela":"************","productor":null,"cultivo":"Sin Cultivo","superficie_fisica_ha":null,"superficie_riego_ha":null,"hectareas":2.694},"geometry":{"type":"Polygon","coordinates":[[[-105.179683,27.802431],[-105.179633,27.801619],[-105.179617,27.801551],[-105.17958,27.801461],[-105.179575,27.801352],[-105.179575,27.801165],[-105.179596,27.801012],[-105.179607,27.800956],[-105.179622,27.800927],[-105.179628,27.800896],[-105.179634,27.80086],[-105.179638,27.800763],[-105.180183,27.800688],[-105.180808,27.800673],[-105.180889,27.800997],[-105.181053,27.801735],[-105.181175,27.802565],[-105.179683,27.802431]]]}},{"type":"Feature","properties":{"modulo":1,"idparcela":"************","productor":null,"cultivo":"Sin Cultivo","superficie_fisica_ha":null,"superficie_riego_ha":null,"hectareas":2.358},"geometry":{"type":"Polygon","coordinates":[[[-105.182357,27.755589],[-105.182416,27.757404],[-105.182235,27.757444],[-105.181293,27.7575],[-105.18138,27.756834],[-105.181132,27.756479],[-105.181225,27.755562],[-105.181813,27.755553],[-105.182299,27.755572],[-105.182357,27.755589]]]}},{"type":"Feature","properties":{"modulo":1,"idparcela":"************","productor":null,"cultivo":"Sin Cultivo","superficie_fisica_ha":null,"superficie_riego_ha":null,"hectareas":0.944},"geometry":{"type":"Polygon","coordinates":[[[-105.182168,27.754418],[-105.182318,27.754393],[-105.182355,27.755524],[-105.182297,27.755521],[-105.181822,27.755498],[-105.181231,27.755505],[-105.181266,27.755165],[-105.181293,27.755008],[-105.181405,27.754941],[-105.181808,27.754727],[-105.182168,27.754418]]]}},{"type":"Feature","properties":{"modulo":1,"idparcela":"22","productor":"OCON PULIDO MARIO","cultivo":"Sin Cultivo","superficie_fisica_ha":1.77,"superficie_riego_ha":1.77,"hectareas":0.237},"geometry":{"type":"Polygon","coordinates":[[[-105.182805,27.814387],[-105.182589,27.813835],[-105.182889,27.813689],[-105.183161,27.813592],[-105.183247,27.813562],[-105.182805,27.814387]]]}},{"type":"Feature","properties":{"modulo":1,"idparcela":"22","productor":"OCON PULIDO MARIO","cultivo":"Sin Cultivo","superficie_fisica_ha":1.77,"superficie_riego_ha":1.77,"hectareas":0.5},"geometry":{"type":"Polygon","coordinates":[[[-105.183728,27.814372],[-105.182878,27.814576],[-105.18285,27.814504],[-105.183374,27.813531],[-105.183447,27.813531],[-105.183529,27.813615],[-105.183529,27.813785],[-105.183598,27.814064],[-105.183694,27.814209],[-105.183728,27.814372]]]}},{"type":"Feature","properties":{"modulo":1,"idparcela":"439","productor":"LOPEZ FLORES RUBEN","cultivo":"Ma­z","superficie_fisica_ha":9.4,"superficie_riego_ha":9.4,"hectareas":16.247},"geometry":{"type":"Polygon","coordinates":[[[-105.290482,27.984548],[-105.290456,27.983832],[-105.290457,27.983784],[-105.294572,27.983775],[-105.29633,27.986799],[-105.294043,27.986813],[-105.29061,27.986833],[-105.290482,27.984548]]]}}]}